snapshot_utc,service_date,ferry_route_id,crossing,departure_id,depart,arrival,available_cars,available_pax,max_pax,ferry,css_class,is_dangerous_goods
2026-08-31T22:43:21Z,2026-09-01,411,Kragenæs > Femø,3769519,2026-09-01T06:05:00,2026-09-01T07:00:00,8,91,95,M/F Askø,crossing-normal,False
2026-08-31T22:43:21Z,2026-09-01,411,Kragenæs > Femø,3748199,2026-09-01T11:50:00,2026-09-01T12:45:00,0,88,98,M/F Femøsund,crossing-almost-fully-booked,False
2026-08-31T22:43:21Z,2026-09-01,411,Kragenæs > Femø,3748278,2026-09-01T14:05:00,2026-09-01T15:00:00,6,88,98,M/F Femøsund,crossing-normal,False
2026-08-31T22:43:21Z,2026-09-01,411,Kragenæs > Femø,3748357,2026-09-01T16:20:00,2026-09-01T17:15:00,5,90,98,M/F Femøsund,crossing-normal,False
2026-08-31T22:43:21Z,2026-09-01,411,Kragenæs > Femø,3748436,2026-09-01T18:40:00,2026-09-01T19:35:00,14,97,98,M/F Femøsund,crossing-normal,False
2026-08-31T22:43:21Z,2026-09-01,411,Kragenæs > Femø,3748515,2026-09-01T22:00:00,2026-09-01T22:55:00,15,98,98,M/F Femøsund,crossing-normal,False
2026-08-31T22:43:21Z,2026-09-01,411,Femø > Kragenæs,3769520,2026-09-01T06:00:00,2026-09-01T06:55:00,9,92,98,M/F Femøsund,crossing-normal,False
2026-08-31T22:43:21Z,2026-09-01,411,Femø > Kragenæs,3769522,2026-09-01T07:15:00,2026-09-01T08:10:00,9,88,95,M/F Askø,crossing-normal,False
2026-08-31T22:43:21Z,2026-09-01,411,Femø > Kragenæs,3747725,2026-09-01T12:55:00,2026-09-01T13:50:00,10,93,98,M/F Femøsund,crossing-normal,False
2026-08-31T22:43:21Z,2026-09-01,411,Femø > Kragenæs,3747804,2026-09-01T15:10:00,2026-09-01T16:05:00,2,94,98,M/F Femøsund,crossing-normal,False
2026-08-31T22:43:21Z,2026-09-01,411,Femø > Kragenæs,3747883,2026-09-01T17:30:00,2026-09-01T18:25:00,13,95,98,M/F Femøsund,crossing-normal,False
2026-08-31T22:43:21Z,2026-09-01,411,Femø > Kragenæs,3747962,2026-09-01T20:45:00,2026-09-01T21:40:00,15,98,98,M/F Femøsund,crossing-normal,False
2026-08-31T22:43:21Z,2026-09-01,413,Kragenæs > Askø,3769524,2026-09-01T08:25:00,2026-09-01T09:05:00,5,87,95,M/F Askø,crossing-normal,False
2026-08-31T22:43:21Z,2026-09-01,413,Kragenæs > Askø,3753120,2026-09-01T11:10:00,2026-09-01T11:50:00,11,90,95,M/F Askø,crossing-normal,False
2026-08-31T22:43:21Z,2026-09-01,413,Kragenæs > Askø,3753183,2026-09-01T13:35:00,2026-09-01T14:15:00,8,92,95,M/F Askø,crossing-normal,False
2026-08-31T22:43:21Z,2026-09-01,413,Kragenæs > Askø,3753246,2026-09-01T15:55:00,2026-09-01T16:35:00,13,95,95,M/F Askø,crossing-normal,False
2026-08-31T22:43:21Z,2026-09-01,413,Kragenæs > Askø,3753309,2026-09-01T18:15:00,2026-09-01T18:55:00,13,95,95,M/F Askø,crossing-normal,False
2026-08-31T22:43:21Z,2026-09-01,413,Kragenæs > Askø,3753372,2026-09-01T21:20:00,2026-09-01T22:00:00,13,95,95,M/F Askø,crossing-normal,False
2026-08-31T22:43:21Z,2026-09-01,413,Askø > Kragenæs,3769525,2026-09-01T09:30:00,2026-09-01T10:10:00,7,91,95,M/F Askø,crossing-normal,False
2026-08-31T22:43:21Z,2026-09-01,413,Askø > Kragenæs,3753561,2026-09-01T12:35:00,2026-09-01T13:15:00,8,90,95,M/F Askø,crossing-normal,False
2026-08-31T22:43:21Z,2026-09-01,413,Askø > Kragenæs,3753624,2026-09-01T14:55:00,2026-09-01T15:35:00,8,91,95,M/F Askø,crossing-normal,False
2026-08-31T22:43:21Z,2026-09-01,413,Askø > Kragenæs,3753687,2026-09-01T16:40:00,2026-09-01T17:20:00,12,94,95,M/F Askø,crossing-normal,False
2026-08-31T22:43:21Z,2026-09-01,413,Askø > Kragenæs,3753750,2026-09-01T19:10:00,2026-09-01T19:50:00,13,93,95,M/F Askø,crossing-normal,False
2026-08-31T22:43:21Z,2026-09-01,413,Askø > Kragenæs,3753813,2026-09-01T22:05:00,2026-09-01T22:45:00,13,95,95,M/F Askø,crossing-normal,False
2026-08-31T22:43:21Z,2026-09-01,414,Kragenæs > Fejø,3760973,2026-09-01T05:05:00,2026-09-01T05:25:00,7,91,95,M/F Askø,crossing-normal,False
2026-08-31T22:43:21Z,2026-09-01,414,Kragenæs > Fejø,3761047,2026-09-01T07:10:00,2026-09-01T07:30:00,10,85,98,M/F Femøsund,crossing-normal,False
2026-08-31T22:43:21Z,2026-09-01,414,Kragenæs > Fejø,3761084,2026-09-01T08:00:00,2026-09-01T08:20:00,12,95,98,M/F Femøsund,crossing-normal,False
2026-08-31T22:43:21Z,2026-09-01,414,Kragenæs > Fejø,3761121,2026-09-01T09:00:00,2026-09-01T09:20:00,11,88,98,M/F Femøsund,crossing-normal,False
2026-08-31T22:43:21Z,2026-09-01,414,Kragenæs > Fejø,3769434,2026-09-01T10:05:00,2026-09-01T10:25:00,0,85,98,M/F Femøsund,crossing-almost-fully-booked,False
2026-08-31T22:43:21Z,2026-09-01,414,Kragenæs > Fejø,3752032,2026-09-01T12:00:00,2026-09-01T12:20:00,17,92,98,M/F Christine,crossing-normal,False
2026-08-31T22:43:21Z,2026-09-01,414,Kragenæs > Fejø,3752112,2026-09-01T12:50:00,2026-09-01T13:10:00,23,97,98,M/F Christine,crossing-normal,False
2026-08-31T22:43:21Z,2026-09-01,414,Kragenæs > Fejø,3752192,2026-09-01T13:50:00,2026-09-01T14:10:00,20,91,98,M/F Christine,crossing-normal,False
2026-08-31T22:43:21Z,2026-09-01,414,Kragenæs > Fejø,3752272,2026-09-01T14:50:00,2026-09-01T15:10:00,19,93,98,M/F Christine,crossing-normal,False
2026-08-31T22:43:21Z,2026-09-01,414,Kragenæs > Fejø,3752352,2026-09-01T15:50:00,2026-09-01T16:10:00,19,92,98,M/F Christine,crossing-normal,False
2026-08-31T22:43:21Z,2026-09-01,414,Kragenæs > Fejø,3752432,2026-09-01T16:30:00,2026-09-01T16:50:00,22,94,98,M/F Christine,crossing-normal,False
2026-08-31T22:43:21Z,2026-09-01,414,Kragenæs > Fejø,3752512,2026-09-01T17:10:00,2026-09-01T17:30:00,22,96,98,M/F Christine,crossing-normal,False
2026-08-31T22:43:21Z,2026-09-01,414,Kragenæs > Fejø,3752592,2026-09-01T17:50:00,2026-09-01T18:10:00,20,94,98,M/F Christine,crossing-normal,False
2026-08-31T22:43:21Z,2026-09-01,414,Kragenæs > Fejø,3752672,2026-09-01T19:20:00,2026-09-01T19:40:00,23,97,98,M/F Christine,crossing-normal,False
2026-08-31T22:43:21Z,2026-09-01,414,Kragenæs > Fejø,3752752,2026-09-01T20:10:00,2026-09-01T20:30:00,21,94,98,M/F Christine,crossing-normal,False
2026-08-31T22:43:21Z,2026-09-01,414,Kragenæs > Fejø,3752832,2026-09-01T20:50:00,2026-09-01T21:10:00,22,95,98,M/F Christine,crossing-normal,False
2026-08-31T22:43:21Z,2026-09-01,414,Kragenæs > Fejø,3752930,2026-09-01T22:05:00,2026-09-01T22:25:00,21,95,98,M/F Christine,crossing-normal,False
2026-08-31T22:43:21Z,2026-09-01,414,Fejø > Kragenæs,3760191,2026-09-01T05:30:00,2026-09-01T05:50:00,2,82,95,M/F Askø,crossing-normal,False
2026-08-31T22:43:21Z,2026-09-01,414,Fejø > Kragenæs,3770321,2026-09-01T07:35:00,2026-09-01T07:55:00,5,80,98,M/F Femøsund,crossing-normal,False
2026-08-31T22:43:21Z,2026-09-01,414,Fejø > Kragenæs,3760302,2026-09-01T08:25:00,2026-09-01T08:45:00,3,91,98,M/F Femøsund,crossing-normal,False
2026-08-31T22:43:21Z,2026-09-01,414,Fejø > Kragenæs,3760339,2026-09-01T09:25:00,2026-09-01T09:45:00,10,89,98,M/F Femøsund,crossing-normal,False
2026-08-31T22:43:21Z,2026-09-01,414,Fejø > Kragenæs,3769416,2026-09-01T10:25:00,2026-09-01T10:45:00,12,95,98,M/F Femøsund,crossing-normal,False
2026-08-31T22:43:21Z,2026-09-01,414,Fejø > Kragenæs,3750432,2026-09-01T12:20:00,2026-09-01T12:40:00,14,87,98,M/F Christine,crossing-normal,False
2026-08-31T22:43:21Z,2026-09-01,414,Fejø > Kragenæs,3750496,2026-09-01T13:10:00,2026-09-01T13:30:00,13,89,98,M/F Christine,crossing-normal,False
2026-08-31T22:43:21Z,2026-09-01,414,Fejø > Kragenæs,3750560,2026-09-01T14:10:00,2026-09-01T14:30:00,22,91,98,M/F Christine,crossing-normal,False
2026-08-31T22:43:21Z,2026-09-01,414,Fejø > Kragenæs,3750624,2026-09-01T15:10:00,2026-09-01T15:30:00,19,84,98,M/F Christine,crossing-normal,False
2026-08-31T22:43:21Z,2026-09-01,414,Fejø > Kragenæs,3750688,2026-09-01T16:10:00,2026-09-01T16:30:00,20,92,98,M/F Christine,crossing-normal,False
2026-08-31T22:43:21Z,2026-09-01,414,Fejø > Kragenæs,3750752,2026-09-01T16:50:00,2026-09-01T17:10:00,23,95,98,M/F Christine,crossing-normal,False
2026-08-31T22:43:21Z,2026-09-01,414,Fejø > Kragenæs,3750816,2026-09-01T17:30:00,2026-09-01T17:50:00,23,97,98,M/F Christine,crossing-normal,False
2026-08-31T22:43:21Z,2026-09-01,414,Fejø > Kragenæs,3750880,2026-09-01T18:20:00,2026-09-01T18:40:00,24,98,98,M/F Christine,crossing-normal,False
2026-08-31T22:43:21Z,2026-09-01,414,Fejø > Kragenæs,3750944,2026-09-01T19:45:00,2026-09-01T20:05:00,24,98,98,M/F Christine,crossing-normal,False
2026-08-31T22:43:21Z,2026-09-01,414,Fejø > Kragenæs,3751008,2026-09-01T20:30:00,2026-09-01T20:50:00,21,96,98,M/F Christine,crossing-normal,False
2026-08-31T22:43:21Z,2026-09-01,414,Fejø > Kragenæs,3751073,2026-09-01T21:45:00,2026-09-01T22:05:00,21,95,98,M/F Christine,crossing-normal,False
2026-08-31T22:43:21Z,2026-09-02,411,Kragenæs > Femø,3748042,2026-09-02T07:05:00,2026-09-02T08:00:00,8,93,98,M/F Femøsund,crossing-normal,False
2026-08-31T22:43:21Z,2026-09-02,411,Kragenæs > Femø,3748121,2026-09-02T09:25:00,2026-09-02T10:20:00,8,97,98,M/F Femøsund,crossing-normal,False
2026-08-31T22:43:21Z,2026-09-02,411,Kragenæs > Femø,3748200,2026-09-02T11:50:00,2026-09-02T12:45:00,12,88,98,M/F Femøsund,crossing-normal,False
2026-08-31T22:43:21Z,2026-09-02,411,Kragenæs > Femø,3748279,2026-09-02T14:05:00,2026-09-02T15:00:00,15,98,98,M/F Femøsund,crossing-normal,False
2026-08-31T22:43:21Z,2026-09-02,411,Kragenæs > Femø,3748358,2026-09-02T16:20:00,2026-09-02T17:15:00,11,93,98,M/F Femøsund,crossing-normal,False
2026-08-31T22:43:21Z,2026-09-02,411,Kragenæs > Femø,3748437,2026-09-02T18:40:00,2026-09-02T19:35:00,12,93,98,M/F Femøsund,crossing-normal,False
2026-08-31T22:43:21Z,2026-09-02,411,Kragenæs > Femø,3748516,2026-09-02T22:00:00,2026-09-02T22:55:00,0,72,98,M/F Femøsund,crossing-almost-fully-booked,False
2026-08-31T22:43:21Z,2026-09-02,411,Femø > Kragenæs,3747489,2026-09-02T06:00:00,2026-09-02T06:55:00,12,93,98,M/F Femøsund,crossing-normal,False
2026-08-31T22:43:21Z,2026-09-02,411,Femø > Kragenæs,3747568,2026-09-02T08:15:00,2026-09-02T09:10:00,10,93,98,M/F Femøsund,crossing-normal,False
2026-08-31T22:43:21Z,2026-09-02,411,Femø > Kragenæs,3747647,2026-09-02T10:30:00,2026-09-02T11:25:00,4,86,98,M/F Femøsund,crossing-normal,False
2026-08-31T22:43:21Z,2026-09-02,411,Femø > Kragenæs,3747726,2026-09-02T12:55:00,2026-09-02T13:50:00,5,92,98,M/F Femøsund,crossing-normal,False
2026-08-31T22:43:21Z,2026-09-02,411,Femø > Kragenæs,3747805,2026-09-02T15:10:00,2026-09-02T16:05:00,2,77,98,M/F Femøsund,crossing-normal,False
2026-08-31T22:43:21Z,2026-09-02,411,Femø > Kragenæs,3747884,2026-09-02T17:30:00,2026-09-02T18:25:00,14,96,98,M/F Femøsund,crossing-normal,False
2026-08-31T22:43:21Z,2026-09-02,411,Femø > Kragenæs,3747963,2026-09-02T20:45:00,2026-09-02T21:40:00,15,98,98,M/F Femøsund,crossing-normal,False
2026-08-31T22:43:21Z,2026-09-02,413,Kragenæs > Askø,3752995,2026-09-02T06:40:00,2026-09-02T07:20:00,1,90,95,M/F Askø,crossing-almost-fully-booked,False
2026-08-31T22:43:21Z,2026-09-02,413,Kragenæs > Askø,3753058,2026-09-02T08:55:00,2026-09-02T09:35:00,10,91,95,M/F Askø,crossing-normal,False
2026-08-31T22:43:21Z,2026-09-02,413,Kragenæs > Askø,3753121,2026-09-02T11:10:00,2026-09-02T11:50:00,11,92,95,M/F Askø,crossing-normal,False
2026-08-31T22:43:21Z,2026-09-02,413,Kragenæs > Askø,3753184,2026-09-02T13:35:00,2026-09-02T14:15:00,13,95,95,M/F Askø,crossing-normal,False
2026-08-31T22:43:21Z,2026-09-02,413,Kragenæs > Askø,3753247,2026-09-02T15:55:00,2026-09-02T16:35:00,11,92,95,M/F Askø,crossing-normal,False
2026-08-31T22:43:21Z,2026-09-02,413,Kragenæs > Askø,3753310,2026-09-02T18:15:00,2026-09-02T18:55:00,13,95,95,M/F Askø,crossing-normal,False
2026-08-31T22:43:21Z,2026-09-02,413,Kragenæs > Askø,3753373,2026-09-02T21:20:00,2026-09-02T22:00:00,6,83,95,M/F Askø,crossing-normal,False
2026-08-31T22:43:21Z,2026-09-02,413,Askø > Kragenæs,3753436,2026-09-02T07:30:00,2026-09-02T08:10:00,12,93,95,M/F Askø,crossing-normal,False
2026-08-31T22:43:21Z,2026-09-02,413,Askø > Kragenæs,3753499,2026-09-02T10:05:00,2026-09-02T10:45:00,4,83,95,M/F Askø,crossing-normal,False
2026-08-31T22:43:21Z,2026-09-02,413,Askø > Kragenæs,3753562,2026-09-02T12:35:00,2026-09-02T13:15:00,8,88,95,M/F Askø,crossing-normal,False
2026-08-31T22:43:21Z,2026-09-02,413,Askø > Kragenæs,3753625,2026-09-02T14:55:00,2026-09-02T15:35:00,8,86,95,M/F Askø,crossing-normal,False
2026-08-31T22:43:21Z,2026-09-02,413,Askø > Kragenæs,3753688,2026-09-02T16:40:00,2026-09-02T17:20:00,5,92,95,M/F Askø,crossing-normal,False
2026-08-31T22:43:21Z,2026-09-02,413,Askø > Kragenæs,3753751,2026-09-02T19:10:00,2026-09-02T19:50:00,13,95,95,M/F Askø,crossing-normal,False
2026-08-31T22:43:21Z,2026-09-02,413,Askø > Kragenæs,3753814,2026-09-02T22:05:00,2026-09-02T22:45:00,13,95,95,M/F Askø,crossing-normal,False
2026-08-31T22:43:21Z,2026-09-02,414,Kragenæs > Fejø,3751473,2026-09-02T05:45:00,2026-09-02T06:05:00,24,95,98,M/F Christine,crossing-normal,False
2026-08-31T22:43:21Z,2026-09-02,414,Kragenæs > Fejø,3751553,2026-09-02T06:25:00,2026-09-02T06:45:00,22,97,98,M/F Christine,crossing-normal,False
2026-08-31T22:43:21Z,2026-09-02,414,Kragenæs > Fejø,3751633,2026-09-02T07:10:00,2026-09-02T07:30:00,22,95,98,M/F Christine,crossing-normal,False
2026-08-31T22:43:21Z,2026-09-02,414,Kragenæs > Fejø,3751713,2026-09-02T07:55:00,2026-09-02T08:15:00,19,96,98,M/F Christine,crossing-normal,False
2026-08-31T22:43:21Z,2026-09-02,414,Kragenæs > Fejø,3751793,2026-09-02T09:00:00,2026-09-02T09:20:00,24,98,98,M/F Christine,crossing-normal,False
2026-08-31T22:43:21Z,2026-09-02,414,Kragenæs > Fejø,3751873,2026-09-02T09:50:00,2026-09-02T10:10:00,22,97,98,M/F Christine,crossing-normal,False
2026-08-31T22:43:21Z,2026-09-02,414,Kragenæs > Fejø,3751953,2026-09-02T10:45:00,2026-09-02T11:05:00,24,98,98,M/F Christine,crossing-normal,False
2026-08-31T22:43:21Z,2026-09-02,414,Kragenæs > Fejø,3752033,2026-09-02T12:00:00,2026-09-02T12:20:00,21,88,98,M/F Christine,crossing-normal,False
2026-08-31T22:43:21Z,2026-09-02,414,Kragenæs > Fejø,3752113,2026-09-02T12:50:00,2026-09-02T13:10:00,24,98,98,M/F Christine,crossing-normal,False
2026-08-31T22:43:21Z,2026-09-02,414,Kragenæs > Fejø,3752193,2026-09-02T13:50:00,2026-09-02T14:10:00,22,94,98,M/F Christine,crossing-normal,False
2026-08-31T22:43:21Z,2026-09-02,414,Kragenæs > Fejø,3752273,2026-09-02T14:50:00,2026-09-02T15:10:00,22,95,98,M/F Christine,crossing-normal,False
2026-08-31T22:43:21Z,2026-09-02,414,Kragenæs > Fejø,3752353,2026-09-02T15:50:00,2026-09-02T16:10:00,23,97,98,M/F Christine,crossing-normal,False
2026-08-31T22:43:21Z,2026-09-02,414,Kragenæs > Fejø,3752433,2026-09-02T16:30:00,2026-09-02T16:50:00,22,93,98,M/F Christine,crossing-normal,False
2026-08-31T22:43:21Z,2026-09-02,414,Kragenæs > Fejø,3752513,2026-09-02T17:10:00,2026-09-02T17:30:00,24,98,98,M/F Christine,crossing-normal,False
2026-08-31T22:43:21Z,2026-09-02,414,Kragenæs > Fejø,3752593,2026-09-02T17:50:00,2026-09-02T18:10:00,22,92,98,M/F Christine,crossing-normal,False
2026-08-31T22:43:21Z,2026-09-02,414,Kragenæs > Fejø,3752673,2026-09-02T19:20:00,2026-09-02T19:40:00,21,89,98,M/F Christine,crossing-normal,False
2026-08-31T22:43:21Z,2026-09-02,414,Kragenæs > Fejø,3752753,2026-09-02T20:10:00,2026-09-02T20:30:00,19,88,98,M/F Christine,crossing-normal,False
2026-08-31T22:43:21Z,2026-09-02,414,Kragenæs > Fejø,3752833,2026-09-02T20:50:00,2026-09-02T21:10:00,24,98,98,M/F Christine,crossing-normal,False
2026-08-31T22:43:21Z,2026-09-02,414,Kragenæs > Fejø,3752931,2026-09-02T22:05:00,2026-09-02T22:25:00,23,97,98,M/F Christine,crossing-normal,False
2026-08-31T22:43:21Z,2026-09-02,414,Fejø > Kragenæs,3749921,2026-09-02T05:25:00,2026-09-02T05:45:00,22,94,98,M/F Christine,crossing-normal,False
2026-08-31T22:43:21Z,2026-09-02,414,Fejø > Kragenæs,3749985,2026-09-02T06:05:00,2026-09-02T06:25:00,20,94,98,M/F Christine,crossing-normal,False
2026-08-31T22:43:21Z,2026-09-02,414,Fejø > Kragenæs,3750049,2026-09-02T06:45:00,2026-09-02T07:05:00,20,92,98,M/F Christine,crossing-normal,False
2026-08-31T22:43:21Z,2026-09-02,414,Fejø > Kragenæs,3750113,2026-09-02T07:30:00,2026-09-02T07:50:00,23,96,98,M/F Christine,crossing-normal,False
2026-08-31T22:43:21Z,2026-09-02,414,Fejø > Kragenæs,3750177,2026-09-02T08:35:00,2026-09-02T08:55:00,19,96,98,M/F Christine,crossing-normal,False
2026-08-31T22:43:21Z,2026-09-02,414,Fejø > Kragenæs,3750241,2026-09-02T09:20:00,2026-09-02T09:40:00,21,90,98,M/F Christine,crossing-normal,False
2026-08-31T22:43:21Z,2026-09-02,414,Fejø > Kragenæs,3750305,2026-09-02T10:10:00,2026-09-02T10:30:00,21,92,98,M/F Christine,crossing-normal,False
2026-08-31T22:43:21Z,2026-09-02,414,Fejø > Kragenæs,3750369,2026-09-02T11:10:00,2026-09-02T11:30:00,24,98,98,M/F Christine,crossing-normal,False
2026-08-31T22:43:21Z,2026-09-02,414,Fejø > Kragenæs,3750433,2026-09-02T12:20:00,2026-09-02T12:40:00,20,93,98,M/F Christine,crossing-normal,False
2026-08-31T22:43:21Z,2026-09-02,414,Fejø > Kragenæs,3750497,2026-09-02T13:10:00,2026-09-02T13:30:00,23,96,98,M/F Christine,crossing-normal,False
2026-08-31T22:43:21Z,2026-09-02,414,Fejø > Kragenæs,3750561,2026-09-02T14:10:00,2026-09-02T14:30:00,23,94,98,M/F Christine,crossing-normal,False
2026-08-31T22:43:21Z,2026-09-02,414,Fejø > Kragenæs,3750625,2026-09-02T15:10:00,2026-09-02T15:30:00,23,96,98,M/F Christine,crossing-normal,False
2026-08-31T22:43:21Z,2026-09-02,414,Fejø > Kragenæs,3750689,2026-09-02T16:10:00,2026-09-02T16:30:00,16,77,98,M/F Christine,crossing-normal,False
2026-08-31T22:43:21Z,2026-09-02,414,Fejø > Kragenæs,3750753,2026-09-02T16:50:00,2026-09-02T17:10:00,24,98,98,M/F Christine,crossing-normal,False
2026-08-31T22:43:21Z,2026-09-02,414,Fejø > Kragenæs,3750817,2026-09-02T17:30:00,2026-09-02T17:50:00,24,98,98,M/F Christine,crossing-normal,False
2026-08-31T22:43:21Z,2026-09-02,414,Fejø > Kragenæs,3750881,2026-09-02T18:20:00,2026-09-02T18:40:00,24,98,98,M/F Christine,crossing-normal,False
2026-08-31T22:43:21Z,2026-09-02,414,Fejø > Kragenæs,3750945,2026-09-02T19:45:00,2026-09-02T20:05:00,24,98,98,M/F Christine,crossing-normal,False
2026-08-31T22:43:21Z,2026-09-02,414,Fejø > Kragenæs,3751009,2026-09-02T20:30:00,2026-09-02T20:50:00,24,97,98,M/F Christine,crossing-normal,False
2026-08-31T22:43:21Z,2026-09-02,414,Fejø > Kragenæs,3751074,2026-09-02T21:45:00,2026-09-02T22:05:00,23,97,98,M/F Christine,crossing-normal,False
2026-08-31T22:43:21Z,2026-09-03,411,Kragenæs > Femø,3748043,2026-09-03T07:05:00,2026-09-03T08:00:00,2,93,98,M/F Femøsund,crossing-normal,False
2026-08-31T22:43:21Z,2026-09-03,411,Kragenæs > Femø,3748122,2026-09-03T09:25:00,2026-09-03T10:20:00,8,97,98,M/F Femøsund,crossing-normal,False
2026-08-31T22:43:21Z,2026-09-03,411,Kragenæs > Femø,3748201,2026-09-03T11:50:00,2026-09-03T12:45:00,14,95,98,M/F Femøsund,crossing-normal,False
2026-08-31T22:43:21Z,2026-09-03,411,Kragenæs > Femø,3748280,2026-09-03T14:05:00,2026-09-03T15:00:00,5,84,98,M/F Femøsund,crossing-normal,False
2026-08-31T22:43:21Z,2026-09-03,411,Kragenæs > Femø,3748359,2026-09-03T16:20:00,2026-09-03T17:15:00,13,95,98,M/F Femøsund,crossing-normal,False
2026-08-31T22:43:21Z,2026-09-03,411,Kragenæs > Femø,3748438,2026-09-03T18:40:00,2026-09-03T19:35:00,14,96,98,M/F Femøsund,crossing-normal,False
2026-08-31T22:43:21Z,2026-09-03,411,Kragenæs > Femø,3748517,2026-09-03T22:00:00,2026-09-03T22:55:00,13,95,98,M/F Femøsund,crossing-normal,False
2026-08-31T22:43:21Z,2026-09-03,411,Femø > Kragenæs,3747490,2026-09-03T06:00:00,2026-09-03T06:55:00,12,94,98,M/F Femøsund,crossing-normal,False
2026-08-31T22:43:21Z,2026-09-03,411,Femø > Kragenæs,3747569,2026-09-03T08:15:00,2026-09-03T09:10:00,11,94,98,M/F Femøsund,crossing-normal,False
2026-08-31T22:43:21Z,2026-09-03,411,Femø > Kragenæs,3747648,2026-09-03T10:30:00,2026-09-03T11:25:00,4,94,98,M/F Femøsund,crossing-normal,False
2026-08-31T22:43:21Z,2026-09-03,411,Femø > Kragenæs,3747727,2026-09-03T12:55:00,2026-09-03T13:50:00,4,94,98,M/F Femøsund,crossing-normal,False
2026-08-31T22:43:21Z,2026-09-03,411,Femø > Kragenæs,3747806,2026-09-03T15:10:00,2026-09-03T16:05:00,14,96,98,M/F Femøsund,crossing-normal,False
2026-08-31T22:43:21Z,2026-09-03,411,Femø > Kragenæs,3747885,2026-09-03T17:30:00,2026-09-03T18:25:00,13,96,98,M/F Femøsund,crossing-normal,False
2026-08-31T22:43:21Z,2026-09-03,411,Femø > Kragenæs,3747964,2026-09-03T20:45:00,2026-09-03T21:40:00,15,98,98,M/F Femøsund,crossing-normal,False
2026-08-31T22:43:21Z,2026-09-03,413,Kragenæs > Askø,3752996,2026-09-03T06:40:00,2026-09-03T07:20:00,13,95,95,M/F Askø,crossing-normal,False
2026-08-31T22:43:21Z,2026-09-03,413,Kragenæs > Askø,3753059,2026-09-03T08:55:00,2026-09-03T09:35:00,12,94,95,M/F Askø,crossing-normal,False
2026-08-31T22:43:21Z,2026-09-03,413,Kragenæs > Askø,3753122,2026-09-03T11:10:00,2026-09-03T11:50:00,13,95,95,M/F Askø,crossing-normal,False
2026-08-31T22:43:21Z,2026-09-03,413,Kragenæs > Askø,3753185,2026-09-03T13:35:00,2026-09-03T14:15:00,9,90,95,M/F Askø,crossing-normal,False
2026-08-31T22:43:21Z,2026-09-03,413,Kragenæs > Askø,3753248,2026-09-03T15:55:00,2026-09-03T16:35:00,13,95,95,M/F Askø,crossing-normal,False
2026-08-31T22:43:21Z,2026-09-03,413,Kragenæs > Askø,3753311,2026-09-03T18:15:00,2026-09-03T18:55:00,12,93,95,M/F Askø,crossing-normal,False
2026-08-31T22:43:21Z,2026-09-03,413,Kragenæs > Askø,3753374,2026-09-03T21:20:00,2026-09-03T22:00:00,12,93,95,M/F Askø,crossing-normal,False
2026-08-31T22:43:21Z,2026-09-03,413,Askø > Kragenæs,3753437,2026-09-03T07:30:00,2026-09-03T08:10:00,12,94,95,M/F Askø,crossing-normal,False
2026-08-31T22:43:21Z,2026-09-03,413,Askø > Kragenæs,3753500,2026-09-03T10:05:00,2026-09-03T10:45:00,10,92,95,M/F Askø,crossing-normal,False
2026-08-31T22:43:21Z,2026-09-03,413,Askø > Kragenæs,3753563,2026-09-03T12:35:00,2026-09-03T13:15:00,11,93,95,M/F Askø,crossing-normal,False
2026-08-31T22:43:21Z,2026-09-03,413,Askø > Kragenæs,3753626,2026-09-03T14:55:00,2026-09-03T15:35:00,11,89,95,M/F Askø,crossing-normal,False
2026-08-31T22:43:21Z,2026-09-03,413,Askø > Kragenæs,3753689,2026-09-03T16:40:00,2026-09-03T17:20:00,13,95,95,M/F Askø,crossing-normal,False
2026-08-31T22:43:21Z,2026-09-03,413,Askø > Kragenæs,3753752,2026-09-03T19:10:00,2026-09-03T19:50:00,13,95,95,M/F Askø,crossing-normal,False
2026-08-31T22:43:21Z,2026-09-03,413,Askø > Kragenæs,3753815,2026-09-03T22:05:00,2026-09-03T22:45:00,13,95,95,M/F Askø,crossing-normal,False
2026-08-31T22:43:21Z,2026-09-03,414,Kragenæs > Fejø,3751474,2026-09-03T05:45:00,2026-09-03T06:05:00,24,98,98,M/F Christine,crossing-normal,False
2026-08-31T22:43:21Z,2026-09-03,414,Kragenæs > Fejø,3751554,2026-09-03T06:25:00,2026-09-03T06:45:00,23,97,98,M/F Christine,crossing-normal,False
2026-08-31T22:43:21Z,2026-09-03,414,Kragenæs > Fejø,3751634,2026-09-03T07:10:00,2026-09-03T07:30:00,21,94,98,M/F Christine,crossing-normal,False
2026-08-31T22:43:21Z,2026-09-03,414,Kragenæs > Fejø,3751714,2026-09-03T07:55:00,2026-09-03T08:15:00,23,97,98,M/F Christine,crossing-normal,False
2026-08-31T22:43:21Z,2026-09-03,414,Kragenæs > Fejø,3751794,2026-09-03T09:00:00,2026-09-03T09:20:00,24,98,98,M/F Christine,crossing-normal,False
2026-08-31T22:43:21Z,2026-09-03,414,Kragenæs > Fejø,3751874,2026-09-03T09:50:00,2026-09-03T10:10:00,24,98,98,M/F Christine,crossing-normal,False
2026-08-31T22:43:21Z,2026-09-03,414,Kragenæs > Fejø,3751954,2026-09-03T10:45:00,2026-09-03T11:05:00,24,98,98,M/F Christine,crossing-normal,False
2026-08-31T22:43:21Z,2026-09-03,414,Kragenæs > Fejø,3752034,2026-09-03T12:00:00,2026-09-03T12:20:00,23,97,98,M/F Christine,crossing-normal,False
2026-08-31T22:43:21Z,2026-09-03,414,Kragenæs > Fejø,3752114,2026-09-03T12:50:00,2026-09-03T13:10:00,22,95,98,M/F Christine,crossing-normal,False
2026-08-31T22:43:21Z,2026-09-03,414,Kragenæs > Fejø,3752194,2026-09-03T13:50:00,2026-09-03T14:10:00,23,95,98,M/F Christine,crossing-normal,False
2026-08-31T22:43:21Z,2026-09-03,414,Kragenæs > Fejø,3752274,2026-09-03T14:50:00,2026-09-03T15:10:00,22,95,98,M/F Christine,crossing-normal,False
2026-08-31T22:43:21Z,2026-09-03,414,Kragenæs > Fejø,3752354,2026-09-03T15:50:00,2026-09-03T16:10:00,20,92,98,M/F Christine,crossing-normal,False
2026-08-31T22:43:21Z,2026-09-03,414,Kragenæs > Fejø,3752434,2026-09-03T16:30:00,2026-09-03T16:50:00,24,98,98,M/F Christine,crossing-normal,False
2026-08-31T22:43:21Z,2026-09-03,414,Kragenæs > Fejø,3752514,2026-09-03T17:10:00,2026-09-03T17:30:00,24,98,98,M/F Christine,crossing-normal,False
2026-08-31T22:43:21Z,2026-09-03,414,Kragenæs > Fejø,3752594,2026-09-03T17:50:00,2026-09-03T18:10:00,24,98,98,M/F Christine,crossing-normal,False
2026-08-31T22:43:21Z,2026-09-03,414,Kragenæs > Fejø,3752674,2026-09-03T19:20:00,2026-09-03T19:40:00,23,96,98,M/F Christine,crossing-normal,False
2026-08-31T22:43:21Z,2026-09-03,414,Kragenæs > Fejø,3752754,2026-09-03T20:10:00,2026-09-03T20:30:00,24,98,98,M/F Christine,crossing-normal,False
2026-08-31T22:43:21Z,2026-09-03,414,Kragenæs > Fejø,3752834,2026-09-03T20:50:00,2026-09-03T21:10:00,24,98,98,M/F Christine,crossing-normal,False
2026-08-31T22:43:21Z,2026-09-03,414,Kragenæs > Fejø,3752932,2026-09-03T22:05:00,2026-09-03T22:25:00,22,96,98,M/F Christine,crossing-normal,False
2026-08-31T22:43:21Z,2026-09-03,414,Fejø > Kragenæs,3749922,2026-09-03T05:25:00,2026-09-03T05:45:00,22,92,98,M/F Christine,crossing-normal,False
2026-08-31T22:43:21Z,2026-09-03,414,Fejø > Kragenæs,3749986,2026-09-03T06:05:00,2026-09-03T06:25:00,23,97,98,M/F Christine,crossing-normal,False
2026-08-31T22:43:21Z,2026-09-03,414,Fejø > Kragenæs,3750050,2026-09-03T06:45:00,2026-09-03T07:05:00,20,90,98,M/F Christine,crossing-normal,False
2026-08-31T22:43:21Z,2026-09-03,414,Fejø > Kragenæs,3750114,2026-09-03T07:30:00,2026-09-03T07:50:00,21,92,98,M/F Christine,crossing-normal,False
2026-08-31T22:43:21Z,2026-09-03,414,Fejø > Kragenæs,3750178,2026-09-03T08:35:00,2026-09-03T08:55:00,23,97,98,M/F Christine,crossing-normal,False
2026-08-31T22:43:21Z,2026-09-03,414,Fejø > Kragenæs,3750242,2026-09-03T09:20:00,2026-09-03T09:40:00,23,97,98,M/F Christine,crossing-normal,False
2026-08-31T22:43:21Z,2026-09-03,414,Fejø > Kragenæs,3750306,2026-09-03T10:10:00,2026-09-03T10:30:00,20,90,98,M/F Christine,crossing-normal,False
2026-08-31T22:43:21Z,2026-09-03,414,Fejø > Kragenæs,3750370,2026-09-03T11:10:00,2026-09-03T11:30:00,24,98,98,M/F Christine,crossing-normal,False
2026-08-31T22:43:21Z,2026-09-03,414,Fejø > Kragenæs,3750434,2026-09-03T12:20:00,2026-09-03T12:40:00,23,97,98,M/F Christine,crossing-normal,False
2026-08-31T22:43:21Z,2026-09-03,414,Fejø > Kragenæs,3750498,2026-09-03T13:10:00,2026-09-03T13:30:00,24,98,98,M/F Christine,crossing-normal,False
2026-08-31T22:43:21Z,2026-09-03,414,Fejø > Kragenæs,3750562,2026-09-03T14:10:00,2026-09-03T14:30:00,24,96,98,M/F Christine,crossing-normal,False
2026-08-31T22:43:21Z,2026-09-03,414,Fejø > Kragenæs,3750626,2026-09-03T15:10:00,2026-09-03T15:30:00,20,93,98,M/F Christine,crossing-normal,False
2026-08-31T22:43:21Z,2026-09-03,414,Fejø > Kragenæs,3750690,2026-09-03T16:10:00,2026-09-03T16:30:00,24,98,98,M/F Christine,crossing-normal,False
2026-08-31T22:43:21Z,2026-09-03,414,Fejø > Kragenæs,3750754,2026-09-03T16:50:00,2026-09-03T17:10:00,24,98,98,M/F Christine,crossing-normal,False
2026-08-31T22:43:21Z,2026-09-03,414,Fejø > Kragenæs,3750818,2026-09-03T17:30:00,2026-09-03T17:50:00,23,96,98,M/F Christine,crossing-normal,False
2026-08-31T22:43:21Z,2026-09-03,414,Fejø > Kragenæs,3750882,2026-09-03T18:20:00,2026-09-03T18:40:00,24,98,98,M/F Christine,crossing-normal,False
2026-08-31T22:43:21Z,2026-09-03,414,Fejø > Kragenæs,3750946,2026-09-03T19:45:00,2026-09-03T20:05:00,24,98,98,M/F Christine,crossing-normal,False
2026-08-31T22:43:21Z,2026-09-03,414,Fejø > Kragenæs,3751010,2026-09-03T20:30:00,2026-09-03T20:50:00,24,98,98,M/F Christine,crossing-normal,False
2026-08-31T22:43:21Z,2026-09-03,414,Fejø > Kragenæs,3751075,2026-09-03T21:45:00,2026-09-03T22:05:00,23,97,98,M/F Christine,crossing-normal,False
2026-08-31T22:43:21Z,2026-09-04,411,Kragenæs > Femø,3748044,2026-09-04T07:05:00,2026-09-04T08:00:00,15,98,98,M/F Femøsund,crossing-normal,False
2026-08-31T22:43:21Z,2026-09-04,411,Kragenæs > Femø,3748123,2026-09-04T09:25:00,2026-09-04T10:20:00,7,92,98,M/F Femøsund,crossing-normal,False
2026-08-31T22:43:21Z,2026-09-04,411,Kragenæs > Femø,3770076,2026-09-04T13:25:00,2026-09-04T14:20:00,6,85,98,M/F Femøsund,crossing-normal,False
2026-08-31T22:43:21Z,2026-09-04,411,Kragenæs > Femø,3770184,2026-09-04T17:15:00,2026-09-04T18:10:00,1,61,98,M/F Femøsund,crossing-almost-fully-booked,False
2026-08-31T22:43:21Z,2026-09-04,411,Kragenæs > Femø,3770292,2026-09-04T21:05:00,2026-09-04T22:00:00,13,91,98,M/F Femøsund,crossing-normal,False
2026-08-31T22:43:21Z,2026-09-04,411,Femø > Kragenæs,3747491,2026-09-04T06:00:00,2026-09-04T06:55:00,12,93,98,M/F Femøsund,crossing-normal,False
2026-08-31T22:43:21Z,2026-09-04,411,Femø > Kragenæs,3747570,2026-09-04T08:15:00,2026-09-04T09:10:00,11,90,98,M/F Femøsund,crossing-normal,False
2026-08-31T22:43:21Z,2026-09-04,411,Femø > Kragenæs,3747649,2026-09-04T10:30:00,2026-09-04T11:25:00,12,89,98,M/F Femøsund,crossing-normal,False
2026-08-31T22:43:21Z,2026-09-04,411,Femø > Kragenæs,3770103,2026-09-04T14:25:00,2026-09-04T15:20:00,13,94,98,M/F Femøsund,crossing-normal,False
2026-08-31T22:43:21Z,2026-09-04,411,Femø > Kragenæs,3770211,2026-09-04T18:15:00,2026-09-04T19:10:00,15,98,98,M/F Femøsund,crossing-normal,False
2026-08-31T22:43:21Z,2026-09-04,413,Kragenæs > Askø,3747172,2026-09-04T06:40:00,2026-09-04T07:20:00,13,95,95,M/F Askø,crossing-normal,False
2026-08-31T22:43:21Z,2026-09-04,413,Kragenæs > Askø,3747188,2026-09-04T08:55:00,2026-09-04T09:35:00,7,91,95,M/F Askø,crossing-normal,False
2026-08-31T22:43:21Z,2026-09-04,413,Kragenæs > Askø,3770022,2026-09-04T11:45:00,2026-09-04T12:25:00,5,84,98,M/F Femøsund,crossing-normal,False
2026-08-31T22:43:21Z,2026-09-04,413,Kragenæs > Askø,3770130,2026-09-04T15:35:00,2026-09-04T16:15:00,8,83,98,M/F Femøsund,crossing-normal,False
2026-08-31T22:43:21Z,2026-09-04,413,Kragenæs > Askø,3770238,2026-09-04T19:25:00,2026-09-04T20:05:00,3,67,98,M/F Femøsund,crossing-normal,False
2026-08-31T22:43:21Z,2026-09-04,413,Askø > Kragenæs,3747300,2026-09-04T07:30:00,2026-09-04T08:10:00,9,88,95,M/F Askø,crossing-normal,False
2026-08-31T22:43:21Z,2026-09-04,413,Askø > Kragenæs,3747316,2026-09-04T10:00:00,2026-09-04T10:40:00,6,87,95,"Der sejles til Bandholm, billetteres som til Kragenæs",crossing-comment,False
2026-08-31T22:43:21Z,2026-09-04,413,Askø > Kragenæs,3770049,2026-09-04T12:30:00,2026-09-04T13:10:00,13,95,98,M/F Femøsund,crossing-normal,False
2026-08-31T22:43:21Z,2026-09-04,413,Askø > Kragenæs,3770157,2026-09-04T16:20:00,2026-09-04T17:00:00,14,95,98,M/F Femøsund,crossing-normal,False
2026-08-31T22:43:21Z,2026-09-04,413,Askø > Kragenæs,3770265,2026-09-04T20:10:00,2026-09-04T20:50:00,15,98,98,M/F Femøsund,crossing-normal,False
2026-08-31T22:43:21Z,2026-09-04,414,Kragenæs > Fejø,3751475,2026-09-04T05:45:00,2026-09-04T06:05:00,24,98,98,M/F Christine,crossing-normal,False
2026-08-31T22:43:21Z,2026-09-04,414,Kragenæs > Fejø,3751555,2026-09-04T06:25:00,2026-09-04T06:45:00,22,98,98,M/F Christine,crossing-normal,False
2026-08-31T22:43:21Z,2026-09-04,414,Kragenæs > Fejø,3751635,2026-09-04T07:10:00,2026-09-04T07:30:00,24,97,98,M/F Christine,crossing-normal,False
2026-08-31T22:43:21Z,2026-09-04,414,Kragenæs > Fejø,3751715,2026-09-04T07:55:00,2026-09-04T08:15:00,23,97,98,M/F Christine,crossing-normal,False
2026-08-31T22:43:21Z,2026-09-04,414,Kragenæs > Fejø,3751795,2026-09-04T09:00:00,2026-09-04T09:20:00,24,98,98,M/F Christine,crossing-normal,False
2026-08-31T22:43:21Z,2026-09-04,414,Kragenæs > Fejø,3751875,2026-09-04T09:50:00,2026-09-04T10:10:00,20,97,98,M/F Christine,crossing-normal,False
2026-08-31T22:43:21Z,2026-09-04,414,Kragenæs > Fejø,3751955,2026-09-04T10:45:00,2026-09-04T11:05:00,23,89,98,M/F Christine,crossing-normal,False
2026-08-31T22:43:21Z,2026-09-04,414,Kragenæs > Fejø,3761235,2026-09-04T11:50:00,2026-09-04T12:10:00,21,94,98,M/F Christine,crossing-normal,False
2026-08-31T22:43:21Z,2026-09-04,414,Kragenæs > Fejø,3761272,2026-09-04T12:50:00,2026-09-04T13:10:00,24,98,98,M/F Christine,crossing-normal,False
2026-08-31T22:43:21Z,2026-09-04,414,Kragenæs > Fejø,3761309,2026-09-04T13:50:00,2026-09-04T14:10:00,22,94,98,M/F Christine,crossing-normal,False
2026-08-31T22:43:21Z,2026-09-04,414,Kragenæs > Fejø,3761346,2026-09-04T14:50:00,2026-09-04T15:10:00,22,94,98,M/F Christine,crossing-normal,False
2026-08-31T22:43:21Z,2026-09-04,414,Kragenæs > Fejø,3761383,2026-09-04T15:50:00,2026-09-04T16:10:00,22,96,98,M/F Christine,crossing-normal,False
2026-08-31T22:43:21Z,2026-09-04,414,Kragenæs > Fejø,3769443,2026-09-04T16:50:00,2026-09-04T17:10:00,22,94,98,M/F Christine,crossing-normal,False
2026-08-31T22:43:21Z,2026-09-04,414,Kragenæs > Fejø,3761457,2026-09-04T17:50:00,2026-09-04T18:10:00,22,93,98,M/F Christine,crossing-normal,False
2026-08-31T22:43:21Z,2026-09-04,414,Kragenæs > Fejø,3761494,2026-09-04T18:50:00,2026-09-04T19:10:00,24,98,98,M/F Christine,crossing-normal,False
2026-08-31T22:43:21Z,2026-09-04,414,Kragenæs > Fejø,3761531,2026-09-04T19:40:00,2026-09-04T20:00:00,24,98,98,M/F Christine,crossing-normal,False
2026-08-31T22:43:21Z,2026-09-04,414,Kragenæs > Fejø,3761568,2026-09-04T20:30:00,2026-09-04T20:50:00,24,98,98,M/F Christine,crossing-normal,False
2026-08-31T22:43:21Z,2026-09-04,414,Kragenæs > Fejø,3769449,2026-09-04T21:20:00,2026-09-04T21:40:00,24,98,98,M/F Christine,crossing-normal,False
2026-08-31T22:43:21Z,2026-09-04,414,Kragenæs > Fejø,3761605,2026-09-04T22:10:00,2026-09-04T22:30:00,23,97,98,M/F Christine,crossing-normal,False
2026-08-31T22:43:21Z,2026-09-04,414,Fejø > Kragenæs,3751091,2026-09-04T05:25:00,2026-09-04T05:45:00,24,97,98,M/F Christine,crossing-normal,False
2026-08-31T22:43:21Z,2026-09-04,414,Fejø > Kragenæs,3751107,2026-09-04T06:05:00,2026-09-04T06:25:00,22,96,98,M/F Christine,crossing-normal,False
2026-08-31T22:43:21Z,2026-09-04,414,Fejø > Kragenæs,3751123,2026-09-04T06:45:00,2026-09-04T07:05:00,23,97,98,M/F Christine,crossing-normal,False
2026-08-31T22:43:21Z,2026-09-04,414,Fejø > Kragenæs,3751139,2026-09-04T07:30:00,2026-09-04T07:50:00,22,92,98,M/F Christine,crossing-normal,False
2026-08-31T22:43:21Z,2026-09-04,414,Fejø > Kragenæs,3751155,2026-09-04T08:35:00,2026-09-04T08:55:00,18,91,98,M/F Christine,crossing-normal,False
2026-08-31T22:43:21Z,2026-09-04,414,Fejø > Kragenæs,3751171,2026-09-04T09:20:00,2026-09-04T09:40:00,24,98,98,M/F Christine,crossing-normal,False
2026-08-31T22:43:21Z,2026-09-04,414,Fejø > Kragenæs,3751187,2026-09-04T10:10:00,2026-09-04T10:30:00,24,98,98,M/F Christine,crossing-normal,False
2026-08-31T22:43:21Z,2026-09-04,414,Fejø > Kragenæs,3751203,2026-09-04T11:10:00,2026-09-04T11:30:00,20,97,98,M/F Christine,crossing-normal,False
2026-08-31T22:43:21Z,2026-09-04,414,Fejø > Kragenæs,3760490,2026-09-04T12:15:00,2026-09-04T12:35:00,22,95,98,M/F Christine,crossing-normal,False
2026-08-31T22:43:21Z,2026-09-04,414,Fejø > Kragenæs,3760643,2026-09-04T13:15:00,2026-09-04T13:35:00,24,98,98,M/F Christine,crossing-normal,False
2026-08-31T22:43:21Z,2026-09-04,414,Fejø > Kragenæs,3760680,2026-09-04T14:15:00,2026-09-04T14:35:00,24,98,98,M/F Christine,crossing-normal,False
2026-08-31T22:43:21Z,2026-09-04,414,Fejø > Kragenæs,3760717,2026-09-04T15:15:00,2026-09-04T15:35:00,24,98,98,M/F Christine,crossing-normal,False
2026-08-31T22:43:21Z,2026-09-04,414,Fejø > Kragenæs,3760754,2026-09-04T16:15:00,2026-09-04T16:35:00,24,98,98,M/F Christine,crossing-normal,False
2026-08-31T22:43:21Z,2026-09-04,414,Fejø > Kragenæs,3769425,2026-09-04T17:15:00,2026-09-04T17:35:00,24,98,98,M/F Christine,crossing-normal,False
2026-08-31T22:43:21Z,2026-09-04,414,Fejø > Kragenæs,3760828,2026-09-04T18:15:00,2026-09-04T18:35:00,24,98,98,M/F Christine,crossing-normal,False
2026-08-31T22:43:21Z,2026-09-04,414,Fejø > Kragenæs,3760865,2026-09-04T19:15:00,2026-09-04T19:35:00,24,98,98,M/F Christine,crossing-normal,False
2026-08-31T22:43:21Z,2026-09-04,414,Fejø > Kragenæs,3760902,2026-09-04T20:05:00,2026-09-04T20:25:00,24,97,98,M/F Christine,crossing-normal,False
2026-08-31T22:43:21Z,2026-09-04,414,Fejø > Kragenæs,3769431,2026-09-04T20:55:00,2026-09-04T21:15:00,24,98,98,M/F Christine,crossing-normal,False
2026-08-31T22:43:21Z,2026-09-04,414,Fejø > Kragenæs,3760939,2026-09-04T21:45:00,2026-09-04T22:05:00,23,97,98,M/F Christine,crossing-normal,False
2026-08-31T22:43:21Z,2026-09-05,411,Kragenæs > Femø,3769915,2026-09-05T08:50:00,2026-09-05T09:45:00,6,72,98,M/F Femøsund,crossing-normal,False
2026-08-31T22:43:21Z,2026-09-05,411,Kragenæs > Femø,3770077,2026-09-05T13:25:00,2026-09-05T14:20:00,9,82,98,M/F Femøsund,crossing-normal,False
2026-08-31T22:43:21Z,2026-09-05,411,Kragenæs > Femø,3770185,2026-09-05T17:15:00,2026-09-05T18:10:00,13,94,98,M/F Femøsund,crossing-normal,False
2026-08-31T22:43:21Z,2026-09-05,411,Kragenæs > Femø,3770293,2026-09-05T21:05:00,2026-09-05T22:00:00,15,98,98,M/F Femøsund,crossing-normal,False
2026-08-31T22:43:21Z,2026-09-05,411,Femø > Kragenæs,3769888,2026-09-05T06:00:00,2026-09-05T06:55:00,13,95,98,M/F Femøsund,crossing-normal,False
2026-08-31T22:43:21Z,2026-09-05,411,Femø > Kragenæs,3769942,2026-09-05T09:50:00,2026-09-05T10:45:00,10,93,98,M/F Femøsund,crossing-normal,False
2026-08-31T22:43:21Z,2026-09-05,411,Femø > Kragenæs,3770104,2026-09-05T14:25:00,2026-09-05T15:20:00,14,95,98,M/F Femøsund,crossing-normal,False
2026-08-31T22:43:21Z,2026-09-05,411,Femø > Kragenæs,3770212,2026-09-05T18:15:00,2026-09-05T19:10:00,11,85,98,M/F Femøsund,crossing-normal,False
2026-08-31T22:43:21Z,2026-09-05,413,Kragenæs > Askø,3769969,2026-09-05T07:10:00,2026-09-05T07:50:00,15,97,98,M/F Femøsund,crossing-normal,False
2026-08-31T22:43:21Z,2026-09-05,413,Kragenæs > Askø,3770023,2026-09-05T11:45:00,2026-09-05T12:25:00,13,94,98,M/F Femøsund,crossing-normal,False
2026-08-31T22:43:21Z,2026-09-05,413,Kragenæs > Askø,3770131,2026-09-05T15:35:00,2026-09-05T16:15:00,15,98,98,M/F Femøsund,crossing-normal,False
2026-08-31T22:43:21Z,2026-09-05,413,Kragenæs > Askø,3770239,2026-09-05T19:25:00,2026-09-05T20:05:00,15,98,98,M/F Femøsund,crossing-normal,False
2026-08-31T22:43:21Z,2026-09-05,413,Askø > Kragenæs,3769996,2026-09-05T07:55:00,2026-09-05T08:35:00,15,98,98,M/F Femøsund,crossing-normal,False
2026-08-31T22:43:21Z,2026-09-05,413,Askø > Kragenæs,3770050,2026-09-05T12:30:00,2026-09-05T13:10:00,12,92,98,M/F Femøsund,crossing-normal,False
2026-08-31T22:43:21Z,2026-09-05,413,Askø > Kragenæs,3770158,2026-09-05T16:20:00,2026-09-05T17:00:00,15,98,98,M/F Femøsund,crossing-normal,False
2026-08-31T22:43:21Z,2026-09-05,413,Askø > Kragenæs,3770266,2026-09-05T20:10:00,2026-09-05T20:50:00,15,98,98,M/F Femøsund,crossing-normal,False
2026-08-31T22:43:21Z,2026-09-05,414,Kragenæs > Fejø,3760977,2026-09-05T06:05:00,2026-09-05T06:25:00,24,98,98,M/F Christine,crossing-normal,False
2026-08-31T22:43:21Z,2026-09-05,414,Kragenæs > Fejø,3761051,2026-09-05T07:05:00,2026-09-05T07:25:00,24,98,98,M/F Christine,crossing-normal,False
2026-08-31T22:43:21Z,2026-09-05,414,Kragenæs > Fejø,3761088,2026-09-05T08:00:00,2026-09-05T08:20:00,24,97,98,M/F Christine,crossing-normal,False
2026-08-31T22:43:21Z,2026-09-05,414,Kragenæs > Fejø,3761125,2026-09-05T09:05:00,2026-09-05T09:25:00,22,94,98,M/F Christine,crossing-normal,False
2026-08-31T22:43:21Z,2026-09-05,414,Kragenæs > Fejø,3769438,2026-09-05T10:05:00,2026-09-05T10:25:00,23,88,98,M/F Christine,crossing-normal,False
2026-08-31T22:43:21Z,2026-09-05,414,Kragenæs > Fejø,3761236,2026-09-05T11:50:00,2026-09-05T12:10:00,22,95,98,M/F Christine,crossing-normal,False
2026-08-31T22:43:21Z,2026-09-05,414,Kragenæs > Fejø,3761273,2026-09-05T12:50:00,2026-09-05T13:10:00,24,98,98,M/F Christine,crossing-normal,False
2026-08-31T22:43:21Z,2026-09-05,414,Kragenæs > Fejø,3761310,2026-09-05T13:50:00,2026-09-05T14:10:00,22,92,98,M/F Christine,crossing-normal,False
2026-08-31T22:43:21Z,2026-09-05,414,Kragenæs > Fejø,3761347,2026-09-05T14:50:00,2026-09-05T15:10:00,24,98,98,M/F Christine,crossing-normal,False
2026-08-31T22:43:21Z,2026-09-05,414,Kragenæs > Fejø,3761384,2026-09-05T15:50:00,2026-09-05T16:10:00,22,96,98,M/F Christine,crossing-normal,False
2026-08-31T22:43:21Z,2026-09-05,414,Kragenæs > Fejø,3769444,2026-09-05T16:50:00,2026-09-05T17:10:00,24,98,98,M/F Christine,crossing-normal,False
2026-08-31T22:43:21Z,2026-09-05,414,Kragenæs > Fejø,3761458,2026-09-05T17:50:00,2026-09-05T18:10:00,24,98,98,M/F Christine,crossing-normal,False
2026-08-31T22:43:21Z,2026-09-05,414,Kragenæs > Fejø,3761495,2026-09-05T18:50:00,2026-09-05T19:10:00,24,98,98,M/F Christine,crossing-normal,False
2026-08-31T22:43:21Z,2026-09-05,414,Kragenæs > Fejø,3761532,2026-09-05T19:40:00,2026-09-05T20:00:00,24,98,98,M/F Christine,crossing-normal,False
2026-08-31T22:43:21Z,2026-09-05,414,Kragenæs > Fejø,3761569,2026-09-05T20:30:00,2026-09-05T20:50:00,24,98,98,M/F Christine,crossing-normal,False
2026-08-31T22:43:21Z,2026-09-05,414,Kragenæs > Fejø,3769450,2026-09-05T21:20:00,2026-09-05T21:40:00,24,98,98,M/F Christine,crossing-normal,False
2026-08-31T22:43:21Z,2026-09-05,414,Kragenæs > Fejø,3761606,2026-09-05T22:10:00,2026-09-05T22:30:00,23,97,98,M/F Christine,crossing-normal,False
2026-08-31T22:43:21Z,2026-09-05,414,Fejø > Kragenæs,3760195,2026-09-05T05:30:00,2026-09-05T05:50:00,23,97,98,M/F Christine,crossing-normal,False
2026-08-31T22:43:21Z,2026-09-05,414,Fejø > Kragenæs,3760232,2026-09-05T06:35:00,2026-09-05T06:55:00,23,97,98,M/F Christine,crossing-normal,False
2026-08-31T22:43:21Z,2026-09-05,414,Fejø > Kragenæs,3760454,2026-09-05T07:30:00,2026-09-05T07:50:00,24,98,98,M/F Christine,crossing-normal,False
2026-08-31T22:43:21Z,2026-09-05,414,Fejø > Kragenæs,3760306,2026-09-05T08:30:00,2026-09-05T08:50:00,23,96,98,M/F Christine,crossing-normal,False
2026-08-31T22:43:21Z,2026-09-05,414,Fejø > Kragenæs,3760343,2026-09-05T09:30:00,2026-09-05T09:50:00,24,98,98,M/F Christine,crossing-normal,False
2026-08-31T22:43:21Z,2026-09-05,414,Fejø > Kragenæs,3769420,2026-09-05T10:30:00,2026-09-05T10:50:00,23,94,98,M/F Christine,crossing-normal,False
2026-08-31T22:43:21Z,2026-09-05,414,Fejø > Kragenæs,3760491,2026-09-05T12:15:00,2026-09-05T12:35:00,23,97,98,M/F Christine,crossing-normal,False
2026-08-31T22:43:21Z,2026-09-05,414,Fejø > Kragenæs,3760644,2026-09-05T13:15:00,2026-09-05T13:35:00,24,98,98,M/F Christine,crossing-normal,False
2026-08-31T22:43:21Z,2026-09-05,414,Fejø > Kragenæs,3760681,2026-09-05T14:15:00,2026-09-05T14:35:00,24,98,98,M/F Christine,crossing-normal,False
2026-08-31T22:43:21Z,2026-09-05,414,Fejø > Kragenæs,3760718,2026-09-05T15:15:00,2026-09-05T15:35:00,24,98,98,M/F Christine,crossing-normal,False
2026-08-31T22:43:21Z,2026-09-05,414,Fejø > Kragenæs,3760755,2026-09-05T16:15:00,2026-09-05T16:35:00,24,92,98,M/F Christine,crossing-normal,False
2026-08-31T22:43:21Z,2026-09-05,414,Fejø > Kragenæs,3769426,2026-09-05T17:15:00,2026-09-05T17:35:00,22,93,98,M/F Christine,crossing-normal,False
2026-08-31T22:43:21Z,2026-09-05,414,Fejø > Kragenæs,3760829,2026-09-05T18:15:00,2026-09-05T18:35:00,23,96,98,M/F Christine,crossing-normal,False
2026-08-31T22:43:21Z,2026-09-05,414,Fejø > Kragenæs,3760866,2026-09-05T19:15:00,2026-09-05T19:35:00,24,98,98,M/F Christine,crossing-normal,False
2026-08-31T22:43:21Z,2026-09-05,414,Fejø > Kragenæs,3760903,2026-09-05T20:05:00,2026-09-05T20:25:00,24,97,98,M/F Christine,crossing-normal,False
2026-08-31T22:43:21Z,2026-09-05,414,Fejø > Kragenæs,3769432,2026-09-05T20:55:00,2026-09-05T21:15:00,24,98,98,M/F Christine,crossing-normal,False
2026-08-31T22:43:21Z,2026-09-05,414,Fejø > Kragenæs,3760940,2026-09-05T21:45:00,2026-09-05T22:05:00,23,97,98,M/F Christine,crossing-normal,False
2026-08-31T22:43:21Z,2026-09-06,411,Kragenæs > Femø,3769916,2026-09-06T08:50:00,2026-09-06T09:45:00,15,96,98,M/F Femøsund,crossing-normal,False
2026-08-31T22:43:21Z,2026-09-06,411,Kragenæs > Femø,3770078,2026-09-06T13:25:00,2026-09-06T14:20:00,14,97,98,M/F Femøsund,crossing-normal,False
2026-08-31T22:43:21Z,2026-09-06,411,Kragenæs > Femø,3770186,2026-09-06T17:15:00,2026-09-06T18:10:00,9,93,98,M/F Femøsund,crossing-normal,False
2026-08-31T22:43:21Z,2026-09-06,411,Kragenæs > Femø,3770294,2026-09-06T21:05:00,2026-09-06T22:00:00,14,96,98,M/F Femøsund,crossing-normal,False
2026-08-31T22:43:21Z,2026-09-06,411,Femø > Kragenæs,3769889,2026-09-06T06:00:00,2026-09-06T06:55:00,10,94,98,M/F Femøsund,crossing-normal,False
2026-08-31T22:43:21Z,2026-09-06,411,Femø > Kragenæs,3769943,2026-09-06T09:50:00,2026-09-06T10:45:00,6,76,98,M/F Femøsund,crossing-normal,False
2026-08-31T22:43:21Z,2026-09-06,411,Femø > Kragenæs,3770105,2026-09-06T14:25:00,2026-09-06T15:20:00,4,58,98,M/F Femøsund,crossing-normal,False
2026-08-31T22:43:21Z,2026-09-06,411,Femø > Kragenæs,3770213,2026-09-06T18:15:00,2026-09-06T19:10:00,11,87,98,M/F Femøsund,crossing-normal,False
2026-08-31T22:43:21Z,2026-09-06,413,Kragenæs > Askø,3769970,2026-09-06T07:10:00,2026-09-06T07:50:00,14,97,98,M/F Femøsund,crossing-normal,False
2026-08-31T22:43:21Z,2026-09-06,413,Kragenæs > Askø,3770024,2026-09-06T11:45:00,2026-09-06T12:25:00,15,98,98,M/F Femøsund,crossing-normal,False
2026-08-31T22:43:21Z,2026-09-06,413,Kragenæs > Askø,3770132,2026-09-06T15:35:00,2026-09-06T16:15:00,15,98,98,M/F Femøsund,crossing-normal,False
2026-08-31T22:43:21Z,2026-09-06,413,Kragenæs > Askø,3770240,2026-09-06T19:25:00,2026-09-06T20:05:00,13,95,98,M/F Femøsund,crossing-normal,False
2026-08-31T22:43:21Z,2026-09-06,413,Askø > Kragenæs,3769997,2026-09-06T07:55:00,2026-09-06T08:35:00,12,92,98,M/F Femøsund,crossing-normal,False
2026-08-31T22:43:21Z,2026-09-06,413,Askø > Kragenæs,3770051,2026-09-06T12:30:00,2026-09-06T13:10:00,1,62,98,M/F Femøsund,crossing-almost-fully-booked,False
2026-08-31T22:43:21Z,2026-09-06,413,Askø > Kragenæs,3770159,2026-09-06T16:20:00,2026-09-06T17:00:00,2,72,98,M/F Femøsund,crossing-normal,False
2026-08-31T22:43:21Z,2026-09-06,413,Askø > Kragenæs,3770267,2026-09-06T20:10:00,2026-09-06T20:50:00,14,96,98,M/F Femøsund,crossing-normal,False
2026-08-31T22:43:21Z,2026-09-06,414,Kragenæs > Fejø,3760978,2026-09-06T06:05:00,2026-09-06T06:25:00,24,98,98,M/F Christine,crossing-normal,False
2026-08-31T22:43:21Z,2026-09-06,414,Kragenæs > Fejø,3761052,2026-09-06T07:05:00,2026-09-06T07:25:00,24,98,98,M/F Christine,crossing-normal,False
2026-08-31T22:43:21Z,2026-09-06,414,Kragenæs > Fejø,3761089,2026-09-06T08:00:00,2026-09-06T08:20:00,24,98,98,M/F Christine,crossing-normal,False
2026-08-31T22:43:21Z,2026-09-06,414,Kragenæs > Fejø,3761126,2026-09-06T09:05:00,2026-09-06T09:25:00,23,97,98,M/F Christine,crossing-normal,False
2026-08-31T22:43:21Z,2026-09-06,414,Kragenæs > Fejø,3769439,2026-09-06T10:05:00,2026-09-06T10:25:00,23,96,98,M/F Christine,crossing-normal,False
2026-08-31T22:43:21Z,2026-09-06,414,Kragenæs > Fejø,3761237,2026-09-06T11:50:00,2026-09-06T12:10:00,24,98,98,M/F Christine,crossing-normal,False
2026-08-31T22:43:21Z,2026-09-06,414,Kragenæs > Fejø,3761274,2026-09-06T12:50:00,2026-09-06T13:10:00,24,98,98,M/F Christine,crossing-normal,False
2026-08-31T22:43:21Z,2026-09-06,414,Kragenæs > Fejø,3761311,2026-09-06T13:50:00,2026-09-06T14:10:00,23,97,98,M/F Christine,crossing-normal,False
2026-08-31T22:43:21Z,2026-09-06,414,Kragenæs > Fejø,3761348,2026-09-06T14:50:00,2026-09-06T15:10:00,24,98,98,M/F Christine,crossing-normal,False
2026-08-31T22:43:21Z,2026-09-06,414,Kragenæs > Fejø,3761385,2026-09-06T15:50:00,2026-09-06T16:10:00,22,96,98,M/F Christine,crossing-normal,False
2026-08-31T22:43:21Z,2026-09-06,414,Kragenæs > Fejø,3769445,2026-09-06T16:50:00,2026-09-06T17:10:00,24,98,98,M/F Christine,crossing-normal,False
2026-08-31T22:43:21Z,2026-09-06,414,Kragenæs > Fejø,3761459,2026-09-06T17:50:00,2026-09-06T18:10:00,24,98,98,M/F Christine,crossing-normal,False
2026-08-31T22:43:21Z,2026-09-06,414,Kragenæs > Fejø,3761496,2026-09-06T18:50:00,2026-09-06T19:10:00,24,98,98,M/F Christine,crossing-normal,False
2026-08-31T22:43:21Z,2026-09-06,414,Kragenæs > Fejø,3761533,2026-09-06T19:40:00,2026-09-06T20:00:00,24,98,98,M/F Christine,crossing-normal,False
2026-08-31T22:43:21Z,2026-09-06,414,Kragenæs > Fejø,3761570,2026-09-06T20:30:00,2026-09-06T20:50:00,23,96,98,M/F Christine,crossing-normal,False
2026-08-31T22:43:21Z,2026-09-06,414,Kragenæs > Fejø,3769451,2026-09-06T21:20:00,2026-09-06T21:40:00,24,98,98,M/F Christine,crossing-normal,False
2026-08-31T22:43:21Z,2026-09-06,414,Kragenæs > Fejø,3761607,2026-09-06T22:10:00,2026-09-06T22:30:00,23,97,98,M/F Christine,crossing-normal,False
2026-08-31T22:43:21Z,2026-09-06,414,Fejø > Kragenæs,3760196,2026-09-06T05:30:00,2026-09-06T05:50:00,23,97,98,M/F Christine,crossing-normal,False
2026-08-31T22:43:21Z,2026-09-06,414,Fejø > Kragenæs,3760233,2026-09-06T06:35:00,2026-09-06T06:55:00,23,97,98,M/F Christine,crossing-normal,False
2026-08-31T22:43:21Z,2026-09-06,414,Fejø > Kragenæs,3760455,2026-09-06T07:30:00,2026-09-06T07:50:00,23,96,98,M/F Christine,crossing-normal,False
2026-08-31T22:43:21Z,2026-09-06,414,Fejø > Kragenæs,3760307,2026-09-06T08:30:00,2026-09-06T08:50:00,24,98,98,M/F Christine,crossing-normal,False
2026-08-31T22:43:21Z,2026-09-06,414,Fejø > Kragenæs,3760344,2026-09-06T09:30:00,2026-09-06T09:50:00,24,98,98,M/F Christine,crossing-normal,False
2026-08-31T22:43:21Z,2026-09-06,414,Fejø > Kragenæs,3769421,2026-09-06T10:30:00,2026-09-06T10:50:00,21,96,98,M/F Christine,crossing-normal,False
2026-08-31T22:43:21Z,2026-09-06,414,Fejø > Kragenæs,3760492,2026-09-06T12:15:00,2026-09-06T12:35:00,22,93,98,M/F Christine,crossing-normal,False
2026-08-31T22:43:21Z,2026-09-06,414,Fejø > Kragenæs,3760645,2026-09-06T13:15:00,2026-09-06T13:35:00,23,94,98,M/F Christine,crossing-normal,False
2026-08-31T22:43:21Z,2026-09-06,414,Fejø > Kragenæs,3760682,2026-09-06T14:15:00,2026-09-06T14:35:00,21,91,98,M/F Christine,crossing-normal,False
2026-08-31T22:43:21Z,2026-09-06,414,Fejø > Kragenæs,3760719,2026-09-06T15:15:00,2026-09-06T15:35:00,23,95,98,M/F Christine,crossing-normal,False
2026-08-31T22:43:21Z,2026-09-06,414,Fejø > Kragenæs,3760756,2026-09-06T16:15:00,2026-09-06T16:35:00,23,96,98,M/F Christine,crossing-normal,False
2026-08-31T22:43:21Z,2026-09-06,414,Fejø > Kragenæs,3769427,2026-09-06T17:15:00,2026-09-06T17:35:00,23,96,98,M/F Christine,crossing-normal,False
2026-08-31T22:43:21Z,2026-09-06,414,Fejø > Kragenæs,3760830,2026-09-06T18:15:00,2026-09-06T18:35:00,24,98,98,M/F Christine,crossing-normal,False
2026-08-31T22:43:21Z,2026-09-06,414,Fejø > Kragenæs,3760867,2026-09-06T19:15:00,2026-09-06T19:35:00,24,98,98,M/F Christine,crossing-normal,False
2026-08-31T22:43:21Z,2026-09-06,414,Fejø > Kragenæs,3760904,2026-09-06T20:05:00,2026-09-06T20:25:00,24,98,98,M/F Christine,crossing-normal,False
2026-08-31T22:43:21Z,2026-09-06,414,Fejø > Kragenæs,3769433,2026-09-06T20:55:00,2026-09-06T21:15:00,24,98,98,M/F Christine,crossing-normal,False
2026-08-31T22:43:21Z,2026-09-06,414,Fejø > Kragenæs,3760941,2026-09-06T21:45:00,2026-09-06T22:05:00,23,97,98,M/F Christine,crossing-normal,False
2026-08-31T22:43:21Z,2026-09-07,411,Kragenæs > Femø,3769917,2026-09-07T08:50:00,2026-09-07T09:45:00,9,94,98,M/F Femøsund,crossing-normal,False
2026-08-31T22:43:21Z,2026-09-07,411,Kragenæs > Femø,3770079,2026-09-07T13:25:00,2026-09-07T14:20:00,14,95,98,M/F Femøsund,crossing-normal,False
2026-08-31T22:43:21Z,2026-09-07,411,Kragenæs > Femø,3770187,2026-09-07T17:15:00,2026-09-07T18:10:00,12,95,98,M/F Femøsund,crossing-normal,False
2026-08-31T22:43:21Z,2026-09-07,411,Kragenæs > Femø,3770295,2026-09-07T21:05:00,2026-09-07T22:00:00,15,98,98,M/F Femøsund,crossing-normal,False
2026-08-31T22:43:21Z,2026-09-07,411,Femø > Kragenæs,3769890,2026-09-07T06:00:00,2026-09-07T06:55:00,12,95,98,M/F Femøsund,crossing-normal,False
2026-08-31T22:43:21Z,2026-09-07,411,Femø > Kragenæs,3769944,2026-09-07T09:50:00,2026-09-07T10:45:00,9,88,98,M/F Femøsund,crossing-normal,False
2026-08-31T22:43:21Z,2026-09-07,411,Femø > Kragenæs,3770106,2026-09-07T14:25:00,2026-09-07T15:20:00,12,98,98,M/F Femøsund,crossing-normal,False
2026-08-31T22:43:21Z,2026-09-07,411,Femø > Kragenæs,3770214,2026-09-07T18:15:00,2026-09-07T19:10:00,14,95,98,M/F Femøsund,crossing-normal,False
2026-08-31T22:43:21Z,2026-09-07,413,Kragenæs > Askø,3769971,2026-09-07T07:10:00,2026-09-07T07:50:00,15,98,98,M/F Femøsund,crossing-normal,False
2026-08-31T22:43:21Z,2026-09-07,413,Kragenæs > Askø,3770025,2026-09-07T11:45:00,2026-09-07T12:25:00,15,98,98,M/F Femøsund,crossing-normal,False
2026-08-31T22:43:21Z,2026-09-07,413,Kragenæs > Askø,3770133,2026-09-07T15:35:00,2026-09-07T16:15:00,15,98,98,M/F Femøsund,crossing-normal,False
2026-08-31T22:43:21Z,2026-09-07,413,Kragenæs > Askø,3770241,2026-09-07T19:25:00,2026-09-07T20:05:00,15,98,98,M/F Femøsund,crossing-normal,False
2026-08-31T22:43:21Z,2026-09-07,413,Askø > Kragenæs,3769998,2026-09-07T07:55:00,2026-09-07T08:35:00,15,98,98,M/F Femøsund,crossing-normal,False
2026-08-31T22:43:21Z,2026-09-07,413,Askø > Kragenæs,3770052,2026-09-07T12:30:00,2026-09-07T13:10:00,15,98,98,M/F Femøsund,crossing-normal,False
2026-08-31T22:43:21Z,2026-09-07,413,Askø > Kragenæs,3770160,2026-09-07T16:20:00,2026-09-07T17:00:00,14,97,98,M/F Femøsund,crossing-normal,False
2026-08-31T22:43:21Z,2026-09-07,413,Askø > Kragenæs,3770268,2026-09-07T20:10:00,2026-09-07T20:50:00,15,98,98,M/F Femøsund,crossing-normal,False
2026-08-31T22:43:21Z,2026-09-07,414,Kragenæs > Fejø,3771036,2026-09-07T06:05:00,2026-09-07T06:25:00,24,97,98,M/F Christine,crossing-normal,False
2026-08-31T22:43:21Z,2026-09-07,414,Kragenæs > Fejø,3771078,2026-09-07T07:05:00,2026-09-07T07:25:00,23,97,98,M/F Christine,crossing-normal,False
2026-08-31T22:43:21Z,2026-09-07,414,Kragenæs > Fejø,3771120,2026-09-07T08:00:00,2026-09-07T08:20:00,23,97,98,M/F Christine,crossing-normal,False
2026-08-31T22:43:21Z,2026-09-07,414,Kragenæs > Fejø,3771162,2026-09-07T09:05:00,2026-09-07T09:25:00,24,98,98,M/F Christine,crossing-normal,False
2026-08-31T22:43:21Z,2026-09-07,414,Kragenæs > Fejø,3771204,2026-09-07T10:05:00,2026-09-07T10:25:00,24,98,98,M/F Christine,crossing-normal,False
2026-08-31T22:43:21Z,2026-09-07,414,Kragenæs > Fejø,3771246,2026-09-07T11:50:00,2026-09-07T12:10:00,24,98,98,M/F Christine,crossing-normal,False
2026-08-31T22:43:21Z,2026-09-07,414,Kragenæs > Fejø,3771288,2026-09-07T12:50:00,2026-09-07T13:10:00,24,98,98,M/F Christine,crossing-normal,False
2026-08-31T22:43:21Z,2026-09-07,414,Kragenæs > Fejø,3771330,2026-09-07T13:50:00,2026-09-07T14:10:00,22,94,98,M/F Christine,crossing-normal,False
2026-08-31T22:43:21Z,2026-09-07,414,Kragenæs > Fejø,3771372,2026-09-07T14:50:00,2026-09-07T15:10:00,24,98,98,M/F Christine,crossing-normal,False
2026-08-31T22:43:21Z,2026-09-07,414,Kragenæs > Fejø,3771414,2026-09-07T15:50:00,2026-09-07T16:10:00,22,96,98,M/F Christine,crossing-normal,False
2026-08-31T22:43:21Z,2026-09-07,414,Kragenæs > Fejø,3771456,2026-09-07T16:50:00,2026-09-07T17:10:00,23,97,98,M/F Christine,crossing-normal,False
2026-08-31T22:43:21Z,2026-09-07,414,Kragenæs > Fejø,3771498,2026-09-07T17:50:00,2026-09-07T18:10:00,24,98,98,M/F Christine,crossing-normal,False
2026-08-31T22:43:21Z,2026-09-07,414,Kragenæs > Fejø,3771540,2026-09-07T18:50:00,2026-09-07T19:10:00,23,96,98,M/F Christine,crossing-normal,False
2026-08-31T22:43:21Z,2026-09-07,414,Kragenæs > Fejø,3771582,2026-09-07T19:40:00,2026-09-07T20:00:00,24,98,98,M/F Christine,crossing-normal,False
2026-08-31T22:43:21Z,2026-09-07,414,Kragenæs > Fejø,3771624,2026-09-07T20:30:00,2026-09-07T20:50:00,24,98,98,M/F Christine,crossing-normal,False
2026-08-31T22:43:21Z,2026-09-07,414,Kragenæs > Fejø,3771666,2026-09-07T21:20:00,2026-09-07T21:40:00,24,98,98,M/F Christine,crossing-normal,False
2026-08-31T22:43:21Z,2026-09-07,414,Kragenæs > Fejø,3771708,2026-09-07T22:10:00,2026-09-07T22:30:00,23,96,98,M/F Christine,crossing-normal,False
2026-08-31T22:43:21Z,2026-09-07,414,Fejø > Kragenæs,3770322,2026-09-07T05:30:00,2026-09-07T05:50:00,23,97,98,M/F Christine,crossing-normal,False
2026-08-31T22:43:21Z,2026-09-07,414,Fejø > Kragenæs,3770364,2026-09-07T06:35:00,2026-09-07T06:55:00,21,94,98,M/F Christine,crossing-normal,False
2026-08-31T22:43:21Z,2026-09-07,414,Fejø > Kragenæs,3770406,2026-09-07T07:30:00,2026-09-07T07:50:00,23,95,98,M/F Christine,crossing-normal,False
2026-08-31T22:43:21Z,2026-09-07,414,Fejø > Kragenæs,3770448,2026-09-07T08:30:00,2026-09-07T08:50:00,23,97,98,M/F Christine,crossing-normal,False
2026-08-31T22:43:21Z,2026-09-07,414,Fejø > Kragenæs,3770490,2026-09-07T09:30:00,2026-09-07T09:50:00,24,98,98,M/F Christine,crossing-normal,False
2026-08-31T22:43:21Z,2026-09-07,414,Fejø > Kragenæs,3770532,2026-09-07T10:30:00,2026-09-07T10:50:00,23,96,98,M/F Christine,crossing-normal,False
2026-08-31T22:43:21Z,2026-09-07,414,Fejø > Kragenæs,3770574,2026-09-07T12:15:00,2026-09-07T12:35:00,23,97,98,M/F Christine,crossing-normal,False
2026-08-31T22:43:21Z,2026-09-07,414,Fejø > Kragenæs,3770616,2026-09-07T13:15:00,2026-09-07T13:35:00,24,97,98,M/F Christine,crossing-normal,False
2026-08-31T22:43:21Z,2026-09-07,414,Fejø > Kragenæs,3770658,2026-09-07T14:15:00,2026-09-07T14:35:00,24,98,98,M/F Christine,crossing-normal,False
2026-08-31T22:43:21Z,2026-09-07,414,Fejø > Kragenæs,3770700,2026-09-07T15:15:00,2026-09-07T15:35:00,24,97,98,M/F Christine,crossing-normal,False
2026-08-31T22:43:21Z,2026-09-07,414,Fejø > Kragenæs,3770742,2026-09-07T16:15:00,2026-09-07T16:35:00,24,98,98,M/F Christine,crossing-normal,False
2026-08-31T22:43:21Z,2026-09-07,414,Fejø > Kragenæs,3770784,2026-09-07T17:15:00,2026-09-07T17:35:00,24,98,98,M/F Christine,crossing-normal,False
2026-08-31T22:43:21Z,2026-09-07,414,Fejø > Kragenæs,3770826,2026-09-07T18:15:00,2026-09-07T18:35:00,24,98,98,M/F Christine,crossing-normal,False
2026-08-31T22:43:21Z,2026-09-07,414,Fejø > Kragenæs,3770868,2026-09-07T19:15:00,2026-09-07T19:35:00,24,98,98,M/F Christine,crossing-normal,False
2026-08-31T22:43:21Z,2026-09-07,414,Fejø > Kragenæs,3770910,2026-09-07T20:05:00,2026-09-07T20:25:00,24,98,98,M/F Christine,crossing-normal,False
2026-08-31T22:43:21Z,2026-09-07,414,Fejø > Kragenæs,3770952,2026-09-07T20:55:00,2026-09-07T21:15:00,24,98,98,M/F Christine,crossing-normal,False
2026-08-31T22:43:21Z,2026-09-07,414,Fejø > Kragenæs,3770994,2026-09-07T21:45:00,2026-09-07T22:05:00,23,97,98,M/F Christine,crossing-normal,False
2026-08-31T22:43:21Z,2026-09-08,411,Kragenæs > Femø,3769918,2026-09-08T08:50:00,2026-09-08T09:45:00,13,96,98,M/F Femøsund,crossing-normal,False
2026-08-31T22:43:21Z,2026-09-08,411,Kragenæs > Femø,3770080,2026-09-08T13:25:00,2026-09-08T14:20:00,15,98,98,M/F Femøsund,crossing-normal,False
2026-08-31T22:43:21Z,2026-09-08,411,Kragenæs > Femø,3770188,2026-09-08T17:15:00,2026-09-08T18:10:00,11,93,98,M/F Femøsund,crossing-normal,False
2026-08-31T22:43:21Z,2026-09-08,411,Kragenæs > Femø,3770296,2026-09-08T21:05:00,2026-09-08T22:00:00,15,98,98,M/F Femøsund,crossing-normal,False
2026-08-31T22:43:21Z,2026-09-08,411,Femø > Kragenæs,3769891,2026-09-08T06:00:00,2026-09-08T06:55:00,12,95,98,M/F Femøsund,crossing-normal,False
2026-08-31T22:43:21Z,2026-09-08,411,Femø > Kragenæs,3769945,2026-09-08T09:50:00,2026-09-08T10:45:00,14,96,98,M/F Femøsund,crossing-normal,False
2026-08-31T22:43:21Z,2026-09-08,411,Femø > Kragenæs,3770107,2026-09-08T14:25:00,2026-09-08T15:20:00,15,98,98,M/F Femøsund,crossing-normal,False
2026-08-31T22:43:21Z,2026-09-08,411,Femø > Kragenæs,3770215,2026-09-08T18:15:00,2026-09-08T19:10:00,11,94,98,M/F Femøsund,crossing-normal,False
2026-08-31T22:43:21Z,2026-09-08,413,Kragenæs > Askø,3769972,2026-09-08T07:10:00,2026-09-08T07:50:00,14,97,98,M/F Femøsund,crossing-normal,False
2026-08-31T22:43:21Z,2026-09-08,413,Kragenæs > Askø,3770026,2026-09-08T11:45:00,2026-09-08T12:25:00,14,97,98,M/F Femøsund,crossing-normal,False
2026-08-31T22:43:21Z,2026-09-08,413,Kragenæs > Askø,3770134,2026-09-08T15:35:00,2026-09-08T16:15:00,15,98,98,M/F Femøsund,crossing-normal,False
2026-08-31T22:43:21Z,2026-09-08,413,Kragenæs > Askø,3770242,2026-09-08T19:25:00,2026-09-08T20:05:00,15,98,98,M/F Femøsund,crossing-normal,False
2026-08-31T22:43:21Z,2026-09-08,413,Askø > Kragenæs,3769999,2026-09-08T07:55:00,2026-09-08T08:35:00,14,96,98,M/F Femøsund,crossing-normal,False
2026-08-31T22:43:21Z,2026-09-08,413,Askø > Kragenæs,3770053,2026-09-08T12:30:00,2026-09-08T13:10:00,14,97,98,M/F Femøsund,crossing-normal,False
2026-08-31T22:43:21Z,2026-09-08,413,Askø > Kragenæs,3770161,2026-09-08T16:20:00,2026-09-08T17:00:00,15,98,98,M/F Femøsund,crossing-normal,False
2026-08-31T22:43:21Z,2026-09-08,413,Askø > Kragenæs,3770269,2026-09-08T20:10:00,2026-09-08T20:50:00,15,98,98,M/F Femøsund,crossing-normal,False
2026-08-31T22:43:21Z,2026-09-08,414,Kragenæs > Fejø,3771037,2026-09-08T06:05:00,2026-09-08T06:25:00,24,98,98,M/F Christine,crossing-normal,False
2026-08-31T22:43:21Z,2026-09-08,414,Kragenæs > Fejø,3771079,2026-09-08T07:05:00,2026-09-08T07:25:00,24,98,98,M/F Christine,crossing-normal,False
2026-08-31T22:43:21Z,2026-09-08,414,Kragenæs > Fejø,3771121,2026-09-08T08:00:00,2026-09-08T08:20:00,24,98,98,M/F Christine,crossing-normal,False
2026-08-31T22:43:21Z,2026-09-08,414,Kragenæs > Fejø,3771163,2026-09-08T09:05:00,2026-09-08T09:25:00,24,98,98,M/F Christine,crossing-normal,False
2026-08-31T22:43:21Z,2026-09-08,414,Kragenæs > Fejø,3771205,2026-09-08T10:05:00,2026-09-08T10:25:00,24,98,98,M/F Christine,crossing-normal,False
2026-08-31T22:43:21Z,2026-09-08,414,Kragenæs > Fejø,3771247,2026-09-08T11:50:00,2026-09-08T12:10:00,24,98,98,M/F Christine,crossing-normal,False
2026-08-31T22:43:21Z,2026-09-08,414,Kragenæs > Fejø,3771289,2026-09-08T12:50:00,2026-09-08T13:10:00,24,98,98,M/F Christine,crossing-normal,False
2026-08-31T22:43:21Z,2026-09-08,414,Kragenæs > Fejø,3771331,2026-09-08T13:50:00,2026-09-08T14:10:00,24,98,98,M/F Christine,crossing-normal,False
2026-08-31T22:43:21Z,2026-09-08,414,Kragenæs > Fejø,3771373,2026-09-08T14:50:00,2026-09-08T15:10:00,24,98,98,M/F Christine,crossing-normal,False
2026-08-31T22:43:21Z,2026-09-08,414,Kragenæs > Fejø,3771415,2026-09-08T15:50:00,2026-09-08T16:10:00,23,97,98,M/F Christine,crossing-normal,False
2026-08-31T22:43:21Z,2026-09-08,414,Kragenæs > Fejø,3771457,2026-09-08T16:50:00,2026-09-08T17:10:00,24,98,98,M/F Christine,crossing-normal,False
2026-08-31T22:43:21Z,2026-09-08,414,Kragenæs > Fejø,3771499,2026-09-08T17:50:00,2026-09-08T18:10:00,24,98,98,M/F Christine,crossing-normal,False
2026-08-31T22:43:21Z,2026-09-08,414,Kragenæs > Fejø,3771541,2026-09-08T18:50:00,2026-09-08T19:10:00,24,98,98,M/F Christine,crossing-normal,False
2026-08-31T22:43:21Z,2026-09-08,414,Kragenæs > Fejø,3771583,2026-09-08T19:40:00,2026-09-08T20:00:00,24,98,98,M/F Christine,crossing-normal,False
2026-08-31T22:43:21Z,2026-09-08,414,Kragenæs > Fejø,3771625,2026-09-08T20:30:00,2026-09-08T20:50:00,24,98,98,M/F Christine,crossing-normal,False
2026-08-31T22:43:21Z,2026-09-08,414,Kragenæs > Fejø,3771667,2026-09-08T21:20:00,2026-09-08T21:40:00,24,98,98,M/F Christine,crossing-normal,False
2026-08-31T22:43:21Z,2026-09-08,414,Kragenæs > Fejø,3771709,2026-09-08T22:10:00,2026-09-08T22:30:00,24,98,98,M/F Christine,crossing-normal,False
2026-08-31T22:43:21Z,2026-09-08,414,Fejø > Kragenæs,3770323,2026-09-08T05:30:00,2026-09-08T05:50:00,24,98,98,M/F Christine,crossing-normal,False
2026-08-31T22:43:21Z,2026-09-08,414,Fejø > Kragenæs,3770365,2026-09-08T06:35:00,2026-09-08T06:55:00,22,96,98,M/F Christine,crossing-normal,False
2026-08-31T22:43:21Z,2026-09-08,414,Fejø > Kragenæs,3770407,2026-09-08T07:30:00,2026-09-08T07:50:00,23,97,98,M/F Christine,crossing-normal,False
2026-08-31T22:43:21Z,2026-09-08,414,Fejø > Kragenæs,3770449,2026-09-08T08:30:00,2026-09-08T08:50:00,23,96,98,M/F Christine,crossing-normal,False
2026-08-31T22:43:21Z,2026-09-08,414,Fejø > Kragenæs,3770491,2026-09-08T09:30:00,2026-09-08T09:50:00,23,97,98,M/F Christine,crossing-normal,False
2026-08-31T22:43:21Z,2026-09-08,414,Fejø > Kragenæs,3770533,2026-09-08T10:30:00,2026-09-08T10:50:00,24,98,98,M/F Christine,crossing-normal,False
2026-08-31T22:43:21Z,2026-09-08,414,Fejø > Kragenæs,3770575,2026-09-08T12:15:00,2026-09-08T12:35:00,24,98,98,M/F Christine,crossing-normal,False
2026-08-31T22:43:21Z,2026-09-08,414,Fejø > Kragenæs,3770617,2026-09-08T13:15:00,2026-09-08T13:35:00,24,98,98,M/F Christine,crossing-normal,False
2026-08-31T22:43:21Z,2026-09-08,414,Fejø > Kragenæs,3770659,2026-09-08T14:15:00,2026-09-08T14:35:00,24,98,98,M/F Christine,crossing-normal,False
2026-08-31T22:43:21Z,2026-09-08,414,Fejø > Kragenæs,3770701,2026-09-08T15:15:00,2026-09-08T15:35:00,23,94,98,M/F Christine,crossing-normal,False
2026-08-31T22:43:21Z,2026-09-08,414,Fejø > Kragenæs,3770743,2026-09-08T16:15:00,2026-09-08T16:35:00,24,98,98,M/F Christine,crossing-normal,False
2026-08-31T22:43:21Z,2026-09-08,414,Fejø > Kragenæs,3770785,2026-09-08T17:15:00,2026-09-08T17:35:00,24,98,98,M/F Christine,crossing-normal,False
2026-08-31T22:43:21Z,2026-09-08,414,Fejø > Kragenæs,3770827,2026-09-08T18:15:00,2026-09-08T18:35:00,24,98,98,M/F Christine,crossing-normal,False
2026-08-31T22:43:21Z,2026-09-08,414,Fejø > Kragenæs,3770869,2026-09-08T19:15:00,2026-09-08T19:35:00,24,98,98,M/F Christine,crossing-normal,False
2026-08-31T22:43:21Z,2026-09-08,414,Fejø > Kragenæs,3770911,2026-09-08T20:05:00,2026-09-08T20:25:00,24,98,98,M/F Christine,crossing-normal,False
2026-08-31T22:43:21Z,2026-09-08,414,Fejø > Kragenæs,3770953,2026-09-08T20:55:00,2026-09-08T21:15:00,24,98,98,M/F Christine,crossing-normal,False
2026-08-31T22:43:21Z,2026-09-08,414,Fejø > Kragenæs,3770995,2026-09-08T21:45:00,2026-09-08T22:05:00,24,98,98,M/F Christine,crossing-normal,False
2026-08-31T22:43:21Z,2026-09-09,411,Kragenæs > Femø,3769919,2026-09-09T08:50:00,2026-09-09T09:45:00,14,97,98,M/F Femøsund,crossing-normal,False
2026-08-31T22:43:21Z,2026-09-09,411,Kragenæs > Femø,3770081,2026-09-09T13:25:00,2026-09-09T14:20:00,11,96,98,M/F Femøsund,crossing-normal,False
2026-08-31T22:43:21Z,2026-09-09,411,Kragenæs > Femø,3770189,2026-09-09T17:15:00,2026-09-09T18:10:00,12,95,98,M/F Femøsund,crossing-normal,False
2026-08-31T22:43:21Z,2026-09-09,411,Kragenæs > Femø,3770297,2026-09-09T21:05:00,2026-09-09T22:00:00,14,97,98,M/F Femøsund,crossing-normal,False
2026-08-31T22:43:21Z,2026-09-09,411,Femø > Kragenæs,3769892,2026-09-09T06:00:00,2026-09-09T06:55:00,13,96,98,M/F Femøsund,crossing-normal,False
2026-08-31T22:43:21Z,2026-09-09,411,Femø > Kragenæs,3769946,2026-09-09T09:50:00,2026-09-09T10:45:00,10,95,98,M/F Femøsund,crossing-normal,False
2026-08-31T22:43:21Z,2026-09-09,411,Femø > Kragenæs,3770108,2026-09-09T14:25:00,2026-09-09T15:20:00,14,97,98,M/F Femøsund,crossing-normal,False
2026-08-31T22:43:21Z,2026-09-09,411,Femø > Kragenæs,3770216,2026-09-09T18:15:00,2026-09-09T19:10:00,14,96,98,M/F Femøsund,crossing-normal,False
2026-08-31T22:43:21Z,2026-09-09,413,Kragenæs > Askø,3769973,2026-09-09T07:10:00,2026-09-09T07:50:00,15,98,98,M/F Femøsund,crossing-normal,False
2026-08-31T22:43:21Z,2026-09-09,413,Kragenæs > Askø,3770027,2026-09-09T11:45:00,2026-09-09T12:25:00,15,98,98,M/F Femøsund,crossing-normal,False
2026-08-31T22:43:21Z,2026-09-09,413,Kragenæs > Askø,3770135,2026-09-09T15:35:00,2026-09-09T16:15:00,15,98,98,M/F Femøsund,crossing-normal,False
2026-08-31T22:43:21Z,2026-09-09,413,Kragenæs > Askø,3770243,2026-09-09T19:25:00,2026-09-09T20:05:00,15,98,98,M/F Femøsund,crossing-normal,False
2026-08-31T22:43:21Z,2026-09-09,413,Askø > Kragenæs,3770000,2026-09-09T07:55:00,2026-09-09T08:35:00,15,98,98,M/F Femøsund,crossing-normal,False
2026-08-31T22:43:21Z,2026-09-09,413,Askø > Kragenæs,3770054,2026-09-09T12:30:00,2026-09-09T13:10:00,14,97,98,M/F Femøsund,crossing-normal,False
2026-08-31T22:43:21Z,2026-09-09,413,Askø > Kragenæs,3770162,2026-09-09T16:20:00,2026-09-09T17:00:00,15,98,98,M/F Femøsund,crossing-normal,False
2026-08-31T22:43:21Z,2026-09-09,413,Askø > Kragenæs,3770270,2026-09-09T20:10:00,2026-09-09T20:50:00,15,98,98,M/F Femøsund,crossing-normal,False
2026-08-31T22:43:21Z,2026-09-09,414,Kragenæs > Fejø,3771038,2026-09-09T06:05:00,2026-09-09T06:25:00,24,98,98,M/F Christine,crossing-normal,False
2026-08-31T22:43:21Z,2026-09-09,414,Kragenæs > Fejø,3771080,2026-09-09T07:05:00,2026-09-09T07:25:00,24,98,98,M/F Christine,crossing-normal,False
2026-08-31T22:43:21Z,2026-09-09,414,Kragenæs > Fejø,3771122,2026-09-09T08:00:00,2026-09-09T08:20:00,24,98,98,M/F Christine,crossing-normal,False
2026-08-31T22:43:21Z,2026-09-09,414,Kragenæs > Fejø,3771164,2026-09-09T09:05:00,2026-09-09T09:25:00,24,98,98,M/F Christine,crossing-normal,False
2026-08-31T22:43:21Z,2026-09-09,414,Kragenæs > Fejø,3771206,2026-09-09T10:05:00,2026-09-09T10:25:00,24,98,98,M/F Christine,crossing-normal,False
2026-08-31T22:43:21Z,2026-09-09,414,Kragenæs > Fejø,3771248,2026-09-09T11:50:00,2026-09-09T12:10:00,21,96,98,M/F Christine,crossing-normal,False
2026-08-31T22:43:21Z,2026-09-09,414,Kragenæs > Fejø,3771290,2026-09-09T12:50:00,2026-09-09T13:10:00,24,98,98,M/F Christine,crossing-normal,False
2026-08-31T22:43:21Z,2026-09-09,414,Kragenæs > Fejø,3771332,2026-09-09T13:50:00,2026-09-09T14:10:00,24,98,98,M/F Christine,crossing-normal,False
2026-08-31T22:43:21Z,2026-09-09,414,Kragenæs > Fejø,3771374,2026-09-09T14:50:00,2026-09-09T15:10:00,23,97,98,M/F Christine,crossing-normal,False
2026-08-31T22:43:21Z,2026-09-09,414,Kragenæs > Fejø,3771416,2026-09-09T15:50:00,2026-09-09T16:10:00,24,98,98,M/F Christine,crossing-normal,False
2026-08-31T22:43:21Z,2026-09-09,414,Kragenæs > Fejø,3771458,2026-09-09T16:50:00,2026-09-09T17:10:00,24,98,98,M/F Christine,crossing-normal,False
2026-08-31T22:43:21Z,2026-09-09,414,Kragenæs > Fejø,3771500,2026-09-09T17:50:00,2026-09-09T18:10:00,24,98,98,M/F Christine,crossing-normal,False
2026-08-31T22:43:21Z,2026-09-09,414,Kragenæs > Fejø,3771542,2026-09-09T18:50:00,2026-09-09T19:10:00,24,98,98,M/F Christine,crossing-normal,False
2026-08-31T22:43:21Z,2026-09-09,414,Kragenæs > Fejø,3771584,2026-09-09T19:40:00,2026-09-09T20:00:00,24,97,98,M/F Christine,crossing-normal,False
2026-08-31T22:43:21Z,2026-09-09,414,Kragenæs > Fejø,3771626,2026-09-09T20:30:00,2026-09-09T20:50:00,24,98,98,M/F Christine,crossing-normal,False
2026-08-31T22:43:21Z,2026-09-09,414,Kragenæs > Fejø,3771668,2026-09-09T21:20:00,2026-09-09T21:40:00,24,98,98,M/F Christine,crossing-normal,False
2026-08-31T22:43:21Z,2026-09-09,414,Kragenæs > Fejø,3771710,2026-09-09T22:10:00,2026-09-09T22:30:00,24,98,98,M/F Christine,crossing-normal,False
2026-08-31T22:43:21Z,2026-09-09,414,Fejø > Kragenæs,3770324,2026-09-09T05:30:00,2026-09-09T05:50:00,24,98,98,M/F Christine,crossing-normal,False
2026-08-31T22:43:21Z,2026-09-09,414,Fejø > Kragenæs,3770366,2026-09-09T06:35:00,2026-09-09T06:55:00,23,97,98,M/F Christine,crossing-normal,False
2026-08-31T22:43:21Z,2026-09-09,414,Fejø > Kragenæs,3770408,2026-09-09T07:30:00,2026-09-09T07:50:00,24,98,98,M/F Christine,crossing-normal,False
2026-08-31T22:43:21Z,2026-09-09,414,Fejø > Kragenæs,3770450,2026-09-09T08:30:00,2026-09-09T08:50:00,24,98,98,M/F Christine,crossing-normal,False
2026-08-31T22:43:21Z,2026-09-09,414,Fejø > Kragenæs,3770492,2026-09-09T09:30:00,2026-09-09T09:50:00,23,96,98,M/F Christine,crossing-normal,False
2026-08-31T22:43:21Z,2026-09-09,414,Fejø > Kragenæs,3770534,2026-09-09T10:30:00,2026-09-09T10:50:00,24,98,98,M/F Christine,crossing-normal,False
2026-08-31T22:43:21Z,2026-09-09,414,Fejø > Kragenæs,3770576,2026-09-09T12:15:00,2026-09-09T12:35:00,24,97,98,M/F Christine,crossing-normal,False
2026-08-31T22:43:21Z,2026-09-09,414,Fejø > Kragenæs,3770618,2026-09-09T13:15:00,2026-09-09T13:35:00,24,98,98,M/F Christine,crossing-normal,False
2026-08-31T22:43:21Z,2026-09-09,414,Fejø > Kragenæs,3770660,2026-09-09T14:15:00,2026-09-09T14:35:00,21,96,98,M/F Christine,crossing-normal,False
2026-08-31T22:43:21Z,2026-09-09,414,Fejø > Kragenæs,3770702,2026-09-09T15:15:00,2026-09-09T15:35:00,24,98,98,M/F Christine,crossing-normal,False
2026-08-31T22:43:21Z,2026-09-09,414,Fejø > Kragenæs,3770744,2026-09-09T16:15:00,2026-09-09T16:35:00,24,98,98,M/F Christine,crossing-normal,False
2026-08-31T22:43:21Z,2026-09-09,414,Fejø > Kragenæs,3770786,2026-09-09T17:15:00,2026-09-09T17:35:00,24,98,98,M/F Christine,crossing-normal,False
2026-08-31T22:43:21Z,2026-09-09,414,Fejø > Kragenæs,3770828,2026-09-09T18:15:00,2026-09-09T18:35:00,24,98,98,M/F Christine,crossing-normal,False
2026-08-31T22:43:21Z,2026-09-09,414,Fejø > Kragenæs,3770870,2026-09-09T19:15:00,2026-09-09T19:35:00,24,98,98,M/F Christine,crossing-normal,False
2026-08-31T22:43:21Z,2026-09-09,414,Fejø > Kragenæs,3770912,2026-09-09T20:05:00,2026-09-09T20:25:00,24,98,98,M/F Christine,crossing-normal,False
2026-08-31T22:43:21Z,2026-09-09,414,Fejø > Kragenæs,3770954,2026-09-09T20:55:00,2026-09-09T21:15:00,23,96,98,M/F Christine,crossing-normal,False
2026-08-31T22:43:21Z,2026-09-09,414,Fejø > Kragenæs,3770996,2026-09-09T21:45:00,2026-09-09T22:05:00,24,98,98,M/F Christine,crossing-normal,False
2026-08-31T22:43:21Z,2026-09-10,411,Kragenæs > Femø,3769920,2026-09-10T08:50:00,2026-09-10T09:45:00,11,97,98,M/F Femøsund,crossing-normal,False
2026-08-31T22:43:21Z,2026-09-10,411,Kragenæs > Femø,3770082,2026-09-10T13:25:00,2026-09-10T14:20:00,14,97,98,M/F Femøsund,crossing-normal,False
2026-08-31T22:43:21Z,2026-09-10,411,Kragenæs > Femø,3770190,2026-09-10T17:15:00,2026-09-10T18:10:00,13,95,98,M/F Femøsund,crossing-normal,False
2026-08-31T22:43:21Z,2026-09-10,411,Kragenæs > Femø,3770298,2026-09-10T21:05:00,2026-09-10T22:00:00,15,98,98,M/F Femøsund,crossing-normal,False
2026-08-31T22:43:21Z,2026-09-10,411,Femø > Kragenæs,3769893,2026-09-10T06:00:00,2026-09-10T06:55:00,14,97,98,M/F Femøsund,crossing-normal,False
2026-08-31T22:43:21Z,2026-09-10,411,Femø > Kragenæs,3769947,2026-09-10T09:50:00,2026-09-10T10:45:00,14,97,98,M/F Femøsund,crossing-normal,False
2026-08-31T22:43:21Z,2026-09-10,411,Femø > Kragenæs,3770109,2026-09-10T14:25:00,2026-09-10T15:20:00,9,95,98,M/F Femøsund,crossing-normal,False
2026-08-31T22:43:21Z,2026-09-10,411,Femø > Kragenæs,3770217,2026-09-10T18:15:00,2026-09-10T19:10:00,15,98,98,M/F Femøsund,crossing-normal,False
2026-08-31T22:43:21Z,2026-09-10,413,Kragenæs > Askø,3769974,2026-09-10T07:10:00,2026-09-10T07:50:00,14,97,98,M/F Femøsund,crossing-normal,False
2026-08-31T22:43:21Z,2026-09-10,413,Kragenæs > Askø,3770028,2026-09-10T11:45:00,2026-09-10T12:25:00,15,98,98,M/F Femøsund,crossing-normal,False
2026-08-31T22:43:21Z,2026-09-10,413,Kragenæs > Askø,3770136,2026-09-10T15:35:00,2026-09-10T16:15:00,14,96,98,M/F Femøsund,crossing-normal,False
2026-08-31T22:43:21Z,2026-09-10,413,Kragenæs > Askø,3770244,2026-09-10T19:25:00,2026-09-10T20:05:00,15,98,98,M/F Femøsund,crossing-normal,False
2026-08-31T22:43:21Z,2026-09-10,413,Askø > Kragenæs,3770001,2026-09-10T07:55:00,2026-09-10T08:35:00,15,98,98,M/F Femøsund,crossing-normal,False
2026-08-31T22:43:21Z,2026-09-10,413,Askø > Kragenæs,3770055,2026-09-10T12:30:00,2026-09-10T13:10:00,14,97,98,M/F Femøsund,crossing-normal,False
2026-08-31T22:43:21Z,2026-09-10,413,Askø > Kragenæs,3770163,2026-09-10T16:20:00,2026-09-10T17:00:00,15,98,98,M/F Femøsund,crossing-normal,False
2026-08-31T22:43:21Z,2026-09-10,413,Askø > Kragenæs,3770271,2026-09-10T20:10:00,2026-09-10T20:50:00,15,98,98,M/F Femøsund,crossing-normal,False
2026-08-31T22:43:21Z,2026-09-10,414,Kragenæs > Fejø,3771039,2026-09-10T06:05:00,2026-09-10T06:25:00,24,98,98,M/F Christine,crossing-normal,False
2026-08-31T22:43:21Z,2026-09-10,414,Kragenæs > Fejø,3771081,2026-09-10T07:05:00,2026-09-10T07:25:00,24,98,98,M/F Christine,crossing-normal,False
2026-08-31T22:43:21Z,2026-09-10,414,Kragenæs > Fejø,3771123,2026-09-10T08:00:00,2026-09-10T08:20:00,24,98,98,M/F Christine,crossing-normal,False
2026-08-31T22:43:21Z,2026-09-10,414,Kragenæs > Fejø,3771165,2026-09-10T09:05:00,2026-09-10T09:25:00,24,98,98,M/F Christine,crossing-normal,False
2026-08-31T22:43:21Z,2026-09-10,414,Kragenæs > Fejø,3771207,2026-09-10T10:05:00,2026-09-10T10:25:00,24,98,98,M/F Christine,crossing-normal,False
2026-08-31T22:43:21Z,2026-09-10,414,Kragenæs > Fejø,3771249,2026-09-10T11:50:00,2026-09-10T12:10:00,24,98,98,M/F Christine,crossing-normal,False
2026-08-31T22:43:21Z,2026-09-10,414,Kragenæs > Fejø,3771291,2026-09-10T12:50:00,2026-09-10T13:10:00,24,98,98,M/F Christine,crossing-normal,False
2026-08-31T22:43:21Z,2026-09-10,414,Kragenæs > Fejø,3771333,2026-09-10T13:50:00,2026-09-10T14:10:00,24,98,98,M/F Christine,crossing-normal,False
2026-08-31T22:43:21Z,2026-09-10,414,Kragenæs > Fejø,3771375,2026-09-10T14:50:00,2026-09-10T15:10:00,24,98,98,M/F Christine,crossing-normal,False
2026-08-31T22:43:21Z,2026-09-10,414,Kragenæs > Fejø,3771417,2026-09-10T15:50:00,2026-09-10T16:10:00,24,98,98,M/F Christine,crossing-normal,False
2026-08-31T22:43:21Z,2026-09-10,414,Kragenæs > Fejø,3771459,2026-09-10T16:50:00,2026-09-10T17:10:00,24,98,98,M/F Christine,crossing-normal,False
2026-08-31T22:43:21Z,2026-09-10,414,Kragenæs > Fejø,3771501,2026-09-10T17:50:00,2026-09-10T18:10:00,24,98,98,M/F Christine,crossing-normal,False
2026-08-31T22:43:21Z,2026-09-10,414,Kragenæs > Fejø,3771543,2026-09-10T18:50:00,2026-09-10T19:10:00,24,98,98,M/F Christine,crossing-normal,False
2026-08-31T22:43:21Z,2026-09-10,414,Kragenæs > Fejø,3771585,2026-09-10T19:40:00,2026-09-10T20:00:00,24,98,98,M/F Christine,crossing-normal,False
2026-08-31T22:43:21Z,2026-09-10,414,Kragenæs > Fejø,3771627,2026-09-10T20:30:00,2026-09-10T20:50:00,24,98,98,M/F Christine,crossing-normal,False
2026-08-31T22:43:21Z,2026-09-10,414,Kragenæs > Fejø,3771669,2026-09-10T21:20:00,2026-09-10T21:40:00,24,98,98,M/F Christine,crossing-normal,False
2026-08-31T22:43:21Z,2026-09-10,414,Kragenæs > Fejø,3771711,2026-09-10T22:10:00,2026-09-10T22:30:00,24,98,98,M/F Christine,crossing-normal,False
2026-08-31T22:43:21Z,2026-09-10,414,Fejø > Kragenæs,3770325,2026-09-10T05:30:00,2026-09-10T05:50:00,24,98,98,M/F Christine,crossing-normal,False
2026-08-31T22:43:21Z,2026-09-10,414,Fejø > Kragenæs,3770367,2026-09-10T06:35:00,2026-09-10T06:55:00,22,85,98,M/F Christine,crossing-normal,False
2026-08-31T22:43:21Z,2026-09-10,414,Fejø > Kragenæs,3770409,2026-09-10T07:30:00,2026-09-10T07:50:00,24,98,98,M/F Christine,crossing-normal,False
2026-08-31T22:43:21Z,2026-09-10,414,Fejø > Kragenæs,3770451,2026-09-10T08:30:00,2026-09-10T08:50:00,24,98,98,M/F Christine,crossing-normal,False
2026-08-31T22:43:21Z,2026-09-10,414,Fejø > Kragenæs,3770493,2026-09-10T09:30:00,2026-09-10T09:50:00,24,98,98,M/F Christine,crossing-normal,False
2026-08-31T22:43:21Z,2026-09-10,414,Fejø > Kragenæs,3770535,2026-09-10T10:30:00,2026-09-10T10:50:00,24,98,98,M/F Christine,crossing-normal,False
2026-08-31T22:43:21Z,2026-09-10,414,Fejø > Kragenæs,3770577,2026-09-10T12:15:00,2026-09-10T12:35:00,24,98,98,M/F Christine,crossing-normal,False
2026-08-31T22:43:21Z,2026-09-10,414,Fejø > Kragenæs,3770619,2026-09-10T13:15:00,2026-09-10T13:35:00,24,98,98,M/F Christine,crossing-normal,False
2026-08-31T22:43:21Z,2026-09-10,414,Fejø > Kragenæs,3770661,2026-09-10T14:15:00,2026-09-10T14:35:00,24,98,98,M/F Christine,crossing-normal,False
2026-08-31T22:43:21Z,2026-09-10,414,Fejø > Kragenæs,3770703,2026-09-10T15:15:00,2026-09-10T15:35:00,24,98,98,M/F Christine,crossing-normal,False
2026-08-31T22:43:21Z,2026-09-10,414,Fejø > Kragenæs,3770745,2026-09-10T16:15:00,2026-09-10T16:35:00,24,98,98,M/F Christine,crossing-normal,False
2026-08-31T22:43:21Z,2026-09-10,414,Fejø > Kragenæs,3770787,2026-09-10T17:15:00,2026-09-10T17:35:00,24,98,98,M/F Christine,crossing-normal,False
2026-08-31T22:43:21Z,2026-09-10,414,Fejø > Kragenæs,3770829,2026-09-10T18:15:00,2026-09-10T18:35:00,24,98,98,M/F Christine,crossing-normal,False
2026-08-31T22:43:21Z,2026-09-10,414,Fejø > Kragenæs,3770871,2026-09-10T19:15:00,2026-09-10T19:35:00,24,98,98,M/F Christine,crossing-normal,False
2026-08-31T22:43:21Z,2026-09-10,414,Fejø > Kragenæs,3770913,2026-09-10T20:05:00,2026-09-10T20:25:00,24,98,98,M/F Christine,crossing-normal,False
2026-08-31T22:43:21Z,2026-09-10,414,Fejø > Kragenæs,3770955,2026-09-10T20:55:00,2026-09-10T21:15:00,24,98,98,M/F Christine,crossing-normal,False
2026-08-31T22:43:21Z,2026-09-10,414,Fejø > Kragenæs,3770997,2026-09-10T21:45:00,2026-09-10T22:05:00,24,98,98,M/F Christine,crossing-normal,False
2026-08-31T22:43:21Z,2026-09-11,411,Kragenæs > Femø,3769921,2026-09-11T08:50:00,2026-09-11T09:45:00,15,98,98,M/F Femøsund,crossing-normal,False
2026-08-31T22:43:21Z,2026-09-11,411,Kragenæs > Femø,3770083,2026-09-11T13:25:00,2026-09-11T14:20:00,9,93,98,M/F Femøsund,crossing-normal,False
2026-08-31T22:43:21Z,2026-09-11,411,Kragenæs > Femø,3770191,2026-09-11T17:15:00,2026-09-11T18:10:00,12,90,98,M/F Femøsund,crossing-normal,False
2026-08-31T22:43:21Z,2026-09-11,411,Kragenæs > Femø,3770299,2026-09-11T21:05:00,2026-09-11T22:00:00,11,87,98,M/F Femøsund,crossing-normal,False
2026-08-31T22:43:21Z,2026-09-11,411,Femø > Kragenæs,3769894,2026-09-11T06:00:00,2026-09-11T06:55:00,14,97,98,M/F Femøsund,crossing-normal,False
2026-08-31T22:43:21Z,2026-09-11,411,Femø > Kragenæs,3769948,2026-09-11T09:50:00,2026-09-11T10:45:00,12,97,98,M/F Femøsund,crossing-normal,False
2026-08-31T22:43:21Z,2026-09-11,411,Femø > Kragenæs,3770110,2026-09-11T14:25:00,2026-09-11T15:20:00,15,97,98,M/F Femøsund,crossing-normal,False
2026-08-31T22:43:21Z,2026-09-11,411,Femø > Kragenæs,3770218,2026-09-11T18:15:00,2026-09-11T19:10:00,14,97,98,M/F Femøsund,crossing-normal,False
2026-08-31T22:43:21Z,2026-09-11,413,Kragenæs > Askø,3769975,2026-09-11T07:10:00,2026-09-11T07:50:00,15,98,98,M/F Femøsund,crossing-normal,False
2026-08-31T22:43:21Z,2026-09-11,413,Kragenæs > Askø,3770029,2026-09-11T11:45:00,2026-09-11T12:25:00,15,98,98,M/F Femøsund,crossing-normal,False
2026-08-31T22:43:21Z,2026-09-11,413,Kragenæs > Askø,3770137,2026-09-11T15:35:00,2026-09-11T16:15:00,10,91,98,M/F Femøsund,crossing-normal,False
2026-08-31T22:43:21Z,2026-09-11,413,Kragenæs > Askø,3770245,2026-09-11T19:25:00,2026-09-11T20:05:00,14,96,98,M/F Femøsund,crossing-normal,False
2026-08-31T22:43:21Z,2026-09-11,413,Askø > Kragenæs,3770002,2026-09-11T07:55:00,2026-09-11T08:35:00,15,98,98,M/F Femøsund,crossing-normal,False
2026-08-31T22:43:21Z,2026-09-11,413,Askø > Kragenæs,3770056,2026-09-11T12:30:00,2026-09-11T13:10:00,15,98,98,M/F Femøsund,crossing-normal,False
2026-08-31T22:43:21Z,2026-09-11,413,Askø > Kragenæs,3770164,2026-09-11T16:20:00,2026-09-11T17:00:00,15,98,98,M/F Femøsund,crossing-normal,False
2026-08-31T22:43:21Z,2026-09-11,413,Askø > Kragenæs,3770272,2026-09-11T20:10:00,2026-09-11T20:50:00,15,98,98,M/F Femøsund,crossing-normal,False
2026-08-31T22:43:21Z,2026-09-11,414,Kragenæs > Fejø,3771040,2026-09-11T06:05:00,2026-09-11T06:25:00,24,98,98,M/F Christine,crossing-normal,False
2026-08-31T22:43:21Z,2026-09-11,414,Kragenæs > Fejø,3771082,2026-09-11T07:05:00,2026-09-11T07:25:00,24,98,98,M/F Christine,crossing-normal,False
2026-08-31T22:43:21Z,2026-09-11,414,Kragenæs > Fejø,3771124,2026-09-11T08:00:00,2026-09-11T08:20:00,24,98,98,M/F Christine,crossing-normal,False
2026-08-31T22:43:21Z,2026-09-11,414,Kragenæs > Fejø,3771166,2026-09-11T09:05:00,2026-09-11T09:25:00,24,98,98,M/F Christine,crossing-normal,False
2026-08-31T22:43:21Z,2026-09-11,414,Kragenæs > Fejø,3771208,2026-09-11T10:05:00,2026-09-11T10:25:00,24,98,98,M/F Christine,crossing-normal,False
2026-08-31T22:43:21Z,2026-09-11,414,Kragenæs > Fejø,3771250,2026-09-11T11:50:00,2026-09-11T12:10:00,24,98,98,M/F Christine,crossing-normal,False
2026-08-31T22:43:21Z,2026-09-11,414,Kragenæs > Fejø,3771292,2026-09-11T12:50:00,2026-09-11T13:10:00,24,98,98,M/F Christine,crossing-normal,False
2026-08-31T22:43:21Z,2026-09-11,414,Kragenæs > Fejø,3771334,2026-09-11T13:50:00,2026-09-11T14:10:00,24,98,98,M/F Christine,crossing-normal,False
2026-08-31T22:43:21Z,2026-09-11,414,Kragenæs > Fejø,3771376,2026-09-11T14:50:00,2026-09-11T15:10:00,24,98,98,M/F Christine,crossing-normal,False
2026-08-31T22:43:21Z,2026-09-11,414,Kragenæs > Fejø,3771418,2026-09-11T15:50:00,2026-09-11T16:10:00,24,98,98,M/F Christine,crossing-normal,False
2026-08-31T22:43:21Z,2026-09-11,414,Kragenæs > Fejø,3771460,2026-09-11T16:50:00,2026-09-11T17:10:00,24,98,98,M/F Christine,crossing-normal,False
2026-08-31T22:43:21Z,2026-09-11,414,Kragenæs > Fejø,3771502,2026-09-11T17:50:00,2026-09-11T18:10:00,24,98,98,M/F Christine,crossing-normal,False
2026-08-31T22:43:21Z,2026-09-11,414,Kragenæs > Fejø,3771544,2026-09-11T18:50:00,2026-09-11T19:10:00,24,98,98,M/F Christine,crossing-normal,False
2026-08-31T22:43:21Z,2026-09-11,414,Kragenæs > Fejø,3771586,2026-09-11T19:40:00,2026-09-11T20:00:00,24,98,98,M/F Christine,crossing-normal,False
2026-08-31T22:43:21Z,2026-09-11,414,Kragenæs > Fejø,3771628,2026-09-11T20:30:00,2026-09-11T20:50:00,24,98,98,M/F Christine,crossing-normal,False
2026-08-31T22:43:21Z,2026-09-11,414,Kragenæs > Fejø,3771670,2026-09-11T21:20:00,2026-09-11T21:40:00,24,98,98,M/F Christine,crossing-normal,False
2026-08-31T22:43:21Z,2026-09-11,414,Kragenæs > Fejø,3771712,2026-09-11T22:10:00,2026-09-11T22:30:00,24,98,98,M/F Christine,crossing-normal,False
2026-08-31T22:43:21Z,2026-09-11,414,Fejø > Kragenæs,3770326,2026-09-11T05:30:00,2026-09-11T05:50:00,24,98,98,M/F Christine,crossing-normal,False
2026-08-31T22:43:21Z,2026-09-11,414,Fejø > Kragenæs,3770368,2026-09-11T06:35:00,2026-09-11T06:55:00,24,98,98,M/F Christine,crossing-normal,False
2026-08-31T22:43:21Z,2026-09-11,414,Fejø > Kragenæs,3770410,2026-09-11T07:30:00,2026-09-11T07:50:00,24,98,98,M/F Christine,crossing-normal,False
2026-08-31T22:43:21Z,2026-09-11,414,Fejø > Kragenæs,3770452,2026-09-11T08:30:00,2026-09-11T08:50:00,24,98,98,M/F Christine,crossing-normal,False
2026-08-31T22:43:21Z,2026-09-11,414,Fejø > Kragenæs,3770494,2026-09-11T09:30:00,2026-09-11T09:50:00,24,98,98,M/F Christine,crossing-normal,False
2026-08-31T22:43:21Z,2026-09-11,414,Fejø > Kragenæs,3770536,2026-09-11T10:30:00,2026-09-11T10:50:00,24,98,98,M/F Christine,crossing-normal,False
2026-08-31T22:43:21Z,2026-09-11,414,Fejø > Kragenæs,3770578,2026-09-11T12:15:00,2026-09-11T12:35:00,24,98,98,M/F Christine,crossing-normal,False
2026-08-31T22:43:21Z,2026-09-11,414,Fejø > Kragenæs,3770620,2026-09-11T13:15:00,2026-09-11T13:35:00,24,98,98,M/F Christine,crossing-normal,False
2026-08-31T22:43:21Z,2026-09-11,414,Fejø > Kragenæs,3770662,2026-09-11T14:15:00,2026-09-11T14:35:00,24,98,98,M/F Christine,crossing-normal,False
2026-08-31T22:43:21Z,2026-09-11,414,Fejø > Kragenæs,3770704,2026-09-11T15:15:00,2026-09-11T15:35:00,24,98,98,M/F Christine,crossing-normal,False
2026-08-31T22:43:21Z,2026-09-11,414,Fejø > Kragenæs,3770746,2026-09-11T16:15:00,2026-09-11T16:35:00,24,98,98,M/F Christine,crossing-normal,False
2026-08-31T22:43:21Z,2026-09-11,414,Fejø > Kragenæs,3770788,2026-09-11T17:15:00,2026-09-11T17:35:00,24,98,98,M/F Christine,crossing-normal,False
2026-08-31T22:43:21Z,2026-09-11,414,Fejø > Kragenæs,3770830,2026-09-11T18:15:00,2026-09-11T18:35:00,24,98,98,M/F Christine,crossing-normal,False
2026-08-31T22:43:21Z,2026-09-11,414,Fejø > Kragenæs,3770872,2026-09-11T19:15:00,2026-09-11T19:35:00,24,98,98,M/F Christine,crossing-normal,False
2026-08-31T22:43:21Z,2026-09-11,414,Fejø > Kragenæs,3770914,2026-09-11T20:05:00,2026-09-11T20:25:00,24,98,98,M/F Christine,crossing-normal,False
2026-08-31T22:43:21Z,2026-09-11,414,Fejø > Kragenæs,3770956,2026-09-11T20:55:00,2026-09-11T21:15:00,24,98,98,M/F Christine,crossing-normal,False
2026-08-31T22:43:21Z,2026-09-11,414,Fejø > Kragenæs,3770998,2026-09-11T21:45:00,2026-09-11T22:05:00,24,98,98,M/F Christine,crossing-normal,False
2026-08-31T22:43:21Z,2026-09-12,411,Kragenæs > Femø,3769922,2026-09-12T08:50:00,2026-09-12T09:45:00,15,98,98,M/F Femøsund,crossing-normal,False
2026-08-31T22:43:21Z,2026-09-12,411,Kragenæs > Femø,3770084,2026-09-12T13:25:00,2026-09-12T14:20:00,15,98,98,M/F Femøsund,crossing-normal,False
2026-08-31T22:43:21Z,2026-09-12,411,Kragenæs > Femø,3770192,2026-09-12T17:15:00,2026-09-12T18:10:00,14,97,98,M/F Femøsund,crossing-normal,False
2026-08-31T22:43:21Z,2026-09-12,411,Kragenæs > Femø,3770300,2026-09-12T21:05:00,2026-09-12T22:00:00,15,98,98,M/F Femøsund,crossing-normal,False
2026-08-31T22:43:21Z,2026-09-12,411,Femø > Kragenæs,3769895,2026-09-12T06:00:00,2026-09-12T06:55:00,14,97,98,M/F Femøsund,crossing-normal,False
2026-08-31T22:43:21Z,2026-09-12,411,Femø > Kragenæs,3769949,2026-09-12T09:50:00,2026-09-12T10:45:00,15,98,98,M/F Femøsund,crossing-normal,False
2026-08-31T22:43:21Z,2026-09-12,411,Femø > Kragenæs,3770111,2026-09-12T14:25:00,2026-09-12T15:20:00,15,98,98,M/F Femøsund,crossing-normal,False
2026-08-31T22:43:21Z,2026-09-12,411,Femø > Kragenæs,3770219,2026-09-12T18:15:00,2026-09-12T19:10:00,15,98,98,M/F Femøsund,crossing-normal,False
2026-08-31T22:43:21Z,2026-09-12,413,Kragenæs > Askø,3769976,2026-09-12T07:10:00,2026-09-12T07:50:00,15,98,98,M/F Femøsund,crossing-normal,False
2026-08-31T22:43:21Z,2026-09-12,413,Kragenæs > Askø,3770030,2026-09-12T11:45:00,2026-09-12T12:25:00,15,98,98,M/F Femøsund,crossing-normal,False
2026-08-31T22:43:21Z,2026-09-12,413,Kragenæs > Askø,3770138,2026-09-12T15:35:00,2026-09-12T16:15:00,14,96,98,M/F Femøsund,crossing-normal,False
2026-08-31T22:43:21Z,2026-09-12,413,Kragenæs > Askø,3770246,2026-09-12T19:25:00,2026-09-12T20:05:00,14,97,98,M/F Femøsund,crossing-normal,False
2026-08-31T22:43:21Z,2026-09-12,413,Askø > Kragenæs,3770003,2026-09-12T07:55:00,2026-09-12T08:35:00,15,98,98,M/F Femøsund,crossing-normal,False
2026-08-31T22:43:21Z,2026-09-12,413,Askø > Kragenæs,3770057,2026-09-12T12:30:00,2026-09-12T13:10:00,15,98,98,M/F Femøsund,crossing-normal,False
2026-08-31T22:43:21Z,2026-09-12,413,Askø > Kragenæs,3770165,2026-09-12T16:20:00,2026-09-12T17:00:00,15,98,98,M/F Femøsund,crossing-normal,False
2026-08-31T22:43:21Z,2026-09-12,413,Askø > Kragenæs,3770273,2026-09-12T20:10:00,2026-09-12T20:50:00,15,98,98,M/F Femøsund,crossing-normal,False
2026-08-31T22:43:21Z,2026-09-12,414,Kragenæs > Fejø,3771041,2026-09-12T06:05:00,2026-09-12T06:25:00,24,98,98,M/F Christine,crossing-normal,False
2026-08-31T22:43:21Z,2026-09-12,414,Kragenæs > Fejø,3771083,2026-09-12T07:05:00,2026-09-12T07:25:00,24,98,98,M/F Christine,crossing-normal,False
2026-08-31T22:43:21Z,2026-09-12,414,Kragenæs > Fejø,3771125,2026-09-12T08:00:00,2026-09-12T08:20:00,24,98,98,M/F Christine,crossing-normal,False
2026-08-31T22:43:21Z,2026-09-12,414,Kragenæs > Fejø,3771167,2026-09-12T09:05:00,2026-09-12T09:25:00,24,98,98,M/F Christine,crossing-normal,False
2026-08-31T22:43:21Z,2026-09-12,414,Kragenæs > Fejø,3771209,2026-09-12T10:05:00,2026-09-12T10:25:00,24,98,98,M/F Christine,crossing-normal,False
2026-08-31T22:43:21Z,2026-09-12,414,Kragenæs > Fejø,3771251,2026-09-12T11:50:00,2026-09-12T12:10:00,24,98,98,M/F Christine,crossing-normal,False
2026-08-31T22:43:21Z,2026-09-12,414,Kragenæs > Fejø,3771293,2026-09-12T12:50:00,2026-09-12T13:10:00,23,96,98,M/F Christine,crossing-normal,False
2026-08-31T22:43:21Z,2026-09-12,414,Kragenæs > Fejø,3771335,2026-09-12T13:50:00,2026-09-12T14:10:00,24,98,98,M/F Christine,crossing-normal,False
2026-08-31T22:43:21Z,2026-09-12,414,Kragenæs > Fejø,3771377,2026-09-12T14:50:00,2026-09-12T15:10:00,24,98,98,M/F Christine,crossing-normal,False
2026-08-31T22:43:21Z,2026-09-12,414,Kragenæs > Fejø,3771419,2026-09-12T15:50:00,2026-09-12T16:10:00,24,98,98,M/F Christine,crossing-normal,False
2026-08-31T22:43:21Z,2026-09-12,414,Kragenæs > Fejø,3771461,2026-09-12T16:50:00,2026-09-12T17:10:00,24,98,98,M/F Christine,crossing-normal,False
2026-08-31T22:43:21Z,2026-09-12,414,Kragenæs > Fejø,3771503,2026-09-12T17:50:00,2026-09-12T18:10:00,24,98,98,M/F Christine,crossing-normal,False
2026-08-31T22:43:21Z,2026-09-12,414,Kragenæs > Fejø,3771545,2026-09-12T18:50:00,2026-09-12T19:10:00,24,98,98,M/F Christine,crossing-normal,False
2026-08-31T22:43:21Z,2026-09-12,414,Kragenæs > Fejø,3771587,2026-09-12T19:40:00,2026-09-12T20:00:00,24,98,98,M/F Christine,crossing-normal,False
2026-08-31T22:43:21Z,2026-09-12,414,Kragenæs > Fejø,3771629,2026-09-12T20:30:00,2026-09-12T20:50:00,24,98,98,M/F Christine,crossing-normal,False
2026-08-31T22:43:21Z,2026-09-12,414,Kragenæs > Fejø,3771671,2026-09-12T21:20:00,2026-09-12T21:40:00,23,93,98,M/F Christine,crossing-normal,False
2026-08-31T22:43:21Z,2026-09-12,414,Kragenæs > Fejø,3771713,2026-09-12T22:10:00,2026-09-12T22:30:00,24,98,98,M/F Christine,crossing-normal,False
2026-08-31T22:43:21Z,2026-09-12,414,Fejø > Kragenæs,3770327,2026-09-12T05:30:00,2026-09-12T05:50:00,24,98,98,M/F Christine,crossing-normal,False
2026-08-31T22:43:21Z,2026-09-12,414,Fejø > Kragenæs,3770369,2026-09-12T06:35:00,2026-09-12T06:55:00,24,98,98,M/F Christine,crossing-normal,False
2026-08-31T22:43:21Z,2026-09-12,414,Fejø > Kragenæs,3770411,2026-09-12T07:30:00,2026-09-12T07:50:00,22,94,98,M/F Christine,crossing-normal,False
2026-08-31T22:43:21Z,2026-09-12,414,Fejø > Kragenæs,3770453,2026-09-12T08:30:00,2026-09-12T08:50:00,24,98,98,M/F Christine,crossing-normal,False
2026-08-31T22:43:21Z,2026-09-12,414,Fejø > Kragenæs,3770495,2026-09-12T09:30:00,2026-09-12T09:50:00,23,93,98,M/F Christine,crossing-normal,False
2026-08-31T22:43:21Z,2026-09-12,414,Fejø > Kragenæs,3770537,2026-09-12T10:30:00,2026-09-12T10:50:00,24,98,98,M/F Christine,crossing-normal,False
2026-08-31T22:43:21Z,2026-09-12,414,Fejø > Kragenæs,3770579,2026-09-12T12:15:00,2026-09-12T12:35:00,24,98,98,M/F Christine,crossing-normal,False
2026-08-31T22:43:21Z,2026-09-12,414,Fejø > Kragenæs,3770621,2026-09-12T13:15:00,2026-09-12T13:35:00,24,98,98,M/F Christine,crossing-normal,False
2026-08-31T22:43:21Z,2026-09-12,414,Fejø > Kragenæs,3770663,2026-09-12T14:15:00,2026-09-12T14:35:00,24,98,98,M/F Christine,crossing-normal,False
2026-08-31T22:43:21Z,2026-09-12,414,Fejø > Kragenæs,3770705,2026-09-12T15:15:00,2026-09-12T15:35:00,24,98,98,M/F Christine,crossing-normal,False
2026-08-31T22:43:21Z,2026-09-12,414,Fejø > Kragenæs,3770747,2026-09-12T16:15:00,2026-09-12T16:35:00,24,98,98,M/F Christine,crossing-normal,False
2026-08-31T22:43:21Z,2026-09-12,414,Fejø > Kragenæs,3770789,2026-09-12T17:15:00,2026-09-12T17:35:00,24,98,98,M/F Christine,crossing-normal,False
2026-08-31T22:43:21Z,2026-09-12,414,Fejø > Kragenæs,3770831,2026-09-12T18:15:00,2026-09-12T18:35:00,23,96,98,M/F Christine,crossing-normal,False
2026-08-31T22:43:21Z,2026-09-12,414,Fejø > Kragenæs,3770873,2026-09-12T19:15:00,2026-09-12T19:35:00,24,98,98,M/F Christine,crossing-normal,False
2026-08-31T22:43:21Z,2026-09-12,414,Fejø > Kragenæs,3770915,2026-09-12T20:05:00,2026-09-12T20:25:00,24,98,98,M/F Christine,crossing-normal,False
2026-08-31T22:43:21Z,2026-09-12,414,Fejø > Kragenæs,3770957,2026-09-12T20:55:00,2026-09-12T21:15:00,24,98,98,M/F Christine,crossing-normal,False
2026-08-31T22:43:21Z,2026-09-12,414,Fejø > Kragenæs,3770999,2026-09-12T21:45:00,2026-09-12T22:05:00,24,98,98,M/F Christine,crossing-normal,False
2026-08-31T22:43:21Z,2026-09-13,411,Kragenæs > Femø,3769923,2026-09-13T08:50:00,2026-09-13T09:45:00,15,98,98,M/F Femøsund,crossing-normal,False
2026-08-31T22:43:21Z,2026-09-13,411,Kragenæs > Femø,3768567,2026-09-13T11:55:00,2026-09-13T12:50:00,11,96,98,M/F Femøsund,crossing-normal,False
2026-08-31T22:43:21Z,2026-09-13,411,Kragenæs > Femø,3768568,2026-09-13T14:10:00,2026-09-13T15:05:00,12,98,98,M/F Femøsund,crossing-normal,False
2026-08-31T22:43:21Z,2026-09-13,411,Kragenæs > Femø,3768569,2026-09-13T16:20:00,2026-09-13T17:15:00,14,97,98,M/F Femøsund,crossing-normal,False
2026-08-31T22:43:21Z,2026-09-13,411,Kragenæs > Femø,3768570,2026-09-13T18:55:00,2026-09-13T19:50:00,15,98,98,M/F Femøsund,crossing-normal,False
2026-08-31T22:43:21Z,2026-09-13,411,Kragenæs > Femø,3768571,2026-09-13T21:10:00,2026-09-13T22:05:00,15,98,98,M/F Femøsund,crossing-normal,False
2026-08-31T22:43:21Z,2026-09-13,411,Femø > Kragenæs,3769896,2026-09-13T06:00:00,2026-09-13T06:55:00,13,96,98,M/F Femøsund,crossing-normal,False
2026-08-31T22:43:21Z,2026-09-13,411,Femø > Kragenæs,3769950,2026-09-13T09:50:00,2026-09-13T10:45:00,11,96,98,M/F Femøsund,crossing-normal,False
2026-08-31T22:43:21Z,2026-09-13,411,Femø > Kragenæs,3768574,2026-09-13T13:00:00,2026-09-13T13:55:00,11,87,98,M/F Femøsund,crossing-normal,False
2026-08-31T22:43:21Z,2026-09-13,411,Femø > Kragenæs,3768575,2026-09-13T15:10:00,2026-09-13T16:05:00,10,90,98,M/F Femøsund,crossing-normal,False
2026-08-31T22:43:21Z,2026-09-13,411,Femø > Kragenæs,3768576,2026-09-13T17:40:00,2026-09-13T18:35:00,11,95,98,M/F Femøsund,crossing-normal,False
2026-08-31T22:43:21Z,2026-09-13,411,Femø > Kragenæs,3768577,2026-09-13T20:00:00,2026-09-13T20:55:00,14,97,98,M/F Femøsund,crossing-normal,False
2026-08-31T22:43:21Z,2026-09-13,413,Kragenæs > Askø,3769977,2026-09-13T07:10:00,2026-09-13T07:50:00,15,98,98,M/F Femøsund,crossing-normal,False
2026-08-31T22:43:21Z,2026-09-13,413,Kragenæs > Askø,3768555,2026-09-13T13:15:00,2026-09-13T13:45:00,11,95,95,"Der sejles fra Bandholm, der billetteres som fra Kragenæs",crossing-comment,False
2026-08-31T22:43:21Z,2026-09-13,413,Kragenæs > Askø,3768556,2026-09-13T14:45:00,2026-09-13T15:25:00,13,95,95,M/F Askø,crossing-normal,False
2026-08-31T22:43:21Z,2026-09-13,413,Kragenæs > Askø,3768557,2026-09-13T16:45:00,2026-09-13T17:25:00,12,93,95,M/F Askø,crossing-normal,False
2026-08-31T22:43:21Z,2026-09-13,413,Kragenæs > Askø,3768558,2026-09-13T18:25:00,2026-09-13T19:05:00,13,95,95,M/F Askø,crossing-normal,False
2026-08-31T22:43:21Z,2026-09-13,413,Kragenæs > Askø,3768559,2026-09-13T19:50:00,2026-09-13T20:30:00,13,95,95,M/F Askø,crossing-normal,False
2026-08-31T22:43:21Z,2026-09-13,413,Askø > Kragenæs,3770004,2026-09-13T07:55:00,2026-09-13T08:35:00,13,94,98,M/F Femøsund,crossing-normal,False
2026-08-31T22:43:21Z,2026-09-13,413,Askø > Kragenæs,3768561,2026-09-13T13:50:00,2026-09-13T14:30:00,10,92,95,M/F Askø,crossing-normal,False
2026-08-31T22:43:21Z,2026-09-13,413,Askø > Kragenæs,3768562,2026-09-13T15:45:00,2026-09-13T16:25:00,11,91,95,M/F Askø,crossing-normal,False
2026-08-31T22:43:21Z,2026-09-13,413,Askø > Kragenæs,3768563,2026-09-13T17:30:00,2026-09-13T18:10:00,12,93,95,M/F Askø,crossing-normal,False
2026-08-31T22:43:21Z,2026-09-13,413,Askø > Kragenæs,3768564,2026-09-13T18:55:00,2026-09-13T19:35:00,13,95,95,M/F Askø,crossing-normal,False
2026-08-31T22:43:21Z,2026-09-13,413,Askø > Kragenæs,3768565,2026-09-13T20:35:00,2026-09-13T21:15:00,13,95,95,M/F Askø,crossing-normal,False
2026-08-31T22:43:21Z,2026-09-13,414,Kragenæs > Fejø,3771042,2026-09-13T06:05:00,2026-09-13T06:25:00,24,98,98,M/F Christine,crossing-normal,False
2026-08-31T22:43:21Z,2026-09-13,414,Kragenæs > Fejø,3771084,2026-09-13T07:05:00,2026-09-13T07:25:00,24,98,98,M/F Christine,crossing-normal,False
2026-08-31T22:43:21Z,2026-09-13,414,Kragenæs > Fejø,3771126,2026-09-13T08:00:00,2026-09-13T08:20:00,24,98,98,M/F Christine,crossing-normal,False
2026-08-31T22:43:21Z,2026-09-13,414,Kragenæs > Fejø,3771168,2026-09-13T09:05:00,2026-09-13T09:25:00,24,98,98,M/F Christine,crossing-normal,False
2026-08-31T22:43:21Z,2026-09-13,414,Kragenæs > Fejø,3771210,2026-09-13T10:05:00,2026-09-13T10:25:00,23,96,98,M/F Christine,crossing-normal,False
2026-08-31T22:43:21Z,2026-09-13,414,Kragenæs > Fejø,3763055,2026-09-13T12:50:00,2026-09-13T13:10:00,22,92,98,M/F Christine,crossing-normal,False
2026-08-31T22:43:21Z,2026-09-13,414,Kragenæs > Fejø,3763170,2026-09-13T13:50:00,2026-09-13T14:10:00,24,98,98,M/F Christine,crossing-normal,False
2026-08-31T22:43:21Z,2026-09-13,414,Kragenæs > Fejø,3763285,2026-09-13T14:50:00,2026-09-13T15:10:00,24,98,98,M/F Christine,crossing-normal,False
2026-08-31T22:43:21Z,2026-09-13,414,Kragenæs > Fejø,3763400,2026-09-13T15:50:00,2026-09-13T16:10:00,24,98,98,M/F Christine,crossing-normal,False
2026-08-31T22:43:21Z,2026-09-13,414,Kragenæs > Fejø,3763515,2026-09-13T16:50:00,2026-09-13T17:10:00,24,98,98,M/F Christine,crossing-normal,False
2026-08-31T22:43:21Z,2026-09-13,414,Kragenæs > Fejø,3763630,2026-09-13T17:50:00,2026-09-13T18:10:00,24,98,98,M/F Christine,crossing-normal,False
2026-08-31T22:43:21Z,2026-09-13,414,Kragenæs > Fejø,3763745,2026-09-13T18:50:00,2026-09-13T19:10:00,24,98,98,M/F Christine,crossing-normal,False
2026-08-31T22:43:21Z,2026-09-13,414,Kragenæs > Fejø,3763860,2026-09-13T19:50:00,2026-09-13T20:10:00,24,98,98,M/F Christine,crossing-normal,False
2026-08-31T22:43:21Z,2026-09-13,414,Kragenæs > Fejø,3763975,2026-09-13T20:50:00,2026-09-13T21:10:00,24,98,98,M/F Christine,crossing-normal,False
2026-08-31T22:43:21Z,2026-09-13,414,Kragenæs > Fejø,3764090,2026-09-13T22:10:00,2026-09-13T22:30:00,24,98,98,M/F Christine,crossing-normal,False
2026-08-31T22:43:21Z,2026-09-13,414,Fejø > Kragenæs,3770328,2026-09-13T05:30:00,2026-09-13T05:50:00,24,98,98,M/F Christine,crossing-normal,False
2026-08-31T22:43:21Z,2026-09-13,414,Fejø > Kragenæs,3770370,2026-09-13T06:35:00,2026-09-13T06:55:00,24,98,98,M/F Christine,crossing-normal,False
2026-08-31T22:43:21Z,2026-09-13,414,Fejø > Kragenæs,3770412,2026-09-13T07:30:00,2026-09-13T07:50:00,24,98,98,M/F Christine,crossing-normal,False
2026-08-31T22:43:21Z,2026-09-13,414,Fejø > Kragenæs,3770454,2026-09-13T08:30:00,2026-09-13T08:50:00,24,98,98,M/F Christine,crossing-normal,False
2026-08-31T22:43:21Z,2026-09-13,414,Fejø > Kragenæs,3770496,2026-09-13T09:30:00,2026-09-13T09:50:00,24,98,98,M/F Christine,crossing-normal,False
2026-08-31T22:43:21Z,2026-09-13,414,Fejø > Kragenæs,3770538,2026-09-13T10:30:00,2026-09-13T10:50:00,24,97,98,M/F Christine,crossing-normal,False
2026-08-31T22:43:21Z,2026-09-13,414,Fejø > Kragenæs,3765010,2026-09-13T13:15:00,2026-09-13T13:35:00,24,98,98,M/F Christine,crossing-normal,False
2026-08-31T22:43:21Z,2026-09-13,414,Fejø > Kragenæs,3765125,2026-09-13T14:15:00,2026-09-13T14:35:00,24,98,98,M/F Christine,crossing-normal,False
2026-08-31T22:43:21Z,2026-09-13,414,Fejø > Kragenæs,3765240,2026-09-13T15:15:00,2026-09-13T15:35:00,24,98,98,M/F Christine,crossing-normal,False
2026-08-31T22:43:21Z,2026-09-13,414,Fejø > Kragenæs,3765355,2026-09-13T16:15:00,2026-09-13T16:35:00,23,94,98,M/F Christine,crossing-normal,False
2026-08-31T22:43:21Z,2026-09-13,414,Fejø > Kragenæs,3765470,2026-09-13T17:15:00,2026-09-13T17:35:00,23,96,98,M/F Christine,crossing-normal,False
2026-08-31T22:43:21Z,2026-09-13,414,Fejø > Kragenæs,3765585,2026-09-13T18:15:00,2026-09-13T18:35:00,24,98,98,M/F Christine,crossing-normal,False
2026-08-31T22:43:21Z,2026-09-13,414,Fejø > Kragenæs,3765700,2026-09-13T19:15:00,2026-09-13T19:35:00,24,98,98,M/F Christine,crossing-normal,False
2026-08-31T22:43:21Z,2026-09-13,414,Fejø > Kragenæs,3765815,2026-09-13T20:15:00,2026-09-13T20:35:00,24,98,98,M/F Christine,crossing-normal,False
2026-08-31T22:43:21Z,2026-09-13,414,Fejø > Kragenæs,3765930,2026-09-13T21:15:00,2026-09-13T21:35:00,24,98,98,M/F Christine,crossing-normal,False
2026-08-31T22:43:21Z,2026-09-14,411,Kragenæs > Femø,3767206,2026-09-14T07:10:00,2026-09-14T08:05:00,15,98,98,M/F Femøsund,crossing-normal,False
2026-08-31T22:43:21Z,2026-09-14,411,Kragenæs > Femø,3767223,2026-09-14T09:20:00,2026-09-14T10:15:00,13,97,98,M/F Femøsund,crossing-normal,False
2026-08-31T22:43:21Z,2026-09-14,411,Kragenæs > Femø,3767240,2026-09-14T12:35:00,2026-09-14T13:30:00,14,97,98,M/F Femøsund,crossing-normal,False
2026-08-31T22:43:21Z,2026-09-14,411,Kragenæs > Femø,3767257,2026-09-14T14:45:00,2026-09-14T15:40:00,15,98,98,M/F Femøsund,crossing-normal,False
2026-08-31T22:43:21Z,2026-09-14,411,Kragenæs > Femø,3767787,2026-09-14T15:40:00,2026-09-14T16:35:00,12,94,95,M/F Askø,crossing-normal,False
2026-08-31T22:43:21Z,2026-09-14,411,Kragenæs > Femø,3767274,2026-09-14T16:55:00,2026-09-14T17:50:00,15,98,98,M/F Femøsund,crossing-normal,False
2026-08-31T22:43:21Z,2026-09-14,411,Kragenæs > Femø,3767291,2026-09-14T19:05:00,2026-09-14T20:00:00,15,98,98,M/F Femøsund,crossing-normal,False
2026-08-31T22:43:21Z,2026-09-14,411,Kragenæs > Femø,3767308,2026-09-14T21:15:00,2026-09-14T22:10:00,15,98,98,M/F Femøsund,crossing-normal,False
2026-08-31T22:43:21Z,2026-09-14,411,Femø > Kragenæs,3767870,2026-09-14T06:00:00,2026-09-14T06:55:00,14,97,98,M/F Femøsund,crossing-normal,False
2026-08-31T22:43:21Z,2026-09-14,411,Femø > Kragenæs,3767887,2026-09-14T08:10:00,2026-09-14T09:05:00,15,98,98,M/F Femøsund,crossing-normal,False
2026-08-31T22:43:21Z,2026-09-14,411,Femø > Kragenæs,3767904,2026-09-14T10:40:00,2026-09-14T11:35:00,15,98,98,M/F Femøsund,crossing-normal,False
2026-08-31T22:43:21Z,2026-09-14,411,Femø > Kragenæs,3767921,2026-09-14T13:35:00,2026-09-14T14:30:00,15,98,98,M/F Femøsund,crossing-normal,False
2026-08-31T22:43:21Z,2026-09-14,411,Femø > Kragenæs,3767938,2026-09-14T15:45:00,2026-09-14T16:40:00,15,98,98,M/F Femøsund,crossing-normal,False
2026-08-31T22:43:21Z,2026-09-14,411,Femø > Kragenæs,3768451,2026-09-14T16:45:00,2026-09-14T17:40:00,13,95,95,M/F Askø,crossing-normal,False
2026-08-31T22:43:21Z,2026-09-14,411,Femø > Kragenæs,3767955,2026-09-14T17:55:00,2026-09-14T18:50:00,15,98,98,M/F Femøsund,crossing-normal,False
2026-08-31T22:43:21Z,2026-09-14,411,Femø > Kragenæs,3767972,2026-09-14T20:05:00,2026-09-14T21:00:00,15,98,98,M/F Femøsund,crossing-normal,False
2026-08-31T22:43:21Z,2026-09-14,413,Kragenæs > Askø,3766044,2026-09-14T06:00:00,2026-09-14T06:40:00,13,95,95,M/F Askø,crossing-normal,False
2026-08-31T22:43:21Z,2026-09-14,413,Kragenæs > Askø,3766061,2026-09-14T07:40:00,2026-09-14T08:20:00,13,95,95,M/F Askø,crossing-normal,False
2026-08-31T22:43:21Z,2026-09-14,413,Kragenæs > Askø,3766078,2026-09-14T09:45:00,2026-09-14T10:25:00,13,95,95,M/F Askø,crossing-normal,False
2026-08-31T22:43:21Z,2026-09-14,413,Kragenæs > Askø,3766095,2026-09-14T11:25:00,2026-09-14T12:05:00,13,95,95,M/F Askø,crossing-normal,False
2026-08-31T22:43:21Z,2026-09-14,413,Kragenæs > Askø,3766112,2026-09-14T13:55:00,2026-09-14T14:35:00,13,95,95,M/F Askø,crossing-normal,False
2026-08-31T22:43:21Z,2026-09-14,413,Kragenæs > Askø,3766129,2026-09-14T17:55:00,2026-09-14T18:35:00,13,95,95,M/F Askø,crossing-normal,False
2026-08-31T22:43:21Z,2026-09-14,413,Kragenæs > Askø,3766146,2026-09-14T19:40:00,2026-09-14T20:20:00,13,95,95,M/F Askø,crossing-normal,False
2026-08-31T22:43:21Z,2026-09-14,413,Askø > Kragenæs,3766625,2026-09-14T06:45:00,2026-09-14T07:25:00,13,95,95,M/F Askø,crossing-normal,False
2026-08-31T22:43:21Z,2026-09-14,413,Askø > Kragenæs,3766642,2026-09-14T08:50:00,2026-09-14T09:30:00,13,95,95,M/F Askø,crossing-normal,False
2026-08-31T22:43:21Z,2026-09-14,413,Askø > Kragenæs,3766659,2026-09-14T10:30:00,2026-09-14T11:10:00,12,94,95,M/F Askø,crossing-normal,False
2026-08-31T22:43:21Z,2026-09-14,413,Askø > Kragenæs,3766676,2026-09-14T12:15:00,2026-09-14T12:55:00,13,95,95,M/F Askø,crossing-normal,False
2026-08-31T22:43:21Z,2026-09-14,413,Askø > Kragenæs,3766693,2026-09-14T14:40:00,2026-09-14T15:20:00,13,95,95,M/F Askø,crossing-normal,False
2026-08-31T22:43:21Z,2026-09-14,413,Askø > Kragenæs,3766710,2026-09-14T18:40:00,2026-09-14T19:20:00,13,95,95,M/F Askø,crossing-normal,False
2026-08-31T22:43:21Z,2026-09-14,413,Askø > Kragenæs,3766727,2026-09-14T20:45:00,2026-09-14T21:25:00,13,95,95,M/F Askø,crossing-normal,False
2026-08-31T22:43:21Z,2026-09-14,414,Kragenæs > Fejø,3762366,2026-09-14T06:05:00,2026-09-14T06:25:00,24,98,98,M/F Christine,crossing-normal,False
2026-08-31T22:43:21Z,2026-09-14,414,Kragenæs > Fejø,3762481,2026-09-14T07:05:00,2026-09-14T07:25:00,24,98,98,M/F Christine,crossing-normal,False
2026-08-31T22:43:21Z,2026-09-14,414,Kragenæs > Fejø,3762596,2026-09-14T08:05:00,2026-09-14T08:25:00,24,98,98,M/F Christine,crossing-normal,False
2026-08-31T22:43:21Z,2026-09-14,414,Kragenæs > Fejø,3762711,2026-09-14T09:05:00,2026-09-14T09:25:00,24,98,98,M/F Christine,crossing-normal,False
2026-08-31T22:43:21Z,2026-09-14,414,Kragenæs > Fejø,3762826,2026-09-14T10:05:00,2026-09-14T10:25:00,24,98,98,M/F Christine,crossing-normal,False
2026-08-31T22:43:21Z,2026-09-14,414,Kragenæs > Fejø,3762941,2026-09-14T11:05:00,2026-09-14T11:25:00,24,98,98,M/F Christine,crossing-normal,False
2026-08-31T22:43:21Z,2026-09-14,414,Kragenæs > Fejø,3763056,2026-09-14T12:50:00,2026-09-14T13:10:00,24,98,98,M/F Christine,crossing-normal,False
2026-08-31T22:43:21Z,2026-09-14,414,Kragenæs > Fejø,3763171,2026-09-14T13:50:00,2026-09-14T14:10:00,24,98,98,M/F Christine,crossing-normal,False
2026-08-31T22:43:21Z,2026-09-14,414,Kragenæs > Fejø,3763286,2026-09-14T14:50:00,2026-09-14T15:10:00,24,98,98,M/F Christine,crossing-normal,False
2026-08-31T22:43:21Z,2026-09-14,414,Kragenæs > Fejø,3763401,2026-09-14T15:50:00,2026-09-14T16:10:00,23,97,98,M/F Christine,crossing-normal,False
2026-08-31T22:43:21Z,2026-09-14,414,Kragenæs > Fejø,3763516,2026-09-14T16:50:00,2026-09-14T17:10:00,24,98,98,M/F Christine,crossing-normal,False
2026-08-31T22:43:21Z,2026-09-14,414,Kragenæs > Fejø,3763631,2026-09-14T17:50:00,2026-09-14T18:10:00,24,98,98,M/F Christine,crossing-normal,False
2026-08-31T22:43:21Z,2026-09-14,414,Kragenæs > Fejø,3763746,2026-09-14T18:50:00,2026-09-14T19:10:00,24,98,98,M/F Christine,crossing-normal,False
2026-08-31T22:43:21Z,2026-09-14,414,Kragenæs > Fejø,3763861,2026-09-14T19:50:00,2026-09-14T20:10:00,24,98,98,M/F Christine,crossing-normal,False
2026-08-31T22:43:21Z,2026-09-14,414,Kragenæs > Fejø,3763976,2026-09-14T20:50:00,2026-09-14T21:10:00,24,98,98,M/F Christine,crossing-normal,False
2026-08-31T22:43:21Z,2026-09-14,414,Kragenæs > Fejø,3764091,2026-09-14T22:10:00,2026-09-14T22:30:00,24,98,98,M/F Christine,crossing-normal,False
2026-08-31T22:43:21Z,2026-09-14,414,Fejø > Kragenæs,3764206,2026-09-14T05:30:00,2026-09-14T05:50:00,24,98,98,M/F Christine,crossing-normal,False
2026-08-31T22:43:21Z,2026-09-14,414,Fejø > Kragenæs,3764321,2026-09-14T06:30:00,2026-09-14T06:50:00,23,97,98,M/F Christine,crossing-normal,False
2026-08-31T22:43:21Z,2026-09-14,414,Fejø > Kragenæs,3764436,2026-09-14T07:30:00,2026-09-14T07:50:00,24,98,98,M/F Christine,crossing-normal,False
2026-08-31T22:43:21Z,2026-09-14,414,Fejø > Kragenæs,3764551,2026-09-14T08:30:00,2026-09-14T08:50:00,24,98,98,M/F Christine,crossing-normal,False
2026-08-31T22:43:21Z,2026-09-14,414,Fejø > Kragenæs,3764666,2026-09-14T09:30:00,2026-09-14T09:50:00,24,98,98,M/F Christine,crossing-normal,False
2026-08-31T22:43:21Z,2026-09-14,414,Fejø > Kragenæs,3764781,2026-09-14T10:30:00,2026-09-14T10:50:00,24,98,98,M/F Christine,crossing-normal,False
2026-08-31T22:43:21Z,2026-09-14,414,Fejø > Kragenæs,3764896,2026-09-14T11:30:00,2026-09-14T11:50:00,24,98,98,M/F Christine,crossing-normal,False
2026-08-31T22:43:21Z,2026-09-14,414,Fejø > Kragenæs,3765011,2026-09-14T13:15:00,2026-09-14T13:35:00,24,98,98,M/F Christine,crossing-normal,False
2026-08-31T22:43:21Z,2026-09-14,414,Fejø > Kragenæs,3765126,2026-09-14T14:15:00,2026-09-14T14:35:00,24,98,98,M/F Christine,crossing-normal,False
2026-08-31T22:43:21Z,2026-09-14,414,Fejø > Kragenæs,3765241,2026-09-14T15:15:00,2026-09-14T15:35:00,23,96,98,M/F Christine,crossing-normal,False
2026-08-31T22:43:21Z,2026-09-14,414,Fejø > Kragenæs,3765356,2026-09-14T16:15:00,2026-09-14T16:35:00,24,98,98,M/F Christine,crossing-normal,False
2026-08-31T22:43:21Z,2026-09-14,414,Fejø > Kragenæs,3765471,2026-09-14T17:15:00,2026-09-14T17:35:00,24,98,98,M/F Christine,crossing-normal,False
2026-08-31T22:43:21Z,2026-09-14,414,Fejø > Kragenæs,3765586,2026-09-14T18:15:00,2026-09-14T18:35:00,24,98,98,M/F Christine,crossing-normal,False
2026-08-31T22:43:21Z,2026-09-14,414,Fejø > Kragenæs,3765701,2026-09-14T19:15:00,2026-09-14T19:35:00,24,98,98,M/F Christine,crossing-normal,False
2026-08-31T22:43:21Z,2026-09-14,414,Fejø > Kragenæs,3765816,2026-09-14T20:15:00,2026-09-14T20:35:00,24,98,98,M/F Christine,crossing-normal,False
2026-08-31T22:43:21Z,2026-09-14,414,Fejø > Kragenæs,3765931,2026-09-14T21:15:00,2026-09-14T21:35:00,24,98,98,M/F Christine,crossing-normal,False
2026-08-31T22:43:21Z,2026-09-15,411,Kragenæs > Femø,3767207,2026-09-15T07:10:00,2026-09-15T08:05:00,15,98,98,M/F Femøsund,crossing-normal,False
2026-08-31T22:43:21Z,2026-09-15,411,Kragenæs > Femø,3767224,2026-09-15T09:20:00,2026-09-15T10:15:00,15,98,98,M/F Femøsund,crossing-normal,False
2026-08-31T22:43:21Z,2026-09-15,411,Kragenæs > Femø,3767241,2026-09-15T12:35:00,2026-09-15T13:30:00,15,98,98,M/F Femøsund,crossing-normal,False
2026-08-31T22:43:21Z,2026-09-15,411,Kragenæs > Femø,3767258,2026-09-15T14:45:00,2026-09-15T15:40:00,12,98,98,M/F Femøsund,crossing-normal,False
2026-08-31T22:43:21Z,2026-09-15,411,Kragenæs > Femø,3767788,2026-09-15T15:40:00,2026-09-15T16:35:00,11,92,95,M/F Askø,crossing-normal,False
2026-08-31T22:43:21Z,2026-09-15,411,Kragenæs > Femø,3767275,2026-09-15T16:55:00,2026-09-15T17:50:00,14,97,98,M/F Femøsund,crossing-normal,False
2026-08-31T22:43:21Z,2026-09-15,411,Kragenæs > Femø,3767292,2026-09-15T19:05:00,2026-09-15T20:00:00,15,98,98,M/F Femøsund,crossing-normal,False
2026-08-31T22:43:21Z,2026-09-15,411,Kragenæs > Femø,3767309,2026-09-15T21:15:00,2026-09-15T22:10:00,15,98,98,M/F Femøsund,crossing-normal,False
2026-08-31T22:43:21Z,2026-09-15,411,Femø > Kragenæs,3767871,2026-09-15T06:00:00,2026-09-15T06:55:00,13,96,98,M/F Femøsund,crossing-normal,False
2026-08-31T22:43:21Z,2026-09-15,411,Femø > Kragenæs,3767888,2026-09-15T08:10:00,2026-09-15T09:05:00,14,96,98,M/F Femøsund,crossing-normal,False
2026-08-31T22:43:21Z,2026-09-15,411,Femø > Kragenæs,3767905,2026-09-15T10:40:00,2026-09-15T11:35:00,12,98,98,M/F Femøsund,crossing-normal,False
2026-08-31T22:43:21Z,2026-09-15,411,Femø > Kragenæs,3767922,2026-09-15T13:35:00,2026-09-15T14:30:00,15,98,98,M/F Femøsund,crossing-normal,False
2026-08-31T22:43:21Z,2026-09-15,411,Femø > Kragenæs,3767939,2026-09-15T15:45:00,2026-09-15T16:40:00,15,98,98,M/F Femøsund,crossing-normal,False
2026-08-31T22:43:21Z,2026-09-15,411,Femø > Kragenæs,3768452,2026-09-15T16:45:00,2026-09-15T17:40:00,13,95,95,M/F Askø,crossing-normal,False
2026-08-31T22:43:21Z,2026-09-15,411,Femø > Kragenæs,3767956,2026-09-15T17:55:00,2026-09-15T18:50:00,15,98,98,M/F Femøsund,crossing-normal,False
2026-08-31T22:43:21Z,2026-09-15,411,Femø > Kragenæs,3767973,2026-09-15T20:05:00,2026-09-15T21:00:00,15,98,98,M/F Femøsund,crossing-normal,False
2026-08-31T22:43:21Z,2026-09-15,413,Kragenæs > Askø,3766045,2026-09-15T06:00:00,2026-09-15T06:40:00,13,95,95,M/F Askø,crossing-normal,False
2026-08-31T22:43:21Z,2026-09-15,413,Kragenæs > Askø,3766062,2026-09-15T07:40:00,2026-09-15T08:20:00,13,95,95,M/F Askø,crossing-normal,False
2026-08-31T22:43:21Z,2026-09-15,413,Kragenæs > Askø,3766079,2026-09-15T09:45:00,2026-09-15T10:25:00,13,95,95,M/F Askø,crossing-normal,False
2026-08-31T22:43:21Z,2026-09-15,413,Kragenæs > Askø,3766096,2026-09-15T11:25:00,2026-09-15T12:05:00,13,95,95,M/F Askø,crossing-normal,False
2026-08-31T22:43:21Z,2026-09-15,413,Kragenæs > Askø,3766113,2026-09-15T13:55:00,2026-09-15T14:35:00,13,95,95,M/F Askø,crossing-normal,False
2026-08-31T22:43:21Z,2026-09-15,413,Kragenæs > Askø,3766130,2026-09-15T17:55:00,2026-09-15T18:35:00,13,95,95,M/F Askø,crossing-normal,False
2026-08-31T22:43:21Z,2026-09-15,413,Kragenæs > Askø,3766147,2026-09-15T19:40:00,2026-09-15T20:20:00,13,95,95,M/F Askø,crossing-normal,False
2026-08-31T22:43:21Z,2026-09-15,413,Askø > Kragenæs,3766626,2026-09-15T06:45:00,2026-09-15T07:25:00,13,95,95,M/F Askø,crossing-normal,False
2026-08-31T22:43:21Z,2026-09-15,413,Askø > Kragenæs,3766643,2026-09-15T08:50:00,2026-09-15T09:30:00,13,95,95,M/F Askø,crossing-normal,False
2026-08-31T22:43:21Z,2026-09-15,413,Askø > Kragenæs,3766660,2026-09-15T10:30:00,2026-09-15T11:10:00,13,95,95,M/F Askø,crossing-normal,False
2026-08-31T22:43:21Z,2026-09-15,413,Askø > Kragenæs,3766677,2026-09-15T12:15:00,2026-09-15T12:55:00,13,95,95,M/F Askø,crossing-normal,False
2026-08-31T22:43:21Z,2026-09-15,413,Askø > Kragenæs,3766694,2026-09-15T14:40:00,2026-09-15T15:20:00,13,95,95,M/F Askø,crossing-normal,False
2026-08-31T22:43:21Z,2026-09-15,413,Askø > Kragenæs,3766711,2026-09-15T18:40:00,2026-09-15T19:20:00,13,95,95,M/F Askø,crossing-normal,False
2026-08-31T22:43:21Z,2026-09-15,413,Askø > Kragenæs,3766728,2026-09-15T20:45:00,2026-09-15T21:25:00,13,95,95,M/F Askø,crossing-normal,False
2026-08-31T22:43:21Z,2026-09-15,414,Kragenæs > Fejø,3762367,2026-09-15T06:05:00,2026-09-15T06:25:00,24,98,98,M/F Christine,crossing-normal,False
2026-08-31T22:43:21Z,2026-09-15,414,Kragenæs > Fejø,3762482,2026-09-15T07:05:00,2026-09-15T07:25:00,24,98,98,M/F Christine,crossing-normal,False
2026-08-31T22:43:21Z,2026-09-15,414,Kragenæs > Fejø,3762597,2026-09-15T08:05:00,2026-09-15T08:25:00,24,98,98,M/F Christine,crossing-normal,False
2026-08-31T22:43:21Z,2026-09-15,414,Kragenæs > Fejø,3762712,2026-09-15T09:05:00,2026-09-15T09:25:00,24,98,98,M/F Christine,crossing-normal,False
2026-08-31T22:43:21Z,2026-09-15,414,Kragenæs > Fejø,3762827,2026-09-15T10:05:00,2026-09-15T10:25:00,20,97,98,M/F Christine,crossing-normal,False
2026-08-31T22:43:21Z,2026-09-15,414,Kragenæs > Fejø,3762942,2026-09-15T11:05:00,2026-09-15T11:25:00,24,98,98,M/F Christine,crossing-normal,False
2026-08-31T22:43:21Z,2026-09-15,414,Kragenæs > Fejø,3763057,2026-09-15T12:50:00,2026-09-15T13:10:00,24,98,98,M/F Christine,crossing-normal,False
2026-08-31T22:43:21Z,2026-09-15,414,Kragenæs > Fejø,3763172,2026-09-15T13:50:00,2026-09-15T14:10:00,24,98,98,M/F Christine,crossing-normal,False
2026-08-31T22:43:21Z,2026-09-15,414,Kragenæs > Fejø,3763287,2026-09-15T14:50:00,2026-09-15T15:10:00,23,97,98,M/F Christine,crossing-normal,False
2026-08-31T22:43:21Z,2026-09-15,414,Kragenæs > Fejø,3763402,2026-09-15T15:50:00,2026-09-15T16:10:00,24,98,98,M/F Christine,crossing-normal,False
2026-08-31T22:43:21Z,2026-09-15,414,Kragenæs > Fejø,3763517,2026-09-15T16:50:00,2026-09-15T17:10:00,24,98,98,M/F Christine,crossing-normal,False
2026-08-31T22:43:21Z,2026-09-15,414,Kragenæs > Fejø,3763632,2026-09-15T17:50:00,2026-09-15T18:10:00,24,98,98,M/F Christine,crossing-normal,False
2026-08-31T22:43:21Z,2026-09-15,414,Kragenæs > Fejø,3763747,2026-09-15T18:50:00,2026-09-15T19:10:00,24,98,98,M/F Christine,crossing-normal,False
2026-08-31T22:43:21Z,2026-09-15,414,Kragenæs > Fejø,3763862,2026-09-15T19:50:00,2026-09-15T20:10:00,24,98,98,M/F Christine,crossing-normal,False
2026-08-31T22:43:21Z,2026-09-15,414,Kragenæs > Fejø,3763977,2026-09-15T20:50:00,2026-09-15T21:10:00,24,98,98,M/F Christine,crossing-normal,False
2026-08-31T22:43:21Z,2026-09-15,414,Kragenæs > Fejø,3764092,2026-09-15T22:10:00,2026-09-15T22:30:00,24,98,98,M/F Christine,crossing-normal,False
2026-08-31T22:43:21Z,2026-09-15,414,Fejø > Kragenæs,3764207,2026-09-15T05:30:00,2026-09-15T05:50:00,24,98,98,M/F Christine,crossing-normal,False
2026-08-31T22:43:21Z,2026-09-15,414,Fejø > Kragenæs,3764322,2026-09-15T06:30:00,2026-09-15T06:50:00,24,98,98,M/F Christine,crossing-normal,False
2026-08-31T22:43:21Z,2026-09-15,414,Fejø > Kragenæs,3764437,2026-09-15T07:30:00,2026-09-15T07:50:00,24,98,98,M/F Christine,crossing-normal,False
2026-08-31T22:43:21Z,2026-09-15,414,Fejø > Kragenæs,3764552,2026-09-15T08:30:00,2026-09-15T08:50:00,23,97,98,M/F Christine,crossing-normal,False
2026-08-31T22:43:21Z,2026-09-15,414,Fejø > Kragenæs,3764667,2026-09-15T09:30:00,2026-09-15T09:50:00,24,98,98,M/F Christine,crossing-normal,False
2026-08-31T22:43:21Z,2026-09-15,414,Fejø > Kragenæs,3764782,2026-09-15T10:30:00,2026-09-15T10:50:00,24,98,98,M/F Christine,crossing-normal,False
2026-08-31T22:43:21Z,2026-09-15,414,Fejø > Kragenæs,3764897,2026-09-15T11:30:00,2026-09-15T11:50:00,20,97,98,M/F Christine,crossing-normal,False
2026-08-31T22:43:21Z,2026-09-15,414,Fejø > Kragenæs,3765012,2026-09-15T13:15:00,2026-09-15T13:35:00,24,98,98,M/F Christine,crossing-normal,False
2026-08-31T22:43:21Z,2026-09-15,414,Fejø > Kragenæs,3765127,2026-09-15T14:15:00,2026-09-15T14:35:00,24,98,98,M/F Christine,crossing-normal,False
2026-08-31T22:43:21Z,2026-09-15,414,Fejø > Kragenæs,3765242,2026-09-15T15:15:00,2026-09-15T15:35:00,24,98,98,M/F Christine,crossing-normal,False
2026-08-31T22:43:21Z,2026-09-15,414,Fejø > Kragenæs,3765357,2026-09-15T16:15:00,2026-09-15T16:35:00,24,98,98,M/F Christine,crossing-normal,False
2026-08-31T22:43:21Z,2026-09-15,414,Fejø > Kragenæs,3765472,2026-09-15T17:15:00,2026-09-15T17:35:00,24,98,98,M/F Christine,crossing-normal,False
2026-08-31T22:43:21Z,2026-09-15,414,Fejø > Kragenæs,3765587,2026-09-15T18:15:00,2026-09-15T18:35:00,24,98,98,M/F Christine,crossing-normal,False
2026-08-31T22:43:21Z,2026-09-15,414,Fejø > Kragenæs,3765702,2026-09-15T19:15:00,2026-09-15T19:35:00,24,98,98,M/F Christine,crossing-normal,False
2026-08-31T22:43:21Z,2026-09-15,414,Fejø > Kragenæs,3765817,2026-09-15T20:15:00,2026-09-15T20:35:00,24,98,98,M/F Christine,crossing-normal,False
2026-08-31T22:43:21Z,2026-09-15,414,Fejø > Kragenæs,3765932,2026-09-15T21:15:00,2026-09-15T21:35:00,24,98,98,M/F Christine,crossing-normal,False
2026-09-01T04:44:48Z,2026-09-01,411,Kragenæs > Femø,3769519,2026-09-01T06:05:00,2026-09-01T07:00:00,8,91,95,Booking lukket,crossing-time-exceeded,False
2026-09-01T04:44:48Z,2026-09-01,411,Kragenæs > Femø,3748199,2026-09-01T11:50:00,2026-09-01T12:45:00,0,88,98,M/F Femøsund,crossing-almost-fully-booked,False
2026-09-01T04:44:48Z,2026-09-01,411,Kragenæs > Femø,3748278,2026-09-01T14:05:00,2026-09-01T15:00:00,6,88,98,M/F Femøsund,crossing-normal,False
2026-09-01T04:44:48Z,2026-09-01,411,Kragenæs > Femø,3748357,2026-09-01T16:20:00,2026-09-01T17:15:00,5,90,98,M/F Femøsund,crossing-normal,False
2026-09-01T04:44:48Z,2026-09-01,411,Kragenæs > Femø,3748436,2026-09-01T18:40:00,2026-09-01T19:35:00,14,97,98,M/F Femøsund,crossing-normal,False
2026-09-01T04:44:48Z,2026-09-01,411,Kragenæs > Femø,3748515,2026-09-01T22:00:00,2026-09-01T22:55:00,15,98,98,M/F Femøsund,crossing-normal,False
2026-09-01T04:44:48Z,2026-09-01,411,Femø > Kragenæs,3769520,2026-09-01T06:00:00,2026-09-01T06:55:00,9,92,98,Booking lukket,crossing-time-exceeded,False
2026-09-01T04:44:48Z,2026-09-01,411,Femø > Kragenæs,3769522,2026-09-01T07:15:00,2026-09-01T08:10:00,9,87,95,M/F Askø,crossing-normal,False
2026-09-01T04:44:48Z,2026-09-01,411,Femø > Kragenæs,3747725,2026-09-01T12:55:00,2026-09-01T13:50:00,10,93,98,M/F Femøsund,crossing-normal,False
2026-09-01T04:44:48Z,2026-09-01,411,Femø > Kragenæs,3747804,2026-09-01T15:10:00,2026-09-01T16:05:00,2,94,98,M/F Femøsund,crossing-normal,False
2026-09-01T04:44:48Z,2026-09-01,411,Femø > Kragenæs,3747883,2026-09-01T17:30:00,2026-09-01T18:25:00,13,95,98,M/F Femøsund,crossing-normal,False
2026-09-01T04:44:48Z,2026-09-01,411,Femø > Kragenæs,3747962,2026-09-01T20:45:00,2026-09-01T21:40:00,15,98,98,M/F Femøsund,crossing-normal,False
2026-09-01T04:44:48Z,2026-09-01,413,Kragenæs > Askø,3769524,2026-09-01T08:25:00,2026-09-01T09:05:00,5,87,95,M/F Askø,crossing-normal,False
2026-09-01T04:44:48Z,2026-09-01,413,Kragenæs > Askø,3753120,2026-09-01T11:10:00,2026-09-01T11:50:00,11,90,95,M/F Askø,crossing-normal,False
2026-09-01T04:44:48Z,2026-09-01,413,Kragenæs > Askø,3753183,2026-09-01T13:35:00,2026-09-01T14:15:00,8,92,95,M/F Askø,crossing-normal,False
2026-09-01T04:44:48Z,2026-09-01,413,Kragenæs > Askø,3753246,2026-09-01T15:55:00,2026-09-01T16:35:00,13,95,95,M/F Askø,crossing-normal,False
2026-09-01T04:44:48Z,2026-09-01,413,Kragenæs > Askø,3753309,2026-09-01T18:15:00,2026-09-01T18:55:00,13,95,95,M/F Askø,crossing-normal,False
2026-09-01T04:44:48Z,2026-09-01,413,Kragenæs > Askø,3753372,2026-09-01T21:20:00,2026-09-01T22:00:00,13,95,95,M/F Askø,crossing-normal,False
2026-09-01T04:44:48Z,2026-09-01,413,Askø > Kragenæs,3769525,2026-09-01T09:30:00,2026-09-01T10:10:00,7,91,95,M/F Askø,crossing-normal,False
2026-09-01T04:44:48Z,2026-09-01,413,Askø > Kragenæs,3753561,2026-09-01T12:35:00,2026-09-01T13:15:00,8,90,95,M/F Askø,crossing-normal,False
2026-09-01T04:44:48Z,2026-09-01,413,Askø > Kragenæs,3753624,2026-09-01T14:55:00,2026-09-01T15:35:00,8,91,95,M/F Askø,crossing-normal,False
2026-09-01T04:44:48Z,2026-09-01,413,Askø > Kragenæs,3753687,2026-09-01T16:40:00,2026-09-01T17:20:00,12,94,95,M/F Askø,crossing-normal,False
2026-09-01T04:44:48Z,2026-09-01,413,Askø > Kragenæs,3753750,2026-09-01T19:10:00,2026-09-01T19:50:00,13,93,95,M/F Askø,crossing-normal,False
2026-09-01T04:44:48Z,2026-09-01,413,Askø > Kragenæs,3753813,2026-09-01T22:05:00,2026-09-01T22:45:00,13,95,95,M/F Askø,crossing-normal,False
2026-09-01T04:44:48Z,2026-09-01,414,Kragenæs > Fejø,3761047,2026-09-01T07:10:00,2026-09-01T07:30:00,10,83,98,M/F Femøsund,crossing-normal,False
2026-09-01T04:44:48Z,2026-09-01,414,Kragenæs > Fejø,3761084,2026-09-01T08:00:00,2026-09-01T08:20:00,11,94,98,M/F Femøsund,crossing-normal,False
2026-09-01T04:44:48Z,2026-09-01,414,Kragenæs > Fejø,3761121,2026-09-01T09:00:00,2026-09-01T09:20:00,11,88,98,M/F Femøsund,crossing-normal,False
2026-09-01T04:44:48Z,2026-09-01,414,Kragenæs > Fejø,3769434,2026-09-01T10:05:00,2026-09-01T10:25:00,0,85,98,M/F Femøsund,crossing-almost-fully-booked,False
2026-09-01T04:44:48Z,2026-09-01,414,Kragenæs > Fejø,3752032,2026-09-01T12:00:00,2026-09-01T12:20:00,13,91,98,M/F Christine,crossing-normal,False
2026-09-01T04:44:48Z,2026-09-01,414,Kragenæs > Fejø,3752112,2026-09-01T12:50:00,2026-09-01T13:10:00,23,97,98,M/F Christine,crossing-normal,False
2026-09-01T04:44:48Z,2026-09-01,414,Kragenæs > Fejø,3752192,2026-09-01T13:50:00,2026-09-01T14:10:00,20,91,98,M/F Christine,crossing-normal,False
2026-09-01T04:44:48Z,2026-09-01,414,Kragenæs > Fejø,3752272,2026-09-01T14:50:00,2026-09-01T15:10:00,19,93,98,M/F Christine,crossing-normal,False
2026-09-01T04:44:48Z,2026-09-01,414,Kragenæs > Fejø,3752352,2026-09-01T15:50:00,2026-09-01T16:10:00,18,91,98,M/F Christine,crossing-normal,False
2026-09-01T04:44:48Z,2026-09-01,414,Kragenæs > Fejø,3752432,2026-09-01T16:30:00,2026-09-01T16:50:00,21,93,98,M/F Christine,crossing-normal,False
2026-09-01T04:44:48Z,2026-09-01,414,Kragenæs > Fejø,3752512,2026-09-01T17:10:00,2026-09-01T17:30:00,22,96,98,M/F Christine,crossing-normal,False
2026-09-01T04:44:48Z,2026-09-01,414,Kragenæs > Fejø,3752592,2026-09-01T17:50:00,2026-09-01T18:10:00,20,94,98,M/F Christine,crossing-normal,False
2026-09-01T04:44:48Z,2026-09-01,414,Kragenæs > Fejø,3752672,2026-09-01T19:20:00,2026-09-01T19:40:00,23,97,98,M/F Christine,crossing-normal,False
2026-09-01T04:44:48Z,2026-09-01,414,Kragenæs > Fejø,3752752,2026-09-01T20:10:00,2026-09-01T20:30:00,21,94,98,M/F Christine,crossing-normal,False
2026-09-01T04:44:48Z,2026-09-01,414,Kragenæs > Fejø,3752832,2026-09-01T20:50:00,2026-09-01T21:10:00,22,95,98,M/F Christine,crossing-normal,False
2026-09-01T04:44:48Z,2026-09-01,414,Kragenæs > Fejø,3752930,2026-09-01T22:05:00,2026-09-01T22:25:00,21,95,98,M/F Christine,crossing-normal,False
2026-09-01T04:44:48Z,2026-09-01,414,Fejø > Kragenæs,3770321,2026-09-01T07:35:00,2026-09-01T07:55:00,1,76,98,M/F Femøsund,crossing-almost-fully-booked,False
2026-09-01T04:44:48Z,2026-09-01,414,Fejø > Kragenæs,3760302,2026-09-01T08:25:00,2026-09-01T08:45:00,3,91,98,M/F Femøsund,crossing-normal,False
2026-09-01T04:44:48Z,2026-09-01,414,Fejø > Kragenæs,3760339,2026-09-01T09:25:00,2026-09-01T09:45:00,10,89,98,M/F Femøsund,crossing-normal,False
2026-09-01T04:44:48Z,2026-09-01,414,Fejø > Kragenæs,3769416,2026-09-01T10:25:00,2026-09-01T10:45:00,12,95,98,M/F Femøsund,crossing-normal,False
2026-09-01T04:44:48Z,2026-09-01,414,Fejø > Kragenæs,3750432,2026-09-01T12:20:00,2026-09-01T12:40:00,14,87,98,M/F Christine,crossing-normal,False
2026-09-01T04:44:48Z,2026-09-01,414,Fejø > Kragenæs,3750496,2026-09-01T13:10:00,2026-09-01T13:30:00,10,88,98,M/F Christine,crossing-normal,False
2026-09-01T04:44:48Z,2026-09-01,414,Fejø > Kragenæs,3750560,2026-09-01T14:10:00,2026-09-01T14:30:00,22,90,98,M/F Christine,crossing-normal,False
2026-09-01T04:44:48Z,2026-09-01,414,Fejø > Kragenæs,3750624,2026-09-01T15:10:00,2026-09-01T15:30:00,19,84,98,M/F Christine,crossing-normal,False
2026-09-01T04:44:48Z,2026-09-01,414,Fejø > Kragenæs,3750688,2026-09-01T16:10:00,2026-09-01T16:30:00,20,91,98,M/F Christine,crossing-normal,False
2026-09-01T04:44:48Z,2026-09-01,414,Fejø > Kragenæs,3750752,2026-09-01T16:50:00,2026-09-01T17:10:00,23,95,98,M/F Christine,crossing-normal,False
2026-09-01T04:44:48Z,2026-09-01,414,Fejø > Kragenæs,3750816,2026-09-01T17:30:00,2026-09-01T17:50:00,23,97,98,M/F Christine,crossing-normal,False
2026-09-01T04:44:48Z,2026-09-01,414,Fejø > Kragenæs,3750880,2026-09-01T18:20:00,2026-09-01T18:40:00,24,98,98,M/F Christine,crossing-normal,False
2026-09-01T04:44:48Z,2026-09-01,414,Fejø > Kragenæs,3750944,2026-09-01T19:45:00,2026-09-01T20:05:00,24,98,98,M/F Christine,crossing-normal,False
2026-09-01T04:44:48Z,2026-09-01,414,Fejø > Kragenæs,3751008,2026-09-01T20:30:00,2026-09-01T20:50:00,21,96,98,M/F Christine,crossing-normal,False
2026-09-01T04:44:48Z,2026-09-01,414,Fejø > Kragenæs,3751073,2026-09-01T21:45:00,2026-09-01T22:05:00,21,95,98,M/F Christine,crossing-normal,False
2026-09-01T04:44:48Z,2026-09-02,411,Kragenæs > Femø,3748042,2026-09-02T07:05:00,2026-09-02T08:00:00,7,92,98,M/F Femøsund,crossing-normal,False
2026-09-01T04:44:48Z,2026-09-02,411,Kragenæs > Femø,3748121,2026-09-02T09:25:00,2026-09-02T10:20:00,8,97,98,M/F Femøsund,crossing-normal,False
2026-09-01T04:44:48Z,2026-09-02,411,Kragenæs > Femø,3748200,2026-09-02T11:50:00,2026-09-02T12:45:00,12,88,98,M/F Femøsund,crossing-normal,False
2026-09-01T04:44:48Z,2026-09-02,411,Kragenæs > Femø,3748279,2026-09-02T14:05:00,2026-09-02T15:00:00,15,98,98,M/F Femøsund,crossing-normal,False
2026-09-01T04:44:48Z,2026-09-02,411,Kragenæs > Femø,3748358,2026-09-02T16:20:00,2026-09-02T17:15:00,11,93,98,M/F Femøsund,crossing-normal,False
2026-09-01T04:44:48Z,2026-09-02,411,Kragenæs > Femø,3748437,2026-09-02T18:40:00,2026-09-02T19:35:00,12,93,98,M/F Femøsund,crossing-normal,False
2026-09-01T04:44:48Z,2026-09-02,411,Kragenæs > Femø,3748516,2026-09-02T22:00:00,2026-09-02T22:55:00,0,72,98,M/F Femøsund,crossing-almost-fully-booked,False
2026-09-01T04:44:48Z,2026-09-02,411,Femø > Kragenæs,3747489,2026-09-02T06:00:00,2026-09-02T06:55:00,12,93,98,M/F Femøsund,crossing-normal,False
2026-09-01T04:44:48Z,2026-09-02,411,Femø > Kragenæs,3747568,2026-09-02T08:15:00,2026-09-02T09:10:00,10,93,98,M/F Femøsund,crossing-normal,False
2026-09-01T04:44:48Z,2026-09-02,411,Femø > Kragenæs,3747647,2026-09-02T10:30:00,2026-09-02T11:25:00,4,86,98,M/F Femøsund,crossing-normal,False
2026-09-01T04:44:48Z,2026-09-02,411,Femø > Kragenæs,3747726,2026-09-02T12:55:00,2026-09-02T13:50:00,5,92,98,M/F Femøsund,crossing-normal,False
2026-09-01T04:44:48Z,2026-09-02,411,Femø > Kragenæs,3747805,2026-09-02T15:10:00,2026-09-02T16:05:00,1,76,98,M/F Femøsund,crossing-almost-fully-booked,False
2026-09-01T04:44:48Z,2026-09-02,411,Femø > Kragenæs,3747884,2026-09-02T17:30:00,2026-09-02T18:25:00,14,96,98,M/F Femøsund,crossing-normal,False
2026-09-01T04:44:48Z,2026-09-02,411,Femø > Kragenæs,3747963,2026-09-02T20:45:00,2026-09-02T21:40:00,15,98,98,M/F Femøsund,crossing-normal,False
2026-09-01T04:44:48Z,2026-09-02,413,Kragenæs > Askø,3752995,2026-09-02T06:40:00,2026-09-02T07:20:00,1,90,95,M/F Askø,crossing-almost-fully-booked,False
2026-09-01T04:44:48Z,2026-09-02,413,Kragenæs > Askø,3753058,2026-09-02T08:55:00,2026-09-02T09:35:00,10,91,95,M/F Askø,crossing-normal,False
2026-09-01T04:44:48Z,2026-09-02,413,Kragenæs > Askø,3753121,2026-09-02T11:10:00,2026-09-02T11:50:00,11,92,95,M/F Askø,crossing-normal,False
2026-09-01T04:44:48Z,2026-09-02,413,Kragenæs > Askø,3753184,2026-09-02T13:35:00,2026-09-02T14:15:00,13,95,95,M/F Askø,crossing-normal,False
2026-09-01T04:44:48Z,2026-09-02,413,Kragenæs > Askø,3753247,2026-09-02T15:55:00,2026-09-02T16:35:00,11,92,95,M/F Askø,crossing-normal,False
2026-09-01T04:44:48Z,2026-09-02,413,Kragenæs > Askø,3753310,2026-09-02T18:15:00,2026-09-02T18:55:00,13,95,95,M/F Askø,crossing-normal,False
2026-09-01T04:44:48Z,2026-09-02,413,Kragenæs > Askø,3753373,2026-09-02T21:20:00,2026-09-02T22:00:00,6,83,95,M/F Askø,crossing-normal,False
2026-09-01T04:44:48Z,2026-09-02,413,Askø > Kragenæs,3753436,2026-09-02T07:30:00,2026-09-02T08:10:00,12,93,95,M/F Askø,crossing-normal,False
2026-09-01T04:44:48Z,2026-09-02,413,Askø > Kragenæs,3753499,2026-09-02T10:05:00,2026-09-02T10:45:00,4,83,95,M/F Askø,crossing-normal,False
2026-09-01T04:44:48Z,2026-09-02,413,Askø > Kragenæs,3753562,2026-09-02T12:35:00,2026-09-02T13:15:00,8,88,95,M/F Askø,crossing-normal,False
2026-09-01T04:44:48Z,2026-09-02,413,Askø > Kragenæs,3753625,2026-09-02T14:55:00,2026-09-02T15:35:00,8,86,95,M/F Askø,crossing-normal,False
2026-09-01T04:44:48Z,2026-09-02,413,Askø > Kragenæs,3753688,2026-09-02T16:40:00,2026-09-02T17:20:00,5,92,95,M/F Askø,crossing-normal,False
2026-09-01T04:44:48Z,2026-09-02,413,Askø > Kragenæs,3753751,2026-09-02T19:10:00,2026-09-02T19:50:00,13,95,95,M/F Askø,crossing-normal,False
2026-09-01T04:44:48Z,2026-09-02,413,Askø > Kragenæs,3753814,2026-09-02T22:05:00,2026-09-02T22:45:00,13,95,95,M/F Askø,crossing-normal,False
2026-09-01T04:44:48Z,2026-09-02,414,Kragenæs > Fejø,3751473,2026-09-02T05:45:00,2026-09-02T06:05:00,24,95,98,M/F Christine,crossing-normal,False
2026-09-01T04:44:48Z,2026-09-02,414,Kragenæs > Fejø,3751553,2026-09-02T06:25:00,2026-09-02T06:45:00,22,97,98,M/F Christine,crossing-normal,False
2026-09-01T04:44:48Z,2026-09-02,414,Kragenæs > Fejø,3751633,2026-09-02T07:10:00,2026-09-02T07:30:00,22,95,98,M/F Christine,crossing-normal,False
2026-09-01T04:44:48Z,2026-09-02,414,Kragenæs > Fejø,3751713,2026-09-02T07:55:00,2026-09-02T08:15:00,19,96,98,M/F Christine,crossing-normal,False
2026-09-01T04:44:48Z,2026-09-02,414,Kragenæs > Fejø,3751793,2026-09-02T09:00:00,2026-09-02T09:20:00,24,98,98,M/F Christine,crossing-normal,False
2026-09-01T04:44:48Z,2026-09-02,414,Kragenæs > Fejø,3751873,2026-09-02T09:50:00,2026-09-02T10:10:00,22,97,98,M/F Christine,crossing-normal,False
2026-09-01T04:44:48Z,2026-09-02,414,Kragenæs > Fejø,3751953,2026-09-02T10:45:00,2026-09-02T11:05:00,24,98,98,M/F Christine,crossing-normal,False
2026-09-01T04:44:48Z,2026-09-02,414,Kragenæs > Fejø,3752033,2026-09-02T12:00:00,2026-09-02T12:20:00,21,88,98,M/F Christine,crossing-normal,False
2026-09-01T04:44:48Z,2026-09-02,414,Kragenæs > Fejø,3752113,2026-09-02T12:50:00,2026-09-02T13:10:00,24,98,98,M/F Christine,crossing-normal,False
2026-09-01T04:44:48Z,2026-09-02,414,Kragenæs > Fejø,3752193,2026-09-02T13:50:00,2026-09-02T14:10:00,22,94,98,M/F Christine,crossing-normal,False
2026-09-01T04:44:48Z,2026-09-02,414,Kragenæs > Fejø,3752273,2026-09-02T14:50:00,2026-09-02T15:10:00,22,95,98,M/F Christine,crossing-normal,False
2026-09-01T04:44:48Z,2026-09-02,414,Kragenæs > Fejø,3752353,2026-09-02T15:50:00,2026-09-02T16:10:00,23,97,98,M/F Christine,crossing-normal,False
2026-09-01T04:44:48Z,2026-09-02,414,Kragenæs > Fejø,3752433,2026-09-02T16:30:00,2026-09-02T16:50:00,22,93,98,M/F Christine,crossing-normal,False
2026-09-01T04:44:48Z,2026-09-02,414,Kragenæs > Fejø,3752513,2026-09-02T17:10:00,2026-09-02T17:30:00,24,98,98,M/F Christine,crossing-normal,False
2026-09-01T04:44:48Z,2026-09-02,414,Kragenæs > Fejø,3752593,2026-09-02T17:50:00,2026-09-02T18:10:00,22,92,98,M/F Christine,crossing-normal,False
2026-09-01T04:44:48Z,2026-09-02,414,Kragenæs > Fejø,3752673,2026-09-02T19:20:00,2026-09-02T19:40:00,21,89,98,M/F Christine,crossing-normal,False
2026-09-01T04:44:48Z,2026-09-02,414,Kragenæs > Fejø,3752753,2026-09-02T20:10:00,2026-09-02T20:30:00,19,88,98,M/F Christine,crossing-normal,False
2026-09-01T04:44:48Z,2026-09-02,414,Kragenæs > Fejø,3752833,2026-09-02T20:50:00,2026-09-02T21:10:00,24,98,98,M/F Christine,crossing-normal,False
2026-09-01T04:44:48Z,2026-09-02,414,Kragenæs > Fejø,3752931,2026-09-02T22:05:00,2026-09-02T22:25:00,23,97,98,M/F Christine,crossing-normal,False
2026-09-01T04:44:48Z,2026-09-02,414,Fejø > Kragenæs,3749921,2026-09-02T05:25:00,2026-09-02T05:45:00,22,94,98,M/F Christine,crossing-normal,False
2026-09-01T04:44:48Z,2026-09-02,414,Fejø > Kragenæs,3749985,2026-09-02T06:05:00,2026-09-02T06:25:00,20,94,98,M/F Christine,crossing-normal,False
2026-09-01T04:44:48Z,2026-09-02,414,Fejø > Kragenæs,3750049,2026-09-02T06:45:00,2026-09-02T07:05:00,20,92,98,M/F Christine,crossing-normal,False
2026-09-01T04:44:48Z,2026-09-02,414,Fejø > Kragenæs,3750113,2026-09-02T07:30:00,2026-09-02T07:50:00,23,96,98,M/F Christine,crossing-normal,False
2026-09-01T04:44:48Z,2026-09-02,414,Fejø > Kragenæs,3750177,2026-09-02T08:35:00,2026-09-02T08:55:00,19,96,98,M/F Christine,crossing-normal,False
2026-09-01T04:44:48Z,2026-09-02,414,Fejø > Kragenæs,3750241,2026-09-02T09:20:00,2026-09-02T09:40:00,21,90,98,M/F Christine,crossing-normal,False
2026-09-01T04:44:48Z,2026-09-02,414,Fejø > Kragenæs,3750305,2026-09-02T10:10:00,2026-09-02T10:30:00,21,92,98,M/F Christine,crossing-normal,False
2026-09-01T04:44:48Z,2026-09-02,414,Fejø > Kragenæs,3750369,2026-09-02T11:10:00,2026-09-02T11:30:00,24,98,98,M/F Christine,crossing-normal,False
2026-09-01T04:44:48Z,2026-09-02,414,Fejø > Kragenæs,3750433,2026-09-02T12:20:00,2026-09-02T12:40:00,20,93,98,M/F Christine,crossing-normal,False
2026-09-01T04:44:48Z,2026-09-02,414,Fejø > Kragenæs,3750497,2026-09-02T13:10:00,2026-09-02T13:30:00,23,96,98,M/F Christine,crossing-normal,False
2026-09-01T04:44:48Z,2026-09-02,414,Fejø > Kragenæs,3750561,2026-09-02T14:10:00,2026-09-02T14:30:00,23,94,98,M/F Christine,crossing-normal,False
2026-09-01T04:44:48Z,2026-09-02,414,Fejø > Kragenæs,3750625,2026-09-02T15:10:00,2026-09-02T15:30:00,23,96,98,M/F Christine,crossing-normal,False
2026-09-01T04:44:48Z,2026-09-02,414,Fejø > Kragenæs,3750689,2026-09-02T16:10:00,2026-09-02T16:30:00,16,77,98,M/F Christine,crossing-normal,False
2026-09-01T04:44:48Z,2026-09-02,414,Fejø > Kragenæs,3750753,2026-09-02T16:50:00,2026-09-02T17:10:00,24,98,98,M/F Christine,crossing-normal,False
2026-09-01T04:44:48Z,2026-09-02,414,Fejø > Kragenæs,3750817,2026-09-02T17:30:00,2026-09-02T17:50:00,24,98,98,M/F Christine,crossing-normal,False
2026-09-01T04:44:48Z,2026-09-02,414,Fejø > Kragenæs,3750881,2026-09-02T18:20:00,2026-09-02T18:40:00,24,98,98,M/F Christine,crossing-normal,False
2026-09-01T04:44:48Z,2026-09-02,414,Fejø > Kragenæs,3750945,2026-09-02T19:45:00,2026-09-02T20:05:00,24,98,98,M/F Christine,crossing-normal,False
2026-09-01T04:44:48Z,2026-09-02,414,Fejø > Kragenæs,3751009,2026-09-02T20:30:00,2026-09-02T20:50:00,24,97,98,M/F Christine,crossing-normal,False
2026-09-01T04:44:48Z,2026-09-02,414,Fejø > Kragenæs,3751074,2026-09-02T21:45:00,2026-09-02T22:05:00,23,97,98,M/F Christine,crossing-normal,False
2026-09-01T04:44:48Z,2026-09-03,411,Kragenæs > Femø,3748043,2026-09-03T07:05:00,2026-09-03T08:00:00,2,93,98,M/F Femøsund,crossing-normal,False
2026-09-01T04:44:48Z,2026-09-03,411,Kragenæs > Femø,3748122,2026-09-03T09:25:00,2026-09-03T10:20:00,8,97,98,M/F Femøsund,crossing-normal,False
2026-09-01T04:44:48Z,2026-09-03,411,Kragenæs > Femø,3748201,2026-09-03T11:50:00,2026-09-03T12:45:00,14,95,98,M/F Femøsund,crossing-normal,False
2026-09-01T04:44:48Z,2026-09-03,411,Kragenæs > Femø,3748280,2026-09-03T14:05:00,2026-09-03T15:00:00,5,84,98,M/F Femøsund,crossing-normal,False
2026-09-01T04:44:48Z,2026-09-03,411,Kragenæs > Femø,3748359,2026-09-03T16:20:00,2026-09-03T17:15:00,13,95,98,M/F Femøsund,crossing-normal,False
2026-09-01T04:44:48Z,2026-09-03,411,Kragenæs > Femø,3748438,2026-09-03T18:40:00,2026-09-03T19:35:00,14,96,98,M/F Femøsund,crossing-normal,False
2026-09-01T04:44:48Z,2026-09-03,411,Kragenæs > Femø,3748517,2026-09-03T22:00:00,2026-09-03T22:55:00,13,95,98,M/F Femøsund,crossing-normal,False
2026-09-01T04:44:48Z,2026-09-03,411,Femø > Kragenæs,3747490,2026-09-03T06:00:00,2026-09-03T06:55:00,12,94,98,M/F Femøsund,crossing-normal,False
2026-09-01T04:44:48Z,2026-09-03,411,Femø > Kragenæs,3747569,2026-09-03T08:15:00,2026-09-03T09:10:00,11,94,98,M/F Femøsund,crossing-normal,False
2026-09-01T04:44:48Z,2026-09-03,411,Femø > Kragenæs,3747648,2026-09-03T10:30:00,2026-09-03T11:25:00,4,94,98,M/F Femøsund,crossing-normal,False
2026-09-01T04:44:48Z,2026-09-03,411,Femø > Kragenæs,3747727,2026-09-03T12:55:00,2026-09-03T13:50:00,4,94,98,M/F Femøsund,crossing-normal,False
2026-09-01T04:44:48Z,2026-09-03,411,Femø > Kragenæs,3747806,2026-09-03T15:10:00,2026-09-03T16:05:00,14,96,98,M/F Femøsund,crossing-normal,False
2026-09-01T04:44:48Z,2026-09-03,411,Femø > Kragenæs,3747885,2026-09-03T17:30:00,2026-09-03T18:25:00,13,96,98,M/F Femøsund,crossing-normal,False
2026-09-01T04:44:48Z,2026-09-03,411,Femø > Kragenæs,3747964,2026-09-03T20:45:00,2026-09-03T21:40:00,15,98,98,M/F Femøsund,crossing-normal,False
2026-09-01T04:44:48Z,2026-09-03,413,Kragenæs > Askø,3752996,2026-09-03T06:40:00,2026-09-03T07:20:00,13,95,95,M/F Askø,crossing-normal,False
2026-09-01T04:44:48Z,2026-09-03,413,Kragenæs > Askø,3753059,2026-09-03T08:55:00,2026-09-03T09:35:00,12,94,95,M/F Askø,crossing-normal,False
2026-09-01T04:44:48Z,2026-09-03,413,Kragenæs > Askø,3753122,2026-09-03T11:10:00,2026-09-03T11:50:00,13,95,95,M/F Askø,crossing-normal,False
2026-09-01T04:44:48Z,2026-09-03,413,Kragenæs > Askø,3753185,2026-09-03T13:35:00,2026-09-03T14:15:00,9,90,95,M/F Askø,crossing-normal,False
2026-09-01T04:44:48Z,2026-09-03,413,Kragenæs > Askø,3753248,2026-09-03T15:55:00,2026-09-03T16:35:00,13,95,95,M/F Askø,crossing-normal,False
2026-09-01T04:44:48Z,2026-09-03,413,Kragenæs > Askø,3753311,2026-09-03T18:15:00,2026-09-03T18:55:00,12,93,95,M/F Askø,crossing-normal,False
2026-09-01T04:44:48Z,2026-09-03,413,Kragenæs > Askø,3753374,2026-09-03T21:20:00,2026-09-03T22:00:00,12,93,95,M/F Askø,crossing-normal,False
2026-09-01T04:44:48Z,2026-09-03,413,Askø > Kragenæs,3753437,2026-09-03T07:30:00,2026-09-03T08:10:00,12,94,95,M/F Askø,crossing-normal,False
2026-09-01T04:44:48Z,2026-09-03,413,Askø > Kragenæs,3753500,2026-09-03T10:05:00,2026-09-03T10:45:00,10,92,95,M/F Askø,crossing-normal,False
2026-09-01T04:44:48Z,2026-09-03,413,Askø > Kragenæs,3753563,2026-09-03T12:35:00,2026-09-03T13:15:00,11,93,95,M/F Askø,crossing-normal,False
2026-09-01T04:44:48Z,2026-09-03,413,Askø > Kragenæs,3753626,2026-09-03T14:55:00,2026-09-03T15:35:00,11,89,95,M/F Askø,crossing-normal,False
2026-09-01T04:44:48Z,2026-09-03,413,Askø > Kragenæs,3753689,2026-09-03T16:40:00,2026-09-03T17:20:00,13,95,95,M/F Askø,crossing-normal,False
2026-09-01T04:44:48Z,2026-09-03,413,Askø > Kragenæs,3753752,2026-09-03T19:10:00,2026-09-03T19:50:00,13,95,95,M/F Askø,crossing-normal,False
2026-09-01T04:44:48Z,2026-09-03,413,Askø > Kragenæs,3753815,2026-09-03T22:05:00,2026-09-03T22:45:00,13,95,95,M/F Askø,crossing-normal,False
2026-09-01T04:44:48Z,2026-09-03,414,Kragenæs > Fejø,3751474,2026-09-03T05:45:00,2026-09-03T06:05:00,24,98,98,M/F Christine,crossing-normal,False
2026-09-01T04:44:48Z,2026-09-03,414,Kragenæs > Fejø,3751554,2026-09-03T06:25:00,2026-09-03T06:45:00,23,97,98,M/F Christine,crossing-normal,False
2026-09-01T04:44:48Z,2026-09-03,414,Kragenæs > Fejø,3751634,2026-09-03T07:10:00,2026-09-03T07:30:00,21,94,98,M/F Christine,crossing-normal,False
2026-09-01T04:44:48Z,2026-09-03,414,Kragenæs > Fejø,3751714,2026-09-03T07:55:00,2026-09-03T08:15:00,23,97,98,M/F Christine,crossing-normal,False
2026-09-01T04:44:48Z,2026-09-03,414,Kragenæs > Fejø,3751794,2026-09-03T09:00:00,2026-09-03T09:20:00,24,98,98,M/F Christine,crossing-normal,False
2026-09-01T04:44:48Z,2026-09-03,414,Kragenæs > Fejø,3751874,2026-09-03T09:50:00,2026-09-03T10:10:00,24,98,98,M/F Christine,crossing-normal,False
2026-09-01T04:44:48Z,2026-09-03,414,Kragenæs > Fejø,3751954,2026-09-03T10:45:00,2026-09-03T11:05:00,24,98,98,M/F Christine,crossing-normal,False
2026-09-01T04:44:48Z,2026-09-03,414,Kragenæs > Fejø,3752034,2026-09-03T12:00:00,2026-09-03T12:20:00,23,97,98,M/F Christine,crossing-normal,False
2026-09-01T04:44:48Z,2026-09-03,414,Kragenæs > Fejø,3752114,2026-09-03T12:50:00,2026-09-03T13:10:00,22,95,98,M/F Christine,crossing-normal,False
2026-09-01T04:44:48Z,2026-09-03,414,Kragenæs > Fejø,3752194,2026-09-03T13:50:00,2026-09-03T14:10:00,23,95,98,M/F Christine,crossing-normal,False
2026-09-01T04:44:48Z,2026-09-03,414,Kragenæs > Fejø,3752274,2026-09-03T14:50:00,2026-09-03T15:10:00,22,95,98,M/F Christine,crossing-normal,False
2026-09-01T04:44:48Z,2026-09-03,414,Kragenæs > Fejø,3752354,2026-09-03T15:50:00,2026-09-03T16:10:00,20,92,98,M/F Christine,crossing-normal,False
2026-09-01T04:44:48Z,2026-09-03,414,Kragenæs > Fejø,3752434,2026-09-03T16:30:00,2026-09-03T16:50:00,24,98,98,M/F Christine,crossing-normal,False
2026-09-01T04:44:48Z,2026-09-03,414,Kragenæs > Fejø,3752514,2026-09-03T17:10:00,2026-09-03T17:30:00,24,98,98,M/F Christine,crossing-normal,False
2026-09-01T04:44:48Z,2026-09-03,414,Kragenæs > Fejø,3752594,2026-09-03T17:50:00,2026-09-03T18:10:00,24,98,98,M/F Christine,crossing-normal,False
2026-09-01T04:44:48Z,2026-09-03,414,Kragenæs > Fejø,3752674,2026-09-03T19:20:00,2026-09-03T19:40:00,23,96,98,M/F Christine,crossing-normal,False
2026-09-01T04:44:48Z,2026-09-03,414,Kragenæs > Fejø,3752754,2026-09-03T20:10:00,2026-09-03T20:30:00,24,98,98,M/F Christine,crossing-normal,False
2026-09-01T04:44:48Z,2026-09-03,414,Kragenæs > Fejø,3752834,2026-09-03T20:50:00,2026-09-03T21:10:00,24,98,98,M/F Christine,crossing-normal,False
2026-09-01T04:44:48Z,2026-09-03,414,Kragenæs > Fejø,3752932,2026-09-03T22:05:00,2026-09-03T22:25:00,22,96,98,M/F Christine,crossing-normal,False
2026-09-01T04:44:48Z,2026-09-03,414,Fejø > Kragenæs,3749922,2026-09-03T05:25:00,2026-09-03T05:45:00,22,92,98,M/F Christine,crossing-normal,False
2026-09-01T04:44:48Z,2026-09-03,414,Fejø > Kragenæs,3749986,2026-09-03T06:05:00,2026-09-03T06:25:00,23,97,98,M/F Christine,crossing-normal,False
2026-09-01T04:44:48Z,2026-09-03,414,Fejø > Kragenæs,3750050,2026-09-03T06:45:00,2026-09-03T07:05:00,20,90,98,M/F Christine,crossing-normal,False
2026-09-01T04:44:48Z,2026-09-03,414,Fejø > Kragenæs,3750114,2026-09-03T07:30:00,2026-09-03T07:50:00,21,92,98,M/F Christine,crossing-normal,False
2026-09-01T04:44:48Z,2026-09-03,414,Fejø > Kragenæs,3750178,2026-09-03T08:35:00,2026-09-03T08:55:00,23,97,98,M/F Christine,crossing-normal,False
2026-09-01T04:44:48Z,2026-09-03,414,Fejø > Kragenæs,3750242,2026-09-03T09:20:00,2026-09-03T09:40:00,23,97,98,M/F Christine,crossing-normal,False
2026-09-01T04:44:48Z,2026-09-03,414,Fejø > Kragenæs,3750306,2026-09-03T10:10:00,2026-09-03T10:30:00,20,90,98,M/F Christine,crossing-normal,False
2026-09-01T04:44:48Z,2026-09-03,414,Fejø > Kragenæs,3750370,2026-09-03T11:10:00,2026-09-03T11:30:00,24,98,98,M/F Christine,crossing-normal,False
2026-09-01T04:44:48Z,2026-09-03,414,Fejø > Kragenæs,3750434,2026-09-03T12:20:00,2026-09-03T12:40:00,23,97,98,M/F Christine,crossing-normal,False
2026-09-01T04:44:48Z,2026-09-03,414,Fejø > Kragenæs,3750498,2026-09-03T13:10:00,2026-09-03T13:30:00,24,98,98,M/F Christine,crossing-normal,False
2026-09-01T04:44:48Z,2026-09-03,414,Fejø > Kragenæs,3750562,2026-09-03T14:10:00,2026-09-03T14:30:00,24,96,98,M/F Christine,crossing-normal,False
2026-09-01T04:44:48Z,2026-09-03,414,Fejø > Kragenæs,3750626,2026-09-03T15:10:00,2026-09-03T15:30:00,20,93,98,M/F Christine,crossing-normal,False
2026-09-01T04:44:48Z,2026-09-03,414,Fejø > Kragenæs,3750690,2026-09-03T16:10:00,2026-09-03T16:30:00,24,98,98,M/F Christine,crossing-normal,False
2026-09-01T04:44:48Z,2026-09-03,414,Fejø > Kragenæs,3750754,2026-09-03T16:50:00,2026-09-03T17:10:00,24,98,98,M/F Christine,crossing-normal,False
2026-09-01T04:44:48Z,2026-09-03,414,Fejø > Kragenæs,3750818,2026-09-03T17:30:00,2026-09-03T17:50:00,23,96,98,M/F Christine,crossing-normal,False
2026-09-01T04:44:48Z,2026-09-03,414,Fejø > Kragenæs,3750882,2026-09-03T18:20:00,2026-09-03T18:40:00,24,98,98,M/F Christine,crossing-normal,False
2026-09-01T04:44:48Z,2026-09-03,414,Fejø > Kragenæs,3750946,2026-09-03T19:45:00,2026-09-03T20:05:00,24,98,98,M/F Christine,crossing-normal,False
2026-09-01T04:44:48Z,2026-09-03,414,Fejø > Kragenæs,3751010,2026-09-03T20:30:00,2026-09-03T20:50:00,24,98,98,M/F Christine,crossing-normal,False
2026-09-01T04:44:48Z,2026-09-03,414,Fejø > Kragenæs,3751075,2026-09-03T21:45:00,2026-09-03T22:05:00,23,97,98,M/F Christine,crossing-normal,False
2026-09-01T04:44:48Z,2026-09-04,411,Kragenæs > Femø,3748044,2026-09-04T07:05:00,2026-09-04T08:00:00,15,98,98,M/F Femøsund,crossing-normal,False
2026-09-01T04:44:48Z,2026-09-04,411,Kragenæs > Femø,3748123,2026-09-04T09:25:00,2026-09-04T10:20:00,7,92,98,M/F Femøsund,crossing-normal,False
2026-09-01T04:44:48Z,2026-09-04,411,Kragenæs > Femø,3770076,2026-09-04T13:25:00,2026-09-04T14:20:00,6,85,98,M/F Femøsund,crossing-normal,False
2026-09-01T04:44:48Z,2026-09-04,411,Kragenæs > Femø,3770184,2026-09-04T17:15:00,2026-09-04T18:10:00,0,60,98,M/F Femøsund,crossing-almost-fully-booked,False
2026-09-01T04:44:48Z,2026-09-04,411,Kragenæs > Femø,3770292,2026-09-04T21:05:00,2026-09-04T22:00:00,13,91,98,M/F Femøsund,crossing-normal,False
2026-09-01T04:44:48Z,2026-09-04,411,Femø > Kragenæs,3747491,2026-09-04T06:00:00,2026-09-04T06:55:00,12,93,98,M/F Femøsund,crossing-normal,False
2026-09-01T04:44:48Z,2026-09-04,411,Femø > Kragenæs,3747570,2026-09-04T08:15:00,2026-09-04T09:10:00,11,90,98,M/F Femøsund,crossing-normal,False
2026-09-01T04:44:48Z,2026-09-04,411,Femø > Kragenæs,3747649,2026-09-04T10:30:00,2026-09-04T11:25:00,12,89,98,M/F Femøsund,crossing-normal,False
2026-09-01T04:44:48Z,2026-09-04,411,Femø > Kragenæs,3770103,2026-09-04T14:25:00,2026-09-04T15:20:00,13,94,98,M/F Femøsund,crossing-normal,False
2026-09-01T04:44:48Z,2026-09-04,411,Femø > Kragenæs,3770211,2026-09-04T18:15:00,2026-09-04T19:10:00,15,98,98,M/F Femøsund,crossing-normal,False
2026-09-01T04:44:48Z,2026-09-04,413,Kragenæs > Askø,3747172,2026-09-04T06:40:00,2026-09-04T07:20:00,13,95,95,M/F Askø,crossing-normal,False
2026-09-01T04:44:48Z,2026-09-04,413,Kragenæs > Askø,3747188,2026-09-04T08:55:00,2026-09-04T09:35:00,7,91,95,M/F Askø,crossing-normal,False
2026-09-01T04:44:48Z,2026-09-04,413,Kragenæs > Askø,3770022,2026-09-04T11:45:00,2026-09-04T12:25:00,4,82,98,M/F Femøsund,crossing-normal,False
2026-09-01T04:44:48Z,2026-09-04,413,Kragenæs > Askø,3770130,2026-09-04T15:35:00,2026-09-04T16:15:00,8,83,98,M/F Femøsund,crossing-normal,False
2026-09-01T04:44:48Z,2026-09-04,413,Kragenæs > Askø,3770238,2026-09-04T19:25:00,2026-09-04T20:05:00,3,67,98,M/F Femøsund,crossing-normal,False
2026-09-01T04:44:48Z,2026-09-04,413,Askø > Kragenæs,3747300,2026-09-04T07:30:00,2026-09-04T08:10:00,9,88,95,M/F Askø,crossing-normal,False
2026-09-01T04:44:48Z,2026-09-04,413,Askø > Kragenæs,3747316,2026-09-04T10:00:00,2026-09-04T10:40:00,6,87,95,"Der sejles til Bandholm, billetteres som til Kragenæs",crossing-comment,False
2026-09-01T04:44:48Z,2026-09-04,413,Askø > Kragenæs,3770049,2026-09-04T12:30:00,2026-09-04T13:10:00,13,95,98,M/F Femøsund,crossing-normal,False
2026-09-01T04:44:48Z,2026-09-04,413,Askø > Kragenæs,3770157,2026-09-04T16:20:00,2026-09-04T17:00:00,14,95,98,M/F Femøsund,crossing-normal,False
2026-09-01T04:44:48Z,2026-09-04,413,Askø > Kragenæs,3770265,2026-09-04T20:10:00,2026-09-04T20:50:00,15,98,98,M/F Femøsund,crossing-normal,False
2026-09-01T04:44:48Z,2026-09-04,414,Kragenæs > Fejø,3751475,2026-09-04T05:45:00,2026-09-04T06:05:00,24,98,98,M/F Christine,crossing-normal,False
2026-09-01T04:44:48Z,2026-09-04,414,Kragenæs > Fejø,3751555,2026-09-04T06:25:00,2026-09-04T06:45:00,22,98,98,M/F Christine,crossing-normal,False
2026-09-01T04:44:48Z,2026-09-04,414,Kragenæs > Fejø,3751635,2026-09-04T07:10:00,2026-09-04T07:30:00,24,97,98,M/F Christine,crossing-normal,False
2026-09-01T04:44:48Z,2026-09-04,414,Kragenæs > Fejø,3751715,2026-09-04T07:55:00,2026-09-04T08:15:00,23,97,98,M/F Christine,crossing-normal,False
2026-09-01T04:44:48Z,2026-09-04,414,Kragenæs > Fejø,3751795,2026-09-04T09:00:00,2026-09-04T09:20:00,24,98,98,M/F Christine,crossing-normal,False
2026-09-01T04:44:48Z,2026-09-04,414,Kragenæs > Fejø,3751875,2026-09-04T09:50:00,2026-09-04T10:10:00,20,97,98,M/F Christine,crossing-normal,False
2026-09-01T04:44:48Z,2026-09-04,414,Kragenæs > Fejø,3751955,2026-09-04T10:45:00,2026-09-04T11:05:00,23,89,98,M/F Christine,crossing-normal,False
2026-09-01T04:44:48Z,2026-09-04,414,Kragenæs > Fejø,3761235,2026-09-04T11:50:00,2026-09-04T12:10:00,21,94,98,M/F Christine,crossing-normal,False
2026-09-01T04:44:48Z,2026-09-04,414,Kragenæs > Fejø,3761272,2026-09-04T12:50:00,2026-09-04T13:10:00,24,98,98,M/F Christine,crossing-normal,False
2026-09-01T04:44:48Z,2026-09-04,414,Kragenæs > Fejø,3761309,2026-09-04T13:50:00,2026-09-04T14:10:00,22,94,98,M/F Christine,crossing-normal,False
2026-09-01T04:44:48Z,2026-09-04,414,Kragenæs > Fejø,3761346,2026-09-04T14:50:00,2026-09-04T15:10:00,22,94,98,M/F Christine,crossing-normal,False
2026-09-01T04:44:48Z,2026-09-04,414,Kragenæs > Fejø,3761383,2026-09-04T15:50:00,2026-09-04T16:10:00,22,96,98,M/F Christine,crossing-normal,False
2026-09-01T04:44:48Z,2026-09-04,414,Kragenæs > Fejø,3769443,2026-09-04T16:50:00,2026-09-04T17:10:00,22,94,98,M/F Christine,crossing-normal,False
2026-09-01T04:44:48Z,2026-09-04,414,Kragenæs > Fejø,3761457,2026-09-04T17:50:00,2026-09-04T18:10:00,22,93,98,M/F Christine,crossing-normal,False
2026-09-01T04:44:48Z,2026-09-04,414,Kragenæs > Fejø,3761494,2026-09-04T18:50:00,2026-09-04T19:10:00,24,98,98,M/F Christine,crossing-normal,False
2026-09-01T04:44:48Z,2026-09-04,414,Kragenæs > Fejø,3761531,2026-09-04T19:40:00,2026-09-04T20:00:00,24,98,98,M/F Christine,crossing-normal,False
2026-09-01T04:44:48Z,2026-09-04,414,Kragenæs > Fejø,3761568,2026-09-04T20:30:00,2026-09-04T20:50:00,24,98,98,M/F Christine,crossing-normal,False
2026-09-01T04:44:48Z,2026-09-04,414,Kragenæs > Fejø,3769449,2026-09-04T21:20:00,2026-09-04T21:40:00,24,98,98,M/F Christine,crossing-normal,False
2026-09-01T04:44:48Z,2026-09-04,414,Kragenæs > Fejø,3761605,2026-09-04T22:10:00,2026-09-04T22:30:00,23,97,98,M/F Christine,crossing-normal,False
2026-09-01T04:44:48Z,2026-09-04,414,Fejø > Kragenæs,3751091,2026-09-04T05:25:00,2026-09-04T05:45:00,24,97,98,M/F Christine,crossing-normal,False
2026-09-01T04:44:48Z,2026-09-04,414,Fejø > Kragenæs,3751107,2026-09-04T06:05:00,2026-09-04T06:25:00,22,96,98,M/F Christine,crossing-normal,False
2026-09-01T04:44:48Z,2026-09-04,414,Fejø > Kragenæs,3751123,2026-09-04T06:45:00,2026-09-04T07:05:00,23,97,98,M/F Christine,crossing-normal,False
2026-09-01T04:44:48Z,2026-09-04,414,Fejø > Kragenæs,3751139,2026-09-04T07:30:00,2026-09-04T07:50:00,22,92,98,M/F Christine,crossing-normal,False
2026-09-01T04:44:48Z,2026-09-04,414,Fejø > Kragenæs,3751155,2026-09-04T08:35:00,2026-09-04T08:55:00,18,91,98,M/F Christine,crossing-normal,False
2026-09-01T04:44:48Z,2026-09-04,414,Fejø > Kragenæs,3751171,2026-09-04T09:20:00,2026-09-04T09:40:00,24,98,98,M/F Christine,crossing-normal,False
2026-09-01T04:44:48Z,2026-09-04,414,Fejø > Kragenæs,3751187,2026-09-04T10:10:00,2026-09-04T10:30:00,24,98,98,M/F Christine,crossing-normal,False
2026-09-01T04:44:48Z,2026-09-04,414,Fejø > Kragenæs,3751203,2026-09-04T11:10:00,2026-09-04T11:30:00,20,97,98,M/F Christine,crossing-normal,False
2026-09-01T04:44:48Z,2026-09-04,414,Fejø > Kragenæs,3760490,2026-09-04T12:15:00,2026-09-04T12:35:00,22,95,98,M/F Christine,crossing-normal,False
2026-09-01T04:44:48Z,2026-09-04,414,Fejø > Kragenæs,3760643,2026-09-04T13:15:00,2026-09-04T13:35:00,24,98,98,M/F Christine,crossing-normal,False
2026-09-01T04:44:48Z,2026-09-04,414,Fejø > Kragenæs,3760680,2026-09-04T14:15:00,2026-09-04T14:35:00,24,98,98,M/F Christine,crossing-normal,False
2026-09-01T04:44:48Z,2026-09-04,414,Fejø > Kragenæs,3760717,2026-09-04T15:15:00,2026-09-04T15:35:00,24,98,98,M/F Christine,crossing-normal,False
2026-09-01T04:44:48Z,2026-09-04,414,Fejø > Kragenæs,3760754,2026-09-04T16:15:00,2026-09-04T16:35:00,24,98,98,M/F Christine,crossing-normal,False
2026-09-01T04:44:48Z,2026-09-04,414,Fejø > Kragenæs,3769425,2026-09-04T17:15:00,2026-09-04T17:35:00,24,98,98,M/F Christine,crossing-normal,False
2026-09-01T04:44:48Z,2026-09-04,414,Fejø > Kragenæs,3760828,2026-09-04T18:15:00,2026-09-04T18:35:00,24,98,98,M/F Christine,crossing-normal,False
2026-09-01T04:44:48Z,2026-09-04,414,Fejø > Kragenæs,3760865,2026-09-04T19:15:00,2026-09-04T19:35:00,24,98,98,M/F Christine,crossing-normal,False
2026-09-01T04:44:48Z,2026-09-04,414,Fejø > Kragenæs,3760902,2026-09-04T20:05:00,2026-09-04T20:25:00,24,97,98,M/F Christine,crossing-normal,False
2026-09-01T04:44:48Z,2026-09-04,414,Fejø > Kragenæs,3769431,2026-09-04T20:55:00,2026-09-04T21:15:00,24,98,98,M/F Christine,crossing-normal,False
2026-09-01T04:44:48Z,2026-09-04,414,Fejø > Kragenæs,3760939,2026-09-04T21:45:00,2026-09-04T22:05:00,23,97,98,M/F Christine,crossing-normal,False
2026-09-01T04:44:48Z,2026-09-05,411,Kragenæs > Femø,3769915,2026-09-05T08:50:00,2026-09-05T09:45:00,6,72,98,M/F Femøsund,crossing-normal,False
2026-09-01T04:44:48Z,2026-09-05,411,Kragenæs > Femø,3770077,2026-09-05T13:25:00,2026-09-05T14:20:00,9,82,98,M/F Femøsund,crossing-normal,False
2026-09-01T04:44:48Z,2026-09-05,411,Kragenæs > Femø,3770185,2026-09-05T17:15:00,2026-09-05T18:10:00,13,94,98,M/F Femøsund,crossing-normal,False
2026-09-01T04:44:48Z,2026-09-05,411,Kragenæs > Femø,3770293,2026-09-05T21:05:00,2026-09-05T22:00:00,15,98,98,M/F Femøsund,crossing-normal,False
2026-09-01T04:44:48Z,2026-09-05,411,Femø > Kragenæs,3769888,2026-09-05T06:00:00,2026-09-05T06:55:00,13,95,98,M/F Femøsund,crossing-normal,False
2026-09-01T04:44:48Z,2026-09-05,411,Femø > Kragenæs,3769942,2026-09-05T09:50:00,2026-09-05T10:45:00,10,93,98,M/F Femøsund,crossing-normal,False
2026-09-01T04:44:48Z,2026-09-05,411,Femø > Kragenæs,3770104,2026-09-05T14:25:00,2026-09-05T15:20:00,14,95,98,M/F Femøsund,crossing-normal,False
2026-09-01T04:44:48Z,2026-09-05,411,Femø > Kragenæs,3770212,2026-09-05T18:15:00,2026-09-05T19:10:00,11,85,98,M/F Femøsund,crossing-normal,False
2026-09-01T04:44:48Z,2026-09-05,413,Kragenæs > Askø,3769969,2026-09-05T07:10:00,2026-09-05T07:50:00,15,97,98,M/F Femøsund,crossing-normal,False
2026-09-01T04:44:48Z,2026-09-05,413,Kragenæs > Askø,3770023,2026-09-05T11:45:00,2026-09-05T12:25:00,13,94,98,M/F Femøsund,crossing-normal,False
2026-09-01T04:44:48Z,2026-09-05,413,Kragenæs > Askø,3770131,2026-09-05T15:35:00,2026-09-05T16:15:00,15,98,98,M/F Femøsund,crossing-normal,False
2026-09-01T04:44:48Z,2026-09-05,413,Kragenæs > Askø,3770239,2026-09-05T19:25:00,2026-09-05T20:05:00,15,98,98,M/F Femøsund,crossing-normal,False
2026-09-01T04:44:48Z,2026-09-05,413,Askø > Kragenæs,3769996,2026-09-05T07:55:00,2026-09-05T08:35:00,15,98,98,M/F Femøsund,crossing-normal,False
2026-09-01T04:44:48Z,2026-09-05,413,Askø > Kragenæs,3770050,2026-09-05T12:30:00,2026-09-05T13:10:00,12,92,98,M/F Femøsund,crossing-normal,False
2026-09-01T04:44:48Z,2026-09-05,413,Askø > Kragenæs,3770158,2026-09-05T16:20:00,2026-09-05T17:00:00,15,98,98,M/F Femøsund,crossing-normal,False
2026-09-01T04:44:48Z,2026-09-05,413,Askø > Kragenæs,3770266,2026-09-05T20:10:00,2026-09-05T20:50:00,15,98,98,M/F Femøsund,crossing-normal,False
2026-09-01T04:44:48Z,2026-09-05,414,Kragenæs > Fejø,3760977,2026-09-05T06:05:00,2026-09-05T06:25:00,24,98,98,M/F Christine,crossing-normal,False
2026-09-01T04:44:48Z,2026-09-05,414,Kragenæs > Fejø,3761051,2026-09-05T07:05:00,2026-09-05T07:25:00,24,98,98,M/F Christine,crossing-normal,False
2026-09-01T04:44:48Z,2026-09-05,414,Kragenæs > Fejø,3761088,2026-09-05T08:00:00,2026-09-05T08:20:00,24,97,98,M/F Christine,crossing-normal,False
2026-09-01T04:44:48Z,2026-09-05,414,Kragenæs > Fejø,3761125,2026-09-05T09:05:00,2026-09-05T09:25:00,22,94,98,M/F Christine,crossing-normal,False
2026-09-01T04:44:48Z,2026-09-05,414,Kragenæs > Fejø,3769438,2026-09-05T10:05:00,2026-09-05T10:25:00,23,88,98,M/F Christine,crossing-normal,False
2026-09-01T04:44:48Z,2026-09-05,414,Kragenæs > Fejø,3761236,2026-09-05T11:50:00,2026-09-05T12:10:00,22,95,98,M/F Christine,crossing-normal,False
2026-09-01T04:44:48Z,2026-09-05,414,Kragenæs > Fejø,3761273,2026-09-05T12:50:00,2026-09-05T13:10:00,24,98,98,M/F Christine,crossing-normal,False
2026-09-01T04:44:48Z,2026-09-05,414,Kragenæs > Fejø,3761310,2026-09-05T13:50:00,2026-09-05T14:10:00,22,92,98,M/F Christine,crossing-normal,False
2026-09-01T04:44:48Z,2026-09-05,414,Kragenæs > Fejø,3761347,2026-09-05T14:50:00,2026-09-05T15:10:00,24,98,98,M/F Christine,crossing-normal,False
2026-09-01T04:44:48Z,2026-09-05,414,Kragenæs > Fejø,3761384,2026-09-05T15:50:00,2026-09-05T16:10:00,22,96,98,M/F Christine,crossing-normal,False
2026-09-01T04:44:48Z,2026-09-05,414,Kragenæs > Fejø,3769444,2026-09-05T16:50:00,2026-09-05T17:10:00,24,98,98,M/F Christine,crossing-normal,False
2026-09-01T04:44:48Z,2026-09-05,414,Kragenæs > Fejø,3761458,2026-09-05T17:50:00,2026-09-05T18:10:00,24,98,98,M/F Christine,crossing-normal,False
2026-09-01T04:44:48Z,2026-09-05,414,Kragenæs > Fejø,3761495,2026-09-05T18:50:00,2026-09-05T19:10:00,24,98,98,M/F Christine,crossing-normal,False
2026-09-01T04:44:48Z,2026-09-05,414,Kragenæs > Fejø,3761532,2026-09-05T19:40:00,2026-09-05T20:00:00,24,98,98,M/F Christine,crossing-normal,False
2026-09-01T04:44:48Z,2026-09-05,414,Kragenæs > Fejø,3761569,2026-09-05T20:30:00,2026-09-05T20:50:00,24,98,98,M/F Christine,crossing-normal,False
2026-09-01T04:44:48Z,2026-09-05,414,Kragenæs > Fejø,3769450,2026-09-05T21:20:00,2026-09-05T21:40:00,24,98,98,M/F Christine,crossing-normal,False
2026-09-01T04:44:48Z,2026-09-05,414,Kragenæs > Fejø,3761606,2026-09-05T22:10:00,2026-09-05T22:30:00,23,97,98,M/F Christine,crossing-normal,False
2026-09-01T04:44:48Z,2026-09-05,414,Fejø > Kragenæs,3760195,2026-09-05T05:30:00,2026-09-05T05:50:00,23,97,98,M/F Christine,crossing-normal,False
2026-09-01T04:44:48Z,2026-09-05,414,Fejø > Kragenæs,3760232,2026-09-05T06:35:00,2026-09-05T06:55:00,23,97,98,M/F Christine,crossing-normal,False
2026-09-01T04:44:48Z,2026-09-05,414,Fejø > Kragenæs,3760454,2026-09-05T07:30:00,2026-09-05T07:50:00,24,98,98,M/F Christine,crossing-normal,False
2026-09-01T04:44:48Z,2026-09-05,414,Fejø > Kragenæs,3760306,2026-09-05T08:30:00,2026-09-05T08:50:00,23,96,98,M/F Christine,crossing-normal,False
2026-09-01T04:44:48Z,2026-09-05,414,Fejø > Kragenæs,3760343,2026-09-05T09:30:00,2026-09-05T09:50:00,24,98,98,M/F Christine,crossing-normal,False
2026-09-01T04:44:48Z,2026-09-05,414,Fejø > Kragenæs,3769420,2026-09-05T10:30:00,2026-09-05T10:50:00,23,94,98,M/F Christine,crossing-normal,False
2026-09-01T04:44:48Z,2026-09-05,414,Fejø > Kragenæs,3760491,2026-09-05T12:15:00,2026-09-05T12:35:00,23,97,98,M/F Christine,crossing-normal,False
2026-09-01T04:44:48Z,2026-09-05,414,Fejø > Kragenæs,3760644,2026-09-05T13:15:00,2026-09-05T13:35:00,24,98,98,M/F Christine,crossing-normal,False
2026-09-01T04:44:48Z,2026-09-05,414,Fejø > Kragenæs,3760681,2026-09-05T14:15:00,2026-09-05T14:35:00,24,98,98,M/F Christine,crossing-normal,False
2026-09-01T04:44:48Z,2026-09-05,414,Fejø > Kragenæs,3760718,2026-09-05T15:15:00,2026-09-05T15:35:00,24,98,98,M/F Christine,crossing-normal,False
2026-09-01T04:44:48Z,2026-09-05,414,Fejø > Kragenæs,3760755,2026-09-05T16:15:00,2026-09-05T16:35:00,24,92,98,M/F Christine,crossing-normal,False
2026-09-01T04:44:48Z,2026-09-05,414,Fejø > Kragenæs,3769426,2026-09-05T17:15:00,2026-09-05T17:35:00,22,93,98,M/F Christine,crossing-normal,False
2026-09-01T04:44:48Z,2026-09-05,414,Fejø > Kragenæs,3760829,2026-09-05T18:15:00,2026-09-05T18:35:00,23,96,98,M/F Christine,crossing-normal,False
2026-09-01T04:44:48Z,2026-09-05,414,Fejø > Kragenæs,3760866,2026-09-05T19:15:00,2026-09-05T19:35:00,24,98,98,M/F Christine,crossing-normal,False
2026-09-01T04:44:48Z,2026-09-05,414,Fejø > Kragenæs,3760903,2026-09-05T20:05:00,2026-09-05T20:25:00,24,97,98,M/F Christine,crossing-normal,False
2026-09-01T04:44:48Z,2026-09-05,414,Fejø > Kragenæs,3769432,2026-09-05T20:55:00,2026-09-05T21:15:00,24,98,98,M/F Christine,crossing-normal,False
2026-09-01T04:44:48Z,2026-09-05,414,Fejø > Kragenæs,3760940,2026-09-05T21:45:00,2026-09-05T22:05:00,23,97,98,M/F Christine,crossing-normal,False
2026-09-01T04:44:48Z,2026-09-06,411,Kragenæs > Femø,3769916,2026-09-06T08:50:00,2026-09-06T09:45:00,15,96,98,M/F Femøsund,crossing-normal,False
2026-09-01T04:44:48Z,2026-09-06,411,Kragenæs > Femø,3770078,2026-09-06T13:25:00,2026-09-06T14:20:00,14,97,98,M/F Femøsund,crossing-normal,False
2026-09-01T04:44:48Z,2026-09-06,411,Kragenæs > Femø,3770186,2026-09-06T17:15:00,2026-09-06T18:10:00,9,93,98,M/F Femøsund,crossing-normal,False
2026-09-01T04:44:48Z,2026-09-06,411,Kragenæs > Femø,3770294,2026-09-06T21:05:00,2026-09-06T22:00:00,14,96,98,M/F Femøsund,crossing-normal,False
2026-09-01T04:44:48Z,2026-09-06,411,Femø > Kragenæs,3769889,2026-09-06T06:00:00,2026-09-06T06:55:00,10,94,98,M/F Femøsund,crossing-normal,False
2026-09-01T04:44:48Z,2026-09-06,411,Femø > Kragenæs,3769943,2026-09-06T09:50:00,2026-09-06T10:45:00,6,76,98,M/F Femøsund,crossing-normal,False
2026-09-01T04:44:48Z,2026-09-06,411,Femø > Kragenæs,3770105,2026-09-06T14:25:00,2026-09-06T15:20:00,4,58,98,M/F Femøsund,crossing-normal,False
2026-09-01T04:44:48Z,2026-09-06,411,Femø > Kragenæs,3770213,2026-09-06T18:15:00,2026-09-06T19:10:00,11,87,98,M/F Femøsund,crossing-normal,False
2026-09-01T04:44:48Z,2026-09-06,413,Kragenæs > Askø,3769970,2026-09-06T07:10:00,2026-09-06T07:50:00,14,97,98,M/F Femøsund,crossing-normal,False
2026-09-01T04:44:48Z,2026-09-06,413,Kragenæs > Askø,3770024,2026-09-06T11:45:00,2026-09-06T12:25:00,15,98,98,M/F Femøsund,crossing-normal,False
2026-09-01T04:44:48Z,2026-09-06,413,Kragenæs > Askø,3770132,2026-09-06T15:35:00,2026-09-06T16:15:00,15,98,98,M/F Femøsund,crossing-normal,False
2026-09-01T04:44:48Z,2026-09-06,413,Kragenæs > Askø,3770240,2026-09-06T19:25:00,2026-09-06T20:05:00,13,95,98,M/F Femøsund,crossing-normal,False
2026-09-01T04:44:48Z,2026-09-06,413,Askø > Kragenæs,3769997,2026-09-06T07:55:00,2026-09-06T08:35:00,12,92,98,M/F Femøsund,crossing-normal,False
2026-09-01T04:44:48Z,2026-09-06,413,Askø > Kragenæs,3770051,2026-09-06T12:30:00,2026-09-06T13:10:00,1,62,98,M/F Femøsund,crossing-almost-fully-booked,False
2026-09-01T04:44:48Z,2026-09-06,413,Askø > Kragenæs,3770159,2026-09-06T16:20:00,2026-09-06T17:00:00,1,70,98,M/F Femøsund,crossing-almost-fully-booked,False
2026-09-01T04:44:48Z,2026-09-06,413,Askø > Kragenæs,3770267,2026-09-06T20:10:00,2026-09-06T20:50:00,14,96,98,M/F Femøsund,crossing-normal,False
2026-09-01T04:44:48Z,2026-09-06,414,Kragenæs > Fejø,3760978,2026-09-06T06:05:00,2026-09-06T06:25:00,24,98,98,M/F Christine,crossing-normal,False
2026-09-01T04:44:48Z,2026-09-06,414,Kragenæs > Fejø,3761052,2026-09-06T07:05:00,2026-09-06T07:25:00,24,98,98,M/F Christine,crossing-normal,False
2026-09-01T04:44:48Z,2026-09-06,414,Kragenæs > Fejø,3761089,2026-09-06T08:00:00,2026-09-06T08:20:00,24,98,98,M/F Christine,crossing-normal,False
2026-09-01T04:44:48Z,2026-09-06,414,Kragenæs > Fejø,3761126,2026-09-06T09:05:00,2026-09-06T09:25:00,23,97,98,M/F Christine,crossing-normal,False
2026-09-01T04:44:48Z,2026-09-06,414,Kragenæs > Fejø,3769439,2026-09-06T10:05:00,2026-09-06T10:25:00,23,96,98,M/F Christine,crossing-normal,False
2026-09-01T04:44:48Z,2026-09-06,414,Kragenæs > Fejø,3761237,2026-09-06T11:50:00,2026-09-06T12:10:00,24,98,98,M/F Christine,crossing-normal,False
2026-09-01T04:44:48Z,2026-09-06,414,Kragenæs > Fejø,3761274,2026-09-06T12:50:00,2026-09-06T13:10:00,24,98,98,M/F Christine,crossing-normal,False
2026-09-01T04:44:48Z,2026-09-06,414,Kragenæs > Fejø,3761311,2026-09-06T13:50:00,2026-09-06T14:10:00,23,97,98,M/F Christine,crossing-normal,False
2026-09-01T04:44:48Z,2026-09-06,414,Kragenæs > Fejø,3761348,2026-09-06T14:50:00,2026-09-06T15:10:00,24,98,98,M/F Christine,crossing-normal,False
2026-09-01T04:44:48Z,2026-09-06,414,Kragenæs > Fejø,3761385,2026-09-06T15:50:00,2026-09-06T16:10:00,22,96,98,M/F Christine,crossing-normal,False
2026-09-01T04:44:48Z,2026-09-06,414,Kragenæs > Fejø,3769445,2026-09-06T16:50:00,2026-09-06T17:10:00,24,98,98,M/F Christine,crossing-normal,False
2026-09-01T04:44:48Z,2026-09-06,414,Kragenæs > Fejø,3761459,2026-09-06T17:50:00,2026-09-06T18:10:00,24,98,98,M/F Christine,crossing-normal,False
2026-09-01T04:44:48Z,2026-09-06,414,Kragenæs > Fejø,3761496,2026-09-06T18:50:00,2026-09-06T19:10:00,24,98,98,M/F Christine,crossing-normal,False
2026-09-01T04:44:48Z,2026-09-06,414,Kragenæs > Fejø,3761533,2026-09-06T19:40:00,2026-09-06T20:00:00,24,98,98,M/F Christine,crossing-normal,False
2026-09-01T04:44:48Z,2026-09-06,414,Kragenæs > Fejø,3761570,2026-09-06T20:30:00,2026-09-06T20:50:00,23,96,98,M/F Christine,crossing-normal,False
2026-09-01T04:44:48Z,2026-09-06,414,Kragenæs > Fejø,3769451,2026-09-06T21:20:00,2026-09-06T21:40:00,24,98,98,M/F Christine,crossing-normal,False
2026-09-01T04:44:48Z,2026-09-06,414,Kragenæs > Fejø,3761607,2026-09-06T22:10:00,2026-09-06T22:30:00,23,97,98,M/F Christine,crossing-normal,False
2026-09-01T04:44:48Z,2026-09-06,414,Fejø > Kragenæs,3760196,2026-09-06T05:30:00,2026-09-06T05:50:00,23,97,98,M/F Christine,crossing-normal,False
2026-09-01T04:44:48Z,2026-09-06,414,Fejø > Kragenæs,3760233,2026-09-06T06:35:00,2026-09-06T06:55:00,23,97,98,M/F Christine,crossing-normal,False
2026-09-01T04:44:48Z,2026-09-06,414,Fejø > Kragenæs,3760455,2026-09-06T07:30:00,2026-09-06T07:50:00,23,96,98,M/F Christine,crossing-normal,False
2026-09-01T04:44:48Z,2026-09-06,414,Fejø > Kragenæs,3760307,2026-09-06T08:30:00,2026-09-06T08:50:00,24,98,98,M/F Christine,crossing-normal,False
2026-09-01T04:44:48Z,2026-09-06,414,Fejø > Kragenæs,3760344,2026-09-06T09:30:00,2026-09-06T09:50:00,24,98,98,M/F Christine,crossing-normal,False
2026-09-01T04:44:48Z,2026-09-06,414,Fejø > Kragenæs,3769421,2026-09-06T10:30:00,2026-09-06T10:50:00,21,96,98,M/F Christine,crossing-normal,False
2026-09-01T04:44:48Z,2026-09-06,414,Fejø > Kragenæs,3760492,2026-09-06T12:15:00,2026-09-06T12:35:00,22,93,98,M/F Christine,crossing-normal,False
2026-09-01T04:44:48Z,2026-09-06,414,Fejø > Kragenæs,3760645,2026-09-06T13:15:00,2026-09-06T13:35:00,23,94,98,M/F Christine,crossing-normal,False
2026-09-01T04:44:48Z,2026-09-06,414,Fejø > Kragenæs,3760682,2026-09-06T14:15:00,2026-09-06T14:35:00,21,91,98,M/F Christine,crossing-normal,False
2026-09-01T04:44:48Z,2026-09-06,414,Fejø > Kragenæs,3760719,2026-09-06T15:15:00,2026-09-06T15:35:00,23,95,98,M/F Christine,crossing-normal,False
2026-09-01T04:44:48Z,2026-09-06,414,Fejø > Kragenæs,3760756,2026-09-06T16:15:00,2026-09-06T16:35:00,23,96,98,M/F Christine,crossing-normal,False
2026-09-01T04:44:48Z,2026-09-06,414,Fejø > Kragenæs,3769427,2026-09-06T17:15:00,2026-09-06T17:35:00,23,96,98,M/F Christine,crossing-normal,False
2026-09-01T04:44:48Z,2026-09-06,414,Fejø > Kragenæs,3760830,2026-09-06T18:15:00,2026-09-06T18:35:00,24,98,98,M/F Christine,crossing-normal,False
2026-09-01T04:44:48Z,2026-09-06,414,Fejø > Kragenæs,3760867,2026-09-06T19:15:00,2026-09-06T19:35:00,24,98,98,M/F Christine,crossing-normal,False
2026-09-01T04:44:48Z,2026-09-06,414,Fejø > Kragenæs,3760904,2026-09-06T20:05:00,2026-09-06T20:25:00,24,98,98,M/F Christine,crossing-normal,False
2026-09-01T04:44:48Z,2026-09-06,414,Fejø > Kragenæs,3769433,2026-09-06T20:55:00,2026-09-06T21:15:00,24,98,98,M/F Christine,crossing-normal,False
2026-09-01T04:44:48Z,2026-09-06,414,Fejø > Kragenæs,3760941,2026-09-06T21:45:00,2026-09-06T22:05:00,23,97,98,M/F Christine,crossing-normal,False
2026-09-01T04:44:48Z,2026-09-07,411,Kragenæs > Femø,3769917,2026-09-07T08:50:00,2026-09-07T09:45:00,9,94,98,M/F Femøsund,crossing-normal,False
2026-09-01T04:44:48Z,2026-09-07,411,Kragenæs > Femø,3770079,2026-09-07T13:25:00,2026-09-07T14:20:00,14,95,98,M/F Femøsund,crossing-normal,False
2026-09-01T04:44:48Z,2026-09-07,411,Kragenæs > Femø,3770187,2026-09-07T17:15:00,2026-09-07T18:10:00,12,95,98,M/F Femøsund,crossing-normal,False
2026-09-01T04:44:48Z,2026-09-07,411,Kragenæs > Femø,3770295,2026-09-07T21:05:00,2026-09-07T22:00:00,15,98,98,M/F Femøsund,crossing-normal,False
2026-09-01T04:44:48Z,2026-09-07,411,Femø > Kragenæs,3769890,2026-09-07T06:00:00,2026-09-07T06:55:00,12,95,98,M/F Femøsund,crossing-normal,False
2026-09-01T04:44:48Z,2026-09-07,411,Femø > Kragenæs,3769944,2026-09-07T09:50:00,2026-09-07T10:45:00,9,88,98,M/F Femøsund,crossing-normal,False
2026-09-01T04:44:48Z,2026-09-07,411,Femø > Kragenæs,3770106,2026-09-07T14:25:00,2026-09-07T15:20:00,12,98,98,M/F Femøsund,crossing-normal,False
2026-09-01T04:44:48Z,2026-09-07,411,Femø > Kragenæs,3770214,2026-09-07T18:15:00,2026-09-07T19:10:00,14,95,98,M/F Femøsund,crossing-normal,False
2026-09-01T04:44:48Z,2026-09-07,413,Kragenæs > Askø,3769971,2026-09-07T07:10:00,2026-09-07T07:50:00,15,98,98,M/F Femøsund,crossing-normal,False
2026-09-01T04:44:48Z,2026-09-07,413,Kragenæs > Askø,3770025,2026-09-07T11:45:00,2026-09-07T12:25:00,15,98,98,M/F Femøsund,crossing-normal,False
2026-09-01T04:44:48Z,2026-09-07,413,Kragenæs > Askø,3770133,2026-09-07T15:35:00,2026-09-07T16:15:00,15,98,98,M/F Femøsund,crossing-normal,False
2026-09-01T04:44:48Z,2026-09-07,413,Kragenæs > Askø,3770241,2026-09-07T19:25:00,2026-09-07T20:05:00,15,98,98,M/F Femøsund,crossing-normal,False
2026-09-01T04:44:48Z,2026-09-07,413,Askø > Kragenæs,3769998,2026-09-07T07:55:00,2026-09-07T08:35:00,15,98,98,M/F Femøsund,crossing-normal,False
2026-09-01T04:44:48Z,2026-09-07,413,Askø > Kragenæs,3770052,2026-09-07T12:30:00,2026-09-07T13:10:00,15,98,98,M/F Femøsund,crossing-normal,False
2026-09-01T04:44:48Z,2026-09-07,413,Askø > Kragenæs,3770160,2026-09-07T16:20:00,2026-09-07T17:00:00,14,97,98,M/F Femøsund,crossing-normal,False
2026-09-01T04:44:48Z,2026-09-07,413,Askø > Kragenæs,3770268,2026-09-07T20:10:00,2026-09-07T20:50:00,15,98,98,M/F Femøsund,crossing-normal,False
2026-09-01T04:44:48Z,2026-09-07,414,Kragenæs > Fejø,3771036,2026-09-07T06:05:00,2026-09-07T06:25:00,24,97,98,M/F Christine,crossing-normal,False
2026-09-01T04:44:48Z,2026-09-07,414,Kragenæs > Fejø,3771078,2026-09-07T07:05:00,2026-09-07T07:25:00,23,97,98,M/F Christine,crossing-normal,False
2026-09-01T04:44:48Z,2026-09-07,414,Kragenæs > Fejø,3771120,2026-09-07T08:00:00,2026-09-07T08:20:00,23,97,98,M/F Christine,crossing-normal,False
2026-09-01T04:44:48Z,2026-09-07,414,Kragenæs > Fejø,3771162,2026-09-07T09:05:00,2026-09-07T09:25:00,24,98,98,M/F Christine,crossing-normal,False
2026-09-01T04:44:48Z,2026-09-07,414,Kragenæs > Fejø,3771204,2026-09-07T10:05:00,2026-09-07T10:25:00,24,98,98,M/F Christine,crossing-normal,False
2026-09-01T04:44:48Z,2026-09-07,414,Kragenæs > Fejø,3771246,2026-09-07T11:50:00,2026-09-07T12:10:00,24,98,98,M/F Christine,crossing-normal,False
2026-09-01T04:44:48Z,2026-09-07,414,Kragenæs > Fejø,3771288,2026-09-07T12:50:00,2026-09-07T13:10:00,24,98,98,M/F Christine,crossing-normal,False
2026-09-01T04:44:48Z,2026-09-07,414,Kragenæs > Fejø,3771330,2026-09-07T13:50:00,2026-09-07T14:10:00,22,94,98,M/F Christine,crossing-normal,False
2026-09-01T04:44:48Z,2026-09-07,414,Kragenæs > Fejø,3771372,2026-09-07T14:50:00,2026-09-07T15:10:00,24,98,98,M/F Christine,crossing-normal,False
2026-09-01T04:44:48Z,2026-09-07,414,Kragenæs > Fejø,3771414,2026-09-07T15:50:00,2026-09-07T16:10:00,22,96,98,M/F Christine,crossing-normal,False
2026-09-01T04:44:48Z,2026-09-07,414,Kragenæs > Fejø,3771456,2026-09-07T16:50:00,2026-09-07T17:10:00,23,97,98,M/F Christine,crossing-normal,False
2026-09-01T04:44:48Z,2026-09-07,414,Kragenæs > Fejø,3771498,2026-09-07T17:50:00,2026-09-07T18:10:00,24,98,98,M/F Christine,crossing-normal,False
2026-09-01T04:44:48Z,2026-09-07,414,Kragenæs > Fejø,3771540,2026-09-07T18:50:00,2026-09-07T19:10:00,23,96,98,M/F Christine,crossing-normal,False
2026-09-01T04:44:48Z,2026-09-07,414,Kragenæs > Fejø,3771582,2026-09-07T19:40:00,2026-09-07T20:00:00,24,98,98,M/F Christine,crossing-normal,False
2026-09-01T04:44:48Z,2026-09-07,414,Kragenæs > Fejø,3771624,2026-09-07T20:30:00,2026-09-07T20:50:00,24,98,98,M/F Christine,crossing-normal,False
2026-09-01T04:44:48Z,2026-09-07,414,Kragenæs > Fejø,3771666,2026-09-07T21:20:00,2026-09-07T21:40:00,24,98,98,M/F Christine,crossing-normal,False
2026-09-01T04:44:48Z,2026-09-07,414,Kragenæs > Fejø,3771708,2026-09-07T22:10:00,2026-09-07T22:30:00,23,96,98,M/F Christine,crossing-normal,False
2026-09-01T04:44:48Z,2026-09-07,414,Fejø > Kragenæs,3770322,2026-09-07T05:30:00,2026-09-07T05:50:00,23,97,98,M/F Christine,crossing-normal,False
2026-09-01T04:44:48Z,2026-09-07,414,Fejø > Kragenæs,3770364,2026-09-07T06:35:00,2026-09-07T06:55:00,21,94,98,M/F Christine,crossing-normal,False
2026-09-01T04:44:48Z,2026-09-07,414,Fejø > Kragenæs,3770406,2026-09-07T07:30:00,2026-09-07T07:50:00,23,95,98,M/F Christine,crossing-normal,False
2026-09-01T04:44:48Z,2026-09-07,414,Fejø > Kragenæs,3770448,2026-09-07T08:30:00,2026-09-07T08:50:00,23,97,98,M/F Christine,crossing-normal,False
2026-09-01T04:44:48Z,2026-09-07,414,Fejø > Kragenæs,3770490,2026-09-07T09:30:00,2026-09-07T09:50:00,24,98,98,M/F Christine,crossing-normal,False
2026-09-01T04:44:48Z,2026-09-07,414,Fejø > Kragenæs,3770532,2026-09-07T10:30:00,2026-09-07T10:50:00,23,96,98,M/F Christine,crossing-normal,False
2026-09-01T04:44:48Z,2026-09-07,414,Fejø > Kragenæs,3770574,2026-09-07T12:15:00,2026-09-07T12:35:00,23,97,98,M/F Christine,crossing-normal,False
2026-09-01T04:44:48Z,2026-09-07,414,Fejø > Kragenæs,3770616,2026-09-07T13:15:00,2026-09-07T13:35:00,24,97,98,M/F Christine,crossing-normal,False
2026-09-01T04:44:48Z,2026-09-07,414,Fejø > Kragenæs,3770658,2026-09-07T14:15:00,2026-09-07T14:35:00,24,98,98,M/F Christine,crossing-normal,False
2026-09-01T04:44:48Z,2026-09-07,414,Fejø > Kragenæs,3770700,2026-09-07T15:15:00,2026-09-07T15:35:00,24,97,98,M/F Christine,crossing-normal,False
2026-09-01T04:44:48Z,2026-09-07,414,Fejø > Kragenæs,3770742,2026-09-07T16:15:00,2026-09-07T16:35:00,24,98,98,M/F Christine,crossing-normal,False
2026-09-01T04:44:48Z,2026-09-07,414,Fejø > Kragenæs,3770784,2026-09-07T17:15:00,2026-09-07T17:35:00,24,98,98,M/F Christine,crossing-normal,False
2026-09-01T04:44:48Z,2026-09-07,414,Fejø > Kragenæs,3770826,2026-09-07T18:15:00,2026-09-07T18:35:00,24,98,98,M/F Christine,crossing-normal,False
2026-09-01T04:44:48Z,2026-09-07,414,Fejø > Kragenæs,3770868,2026-09-07T19:15:00,2026-09-07T19:35:00,24,98,98,M/F Christine,crossing-normal,False
2026-09-01T04:44:48Z,2026-09-07,414,Fejø > Kragenæs,3770910,2026-09-07T20:05:00,2026-09-07T20:25:00,24,98,98,M/F Christine,crossing-normal,False
2026-09-01T04:44:48Z,2026-09-07,414,Fejø > Kragenæs,3770952,2026-09-07T20:55:00,2026-09-07T21:15:00,24,98,98,M/F Christine,crossing-normal,False
2026-09-01T04:44:48Z,2026-09-07,414,Fejø > Kragenæs,3770994,2026-09-07T21:45:00,2026-09-07T22:05:00,23,97,98,M/F Christine,crossing-normal,False
2026-09-01T04:44:48Z,2026-09-08,411,Kragenæs > Femø,3769918,2026-09-08T08:50:00,2026-09-08T09:45:00,13,96,98,M/F Femøsund,crossing-normal,False
2026-09-01T04:44:48Z,2026-09-08,411,Kragenæs > Femø,3770080,2026-09-08T13:25:00,2026-09-08T14:20:00,15,98,98,M/F Femøsund,crossing-normal,False
2026-09-01T04:44:48Z,2026-09-08,411,Kragenæs > Femø,3770188,2026-09-08T17:15:00,2026-09-08T18:10:00,11,93,98,M/F Femøsund,crossing-normal,False
2026-09-01T04:44:48Z,2026-09-08,411,Kragenæs > Femø,3770296,2026-09-08T21:05:00,2026-09-08T22:00:00,15,98,98,M/F Femøsund,crossing-normal,False
2026-09-01T04:44:48Z,2026-09-08,411,Femø > Kragenæs,3769891,2026-09-08T06:00:00,2026-09-08T06:55:00,12,95,98,M/F Femøsund,crossing-normal,False
2026-09-01T04:44:48Z,2026-09-08,411,Femø > Kragenæs,3769945,2026-09-08T09:50:00,2026-09-08T10:45:00,14,96,98,M/F Femøsund,crossing-normal,False
2026-09-01T04:44:48Z,2026-09-08,411,Femø > Kragenæs,3770107,2026-09-08T14:25:00,2026-09-08T15:20:00,15,98,98,M/F Femøsund,crossing-normal,False
2026-09-01T04:44:48Z,2026-09-08,411,Femø > Kragenæs,3770215,2026-09-08T18:15:00,2026-09-08T19:10:00,11,94,98,M/F Femøsund,crossing-normal,False
2026-09-01T04:44:48Z,2026-09-08,413,Kragenæs > Askø,3769972,2026-09-08T07:10:00,2026-09-08T07:50:00,14,97,98,M/F Femøsund,crossing-normal,False
2026-09-01T04:44:48Z,2026-09-08,413,Kragenæs > Askø,3770026,2026-09-08T11:45:00,2026-09-08T12:25:00,14,97,98,M/F Femøsund,crossing-normal,False
2026-09-01T04:44:48Z,2026-09-08,413,Kragenæs > Askø,3770134,2026-09-08T15:35:00,2026-09-08T16:15:00,15,98,98,M/F Femøsund,crossing-normal,False
2026-09-01T04:44:48Z,2026-09-08,413,Kragenæs > Askø,3770242,2026-09-08T19:25:00,2026-09-08T20:05:00,15,98,98,M/F Femøsund,crossing-normal,False
2026-09-01T04:44:48Z,2026-09-08,413,Askø > Kragenæs,3769999,2026-09-08T07:55:00,2026-09-08T08:35:00,14,96,98,M/F Femøsund,crossing-normal,False
2026-09-01T04:44:48Z,2026-09-08,413,Askø > Kragenæs,3770053,2026-09-08T12:30:00,2026-09-08T13:10:00,14,97,98,M/F Femøsund,crossing-normal,False
2026-09-01T04:44:48Z,2026-09-08,413,Askø > Kragenæs,3770161,2026-09-08T16:20:00,2026-09-08T17:00:00,15,98,98,M/F Femøsund,crossing-normal,False
2026-09-01T04:44:48Z,2026-09-08,413,Askø > Kragenæs,3770269,2026-09-08T20:10:00,2026-09-08T20:50:00,15,98,98,M/F Femøsund,crossing-normal,False
2026-09-01T04:44:48Z,2026-09-08,414,Kragenæs > Fejø,3771037,2026-09-08T06:05:00,2026-09-08T06:25:00,24,98,98,M/F Christine,crossing-normal,False
2026-09-01T04:44:48Z,2026-09-08,414,Kragenæs > Fejø,3771079,2026-09-08T07:05:00,2026-09-08T07:25:00,24,98,98,M/F Christine,crossing-normal,False
2026-09-01T04:44:48Z,2026-09-08,414,Kragenæs > Fejø,3771121,2026-09-08T08:00:00,2026-09-08T08:20:00,24,98,98,M/F Christine,crossing-normal,False
2026-09-01T04:44:48Z,2026-09-08,414,Kragenæs > Fejø,3771163,2026-09-08T09:05:00,2026-09-08T09:25:00,24,98,98,M/F Christine,crossing-normal,False
2026-09-01T04:44:48Z,2026-09-08,414,Kragenæs > Fejø,3771205,2026-09-08T10:05:00,2026-09-08T10:25:00,24,98,98,M/F Christine,crossing-normal,False
2026-09-01T04:44:48Z,2026-09-08,414,Kragenæs > Fejø,3771247,2026-09-08T11:50:00,2026-09-08T12:10:00,24,98,98,M/F Christine,crossing-normal,False
2026-09-01T04:44:48Z,2026-09-08,414,Kragenæs > Fejø,3771289,2026-09-08T12:50:00,2026-09-08T13:10:00,24,98,98,M/F Christine,crossing-normal,False
2026-09-01T04:44:48Z,2026-09-08,414,Kragenæs > Fejø,3771331,2026-09-08T13:50:00,2026-09-08T14:10:00,24,98,98,M/F Christine,crossing-normal,False
2026-09-01T04:44:48Z,2026-09-08,414,Kragenæs > Fejø,3771373,2026-09-08T14:50:00,2026-09-08T15:10:00,24,98,98,M/F Christine,crossing-normal,False
2026-09-01T04:44:48Z,2026-09-08,414,Kragenæs > Fejø,3771415,2026-09-08T15:50:00,2026-09-08T16:10:00,23,97,98,M/F Christine,crossing-normal,False
2026-09-01T04:44:48Z,2026-09-08,414,Kragenæs > Fejø,3771457,2026-09-08T16:50:00,2026-09-08T17:10:00,24,98,98,M/F Christine,crossing-normal,False
2026-09-01T04:44:48Z,2026-09-08,414,Kragenæs > Fejø,3771499,2026-09-08T17:50:00,2026-09-08T18:10:00,24,98,98,M/F Christine,crossing-normal,False
2026-09-01T04:44:48Z,2026-09-08,414,Kragenæs > Fejø,3771541,2026-09-08T18:50:00,2026-09-08T19:10:00,24,98,98,M/F Christine,crossing-normal,False
2026-09-01T04:44:48Z,2026-09-08,414,Kragenæs > Fejø,3771583,2026-09-08T19:40:00,2026-09-08T20:00:00,24,98,98,M/F Christine,crossing-normal,False
2026-09-01T04:44:48Z,2026-09-08,414,Kragenæs > Fejø,3771625,2026-09-08T20:30:00,2026-09-08T20:50:00,24,98,98,M/F Christine,crossing-normal,False
2026-09-01T04:44:48Z,2026-09-08,414,Kragenæs > Fejø,3771667,2026-09-08T21:20:00,2026-09-08T21:40:00,24,98,98,M/F Christine,crossing-normal,False
2026-09-01T04:44:48Z,2026-09-08,414,Kragenæs > Fejø,3771709,2026-09-08T22:10:00,2026-09-08T22:30:00,24,98,98,M/F Christine,crossing-normal,False
2026-09-01T04:44:48Z,2026-09-08,414,Fejø > Kragenæs,3770323,2026-09-08T05:30:00,2026-09-08T05:50:00,24,98,98,M/F Christine,crossing-normal,False
2026-09-01T04:44:48Z,2026-09-08,414,Fejø > Kragenæs,3770365,2026-09-08T06:35:00,2026-09-08T06:55:00,22,96,98,M/F Christine,crossing-normal,False
2026-09-01T04:44:48Z,2026-09-08,414,Fejø > Kragenæs,3770407,2026-09-08T07:30:00,2026-09-08T07:50:00,23,97,98,M/F Christine,crossing-normal,False
2026-09-01T04:44:48Z,2026-09-08,414,Fejø > Kragenæs,3770449,2026-09-08T08:30:00,2026-09-08T08:50:00,23,96,98,M/F Christine,crossing-normal,False
2026-09-01T04:44:48Z,2026-09-08,414,Fejø > Kragenæs,3770491,2026-09-08T09:30:00,2026-09-08T09:50:00,23,97,98,M/F Christine,crossing-normal,False
2026-09-01T04:44:48Z,2026-09-08,414,Fejø > Kragenæs,3770533,2026-09-08T10:30:00,2026-09-08T10:50:00,24,98,98,M/F Christine,crossing-normal,False
2026-09-01T04:44:48Z,2026-09-08,414,Fejø > Kragenæs,3770575,2026-09-08T12:15:00,2026-09-08T12:35:00,24,98,98,M/F Christine,crossing-normal,False
2026-09-01T04:44:48Z,2026-09-08,414,Fejø > Kragenæs,3770617,2026-09-08T13:15:00,2026-09-08T13:35:00,24,98,98,M/F Christine,crossing-normal,False
2026-09-01T04:44:48Z,2026-09-08,414,Fejø > Kragenæs,3770659,2026-09-08T14:15:00,2026-09-08T14:35:00,24,98,98,M/F Christine,crossing-normal,False
2026-09-01T04:44:48Z,2026-09-08,414,Fejø > Kragenæs,3770701,2026-09-08T15:15:00,2026-09-08T15:35:00,23,94,98,M/F Christine,crossing-normal,False
2026-09-01T04:44:48Z,2026-09-08,414,Fejø > Kragenæs,3770743,2026-09-08T16:15:00,2026-09-08T16:35:00,24,98,98,M/F Christine,crossing-normal,False
2026-09-01T04:44:48Z,2026-09-08,414,Fejø > Kragenæs,3770785,2026-09-08T17:15:00,2026-09-08T17:35:00,24,98,98,M/F Christine,crossing-normal,False
2026-09-01T04:44:48Z,2026-09-08,414,Fejø > Kragenæs,3770827,2026-09-08T18:15:00,2026-09-08T18:35:00,24,98,98,M/F Christine,crossing-normal,False
2026-09-01T04:44:48Z,2026-09-08,414,Fejø > Kragenæs,3770869,2026-09-08T19:15:00,2026-09-08T19:35:00,24,98,98,M/F Christine,crossing-normal,False
2026-09-01T04:44:48Z,2026-09-08,414,Fejø > Kragenæs,3770911,2026-09-08T20:05:00,2026-09-08T20:25:00,24,98,98,M/F Christine,crossing-normal,False
2026-09-01T04:44:48Z,2026-09-08,414,Fejø > Kragenæs,3770953,2026-09-08T20:55:00,2026-09-08T21:15:00,24,98,98,M/F Christine,crossing-normal,False
2026-09-01T04:44:48Z,2026-09-08,414,Fejø > Kragenæs,3770995,2026-09-08T21:45:00,2026-09-08T22:05:00,24,98,98,M/F Christine,crossing-normal,False
2026-09-01T04:44:48Z,2026-09-09,411,Kragenæs > Femø,3769919,2026-09-09T08:50:00,2026-09-09T09:45:00,14,97,98,M/F Femøsund,crossing-normal,False
2026-09-01T04:44:48Z,2026-09-09,411,Kragenæs > Femø,3770081,2026-09-09T13:25:00,2026-09-09T14:20:00,11,96,98,M/F Femøsund,crossing-normal,False
2026-09-01T04:44:48Z,2026-09-09,411,Kragenæs > Femø,3770189,2026-09-09T17:15:00,2026-09-09T18:10:00,12,95,98,M/F Femøsund,crossing-normal,False
2026-09-01T04:44:48Z,2026-09-09,411,Kragenæs > Femø,3770297,2026-09-09T21:05:00,2026-09-09T22:00:00,14,97,98,M/F Femøsund,crossing-normal,False
2026-09-01T04:44:48Z,2026-09-09,411,Femø > Kragenæs,3769892,2026-09-09T06:00:00,2026-09-09T06:55:00,13,96,98,M/F Femøsund,crossing-normal,False
2026-09-01T04:44:48Z,2026-09-09,411,Femø > Kragenæs,3769946,2026-09-09T09:50:00,2026-09-09T10:45:00,10,95,98,M/F Femøsund,crossing-normal,False
2026-09-01T04:44:48Z,2026-09-09,411,Femø > Kragenæs,3770108,2026-09-09T14:25:00,2026-09-09T15:20:00,14,97,98,M/F Femøsund,crossing-normal,False
2026-09-01T04:44:48Z,2026-09-09,411,Femø > Kragenæs,3770216,2026-09-09T18:15:00,2026-09-09T19:10:00,14,96,98,M/F Femøsund,crossing-normal,False
2026-09-01T04:44:48Z,2026-09-09,413,Kragenæs > Askø,3769973,2026-09-09T07:10:00,2026-09-09T07:50:00,15,98,98,M/F Femøsund,crossing-normal,False
2026-09-01T04:44:48Z,2026-09-09,413,Kragenæs > Askø,3770027,2026-09-09T11:45:00,2026-09-09T12:25:00,15,98,98,M/F Femøsund,crossing-normal,False
2026-09-01T04:44:48Z,2026-09-09,413,Kragenæs > Askø,3770135,2026-09-09T15:35:00,2026-09-09T16:15:00,15,98,98,M/F Femøsund,crossing-normal,False
2026-09-01T04:44:48Z,2026-09-09,413,Kragenæs > Askø,3770243,2026-09-09T19:25:00,2026-09-09T20:05:00,15,98,98,M/F Femøsund,crossing-normal,False
2026-09-01T04:44:48Z,2026-09-09,413,Askø > Kragenæs,3770000,2026-09-09T07:55:00,2026-09-09T08:35:00,15,98,98,M/F Femøsund,crossing-normal,False
2026-09-01T04:44:48Z,2026-09-09,413,Askø > Kragenæs,3770054,2026-09-09T12:30:00,2026-09-09T13:10:00,14,97,98,M/F Femøsund,crossing-normal,False
2026-09-01T04:44:48Z,2026-09-09,413,Askø > Kragenæs,3770162,2026-09-09T16:20:00,2026-09-09T17:00:00,15,98,98,M/F Femøsund,crossing-normal,False
2026-09-01T04:44:48Z,2026-09-09,413,Askø > Kragenæs,3770270,2026-09-09T20:10:00,2026-09-09T20:50:00,15,98,98,M/F Femøsund,crossing-normal,False
2026-09-01T04:44:48Z,2026-09-09,414,Kragenæs > Fejø,3771038,2026-09-09T06:05:00,2026-09-09T06:25:00,24,98,98,M/F Christine,crossing-normal,False
2026-09-01T04:44:48Z,2026-09-09,414,Kragenæs > Fejø,3771080,2026-09-09T07:05:00,2026-09-09T07:25:00,24,98,98,M/F Christine,crossing-normal,False
2026-09-01T04:44:48Z,2026-09-09,414,Kragenæs > Fejø,3771122,2026-09-09T08:00:00,2026-09-09T08:20:00,24,98,98,M/F Christine,crossing-normal,False
2026-09-01T04:44:48Z,2026-09-09,414,Kragenæs > Fejø,3771164,2026-09-09T09:05:00,2026-09-09T09:25:00,24,98,98,M/F Christine,crossing-normal,False
2026-09-01T04:44:48Z,2026-09-09,414,Kragenæs > Fejø,3771206,2026-09-09T10:05:00,2026-09-09T10:25:00,24,98,98,M/F Christine,crossing-normal,False
2026-09-01T04:44:48Z,2026-09-09,414,Kragenæs > Fejø,3771248,2026-09-09T11:50:00,2026-09-09T12:10:00,21,96,98,M/F Christine,crossing-normal,False
2026-09-01T04:44:48Z,2026-09-09,414,Kragenæs > Fejø,3771290,2026-09-09T12:50:00,2026-09-09T13:10:00,24,98,98,M/F Christine,crossing-normal,False
2026-09-01T04:44:48Z,2026-09-09,414,Kragenæs > Fejø,3771332,2026-09-09T13:50:00,2026-09-09T14:10:00,24,98,98,M/F Christine,crossing-normal,False
2026-09-01T04:44:48Z,2026-09-09,414,Kragenæs > Fejø,3771374,2026-09-09T14:50:00,2026-09-09T15:10:00,23,97,98,M/F Christine,crossing-normal,False
2026-09-01T04:44:48Z,2026-09-09,414,Kragenæs > Fejø,3771416,2026-09-09T15:50:00,2026-09-09T16:10:00,24,98,98,M/F Christine,crossing-normal,False
2026-09-01T04:44:48Z,2026-09-09,414,Kragenæs > Fejø,3771458,2026-09-09T16:50:00,2026-09-09T17:10:00,24,98,98,M/F Christine,crossing-normal,False
2026-09-01T04:44:48Z,2026-09-09,414,Kragenæs > Fejø,3771500,2026-09-09T17:50:00,2026-09-09T18:10:00,24,98,98,M/F Christine,crossing-normal,False
2026-09-01T04:44:48Z,2026-09-09,414,Kragenæs > Fejø,3771542,2026-09-09T18:50:00,2026-09-09T19:10:00,24,98,98,M/F Christine,crossing-normal,False
2026-09-01T04:44:48Z,2026-09-09,414,Kragenæs > Fejø,3771584,2026-09-09T19:40:00,2026-09-09T20:00:00,24,97,98,M/F Christine,crossing-normal,False
2026-09-01T04:44:48Z,2026-09-09,414,Kragenæs > Fejø,3771626,2026-09-09T20:30:00,2026-09-09T20:50:00,24,98,98,M/F Christine,crossing-normal,False
2026-09-01T04:44:48Z,2026-09-09,414,Kragenæs > Fejø,3771668,2026-09-09T21:20:00,2026-09-09T21:40:00,24,98,98,M/F Christine,crossing-normal,False
2026-09-01T04:44:48Z,2026-09-09,414,Kragenæs > Fejø,3771710,2026-09-09T22:10:00,2026-09-09T22:30:00,24,98,98,M/F Christine,crossing-normal,False
2026-09-01T04:44:48Z,2026-09-09,414,Fejø > Kragenæs,3770324,2026-09-09T05:30:00,2026-09-09T05:50:00,24,98,98,M/F Christine,crossing-normal,False
2026-09-01T04:44:48Z,2026-09-09,414,Fejø > Kragenæs,3770366,2026-09-09T06:35:00,2026-09-09T06:55:00,23,97,98,M/F Christine,crossing-normal,False
2026-09-01T04:44:48Z,2026-09-09,414,Fejø > Kragenæs,3770408,2026-09-09T07:30:00,2026-09-09T07:50:00,24,98,98,M/F Christine,crossing-normal,False
2026-09-01T04:44:48Z,2026-09-09,414,Fejø > Kragenæs,3770450,2026-09-09T08:30:00,2026-09-09T08:50:00,24,98,98,M/F Christine,crossing-normal,False
2026-09-01T04:44:48Z,2026-09-09,414,Fejø > Kragenæs,3770492,2026-09-09T09:30:00,2026-09-09T09:50:00,23,96,98,M/F Christine,crossing-normal,False
2026-09-01T04:44:48Z,2026-09-09,414,Fejø > Kragenæs,3770534,2026-09-09T10:30:00,2026-09-09T10:50:00,24,98,98,M/F Christine,crossing-normal,False
2026-09-01T04:44:48Z,2026-09-09,414,Fejø > Kragenæs,3770576,2026-09-09T12:15:00,2026-09-09T12:35:00,24,97,98,M/F Christine,crossing-normal,False
2026-09-01T04:44:48Z,2026-09-09,414,Fejø > Kragenæs,3770618,2026-09-09T13:15:00,2026-09-09T13:35:00,24,98,98,M/F Christine,crossing-normal,False
2026-09-01T04:44:48Z,2026-09-09,414,Fejø > Kragenæs,3770660,2026-09-09T14:15:00,2026-09-09T14:35:00,21,96,98,M/F Christine,crossing-normal,False
2026-09-01T04:44:48Z,2026-09-09,414,Fejø > Kragenæs,3770702,2026-09-09T15:15:00,2026-09-09T15:35:00,24,98,98,M/F Christine,crossing-normal,False
2026-09-01T04:44:48Z,2026-09-09,414,Fejø > Kragenæs,3770744,2026-09-09T16:15:00,2026-09-09T16:35:00,24,98,98,M/F Christine,crossing-normal,False
2026-09-01T04:44:48Z,2026-09-09,414,Fejø > Kragenæs,3770786,2026-09-09T17:15:00,2026-09-09T17:35:00,24,98,98,M/F Christine,crossing-normal,False
2026-09-01T04:44:48Z,2026-09-09,414,Fejø > Kragenæs,3770828,2026-09-09T18:15:00,2026-09-09T18:35:00,24,98,98,M/F Christine,crossing-normal,False
2026-09-01T04:44:48Z,2026-09-09,414,Fejø > Kragenæs,3770870,2026-09-09T19:15:00,2026-09-09T19:35:00,24,98,98,M/F Christine,crossing-normal,False
2026-09-01T04:44:48Z,2026-09-09,414,Fejø > Kragenæs,3770912,2026-09-09T20:05:00,2026-09-09T20:25:00,24,98,98,M/F Christine,crossing-normal,False
2026-09-01T04:44:48Z,2026-09-09,414,Fejø > Kragenæs,3770954,2026-09-09T20:55:00,2026-09-09T21:15:00,23,96,98,M/F Christine,crossing-normal,False
2026-09-01T04:44:48Z,2026-09-09,414,Fejø > Kragenæs,3770996,2026-09-09T21:45:00,2026-09-09T22:05:00,24,98,98,M/F Christine,crossing-normal,False
2026-09-01T04:44:48Z,2026-09-10,411,Kragenæs > Femø,3769920,2026-09-10T08:50:00,2026-09-10T09:45:00,11,97,98,M/F Femøsund,crossing-normal,False
2026-09-01T04:44:48Z,2026-09-10,411,Kragenæs > Femø,3770082,2026-09-10T13:25:00,2026-09-10T14:20:00,14,97,98,M/F Femøsund,crossing-normal,False
2026-09-01T04:44:48Z,2026-09-10,411,Kragenæs > Femø,3770190,2026-09-10T17:15:00,2026-09-10T18:10:00,13,95,98,M/F Femøsund,crossing-normal,False
2026-09-01T04:44:48Z,2026-09-10,411,Kragenæs > Femø,3770298,2026-09-10T21:05:00,2026-09-10T22:00:00,15,98,98,M/F Femøsund,crossing-normal,False
2026-09-01T04:44:48Z,2026-09-10,411,Femø > Kragenæs,3769893,2026-09-10T06:00:00,2026-09-10T06:55:00,14,97,98,M/F Femøsund,crossing-normal,False
2026-09-01T04:44:48Z,2026-09-10,411,Femø > Kragenæs,3769947,2026-09-10T09:50:00,2026-09-10T10:45:00,14,97,98,M/F Femøsund,crossing-normal,False
2026-09-01T04:44:48Z,2026-09-10,411,Femø > Kragenæs,3770109,2026-09-10T14:25:00,2026-09-10T15:20:00,9,95,98,M/F Femøsund,crossing-normal,False
2026-09-01T04:44:48Z,2026-09-10,411,Femø > Kragenæs,3770217,2026-09-10T18:15:00,2026-09-10T19:10:00,15,98,98,M/F Femøsund,crossing-normal,False
2026-09-01T04:44:48Z,2026-09-10,413,Kragenæs > Askø,3769974,2026-09-10T07:10:00,2026-09-10T07:50:00,14,97,98,M/F Femøsund,crossing-normal,False
2026-09-01T04:44:48Z,2026-09-10,413,Kragenæs > Askø,3770028,2026-09-10T11:45:00,2026-09-10T12:25:00,15,98,98,M/F Femøsund,crossing-normal,False
2026-09-01T04:44:48Z,2026-09-10,413,Kragenæs > Askø,3770136,2026-09-10T15:35:00,2026-09-10T16:15:00,14,96,98,M/F Femøsund,crossing-normal,False
2026-09-01T04:44:48Z,2026-09-10,413,Kragenæs > Askø,3770244,2026-09-10T19:25:00,2026-09-10T20:05:00,15,98,98,M/F Femøsund,crossing-normal,False
2026-09-01T04:44:48Z,2026-09-10,413,Askø > Kragenæs,3770001,2026-09-10T07:55:00,2026-09-10T08:35:00,15,98,98,M/F Femøsund,crossing-normal,False
2026-09-01T04:44:48Z,2026-09-10,413,Askø > Kragenæs,3770055,2026-09-10T12:30:00,2026-09-10T13:10:00,14,97,98,M/F Femøsund,crossing-normal,False
2026-09-01T04:44:48Z,2026-09-10,413,Askø > Kragenæs,3770163,2026-09-10T16:20:00,2026-09-10T17:00:00,15,98,98,M/F Femøsund,crossing-normal,False
2026-09-01T04:44:48Z,2026-09-10,413,Askø > Kragenæs,3770271,2026-09-10T20:10:00,2026-09-10T20:50:00,15,98,98,M/F Femøsund,crossing-normal,False
2026-09-01T04:44:48Z,2026-09-10,414,Kragenæs > Fejø,3771039,2026-09-10T06:05:00,2026-09-10T06:25:00,24,98,98,M/F Christine,crossing-normal,False
2026-09-01T04:44:48Z,2026-09-10,414,Kragenæs > Fejø,3771081,2026-09-10T07:05:00,2026-09-10T07:25:00,24,98,98,M/F Christine,crossing-normal,False
2026-09-01T04:44:48Z,2026-09-10,414,Kragenæs > Fejø,3771123,2026-09-10T08:00:00,2026-09-10T08:20:00,24,98,98,M/F Christine,crossing-normal,False
2026-09-01T04:44:48Z,2026-09-10,414,Kragenæs > Fejø,3771165,2026-09-10T09:05:00,2026-09-10T09:25:00,24,98,98,M/F Christine,crossing-normal,False
2026-09-01T04:44:48Z,2026-09-10,414,Kragenæs > Fejø,3771207,2026-09-10T10:05:00,2026-09-10T10:25:00,24,98,98,M/F Christine,crossing-normal,False
2026-09-01T04:44:48Z,2026-09-10,414,Kragenæs > Fejø,3771249,2026-09-10T11:50:00,2026-09-10T12:10:00,24,98,98,M/F Christine,crossing-normal,False
2026-09-01T04:44:48Z,2026-09-10,414,Kragenæs > Fejø,3771291,2026-09-10T12:50:00,2026-09-10T13:10:00,24,98,98,M/F Christine,crossing-normal,False
2026-09-01T04:44:48Z,2026-09-10,414,Kragenæs > Fejø,3771333,2026-09-10T13:50:00,2026-09-10T14:10:00,24,98,98,M/F Christine,crossing-normal,False
2026-09-01T04:44:48Z,2026-09-10,414,Kragenæs > Fejø,3771375,2026-09-10T14:50:00,2026-09-10T15:10:00,24,98,98,M/F Christine,crossing-normal,False
2026-09-01T04:44:48Z,2026-09-10,414,Kragenæs > Fejø,3771417,2026-09-10T15:50:00,2026-09-10T16:10:00,24,98,98,M/F Christine,crossing-normal,False
2026-09-01T04:44:48Z,2026-09-10,414,Kragenæs > Fejø,3771459,2026-09-10T16:50:00,2026-09-10T17:10:00,24,98,98,M/F Christine,crossing-normal,False
2026-09-01T04:44:48Z,2026-09-10,414,Kragenæs > Fejø,3771501,2026-09-10T17:50:00,2026-09-10T18:10:00,24,98,98,M/F Christine,crossing-normal,False
2026-09-01T04:44:48Z,2026-09-10,414,Kragenæs > Fejø,3771543,2026-09-10T18:50:00,2026-09-10T19:10:00,24,98,98,M/F Christine,crossing-normal,False
2026-09-01T04:44:48Z,2026-09-10,414,Kragenæs > Fejø,3771585,2026-09-10T19:40:00,2026-09-10T20:00:00,24,98,98,M/F Christine,crossing-normal,False
2026-09-01T04:44:48Z,2026-09-10,414,Kragenæs > Fejø,3771627,2026-09-10T20:30:00,2026-09-10T20:50:00,24,98,98,M/F Christine,crossing-normal,False
2026-09-01T04:44:48Z,2026-09-10,414,Kragenæs > Fejø,3771669,2026-09-10T21:20:00,2026-09-10T21:40:00,24,98,98,M/F Christine,crossing-normal,False
2026-09-01T04:44:48Z,2026-09-10,414,Kragenæs > Fejø,3771711,2026-09-10T22:10:00,2026-09-10T22:30:00,24,98,98,M/F Christine,crossing-normal,False
2026-09-01T04:44:48Z,2026-09-10,414,Fejø > Kragenæs,3770325,2026-09-10T05:30:00,2026-09-10T05:50:00,24,98,98,M/F Christine,crossing-normal,False
2026-09-01T04:44:48Z,2026-09-10,414,Fejø > Kragenæs,3770367,2026-09-10T06:35:00,2026-09-10T06:55:00,22,85,98,M/F Christine,crossing-normal,False
2026-09-01T04:44:48Z,2026-09-10,414,Fejø > Kragenæs,3770409,2026-09-10T07:30:00,2026-09-10T07:50:00,24,98,98,M/F Christine,crossing-normal,False
2026-09-01T04:44:48Z,2026-09-10,414,Fejø > Kragenæs,3770451,2026-09-10T08:30:00,2026-09-10T08:50:00,24,98,98,M/F Christine,crossing-normal,False
2026-09-01T04:44:48Z,2026-09-10,414,Fejø > Kragenæs,3770493,2026-09-10T09:30:00,2026-09-10T09:50:00,24,98,98,M/F Christine,crossing-normal,False
2026-09-01T04:44:48Z,2026-09-10,414,Fejø > Kragenæs,3770535,2026-09-10T10:30:00,2026-09-10T10:50:00,24,98,98,M/F Christine,crossing-normal,False
2026-09-01T04:44:48Z,2026-09-10,414,Fejø > Kragenæs,3770577,2026-09-10T12:15:00,2026-09-10T12:35:00,24,98,98,M/F Christine,crossing-normal,False
2026-09-01T04:44:48Z,2026-09-10,414,Fejø > Kragenæs,3770619,2026-09-10T13:15:00,2026-09-10T13:35:00,24,98,98,M/F Christine,crossing-normal,False
2026-09-01T04:44:48Z,2026-09-10,414,Fejø > Kragenæs,3770661,2026-09-10T14:15:00,2026-09-10T14:35:00,24,98,98,M/F Christine,crossing-normal,False
2026-09-01T04:44:48Z,2026-09-10,414,Fejø > Kragenæs,3770703,2026-09-10T15:15:00,2026-09-10T15:35:00,24,98,98,M/F Christine,crossing-normal,False
2026-09-01T04:44:48Z,2026-09-10,414,Fejø > Kragenæs,3770745,2026-09-10T16:15:00,2026-09-10T16:35:00,24,98,98,M/F Christine,crossing-normal,False
2026-09-01T04:44:48Z,2026-09-10,414,Fejø > Kragenæs,3770787,2026-09-10T17:15:00,2026-09-10T17:35:00,24,98,98,M/F Christine,crossing-normal,False
2026-09-01T04:44:48Z,2026-09-10,414,Fejø > Kragenæs,3770829,2026-09-10T18:15:00,2026-09-10T18:35:00,24,98,98,M/F Christine,crossing-normal,False
2026-09-01T04:44:48Z,2026-09-10,414,Fejø > Kragenæs,3770871,2026-09-10T19:15:00,2026-09-10T19:35:00,24,98,98,M/F Christine,crossing-normal,False
2026-09-01T04:44:48Z,2026-09-10,414,Fejø > Kragenæs,3770913,2026-09-10T20:05:00,2026-09-10T20:25:00,24,98,98,M/F Christine,crossing-normal,False
2026-09-01T04:44:48Z,2026-09-10,414,Fejø > Kragenæs,3770955,2026-09-10T20:55:00,2026-09-10T21:15:00,24,98,98,M/F Christine,crossing-normal,False
2026-09-01T04:44:48Z,2026-09-10,414,Fejø > Kragenæs,3770997,2026-09-10T21:45:00,2026-09-10T22:05:00,24,98,98,M/F Christine,crossing-normal,False
2026-09-01T04:44:48Z,2026-09-11,411,Kragenæs > Femø,3769921,2026-09-11T08:50:00,2026-09-11T09:45:00,15,98,98,M/F Femøsund,crossing-normal,False
2026-09-01T04:44:48Z,2026-09-11,411,Kragenæs > Femø,3770083,2026-09-11T13:25:00,2026-09-11T14:20:00,9,93,98,M/F Femøsund,crossing-normal,False
2026-09-01T04:44:48Z,2026-09-11,411,Kragenæs > Femø,3770191,2026-09-11T17:15:00,2026-09-11T18:10:00,12,90,98,M/F Femøsund,crossing-normal,False
2026-09-01T04:44:48Z,2026-09-11,411,Kragenæs > Femø,3770299,2026-09-11T21:05:00,2026-09-11T22:00:00,11,87,98,M/F Femøsund,crossing-normal,False
2026-09-01T04:44:48Z,2026-09-11,411,Femø > Kragenæs,3769894,2026-09-11T06:00:00,2026-09-11T06:55:00,14,97,98,M/F Femøsund,crossing-normal,False
2026-09-01T04:44:48Z,2026-09-11,411,Femø > Kragenæs,3769948,2026-09-11T09:50:00,2026-09-11T10:45:00,12,97,98,M/F Femøsund,crossing-normal,False
2026-09-01T04:44:48Z,2026-09-11,411,Femø > Kragenæs,3770110,2026-09-11T14:25:00,2026-09-11T15:20:00,15,97,98,M/F Femøsund,crossing-normal,False
2026-09-01T04:44:48Z,2026-09-11,411,Femø > Kragenæs,3770218,2026-09-11T18:15:00,2026-09-11T19:10:00,14,97,98,M/F Femøsund,crossing-normal,False
2026-09-01T04:44:48Z,2026-09-11,413,Kragenæs > Askø,3769975,2026-09-11T07:10:00,2026-09-11T07:50:00,15,98,98,M/F Femøsund,crossing-normal,False
2026-09-01T04:44:48Z,2026-09-11,413,Kragenæs > Askø,3770029,2026-09-11T11:45:00,2026-09-11T12:25:00,15,98,98,M/F Femøsund,crossing-normal,False
2026-09-01T04:44:48Z,2026-09-11,413,Kragenæs > Askø,3770137,2026-09-11T15:35:00,2026-09-11T16:15:00,10,91,98,M/F Femøsund,crossing-normal,False
2026-09-01T04:44:48Z,2026-09-11,413,Kragenæs > Askø,3770245,2026-09-11T19:25:00,2026-09-11T20:05:00,14,96,98,M/F Femøsund,crossing-normal,False
2026-09-01T04:44:48Z,2026-09-11,413,Askø > Kragenæs,3770002,2026-09-11T07:55:00,2026-09-11T08:35:00,15,98,98,M/F Femøsund,crossing-normal,False
2026-09-01T04:44:48Z,2026-09-11,413,Askø > Kragenæs,3770056,2026-09-11T12:30:00,2026-09-11T13:10:00,15,98,98,M/F Femøsund,crossing-normal,False
2026-09-01T04:44:48Z,2026-09-11,413,Askø > Kragenæs,3770164,2026-09-11T16:20:00,2026-09-11T17:00:00,15,98,98,M/F Femøsund,crossing-normal,False
2026-09-01T04:44:48Z,2026-09-11,413,Askø > Kragenæs,3770272,2026-09-11T20:10:00,2026-09-11T20:50:00,15,98,98,M/F Femøsund,crossing-normal,False
2026-09-01T04:44:48Z,2026-09-11,414,Kragenæs > Fejø,3771040,2026-09-11T06:05:00,2026-09-11T06:25:00,24,98,98,M/F Christine,crossing-normal,False
2026-09-01T04:44:48Z,2026-09-11,414,Kragenæs > Fejø,3771082,2026-09-11T07:05:00,2026-09-11T07:25:00,24,98,98,M/F Christine,crossing-normal,False
2026-09-01T04:44:48Z,2026-09-11,414,Kragenæs > Fejø,3771124,2026-09-11T08:00:00,2026-09-11T08:20:00,24,98,98,M/F Christine,crossing-normal,False
2026-09-01T04:44:48Z,2026-09-11,414,Kragenæs > Fejø,3771166,2026-09-11T09:05:00,2026-09-11T09:25:00,24,98,98,M/F Christine,crossing-normal,False
2026-09-01T04:44:48Z,2026-09-11,414,Kragenæs > Fejø,3771208,2026-09-11T10:05:00,2026-09-11T10:25:00,24,98,98,M/F Christine,crossing-normal,False
2026-09-01T04:44:48Z,2026-09-11,414,Kragenæs > Fejø,3771250,2026-09-11T11:50:00,2026-09-11T12:10:00,24,98,98,M/F Christine,crossing-normal,False
2026-09-01T04:44:48Z,2026-09-11,414,Kragenæs > Fejø,3771292,2026-09-11T12:50:00,2026-09-11T13:10:00,24,98,98,M/F Christine,crossing-normal,False
2026-09-01T04:44:48Z,2026-09-11,414,Kragenæs > Fejø,3771334,2026-09-11T13:50:00,2026-09-11T14:10:00,24,98,98,M/F Christine,crossing-normal,False
2026-09-01T04:44:48Z,2026-09-11,414,Kragenæs > Fejø,3771376,2026-09-11T14:50:00,2026-09-11T15:10:00,24,98,98,M/F Christine,crossing-normal,False
2026-09-01T04:44:48Z,2026-09-11,414,Kragenæs > Fejø,3771418,2026-09-11T15:50:00,2026-09-11T16:10:00,24,98,98,M/F Christine,crossing-normal,False
2026-09-01T04:44:48Z,2026-09-11,414,Kragenæs > Fejø,3771460,2026-09-11T16:50:00,2026-09-11T17:10:00,24,98,98,M/F Christine,crossing-normal,False
2026-09-01T04:44:48Z,2026-09-11,414,Kragenæs > Fejø,3771502,2026-09-11T17:50:00,2026-09-11T18:10:00,24,98,98,M/F Christine,crossing-normal,False
2026-09-01T04:44:48Z,2026-09-11,414,Kragenæs > Fejø,3771544,2026-09-11T18:50:00,2026-09-11T19:10:00,24,98,98,M/F Christine,crossing-normal,False
2026-09-01T04:44:48Z,2026-09-11,414,Kragenæs > Fejø,3771586,2026-09-11T19:40:00,2026-09-11T20:00:00,24,98,98,M/F Christine,crossing-normal,False
2026-09-01T04:44:48Z,2026-09-11,414,Kragenæs > Fejø,3771628,2026-09-11T20:30:00,2026-09-11T20:50:00,24,98,98,M/F Christine,crossing-normal,False
2026-09-01T04:44:48Z,2026-09-11,414,Kragenæs > Fejø,3771670,2026-09-11T21:20:00,2026-09-11T21:40:00,24,98,98,M/F Christine,crossing-normal,False
2026-09-01T04:44:48Z,2026-09-11,414,Kragenæs > Fejø,3771712,2026-09-11T22:10:00,2026-09-11T22:30:00,24,98,98,M/F Christine,crossing-normal,False
2026-09-01T04:44:48Z,2026-09-11,414,Fejø > Kragenæs,3770326,2026-09-11T05:30:00,2026-09-11T05:50:00,24,98,98,M/F Christine,crossing-normal,False
2026-09-01T04:44:48Z,2026-09-11,414,Fejø > Kragenæs,3770368,2026-09-11T06:35:00,2026-09-11T06:55:00,24,98,98,M/F Christine,crossing-normal,False
2026-09-01T04:44:48Z,2026-09-11,414,Fejø > Kragenæs,3770410,2026-09-11T07:30:00,2026-09-11T07:50:00,24,98,98,M/F Christine,crossing-normal,False
2026-09-01T04:44:48Z,2026-09-11,414,Fejø > Kragenæs,3770452,2026-09-11T08:30:00,2026-09-11T08:50:00,24,98,98,M/F Christine,crossing-normal,False
2026-09-01T04:44:48Z,2026-09-11,414,Fejø > Kragenæs,3770494,2026-09-11T09:30:00,2026-09-11T09:50:00,24,98,98,M/F Christine,crossing-normal,False
2026-09-01T04:44:48Z,2026-09-11,414,Fejø > Kragenæs,3770536,2026-09-11T10:30:00,2026-09-11T10:50:00,24,98,98,M/F Christine,crossing-normal,False
2026-09-01T04:44:48Z,2026-09-11,414,Fejø > Kragenæs,3770578,2026-09-11T12:15:00,2026-09-11T12:35:00,24,98,98,M/F Christine,crossing-normal,False
2026-09-01T04:44:48Z,2026-09-11,414,Fejø > Kragenæs,3770620,2026-09-11T13:15:00,2026-09-11T13:35:00,24,98,98,M/F Christine,crossing-normal,False
2026-09-01T04:44:48Z,2026-09-11,414,Fejø > Kragenæs,3770662,2026-09-11T14:15:00,2026-09-11T14:35:00,24,98,98,M/F Christine,crossing-normal,False
2026-09-01T04:44:48Z,2026-09-11,414,Fejø > Kragenæs,3770704,2026-09-11T15:15:00,2026-09-11T15:35:00,24,98,98,M/F Christine,crossing-normal,False
2026-09-01T04:44:48Z,2026-09-11,414,Fejø > Kragenæs,3770746,2026-09-11T16:15:00,2026-09-11T16:35:00,24,98,98,M/F Christine,crossing-normal,False
2026-09-01T04:44:48Z,2026-09-11,414,Fejø > Kragenæs,3770788,2026-09-11T17:15:00,2026-09-11T17:35:00,24,98,98,M/F Christine,crossing-normal,False
2026-09-01T04:44:48Z,2026-09-11,414,Fejø > Kragenæs,3770830,2026-09-11T18:15:00,2026-09-11T18:35:00,24,98,98,M/F Christine,crossing-normal,False
2026-09-01T04:44:48Z,2026-09-11,414,Fejø > Kragenæs,3770872,2026-09-11T19:15:00,2026-09-11T19:35:00,24,98,98,M/F Christine,crossing-normal,False
2026-09-01T04:44:48Z,2026-09-11,414,Fejø > Kragenæs,3770914,2026-09-11T20:05:00,2026-09-11T20:25:00,24,98,98,M/F Christine,crossing-normal,False
2026-09-01T04:44:48Z,2026-09-11,414,Fejø > Kragenæs,3770956,2026-09-11T20:55:00,2026-09-11T21:15:00,24,98,98,M/F Christine,crossing-normal,False
2026-09-01T04:44:48Z,2026-09-11,414,Fejø > Kragenæs,3770998,2026-09-11T21:45:00,2026-09-11T22:05:00,24,98,98,M/F Christine,crossing-normal,False
2026-09-01T04:44:48Z,2026-09-12,411,Kragenæs > Femø,3769922,2026-09-12T08:50:00,2026-09-12T09:45:00,15,98,98,M/F Femøsund,crossing-normal,False
2026-09-01T04:44:48Z,2026-09-12,411,Kragenæs > Femø,3770084,2026-09-12T13:25:00,2026-09-12T14:20:00,15,98,98,M/F Femøsund,crossing-normal,False
2026-09-01T04:44:48Z,2026-09-12,411,Kragenæs > Femø,3770192,2026-09-12T17:15:00,2026-09-12T18:10:00,14,97,98,M/F Femøsund,crossing-normal,False
2026-09-01T04:44:48Z,2026-09-12,411,Kragenæs > Femø,3770300,2026-09-12T21:05:00,2026-09-12T22:00:00,15,98,98,M/F Femøsund,crossing-normal,False
2026-09-01T04:44:48Z,2026-09-12,411,Femø > Kragenæs,3769895,2026-09-12T06:00:00,2026-09-12T06:55:00,14,97,98,M/F Femøsund,crossing-normal,False
2026-09-01T04:44:48Z,2026-09-12,411,Femø > Kragenæs,3769949,2026-09-12T09:50:00,2026-09-12T10:45:00,15,98,98,M/F Femøsund,crossing-normal,False
2026-09-01T04:44:48Z,2026-09-12,411,Femø > Kragenæs,3770111,2026-09-12T14:25:00,2026-09-12T15:20:00,15,98,98,M/F Femøsund,crossing-normal,False
2026-09-01T04:44:48Z,2026-09-12,411,Femø > Kragenæs,3770219,2026-09-12T18:15:00,2026-09-12T19:10:00,15,98,98,M/F Femøsund,crossing-normal,False
2026-09-01T04:44:48Z,2026-09-12,413,Kragenæs > Askø,3769976,2026-09-12T07:10:00,2026-09-12T07:50:00,15,98,98,M/F Femøsund,crossing-normal,False
2026-09-01T04:44:48Z,2026-09-12,413,Kragenæs > Askø,3770030,2026-09-12T11:45:00,2026-09-12T12:25:00,15,98,98,M/F Femøsund,crossing-normal,False
2026-09-01T04:44:48Z,2026-09-12,413,Kragenæs > Askø,3770138,2026-09-12T15:35:00,2026-09-12T16:15:00,14,96,98,M/F Femøsund,crossing-normal,False
2026-09-01T04:44:48Z,2026-09-12,413,Kragenæs > Askø,3770246,2026-09-12T19:25:00,2026-09-12T20:05:00,14,97,98,M/F Femøsund,crossing-normal,False
2026-09-01T04:44:48Z,2026-09-12,413,Askø > Kragenæs,3770003,2026-09-12T07:55:00,2026-09-12T08:35:00,15,98,98,M/F Femøsund,crossing-normal,False
2026-09-01T04:44:48Z,2026-09-12,413,Askø > Kragenæs,3770057,2026-09-12T12:30:00,2026-09-12T13:10:00,15,98,98,M/F Femøsund,crossing-normal,False
2026-09-01T04:44:48Z,2026-09-12,413,Askø > Kragenæs,3770165,2026-09-12T16:20:00,2026-09-12T17:00:00,15,98,98,M/F Femøsund,crossing-normal,False
2026-09-01T04:44:48Z,2026-09-12,413,Askø > Kragenæs,3770273,2026-09-12T20:10:00,2026-09-12T20:50:00,15,98,98,M/F Femøsund,crossing-normal,False
2026-09-01T04:44:48Z,2026-09-12,414,Kragenæs > Fejø,3771041,2026-09-12T06:05:00,2026-09-12T06:25:00,24,98,98,M/F Christine,crossing-normal,False
2026-09-01T04:44:48Z,2026-09-12,414,Kragenæs > Fejø,3771083,2026-09-12T07:05:00,2026-09-12T07:25:00,24,98,98,M/F Christine,crossing-normal,False
2026-09-01T04:44:48Z,2026-09-12,414,Kragenæs > Fejø,3771125,2026-09-12T08:00:00,2026-09-12T08:20:00,24,98,98,M/F Christine,crossing-normal,False
2026-09-01T04:44:48Z,2026-09-12,414,Kragenæs > Fejø,3771167,2026-09-12T09:05:00,2026-09-12T09:25:00,24,98,98,M/F Christine,crossing-normal,False
2026-09-01T04:44:48Z,2026-09-12,414,Kragenæs > Fejø,3771209,2026-09-12T10:05:00,2026-09-12T10:25:00,24,98,98,M/F Christine,crossing-normal,False
2026-09-01T04:44:48Z,2026-09-12,414,Kragenæs > Fejø,3771251,2026-09-12T11:50:00,2026-09-12T12:10:00,24,98,98,M/F Christine,crossing-normal,False
2026-09-01T04:44:48Z,2026-09-12,414,Kragenæs > Fejø,3771293,2026-09-12T12:50:00,2026-09-12T13:10:00,23,96,98,M/F Christine,crossing-normal,False
2026-09-01T04:44:48Z,2026-09-12,414,Kragenæs > Fejø,3771335,2026-09-12T13:50:00,2026-09-12T14:10:00,24,98,98,M/F Christine,crossing-normal,False
2026-09-01T04:44:48Z,2026-09-12,414,Kragenæs > Fejø,3771377,2026-09-12T14:50:00,2026-09-12T15:10:00,24,98,98,M/F Christine,crossing-normal,False
2026-09-01T04:44:48Z,2026-09-12,414,Kragenæs > Fejø,3771419,2026-09-12T15:50:00,2026-09-12T16:10:00,24,98,98,M/F Christine,crossing-normal,False
2026-09-01T04:44:48Z,2026-09-12,414,Kragenæs > Fejø,3771461,2026-09-12T16:50:00,2026-09-12T17:10:00,24,98,98,M/F Christine,crossing-normal,False
2026-09-01T04:44:48Z,2026-09-12,414,Kragenæs > Fejø,3771503,2026-09-12T17:50:00,2026-09-12T18:10:00,24,98,98,M/F Christine,crossing-normal,False
2026-09-01T04:44:48Z,2026-09-12,414,Kragenæs > Fejø,3771545,2026-09-12T18:50:00,2026-09-12T19:10:00,24,98,98,M/F Christine,crossing-normal,False
2026-09-01T04:44:48Z,2026-09-12,414,Kragenæs > Fejø,3771587,2026-09-12T19:40:00,2026-09-12T20:00:00,24,98,98,M/F Christine,crossing-normal,False
2026-09-01T04:44:48Z,2026-09-12,414,Kragenæs > Fejø,3771629,2026-09-12T20:30:00,2026-09-12T20:50:00,24,98,98,M/F Christine,crossing-normal,False
2026-09-01T04:44:48Z,2026-09-12,414,Kragenæs > Fejø,3771671,2026-09-12T21:20:00,2026-09-12T21:40:00,23,93,98,M/F Christine,crossing-normal,False
2026-09-01T04:44:48Z,2026-09-12,414,Kragenæs > Fejø,3771713,2026-09-12T22:10:00,2026-09-12T22:30:00,24,98,98,M/F Christine,crossing-normal,False
2026-09-01T04:44:48Z,2026-09-12,414,Fejø > Kragenæs,3770327,2026-09-12T05:30:00,2026-09-12T05:50:00,24,98,98,M/F Christine,crossing-normal,False
2026-09-01T04:44:48Z,2026-09-12,414,Fejø > Kragenæs,3770369,2026-09-12T06:35:00,2026-09-12T06:55:00,24,98,98,M/F Christine,crossing-normal,False
2026-09-01T04:44:48Z,2026-09-12,414,Fejø > Kragenæs,3770411,2026-09-12T07:30:00,2026-09-12T07:50:00,22,94,98,M/F Christine,crossing-normal,False
2026-09-01T04:44:48Z,2026-09-12,414,Fejø > Kragenæs,3770453,2026-09-12T08:30:00,2026-09-12T08:50:00,24,98,98,M/F Christine,crossing-normal,False
2026-09-01T04:44:48Z,2026-09-12,414,Fejø > Kragenæs,3770495,2026-09-12T09:30:00,2026-09-12T09:50:00,23,93,98,M/F Christine,crossing-normal,False
2026-09-01T04:44:48Z,2026-09-12,414,Fejø > Kragenæs,3770537,2026-09-12T10:30:00,2026-09-12T10:50:00,24,98,98,M/F Christine,crossing-normal,False
2026-09-01T04:44:48Z,2026-09-12,414,Fejø > Kragenæs,3770579,2026-09-12T12:15:00,2026-09-12T12:35:00,24,98,98,M/F Christine,crossing-normal,False
2026-09-01T04:44:48Z,2026-09-12,414,Fejø > Kragenæs,3770621,2026-09-12T13:15:00,2026-09-12T13:35:00,24,98,98,M/F Christine,crossing-normal,False
2026-09-01T04:44:48Z,2026-09-12,414,Fejø > Kragenæs,3770663,2026-09-12T14:15:00,2026-09-12T14:35:00,24,98,98,M/F Christine,crossing-normal,False
2026-09-01T04:44:48Z,2026-09-12,414,Fejø > Kragenæs,3770705,2026-09-12T15:15:00,2026-09-12T15:35:00,24,98,98,M/F Christine,crossing-normal,False
2026-09-01T04:44:48Z,2026-09-12,414,Fejø > Kragenæs,3770747,2026-09-12T16:15:00,2026-09-12T16:35:00,24,98,98,M/F Christine,crossing-normal,False
2026-09-01T04:44:48Z,2026-09-12,414,Fejø > Kragenæs,3770789,2026-09-12T17:15:00,2026-09-12T17:35:00,24,98,98,M/F Christine,crossing-normal,False
2026-09-01T04:44:48Z,2026-09-12,414,Fejø > Kragenæs,3770831,2026-09-12T18:15:00,2026-09-12T18:35:00,23,96,98,M/F Christine,crossing-normal,False
2026-09-01T04:44:48Z,2026-09-12,414,Fejø > Kragenæs,3770873,2026-09-12T19:15:00,2026-09-12T19:35:00,24,98,98,M/F Christine,crossing-normal,False
2026-09-01T04:44:48Z,2026-09-12,414,Fejø > Kragenæs,3770915,2026-09-12T20:05:00,2026-09-12T20:25:00,24,98,98,M/F Christine,crossing-normal,False
2026-09-01T04:44:48Z,2026-09-12,414,Fejø > Kragenæs,3770957,2026-09-12T20:55:00,2026-09-12T21:15:00,24,98,98,M/F Christine,crossing-normal,False
2026-09-01T04:44:48Z,2026-09-12,414,Fejø > Kragenæs,3770999,2026-09-12T21:45:00,2026-09-12T22:05:00,24,98,98,M/F Christine,crossing-normal,False
2026-09-01T04:44:48Z,2026-09-13,411,Kragenæs > Femø,3769923,2026-09-13T08:50:00,2026-09-13T09:45:00,15,98,98,M/F Femøsund,crossing-normal,False
2026-09-01T04:44:48Z,2026-09-13,411,Kragenæs > Femø,3768567,2026-09-13T11:55:00,2026-09-13T12:50:00,11,96,98,M/F Femøsund,crossing-normal,False
2026-09-01T04:44:48Z,2026-09-13,411,Kragenæs > Femø,3768568,2026-09-13T14:10:00,2026-09-13T15:05:00,12,98,98,M/F Femøsund,crossing-normal,False
2026-09-01T04:44:48Z,2026-09-13,411,Kragenæs > Femø,3768569,2026-09-13T16:20:00,2026-09-13T17:15:00,14,97,98,M/F Femøsund,crossing-normal,False
2026-09-01T04:44:48Z,2026-09-13,411,Kragenæs > Femø,3768570,2026-09-13T18:55:00,2026-09-13T19:50:00,15,98,98,M/F Femøsund,crossing-normal,False
2026-09-01T04:44:48Z,2026-09-13,411,Kragenæs > Femø,3768571,2026-09-13T21:10:00,2026-09-13T22:05:00,15,98,98,M/F Femøsund,crossing-normal,False
2026-09-01T04:44:48Z,2026-09-13,411,Femø > Kragenæs,3769896,2026-09-13T06:00:00,2026-09-13T06:55:00,13,96,98,M/F Femøsund,crossing-normal,False
2026-09-01T04:44:48Z,2026-09-13,411,Femø > Kragenæs,3769950,2026-09-13T09:50:00,2026-09-13T10:45:00,11,96,98,M/F Femøsund,crossing-normal,False
2026-09-01T04:44:48Z,2026-09-13,411,Femø > Kragenæs,3768574,2026-09-13T13:00:00,2026-09-13T13:55:00,11,87,98,M/F Femøsund,crossing-normal,False
2026-09-01T04:44:48Z,2026-09-13,411,Femø > Kragenæs,3768575,2026-09-13T15:10:00,2026-09-13T16:05:00,10,90,98,M/F Femøsund,crossing-normal,False
2026-09-01T04:44:48Z,2026-09-13,411,Femø > Kragenæs,3768576,2026-09-13T17:40:00,2026-09-13T18:35:00,11,95,98,M/F Femøsund,crossing-normal,False
2026-09-01T04:44:48Z,2026-09-13,411,Femø > Kragenæs,3768577,2026-09-13T20:00:00,2026-09-13T20:55:00,14,97,98,M/F Femøsund,crossing-normal,False
2026-09-01T04:44:48Z,2026-09-13,413,Kragenæs > Askø,3769977,2026-09-13T07:10:00,2026-09-13T07:50:00,15,98,98,M/F Femøsund,crossing-normal,False
2026-09-01T04:44:48Z,2026-09-13,413,Kragenæs > Askø,3768555,2026-09-13T13:15:00,2026-09-13T13:45:00,11,95,95,"Der sejles fra Bandholm, der billetteres som fra Kragenæs",crossing-comment,False
2026-09-01T04:44:48Z,2026-09-13,413,Kragenæs > Askø,3768556,2026-09-13T14:45:00,2026-09-13T15:25:00,13,95,95,M/F Askø,crossing-normal,False
2026-09-01T04:44:48Z,2026-09-13,413,Kragenæs > Askø,3768557,2026-09-13T16:45:00,2026-09-13T17:25:00,12,93,95,M/F Askø,crossing-normal,False
2026-09-01T04:44:48Z,2026-09-13,413,Kragenæs > Askø,3768558,2026-09-13T18:25:00,2026-09-13T19:05:00,13,95,95,M/F Askø,crossing-normal,False
2026-09-01T04:44:48Z,2026-09-13,413,Kragenæs > Askø,3768559,2026-09-13T19:50:00,2026-09-13T20:30:00,13,95,95,M/F Askø,crossing-normal,False
2026-09-01T04:44:48Z,2026-09-13,413,Askø > Kragenæs,3770004,2026-09-13T07:55:00,2026-09-13T08:35:00,13,94,98,M/F Femøsund,crossing-normal,False
2026-09-01T04:44:48Z,2026-09-13,413,Askø > Kragenæs,3768561,2026-09-13T13:50:00,2026-09-13T14:30:00,10,92,95,M/F Askø,crossing-normal,False
2026-09-01T04:44:48Z,2026-09-13,413,Askø > Kragenæs,3768562,2026-09-13T15:45:00,2026-09-13T16:25:00,11,91,95,M/F Askø,crossing-normal,False
2026-09-01T04:44:48Z,2026-09-13,413,Askø > Kragenæs,3768563,2026-09-13T17:30:00,2026-09-13T18:10:00,12,93,95,M/F Askø,crossing-normal,False
2026-09-01T04:44:48Z,2026-09-13,413,Askø > Kragenæs,3768564,2026-09-13T18:55:00,2026-09-13T19:35:00,13,95,95,M/F Askø,crossing-normal,False
2026-09-01T04:44:48Z,2026-09-13,413,Askø > Kragenæs,3768565,2026-09-13T20:35:00,2026-09-13T21:15:00,13,95,95,M/F Askø,crossing-normal,False
2026-09-01T04:44:48Z,2026-09-13,414,Kragenæs > Fejø,3771042,2026-09-13T06:05:00,2026-09-13T06:25:00,24,98,98,M/F Christine,crossing-normal,False
2026-09-01T04:44:48Z,2026-09-13,414,Kragenæs > Fejø,3771084,2026-09-13T07:05:00,2026-09-13T07:25:00,24,98,98,M/F Christine,crossing-normal,False
2026-09-01T04:44:48Z,2026-09-13,414,Kragenæs > Fejø,3771126,2026-09-13T08:00:00,2026-09-13T08:20:00,24,98,98,M/F Christine,crossing-normal,False
2026-09-01T04:44:48Z,2026-09-13,414,Kragenæs > Fejø,3771168,2026-09-13T09:05:00,2026-09-13T09:25:00,24,98,98,M/F Christine,crossing-normal,False
2026-09-01T04:44:48Z,2026-09-13,414,Kragenæs > Fejø,3771210,2026-09-13T10:05:00,2026-09-13T10:25:00,23,96,98,M/F Christine,crossing-normal,False
2026-09-01T04:44:48Z,2026-09-13,414,Kragenæs > Fejø,3763055,2026-09-13T12:50:00,2026-09-13T13:10:00,22,92,98,M/F Christine,crossing-normal,False
2026-09-01T04:44:48Z,2026-09-13,414,Kragenæs > Fejø,3763170,2026-09-13T13:50:00,2026-09-13T14:10:00,24,98,98,M/F Christine,crossing-normal,False
2026-09-01T04:44:48Z,2026-09-13,414,Kragenæs > Fejø,3763285,2026-09-13T14:50:00,2026-09-13T15:10:00,24,98,98,M/F Christine,crossing-normal,False
2026-09-01T04:44:48Z,2026-09-13,414,Kragenæs > Fejø,3763400,2026-09-13T15:50:00,2026-09-13T16:10:00,24,98,98,M/F Christine,crossing-normal,False
2026-09-01T04:44:48Z,2026-09-13,414,Kragenæs > Fejø,3763515,2026-09-13T16:50:00,2026-09-13T17:10:00,24,98,98,M/F Christine,crossing-normal,False
2026-09-01T04:44:48Z,2026-09-13,414,Kragenæs > Fejø,3763630,2026-09-13T17:50:00,2026-09-13T18:10:00,24,98,98,M/F Christine,crossing-normal,False
2026-09-01T04:44:48Z,2026-09-13,414,Kragenæs > Fejø,3763745,2026-09-13T18:50:00,2026-09-13T19:10:00,24,98,98,M/F Christine,crossing-normal,False
2026-09-01T04:44:48Z,2026-09-13,414,Kragenæs > Fejø,3763860,2026-09-13T19:50:00,2026-09-13T20:10:00,24,98,98,M/F Christine,crossing-normal,False
2026-09-01T04:44:48Z,2026-09-13,414,Kragenæs > Fejø,3763975,2026-09-13T20:50:00,2026-09-13T21:10:00,24,98,98,M/F Christine,crossing-normal,False
2026-09-01T04:44:48Z,2026-09-13,414,Kragenæs > Fejø,3764090,2026-09-13T22:10:00,2026-09-13T22:30:00,24,98,98,M/F Christine,crossing-normal,False
2026-09-01T04:44:48Z,2026-09-13,414,Fejø > Kragenæs,3770328,2026-09-13T05:30:00,2026-09-13T05:50:00,24,98,98,M/F Christine,crossing-normal,False
2026-09-01T04:44:48Z,2026-09-13,414,Fejø > Kragenæs,3770370,2026-09-13T06:35:00,2026-09-13T06:55:00,24,98,98,M/F Christine,crossing-normal,False
2026-09-01T04:44:48Z,2026-09-13,414,Fejø > Kragenæs,3770412,2026-09-13T07:30:00,2026-09-13T07:50:00,24,98,98,M/F Christine,crossing-normal,False
2026-09-01T04:44:48Z,2026-09-13,414,Fejø > Kragenæs,3770454,2026-09-13T08:30:00,2026-09-13T08:50:00,24,98,98,M/F Christine,crossing-normal,False
2026-09-01T04:44:48Z,2026-09-13,414,Fejø > Kragenæs,3770496,2026-09-13T09:30:00,2026-09-13T09:50:00,24,98,98,M/F Christine,crossing-normal,False
2026-09-01T04:44:48Z,2026-09-13,414,Fejø > Kragenæs,3770538,2026-09-13T10:30:00,2026-09-13T10:50:00,24,97,98,M/F Christine,crossing-normal,False
2026-09-01T04:44:48Z,2026-09-13,414,Fejø > Kragenæs,3765010,2026-09-13T13:15:00,2026-09-13T13:35:00,24,98,98,M/F Christine,crossing-normal,False
2026-09-01T04:44:48Z,2026-09-13,414,Fejø > Kragenæs,3765125,2026-09-13T14:15:00,2026-09-13T14:35:00,24,98,98,M/F Christine,crossing-normal,False
2026-09-01T04:44:48Z,2026-09-13,414,Fejø > Kragenæs,3765240,2026-09-13T15:15:00,2026-09-13T15:35:00,24,98,98,M/F Christine,crossing-normal,False
2026-09-01T04:44:48Z,2026-09-13,414,Fejø > Kragenæs,3765355,2026-09-13T16:15:00,2026-09-13T16:35:00,23,94,98,M/F Christine,crossing-normal,False
2026-09-01T04:44:48Z,2026-09-13,414,Fejø > Kragenæs,3765470,2026-09-13T17:15:00,2026-09-13T17:35:00,23,96,98,M/F Christine,crossing-normal,False
2026-09-01T04:44:48Z,2026-09-13,414,Fejø > Kragenæs,3765585,2026-09-13T18:15:00,2026-09-13T18:35:00,24,98,98,M/F Christine,crossing-normal,False
2026-09-01T04:44:48Z,2026-09-13,414,Fejø > Kragenæs,3765700,2026-09-13T19:15:00,2026-09-13T19:35:00,24,98,98,M/F Christine,crossing-normal,False
2026-09-01T04:44:48Z,2026-09-13,414,Fejø > Kragenæs,3765815,2026-09-13T20:15:00,2026-09-13T20:35:00,24,98,98,M/F Christine,crossing-normal,False
2026-09-01T04:44:48Z,2026-09-13,414,Fejø > Kragenæs,3765930,2026-09-13T21:15:00,2026-09-13T21:35:00,24,98,98,M/F Christine,crossing-normal,False
2026-09-01T04:44:48Z,2026-09-14,411,Kragenæs > Femø,3767206,2026-09-14T07:10:00,2026-09-14T08:05:00,15,98,98,M/F Femøsund,crossing-normal,False
2026-09-01T04:44:48Z,2026-09-14,411,Kragenæs > Femø,3767223,2026-09-14T09:20:00,2026-09-14T10:15:00,13,97,98,M/F Femøsund,crossing-normal,False
2026-09-01T04:44:48Z,2026-09-14,411,Kragenæs > Femø,3767240,2026-09-14T12:35:00,2026-09-14T13:30:00,14,97,98,M/F Femøsund,crossing-normal,False
2026-09-01T04:44:48Z,2026-09-14,411,Kragenæs > Femø,3767257,2026-09-14T14:45:00,2026-09-14T15:40:00,15,98,98,M/F Femøsund,crossing-normal,False
2026-09-01T04:44:48Z,2026-09-14,411,Kragenæs > Femø,3767787,2026-09-14T15:40:00,2026-09-14T16:35:00,12,94,95,M/F Askø,crossing-normal,False
2026-09-01T04:44:48Z,2026-09-14,411,Kragenæs > Femø,3767274,2026-09-14T16:55:00,2026-09-14T17:50:00,15,98,98,M/F Femøsund,crossing-normal,False
2026-09-01T04:44:48Z,2026-09-14,411,Kragenæs > Femø,3767291,2026-09-14T19:05:00,2026-09-14T20:00:00,15,98,98,M/F Femøsund,crossing-normal,False
2026-09-01T04:44:48Z,2026-09-14,411,Kragenæs > Femø,3767308,2026-09-14T21:15:00,2026-09-14T22:10:00,15,98,98,M/F Femøsund,crossing-normal,False
2026-09-01T04:44:48Z,2026-09-14,411,Femø > Kragenæs,3767870,2026-09-14T06:00:00,2026-09-14T06:55:00,14,97,98,M/F Femøsund,crossing-normal,False
2026-09-01T04:44:48Z,2026-09-14,411,Femø > Kragenæs,3767887,2026-09-14T08:10:00,2026-09-14T09:05:00,15,98,98,M/F Femøsund,crossing-normal,False
2026-09-01T04:44:48Z,2026-09-14,411,Femø > Kragenæs,3767904,2026-09-14T10:40:00,2026-09-14T11:35:00,15,98,98,M/F Femøsund,crossing-normal,False
2026-09-01T04:44:48Z,2026-09-14,411,Femø > Kragenæs,3767921,2026-09-14T13:35:00,2026-09-14T14:30:00,15,98,98,M/F Femøsund,crossing-normal,False
2026-09-01T04:44:48Z,2026-09-14,411,Femø > Kragenæs,3767938,2026-09-14T15:45:00,2026-09-14T16:40:00,15,98,98,M/F Femøsund,crossing-normal,False
2026-09-01T04:44:48Z,2026-09-14,411,Femø > Kragenæs,3768451,2026-09-14T16:45:00,2026-09-14T17:40:00,13,95,95,M/F Askø,crossing-normal,False
2026-09-01T04:44:48Z,2026-09-14,411,Femø > Kragenæs,3767955,2026-09-14T17:55:00,2026-09-14T18:50:00,15,98,98,M/F Femøsund,crossing-normal,False
2026-09-01T04:44:48Z,2026-09-14,411,Femø > Kragenæs,3767972,2026-09-14T20:05:00,2026-09-14T21:00:00,15,98,98,M/F Femøsund,crossing-normal,False
2026-09-01T04:44:48Z,2026-09-14,413,Kragenæs > Askø,3766044,2026-09-14T06:00:00,2026-09-14T06:40:00,13,95,95,M/F Askø,crossing-normal,False
2026-09-01T04:44:48Z,2026-09-14,413,Kragenæs > Askø,3766061,2026-09-14T07:40:00,2026-09-14T08:20:00,13,95,95,M/F Askø,crossing-normal,False
2026-09-01T04:44:48Z,2026-09-14,413,Kragenæs > Askø,3766078,2026-09-14T09:45:00,2026-09-14T10:25:00,13,95,95,M/F Askø,crossing-normal,False
2026-09-01T04:44:48Z,2026-09-14,413,Kragenæs > Askø,3766095,2026-09-14T11:25:00,2026-09-14T12:05:00,13,95,95,M/F Askø,crossing-normal,False
2026-09-01T04:44:48Z,2026-09-14,413,Kragenæs > Askø,3766112,2026-09-14T13:55:00,2026-09-14T14:35:00,13,95,95,M/F Askø,crossing-normal,False
2026-09-01T04:44:48Z,2026-09-14,413,Kragenæs > Askø,3766129,2026-09-14T17:55:00,2026-09-14T18:35:00,13,95,95,M/F Askø,crossing-normal,False
2026-09-01T04:44:48Z,2026-09-14,413,Kragenæs > Askø,3766146,2026-09-14T19:40:00,2026-09-14T20:20:00,13,95,95,M/F Askø,crossing-normal,False
2026-09-01T04:44:48Z,2026-09-14,413,Askø > Kragenæs,3766625,2026-09-14T06:45:00,2026-09-14T07:25:00,13,95,95,M/F Askø,crossing-normal,False
2026-09-01T04:44:48Z,2026-09-14,413,Askø > Kragenæs,3766642,2026-09-14T08:50:00,2026-09-14T09:30:00,13,95,95,M/F Askø,crossing-normal,False
2026-09-01T04:44:48Z,2026-09-14,413,Askø > Kragenæs,3766659,2026-09-14T10:30:00,2026-09-14T11:10:00,12,94,95,M/F Askø,crossing-normal,False
2026-09-01T04:44:48Z,2026-09-14,413,Askø > Kragenæs,3766676,2026-09-14T12:15:00,2026-09-14T12:55:00,13,95,95,M/F Askø,crossing-normal,False
2026-09-01T04:44:48Z,2026-09-14,413,Askø > Kragenæs,3766693,2026-09-14T14:40:00,2026-09-14T15:20:00,13,95,95,M/F Askø,crossing-normal,False
2026-09-01T04:44:48Z,2026-09-14,413,Askø > Kragenæs,3766710,2026-09-14T18:40:00,2026-09-14T19:20:00,13,95,95,M/F Askø,crossing-normal,False
2026-09-01T04:44:48Z,2026-09-14,413,Askø > Kragenæs,3766727,2026-09-14T20:45:00,2026-09-14T21:25:00,13,95,95,M/F Askø,crossing-normal,False
2026-09-01T04:44:48Z,2026-09-14,414,Kragenæs > Fejø,3762366,2026-09-14T06:05:00,2026-09-14T06:25:00,24,98,98,M/F Christine,crossing-normal,False
2026-09-01T04:44:48Z,2026-09-14,414,Kragenæs > Fejø,3762481,2026-09-14T07:05:00,2026-09-14T07:25:00,24,98,98,M/F Christine,crossing-normal,False
2026-09-01T04:44:48Z,2026-09-14,414,Kragenæs > Fejø,3762596,2026-09-14T08:05:00,2026-09-14T08:25:00,24,98,98,M/F Christine,crossing-normal,False
2026-09-01T04:44:48Z,2026-09-14,414,Kragenæs > Fejø,3762711,2026-09-14T09:05:00,2026-09-14T09:25:00,24,98,98,M/F Christine,crossing-normal,False
2026-09-01T04:44:48Z,2026-09-14,414,Kragenæs > Fejø,3762826,2026-09-14T10:05:00,2026-09-14T10:25:00,24,98,98,M/F Christine,crossing-normal,False
2026-09-01T04:44:48Z,2026-09-14,414,Kragenæs > Fejø,3762941,2026-09-14T11:05:00,2026-09-14T11:25:00,24,98,98,M/F Christine,crossing-normal,False
2026-09-01T04:44:48Z,2026-09-14,414,Kragenæs > Fejø,3763056,2026-09-14T12:50:00,2026-09-14T13:10:00,24,98,98,M/F Christine,crossing-normal,False
2026-09-01T04:44:48Z,2026-09-14,414,Kragenæs > Fejø,3763171,2026-09-14T13:50:00,2026-09-14T14:10:00,24,98,98,M/F Christine,crossing-normal,False
2026-09-01T04:44:48Z,2026-09-14,414,Kragenæs > Fejø,3763286,2026-09-14T14:50:00,2026-09-14T15:10:00,24,98,98,M/F Christine,crossing-normal,False
2026-09-01T04:44:48Z,2026-09-14,414,Kragenæs > Fejø,3763401,2026-09-14T15:50:00,2026-09-14T16:10:00,23,97,98,M/F Christine,crossing-normal,False
2026-09-01T04:44:48Z,2026-09-14,414,Kragenæs > Fejø,3763516,2026-09-14T16:50:00,2026-09-14T17:10:00,24,98,98,M/F Christine,crossing-normal,False
2026-09-01T04:44:48Z,2026-09-14,414,Kragenæs > Fejø,3763631,2026-09-14T17:50:00,2026-09-14T18:10:00,24,98,98,M/F Christine,crossing-normal,False
2026-09-01T04:44:48Z,2026-09-14,414,Kragenæs > Fejø,3763746,2026-09-14T18:50:00,2026-09-14T19:10:00,24,98,98,M/F Christine,crossing-normal,False
2026-09-01T04:44:48Z,2026-09-14,414,Kragenæs > Fejø,3763861,2026-09-14T19:50:00,2026-09-14T20:10:00,24,98,98,M/F Christine,crossing-normal,False
2026-09-01T04:44:48Z,2026-09-14,414,Kragenæs > Fejø,3763976,2026-09-14T20:50:00,2026-09-14T21:10:00,24,98,98,M/F Christine,crossing-normal,False
2026-09-01T04:44:48Z,2026-09-14,414,Kragenæs > Fejø,3764091,2026-09-14T22:10:00,2026-09-14T22:30:00,24,98,98,M/F Christine,crossing-normal,False
2026-09-01T04:44:48Z,2026-09-14,414,Fejø > Kragenæs,3764206,2026-09-14T05:30:00,2026-09-14T05:50:00,24,98,98,M/F Christine,crossing-normal,False
2026-09-01T04:44:48Z,2026-09-14,414,Fejø > Kragenæs,3764321,2026-09-14T06:30:00,2026-09-14T06:50:00,23,97,98,M/F Christine,crossing-normal,False
2026-09-01T04:44:48Z,2026-09-14,414,Fejø > Kragenæs,3764436,2026-09-14T07:30:00,2026-09-14T07:50:00,24,98,98,M/F Christine,crossing-normal,False
2026-09-01T04:44:48Z,2026-09-14,414,Fejø > Kragenæs,3764551,2026-09-14T08:30:00,2026-09-14T08:50:00,24,98,98,M/F Christine,crossing-normal,False
2026-09-01T04:44:48Z,2026-09-14,414,Fejø > Kragenæs,3764666,2026-09-14T09:30:00,2026-09-14T09:50:00,24,98,98,M/F Christine,crossing-normal,False
2026-09-01T04:44:48Z,2026-09-14,414,Fejø > Kragenæs,3764781,2026-09-14T10:30:00,2026-09-14T10:50:00,24,98,98,M/F Christine,crossing-normal,False
2026-09-01T04:44:48Z,2026-09-14,414,Fejø > Kragenæs,3764896,2026-09-14T11:30:00,2026-09-14T11:50:00,24,98,98,M/F Christine,crossing-normal,False
2026-09-01T04:44:48Z,2026-09-14,414,Fejø > Kragenæs,3765011,2026-09-14T13:15:00,2026-09-14T13:35:00,24,98,98,M/F Christine,crossing-normal,False
2026-09-01T04:44:48Z,2026-09-14,414,Fejø > Kragenæs,3765126,2026-09-14T14:15:00,2026-09-14T14:35:00,24,98,98,M/F Christine,crossing-normal,False
2026-09-01T04:44:48Z,2026-09-14,414,Fejø > Kragenæs,3765241,2026-09-14T15:15:00,2026-09-14T15:35:00,23,96,98,M/F Christine,crossing-normal,False
2026-09-01T04:44:48Z,2026-09-14,414,Fejø > Kragenæs,3765356,2026-09-14T16:15:00,2026-09-14T16:35:00,24,98,98,M/F Christine,crossing-normal,False
2026-09-01T04:44:48Z,2026-09-14,414,Fejø > Kragenæs,3765471,2026-09-14T17:15:00,2026-09-14T17:35:00,24,98,98,M/F Christine,crossing-normal,False
2026-09-01T04:44:48Z,2026-09-14,414,Fejø > Kragenæs,3765586,2026-09-14T18:15:00,2026-09-14T18:35:00,24,98,98,M/F Christine,crossing-normal,False
2026-09-01T04:44:48Z,2026-09-14,414,Fejø > Kragenæs,3765701,2026-09-14T19:15:00,2026-09-14T19:35:00,24,98,98,M/F Christine,crossing-normal,False
2026-09-01T04:44:48Z,2026-09-14,414,Fejø > Kragenæs,3765816,2026-09-14T20:15:00,2026-09-14T20:35:00,24,98,98,M/F Christine,crossing-normal,False
2026-09-01T04:44:48Z,2026-09-14,414,Fejø > Kragenæs,3765931,2026-09-14T21:15:00,2026-09-14T21:35:00,24,98,98,M/F Christine,crossing-normal,False
2026-09-01T04:44:48Z,2026-09-15,411,Kragenæs > Femø,3767207,2026-09-15T07:10:00,2026-09-15T08:05:00,15,98,98,M/F Femøsund,crossing-normal,False
2026-09-01T04:44:48Z,2026-09-15,411,Kragenæs > Femø,3767224,2026-09-15T09:20:00,2026-09-15T10:15:00,15,98,98,M/F Femøsund,crossing-normal,False
2026-09-01T04:44:48Z,2026-09-15,411,Kragenæs > Femø,3767241,2026-09-15T12:35:00,2026-09-15T13:30:00,15,98,98,M/F Femøsund,crossing-normal,False
2026-09-01T04:44:48Z,2026-09-15,411,Kragenæs > Femø,3767258,2026-09-15T14:45:00,2026-09-15T15:40:00,12,98,98,M/F Femøsund,crossing-normal,False
2026-09-01T04:44:48Z,2026-09-15,411,Kragenæs > Femø,3767788,2026-09-15T15:40:00,2026-09-15T16:35:00,11,92,95,M/F Askø,crossing-normal,False
2026-09-01T04:44:48Z,2026-09-15,411,Kragenæs > Femø,3767275,2026-09-15T16:55:00,2026-09-15T17:50:00,14,97,98,M/F Femøsund,crossing-normal,False
2026-09-01T04:44:48Z,2026-09-15,411,Kragenæs > Femø,3767292,2026-09-15T19:05:00,2026-09-15T20:00:00,15,98,98,M/F Femøsund,crossing-normal,False
2026-09-01T04:44:48Z,2026-09-15,411,Kragenæs > Femø,3767309,2026-09-15T21:15:00,2026-09-15T22:10:00,15,98,98,M/F Femøsund,crossing-normal,False
2026-09-01T04:44:48Z,2026-09-15,411,Femø > Kragenæs,3767871,2026-09-15T06:00:00,2026-09-15T06:55:00,13,96,98,M/F Femøsund,crossing-normal,False
2026-09-01T04:44:48Z,2026-09-15,411,Femø > Kragenæs,3767888,2026-09-15T08:10:00,2026-09-15T09:05:00,14,96,98,M/F Femøsund,crossing-normal,False
2026-09-01T04:44:48Z,2026-09-15,411,Femø > Kragenæs,3767905,2026-09-15T10:40:00,2026-09-15T11:35:00,12,98,98,M/F Femøsund,crossing-normal,False
2026-09-01T04:44:48Z,2026-09-15,411,Femø > Kragenæs,3767922,2026-09-15T13:35:00,2026-09-15T14:30:00,15,98,98,M/F Femøsund,crossing-normal,False
2026-09-01T04:44:48Z,2026-09-15,411,Femø > Kragenæs,3767939,2026-09-15T15:45:00,2026-09-15T16:40:00,15,98,98,M/F Femøsund,crossing-normal,False
2026-09-01T04:44:48Z,2026-09-15,411,Femø > Kragenæs,3768452,2026-09-15T16:45:00,2026-09-15T17:40:00,13,95,95,M/F Askø,crossing-normal,False
2026-09-01T04:44:48Z,2026-09-15,411,Femø > Kragenæs,3767956,2026-09-15T17:55:00,2026-09-15T18:50:00,15,98,98,M/F Femøsund,crossing-normal,False
2026-09-01T04:44:48Z,2026-09-15,411,Femø > Kragenæs,3767973,2026-09-15T20:05:00,2026-09-15T21:00:00,15,98,98,M/F Femøsund,crossing-normal,False
2026-09-01T04:44:48Z,2026-09-15,413,Kragenæs > Askø,3766045,2026-09-15T06:00:00,2026-09-15T06:40:00,13,95,95,M/F Askø,crossing-normal,False
2026-09-01T04:44:48Z,2026-09-15,413,Kragenæs > Askø,3766062,2026-09-15T07:40:00,2026-09-15T08:20:00,13,95,95,M/F Askø,crossing-normal,False
2026-09-01T04:44:48Z,2026-09-15,413,Kragenæs > Askø,3766079,2026-09-15T09:45:00,2026-09-15T10:25:00,13,95,95,M/F Askø,crossing-normal,False
2026-09-01T04:44:48Z,2026-09-15,413,Kragenæs > Askø,3766096,2026-09-15T11:25:00,2026-09-15T12:05:00,13,95,95,M/F Askø,crossing-normal,False
2026-09-01T04:44:48Z,2026-09-15,413,Kragenæs > Askø,3766113,2026-09-15T13:55:00,2026-09-15T14:35:00,13,95,95,M/F Askø,crossing-normal,False
2026-09-01T04:44:48Z,2026-09-15,413,Kragenæs > Askø,3766130,2026-09-15T17:55:00,2026-09-15T18:35:00,13,95,95,M/F Askø,crossing-normal,False
2026-09-01T04:44:48Z,2026-09-15,413,Kragenæs > Askø,3766147,2026-09-15T19:40:00,2026-09-15T20:20:00,13,95,95,M/F Askø,crossing-normal,False
2026-09-01T04:44:48Z,2026-09-15,413,Askø > Kragenæs,3766626,2026-09-15T06:45:00,2026-09-15T07:25:00,13,95,95,M/F Askø,crossing-normal,False
2026-09-01T04:44:48Z,2026-09-15,413,Askø > Kragenæs,3766643,2026-09-15T08:50:00,2026-09-15T09:30:00,13,95,95,M/F Askø,crossing-normal,False
2026-09-01T04:44:48Z,2026-09-15,413,Askø > Kragenæs,3766660,2026-09-15T10:30:00,2026-09-15T11:10:00,13,95,95,M/F Askø,crossing-normal,False
2026-09-01T04:44:48Z,2026-09-15,413,Askø > Kragenæs,3766677,2026-09-15T12:15:00,2026-09-15T12:55:00,13,95,95,M/F Askø,crossing-normal,False
2026-09-01T04:44:48Z,2026-09-15,413,Askø > Kragenæs,3766694,2026-09-15T14:40:00,2026-09-15T15:20:00,13,95,95,M/F Askø,crossing-normal,False
2026-09-01T04:44:48Z,2026-09-15,413,Askø > Kragenæs,3766711,2026-09-15T18:40:00,2026-09-15T19:20:00,13,95,95,M/F Askø,crossing-normal,False
2026-09-01T04:44:48Z,2026-09-15,413,Askø > Kragenæs,3766728,2026-09-15T20:45:00,2026-09-15T21:25:00,13,95,95,M/F Askø,crossing-normal,False
2026-09-01T04:44:48Z,2026-09-15,414,Kragenæs > Fejø,3762367,2026-09-15T06:05:00,2026-09-15T06:25:00,24,98,98,M/F Christine,crossing-normal,False
2026-09-01T04:44:48Z,2026-09-15,414,Kragenæs > Fejø,3762482,2026-09-15T07:05:00,2026-09-15T07:25:00,24,98,98,M/F Christine,crossing-normal,False
2026-09-01T04:44:48Z,2026-09-15,414,Kragenæs > Fejø,3762597,2026-09-15T08:05:00,2026-09-15T08:25:00,24,98,98,M/F Christine,crossing-normal,False
2026-09-01T04:44:48Z,2026-09-15,414,Kragenæs > Fejø,3762712,2026-09-15T09:05:00,2026-09-15T09:25:00,24,98,98,M/F Christine,crossing-normal,False
2026-09-01T04:44:48Z,2026-09-15,414,Kragenæs > Fejø,3762827,2026-09-15T10:05:00,2026-09-15T10:25:00,20,97,98,M/F Christine,crossing-normal,False
2026-09-01T04:44:48Z,2026-09-15,414,Kragenæs > Fejø,3762942,2026-09-15T11:05:00,2026-09-15T11:25:00,24,98,98,M/F Christine,crossing-normal,False
2026-09-01T04:44:48Z,2026-09-15,414,Kragenæs > Fejø,3763057,2026-09-15T12:50:00,2026-09-15T13:10:00,24,98,98,M/F Christine,crossing-normal,False
2026-09-01T04:44:48Z,2026-09-15,414,Kragenæs > Fejø,3763172,2026-09-15T13:50:00,2026-09-15T14:10:00,24,98,98,M/F Christine,crossing-normal,False
2026-09-01T04:44:48Z,2026-09-15,414,Kragenæs > Fejø,3763287,2026-09-15T14:50:00,2026-09-15T15:10:00,23,97,98,M/F Christine,crossing-normal,False
2026-09-01T04:44:48Z,2026-09-15,414,Kragenæs > Fejø,3763402,2026-09-15T15:50:00,2026-09-15T16:10:00,24,98,98,M/F Christine,crossing-normal,False
2026-09-01T04:44:48Z,2026-09-15,414,Kragenæs > Fejø,3763517,2026-09-15T16:50:00,2026-09-15T17:10:00,24,98,98,M/F Christine,crossing-normal,False
2026-09-01T04:44:48Z,2026-09-15,414,Kragenæs > Fejø,3763632,2026-09-15T17:50:00,2026-09-15T18:10:00,24,98,98,M/F Christine,crossing-normal,False
2026-09-01T04:44:48Z,2026-09-15,414,Kragenæs > Fejø,3763747,2026-09-15T18:50:00,2026-09-15T19:10:00,24,98,98,M/F Christine,crossing-normal,False
2026-09-01T04:44:48Z,2026-09-15,414,Kragenæs > Fejø,3763862,2026-09-15T19:50:00,2026-09-15T20:10:00,24,98,98,M/F Christine,crossing-normal,False
2026-09-01T04:44:48Z,2026-09-15,414,Kragenæs > Fejø,3763977,2026-09-15T20:50:00,2026-09-15T21:10:00,24,98,98,M/F Christine,crossing-normal,False
2026-09-01T04:44:48Z,2026-09-15,414,Kragenæs > Fejø,3764092,2026-09-15T22:10:00,2026-09-15T22:30:00,24,98,98,M/F Christine,crossing-normal,False
2026-09-01T04:44:48Z,2026-09-15,414,Fejø > Kragenæs,3764207,2026-09-15T05:30:00,2026-09-15T05:50:00,24,98,98,M/F Christine,crossing-normal,False
2026-09-01T04:44:48Z,2026-09-15,414,Fejø > Kragenæs,3764322,2026-09-15T06:30:00,2026-09-15T06:50:00,24,98,98,M/F Christine,crossing-normal,False
2026-09-01T04:44:48Z,2026-09-15,414,Fejø > Kragenæs,3764437,2026-09-15T07:30:00,2026-09-15T07:50:00,24,98,98,M/F Christine,crossing-normal,False
2026-09-01T04:44:48Z,2026-09-15,414,Fejø > Kragenæs,3764552,2026-09-15T08:30:00,2026-09-15T08:50:00,23,97,98,M/F Christine,crossing-normal,False
2026-09-01T04:44:48Z,2026-09-15,414,Fejø > Kragenæs,3764667,2026-09-15T09:30:00,2026-09-15T09:50:00,24,98,98,M/F Christine,crossing-normal,False
2026-09-01T04:44:48Z,2026-09-15,414,Fejø > Kragenæs,3764782,2026-09-15T10:30:00,2026-09-15T10:50:00,24,98,98,M/F Christine,crossing-normal,False
2026-09-01T04:44:48Z,2026-09-15,414,Fejø > Kragenæs,3764897,2026-09-15T11:30:00,2026-09-15T11:50:00,20,97,98,M/F Christine,crossing-normal,False
2026-09-01T04:44:48Z,2026-09-15,414,Fejø > Kragenæs,3765012,2026-09-15T13:15:00,2026-09-15T13:35:00,24,98,98,M/F Christine,crossing-normal,False
2026-09-01T04:44:48Z,2026-09-15,414,Fejø > Kragenæs,3765127,2026-09-15T14:15:00,2026-09-15T14:35:00,24,98,98,M/F Christine,crossing-normal,False
2026-09-01T04:44:48Z,2026-09-15,414,Fejø > Kragenæs,3765242,2026-09-15T15:15:00,2026-09-15T15:35:00,24,98,98,M/F Christine,crossing-normal,False
2026-09-01T04:44:48Z,2026-09-15,414,Fejø > Kragenæs,3765357,2026-09-15T16:15:00,2026-09-15T16:35:00,24,98,98,M/F Christine,crossing-normal,False
2026-09-01T04:44:48Z,2026-09-15,414,Fejø > Kragenæs,3765472,2026-09-15T17:15:00,2026-09-15T17:35:00,24,98,98,M/F Christine,crossing-normal,False
2026-09-01T04:44:48Z,2026-09-15,414,Fejø > Kragenæs,3765587,2026-09-15T18:15:00,2026-09-15T18:35:00,24,98,98,M/F Christine,crossing-normal,False
2026-09-01T04:44:48Z,2026-09-15,414,Fejø > Kragenæs,3765702,2026-09-15T19:15:00,2026-09-15T19:35:00,24,98,98,M/F Christine,crossing-normal,False
2026-09-01T04:44:48Z,2026-09-15,414,Fejø > Kragenæs,3765817,2026-09-15T20:15:00,2026-09-15T20:35:00,24,98,98,M/F Christine,crossing-normal,False
2026-09-01T04:44:48Z,2026-09-15,414,Fejø > Kragenæs,3765932,2026-09-15T21:15:00,2026-09-15T21:35:00,24,98,98,M/F Christine,crossing-normal,False
2026-09-01T11:29:57Z,2026-09-01,411,Kragenæs > Femø,3748278,2026-09-01T14:05:00,2026-09-01T15:00:00,6,88,98,M/F Femøsund,crossing-normal,False
2026-09-01T11:29:57Z,2026-09-01,411,Kragenæs > Femø,3748357,2026-09-01T16:20:00,2026-09-01T17:15:00,5,89,98,M/F Femøsund,crossing-normal,False
2026-09-01T11:29:57Z,2026-09-01,411,Kragenæs > Femø,3748436,2026-09-01T18:40:00,2026-09-01T19:35:00,13,96,98,M/F Femøsund,crossing-normal,False
2026-09-01T11:29:57Z,2026-09-01,411,Kragenæs > Femø,3748515,2026-09-01T22:00:00,2026-09-01T22:55:00,15,98,98,M/F Femøsund,crossing-normal,False
2026-09-01T11:29:57Z,2026-09-01,411,Femø > Kragenæs,3747725,2026-09-01T12:55:00,2026-09-01T13:50:00,6,93,98,Booking lukket,crossing-time-exceeded,False
2026-09-01T11:29:57Z,2026-09-01,411,Femø > Kragenæs,3747804,2026-09-01T15:10:00,2026-09-01T16:05:00,6,94,98,M/F Femøsund,crossing-normal,False
2026-09-01T11:29:57Z,2026-09-01,411,Femø > Kragenæs,3747883,2026-09-01T17:30:00,2026-09-01T18:25:00,13,95,98,M/F Femøsund,crossing-normal,False
2026-09-01T11:29:57Z,2026-09-01,411,Femø > Kragenæs,3747962,2026-09-01T20:45:00,2026-09-01T21:40:00,15,97,98,M/F Femøsund,crossing-normal,False
2026-09-01T11:29:57Z,2026-09-01,413,Kragenæs > Askø,3753183,2026-09-01T13:35:00,2026-09-01T14:15:00,8,92,95,M/F Askø,crossing-normal,False
2026-09-01T11:29:57Z,2026-09-01,413,Kragenæs > Askø,3753246,2026-09-01T15:55:00,2026-09-01T16:35:00,12,94,95,M/F Askø,crossing-normal,False
2026-09-01T11:29:57Z,2026-09-01,413,Kragenæs > Askø,3753309,2026-09-01T18:15:00,2026-09-01T18:55:00,13,95,95,M/F Askø,crossing-normal,False
2026-09-01T11:29:57Z,2026-09-01,413,Kragenæs > Askø,3753372,2026-09-01T21:20:00,2026-09-01T22:00:00,12,94,95,M/F Askø,crossing-normal,False
2026-09-01T11:29:57Z,2026-09-01,413,Askø > Kragenæs,3753624,2026-09-01T14:55:00,2026-09-01T15:35:00,7,88,95,M/F Askø,crossing-normal,False
2026-09-01T11:29:57Z,2026-09-01,413,Askø > Kragenæs,3753687,2026-09-01T16:40:00,2026-09-01T17:20:00,12,94,95,M/F Askø,crossing-normal,False
2026-09-01T11:29:57Z,2026-09-01,413,Askø > Kragenæs,3753750,2026-09-01T19:10:00,2026-09-01T19:50:00,13,93,95,M/F Askø,crossing-normal,False
2026-09-01T11:29:57Z,2026-09-01,413,Askø > Kragenæs,3753813,2026-09-01T22:05:00,2026-09-01T22:45:00,13,95,95,M/F Askø,crossing-normal,False
2026-09-01T11:29:57Z,2026-09-01,414,Kragenæs > Fejø,3752192,2026-09-01T13:50:00,2026-09-01T14:10:00,17,86,98,M/F Christine,crossing-normal,False
2026-09-01T11:29:57Z,2026-09-01,414,Kragenæs > Fejø,3752272,2026-09-01T14:50:00,2026-09-01T15:10:00,15,88,98,M/F Christine,crossing-normal,False
2026-09-01T11:29:57Z,2026-09-01,414,Kragenæs > Fejø,3752352,2026-09-01T15:50:00,2026-09-01T16:10:00,17,90,98,M/F Christine,crossing-normal,False
2026-09-01T11:29:57Z,2026-09-01,414,Kragenæs > Fejø,3752432,2026-09-01T16:30:00,2026-09-01T16:50:00,20,91,98,M/F Christine,crossing-normal,False
2026-09-01T11:29:57Z,2026-09-01,414,Kragenæs > Fejø,3752512,2026-09-01T17:10:00,2026-09-01T17:30:00,22,96,98,M/F Christine,crossing-normal,False
2026-09-01T11:29:57Z,2026-09-01,414,Kragenæs > Fejø,3752592,2026-09-01T17:50:00,2026-09-01T18:10:00,20,94,98,M/F Christine,crossing-normal,False
2026-09-01T11:29:57Z,2026-09-01,414,Kragenæs > Fejø,3752672,2026-09-01T19:20:00,2026-09-01T19:40:00,23,97,98,M/F Christine,crossing-normal,False
2026-09-01T11:29:57Z,2026-09-01,414,Kragenæs > Fejø,3752752,2026-09-01T20:10:00,2026-09-01T20:30:00,21,94,98,M/F Christine,crossing-normal,False
2026-09-01T11:29:57Z,2026-09-01,414,Kragenæs > Fejø,3752832,2026-09-01T20:50:00,2026-09-01T21:10:00,22,95,98,M/F Christine,crossing-normal,False
2026-09-01T11:29:57Z,2026-09-01,414,Kragenæs > Fejø,3752930,2026-09-01T22:05:00,2026-09-01T22:25:00,21,95,98,M/F Christine,crossing-normal,False
2026-09-01T11:29:57Z,2026-09-01,414,Fejø > Kragenæs,3750496,2026-09-01T13:10:00,2026-09-01T13:30:00,11,86,98,Booking lukket,crossing-time-exceeded,False
2026-09-01T11:29:57Z,2026-09-01,414,Fejø > Kragenæs,3750560,2026-09-01T14:10:00,2026-09-01T14:30:00,11,92,98,M/F Christine,crossing-normal,False
2026-09-01T11:29:57Z,2026-09-01,414,Fejø > Kragenæs,3750624,2026-09-01T15:10:00,2026-09-01T15:30:00,19,83,98,M/F Christine,crossing-normal,False
2026-09-01T11:29:57Z,2026-09-01,414,Fejø > Kragenæs,3750688,2026-09-01T16:10:00,2026-09-01T16:30:00,18,88,98,M/F Christine,crossing-normal,False
2026-09-01T11:29:57Z,2026-09-01,414,Fejø > Kragenæs,3750752,2026-09-01T16:50:00,2026-09-01T17:10:00,23,95,98,M/F Christine,crossing-normal,False
2026-09-01T11:29:57Z,2026-09-01,414,Fejø > Kragenæs,3750816,2026-09-01T17:30:00,2026-09-01T17:50:00,23,97,98,M/F Christine,crossing-normal,False
2026-09-01T11:29:57Z,2026-09-01,414,Fejø > Kragenæs,3750880,2026-09-01T18:20:00,2026-09-01T18:40:00,23,96,98,M/F Christine,crossing-normal,False
2026-09-01T11:29:57Z,2026-09-01,414,Fejø > Kragenæs,3750944,2026-09-01T19:45:00,2026-09-01T20:05:00,24,98,98,M/F Christine,crossing-normal,False
2026-09-01T11:29:57Z,2026-09-01,414,Fejø > Kragenæs,3751008,2026-09-01T20:30:00,2026-09-01T20:50:00,21,96,98,M/F Christine,crossing-normal,False
2026-09-01T11:29:57Z,2026-09-01,414,Fejø > Kragenæs,3751073,2026-09-01T21:45:00,2026-09-01T22:05:00,22,96,98,M/F Christine,crossing-normal,False
2026-09-01T11:29:57Z,2026-09-02,411,Kragenæs > Femø,3748042,2026-09-02T07:05:00,2026-09-02T08:00:00,7,92,98,M/F Femøsund,crossing-normal,False
2026-09-01T11:29:57Z,2026-09-02,411,Kragenæs > Femø,3748121,2026-09-02T09:25:00,2026-09-02T10:20:00,5,93,98,M/F Femøsund,crossing-normal,False
2026-09-01T11:29:57Z,2026-09-02,411,Kragenæs > Femø,3748200,2026-09-02T11:50:00,2026-09-02T12:45:00,11,87,98,M/F Femøsund,crossing-normal,False
2026-09-01T11:29:57Z,2026-09-02,411,Kragenæs > Femø,3748279,2026-09-02T14:05:00,2026-09-02T15:00:00,15,98,98,M/F Femøsund,crossing-normal,False
2026-09-01T11:29:57Z,2026-09-02,411,Kragenæs > Femø,3748358,2026-09-02T16:20:00,2026-09-02T17:15:00,10,92,98,M/F Femøsund,crossing-normal,False
2026-09-01T11:29:57Z,2026-09-02,411,Kragenæs > Femø,3748437,2026-09-02T18:40:00,2026-09-02T19:35:00,12,93,98,M/F Femøsund,crossing-normal,False
2026-09-01T11:29:57Z,2026-09-02,411,Kragenæs > Femø,3748516,2026-09-02T22:00:00,2026-09-02T22:55:00,0,72,98,M/F Femøsund,crossing-almost-fully-booked,False
2026-09-01T11:29:57Z,2026-09-02,411,Femø > Kragenæs,3747489,2026-09-02T06:00:00,2026-09-02T06:55:00,12,93,98,M/F Femøsund,crossing-normal,False
2026-09-01T11:29:57Z,2026-09-02,411,Femø > Kragenæs,3747568,2026-09-02T08:15:00,2026-09-02T09:10:00,9,92,98,M/F Femøsund,crossing-normal,False
2026-09-01T11:29:57Z,2026-09-02,411,Femø > Kragenæs,3747647,2026-09-02T10:30:00,2026-09-02T11:25:00,5,87,98,M/F Femøsund,crossing-normal,False
2026-09-01T11:29:57Z,2026-09-02,411,Femø > Kragenæs,3747726,2026-09-02T12:55:00,2026-09-02T13:50:00,2,89,98,M/F Femøsund,crossing-normal,False
2026-09-01T11:29:57Z,2026-09-02,411,Femø > Kragenæs,3747805,2026-09-02T15:10:00,2026-09-02T16:05:00,0,74,98,M/F Femøsund,crossing-almost-fully-booked,False
2026-09-01T11:29:57Z,2026-09-02,411,Femø > Kragenæs,3747884,2026-09-02T17:30:00,2026-09-02T18:25:00,14,96,98,M/F Femøsund,crossing-normal,False
2026-09-01T11:29:57Z,2026-09-02,411,Femø > Kragenæs,3747963,2026-09-02T20:45:00,2026-09-02T21:40:00,15,98,98,M/F Femøsund,crossing-normal,False
2026-09-01T11:29:57Z,2026-09-02,413,Kragenæs > Askø,3752995,2026-09-02T06:40:00,2026-09-02T07:20:00,0,88,95,M/F Askø,crossing-almost-fully-booked,False
2026-09-01T11:29:57Z,2026-09-02,413,Kragenæs > Askø,3753058,2026-09-02T08:55:00,2026-09-02T09:35:00,10,91,95,M/F Askø,crossing-normal,False
2026-09-01T11:29:57Z,2026-09-02,413,Kragenæs > Askø,3753121,2026-09-02T11:10:00,2026-09-02T11:50:00,11,92,95,M/F Askø,crossing-normal,False
2026-09-01T11:29:57Z,2026-09-02,413,Kragenæs > Askø,3753184,2026-09-02T13:35:00,2026-09-02T14:15:00,12,94,95,M/F Askø,crossing-normal,False
2026-09-01T11:29:57Z,2026-09-02,413,Kragenæs > Askø,3753247,2026-09-02T15:55:00,2026-09-02T16:35:00,11,92,95,M/F Askø,crossing-normal,False
2026-09-01T11:29:57Z,2026-09-02,413,Kragenæs > Askø,3753310,2026-09-02T18:15:00,2026-09-02T18:55:00,13,94,95,M/F Askø,crossing-normal,False
2026-09-01T11:29:57Z,2026-09-02,413,Kragenæs > Askø,3753373,2026-09-02T21:20:00,2026-09-02T22:00:00,6,83,95,M/F Askø,crossing-normal,False
2026-09-01T11:29:57Z,2026-09-02,413,Askø > Kragenæs,3753436,2026-09-02T07:30:00,2026-09-02T08:10:00,11,91,95,M/F Askø,crossing-normal,False
2026-09-01T11:29:57Z,2026-09-02,413,Askø > Kragenæs,3753499,2026-09-02T10:05:00,2026-09-02T10:45:00,4,83,95,M/F Askø,crossing-normal,False
2026-09-01T11:29:57Z,2026-09-02,413,Askø > Kragenæs,3753562,2026-09-02T12:35:00,2026-09-02T13:15:00,8,88,95,M/F Askø,crossing-normal,False
2026-09-01T11:29:57Z,2026-09-02,413,Askø > Kragenæs,3753625,2026-09-02T14:55:00,2026-09-02T15:35:00,6,84,95,M/F Askø,crossing-normal,False
2026-09-01T11:29:57Z,2026-09-02,413,Askø > Kragenæs,3753688,2026-09-02T16:40:00,2026-09-02T17:20:00,5,92,95,M/F Askø,crossing-normal,False
2026-09-01T11:29:57Z,2026-09-02,413,Askø > Kragenæs,3753751,2026-09-02T19:10:00,2026-09-02T19:50:00,13,95,95,M/F Askø,crossing-normal,False
2026-09-01T11:29:57Z,2026-09-02,413,Askø > Kragenæs,3753814,2026-09-02T22:05:00,2026-09-02T22:45:00,13,95,95,M/F Askø,crossing-normal,False
2026-09-01T11:29:57Z,2026-09-02,414,Kragenæs > Fejø,3751473,2026-09-02T05:45:00,2026-09-02T06:05:00,24,94,98,M/F Christine,crossing-normal,False
2026-09-01T11:29:57Z,2026-09-02,414,Kragenæs > Fejø,3751553,2026-09-02T06:25:00,2026-09-02T06:45:00,22,96,98,M/F Christine,crossing-normal,False
2026-09-01T11:29:57Z,2026-09-02,414,Kragenæs > Fejø,3751633,2026-09-02T07:10:00,2026-09-02T07:30:00,22,95,98,M/F Christine,crossing-normal,False
2026-09-01T11:29:57Z,2026-09-02,414,Kragenæs > Fejø,3751713,2026-09-02T07:55:00,2026-09-02T08:15:00,18,95,98,M/F Christine,crossing-normal,False
2026-09-01T11:29:57Z,2026-09-02,414,Kragenæs > Fejø,3751793,2026-09-02T09:00:00,2026-09-02T09:20:00,24,98,98,M/F Christine,crossing-normal,False
2026-09-01T11:29:57Z,2026-09-02,414,Kragenæs > Fejø,3751873,2026-09-02T09:50:00,2026-09-02T10:10:00,22,95,98,M/F Christine,crossing-normal,False
2026-09-01T11:29:57Z,2026-09-02,414,Kragenæs > Fejø,3751953,2026-09-02T10:45:00,2026-09-02T11:05:00,24,98,98,M/F Christine,crossing-normal,False
2026-09-01T11:29:57Z,2026-09-02,414,Kragenæs > Fejø,3752033,2026-09-02T12:00:00,2026-09-02T12:20:00,21,88,98,M/F Christine,crossing-normal,False
2026-09-01T11:29:57Z,2026-09-02,414,Kragenæs > Fejø,3752113,2026-09-02T12:50:00,2026-09-02T13:10:00,24,98,98,M/F Christine,crossing-normal,False
2026-09-01T11:29:57Z,2026-09-02,414,Kragenæs > Fejø,3752193,2026-09-02T13:50:00,2026-09-02T14:10:00,22,94,98,M/F Christine,crossing-normal,False
2026-09-01T11:29:57Z,2026-09-02,414,Kragenæs > Fejø,3752273,2026-09-02T14:50:00,2026-09-02T15:10:00,22,95,98,M/F Christine,crossing-normal,False
2026-09-01T11:29:57Z,2026-09-02,414,Kragenæs > Fejø,3752353,2026-09-02T15:50:00,2026-09-02T16:10:00,22,96,98,M/F Christine,crossing-normal,False
2026-09-01T11:29:57Z,2026-09-02,414,Kragenæs > Fejø,3752433,2026-09-02T16:30:00,2026-09-02T16:50:00,22,93,98,M/F Christine,crossing-normal,False
2026-09-01T11:29:57Z,2026-09-02,414,Kragenæs > Fejø,3752513,2026-09-02T17:10:00,2026-09-02T17:30:00,23,97,98,M/F Christine,crossing-normal,False
2026-09-01T11:29:57Z,2026-09-02,414,Kragenæs > Fejø,3752593,2026-09-02T17:50:00,2026-09-02T18:10:00,21,89,98,M/F Christine,crossing-normal,False
2026-09-01T11:29:57Z,2026-09-02,414,Kragenæs > Fejø,3752673,2026-09-02T19:20:00,2026-09-02T19:40:00,20,87,98,M/F Christine,crossing-normal,False
2026-09-01T11:29:57Z,2026-09-02,414,Kragenæs > Fejø,3752753,2026-09-02T20:10:00,2026-09-02T20:30:00,18,86,98,M/F Christine,crossing-normal,False
2026-09-01T11:29:57Z,2026-09-02,414,Kragenæs > Fejø,3752833,2026-09-02T20:50:00,2026-09-02T21:10:00,23,97,98,M/F Christine,crossing-normal,False
2026-09-01T11:29:57Z,2026-09-02,414,Kragenæs > Fejø,3752931,2026-09-02T22:05:00,2026-09-02T22:25:00,23,97,98,M/F Christine,crossing-normal,False
2026-09-01T11:29:57Z,2026-09-02,414,Fejø > Kragenæs,3749921,2026-09-02T05:25:00,2026-09-02T05:45:00,22,94,98,M/F Christine,crossing-normal,False
2026-09-01T11:29:57Z,2026-09-02,414,Fejø > Kragenæs,3749985,2026-09-02T06:05:00,2026-09-02T06:25:00,20,94,98,M/F Christine,crossing-normal,False
2026-09-01T11:29:57Z,2026-09-02,414,Fejø > Kragenæs,3750049,2026-09-02T06:45:00,2026-09-02T07:05:00,19,90,98,M/F Christine,crossing-normal,False
2026-09-01T11:29:57Z,2026-09-02,414,Fejø > Kragenæs,3750113,2026-09-02T07:30:00,2026-09-02T07:50:00,19,88,98,M/F Christine,crossing-normal,False
2026-09-01T11:29:57Z,2026-09-02,414,Fejø > Kragenæs,3750177,2026-09-02T08:35:00,2026-09-02T08:55:00,19,96,98,M/F Christine,crossing-normal,False
2026-09-01T11:29:57Z,2026-09-02,414,Fejø > Kragenæs,3750241,2026-09-02T09:20:00,2026-09-02T09:40:00,22,91,98,M/F Christine,crossing-normal,False
2026-09-01T11:29:57Z,2026-09-02,414,Fejø > Kragenæs,3750305,2026-09-02T10:10:00,2026-09-02T10:30:00,19,90,98,M/F Christine,crossing-normal,False
2026-09-01T11:29:57Z,2026-09-02,414,Fejø > Kragenæs,3750369,2026-09-02T11:10:00,2026-09-02T11:30:00,23,97,98,M/F Christine,crossing-normal,False
2026-09-01T11:29:57Z,2026-09-02,414,Fejø > Kragenæs,3750433,2026-09-02T12:20:00,2026-09-02T12:40:00,20,93,98,M/F Christine,crossing-normal,False
2026-09-01T11:29:57Z,2026-09-02,414,Fejø > Kragenæs,3750497,2026-09-02T13:10:00,2026-09-02T13:30:00,23,96,98,M/F Christine,crossing-normal,False
2026-09-01T11:29:57Z,2026-09-02,414,Fejø > Kragenæs,3750561,2026-09-02T14:10:00,2026-09-02T14:30:00,23,94,98,M/F Christine,crossing-normal,False
2026-09-01T11:29:57Z,2026-09-02,414,Fejø > Kragenæs,3750625,2026-09-02T15:10:00,2026-09-02T15:30:00,23,96,98,M/F Christine,crossing-normal,False
2026-09-01T11:29:57Z,2026-09-02,414,Fejø > Kragenæs,3750689,2026-09-02T16:10:00,2026-09-02T16:30:00,15,71,98,M/F Christine,crossing-normal,False
2026-09-01T11:29:57Z,2026-09-02,414,Fejø > Kragenæs,3750753,2026-09-02T16:50:00,2026-09-02T17:10:00,24,97,98,M/F Christine,crossing-normal,False
2026-09-01T11:29:57Z,2026-09-02,414,Fejø > Kragenæs,3750817,2026-09-02T17:30:00,2026-09-02T17:50:00,24,98,98,M/F Christine,crossing-normal,False
2026-09-01T11:29:57Z,2026-09-02,414,Fejø > Kragenæs,3750881,2026-09-02T18:20:00,2026-09-02T18:40:00,24,98,98,M/F Christine,crossing-normal,False
2026-09-01T11:29:57Z,2026-09-02,414,Fejø > Kragenæs,3750945,2026-09-02T19:45:00,2026-09-02T20:05:00,24,98,98,M/F Christine,crossing-normal,False
2026-09-01T11:29:57Z,2026-09-02,414,Fejø > Kragenæs,3751009,2026-09-02T20:30:00,2026-09-02T20:50:00,24,97,98,M/F Christine,crossing-normal,False
2026-09-01T11:29:57Z,2026-09-02,414,Fejø > Kragenæs,3751074,2026-09-02T21:45:00,2026-09-02T22:05:00,23,97,98,M/F Christine,crossing-normal,False
2026-09-01T11:29:57Z,2026-09-03,411,Kragenæs > Femø,3748043,2026-09-03T07:05:00,2026-09-03T08:00:00,2,93,98,M/F Femøsund,crossing-normal,False
2026-09-01T11:29:57Z,2026-09-03,411,Kragenæs > Femø,3748122,2026-09-03T09:25:00,2026-09-03T10:20:00,8,97,98,M/F Femøsund,crossing-normal,False
2026-09-01T11:29:57Z,2026-09-03,411,Kragenæs > Femø,3748201,2026-09-03T11:50:00,2026-09-03T12:45:00,14,95,98,M/F Femøsund,crossing-normal,False
2026-09-01T11:29:57Z,2026-09-03,411,Kragenæs > Femø,3748280,2026-09-03T14:05:00,2026-09-03T15:00:00,5,84,98,M/F Femøsund,crossing-normal,False
2026-09-01T11:29:57Z,2026-09-03,411,Kragenæs > Femø,3748359,2026-09-03T16:20:00,2026-09-03T17:15:00,13,95,98,M/F Femøsund,crossing-normal,False
2026-09-01T11:29:57Z,2026-09-03,411,Kragenæs > Femø,3748438,2026-09-03T18:40:00,2026-09-03T19:35:00,14,96,98,M/F Femøsund,crossing-normal,False
2026-09-01T11:29:57Z,2026-09-03,411,Kragenæs > Femø,3748517,2026-09-03T22:00:00,2026-09-03T22:55:00,13,95,98,M/F Femøsund,crossing-normal,False
2026-09-01T11:29:57Z,2026-09-03,411,Femø > Kragenæs,3747490,2026-09-03T06:00:00,2026-09-03T06:55:00,12,94,98,M/F Femøsund,crossing-normal,False
2026-09-01T11:29:57Z,2026-09-03,411,Femø > Kragenæs,3747569,2026-09-03T08:15:00,2026-09-03T09:10:00,11,94,98,M/F Femøsund,crossing-normal,False
2026-09-01T11:29:57Z,2026-09-03,411,Femø > Kragenæs,3747648,2026-09-03T10:30:00,2026-09-03T11:25:00,4,94,98,M/F Femøsund,crossing-normal,False
2026-09-01T11:29:57Z,2026-09-03,411,Femø > Kragenæs,3747727,2026-09-03T12:55:00,2026-09-03T13:50:00,4,94,98,M/F Femøsund,crossing-normal,False
2026-09-01T11:29:57Z,2026-09-03,411,Femø > Kragenæs,3747806,2026-09-03T15:10:00,2026-09-03T16:05:00,14,96,98,M/F Femøsund,crossing-normal,False
2026-09-01T11:29:57Z,2026-09-03,411,Femø > Kragenæs,3747885,2026-09-03T17:30:00,2026-09-03T18:25:00,12,95,98,M/F Femøsund,crossing-normal,False
2026-09-01T11:29:57Z,2026-09-03,411,Femø > Kragenæs,3747964,2026-09-03T20:45:00,2026-09-03T21:40:00,15,98,98,M/F Femøsund,crossing-normal,False
2026-09-01T11:29:57Z,2026-09-03,413,Kragenæs > Askø,3752996,2026-09-03T06:40:00,2026-09-03T07:20:00,13,95,95,M/F Askø,crossing-normal,False
2026-09-01T11:29:57Z,2026-09-03,413,Kragenæs > Askø,3753059,2026-09-03T08:55:00,2026-09-03T09:35:00,12,94,95,M/F Askø,crossing-normal,False
2026-09-01T11:29:57Z,2026-09-03,413,Kragenæs > Askø,3753122,2026-09-03T11:10:00,2026-09-03T11:50:00,13,95,95,M/F Askø,crossing-normal,False
2026-09-01T11:29:57Z,2026-09-03,413,Kragenæs > Askø,3753185,2026-09-03T13:35:00,2026-09-03T14:15:00,8,89,95,M/F Askø,crossing-normal,False
2026-09-01T11:29:57Z,2026-09-03,413,Kragenæs > Askø,3753248,2026-09-03T15:55:00,2026-09-03T16:35:00,13,95,95,M/F Askø,crossing-normal,False
2026-09-01T11:29:57Z,2026-09-03,413,Kragenæs > Askø,3753311,2026-09-03T18:15:00,2026-09-03T18:55:00,12,93,95,M/F Askø,crossing-normal,False
2026-09-01T11:29:57Z,2026-09-03,413,Kragenæs > Askø,3753374,2026-09-03T21:20:00,2026-09-03T22:00:00,12,93,95,M/F Askø,crossing-normal,False
2026-09-01T11:29:57Z,2026-09-03,413,Askø > Kragenæs,3753437,2026-09-03T07:30:00,2026-09-03T08:10:00,11,93,95,M/F Askø,crossing-normal,False
2026-09-01T11:29:57Z,2026-09-03,413,Askø > Kragenæs,3753500,2026-09-03T10:05:00,2026-09-03T10:45:00,10,92,95,M/F Askø,crossing-normal,False
2026-09-01T11:29:57Z,2026-09-03,413,Askø > Kragenæs,3753563,2026-09-03T12:35:00,2026-09-03T13:15:00,11,93,95,M/F Askø,crossing-normal,False
2026-09-01T11:29:57Z,2026-09-03,413,Askø > Kragenæs,3753626,2026-09-03T14:55:00,2026-09-03T15:35:00,11,89,95,M/F Askø,crossing-normal,False
2026-09-01T11:29:57Z,2026-09-03,413,Askø > Kragenæs,3753689,2026-09-03T16:40:00,2026-09-03T17:20:00,13,95,95,M/F Askø,crossing-normal,False
2026-09-01T11:29:57Z,2026-09-03,413,Askø > Kragenæs,3753752,2026-09-03T19:10:00,2026-09-03T19:50:00,13,95,95,M/F Askø,crossing-normal,False
2026-09-01T11:29:57Z,2026-09-03,413,Askø > Kragenæs,3753815,2026-09-03T22:05:00,2026-09-03T22:45:00,13,95,95,M/F Askø,crossing-normal,False
2026-09-01T11:29:57Z,2026-09-03,414,Kragenæs > Fejø,3751474,2026-09-03T05:45:00,2026-09-03T06:05:00,24,97,98,M/F Christine,crossing-normal,False
2026-09-01T11:29:57Z,2026-09-03,414,Kragenæs > Fejø,3751554,2026-09-03T06:25:00,2026-09-03T06:45:00,23,97,98,M/F Christine,crossing-normal,False
2026-09-01T11:29:57Z,2026-09-03,414,Kragenæs > Fejø,3751634,2026-09-03T07:10:00,2026-09-03T07:30:00,20,94,98,M/F Christine,crossing-normal,False
2026-09-01T11:29:57Z,2026-09-03,414,Kragenæs > Fejø,3751714,2026-09-03T07:55:00,2026-09-03T08:15:00,23,97,98,M/F Christine,crossing-normal,False
2026-09-01T11:29:57Z,2026-09-03,414,Kragenæs > Fejø,3751794,2026-09-03T09:00:00,2026-09-03T09:20:00,24,98,98,M/F Christine,crossing-normal,False
2026-09-01T11:29:57Z,2026-09-03,414,Kragenæs > Fejø,3751874,2026-09-03T09:50:00,2026-09-03T10:10:00,24,98,98,M/F Christine,crossing-normal,False
2026-09-01T11:29:57Z,2026-09-03,414,Kragenæs > Fejø,3751954,2026-09-03T10:45:00,2026-09-03T11:05:00,24,98,98,M/F Christine,crossing-normal,False
2026-09-01T11:29:57Z,2026-09-03,414,Kragenæs > Fejø,3752034,2026-09-03T12:00:00,2026-09-03T12:20:00,23,97,98,M/F Christine,crossing-normal,False
2026-09-01T11:29:57Z,2026-09-03,414,Kragenæs > Fejø,3752114,2026-09-03T12:50:00,2026-09-03T13:10:00,22,95,98,M/F Christine,crossing-normal,False
2026-09-01T11:29:57Z,2026-09-03,414,Kragenæs > Fejø,3752194,2026-09-03T13:50:00,2026-09-03T14:10:00,23,95,98,M/F Christine,crossing-normal,False
2026-09-01T11:29:57Z,2026-09-03,414,Kragenæs > Fejø,3752274,2026-09-03T14:50:00,2026-09-03T15:10:00,22,95,98,M/F Christine,crossing-normal,False
2026-09-01T11:29:57Z,2026-09-03,414,Kragenæs > Fejø,3752354,2026-09-03T15:50:00,2026-09-03T16:10:00,19,91,98,M/F Christine,crossing-normal,False
2026-09-01T11:29:57Z,2026-09-03,414,Kragenæs > Fejø,3752434,2026-09-03T16:30:00,2026-09-03T16:50:00,24,98,98,M/F Christine,crossing-normal,False
2026-09-01T11:29:57Z,2026-09-03,414,Kragenæs > Fejø,3752514,2026-09-03T17:10:00,2026-09-03T17:30:00,24,98,98,M/F Christine,crossing-normal,False
2026-09-01T11:29:57Z,2026-09-03,414,Kragenæs > Fejø,3752594,2026-09-03T17:50:00,2026-09-03T18:10:00,24,98,98,M/F Christine,crossing-normal,False
2026-09-01T11:29:57Z,2026-09-03,414,Kragenæs > Fejø,3752674,2026-09-03T19:20:00,2026-09-03T19:40:00,23,96,98,M/F Christine,crossing-normal,False
2026-09-01T11:29:57Z,2026-09-03,414,Kragenæs > Fejø,3752754,2026-09-03T20:10:00,2026-09-03T20:30:00,24,98,98,M/F Christine,crossing-normal,False
2026-09-01T11:29:57Z,2026-09-03,414,Kragenæs > Fejø,3752834,2026-09-03T20:50:00,2026-09-03T21:10:00,24,98,98,M/F Christine,crossing-normal,False
2026-09-01T11:29:57Z,2026-09-03,414,Kragenæs > Fejø,3752932,2026-09-03T22:05:00,2026-09-03T22:25:00,22,96,98,M/F Christine,crossing-normal,False
2026-09-01T11:29:57Z,2026-09-03,414,Fejø > Kragenæs,3749922,2026-09-03T05:25:00,2026-09-03T05:45:00,22,92,98,M/F Christine,crossing-normal,False
2026-09-01T11:29:57Z,2026-09-03,414,Fejø > Kragenæs,3749986,2026-09-03T06:05:00,2026-09-03T06:25:00,23,97,98,M/F Christine,crossing-normal,False
2026-09-01T11:29:57Z,2026-09-03,414,Fejø > Kragenæs,3750050,2026-09-03T06:45:00,2026-09-03T07:05:00,20,90,98,M/F Christine,crossing-normal,False
2026-09-01T11:29:57Z,2026-09-03,414,Fejø > Kragenæs,3750114,2026-09-03T07:30:00,2026-09-03T07:50:00,21,92,98,M/F Christine,crossing-normal,False
2026-09-01T11:29:57Z,2026-09-03,414,Fejø > Kragenæs,3750178,2026-09-03T08:35:00,2026-09-03T08:55:00,23,97,98,M/F Christine,crossing-normal,False
2026-09-01T11:29:57Z,2026-09-03,414,Fejø > Kragenæs,3750242,2026-09-03T09:20:00,2026-09-03T09:40:00,23,97,98,M/F Christine,crossing-normal,False
2026-09-01T11:29:57Z,2026-09-03,414,Fejø > Kragenæs,3750306,2026-09-03T10:10:00,2026-09-03T10:30:00,20,90,98,M/F Christine,crossing-normal,False
2026-09-01T11:29:57Z,2026-09-03,414,Fejø > Kragenæs,3750370,2026-09-03T11:10:00,2026-09-03T11:30:00,24,98,98,M/F Christine,crossing-normal,False
2026-09-01T11:29:57Z,2026-09-03,414,Fejø > Kragenæs,3750434,2026-09-03T12:20:00,2026-09-03T12:40:00,22,96,98,M/F Christine,crossing-normal,False
2026-09-01T11:29:57Z,2026-09-03,414,Fejø > Kragenæs,3750498,2026-09-03T13:10:00,2026-09-03T13:30:00,23,96,98,M/F Christine,crossing-normal,False
2026-09-01T11:29:57Z,2026-09-03,414,Fejø > Kragenæs,3750562,2026-09-03T14:10:00,2026-09-03T14:30:00,24,96,98,M/F Christine,crossing-normal,False
2026-09-01T11:29:57Z,2026-09-03,414,Fejø > Kragenæs,3750626,2026-09-03T15:10:00,2026-09-03T15:30:00,19,93,98,M/F Christine,crossing-normal,False
2026-09-01T11:29:57Z,2026-09-03,414,Fejø > Kragenæs,3750690,2026-09-03T16:10:00,2026-09-03T16:30:00,24,98,98,M/F Christine,crossing-normal,False
2026-09-01T11:29:57Z,2026-09-03,414,Fejø > Kragenæs,3750754,2026-09-03T16:50:00,2026-09-03T17:10:00,24,97,98,M/F Christine,crossing-normal,False
2026-09-01T11:29:57Z,2026-09-03,414,Fejø > Kragenæs,3750818,2026-09-03T17:30:00,2026-09-03T17:50:00,23,96,98,M/F Christine,crossing-normal,False
2026-09-01T11:29:57Z,2026-09-03,414,Fejø > Kragenæs,3750882,2026-09-03T18:20:00,2026-09-03T18:40:00,24,98,98,M/F Christine,crossing-normal,False
2026-09-01T11:29:57Z,2026-09-03,414,Fejø > Kragenæs,3750946,2026-09-03T19:45:00,2026-09-03T20:05:00,24,98,98,M/F Christine,crossing-normal,False
2026-09-01T11:29:57Z,2026-09-03,414,Fejø > Kragenæs,3751010,2026-09-03T20:30:00,2026-09-03T20:50:00,24,98,98,M/F Christine,crossing-normal,False
2026-09-01T11:29:57Z,2026-09-03,414,Fejø > Kragenæs,3751075,2026-09-03T21:45:00,2026-09-03T22:05:00,23,97,98,M/F Christine,crossing-normal,False
2026-09-01T11:29:57Z,2026-09-04,411,Kragenæs > Femø,3748044,2026-09-04T07:05:00,2026-09-04T08:00:00,10,97,98,M/F Femøsund,crossing-normal,False
2026-09-01T11:29:57Z,2026-09-04,411,Kragenæs > Femø,3748123,2026-09-04T09:25:00,2026-09-04T10:20:00,11,93,98,M/F Femøsund,crossing-normal,False
2026-09-01T11:29:57Z,2026-09-04,411,Kragenæs > Femø,3770076,2026-09-04T13:25:00,2026-09-04T14:20:00,5,84,98,M/F Femøsund,crossing-normal,False
2026-09-01T11:29:57Z,2026-09-04,411,Kragenæs > Femø,3770184,2026-09-04T17:15:00,2026-09-04T18:10:00,0,60,98,M/F Femøsund,crossing-almost-fully-booked,False
2026-09-01T11:29:57Z,2026-09-04,411,Kragenæs > Femø,3770292,2026-09-04T21:05:00,2026-09-04T22:00:00,10,88,98,M/F Femøsund,crossing-normal,False
2026-09-01T11:29:57Z,2026-09-04,411,Femø > Kragenæs,3747491,2026-09-04T06:00:00,2026-09-04T06:55:00,12,93,98,M/F Femøsund,crossing-normal,False
2026-09-01T11:29:57Z,2026-09-04,411,Femø > Kragenæs,3747570,2026-09-04T08:15:00,2026-09-04T09:10:00,11,90,98,M/F Femøsund,crossing-normal,False
2026-09-01T11:29:57Z,2026-09-04,411,Femø > Kragenæs,3747649,2026-09-04T10:30:00,2026-09-04T11:25:00,7,88,98,M/F Femøsund,crossing-normal,False
2026-09-01T11:29:57Z,2026-09-04,411,Femø > Kragenæs,3770103,2026-09-04T14:25:00,2026-09-04T15:20:00,13,94,98,M/F Femøsund,crossing-normal,False
2026-09-01T11:29:57Z,2026-09-04,411,Femø > Kragenæs,3770211,2026-09-04T18:15:00,2026-09-04T19:10:00,15,98,98,M/F Femøsund,crossing-normal,False
2026-09-01T11:29:57Z,2026-09-04,413,Kragenæs > Askø,3747172,2026-09-04T06:40:00,2026-09-04T07:20:00,13,95,95,M/F Askø,crossing-normal,False
2026-09-01T11:29:57Z,2026-09-04,413,Kragenæs > Askø,3747188,2026-09-04T08:55:00,2026-09-04T09:35:00,7,91,95,M/F Askø,crossing-normal,False
2026-09-01T11:29:57Z,2026-09-04,413,Kragenæs > Askø,3770022,2026-09-04T11:45:00,2026-09-04T12:25:00,4,82,98,M/F Femøsund,crossing-normal,False
2026-09-01T11:29:57Z,2026-09-04,413,Kragenæs > Askø,3770130,2026-09-04T15:35:00,2026-09-04T16:15:00,8,83,98,M/F Femøsund,crossing-normal,False
2026-09-01T11:29:57Z,2026-09-04,413,Kragenæs > Askø,3770238,2026-09-04T19:25:00,2026-09-04T20:05:00,3,67,98,M/F Femøsund,crossing-normal,False
2026-09-01T11:29:57Z,2026-09-04,413,Askø > Kragenæs,3747300,2026-09-04T07:30:00,2026-09-04T08:10:00,9,88,95,M/F Askø,crossing-normal,False
2026-09-01T11:29:57Z,2026-09-04,413,Askø > Kragenæs,3747316,2026-09-04T10:00:00,2026-09-04T10:40:00,6,87,95,"Der sejles til Bandholm, billetteres som til Kragenæs",crossing-comment,False
2026-09-01T11:29:57Z,2026-09-04,413,Askø > Kragenæs,3770049,2026-09-04T12:30:00,2026-09-04T13:10:00,13,95,98,M/F Femøsund,crossing-normal,False
2026-09-01T11:29:57Z,2026-09-04,413,Askø > Kragenæs,3770157,2026-09-04T16:20:00,2026-09-04T17:00:00,14,95,98,M/F Femøsund,crossing-normal,False
2026-09-01T11:29:57Z,2026-09-04,413,Askø > Kragenæs,3770265,2026-09-04T20:10:00,2026-09-04T20:50:00,15,98,98,M/F Femøsund,crossing-normal,False
2026-09-01T11:29:57Z,2026-09-04,414,Kragenæs > Fejø,3751475,2026-09-04T05:45:00,2026-09-04T06:05:00,24,97,98,M/F Christine,crossing-normal,False
2026-09-01T11:29:57Z,2026-09-04,414,Kragenæs > Fejø,3751555,2026-09-04T06:25:00,2026-09-04T06:45:00,22,98,98,M/F Christine,crossing-normal,False
2026-09-01T11:29:57Z,2026-09-04,414,Kragenæs > Fejø,3751635,2026-09-04T07:10:00,2026-09-04T07:30:00,24,97,98,M/F Christine,crossing-normal,False
2026-09-01T11:29:57Z,2026-09-04,414,Kragenæs > Fejø,3751715,2026-09-04T07:55:00,2026-09-04T08:15:00,23,97,98,M/F Christine,crossing-normal,False
2026-09-01T11:29:57Z,2026-09-04,414,Kragenæs > Fejø,3751795,2026-09-04T09:00:00,2026-09-04T09:20:00,24,98,98,M/F Christine,crossing-normal,False
2026-09-01T11:29:57Z,2026-09-04,414,Kragenæs > Fejø,3751875,2026-09-04T09:50:00,2026-09-04T10:10:00,20,97,98,M/F Christine,crossing-normal,False
2026-09-01T11:29:57Z,2026-09-04,414,Kragenæs > Fejø,3751955,2026-09-04T10:45:00,2026-09-04T11:05:00,23,89,98,M/F Christine,crossing-normal,False
2026-09-01T11:29:57Z,2026-09-04,414,Kragenæs > Fejø,3761235,2026-09-04T11:50:00,2026-09-04T12:10:00,21,94,98,M/F Christine,crossing-normal,False
2026-09-01T11:29:57Z,2026-09-04,414,Kragenæs > Fejø,3761272,2026-09-04T12:50:00,2026-09-04T13:10:00,24,98,98,M/F Christine,crossing-normal,False
2026-09-01T11:29:57Z,2026-09-04,414,Kragenæs > Fejø,3761309,2026-09-04T13:50:00,2026-09-04T14:10:00,22,94,98,M/F Christine,crossing-normal,False
2026-09-01T11:29:57Z,2026-09-04,414,Kragenæs > Fejø,3761346,2026-09-04T14:50:00,2026-09-04T15:10:00,22,94,98,M/F Christine,crossing-normal,False
2026-09-01T11:29:57Z,2026-09-04,414,Kragenæs > Fejø,3761383,2026-09-04T15:50:00,2026-09-04T16:10:00,22,96,98,M/F Christine,crossing-normal,False
2026-09-01T11:29:57Z,2026-09-04,414,Kragenæs > Fejø,3769443,2026-09-04T16:50:00,2026-09-04T17:10:00,22,94,98,M/F Christine,crossing-normal,False
2026-09-01T11:29:57Z,2026-09-04,414,Kragenæs > Fejø,3761457,2026-09-04T17:50:00,2026-09-04T18:10:00,22,93,98,M/F Christine,crossing-normal,False
2026-09-01T11:29:57Z,2026-09-04,414,Kragenæs > Fejø,3761494,2026-09-04T18:50:00,2026-09-04T19:10:00,24,98,98,M/F Christine,crossing-normal,False
2026-09-01T11:29:57Z,2026-09-04,414,Kragenæs > Fejø,3761531,2026-09-04T19:40:00,2026-09-04T20:00:00,24,98,98,M/F Christine,crossing-normal,False
2026-09-01T11:29:57Z,2026-09-04,414,Kragenæs > Fejø,3761568,2026-09-04T20:30:00,2026-09-04T20:50:00,24,98,98,M/F Christine,crossing-normal,False
2026-09-01T11:29:57Z,2026-09-04,414,Kragenæs > Fejø,3769449,2026-09-04T21:20:00,2026-09-04T21:40:00,24,98,98,M/F Christine,crossing-normal,False
2026-09-01T11:29:57Z,2026-09-04,414,Kragenæs > Fejø,3761605,2026-09-04T22:10:00,2026-09-04T22:30:00,23,97,98,M/F Christine,crossing-normal,False
2026-09-01T11:29:57Z,2026-09-04,414,Fejø > Kragenæs,3751091,2026-09-04T05:25:00,2026-09-04T05:45:00,24,97,98,M/F Christine,crossing-normal,False
2026-09-01T11:29:57Z,2026-09-04,414,Fejø > Kragenæs,3751107,2026-09-04T06:05:00,2026-09-04T06:25:00,22,96,98,M/F Christine,crossing-normal,False
2026-09-01T11:29:57Z,2026-09-04,414,Fejø > Kragenæs,3751123,2026-09-04T06:45:00,2026-09-04T07:05:00,23,97,98,M/F Christine,crossing-normal,False
2026-09-01T11:29:57Z,2026-09-04,414,Fejø > Kragenæs,3751139,2026-09-04T07:30:00,2026-09-04T07:50:00,22,92,98,M/F Christine,crossing-normal,False
2026-09-01T11:29:57Z,2026-09-04,414,Fejø > Kragenæs,3751155,2026-09-04T08:35:00,2026-09-04T08:55:00,18,91,98,M/F Christine,crossing-normal,False
2026-09-01T11:29:57Z,2026-09-04,414,Fejø > Kragenæs,3751171,2026-09-04T09:20:00,2026-09-04T09:40:00,24,98,98,M/F Christine,crossing-normal,False
2026-09-01T11:29:57Z,2026-09-04,414,Fejø > Kragenæs,3751187,2026-09-04T10:10:00,2026-09-04T10:30:00,24,98,98,M/F Christine,crossing-normal,False
2026-09-01T11:29:57Z,2026-09-04,414,Fejø > Kragenæs,3751203,2026-09-04T11:10:00,2026-09-04T11:30:00,20,97,98,M/F Christine,crossing-normal,False
2026-09-01T11:29:57Z,2026-09-04,414,Fejø > Kragenæs,3760490,2026-09-04T12:15:00,2026-09-04T12:35:00,22,95,98,M/F Christine,crossing-normal,False
2026-09-01T11:29:57Z,2026-09-04,414,Fejø > Kragenæs,3760643,2026-09-04T13:15:00,2026-09-04T13:35:00,24,98,98,M/F Christine,crossing-normal,False
2026-09-01T11:29:57Z,2026-09-04,414,Fejø > Kragenæs,3760680,2026-09-04T14:15:00,2026-09-04T14:35:00,24,98,98,M/F Christine,crossing-normal,False
2026-09-01T11:29:57Z,2026-09-04,414,Fejø > Kragenæs,3760717,2026-09-04T15:15:00,2026-09-04T15:35:00,24,98,98,M/F Christine,crossing-normal,False
2026-09-01T11:29:57Z,2026-09-04,414,Fejø > Kragenæs,3760754,2026-09-04T16:15:00,2026-09-04T16:35:00,24,98,98,M/F Christine,crossing-normal,False
2026-09-01T11:29:57Z,2026-09-04,414,Fejø > Kragenæs,3769425,2026-09-04T17:15:00,2026-09-04T17:35:00,24,97,98,M/F Christine,crossing-normal,False
2026-09-01T11:29:57Z,2026-09-04,414,Fejø > Kragenæs,3760828,2026-09-04T18:15:00,2026-09-04T18:35:00,24,98,98,M/F Christine,crossing-normal,False
2026-09-01T11:29:57Z,2026-09-04,414,Fejø > Kragenæs,3760865,2026-09-04T19:15:00,2026-09-04T19:35:00,24,98,98,M/F Christine,crossing-normal,False
2026-09-01T11:29:57Z,2026-09-04,414,Fejø > Kragenæs,3760902,2026-09-04T20:05:00,2026-09-04T20:25:00,24,97,98,M/F Christine,crossing-normal,False
2026-09-01T11:29:57Z,2026-09-04,414,Fejø > Kragenæs,3769431,2026-09-04T20:55:00,2026-09-04T21:15:00,24,98,98,M/F Christine,crossing-normal,False
2026-09-01T11:29:57Z,2026-09-04,414,Fejø > Kragenæs,3760939,2026-09-04T21:45:00,2026-09-04T22:05:00,23,97,98,M/F Christine,crossing-normal,False
2026-09-01T11:29:57Z,2026-09-05,411,Kragenæs > Femø,3769915,2026-09-05T08:50:00,2026-09-05T09:45:00,6,72,98,M/F Femøsund,crossing-normal,False
2026-09-01T11:29:57Z,2026-09-05,411,Kragenæs > Femø,3770077,2026-09-05T13:25:00,2026-09-05T14:20:00,9,82,98,M/F Femøsund,crossing-normal,False
2026-09-01T11:29:57Z,2026-09-05,411,Kragenæs > Femø,3770185,2026-09-05T17:15:00,2026-09-05T18:10:00,13,94,98,M/F Femøsund,crossing-normal,False
2026-09-01T11:29:57Z,2026-09-05,411,Kragenæs > Femø,3770293,2026-09-05T21:05:00,2026-09-05T22:00:00,15,98,98,M/F Femøsund,crossing-normal,False
2026-09-01T11:29:57Z,2026-09-05,411,Femø > Kragenæs,3769888,2026-09-05T06:00:00,2026-09-05T06:55:00,13,95,98,M/F Femøsund,crossing-normal,False
2026-09-01T11:29:57Z,2026-09-05,411,Femø > Kragenæs,3769942,2026-09-05T09:50:00,2026-09-05T10:45:00,8,90,98,M/F Femøsund,crossing-normal,False
2026-09-01T11:29:57Z,2026-09-05,411,Femø > Kragenæs,3770104,2026-09-05T14:25:00,2026-09-05T15:20:00,14,95,98,M/F Femøsund,crossing-normal,False
2026-09-01T11:29:57Z,2026-09-05,411,Femø > Kragenæs,3770212,2026-09-05T18:15:00,2026-09-05T19:10:00,11,85,98,M/F Femøsund,crossing-normal,False
2026-09-01T11:29:57Z,2026-09-05,413,Kragenæs > Askø,3769969,2026-09-05T07:10:00,2026-09-05T07:50:00,15,97,98,M/F Femøsund,crossing-normal,False
2026-09-01T11:29:57Z,2026-09-05,413,Kragenæs > Askø,3770023,2026-09-05T11:45:00,2026-09-05T12:25:00,13,94,98,M/F Femøsund,crossing-normal,False
2026-09-01T11:29:57Z,2026-09-05,413,Kragenæs > Askø,3770131,2026-09-05T15:35:00,2026-09-05T16:15:00,15,98,98,M/F Femøsund,crossing-normal,False
2026-09-01T11:29:57Z,2026-09-05,413,Kragenæs > Askø,3770239,2026-09-05T19:25:00,2026-09-05T20:05:00,15,96,98,M/F Femøsund,crossing-normal,False
2026-09-01T11:29:57Z,2026-09-05,413,Askø > Kragenæs,3769996,2026-09-05T07:55:00,2026-09-05T08:35:00,15,96,98,M/F Femøsund,crossing-normal,False
2026-09-01T11:29:57Z,2026-09-05,413,Askø > Kragenæs,3770050,2026-09-05T12:30:00,2026-09-05T13:10:00,12,92,98,M/F Femøsund,crossing-normal,False
2026-09-01T11:29:57Z,2026-09-05,413,Askø > Kragenæs,3770158,2026-09-05T16:20:00,2026-09-05T17:00:00,15,98,98,M/F Femøsund,crossing-normal,False
2026-09-01T11:29:57Z,2026-09-05,413,Askø > Kragenæs,3770266,2026-09-05T20:10:00,2026-09-05T20:50:00,15,98,98,M/F Femøsund,crossing-normal,False
2026-09-01T11:29:57Z,2026-09-05,414,Kragenæs > Fejø,3760977,2026-09-05T06:05:00,2026-09-05T06:25:00,24,98,98,M/F Christine,crossing-normal,False
2026-09-01T11:29:57Z,2026-09-05,414,Kragenæs > Fejø,3761051,2026-09-05T07:05:00,2026-09-05T07:25:00,24,98,98,M/F Christine,crossing-normal,False
2026-09-01T11:29:57Z,2026-09-05,414,Kragenæs > Fejø,3761088,2026-09-05T08:00:00,2026-09-05T08:20:00,24,97,98,M/F Christine,crossing-normal,False
2026-09-01T11:29:57Z,2026-09-05,414,Kragenæs > Fejø,3761125,2026-09-05T09:05:00,2026-09-05T09:25:00,22,94,98,M/F Christine,crossing-normal,False
2026-09-01T11:29:57Z,2026-09-05,414,Kragenæs > Fejø,3769438,2026-09-05T10:05:00,2026-09-05T10:25:00,22,86,98,M/F Christine,crossing-normal,False
2026-09-01T11:29:57Z,2026-09-05,414,Kragenæs > Fejø,3761236,2026-09-05T11:50:00,2026-09-05T12:10:00,22,95,98,M/F Christine,crossing-normal,False
2026-09-01T11:29:57Z,2026-09-05,414,Kragenæs > Fejø,3761273,2026-09-05T12:50:00,2026-09-05T13:10:00,23,97,98,M/F Christine,crossing-normal,False
2026-09-01T11:29:57Z,2026-09-05,414,Kragenæs > Fejø,3761310,2026-09-05T13:50:00,2026-09-05T14:10:00,22,90,98,M/F Christine,crossing-normal,False
2026-09-01T11:29:57Z,2026-09-05,414,Kragenæs > Fejø,3761347,2026-09-05T14:50:00,2026-09-05T15:10:00,24,98,98,M/F Christine,crossing-normal,False
2026-09-01T11:29:57Z,2026-09-05,414,Kragenæs > Fejø,3761384,2026-09-05T15:50:00,2026-09-05T16:10:00,22,95,98,M/F Christine,crossing-normal,False
2026-09-01T11:29:57Z,2026-09-05,414,Kragenæs > Fejø,3769444,2026-09-05T16:50:00,2026-09-05T17:10:00,24,98,98,M/F Christine,crossing-normal,False
2026-09-01T11:29:57Z,2026-09-05,414,Kragenæs > Fejø,3761458,2026-09-05T17:50:00,2026-09-05T18:10:00,24,98,98,M/F Christine,crossing-normal,False
2026-09-01T11:29:57Z,2026-09-05,414,Kragenæs > Fejø,3761495,2026-09-05T18:50:00,2026-09-05T19:10:00,24,98,98,M/F Christine,crossing-normal,False
2026-09-01T11:29:57Z,2026-09-05,414,Kragenæs > Fejø,3761532,2026-09-05T19:40:00,2026-09-05T20:00:00,24,98,98,M/F Christine,crossing-normal,False
2026-09-01T11:29:57Z,2026-09-05,414,Kragenæs > Fejø,3761569,2026-09-05T20:30:00,2026-09-05T20:50:00,24,98,98,M/F Christine,crossing-normal,False
2026-09-01T11:29:57Z,2026-09-05,414,Kragenæs > Fejø,3769450,2026-09-05T21:20:00,2026-09-05T21:40:00,24,98,98,M/F Christine,crossing-normal,False
2026-09-01T11:29:57Z,2026-09-05,414,Kragenæs > Fejø,3761606,2026-09-05T22:10:00,2026-09-05T22:30:00,23,97,98,M/F Christine,crossing-normal,False
2026-09-01T11:29:57Z,2026-09-05,414,Fejø > Kragenæs,3760195,2026-09-05T05:30:00,2026-09-05T05:50:00,23,96,98,M/F Christine,crossing-normal,False
2026-09-01T11:29:57Z,2026-09-05,414,Fejø > Kragenæs,3760232,2026-09-05T06:35:00,2026-09-05T06:55:00,23,97,98,M/F Christine,crossing-normal,False
2026-09-01T11:29:57Z,2026-09-05,414,Fejø > Kragenæs,3760454,2026-09-05T07:30:00,2026-09-05T07:50:00,24,98,98,M/F Christine,crossing-normal,False
2026-09-01T11:29:57Z,2026-09-05,414,Fejø > Kragenæs,3760306,2026-09-05T08:30:00,2026-09-05T08:50:00,23,96,98,M/F Christine,crossing-normal,False
2026-09-01T11:29:57Z,2026-09-05,414,Fejø > Kragenæs,3760343,2026-09-05T09:30:00,2026-09-05T09:50:00,24,98,98,M/F Christine,crossing-normal,False
2026-09-01T11:29:57Z,2026-09-05,414,Fejø > Kragenæs,3769420,2026-09-05T10:30:00,2026-09-05T10:50:00,23,94,98,M/F Christine,crossing-normal,False
2026-09-01T11:29:57Z,2026-09-05,414,Fejø > Kragenæs,3760491,2026-09-05T12:15:00,2026-09-05T12:35:00,23,97,98,M/F Christine,crossing-normal,False
2026-09-01T11:29:57Z,2026-09-05,414,Fejø > Kragenæs,3760644,2026-09-05T13:15:00,2026-09-05T13:35:00,24,98,98,M/F Christine,crossing-normal,False
2026-09-01T11:29:57Z,2026-09-05,414,Fejø > Kragenæs,3760681,2026-09-05T14:15:00,2026-09-05T14:35:00,24,98,98,M/F Christine,crossing-normal,False
2026-09-01T11:29:57Z,2026-09-05,414,Fejø > Kragenæs,3760718,2026-09-05T15:15:00,2026-09-05T15:35:00,23,97,98,M/F Christine,crossing-normal,False
2026-09-01T11:29:57Z,2026-09-05,414,Fejø > Kragenæs,3760755,2026-09-05T16:15:00,2026-09-05T16:35:00,24,92,98,M/F Christine,crossing-normal,False
2026-09-01T11:29:57Z,2026-09-05,414,Fejø > Kragenæs,3769426,2026-09-05T17:15:00,2026-09-05T17:35:00,22,91,98,M/F Christine,crossing-normal,False
2026-09-01T11:29:57Z,2026-09-05,414,Fejø > Kragenæs,3760829,2026-09-05T18:15:00,2026-09-05T18:35:00,23,96,98,M/F Christine,crossing-normal,False
2026-09-01T11:29:57Z,2026-09-05,414,Fejø > Kragenæs,3760866,2026-09-05T19:15:00,2026-09-05T19:35:00,24,98,98,M/F Christine,crossing-normal,False
2026-09-01T11:29:57Z,2026-09-05,414,Fejø > Kragenæs,3760903,2026-09-05T20:05:00,2026-09-05T20:25:00,24,97,98,M/F Christine,crossing-normal,False
2026-09-01T11:29:57Z,2026-09-05,414,Fejø > Kragenæs,3769432,2026-09-05T20:55:00,2026-09-05T21:15:00,24,98,98,M/F Christine,crossing-normal,False
2026-09-01T11:29:57Z,2026-09-05,414,Fejø > Kragenæs,3760940,2026-09-05T21:45:00,2026-09-05T22:05:00,23,97,98,M/F Christine,crossing-normal,False
2026-09-01T11:29:57Z,2026-09-06,411,Kragenæs > Femø,3769916,2026-09-06T08:50:00,2026-09-06T09:45:00,15,96,98,M/F Femøsund,crossing-normal,False
2026-09-01T11:29:57Z,2026-09-06,411,Kragenæs > Femø,3770078,2026-09-06T13:25:00,2026-09-06T14:20:00,14,97,98,M/F Femøsund,crossing-normal,False
2026-09-01T11:29:57Z,2026-09-06,411,Kragenæs > Femø,3770186,2026-09-06T17:15:00,2026-09-06T18:10:00,9,93,98,M/F Femøsund,crossing-normal,False
2026-09-01T11:29:57Z,2026-09-06,411,Kragenæs > Femø,3770294,2026-09-06T21:05:00,2026-09-06T22:00:00,14,96,98,M/F Femøsund,crossing-normal,False
2026-09-01T11:29:57Z,2026-09-06,411,Femø > Kragenæs,3769889,2026-09-06T06:00:00,2026-09-06T06:55:00,10,94,98,M/F Femøsund,crossing-normal,False
2026-09-01T11:29:57Z,2026-09-06,411,Femø > Kragenæs,3769943,2026-09-06T09:50:00,2026-09-06T10:45:00,6,76,98,M/F Femøsund,crossing-normal,False
2026-09-01T11:29:57Z,2026-09-06,411,Femø > Kragenæs,3770105,2026-09-06T14:25:00,2026-09-06T15:20:00,4,58,98,M/F Femøsund,crossing-normal,False
2026-09-01T11:29:57Z,2026-09-06,411,Femø > Kragenæs,3770213,2026-09-06T18:15:00,2026-09-06T19:10:00,10,86,98,M/F Femøsund,crossing-normal,False
2026-09-01T11:29:57Z,2026-09-06,413,Kragenæs > Askø,3769970,2026-09-06T07:10:00,2026-09-06T07:50:00,14,97,98,M/F Femøsund,crossing-normal,False
2026-09-01T11:29:57Z,2026-09-06,413,Kragenæs > Askø,3770024,2026-09-06T11:45:00,2026-09-06T12:25:00,15,98,98,M/F Femøsund,crossing-normal,False
2026-09-01T11:29:57Z,2026-09-06,413,Kragenæs > Askø,3770132,2026-09-06T15:35:00,2026-09-06T16:15:00,15,98,98,M/F Femøsund,crossing-normal,False
2026-09-01T11:29:57Z,2026-09-06,413,Kragenæs > Askø,3770240,2026-09-06T19:25:00,2026-09-06T20:05:00,13,95,98,M/F Femøsund,crossing-normal,False
2026-09-01T11:29:57Z,2026-09-06,413,Askø > Kragenæs,3769997,2026-09-06T07:55:00,2026-09-06T08:35:00,12,92,98,M/F Femøsund,crossing-normal,False
2026-09-01T11:29:57Z,2026-09-06,413,Askø > Kragenæs,3770051,2026-09-06T12:30:00,2026-09-06T13:10:00,1,62,98,M/F Femøsund,crossing-almost-fully-booked,False
2026-09-01T11:29:57Z,2026-09-06,413,Askø > Kragenæs,3770159,2026-09-06T16:20:00,2026-09-06T17:00:00,1,70,98,M/F Femøsund,crossing-almost-fully-booked,False
2026-09-01T11:29:57Z,2026-09-06,413,Askø > Kragenæs,3770267,2026-09-06T20:10:00,2026-09-06T20:50:00,14,96,98,M/F Femøsund,crossing-normal,False
2026-09-01T11:29:57Z,2026-09-06,414,Kragenæs > Fejø,3760978,2026-09-06T06:05:00,2026-09-06T06:25:00,24,98,98,M/F Christine,crossing-normal,False
2026-09-01T11:29:57Z,2026-09-06,414,Kragenæs > Fejø,3761052,2026-09-06T07:05:00,2026-09-06T07:25:00,24,98,98,M/F Christine,crossing-normal,False
2026-09-01T11:29:57Z,2026-09-06,414,Kragenæs > Fejø,3761089,2026-09-06T08:00:00,2026-09-06T08:20:00,24,98,98,M/F Christine,crossing-normal,False
2026-09-01T11:29:57Z,2026-09-06,414,Kragenæs > Fejø,3761126,2026-09-06T09:05:00,2026-09-06T09:25:00,23,97,98,M/F Christine,crossing-normal,False
2026-09-01T11:29:57Z,2026-09-06,414,Kragenæs > Fejø,3769439,2026-09-06T10:05:00,2026-09-06T10:25:00,23,96,98,M/F Christine,crossing-normal,False
2026-09-01T11:29:57Z,2026-09-06,414,Kragenæs > Fejø,3761237,2026-09-06T11:50:00,2026-09-06T12:10:00,24,98,98,M/F Christine,crossing-normal,False
2026-09-01T11:29:57Z,2026-09-06,414,Kragenæs > Fejø,3761274,2026-09-06T12:50:00,2026-09-06T13:10:00,24,98,98,M/F Christine,crossing-normal,False
2026-09-01T11:29:57Z,2026-09-06,414,Kragenæs > Fejø,3761311,2026-09-06T13:50:00,2026-09-06T14:10:00,23,97,98,M/F Christine,crossing-normal,False
2026-09-01T11:29:57Z,2026-09-06,414,Kragenæs > Fejø,3761348,2026-09-06T14:50:00,2026-09-06T15:10:00,24,98,98,M/F Christine,crossing-normal,False
2026-09-01T11:29:57Z,2026-09-06,414,Kragenæs > Fejø,3761385,2026-09-06T15:50:00,2026-09-06T16:10:00,22,96,98,M/F Christine,crossing-normal,False
2026-09-01T11:29:57Z,2026-09-06,414,Kragenæs > Fejø,3769445,2026-09-06T16:50:00,2026-09-06T17:10:00,24,98,98,M/F Christine,crossing-normal,False
2026-09-01T11:29:57Z,2026-09-06,414,Kragenæs > Fejø,3761459,2026-09-06T17:50:00,2026-09-06T18:10:00,24,98,98,M/F Christine,crossing-normal,False
2026-09-01T11:29:57Z,2026-09-06,414,Kragenæs > Fejø,3761496,2026-09-06T18:50:00,2026-09-06T19:10:00,24,98,98,M/F Christine,crossing-normal,False
2026-09-01T11:29:57Z,2026-09-06,414,Kragenæs > Fejø,3761533,2026-09-06T19:40:00,2026-09-06T20:00:00,24,98,98,M/F Christine,crossing-normal,False
2026-09-01T11:29:57Z,2026-09-06,414,Kragenæs > Fejø,3761570,2026-09-06T20:30:00,2026-09-06T20:50:00,23,96,98,M/F Christine,crossing-normal,False
2026-09-01T11:29:57Z,2026-09-06,414,Kragenæs > Fejø,3769451,2026-09-06T21:20:00,2026-09-06T21:40:00,24,98,98,M/F Christine,crossing-normal,False
2026-09-01T11:29:57Z,2026-09-06,414,Kragenæs > Fejø,3761607,2026-09-06T22:10:00,2026-09-06T22:30:00,23,97,98,M/F Christine,crossing-normal,False
2026-09-01T11:29:57Z,2026-09-06,414,Fejø > Kragenæs,3760196,2026-09-06T05:30:00,2026-09-06T05:50:00,23,97,98,M/F Christine,crossing-normal,False
2026-09-01T11:29:57Z,2026-09-06,414,Fejø > Kragenæs,3760233,2026-09-06T06:35:00,2026-09-06T06:55:00,23,97,98,M/F Christine,crossing-normal,False
2026-09-01T11:29:57Z,2026-09-06,414,Fejø > Kragenæs,3760455,2026-09-06T07:30:00,2026-09-06T07:50:00,23,96,98,M/F Christine,crossing-normal,False
2026-09-01T11:29:57Z,2026-09-06,414,Fejø > Kragenæs,3760307,2026-09-06T08:30:00,2026-09-06T08:50:00,24,98,98,M/F Christine,crossing-normal,False
2026-09-01T11:29:57Z,2026-09-06,414,Fejø > Kragenæs,3760344,2026-09-06T09:30:00,2026-09-06T09:50:00,24,98,98,M/F Christine,crossing-normal,False
2026-09-01T11:29:57Z,2026-09-06,414,Fejø > Kragenæs,3769421,2026-09-06T10:30:00,2026-09-06T10:50:00,21,96,98,M/F Christine,crossing-normal,False
2026-09-01T11:29:57Z,2026-09-06,414,Fejø > Kragenæs,3760492,2026-09-06T12:15:00,2026-09-06T12:35:00,22,93,98,M/F Christine,crossing-normal,False
2026-09-01T11:29:57Z,2026-09-06,414,Fejø > Kragenæs,3760645,2026-09-06T13:15:00,2026-09-06T13:35:00,23,94,98,M/F Christine,crossing-normal,False
2026-09-01T11:29:57Z,2026-09-06,414,Fejø > Kragenæs,3760682,2026-09-06T14:15:00,2026-09-06T14:35:00,21,91,98,M/F Christine,crossing-normal,False
2026-09-01T11:29:57Z,2026-09-06,414,Fejø > Kragenæs,3760719,2026-09-06T15:15:00,2026-09-06T15:35:00,22,93,98,M/F Christine,crossing-normal,False
2026-09-01T11:29:57Z,2026-09-06,414,Fejø > Kragenæs,3760756,2026-09-06T16:15:00,2026-09-06T16:35:00,23,96,98,M/F Christine,crossing-normal,False
2026-09-01T11:29:57Z,2026-09-06,414,Fejø > Kragenæs,3769427,2026-09-06T17:15:00,2026-09-06T17:35:00,23,96,98,M/F Christine,crossing-normal,False
2026-09-01T11:29:57Z,2026-09-06,414,Fejø > Kragenæs,3760830,2026-09-06T18:15:00,2026-09-06T18:35:00,24,98,98,M/F Christine,crossing-normal,False
2026-09-01T11:29:57Z,2026-09-06,414,Fejø > Kragenæs,3760867,2026-09-06T19:15:00,2026-09-06T19:35:00,24,98,98,M/F Christine,crossing-normal,False
2026-09-01T11:29:57Z,2026-09-06,414,Fejø > Kragenæs,3760904,2026-09-06T20:05:00,2026-09-06T20:25:00,24,98,98,M/F Christine,crossing-normal,False
2026-09-01T11:29:57Z,2026-09-06,414,Fejø > Kragenæs,3769433,2026-09-06T20:55:00,2026-09-06T21:15:00,24,98,98,M/F Christine,crossing-normal,False
2026-09-01T11:29:57Z,2026-09-06,414,Fejø > Kragenæs,3760941,2026-09-06T21:45:00,2026-09-06T22:05:00,23,97,98,M/F Christine,crossing-normal,False
2026-09-01T11:29:57Z,2026-09-07,411,Kragenæs > Femø,3769917,2026-09-07T08:50:00,2026-09-07T09:45:00,9,94,98,M/F Femøsund,crossing-normal,False
2026-09-01T11:29:57Z,2026-09-07,411,Kragenæs > Femø,3770079,2026-09-07T13:25:00,2026-09-07T14:20:00,14,95,98,M/F Femøsund,crossing-normal,False
2026-09-01T11:29:57Z,2026-09-07,411,Kragenæs > Femø,3770187,2026-09-07T17:15:00,2026-09-07T18:10:00,12,95,98,M/F Femøsund,crossing-normal,False
2026-09-01T11:29:57Z,2026-09-07,411,Kragenæs > Femø,3770295,2026-09-07T21:05:00,2026-09-07T22:00:00,15,98,98,M/F Femøsund,crossing-normal,False
2026-09-01T11:29:57Z,2026-09-07,411,Femø > Kragenæs,3769890,2026-09-07T06:00:00,2026-09-07T06:55:00,12,95,98,M/F Femøsund,crossing-normal,False
2026-09-01T11:29:57Z,2026-09-07,411,Femø > Kragenæs,3769944,2026-09-07T09:50:00,2026-09-07T10:45:00,9,88,98,M/F Femøsund,crossing-normal,False
2026-09-01T11:29:57Z,2026-09-07,411,Femø > Kragenæs,3770106,2026-09-07T14:25:00,2026-09-07T15:20:00,12,98,98,M/F Femøsund,crossing-normal,False
2026-09-01T11:29:57Z,2026-09-07,411,Femø > Kragenæs,3770214,2026-09-07T18:15:00,2026-09-07T19:10:00,14,95,98,M/F Femøsund,crossing-normal,False
2026-09-01T11:29:57Z,2026-09-07,413,Kragenæs > Askø,3769971,2026-09-07T07:10:00,2026-09-07T07:50:00,15,98,98,M/F Femøsund,crossing-normal,False
2026-09-01T11:29:57Z,2026-09-07,413,Kragenæs > Askø,3770025,2026-09-07T11:45:00,2026-09-07T12:25:00,15,98,98,M/F Femøsund,crossing-normal,False
2026-09-01T11:29:57Z,2026-09-07,413,Kragenæs > Askø,3770133,2026-09-07T15:35:00,2026-09-07T16:15:00,15,98,98,M/F Femøsund,crossing-normal,False
2026-09-01T11:29:57Z,2026-09-07,413,Kragenæs > Askø,3770241,2026-09-07T19:25:00,2026-09-07T20:05:00,15,98,98,M/F Femøsund,crossing-normal,False
2026-09-01T11:29:57Z,2026-09-07,413,Askø > Kragenæs,3769998,2026-09-07T07:55:00,2026-09-07T08:35:00,15,98,98,M/F Femøsund,crossing-normal,False
2026-09-01T11:29:57Z,2026-09-07,413,Askø > Kragenæs,3770052,2026-09-07T12:30:00,2026-09-07T13:10:00,15,98,98,M/F Femøsund,crossing-normal,False
2026-09-01T11:29:57Z,2026-09-07,413,Askø > Kragenæs,3770160,2026-09-07T16:20:00,2026-09-07T17:00:00,14,97,98,M/F Femøsund,crossing-normal,False
2026-09-01T11:29:57Z,2026-09-07,413,Askø > Kragenæs,3770268,2026-09-07T20:10:00,2026-09-07T20:50:00,15,98,98,M/F Femøsund,crossing-normal,False
2026-09-01T11:29:57Z,2026-09-07,414,Kragenæs > Fejø,3771036,2026-09-07T06:05:00,2026-09-07T06:25:00,24,97,98,M/F Christine,crossing-normal,False
2026-09-01T11:29:57Z,2026-09-07,414,Kragenæs > Fejø,3771078,2026-09-07T07:05:00,2026-09-07T07:25:00,15,94,98,M/F Christine,crossing-normal,False
2026-09-01T11:29:57Z,2026-09-07,414,Kragenæs > Fejø,3771120,2026-09-07T08:00:00,2026-09-07T08:20:00,23,97,98,M/F Christine,crossing-normal,False
2026-09-01T11:29:57Z,2026-09-07,414,Kragenæs > Fejø,3771162,2026-09-07T09:05:00,2026-09-07T09:25:00,24,98,98,M/F Christine,crossing-normal,False
2026-09-01T11:29:57Z,2026-09-07,414,Kragenæs > Fejø,3771204,2026-09-07T10:05:00,2026-09-07T10:25:00,24,98,98,M/F Christine,crossing-normal,False
2026-09-01T11:29:57Z,2026-09-07,414,Kragenæs > Fejø,3771246,2026-09-07T11:50:00,2026-09-07T12:10:00,24,98,98,M/F Christine,crossing-normal,False
2026-09-01T11:29:57Z,2026-09-07,414,Kragenæs > Fejø,3771288,2026-09-07T12:50:00,2026-09-07T13:10:00,24,98,98,M/F Christine,crossing-normal,False
2026-09-01T11:29:57Z,2026-09-07,414,Kragenæs > Fejø,3771330,2026-09-07T13:50:00,2026-09-07T14:10:00,22,94,98,M/F Christine,crossing-normal,False
2026-09-01T11:29:57Z,2026-09-07,414,Kragenæs > Fejø,3771372,2026-09-07T14:50:00,2026-09-07T15:10:00,24,98,98,M/F Christine,crossing-normal,False
2026-09-01T11:29:57Z,2026-09-07,414,Kragenæs > Fejø,3771414,2026-09-07T15:50:00,2026-09-07T16:10:00,22,96,98,M/F Christine,crossing-normal,False
2026-09-01T11:29:57Z,2026-09-07,414,Kragenæs > Fejø,3771456,2026-09-07T16:50:00,2026-09-07T17:10:00,23,97,98,M/F Christine,crossing-normal,False
2026-09-01T11:29:57Z,2026-09-07,414,Kragenæs > Fejø,3771498,2026-09-07T17:50:00,2026-09-07T18:10:00,24,98,98,M/F Christine,crossing-normal,False
2026-09-01T11:29:57Z,2026-09-07,414,Kragenæs > Fejø,3771540,2026-09-07T18:50:00,2026-09-07T19:10:00,23,96,98,M/F Christine,crossing-normal,False
2026-09-01T11:29:57Z,2026-09-07,414,Kragenæs > Fejø,3771582,2026-09-07T19:40:00,2026-09-07T20:00:00,24,98,98,M/F Christine,crossing-normal,False
2026-09-01T11:29:57Z,2026-09-07,414,Kragenæs > Fejø,3771624,2026-09-07T20:30:00,2026-09-07T20:50:00,24,98,98,M/F Christine,crossing-normal,False
2026-09-01T11:29:57Z,2026-09-07,414,Kragenæs > Fejø,3771666,2026-09-07T21:20:00,2026-09-07T21:40:00,24,98,98,M/F Christine,crossing-normal,False
2026-09-01T11:29:57Z,2026-09-07,414,Kragenæs > Fejø,3771708,2026-09-07T22:10:00,2026-09-07T22:30:00,23,96,98,M/F Christine,crossing-normal,False
2026-09-01T11:29:57Z,2026-09-07,414,Fejø > Kragenæs,3770322,2026-09-07T05:30:00,2026-09-07T05:50:00,23,97,98,M/F Christine,crossing-normal,False
2026-09-01T11:29:57Z,2026-09-07,414,Fejø > Kragenæs,3770364,2026-09-07T06:35:00,2026-09-07T06:55:00,21,94,98,M/F Christine,crossing-normal,False
2026-09-01T11:29:57Z,2026-09-07,414,Fejø > Kragenæs,3770406,2026-09-07T07:30:00,2026-09-07T07:50:00,23,95,98,M/F Christine,crossing-normal,False
2026-09-01T11:29:57Z,2026-09-07,414,Fejø > Kragenæs,3770448,2026-09-07T08:30:00,2026-09-07T08:50:00,23,97,98,M/F Christine,crossing-normal,False
2026-09-01T11:29:57Z,2026-09-07,414,Fejø > Kragenæs,3770490,2026-09-07T09:30:00,2026-09-07T09:50:00,18,97,98,M/F Christine,crossing-normal,False
2026-09-01T11:29:57Z,2026-09-07,414,Fejø > Kragenæs,3770532,2026-09-07T10:30:00,2026-09-07T10:50:00,23,96,98,M/F Christine,crossing-normal,False
2026-09-01T11:29:57Z,2026-09-07,414,Fejø > Kragenæs,3770574,2026-09-07T12:15:00,2026-09-07T12:35:00,23,97,98,M/F Christine,crossing-normal,False
2026-09-01T11:29:57Z,2026-09-07,414,Fejø > Kragenæs,3770616,2026-09-07T13:15:00,2026-09-07T13:35:00,24,97,98,M/F Christine,crossing-normal,False
2026-09-01T11:29:57Z,2026-09-07,414,Fejø > Kragenæs,3770658,2026-09-07T14:15:00,2026-09-07T14:35:00,24,98,98,M/F Christine,crossing-normal,False
2026-09-01T11:29:57Z,2026-09-07,414,Fejø > Kragenæs,3770700,2026-09-07T15:15:00,2026-09-07T15:35:00,24,97,98,M/F Christine,crossing-normal,False
2026-09-01T11:29:57Z,2026-09-07,414,Fejø > Kragenæs,3770742,2026-09-07T16:15:00,2026-09-07T16:35:00,22,96,98,M/F Christine,crossing-normal,False
2026-09-01T11:29:57Z,2026-09-07,414,Fejø > Kragenæs,3770784,2026-09-07T17:15:00,2026-09-07T17:35:00,24,98,98,M/F Christine,crossing-normal,False
2026-09-01T11:29:57Z,2026-09-07,414,Fejø > Kragenæs,3770826,2026-09-07T18:15:00,2026-09-07T18:35:00,24,98,98,M/F Christine,crossing-normal,False
2026-09-01T11:29:57Z,2026-09-07,414,Fejø > Kragenæs,3770868,2026-09-07T19:15:00,2026-09-07T19:35:00,24,98,98,M/F Christine,crossing-normal,False
2026-09-01T11:29:57Z,2026-09-07,414,Fejø > Kragenæs,3770910,2026-09-07T20:05:00,2026-09-07T20:25:00,24,98,98,M/F Christine,crossing-normal,False
2026-09-01T11:29:57Z,2026-09-07,414,Fejø > Kragenæs,3770952,2026-09-07T20:55:00,2026-09-07T21:15:00,24,98,98,M/F Christine,crossing-normal,False
2026-09-01T11:29:57Z,2026-09-07,414,Fejø > Kragenæs,3770994,2026-09-07T21:45:00,2026-09-07T22:05:00,23,97,98,M/F Christine,crossing-normal,False
2026-09-01T11:29:57Z,2026-09-08,411,Kragenæs > Femø,3769918,2026-09-08T08:50:00,2026-09-08T09:45:00,12,94,98,M/F Femøsund,crossing-normal,False
2026-09-01T11:29:57Z,2026-09-08,411,Kragenæs > Femø,3770080,2026-09-08T13:25:00,2026-09-08T14:20:00,15,98,98,M/F Femøsund,crossing-normal,False
2026-09-01T11:29:57Z,2026-09-08,411,Kragenæs > Femø,3770188,2026-09-08T17:15:00,2026-09-08T18:10:00,11,93,98,M/F Femøsund,crossing-normal,False
2026-09-01T11:29:57Z,2026-09-08,411,Kragenæs > Femø,3770296,2026-09-08T21:05:00,2026-09-08T22:00:00,15,98,98,M/F Femøsund,crossing-normal,False
2026-09-01T11:29:57Z,2026-09-08,411,Femø > Kragenæs,3769891,2026-09-08T06:00:00,2026-09-08T06:55:00,12,95,98,M/F Femøsund,crossing-normal,False
2026-09-01T11:29:57Z,2026-09-08,411,Femø > Kragenæs,3769945,2026-09-08T09:50:00,2026-09-08T10:45:00,14,96,98,M/F Femøsund,crossing-normal,False
2026-09-01T11:29:57Z,2026-09-08,411,Femø > Kragenæs,3770107,2026-09-08T14:25:00,2026-09-08T15:20:00,15,98,98,M/F Femøsund,crossing-normal,False
2026-09-01T11:29:57Z,2026-09-08,411,Femø > Kragenæs,3770215,2026-09-08T18:15:00,2026-09-08T19:10:00,11,94,98,M/F Femøsund,crossing-normal,False
2026-09-01T11:29:57Z,2026-09-08,413,Kragenæs > Askø,3769972,2026-09-08T07:10:00,2026-09-08T07:50:00,14,97,98,M/F Femøsund,crossing-normal,False
2026-09-01T11:29:57Z,2026-09-08,413,Kragenæs > Askø,3770026,2026-09-08T11:45:00,2026-09-08T12:25:00,14,97,98,M/F Femøsund,crossing-normal,False
2026-09-01T11:29:57Z,2026-09-08,413,Kragenæs > Askø,3770134,2026-09-08T15:35:00,2026-09-08T16:15:00,15,98,98,M/F Femøsund,crossing-normal,False
2026-09-01T11:29:57Z,2026-09-08,413,Kragenæs > Askø,3770242,2026-09-08T19:25:00,2026-09-08T20:05:00,15,98,98,M/F Femøsund,crossing-normal,False
2026-09-01T11:29:57Z,2026-09-08,413,Askø > Kragenæs,3769999,2026-09-08T07:55:00,2026-09-08T08:35:00,14,96,98,M/F Femøsund,crossing-normal,False
2026-09-01T11:29:57Z,2026-09-08,413,Askø > Kragenæs,3770053,2026-09-08T12:30:00,2026-09-08T13:10:00,14,97,98,M/F Femøsund,crossing-normal,False
2026-09-01T11:29:57Z,2026-09-08,413,Askø > Kragenæs,3770161,2026-09-08T16:20:00,2026-09-08T17:00:00,15,98,98,M/F Femøsund,crossing-normal,False
2026-09-01T11:29:57Z,2026-09-08,413,Askø > Kragenæs,3770269,2026-09-08T20:10:00,2026-09-08T20:50:00,15,98,98,M/F Femøsund,crossing-normal,False
2026-09-01T11:29:57Z,2026-09-08,414,Kragenæs > Fejø,3771037,2026-09-08T06:05:00,2026-09-08T06:25:00,24,98,98,M/F Christine,crossing-normal,False
2026-09-01T11:29:57Z,2026-09-08,414,Kragenæs > Fejø,3771079,2026-09-08T07:05:00,2026-09-08T07:25:00,22,96,98,M/F Christine,crossing-normal,False
2026-09-01T11:29:57Z,2026-09-08,414,Kragenæs > Fejø,3771121,2026-09-08T08:00:00,2026-09-08T08:20:00,24,98,98,M/F Christine,crossing-normal,False
2026-09-01T11:29:57Z,2026-09-08,414,Kragenæs > Fejø,3771163,2026-09-08T09:05:00,2026-09-08T09:25:00,24,98,98,M/F Christine,crossing-normal,False
2026-09-01T11:29:57Z,2026-09-08,414,Kragenæs > Fejø,3771205,2026-09-08T10:05:00,2026-09-08T10:25:00,24,98,98,M/F Christine,crossing-normal,False
2026-09-01T11:29:57Z,2026-09-08,414,Kragenæs > Fejø,3771247,2026-09-08T11:50:00,2026-09-08T12:10:00,24,98,98,M/F Christine,crossing-normal,False
2026-09-01T11:29:57Z,2026-09-08,414,Kragenæs > Fejø,3771289,2026-09-08T12:50:00,2026-09-08T13:10:00,24,98,98,M/F Christine,crossing-normal,False
2026-09-01T11:29:57Z,2026-09-08,414,Kragenæs > Fejø,3771331,2026-09-08T13:50:00,2026-09-08T14:10:00,24,98,98,M/F Christine,crossing-normal,False
2026-09-01T11:29:57Z,2026-09-08,414,Kragenæs > Fejø,3771373,2026-09-08T14:50:00,2026-09-08T15:10:00,24,98,98,M/F Christine,crossing-normal,False
2026-09-01T11:29:57Z,2026-09-08,414,Kragenæs > Fejø,3771415,2026-09-08T15:50:00,2026-09-08T16:10:00,23,97,98,M/F Christine,crossing-normal,False
2026-09-01T11:29:57Z,2026-09-08,414,Kragenæs > Fejø,3771457,2026-09-08T16:50:00,2026-09-08T17:10:00,24,98,98,M/F Christine,crossing-normal,False
2026-09-01T11:29:57Z,2026-09-08,414,Kragenæs > Fejø,3771499,2026-09-08T17:50:00,2026-09-08T18:10:00,24,98,98,M/F Christine,crossing-normal,False
2026-09-01T11:29:57Z,2026-09-08,414,Kragenæs > Fejø,3771541,2026-09-08T18:50:00,2026-09-08T19:10:00,24,98,98,M/F Christine,crossing-normal,False
2026-09-01T11:29:57Z,2026-09-08,414,Kragenæs > Fejø,3771583,2026-09-08T19:40:00,2026-09-08T20:00:00,24,98,98,M/F Christine,crossing-normal,False
2026-09-01T11:29:57Z,2026-09-08,414,Kragenæs > Fejø,3771625,2026-09-08T20:30:00,2026-09-08T20:50:00,24,98,98,M/F Christine,crossing-normal,False
2026-09-01T11:29:57Z,2026-09-08,414,Kragenæs > Fejø,3771667,2026-09-08T21:20:00,2026-09-08T21:40:00,24,98,98,M/F Christine,crossing-normal,False
2026-09-01T11:29:57Z,2026-09-08,414,Kragenæs > Fejø,3771709,2026-09-08T22:10:00,2026-09-08T22:30:00,24,98,98,M/F Christine,crossing-normal,False
2026-09-01T11:29:57Z,2026-09-08,414,Fejø > Kragenæs,3770323,2026-09-08T05:30:00,2026-09-08T05:50:00,24,98,98,M/F Christine,crossing-normal,False
2026-09-01T11:29:57Z,2026-09-08,414,Fejø > Kragenæs,3770365,2026-09-08T06:35:00,2026-09-08T06:55:00,22,96,98,M/F Christine,crossing-normal,False
2026-09-01T11:29:57Z,2026-09-08,414,Fejø > Kragenæs,3770407,2026-09-08T07:30:00,2026-09-08T07:50:00,23,97,98,M/F Christine,crossing-normal,False
2026-09-01T11:29:57Z,2026-09-08,414,Fejø > Kragenæs,3770449,2026-09-08T08:30:00,2026-09-08T08:50:00,23,96,98,M/F Christine,crossing-normal,False
2026-09-01T11:29:57Z,2026-09-08,414,Fejø > Kragenæs,3770491,2026-09-08T09:30:00,2026-09-08T09:50:00,23,97,98,M/F Christine,crossing-normal,False
2026-09-01T11:29:57Z,2026-09-08,414,Fejø > Kragenæs,3770533,2026-09-08T10:30:00,2026-09-08T10:50:00,24,98,98,M/F Christine,crossing-normal,False
2026-09-01T11:29:57Z,2026-09-08,414,Fejø > Kragenæs,3770575,2026-09-08T12:15:00,2026-09-08T12:35:00,24,98,98,M/F Christine,crossing-normal,False
2026-09-01T11:29:57Z,2026-09-08,414,Fejø > Kragenæs,3770617,2026-09-08T13:15:00,2026-09-08T13:35:00,24,98,98,M/F Christine,crossing-normal,False
2026-09-01T11:29:57Z,2026-09-08,414,Fejø > Kragenæs,3770659,2026-09-08T14:15:00,2026-09-08T14:35:00,24,98,98,M/F Christine,crossing-normal,False
2026-09-01T11:29:57Z,2026-09-08,414,Fejø > Kragenæs,3770701,2026-09-08T15:15:00,2026-09-08T15:35:00,23,94,98,M/F Christine,crossing-normal,False
2026-09-01T11:29:57Z,2026-09-08,414,Fejø > Kragenæs,3770743,2026-09-08T16:15:00,2026-09-08T16:35:00,22,96,98,M/F Christine,crossing-normal,False
2026-09-01T11:29:57Z,2026-09-08,414,Fejø > Kragenæs,3770785,2026-09-08T17:15:00,2026-09-08T17:35:00,24,98,98,M/F Christine,crossing-normal,False
2026-09-01T11:29:57Z,2026-09-08,414,Fejø > Kragenæs,3770827,2026-09-08T18:15:00,2026-09-08T18:35:00,24,98,98,M/F Christine,crossing-normal,False
2026-09-01T11:29:57Z,2026-09-08,414,Fejø > Kragenæs,3770869,2026-09-08T19:15:00,2026-09-08T19:35:00,24,98,98,M/F Christine,crossing-normal,False
2026-09-01T11:29:57Z,2026-09-08,414,Fejø > Kragenæs,3770911,2026-09-08T20:05:00,2026-09-08T20:25:00,24,98,98,M/F Christine,crossing-normal,False
2026-09-01T11:29:57Z,2026-09-08,414,Fejø > Kragenæs,3770953,2026-09-08T20:55:00,2026-09-08T21:15:00,24,98,98,M/F Christine,crossing-normal,False
2026-09-01T11:29:57Z,2026-09-08,414,Fejø > Kragenæs,3770995,2026-09-08T21:45:00,2026-09-08T22:05:00,24,98,98,M/F Christine,crossing-normal,False
2026-09-01T11:29:57Z,2026-09-09,411,Kragenæs > Femø,3769919,2026-09-09T08:50:00,2026-09-09T09:45:00,14,97,98,M/F Femøsund,crossing-normal,False
2026-09-01T11:29:57Z,2026-09-09,411,Kragenæs > Femø,3770081,2026-09-09T13:25:00,2026-09-09T14:20:00,11,96,98,M/F Femøsund,crossing-normal,False
2026-09-01T11:29:57Z,2026-09-09,411,Kragenæs > Femø,3770189,2026-09-09T17:15:00,2026-09-09T18:10:00,12,95,98,M/F Femøsund,crossing-normal,False
2026-09-01T11:29:57Z,2026-09-09,411,Kragenæs > Femø,3770297,2026-09-09T21:05:00,2026-09-09T22:00:00,14,97,98,M/F Femøsund,crossing-normal,False
2026-09-01T11:29:57Z,2026-09-09,411,Femø > Kragenæs,3769892,2026-09-09T06:00:00,2026-09-09T06:55:00,13,96,98,M/F Femøsund,crossing-normal,False
2026-09-01T11:29:57Z,2026-09-09,411,Femø > Kragenæs,3769946,2026-09-09T09:50:00,2026-09-09T10:45:00,9,93,98,M/F Femøsund,crossing-normal,False
2026-09-01T11:29:57Z,2026-09-09,411,Femø > Kragenæs,3770108,2026-09-09T14:25:00,2026-09-09T15:20:00,14,97,98,M/F Femøsund,crossing-normal,False
2026-09-01T11:29:57Z,2026-09-09,411,Femø > Kragenæs,3770216,2026-09-09T18:15:00,2026-09-09T19:10:00,14,96,98,M/F Femøsund,crossing-normal,False
2026-09-01T11:29:57Z,2026-09-09,413,Kragenæs > Askø,3769973,2026-09-09T07:10:00,2026-09-09T07:50:00,15,98,98,M/F Femøsund,crossing-normal,False
2026-09-01T11:29:57Z,2026-09-09,413,Kragenæs > Askø,3770027,2026-09-09T11:45:00,2026-09-09T12:25:00,15,98,98,M/F Femøsund,crossing-normal,False
2026-09-01T11:29:57Z,2026-09-09,413,Kragenæs > Askø,3770135,2026-09-09T15:35:00,2026-09-09T16:15:00,15,98,98,M/F Femøsund,crossing-normal,False
2026-09-01T11:29:57Z,2026-09-09,413,Kragenæs > Askø,3770243,2026-09-09T19:25:00,2026-09-09T20:05:00,15,98,98,M/F Femøsund,crossing-normal,False
2026-09-01T11:29:57Z,2026-09-09,413,Askø > Kragenæs,3770000,2026-09-09T07:55:00,2026-09-09T08:35:00,15,98,98,M/F Femøsund,crossing-normal,False
2026-09-01T11:29:57Z,2026-09-09,413,Askø > Kragenæs,3770054,2026-09-09T12:30:00,2026-09-09T13:10:00,14,97,98,M/F Femøsund,crossing-normal,False
2026-09-01T11:29:57Z,2026-09-09,413,Askø > Kragenæs,3770162,2026-09-09T16:20:00,2026-09-09T17:00:00,15,98,98,M/F Femøsund,crossing-normal,False
2026-09-01T11:29:57Z,2026-09-09,413,Askø > Kragenæs,3770270,2026-09-09T20:10:00,2026-09-09T20:50:00,15,98,98,M/F Femøsund,crossing-normal,False
2026-09-01T11:29:57Z,2026-09-09,414,Kragenæs > Fejø,3771038,2026-09-09T06:05:00,2026-09-09T06:25:00,24,98,98,M/F Christine,crossing-normal,False
2026-09-01T11:29:57Z,2026-09-09,414,Kragenæs > Fejø,3771080,2026-09-09T07:05:00,2026-09-09T07:25:00,24,98,98,M/F Christine,crossing-normal,False
2026-09-01T11:29:57Z,2026-09-09,414,Kragenæs > Fejø,3771122,2026-09-09T08:00:00,2026-09-09T08:20:00,24,98,98,M/F Christine,crossing-normal,False
2026-09-01T11:29:57Z,2026-09-09,414,Kragenæs > Fejø,3771164,2026-09-09T09:05:00,2026-09-09T09:25:00,24,98,98,M/F Christine,crossing-normal,False
2026-09-01T11:29:57Z,2026-09-09,414,Kragenæs > Fejø,3771206,2026-09-09T10:05:00,2026-09-09T10:25:00,24,98,98,M/F Christine,crossing-normal,False
2026-09-01T11:29:57Z,2026-09-09,414,Kragenæs > Fejø,3771248,2026-09-09T11:50:00,2026-09-09T12:10:00,21,96,98,M/F Christine,crossing-normal,False
2026-09-01T11:29:57Z,2026-09-09,414,Kragenæs > Fejø,3771290,2026-09-09T12:50:00,2026-09-09T13:10:00,24,98,98,M/F Christine,crossing-normal,False
2026-09-01T11:29:57Z,2026-09-09,414,Kragenæs > Fejø,3771332,2026-09-09T13:50:00,2026-09-09T14:10:00,24,98,98,M/F Christine,crossing-normal,False
2026-09-01T11:29:57Z,2026-09-09,414,Kragenæs > Fejø,3771374,2026-09-09T14:50:00,2026-09-09T15:10:00,23,97,98,M/F Christine,crossing-normal,False
2026-09-01T11:29:57Z,2026-09-09,414,Kragenæs > Fejø,3771416,2026-09-09T15:50:00,2026-09-09T16:10:00,24,98,98,M/F Christine,crossing-normal,False
2026-09-01T11:29:57Z,2026-09-09,414,Kragenæs > Fejø,3771458,2026-09-09T16:50:00,2026-09-09T17:10:00,24,98,98,M/F Christine,crossing-normal,False
2026-09-01T11:29:57Z,2026-09-09,414,Kragenæs > Fejø,3771500,2026-09-09T17:50:00,2026-09-09T18:10:00,24,98,98,M/F Christine,crossing-normal,False
2026-09-01T11:29:57Z,2026-09-09,414,Kragenæs > Fejø,3771542,2026-09-09T18:50:00,2026-09-09T19:10:00,24,98,98,M/F Christine,crossing-normal,False
2026-09-01T11:29:57Z,2026-09-09,414,Kragenæs > Fejø,3771584,2026-09-09T19:40:00,2026-09-09T20:00:00,24,97,98,M/F Christine,crossing-normal,False
2026-09-01T11:29:57Z,2026-09-09,414,Kragenæs > Fejø,3771626,2026-09-09T20:30:00,2026-09-09T20:50:00,24,98,98,M/F Christine,crossing-normal,False
2026-09-01T11:29:57Z,2026-09-09,414,Kragenæs > Fejø,3771668,2026-09-09T21:20:00,2026-09-09T21:40:00,24,98,98,M/F Christine,crossing-normal,False
2026-09-01T11:29:57Z,2026-09-09,414,Kragenæs > Fejø,3771710,2026-09-09T22:10:00,2026-09-09T22:30:00,24,98,98,M/F Christine,crossing-normal,False
2026-09-01T11:29:57Z,2026-09-09,414,Fejø > Kragenæs,3770324,2026-09-09T05:30:00,2026-09-09T05:50:00,24,98,98,M/F Christine,crossing-normal,False
2026-09-01T11:29:57Z,2026-09-09,414,Fejø > Kragenæs,3770366,2026-09-09T06:35:00,2026-09-09T06:55:00,23,97,98,M/F Christine,crossing-normal,False
2026-09-01T11:29:57Z,2026-09-09,414,Fejø > Kragenæs,3770408,2026-09-09T07:30:00,2026-09-09T07:50:00,24,98,98,M/F Christine,crossing-normal,False
2026-09-01T11:29:57Z,2026-09-09,414,Fejø > Kragenæs,3770450,2026-09-09T08:30:00,2026-09-09T08:50:00,24,98,98,M/F Christine,crossing-normal,False
2026-09-01T11:29:57Z,2026-09-09,414,Fejø > Kragenæs,3770492,2026-09-09T09:30:00,2026-09-09T09:50:00,23,96,98,M/F Christine,crossing-normal,False
2026-09-01T11:29:57Z,2026-09-09,414,Fejø > Kragenæs,3770534,2026-09-09T10:30:00,2026-09-09T10:50:00,24,98,98,M/F Christine,crossing-normal,False
2026-09-01T11:29:57Z,2026-09-09,414,Fejø > Kragenæs,3770576,2026-09-09T12:15:00,2026-09-09T12:35:00,24,97,98,M/F Christine,crossing-normal,False
2026-09-01T11:29:57Z,2026-09-09,414,Fejø > Kragenæs,3770618,2026-09-09T13:15:00,2026-09-09T13:35:00,24,98,98,M/F Christine,crossing-normal,False
2026-09-01T11:29:57Z,2026-09-09,414,Fejø > Kragenæs,3770660,2026-09-09T14:15:00,2026-09-09T14:35:00,21,96,98,M/F Christine,crossing-normal,False
2026-09-01T11:29:57Z,2026-09-09,414,Fejø > Kragenæs,3770702,2026-09-09T15:15:00,2026-09-09T15:35:00,24,98,98,M/F Christine,crossing-normal,False
2026-09-01T11:29:57Z,2026-09-09,414,Fejø > Kragenæs,3770744,2026-09-09T16:15:00,2026-09-09T16:35:00,24,98,98,M/F Christine,crossing-normal,False
2026-09-01T11:29:57Z,2026-09-09,414,Fejø > Kragenæs,3770786,2026-09-09T17:15:00,2026-09-09T17:35:00,24,98,98,M/F Christine,crossing-normal,False
2026-09-01T11:29:57Z,2026-09-09,414,Fejø > Kragenæs,3770828,2026-09-09T18:15:00,2026-09-09T18:35:00,24,98,98,M/F Christine,crossing-normal,False
2026-09-01T11:29:57Z,2026-09-09,414,Fejø > Kragenæs,3770870,2026-09-09T19:15:00,2026-09-09T19:35:00,24,98,98,M/F Christine,crossing-normal,False
2026-09-01T11:29:57Z,2026-09-09,414,Fejø > Kragenæs,3770912,2026-09-09T20:05:00,2026-09-09T20:25:00,24,98,98,M/F Christine,crossing-normal,False
2026-09-01T11:29:57Z,2026-09-09,414,Fejø > Kragenæs,3770954,2026-09-09T20:55:00,2026-09-09T21:15:00,23,96,98,M/F Christine,crossing-normal,False
2026-09-01T11:29:57Z,2026-09-09,414,Fejø > Kragenæs,3770996,2026-09-09T21:45:00,2026-09-09T22:05:00,24,98,98,M/F Christine,crossing-normal,False
2026-09-01T11:29:57Z,2026-09-10,411,Kragenæs > Femø,3769920,2026-09-10T08:50:00,2026-09-10T09:45:00,11,97,98,M/F Femøsund,crossing-normal,False
2026-09-01T11:29:57Z,2026-09-10,411,Kragenæs > Femø,3770082,2026-09-10T13:25:00,2026-09-10T14:20:00,14,97,98,M/F Femøsund,crossing-normal,False
2026-09-01T11:29:57Z,2026-09-10,411,Kragenæs > Femø,3770190,2026-09-10T17:15:00,2026-09-10T18:10:00,12,93,98,M/F Femøsund,crossing-normal,False
2026-09-01T11:29:57Z,2026-09-10,411,Kragenæs > Femø,3770298,2026-09-10T21:05:00,2026-09-10T22:00:00,15,98,98,M/F Femøsund,crossing-normal,False
2026-09-01T11:29:57Z,2026-09-10,411,Femø > Kragenæs,3769893,2026-09-10T06:00:00,2026-09-10T06:55:00,14,97,98,M/F Femøsund,crossing-normal,False
2026-09-01T11:29:57Z,2026-09-10,411,Femø > Kragenæs,3769947,2026-09-10T09:50:00,2026-09-10T10:45:00,13,95,98,M/F Femøsund,crossing-normal,False
2026-09-01T11:29:57Z,2026-09-10,411,Femø > Kragenæs,3770109,2026-09-10T14:25:00,2026-09-10T15:20:00,9,95,98,M/F Femøsund,crossing-normal,False
2026-09-01T11:29:57Z,2026-09-10,411,Femø > Kragenæs,3770217,2026-09-10T18:15:00,2026-09-10T19:10:00,15,98,98,M/F Femøsund,crossing-normal,False
2026-09-01T11:29:57Z,2026-09-10,413,Kragenæs > Askø,3769974,2026-09-10T07:10:00,2026-09-10T07:50:00,14,97,98,M/F Femøsund,crossing-normal,False
2026-09-01T11:29:57Z,2026-09-10,413,Kragenæs > Askø,3770028,2026-09-10T11:45:00,2026-09-10T12:25:00,15,98,98,M/F Femøsund,crossing-normal,False
2026-09-01T11:29:57Z,2026-09-10,413,Kragenæs > Askø,3770136,2026-09-10T15:35:00,2026-09-10T16:15:00,14,96,98,M/F Femøsund,crossing-normal,False
2026-09-01T11:29:57Z,2026-09-10,413,Kragenæs > Askø,3770244,2026-09-10T19:25:00,2026-09-10T20:05:00,15,98,98,M/F Femøsund,crossing-normal,False
2026-09-01T11:29:57Z,2026-09-10,413,Askø > Kragenæs,3770001,2026-09-10T07:55:00,2026-09-10T08:35:00,15,98,98,M/F Femøsund,crossing-normal,False
2026-09-01T11:29:57Z,2026-09-10,413,Askø > Kragenæs,3770055,2026-09-10T12:30:00,2026-09-10T13:10:00,14,97,98,M/F Femøsund,crossing-normal,False
2026-09-01T11:29:57Z,2026-09-10,413,Askø > Kragenæs,3770163,2026-09-10T16:20:00,2026-09-10T17:00:00,15,98,98,M/F Femøsund,crossing-normal,False
2026-09-01T11:29:57Z,2026-09-10,413,Askø > Kragenæs,3770271,2026-09-10T20:10:00,2026-09-10T20:50:00,15,98,98,M/F Femøsund,crossing-normal,False
2026-09-01T11:29:57Z,2026-09-10,414,Kragenæs > Fejø,3771039,2026-09-10T06:05:00,2026-09-10T06:25:00,24,98,98,M/F Christine,crossing-normal,False
2026-09-01T11:29:57Z,2026-09-10,414,Kragenæs > Fejø,3771081,2026-09-10T07:05:00,2026-09-10T07:25:00,24,98,98,M/F Christine,crossing-normal,False
2026-09-01T11:29:57Z,2026-09-10,414,Kragenæs > Fejø,3771123,2026-09-10T08:00:00,2026-09-10T08:20:00,24,98,98,M/F Christine,crossing-normal,False
2026-09-01T11:29:57Z,2026-09-10,414,Kragenæs > Fejø,3771165,2026-09-10T09:05:00,2026-09-10T09:25:00,24,98,98,M/F Christine,crossing-normal,False
2026-09-01T11:29:57Z,2026-09-10,414,Kragenæs > Fejø,3771207,2026-09-10T10:05:00,2026-09-10T10:25:00,24,98,98,M/F Christine,crossing-normal,False
2026-09-01T11:29:57Z,2026-09-10,414,Kragenæs > Fejø,3771249,2026-09-10T11:50:00,2026-09-10T12:10:00,24,98,98,M/F Christine,crossing-normal,False
2026-09-01T11:29:57Z,2026-09-10,414,Kragenæs > Fejø,3771291,2026-09-10T12:50:00,2026-09-10T13:10:00,24,98,98,M/F Christine,crossing-normal,False
2026-09-01T11:29:57Z,2026-09-10,414,Kragenæs > Fejø,3771333,2026-09-10T13:50:00,2026-09-10T14:10:00,24,98,98,M/F Christine,crossing-normal,False
2026-09-01T11:29:57Z,2026-09-10,414,Kragenæs > Fejø,3771375,2026-09-10T14:50:00,2026-09-10T15:10:00,24,98,98,M/F Christine,crossing-normal,False
2026-09-01T11:29:57Z,2026-09-10,414,Kragenæs > Fejø,3771417,2026-09-10T15:50:00,2026-09-10T16:10:00,24,98,98,M/F Christine,crossing-normal,False
2026-09-01T11:29:57Z,2026-09-10,414,Kragenæs > Fejø,3771459,2026-09-10T16:50:00,2026-09-10T17:10:00,24,98,98,M/F Christine,crossing-normal,False
2026-09-01T11:29:57Z,2026-09-10,414,Kragenæs > Fejø,3771501,2026-09-10T17:50:00,2026-09-10T18:10:00,24,98,98,M/F Christine,crossing-normal,False
2026-09-01T11:29:57Z,2026-09-10,414,Kragenæs > Fejø,3771543,2026-09-10T18:50:00,2026-09-10T19:10:00,24,98,98,M/F Christine,crossing-normal,False
2026-09-01T11:29:57Z,2026-09-10,414,Kragenæs > Fejø,3771585,2026-09-10T19:40:00,2026-09-10T20:00:00,24,98,98,M/F Christine,crossing-normal,False
2026-09-01T11:29:57Z,2026-09-10,414,Kragenæs > Fejø,3771627,2026-09-10T20:30:00,2026-09-10T20:50:00,24,98,98,M/F Christine,crossing-normal,False
2026-09-01T11:29:57Z,2026-09-10,414,Kragenæs > Fejø,3771669,2026-09-10T21:20:00,2026-09-10T21:40:00,24,98,98,M/F Christine,crossing-normal,False
2026-09-01T11:29:57Z,2026-09-10,414,Kragenæs > Fejø,3771711,2026-09-10T22:10:00,2026-09-10T22:30:00,24,98,98,M/F Christine,crossing-normal,False
2026-09-01T11:29:57Z,2026-09-10,414,Fejø > Kragenæs,3770325,2026-09-10T05:30:00,2026-09-10T05:50:00,24,98,98,M/F Christine,crossing-normal,False
2026-09-01T11:29:57Z,2026-09-10,414,Fejø > Kragenæs,3770367,2026-09-10T06:35:00,2026-09-10T06:55:00,22,85,98,M/F Christine,crossing-normal,False
2026-09-01T11:29:57Z,2026-09-10,414,Fejø > Kragenæs,3770409,2026-09-10T07:30:00,2026-09-10T07:50:00,24,98,98,M/F Christine,crossing-normal,False
2026-09-01T11:29:57Z,2026-09-10,414,Fejø > Kragenæs,3770451,2026-09-10T08:30:00,2026-09-10T08:50:00,24,98,98,M/F Christine,crossing-normal,False
2026-09-01T11:29:57Z,2026-09-10,414,Fejø > Kragenæs,3770493,2026-09-10T09:30:00,2026-09-10T09:50:00,24,98,98,M/F Christine,crossing-normal,False
2026-09-01T11:29:57Z,2026-09-10,414,Fejø > Kragenæs,3770535,2026-09-10T10:30:00,2026-09-10T10:50:00,24,98,98,M/F Christine,crossing-normal,False
2026-09-01T11:29:57Z,2026-09-10,414,Fejø > Kragenæs,3770577,2026-09-10T12:15:00,2026-09-10T12:35:00,24,98,98,M/F Christine,crossing-normal,False
2026-09-01T11:29:57Z,2026-09-10,414,Fejø > Kragenæs,3770619,2026-09-10T13:15:00,2026-09-10T13:35:00,24,98,98,M/F Christine,crossing-normal,False
2026-09-01T11:29:57Z,2026-09-10,414,Fejø > Kragenæs,3770661,2026-09-10T14:15:00,2026-09-10T14:35:00,24,98,98,M/F Christine,crossing-normal,False
2026-09-01T11:29:57Z,2026-09-10,414,Fejø > Kragenæs,3770703,2026-09-10T15:15:00,2026-09-10T15:35:00,24,98,98,M/F Christine,crossing-normal,False
2026-09-01T11:29:57Z,2026-09-10,414,Fejø > Kragenæs,3770745,2026-09-10T16:15:00,2026-09-10T16:35:00,24,98,98,M/F Christine,crossing-normal,False
2026-09-01T11:29:57Z,2026-09-10,414,Fejø > Kragenæs,3770787,2026-09-10T17:15:00,2026-09-10T17:35:00,24,98,98,M/F Christine,crossing-normal,False
2026-09-01T11:29:57Z,2026-09-10,414,Fejø > Kragenæs,3770829,2026-09-10T18:15:00,2026-09-10T18:35:00,24,98,98,M/F Christine,crossing-normal,False
2026-09-01T11:29:57Z,2026-09-10,414,Fejø > Kragenæs,3770871,2026-09-10T19:15:00,2026-09-10T19:35:00,24,98,98,M/F Christine,crossing-normal,False
2026-09-01T11:29:57Z,2026-09-10,414,Fejø > Kragenæs,3770913,2026-09-10T20:05:00,2026-09-10T20:25:00,24,98,98,M/F Christine,crossing-normal,False
2026-09-01T11:29:57Z,2026-09-10,414,Fejø > Kragenæs,3770955,2026-09-10T20:55:00,2026-09-10T21:15:00,24,98,98,M/F Christine,crossing-normal,False
2026-09-01T11:29:57Z,2026-09-10,414,Fejø > Kragenæs,3770997,2026-09-10T21:45:00,2026-09-10T22:05:00,24,98,98,M/F Christine,crossing-normal,False
2026-09-01T11:29:57Z,2026-09-11,411,Kragenæs > Femø,3769921,2026-09-11T08:50:00,2026-09-11T09:45:00,15,98,98,M/F Femøsund,crossing-normal,False
2026-09-01T11:29:57Z,2026-09-11,411,Kragenæs > Femø,3770083,2026-09-11T13:25:00,2026-09-11T14:20:00,9,93,98,M/F Femøsund,crossing-normal,False
2026-09-01T11:29:57Z,2026-09-11,411,Kragenæs > Femø,3770191,2026-09-11T17:15:00,2026-09-11T18:10:00,12,90,98,M/F Femøsund,crossing-normal,False
2026-09-01T11:29:57Z,2026-09-11,411,Kragenæs > Femø,3770299,2026-09-11T21:05:00,2026-09-11T22:00:00,11,87,98,M/F Femøsund,crossing-normal,False
2026-09-01T11:29:57Z,2026-09-11,411,Femø > Kragenæs,3769894,2026-09-11T06:00:00,2026-09-11T06:55:00,14,97,98,M/F Femøsund,crossing-normal,False
2026-09-01T11:29:57Z,2026-09-11,411,Femø > Kragenæs,3769948,2026-09-11T09:50:00,2026-09-11T10:45:00,12,97,98,M/F Femøsund,crossing-normal,False
2026-09-01T11:29:57Z,2026-09-11,411,Femø > Kragenæs,3770110,2026-09-11T14:25:00,2026-09-11T15:20:00,15,97,98,M/F Femøsund,crossing-normal,False
2026-09-01T11:29:57Z,2026-09-11,411,Femø > Kragenæs,3770218,2026-09-11T18:15:00,2026-09-11T19:10:00,14,97,98,M/F Femøsund,crossing-normal,False
2026-09-01T11:29:57Z,2026-09-11,413,Kragenæs > Askø,3769975,2026-09-11T07:10:00,2026-09-11T07:50:00,15,98,98,M/F Femøsund,crossing-normal,False
2026-09-01T11:29:57Z,2026-09-11,413,Kragenæs > Askø,3770029,2026-09-11T11:45:00,2026-09-11T12:25:00,15,98,98,M/F Femøsund,crossing-normal,False
2026-09-01T11:29:57Z,2026-09-11,413,Kragenæs > Askø,3770137,2026-09-11T15:35:00,2026-09-11T16:15:00,10,91,98,M/F Femøsund,crossing-normal,False
2026-09-01T11:29:57Z,2026-09-11,413,Kragenæs > Askø,3770245,2026-09-11T19:25:00,2026-09-11T20:05:00,14,96,98,M/F Femøsund,crossing-normal,False
2026-09-01T11:29:57Z,2026-09-11,413,Askø > Kragenæs,3770002,2026-09-11T07:55:00,2026-09-11T08:35:00,15,98,98,M/F Femøsund,crossing-normal,False
2026-09-01T11:29:57Z,2026-09-11,413,Askø > Kragenæs,3770056,2026-09-11T12:30:00,2026-09-11T13:10:00,15,98,98,M/F Femøsund,crossing-normal,False
2026-09-01T11:29:57Z,2026-09-11,413,Askø > Kragenæs,3770164,2026-09-11T16:20:00,2026-09-11T17:00:00,15,98,98,M/F Femøsund,crossing-normal,False
2026-09-01T11:29:57Z,2026-09-11,413,Askø > Kragenæs,3770272,2026-09-11T20:10:00,2026-09-11T20:50:00,15,98,98,M/F Femøsund,crossing-normal,False
2026-09-01T11:29:57Z,2026-09-11,414,Kragenæs > Fejø,3771040,2026-09-11T06:05:00,2026-09-11T06:25:00,24,98,98,M/F Christine,crossing-normal,False
2026-09-01T11:29:57Z,2026-09-11,414,Kragenæs > Fejø,3771082,2026-09-11T07:05:00,2026-09-11T07:25:00,24,98,98,M/F Christine,crossing-normal,False
2026-09-01T11:29:57Z,2026-09-11,414,Kragenæs > Fejø,3771124,2026-09-11T08:00:00,2026-09-11T08:20:00,24,98,98,M/F Christine,crossing-normal,False
2026-09-01T11:29:57Z,2026-09-11,414,Kragenæs > Fejø,3771166,2026-09-11T09:05:00,2026-09-11T09:25:00,24,98,98,M/F Christine,crossing-normal,False
2026-09-01T11:29:57Z,2026-09-11,414,Kragenæs > Fejø,3771208,2026-09-11T10:05:00,2026-09-11T10:25:00,24,98,98,M/F Christine,crossing-normal,False
2026-09-01T11:29:57Z,2026-09-11,414,Kragenæs > Fejø,3771250,2026-09-11T11:50:00,2026-09-11T12:10:00,24,98,98,M/F Christine,crossing-normal,False
2026-09-01T11:29:57Z,2026-09-11,414,Kragenæs > Fejø,3771292,2026-09-11T12:50:00,2026-09-11T13:10:00,24,98,98,M/F Christine,crossing-normal,False
2026-09-01T11:29:57Z,2026-09-11,414,Kragenæs > Fejø,3771334,2026-09-11T13:50:00,2026-09-11T14:10:00,24,98,98,M/F Christine,crossing-normal,False
2026-09-01T11:29:57Z,2026-09-11,414,Kragenæs > Fejø,3771376,2026-09-11T14:50:00,2026-09-11T15:10:00,24,98,98,M/F Christine,crossing-normal,False
2026-09-01T11:29:57Z,2026-09-11,414,Kragenæs > Fejø,3771418,2026-09-11T15:50:00,2026-09-11T16:10:00,24,98,98,M/F Christine,crossing-normal,False
2026-09-01T11:29:57Z,2026-09-11,414,Kragenæs > Fejø,3771460,2026-09-11T16:50:00,2026-09-11T17:10:00,24,98,98,M/F Christine,crossing-normal,False
2026-09-01T11:29:57Z,2026-09-11,414,Kragenæs > Fejø,3771502,2026-09-11T17:50:00,2026-09-11T18:10:00,24,98,98,M/F Christine,crossing-normal,False
2026-09-01T11:29:57Z,2026-09-11,414,Kragenæs > Fejø,3771544,2026-09-11T18:50:00,2026-09-11T19:10:00,24,98,98,M/F Christine,crossing-normal,False
2026-09-01T11:29:57Z,2026-09-11,414,Kragenæs > Fejø,3771586,2026-09-11T19:40:00,2026-09-11T20:00:00,24,98,98,M/F Christine,crossing-normal,False
2026-09-01T11:29:57Z,2026-09-11,414,Kragenæs > Fejø,3771628,2026-09-11T20:30:00,2026-09-11T20:50:00,24,98,98,M/F Christine,crossing-normal,False
2026-09-01T11:29:57Z,2026-09-11,414,Kragenæs > Fejø,3771670,2026-09-11T21:20:00,2026-09-11T21:40:00,24,98,98,M/F Christine,crossing-normal,False
2026-09-01T11:29:57Z,2026-09-11,414,Kragenæs > Fejø,3771712,2026-09-11T22:10:00,2026-09-11T22:30:00,24,98,98,M/F Christine,crossing-normal,False
2026-09-01T11:29:57Z,2026-09-11,414,Fejø > Kragenæs,3770326,2026-09-11T05:30:00,2026-09-11T05:50:00,24,98,98,M/F Christine,crossing-normal,False
2026-09-01T11:29:57Z,2026-09-11,414,Fejø > Kragenæs,3770368,2026-09-11T06:35:00,2026-09-11T06:55:00,24,98,98,M/F Christine,crossing-normal,False
2026-09-01T11:29:57Z,2026-09-11,414,Fejø > Kragenæs,3770410,2026-09-11T07:30:00,2026-09-11T07:50:00,24,98,98,M/F Christine,crossing-normal,False
2026-09-01T11:29:57Z,2026-09-11,414,Fejø > Kragenæs,3770452,2026-09-11T08:30:00,2026-09-11T08:50:00,24,98,98,M/F Christine,crossing-normal,False
2026-09-01T11:29:57Z,2026-09-11,414,Fejø > Kragenæs,3770494,2026-09-11T09:30:00,2026-09-11T09:50:00,24,98,98,M/F Christine,crossing-normal,False
2026-09-01T11:29:57Z,2026-09-11,414,Fejø > Kragenæs,3770536,2026-09-11T10:30:00,2026-09-11T10:50:00,24,98,98,M/F Christine,crossing-normal,False
2026-09-01T11:29:57Z,2026-09-11,414,Fejø > Kragenæs,3770578,2026-09-11T12:15:00,2026-09-11T12:35:00,24,98,98,M/F Christine,crossing-normal,False
2026-09-01T11:29:57Z,2026-09-11,414,Fejø > Kragenæs,3770620,2026-09-11T13:15:00,2026-09-11T13:35:00,24,98,98,M/F Christine,crossing-normal,False
2026-09-01T11:29:57Z,2026-09-11,414,Fejø > Kragenæs,3770662,2026-09-11T14:15:00,2026-09-11T14:35:00,24,98,98,M/F Christine,crossing-normal,False
2026-09-01T11:29:57Z,2026-09-11,414,Fejø > Kragenæs,3770704,2026-09-11T15:15:00,2026-09-11T15:35:00,24,98,98,M/F Christine,crossing-normal,False
2026-09-01T11:29:57Z,2026-09-11,414,Fejø > Kragenæs,3770746,2026-09-11T16:15:00,2026-09-11T16:35:00,24,98,98,M/F Christine,crossing-normal,False
2026-09-01T11:29:57Z,2026-09-11,414,Fejø > Kragenæs,3770788,2026-09-11T17:15:00,2026-09-11T17:35:00,24,98,98,M/F Christine,crossing-normal,False
2026-09-01T11:29:57Z,2026-09-11,414,Fejø > Kragenæs,3770830,2026-09-11T18:15:00,2026-09-11T18:35:00,24,98,98,M/F Christine,crossing-normal,False
2026-09-01T11:29:57Z,2026-09-11,414,Fejø > Kragenæs,3770872,2026-09-11T19:15:00,2026-09-11T19:35:00,24,98,98,M/F Christine,crossing-normal,False
2026-09-01T11:29:57Z,2026-09-11,414,Fejø > Kragenæs,3770914,2026-09-11T20:05:00,2026-09-11T20:25:00,24,98,98,M/F Christine,crossing-normal,False
2026-09-01T11:29:57Z,2026-09-11,414,Fejø > Kragenæs,3770956,2026-09-11T20:55:00,2026-09-11T21:15:00,24,98,98,M/F Christine,crossing-normal,False
2026-09-01T11:29:57Z,2026-09-11,414,Fejø > Kragenæs,3770998,2026-09-11T21:45:00,2026-09-11T22:05:00,24,98,98,M/F Christine,crossing-normal,False
2026-09-01T11:29:57Z,2026-09-12,411,Kragenæs > Femø,3769922,2026-09-12T08:50:00,2026-09-12T09:45:00,15,98,98,M/F Femøsund,crossing-normal,False
2026-09-01T11:29:57Z,2026-09-12,411,Kragenæs > Femø,3770084,2026-09-12T13:25:00,2026-09-12T14:20:00,15,98,98,M/F Femøsund,crossing-normal,False
2026-09-01T11:29:57Z,2026-09-12,411,Kragenæs > Femø,3770192,2026-09-12T17:15:00,2026-09-12T18:10:00,14,97,98,M/F Femøsund,crossing-normal,False
2026-09-01T11:29:57Z,2026-09-12,411,Kragenæs > Femø,3770300,2026-09-12T21:05:00,2026-09-12T22:00:00,15,98,98,M/F Femøsund,crossing-normal,False
2026-09-01T11:29:57Z,2026-09-12,411,Femø > Kragenæs,3769895,2026-09-12T06:00:00,2026-09-12T06:55:00,14,97,98,M/F Femøsund,crossing-normal,False
2026-09-01T11:29:57Z,2026-09-12,411,Femø > Kragenæs,3769949,2026-09-12T09:50:00,2026-09-12T10:45:00,15,98,98,M/F Femøsund,crossing-normal,False
2026-09-01T11:29:57Z,2026-09-12,411,Femø > Kragenæs,3770111,2026-09-12T14:25:00,2026-09-12T15:20:00,15,98,98,M/F Femøsund,crossing-normal,False
2026-09-01T11:29:57Z,2026-09-12,411,Femø > Kragenæs,3770219,2026-09-12T18:15:00,2026-09-12T19:10:00,15,98,98,M/F Femøsund,crossing-normal,False
2026-09-01T11:29:57Z,2026-09-12,413,Kragenæs > Askø,3769976,2026-09-12T07:10:00,2026-09-12T07:50:00,15,98,98,M/F Femøsund,crossing-normal,False
2026-09-01T11:29:57Z,2026-09-12,413,Kragenæs > Askø,3770030,2026-09-12T11:45:00,2026-09-12T12:25:00,15,98,98,M/F Femøsund,crossing-normal,False
2026-09-01T11:29:57Z,2026-09-12,413,Kragenæs > Askø,3770138,2026-09-12T15:35:00,2026-09-12T16:15:00,14,96,98,M/F Femøsund,crossing-normal,False
2026-09-01T11:29:57Z,2026-09-12,413,Kragenæs > Askø,3770246,2026-09-12T19:25:00,2026-09-12T20:05:00,14,97,98,M/F Femøsund,crossing-normal,False
2026-09-01T11:29:57Z,2026-09-12,413,Askø > Kragenæs,3770003,2026-09-12T07:55:00,2026-09-12T08:35:00,15,98,98,M/F Femøsund,crossing-normal,False
2026-09-01T11:29:57Z,2026-09-12,413,Askø > Kragenæs,3770057,2026-09-12T12:30:00,2026-09-12T13:10:00,15,98,98,M/F Femøsund,crossing-normal,False
2026-09-01T11:29:57Z,2026-09-12,413,Askø > Kragenæs,3770165,2026-09-12T16:20:00,2026-09-12T17:00:00,15,98,98,M/F Femøsund,crossing-normal,False
2026-09-01T11:29:57Z,2026-09-12,413,Askø > Kragenæs,3770273,2026-09-12T20:10:00,2026-09-12T20:50:00,15,98,98,M/F Femøsund,crossing-normal,False
2026-09-01T11:29:57Z,2026-09-12,414,Kragenæs > Fejø,3771041,2026-09-12T06:05:00,2026-09-12T06:25:00,24,98,98,M/F Christine,crossing-normal,False
2026-09-01T11:29:57Z,2026-09-12,414,Kragenæs > Fejø,3771083,2026-09-12T07:05:00,2026-09-12T07:25:00,24,98,98,M/F Christine,crossing-normal,False
2026-09-01T11:29:57Z,2026-09-12,414,Kragenæs > Fejø,3771125,2026-09-12T08:00:00,2026-09-12T08:20:00,24,98,98,M/F Christine,crossing-normal,False
2026-09-01T11:29:57Z,2026-09-12,414,Kragenæs > Fejø,3771167,2026-09-12T09:05:00,2026-09-12T09:25:00,24,98,98,M/F Christine,crossing-normal,False
2026-09-01T11:29:57Z,2026-09-12,414,Kragenæs > Fejø,3771209,2026-09-12T10:05:00,2026-09-12T10:25:00,24,98,98,M/F Christine,crossing-normal,False
2026-09-01T11:29:57Z,2026-09-12,414,Kragenæs > Fejø,3771251,2026-09-12T11:50:00,2026-09-12T12:10:00,24,98,98,M/F Christine,crossing-normal,False
2026-09-01T11:29:57Z,2026-09-12,414,Kragenæs > Fejø,3771293,2026-09-12T12:50:00,2026-09-12T13:10:00,23,96,98,M/F Christine,crossing-normal,False
2026-09-01T11:29:57Z,2026-09-12,414,Kragenæs > Fejø,3771335,2026-09-12T13:50:00,2026-09-12T14:10:00,24,98,98,M/F Christine,crossing-normal,False
2026-09-01T11:29:57Z,2026-09-12,414,Kragenæs > Fejø,3771377,2026-09-12T14:50:00,2026-09-12T15:10:00,24,98,98,M/F Christine,crossing-normal,False
2026-09-01T11:29:57Z,2026-09-12,414,Kragenæs > Fejø,3771419,2026-09-12T15:50:00,2026-09-12T16:10:00,24,98,98,M/F Christine,crossing-normal,False
2026-09-01T11:29:57Z,2026-09-12,414,Kragenæs > Fejø,3771461,2026-09-12T16:50:00,2026-09-12T17:10:00,24,98,98,M/F Christine,crossing-normal,False
2026-09-01T11:29:57Z,2026-09-12,414,Kragenæs > Fejø,3771503,2026-09-12T17:50:00,2026-09-12T18:10:00,24,98,98,M/F Christine,crossing-normal,False
2026-09-01T11:29:57Z,2026-09-12,414,Kragenæs > Fejø,3771545,2026-09-12T18:50:00,2026-09-12T19:10:00,24,98,98,M/F Christine,crossing-normal,False
2026-09-01T11:29:57Z,2026-09-12,414,Kragenæs > Fejø,3771587,2026-09-12T19:40:00,2026-09-12T20:00:00,24,98,98,M/F Christine,crossing-normal,False
2026-09-01T11:29:57Z,2026-09-12,414,Kragenæs > Fejø,3771629,2026-09-12T20:30:00,2026-09-12T20:50:00,24,98,98,M/F Christine,crossing-normal,False
2026-09-01T11:29:57Z,2026-09-12,414,Kragenæs > Fejø,3771671,2026-09-12T21:20:00,2026-09-12T21:40:00,23,93,98,M/F Christine,crossing-normal,False
2026-09-01T11:29:57Z,2026-09-12,414,Kragenæs > Fejø,3771713,2026-09-12T22:10:00,2026-09-12T22:30:00,24,98,98,M/F Christine,crossing-normal,False
2026-09-01T11:29:57Z,2026-09-12,414,Fejø > Kragenæs,3770327,2026-09-12T05:30:00,2026-09-12T05:50:00,24,98,98,M/F Christine,crossing-normal,False
2026-09-01T11:29:57Z,2026-09-12,414,Fejø > Kragenæs,3770369,2026-09-12T06:35:00,2026-09-12T06:55:00,24,98,98,M/F Christine,crossing-normal,False
2026-09-01T11:29:57Z,2026-09-12,414,Fejø > Kragenæs,3770411,2026-09-12T07:30:00,2026-09-12T07:50:00,22,94,98,M/F Christine,crossing-normal,False
2026-09-01T11:29:57Z,2026-09-12,414,Fejø > Kragenæs,3770453,2026-09-12T08:30:00,2026-09-12T08:50:00,24,98,98,M/F Christine,crossing-normal,False
2026-09-01T11:29:57Z,2026-09-12,414,Fejø > Kragenæs,3770495,2026-09-12T09:30:00,2026-09-12T09:50:00,23,93,98,M/F Christine,crossing-normal,False
2026-09-01T11:29:57Z,2026-09-12,414,Fejø > Kragenæs,3770537,2026-09-12T10:30:00,2026-09-12T10:50:00,24,98,98,M/F Christine,crossing-normal,False
2026-09-01T11:29:57Z,2026-09-12,414,Fejø > Kragenæs,3770579,2026-09-12T12:15:00,2026-09-12T12:35:00,24,98,98,M/F Christine,crossing-normal,False
2026-09-01T11:29:57Z,2026-09-12,414,Fejø > Kragenæs,3770621,2026-09-12T13:15:00,2026-09-12T13:35:00,24,98,98,M/F Christine,crossing-normal,False
2026-09-01T11:29:57Z,2026-09-12,414,Fejø > Kragenæs,3770663,2026-09-12T14:15:00,2026-09-12T14:35:00,24,98,98,M/F Christine,crossing-normal,False
2026-09-01T11:29:57Z,2026-09-12,414,Fejø > Kragenæs,3770705,2026-09-12T15:15:00,2026-09-12T15:35:00,24,98,98,M/F Christine,crossing-normal,False
2026-09-01T11:29:57Z,2026-09-12,414,Fejø > Kragenæs,3770747,2026-09-12T16:15:00,2026-09-12T16:35:00,24,98,98,M/F Christine,crossing-normal,False
2026-09-01T11:29:57Z,2026-09-12,414,Fejø > Kragenæs,3770789,2026-09-12T17:15:00,2026-09-12T17:35:00,24,98,98,M/F Christine,crossing-normal,False
2026-09-01T11:29:57Z,2026-09-12,414,Fejø > Kragenæs,3770831,2026-09-12T18:15:00,2026-09-12T18:35:00,23,96,98,M/F Christine,crossing-normal,False
2026-09-01T11:29:57Z,2026-09-12,414,Fejø > Kragenæs,3770873,2026-09-12T19:15:00,2026-09-12T19:35:00,24,98,98,M/F Christine,crossing-normal,False
2026-09-01T11:29:57Z,2026-09-12,414,Fejø > Kragenæs,3770915,2026-09-12T20:05:00,2026-09-12T20:25:00,24,98,98,M/F Christine,crossing-normal,False
2026-09-01T11:29:57Z,2026-09-12,414,Fejø > Kragenæs,3770957,2026-09-12T20:55:00,2026-09-12T21:15:00,24,98,98,M/F Christine,crossing-normal,False
2026-09-01T11:29:57Z,2026-09-12,414,Fejø > Kragenæs,3770999,2026-09-12T21:45:00,2026-09-12T22:05:00,24,98,98,M/F Christine,crossing-normal,False
2026-09-01T11:29:57Z,2026-09-13,411,Kragenæs > Femø,3769923,2026-09-13T08:50:00,2026-09-13T09:45:00,15,98,98,M/F Femøsund,crossing-normal,False
2026-09-01T11:29:57Z,2026-09-13,411,Kragenæs > Femø,3768567,2026-09-13T11:55:00,2026-09-13T12:50:00,11,96,98,M/F Femøsund,crossing-normal,False
2026-09-01T11:29:57Z,2026-09-13,411,Kragenæs > Femø,3768568,2026-09-13T14:10:00,2026-09-13T15:05:00,12,98,98,M/F Femøsund,crossing-normal,False
2026-09-01T11:29:57Z,2026-09-13,411,Kragenæs > Femø,3768569,2026-09-13T16:20:00,2026-09-13T17:15:00,11,96,98,M/F Femøsund,crossing-normal,False
2026-09-01T11:29:57Z,2026-09-13,411,Kragenæs > Femø,3768570,2026-09-13T18:55:00,2026-09-13T19:50:00,15,98,98,M/F Femøsund,crossing-normal,False
2026-09-01T11:29:57Z,2026-09-13,411,Kragenæs > Femø,3768571,2026-09-13T21:10:00,2026-09-13T22:05:00,15,98,98,M/F Femøsund,crossing-normal,False
2026-09-01T11:29:57Z,2026-09-13,411,Femø > Kragenæs,3769896,2026-09-13T06:00:00,2026-09-13T06:55:00,13,96,98,M/F Femøsund,crossing-normal,False
2026-09-01T11:29:57Z,2026-09-13,411,Femø > Kragenæs,3769950,2026-09-13T09:50:00,2026-09-13T10:45:00,11,96,98,M/F Femøsund,crossing-normal,False
2026-09-01T11:29:57Z,2026-09-13,411,Femø > Kragenæs,3768574,2026-09-13T13:00:00,2026-09-13T13:55:00,11,87,98,M/F Femøsund,crossing-normal,False
2026-09-01T11:29:57Z,2026-09-13,411,Femø > Kragenæs,3768575,2026-09-13T15:10:00,2026-09-13T16:05:00,10,90,98,M/F Femøsund,crossing-normal,False
2026-09-01T11:29:57Z,2026-09-13,411,Femø > Kragenæs,3768576,2026-09-13T17:40:00,2026-09-13T18:35:00,11,95,98,M/F Femøsund,crossing-normal,False
2026-09-01T11:29:57Z,2026-09-13,411,Femø > Kragenæs,3768577,2026-09-13T20:00:00,2026-09-13T20:55:00,14,97,98,M/F Femøsund,crossing-normal,False
2026-09-01T11:29:57Z,2026-09-13,413,Kragenæs > Askø,3769977,2026-09-13T07:10:00,2026-09-13T07:50:00,15,98,98,M/F Femøsund,crossing-normal,False
2026-09-01T11:29:57Z,2026-09-13,413,Kragenæs > Askø,3768555,2026-09-13T13:15:00,2026-09-13T13:45:00,11,95,95,"Der sejles fra Bandholm, der billetteres som fra Kragenæs",crossing-comment,False
2026-09-01T11:29:57Z,2026-09-13,413,Kragenæs > Askø,3768556,2026-09-13T14:45:00,2026-09-13T15:25:00,13,95,95,M/F Askø,crossing-normal,False
2026-09-01T11:29:57Z,2026-09-13,413,Kragenæs > Askø,3768557,2026-09-13T16:45:00,2026-09-13T17:25:00,12,93,95,M/F Askø,crossing-normal,False
2026-09-01T11:29:57Z,2026-09-13,413,Kragenæs > Askø,3768558,2026-09-13T18:25:00,2026-09-13T19:05:00,13,95,95,M/F Askø,crossing-normal,False
2026-09-01T11:29:57Z,2026-09-13,413,Kragenæs > Askø,3768559,2026-09-13T19:50:00,2026-09-13T20:30:00,13,95,95,M/F Askø,crossing-normal,False
2026-09-01T11:29:57Z,2026-09-13,413,Askø > Kragenæs,3770004,2026-09-13T07:55:00,2026-09-13T08:35:00,13,94,98,M/F Femøsund,crossing-normal,False
2026-09-01T11:29:57Z,2026-09-13,413,Askø > Kragenæs,3768561,2026-09-13T13:50:00,2026-09-13T14:30:00,10,92,95,M/F Askø,crossing-normal,False
2026-09-01T11:29:57Z,2026-09-13,413,Askø > Kragenæs,3768562,2026-09-13T15:45:00,2026-09-13T16:25:00,11,91,95,M/F Askø,crossing-normal,False
2026-09-01T11:29:57Z,2026-09-13,413,Askø > Kragenæs,3768563,2026-09-13T17:30:00,2026-09-13T18:10:00,12,93,95,M/F Askø,crossing-normal,False
2026-09-01T11:29:57Z,2026-09-13,413,Askø > Kragenæs,3768564,2026-09-13T18:55:00,2026-09-13T19:35:00,13,95,95,M/F Askø,crossing-normal,False
2026-09-01T11:29:57Z,2026-09-13,413,Askø > Kragenæs,3768565,2026-09-13T20:35:00,2026-09-13T21:15:00,13,95,95,M/F Askø,crossing-normal,False
2026-09-01T11:29:57Z,2026-09-13,414,Kragenæs > Fejø,3771042,2026-09-13T06:05:00,2026-09-13T06:25:00,24,98,98,M/F Christine,crossing-normal,False
2026-09-01T11:29:57Z,2026-09-13,414,Kragenæs > Fejø,3771084,2026-09-13T07:05:00,2026-09-13T07:25:00,24,98,98,M/F Christine,crossing-normal,False
2026-09-01T11:29:57Z,2026-09-13,414,Kragenæs > Fejø,3771126,2026-09-13T08:00:00,2026-09-13T08:20:00,24,98,98,M/F Christine,crossing-normal,False
2026-09-01T11:29:57Z,2026-09-13,414,Kragenæs > Fejø,3771168,2026-09-13T09:05:00,2026-09-13T09:25:00,24,98,98,M/F Christine,crossing-normal,False
2026-09-01T11:29:57Z,2026-09-13,414,Kragenæs > Fejø,3771210,2026-09-13T10:05:00,2026-09-13T10:25:00,23,96,98,M/F Christine,crossing-normal,False
2026-09-01T11:29:57Z,2026-09-13,414,Kragenæs > Fejø,3763055,2026-09-13T12:50:00,2026-09-13T13:10:00,22,92,98,M/F Christine,crossing-normal,False
2026-09-01T11:29:57Z,2026-09-13,414,Kragenæs > Fejø,3763170,2026-09-13T13:50:00,2026-09-13T14:10:00,24,98,98,M/F Christine,crossing-normal,False
2026-09-01T11:29:57Z,2026-09-13,414,Kragenæs > Fejø,3763285,2026-09-13T14:50:00,2026-09-13T15:10:00,24,98,98,M/F Christine,crossing-normal,False
2026-09-01T11:29:57Z,2026-09-13,414,Kragenæs > Fejø,3763400,2026-09-13T15:50:00,2026-09-13T16:10:00,24,98,98,M/F Christine,crossing-normal,False
2026-09-01T11:29:57Z,2026-09-13,414,Kragenæs > Fejø,3763515,2026-09-13T16:50:00,2026-09-13T17:10:00,24,98,98,M/F Christine,crossing-normal,False
2026-09-01T11:29:57Z,2026-09-13,414,Kragenæs > Fejø,3763630,2026-09-13T17:50:00,2026-09-13T18:10:00,24,98,98,M/F Christine,crossing-normal,False
2026-09-01T11:29:57Z,2026-09-13,414,Kragenæs > Fejø,3763745,2026-09-13T18:50:00,2026-09-13T19:10:00,24,98,98,M/F Christine,crossing-normal,False
2026-09-01T11:29:57Z,2026-09-13,414,Kragenæs > Fejø,3763860,2026-09-13T19:50:00,2026-09-13T20:10:00,24,98,98,M/F Christine,crossing-normal,False
2026-09-01T11:29:57Z,2026-09-13,414,Kragenæs > Fejø,3763975,2026-09-13T20:50:00,2026-09-13T21:10:00,24,98,98,M/F Christine,crossing-normal,False
2026-09-01T11:29:57Z,2026-09-13,414,Kragenæs > Fejø,3764090,2026-09-13T22:10:00,2026-09-13T22:30:00,24,98,98,M/F Christine,crossing-normal,False
2026-09-01T11:29:57Z,2026-09-13,414,Fejø > Kragenæs,3770328,2026-09-13T05:30:00,2026-09-13T05:50:00,24,98,98,M/F Christine,crossing-normal,False
2026-09-01T11:29:57Z,2026-09-13,414,Fejø > Kragenæs,3770370,2026-09-13T06:35:00,2026-09-13T06:55:00,24,98,98,M/F Christine,crossing-normal,False
2026-09-01T11:29:57Z,2026-09-13,414,Fejø > Kragenæs,3770412,2026-09-13T07:30:00,2026-09-13T07:50:00,24,98,98,M/F Christine,crossing-normal,False
2026-09-01T11:29:57Z,2026-09-13,414,Fejø > Kragenæs,3770454,2026-09-13T08:30:00,2026-09-13T08:50:00,24,98,98,M/F Christine,crossing-normal,False
2026-09-01T11:29:57Z,2026-09-13,414,Fejø > Kragenæs,3770496,2026-09-13T09:30:00,2026-09-13T09:50:00,24,98,98,M/F Christine,crossing-normal,False
2026-09-01T11:29:57Z,2026-09-13,414,Fejø > Kragenæs,3770538,2026-09-13T10:30:00,2026-09-13T10:50:00,24,97,98,M/F Christine,crossing-normal,False
2026-09-01T11:29:57Z,2026-09-13,414,Fejø > Kragenæs,3765010,2026-09-13T13:15:00,2026-09-13T13:35:00,24,98,98,M/F Christine,crossing-normal,False
2026-09-01T11:29:57Z,2026-09-13,414,Fejø > Kragenæs,3765125,2026-09-13T14:15:00,2026-09-13T14:35:00,24,98,98,M/F Christine,crossing-normal,False
2026-09-01T11:29:57Z,2026-09-13,414,Fejø > Kragenæs,3765240,2026-09-13T15:15:00,2026-09-13T15:35:00,24,98,98,M/F Christine,crossing-normal,False
2026-09-01T11:29:57Z,2026-09-13,414,Fejø > Kragenæs,3765355,2026-09-13T16:15:00,2026-09-13T16:35:00,23,94,98,M/F Christine,crossing-normal,False
2026-09-01T11:29:57Z,2026-09-13,414,Fejø > Kragenæs,3765470,2026-09-13T17:15:00,2026-09-13T17:35:00,23,96,98,M/F Christine,crossing-normal,False
2026-09-01T11:29:57Z,2026-09-13,414,Fejø > Kragenæs,3765585,2026-09-13T18:15:00,2026-09-13T18:35:00,24,98,98,M/F Christine,crossing-normal,False
2026-09-01T11:29:57Z,2026-09-13,414,Fejø > Kragenæs,3765700,2026-09-13T19:15:00,2026-09-13T19:35:00,24,98,98,M/F Christine,crossing-normal,False
2026-09-01T11:29:57Z,2026-09-13,414,Fejø > Kragenæs,3765815,2026-09-13T20:15:00,2026-09-13T20:35:00,24,98,98,M/F Christine,crossing-normal,False
2026-09-01T11:29:57Z,2026-09-13,414,Fejø > Kragenæs,3765930,2026-09-13T21:15:00,2026-09-13T21:35:00,24,98,98,M/F Christine,crossing-normal,False
2026-09-01T11:29:57Z,2026-09-14,411,Kragenæs > Femø,3767206,2026-09-14T07:10:00,2026-09-14T08:05:00,3,95,98,M/F Femøsund,crossing-normal,False
2026-09-01T11:29:57Z,2026-09-14,411,Kragenæs > Femø,3767223,2026-09-14T09:20:00,2026-09-14T10:15:00,13,97,98,M/F Femøsund,crossing-normal,False
2026-09-01T11:29:57Z,2026-09-14,411,Kragenæs > Femø,3767240,2026-09-14T12:35:00,2026-09-14T13:30:00,14,97,98,M/F Femøsund,crossing-normal,False
2026-09-01T11:29:57Z,2026-09-14,411,Kragenæs > Femø,3767257,2026-09-14T14:45:00,2026-09-14T15:40:00,15,98,98,M/F Femøsund,crossing-normal,False
2026-09-01T11:29:57Z,2026-09-14,411,Kragenæs > Femø,3767787,2026-09-14T15:40:00,2026-09-14T16:35:00,12,94,95,M/F Askø,crossing-normal,False
2026-09-01T11:29:57Z,2026-09-14,411,Kragenæs > Femø,3767274,2026-09-14T16:55:00,2026-09-14T17:50:00,15,98,98,M/F Femøsund,crossing-normal,False
2026-09-01T11:29:57Z,2026-09-14,411,Kragenæs > Femø,3767291,2026-09-14T19:05:00,2026-09-14T20:00:00,15,98,98,M/F Femøsund,crossing-normal,False
2026-09-01T11:29:57Z,2026-09-14,411,Kragenæs > Femø,3767308,2026-09-14T21:15:00,2026-09-14T22:10:00,15,98,98,M/F Femøsund,crossing-normal,False
2026-09-01T11:29:57Z,2026-09-14,411,Femø > Kragenæs,3767870,2026-09-14T06:00:00,2026-09-14T06:55:00,14,97,98,M/F Femøsund,crossing-normal,False
2026-09-01T11:29:57Z,2026-09-14,411,Femø > Kragenæs,3767887,2026-09-14T08:10:00,2026-09-14T09:05:00,15,98,98,M/F Femøsund,crossing-normal,False
2026-09-01T11:29:57Z,2026-09-14,411,Femø > Kragenæs,3767904,2026-09-14T10:40:00,2026-09-14T11:35:00,15,98,98,M/F Femøsund,crossing-normal,False
2026-09-01T11:29:57Z,2026-09-14,411,Femø > Kragenæs,3767921,2026-09-14T13:35:00,2026-09-14T14:30:00,15,98,98,M/F Femøsund,crossing-normal,False
2026-09-01T11:29:57Z,2026-09-14,411,Femø > Kragenæs,3767938,2026-09-14T15:45:00,2026-09-14T16:40:00,15,98,98,M/F Femøsund,crossing-normal,False
2026-09-01T11:29:57Z,2026-09-14,411,Femø > Kragenæs,3768451,2026-09-14T16:45:00,2026-09-14T17:40:00,13,95,95,M/F Askø,crossing-normal,False
2026-09-01T11:29:57Z,2026-09-14,411,Femø > Kragenæs,3767955,2026-09-14T17:55:00,2026-09-14T18:50:00,15,98,98,M/F Femøsund,crossing-normal,False
2026-09-01T11:29:57Z,2026-09-14,411,Femø > Kragenæs,3767972,2026-09-14T20:05:00,2026-09-14T21:00:00,15,98,98,M/F Femøsund,crossing-normal,False
2026-09-01T11:29:57Z,2026-09-14,413,Kragenæs > Askø,3766044,2026-09-14T06:00:00,2026-09-14T06:40:00,13,95,95,M/F Askø,crossing-normal,False
2026-09-01T11:29:57Z,2026-09-14,413,Kragenæs > Askø,3766061,2026-09-14T07:40:00,2026-09-14T08:20:00,13,95,95,M/F Askø,crossing-normal,False
2026-09-01T11:29:57Z,2026-09-14,413,Kragenæs > Askø,3766078,2026-09-14T09:45:00,2026-09-14T10:25:00,13,95,95,M/F Askø,crossing-normal,False
2026-09-01T11:29:57Z,2026-09-14,413,Kragenæs > Askø,3766095,2026-09-14T11:25:00,2026-09-14T12:05:00,13,95,95,M/F Askø,crossing-normal,False
2026-09-01T11:29:57Z,2026-09-14,413,Kragenæs > Askø,3766112,2026-09-14T13:55:00,2026-09-14T14:35:00,13,95,95,M/F Askø,crossing-normal,False
2026-09-01T11:29:57Z,2026-09-14,413,Kragenæs > Askø,3766129,2026-09-14T17:55:00,2026-09-14T18:35:00,12,93,95,M/F Askø,crossing-normal,False
2026-09-01T11:29:57Z,2026-09-14,413,Kragenæs > Askø,3766146,2026-09-14T19:40:00,2026-09-14T20:20:00,13,95,95,M/F Askø,crossing-normal,False
2026-09-01T11:29:57Z,2026-09-14,413,Askø > Kragenæs,3766625,2026-09-14T06:45:00,2026-09-14T07:25:00,13,95,95,M/F Askø,crossing-normal,False
2026-09-01T11:29:57Z,2026-09-14,413,Askø > Kragenæs,3766642,2026-09-14T08:50:00,2026-09-14T09:30:00,13,95,95,M/F Askø,crossing-normal,False
2026-09-01T11:29:57Z,2026-09-14,413,Askø > Kragenæs,3766659,2026-09-14T10:30:00,2026-09-14T11:10:00,12,94,95,M/F Askø,crossing-normal,False
2026-09-01T11:29:57Z,2026-09-14,413,Askø > Kragenæs,3766676,2026-09-14T12:15:00,2026-09-14T12:55:00,13,95,95,M/F Askø,crossing-normal,False
2026-09-01T11:29:57Z,2026-09-14,413,Askø > Kragenæs,3766693,2026-09-14T14:40:00,2026-09-14T15:20:00,13,95,95,M/F Askø,crossing-normal,False
2026-09-01T11:29:57Z,2026-09-14,413,Askø > Kragenæs,3766710,2026-09-14T18:40:00,2026-09-14T19:20:00,13,95,95,M/F Askø,crossing-normal,False
2026-09-01T11:29:57Z,2026-09-14,413,Askø > Kragenæs,3766727,2026-09-14T20:45:00,2026-09-14T21:25:00,13,95,95,M/F Askø,crossing-normal,False
2026-09-01T11:29:57Z,2026-09-14,414,Kragenæs > Fejø,3762366,2026-09-14T06:05:00,2026-09-14T06:25:00,24,98,98,M/F Christine,crossing-normal,False
2026-09-01T11:29:57Z,2026-09-14,414,Kragenæs > Fejø,3762481,2026-09-14T07:05:00,2026-09-14T07:25:00,24,98,98,M/F Christine,crossing-normal,False
2026-09-01T11:29:57Z,2026-09-14,414,Kragenæs > Fejø,3762596,2026-09-14T08:05:00,2026-09-14T08:25:00,24,98,98,M/F Christine,crossing-normal,False
2026-09-01T11:29:57Z,2026-09-14,414,Kragenæs > Fejø,3762711,2026-09-14T09:05:00,2026-09-14T09:25:00,24,98,98,M/F Christine,crossing-normal,False
2026-09-01T11:29:57Z,2026-09-14,414,Kragenæs > Fejø,3762826,2026-09-14T10:05:00,2026-09-14T10:25:00,24,98,98,M/F Christine,crossing-normal,False
2026-09-01T11:29:57Z,2026-09-14,414,Kragenæs > Fejø,3762941,2026-09-14T11:05:00,2026-09-14T11:25:00,24,98,98,M/F Christine,crossing-normal,False
2026-09-01T11:29:57Z,2026-09-14,414,Kragenæs > Fejø,3763056,2026-09-14T12:50:00,2026-09-14T13:10:00,24,98,98,M/F Christine,crossing-normal,False
2026-09-01T11:29:57Z,2026-09-14,414,Kragenæs > Fejø,3763171,2026-09-14T13:50:00,2026-09-14T14:10:00,24,98,98,M/F Christine,crossing-normal,False
2026-09-01T11:29:57Z,2026-09-14,414,Kragenæs > Fejø,3763286,2026-09-14T14:50:00,2026-09-14T15:10:00,24,98,98,M/F Christine,crossing-normal,False
2026-09-01T11:29:57Z,2026-09-14,414,Kragenæs > Fejø,3763401,2026-09-14T15:50:00,2026-09-14T16:10:00,23,97,98,M/F Christine,crossing-normal,False
2026-09-01T11:29:57Z,2026-09-14,414,Kragenæs > Fejø,3763516,2026-09-14T16:50:00,2026-09-14T17:10:00,24,98,98,M/F Christine,crossing-normal,False
2026-09-01T11:29:57Z,2026-09-14,414,Kragenæs > Fejø,3763631,2026-09-14T17:50:00,2026-09-14T18:10:00,24,98,98,M/F Christine,crossing-normal,False
2026-09-01T11:29:57Z,2026-09-14,414,Kragenæs > Fejø,3763746,2026-09-14T18:50:00,2026-09-14T19:10:00,24,98,98,M/F Christine,crossing-normal,False
2026-09-01T11:29:57Z,2026-09-14,414,Kragenæs > Fejø,3763861,2026-09-14T19:50:00,2026-09-14T20:10:00,24,98,98,M/F Christine,crossing-normal,False
2026-09-01T11:29:57Z,2026-09-14,414,Kragenæs > Fejø,3763976,2026-09-14T20:50:00,2026-09-14T21:10:00,24,98,98,M/F Christine,crossing-normal,False
2026-09-01T11:29:57Z,2026-09-14,414,Kragenæs > Fejø,3764091,2026-09-14T22:10:00,2026-09-14T22:30:00,24,98,98,M/F Christine,crossing-normal,False
2026-09-01T11:29:57Z,2026-09-14,414,Fejø > Kragenæs,3764206,2026-09-14T05:30:00,2026-09-14T05:50:00,24,98,98,M/F Christine,crossing-normal,False
2026-09-01T11:29:57Z,2026-09-14,414,Fejø > Kragenæs,3764321,2026-09-14T06:30:00,2026-09-14T06:50:00,23,97,98,M/F Christine,crossing-normal,False
2026-09-01T11:29:57Z,2026-09-14,414,Fejø > Kragenæs,3764436,2026-09-14T07:30:00,2026-09-14T07:50:00,24,98,98,M/F Christine,crossing-normal,False
2026-09-01T11:29:57Z,2026-09-14,414,Fejø > Kragenæs,3764551,2026-09-14T08:30:00,2026-09-14T08:50:00,24,98,98,M/F Christine,crossing-normal,False
2026-09-01T11:29:57Z,2026-09-14,414,Fejø > Kragenæs,3764666,2026-09-14T09:30:00,2026-09-14T09:50:00,24,98,98,M/F Christine,crossing-normal,False
2026-09-01T11:29:57Z,2026-09-14,414,Fejø > Kragenæs,3764781,2026-09-14T10:30:00,2026-09-14T10:50:00,24,98,98,M/F Christine,crossing-normal,False
2026-09-01T11:29:57Z,2026-09-14,414,Fejø > Kragenæs,3764896,2026-09-14T11:30:00,2026-09-14T11:50:00,24,98,98,M/F Christine,crossing-normal,False
2026-09-01T11:29:57Z,2026-09-14,414,Fejø > Kragenæs,3765011,2026-09-14T13:15:00,2026-09-14T13:35:00,24,98,98,M/F Christine,crossing-normal,False
2026-09-01T11:29:57Z,2026-09-14,414,Fejø > Kragenæs,3765126,2026-09-14T14:15:00,2026-09-14T14:35:00,24,98,98,M/F Christine,crossing-normal,False
2026-09-01T11:29:57Z,2026-09-14,414,Fejø > Kragenæs,3765241,2026-09-14T15:15:00,2026-09-14T15:35:00,23,96,98,M/F Christine,crossing-normal,False
2026-09-01T11:29:57Z,2026-09-14,414,Fejø > Kragenæs,3765356,2026-09-14T16:15:00,2026-09-14T16:35:00,24,98,98,M/F Christine,crossing-normal,False
2026-09-01T11:29:57Z,2026-09-14,414,Fejø > Kragenæs,3765471,2026-09-14T17:15:00,2026-09-14T17:35:00,24,98,98,M/F Christine,crossing-normal,False
2026-09-01T11:29:57Z,2026-09-14,414,Fejø > Kragenæs,3765586,2026-09-14T18:15:00,2026-09-14T18:35:00,24,98,98,M/F Christine,crossing-normal,False
2026-09-01T11:29:57Z,2026-09-14,414,Fejø > Kragenæs,3765701,2026-09-14T19:15:00,2026-09-14T19:35:00,24,98,98,M/F Christine,crossing-normal,False
2026-09-01T11:29:57Z,2026-09-14,414,Fejø > Kragenæs,3765816,2026-09-14T20:15:00,2026-09-14T20:35:00,24,98,98,M/F Christine,crossing-normal,False
2026-09-01T11:29:57Z,2026-09-14,414,Fejø > Kragenæs,3765931,2026-09-14T21:15:00,2026-09-14T21:35:00,24,98,98,M/F Christine,crossing-normal,False
2026-09-01T11:29:57Z,2026-09-15,411,Kragenæs > Femø,3767207,2026-09-15T07:10:00,2026-09-15T08:05:00,15,98,98,M/F Femøsund,crossing-normal,False
2026-09-01T11:29:57Z,2026-09-15,411,Kragenæs > Femø,3767224,2026-09-15T09:20:00,2026-09-15T10:15:00,15,98,98,M/F Femøsund,crossing-normal,False
2026-09-01T11:29:57Z,2026-09-15,411,Kragenæs > Femø,3767241,2026-09-15T12:35:00,2026-09-15T13:30:00,15,98,98,M/F Femøsund,crossing-normal,False
2026-09-01T11:29:57Z,2026-09-15,411,Kragenæs > Femø,3767258,2026-09-15T14:45:00,2026-09-15T15:40:00,12,98,98,M/F Femøsund,crossing-normal,False
2026-09-01T11:29:57Z,2026-09-15,411,Kragenæs > Femø,3767788,2026-09-15T15:40:00,2026-09-15T16:35:00,11,92,95,M/F Askø,crossing-normal,False
2026-09-01T11:29:57Z,2026-09-15,411,Kragenæs > Femø,3767275,2026-09-15T16:55:00,2026-09-15T17:50:00,14,97,98,M/F Femøsund,crossing-normal,False
2026-09-01T11:29:57Z,2026-09-15,411,Kragenæs > Femø,3767292,2026-09-15T19:05:00,2026-09-15T20:00:00,15,98,98,M/F Femøsund,crossing-normal,False
2026-09-01T11:29:57Z,2026-09-15,411,Kragenæs > Femø,3767309,2026-09-15T21:15:00,2026-09-15T22:10:00,15,98,98,M/F Femøsund,crossing-normal,False
2026-09-01T11:29:57Z,2026-09-15,411,Femø > Kragenæs,3767871,2026-09-15T06:00:00,2026-09-15T06:55:00,13,96,98,M/F Femøsund,crossing-normal,False
2026-09-01T11:29:57Z,2026-09-15,411,Femø > Kragenæs,3767888,2026-09-15T08:10:00,2026-09-15T09:05:00,14,96,98,M/F Femøsund,crossing-normal,False
2026-09-01T11:29:57Z,2026-09-15,411,Femø > Kragenæs,3767905,2026-09-15T10:40:00,2026-09-15T11:35:00,12,98,98,M/F Femøsund,crossing-normal,False
2026-09-01T11:29:57Z,2026-09-15,411,Femø > Kragenæs,3767922,2026-09-15T13:35:00,2026-09-15T14:30:00,15,98,98,M/F Femøsund,crossing-normal,False
2026-09-01T11:29:57Z,2026-09-15,411,Femø > Kragenæs,3767939,2026-09-15T15:45:00,2026-09-15T16:40:00,15,98,98,M/F Femøsund,crossing-normal,False
2026-09-01T11:29:57Z,2026-09-15,411,Femø > Kragenæs,3768452,2026-09-15T16:45:00,2026-09-15T17:40:00,13,95,95,M/F Askø,crossing-normal,False
2026-09-01T11:29:57Z,2026-09-15,411,Femø > Kragenæs,3767956,2026-09-15T17:55:00,2026-09-15T18:50:00,15,98,98,M/F Femøsund,crossing-normal,False
2026-09-01T11:29:57Z,2026-09-15,411,Femø > Kragenæs,3767973,2026-09-15T20:05:00,2026-09-15T21:00:00,15,98,98,M/F Femøsund,crossing-normal,False
2026-09-01T11:29:57Z,2026-09-15,413,Kragenæs > Askø,3766045,2026-09-15T06:00:00,2026-09-15T06:40:00,13,95,95,M/F Askø,crossing-normal,False
2026-09-01T11:29:57Z,2026-09-15,413,Kragenæs > Askø,3766062,2026-09-15T07:40:00,2026-09-15T08:20:00,13,95,95,M/F Askø,crossing-normal,False
2026-09-01T11:29:57Z,2026-09-15,413,Kragenæs > Askø,3766079,2026-09-15T09:45:00,2026-09-15T10:25:00,13,95,95,M/F Askø,crossing-normal,False
2026-09-01T11:29:57Z,2026-09-15,413,Kragenæs > Askø,3766096,2026-09-15T11:25:00,2026-09-15T12:05:00,13,95,95,M/F Askø,crossing-normal,False
2026-09-01T11:29:57Z,2026-09-15,413,Kragenæs > Askø,3766113,2026-09-15T13:55:00,2026-09-15T14:35:00,13,95,95,M/F Askø,crossing-normal,False
2026-09-01T11:29:57Z,2026-09-15,413,Kragenæs > Askø,3766130,2026-09-15T17:55:00,2026-09-15T18:35:00,13,95,95,M/F Askø,crossing-normal,False
2026-09-01T11:29:57Z,2026-09-15,413,Kragenæs > Askø,3766147,2026-09-15T19:40:00,2026-09-15T20:20:00,13,95,95,M/F Askø,crossing-normal,False
2026-09-01T11:29:57Z,2026-09-15,413,Askø > Kragenæs,3766626,2026-09-15T06:45:00,2026-09-15T07:25:00,13,95,95,M/F Askø,crossing-normal,False
2026-09-01T11:29:57Z,2026-09-15,413,Askø > Kragenæs,3766643,2026-09-15T08:50:00,2026-09-15T09:30:00,13,95,95,M/F Askø,crossing-normal,False
2026-09-01T11:29:57Z,2026-09-15,413,Askø > Kragenæs,3766660,2026-09-15T10:30:00,2026-09-15T11:10:00,13,95,95,M/F Askø,crossing-normal,False
2026-09-01T11:29:57Z,2026-09-15,413,Askø > Kragenæs,3766677,2026-09-15T12:15:00,2026-09-15T12:55:00,13,95,95,M/F Askø,crossing-normal,False
2026-09-01T11:29:57Z,2026-09-15,413,Askø > Kragenæs,3766694,2026-09-15T14:40:00,2026-09-15T15:20:00,13,95,95,M/F Askø,crossing-normal,False
2026-09-01T11:29:57Z,2026-09-15,413,Askø > Kragenæs,3766711,2026-09-15T18:40:00,2026-09-15T19:20:00,13,95,95,M/F Askø,crossing-normal,False
2026-09-01T11:29:57Z,2026-09-15,413,Askø > Kragenæs,3766728,2026-09-15T20:45:00,2026-09-15T21:25:00,13,95,95,M/F Askø,crossing-normal,False
2026-09-01T11:29:57Z,2026-09-15,414,Kragenæs > Fejø,3762367,2026-09-15T06:05:00,2026-09-15T06:25:00,24,98,98,M/F Christine,crossing-normal,False
2026-09-01T11:29:57Z,2026-09-15,414,Kragenæs > Fejø,3762482,2026-09-15T07:05:00,2026-09-15T07:25:00,24,98,98,M/F Christine,crossing-normal,False
2026-09-01T11:29:57Z,2026-09-15,414,Kragenæs > Fejø,3762597,2026-09-15T08:05:00,2026-09-15T08:25:00,24,98,98,M/F Christine,crossing-normal,False
2026-09-01T11:29:57Z,2026-09-15,414,Kragenæs > Fejø,3762712,2026-09-15T09:05:00,2026-09-15T09:25:00,24,98,98,M/F Christine,crossing-normal,False
2026-09-01T11:29:57Z,2026-09-15,414,Kragenæs > Fejø,3762827,2026-09-15T10:05:00,2026-09-15T10:25:00,20,97,98,M/F Christine,crossing-normal,False
2026-09-01T11:29:57Z,2026-09-15,414,Kragenæs > Fejø,3762942,2026-09-15T11:05:00,2026-09-15T11:25:00,24,98,98,M/F Christine,crossing-normal,False
2026-09-01T11:29:57Z,2026-09-15,414,Kragenæs > Fejø,3763057,2026-09-15T12:50:00,2026-09-15T13:10:00,24,98,98,M/F Christine,crossing-normal,False
2026-09-01T11:29:57Z,2026-09-15,414,Kragenæs > Fejø,3763172,2026-09-15T13:50:00,2026-09-15T14:10:00,24,98,98,M/F Christine,crossing-normal,False
2026-09-01T11:29:57Z,2026-09-15,414,Kragenæs > Fejø,3763287,2026-09-15T14:50:00,2026-09-15T15:10:00,23,97,98,M/F Christine,crossing-normal,False
2026-09-01T11:29:57Z,2026-09-15,414,Kragenæs > Fejø,3763402,2026-09-15T15:50:00,2026-09-15T16:10:00,24,98,98,M/F Christine,crossing-normal,False
2026-09-01T11:29:57Z,2026-09-15,414,Kragenæs > Fejø,3763517,2026-09-15T16:50:00,2026-09-15T17:10:00,24,98,98,M/F Christine,crossing-normal,False
2026-09-01T11:29:57Z,2026-09-15,414,Kragenæs > Fejø,3763632,2026-09-15T17:50:00,2026-09-15T18:10:00,24,98,98,M/F Christine,crossing-normal,False
2026-09-01T11:29:57Z,2026-09-15,414,Kragenæs > Fejø,3763747,2026-09-15T18:50:00,2026-09-15T19:10:00,24,98,98,M/F Christine,crossing-normal,False
2026-09-01T11:29:57Z,2026-09-15,414,Kragenæs > Fejø,3763862,2026-09-15T19:50:00,2026-09-15T20:10:00,24,98,98,M/F Christine,crossing-normal,False
2026-09-01T11:29:57Z,2026-09-15,414,Kragenæs > Fejø,3763977,2026-09-15T20:50:00,2026-09-15T21:10:00,24,98,98,M/F Christine,crossing-normal,False
2026-09-01T11:29:57Z,2026-09-15,414,Kragenæs > Fejø,3764092,2026-09-15T22:10:00,2026-09-15T22:30:00,24,98,98,M/F Christine,crossing-normal,False
2026-09-01T11:29:57Z,2026-09-15,414,Fejø > Kragenæs,3764207,2026-09-15T05:30:00,2026-09-15T05:50:00,24,98,98,M/F Christine,crossing-normal,False
2026-09-01T11:29:57Z,2026-09-15,414,Fejø > Kragenæs,3764322,2026-09-15T06:30:00,2026-09-15T06:50:00,24,98,98,M/F Christine,crossing-normal,False
2026-09-01T11:29:57Z,2026-09-15,414,Fejø > Kragenæs,3764437,2026-09-15T07:30:00,2026-09-15T07:50:00,24,98,98,M/F Christine,crossing-normal,False
2026-09-01T11:29:57Z,2026-09-15,414,Fejø > Kragenæs,3764552,2026-09-15T08:30:00,2026-09-15T08:50:00,23,97,98,M/F Christine,crossing-normal,False
2026-09-01T11:29:57Z,2026-09-15,414,Fejø > Kragenæs,3764667,2026-09-15T09:30:00,2026-09-15T09:50:00,24,98,98,M/F Christine,crossing-normal,False
2026-09-01T11:29:57Z,2026-09-15,414,Fejø > Kragenæs,3764782,2026-09-15T10:30:00,2026-09-15T10:50:00,24,98,98,M/F Christine,crossing-normal,False
2026-09-01T11:29:57Z,2026-09-15,414,Fejø > Kragenæs,3764897,2026-09-15T11:30:00,2026-09-15T11:50:00,20,97,98,M/F Christine,crossing-normal,False
2026-09-01T11:29:57Z,2026-09-15,414,Fejø > Kragenæs,3765012,2026-09-15T13:15:00,2026-09-15T13:35:00,24,98,98,M/F Christine,crossing-normal,False
2026-09-01T11:29:57Z,2026-09-15,414,Fejø > Kragenæs,3765127,2026-09-15T14:15:00,2026-09-15T14:35:00,24,98,98,M/F Christine,crossing-normal,False
2026-09-01T11:29:57Z,2026-09-15,414,Fejø > Kragenæs,3765242,2026-09-15T15:15:00,2026-09-15T15:35:00,24,98,98,M/F Christine,crossing-normal,False
2026-09-01T11:29:57Z,2026-09-15,414,Fejø > Kragenæs,3765357,2026-09-15T16:15:00,2026-09-15T16:35:00,24,98,98,M/F Christine,crossing-normal,False
2026-09-01T11:29:57Z,2026-09-15,414,Fejø > Kragenæs,3765472,2026-09-15T17:15:00,2026-09-15T17:35:00,24,98,98,M/F Christine,crossing-normal,False
2026-09-01T11:29:57Z,2026-09-15,414,Fejø > Kragenæs,3765587,2026-09-15T18:15:00,2026-09-15T18:35:00,24,98,98,M/F Christine,crossing-normal,False
2026-09-01T11:29:57Z,2026-09-15,414,Fejø > Kragenæs,3765702,2026-09-15T19:15:00,2026-09-15T19:35:00,24,98,98,M/F Christine,crossing-normal,False
2026-09-01T11:29:57Z,2026-09-15,414,Fejø > Kragenæs,3765817,2026-09-15T20:15:00,2026-09-15T20:35:00,24,98,98,M/F Christine,crossing-normal,False
2026-09-01T11:29:57Z,2026-09-15,414,Fejø > Kragenæs,3765932,2026-09-15T21:15:00,2026-09-15T21:35:00,24,98,98,M/F Christine,crossing-normal,False
