ts_utc,mmsi,lat,lon,sog,nav
2026-08-26T00:00:03Z,219000809,54.971905,11.514575,0.0,Under way using engine
2026-08-26T00:00:05Z,219002177,54.935958,11.371997,0.0,Under way using engine
2026-08-26T00:00:10Z,219000811,54.838715,11.491815,0.0,Under way using engine
2026-08-26T00:00:42Z,219000809,54.971908,11.514592,0.0,Under way using engine
2026-08-26T00:00:44Z,219002177,54.935963,11.372018,0.0,Under way using engine
2026-08-26T00:00:48Z,219000811,54.838720,11.491818,0.0,Under way using engine
2026-08-26T00:01:13Z,219000809,54.971912,11.514588,0.0,Under way using engine
2026-08-26T00:01:15Z,219002177,54.935967,11.372002,0.0,Under way using engine
2026-08-26T00:01:20Z,219000811,54.838725,11.491818,0.0,Under way using engine
2026-08-26T00:01:43Z,219000809,54.971908,11.514590,0.0,Under way using engine
2026-08-26T00:01:55Z,219002177,54.935955,11.371998,0.0,Under way using engine
2026-08-26T00:02:00Z,219000811,54.838727,11.491817,0.0,Under way using engine
2026-08-26T00:02:13Z,219000809,54.971910,11.514595,0.0,Under way using engine
2026-08-26T00:02:34Z,219002177,54.935965,11.372007,0.0,Under way using engine
2026-08-26T00:02:40Z,219000811,54.838723,11.491813,0.0,Under way using engine
2026-08-26T00:02:43Z,219000809,54.971890,11.514587,0.0,Under way using engine
2026-08-26T00:03:05Z,219002177,54.935970,11.372020,0.0,Under way using engine
2026-08-26T00:03:13Z,219000809,54.971883,11.514597,0.0,Under way using engine
2026-08-26T00:03:19Z,219000811,54.838722,11.491813,0.0,Under way using engine
2026-08-26T00:03:43Z,219000809,54.971880,11.514613,0.0,Under way using engine
2026-08-26T00:03:44Z,219002177,54.935965,11.371997,0.0,Under way using engine
2026-08-26T00:04:00Z,219000811,54.838720,11.491817,0.0,Under way using engine
2026-08-26T00:04:13Z,219000809,54.971887,11.514602,0.0,Under way using engine
2026-08-26T00:04:24Z,219002177,54.935943,11.371997,0.0,Under way using engine
2026-08-26T00:04:40Z,219000811,54.838720,11.491818,0.0,Under way using engine
2026-08-26T00:04:43Z,219000809,54.971885,11.514608,0.0,Under way using engine
2026-08-26T00:04:54Z,219002177,54.935920,11.372007,0.0,Under way using engine
2026-08-26T00:05:13Z,219000809,54.971892,11.514598,0.0,Under way using engine
2026-08-26T00:05:19Z,219000811,54.838720,11.491818,0.0,Under way using engine
2026-08-26T00:05:24Z,219002177,54.935937,11.372010,0.0,Under way using engine
2026-08-26T00:05:43Z,219000809,54.971883,11.514583,0.0,Under way using engine
2026-08-26T00:05:54Z,219002177,54.935943,11.371983,0.0,Under way using engine
2026-08-26T00:06:00Z,219000811,54.838718,11.491818,0.0,Under way using engine
2026-08-26T00:06:13Z,219000809,54.971885,11.514582,0.0,Under way using engine
2026-08-26T00:06:30Z,219000811,54.838718,11.491820,0.0,Under way using engine
2026-08-26T00:06:35Z,219002177,54.935952,11.372000,0.0,Under way using engine
2026-08-26T00:06:43Z,219000809,54.971890,11.514595,0.0,Under way using engine
2026-08-26T00:07:00Z,219000811,54.838717,11.491820,0.0,Under way using engine
2026-08-26T00:07:13Z,219000809,54.971897,11.514580,0.0,Under way using engine
2026-08-26T00:07:14Z,219002177,54.935967,11.372002,0.0,Under way using engine
2026-08-26T00:07:30Z,219000811,54.838717,11.491822,0.0,Under way using engine
2026-08-26T00:07:43Z,219000809,54.971897,11.514580,0.0,Under way using engine
2026-08-26T00:07:44Z,219002177,54.935965,11.372012,0.0,Under way using engine
2026-08-26T00:08:00Z,219000811,54.838718,11.491823,0.0,Under way using engine
2026-08-26T00:08:13Z,219000809,54.971890,11.514572,0.0,Under way using engine
2026-08-26T00:08:14Z,219002177,54.935970,11.372008,0.0,Under way using engine
2026-08-26T00:08:30Z,219000811,54.838720,11.491823,0.0,Under way using engine
2026-08-26T00:08:53Z,219000809,54.971892,11.514582,0.0,Under way using engine
2026-08-26T00:08:55Z,219002177,54.935973,11.372012,0.0,Under way using engine
2026-08-26T00:09:00Z,219000811,54.838717,11.491823,0.0,Under way using engine
2026-08-26T00:09:30Z,219000811,54.838717,11.491823,0.0,Under way using engine
2026-08-26T00:09:33Z,219000809,54.971887,11.514580,0.0,Under way using engine
2026-08-26T00:09:35Z,219002177,54.935977,11.372002,0.0,Under way using engine
2026-08-26T00:10:00Z,219000811,54.838717,11.491825,0.0,Under way using engine
2026-08-26T00:10:03Z,219000809,54.971887,11.514582,0.0,Under way using engine
2026-08-26T00:10:14Z,219002177,54.935965,11.371992,0.0,Under way using engine
2026-08-26T00:10:30Z,219000811,54.838717,11.491825,0.0,Under way using engine
2026-08-26T00:10:33Z,219000809,54.971897,11.514588,0.0,Under way using engine
2026-08-26T00:10:55Z,219002177,54.935957,11.372002,0.0,Under way using engine
2026-08-26T00:11:00Z,219000811,54.838717,11.491822,0.0,Under way using engine
2026-08-26T00:11:03Z,219000809,54.971905,11.514580,0.0,Under way using engine
2026-08-26T00:11:30Z,219000811,54.838717,11.491822,0.0,Under way using engine
2026-08-26T00:11:33Z,219000809,54.971910,11.514585,0.0,Under way using engine
2026-08-26T00:11:35Z,219002177,54.935965,11.372007,0.0,Under way using engine
2026-08-26T00:12:00Z,219000811,54.838717,11.491822,0.0,Under way using engine
2026-08-26T00:12:03Z,219000809,54.971912,11.514582,0.0,Under way using engine
2026-08-26T00:12:14Z,219002177,54.935975,11.371995,0.0,Under way using engine
2026-08-26T00:12:30Z,219000811,54.838715,11.491822,0.0,Under way using engine
2026-08-26T00:12:33Z,219000809,54.971913,11.514592,0.0,Under way using engine
2026-08-26T00:12:53Z,219002177,54.935973,11.371982,0.0,Under way using engine
2026-08-26T00:13:00Z,219000811,54.838713,11.491822,0.0,Under way using engine
2026-08-26T00:13:03Z,219000809,54.971910,11.514590,0.0,Under way using engine
2026-08-26T00:13:24Z,219002177,54.935963,11.371990,0.0,Under way using engine
2026-08-26T00:13:30Z,219000811,54.838713,11.491820,0.0,Under way using engine
2026-08-26T00:13:33Z,219000809,54.971903,11.514607,0.0,Under way using engine
2026-08-26T00:14:03Z,219000809,54.971915,11.514592,0.0,Under way using engine
2026-08-26T00:14:09Z,219000811,54.838713,11.491817,0.0,Under way using engine
2026-08-26T00:14:14Z,219002177,54.935968,11.371997,0.0,Under way using engine
2026-08-26T00:14:33Z,219000809,54.971912,11.514568,0.0,Under way using engine
2026-08-26T00:14:39Z,219000811,54.838715,11.491815,0.0,Under way using engine
2026-08-26T00:14:44Z,219002177,54.935968,11.372007,0.0,Under way using engine
2026-08-26T00:15:03Z,219000809,54.971907,11.514592,0.0,Under way using engine
2026-08-26T00:15:09Z,219000811,54.838715,11.491815,0.0,Under way using engine
2026-08-26T00:15:14Z,219002177,54.935972,11.371998,0.0,Under way using engine
2026-08-26T00:15:33Z,219000809,54.971903,11.514605,0.0,Under way using engine
2026-08-26T00:15:39Z,219000811,54.838717,11.491813,0.0,Under way using engine
2026-08-26T00:15:44Z,219002177,54.935985,11.372003,0.0,Under way using engine
2026-08-26T00:16:03Z,219000809,54.971915,11.514588,0.0,Under way using engine
2026-08-26T00:16:09Z,219000811,54.838718,11.491813,0.0,Under way using engine
2026-08-26T00:16:14Z,219002177,54.935957,11.371993,0.0,Under way using engine
2026-08-26T00:16:33Z,219000809,54.971913,11.514592,0.0,Under way using engine
2026-08-26T00:16:39Z,219000811,54.838722,11.491812,0.0,Under way using engine
2026-08-26T00:16:44Z,219002177,54.935963,11.371987,0.0,Under way using engine
2026-08-26T00:17:03Z,219000809,54.971915,11.514597,0.0,Under way using engine
2026-08-26T00:17:09Z,219000811,54.838722,11.491810,0.0,Under way using engine
2026-08-26T00:17:14Z,219002177,54.935972,11.371987,0.0,Under way using engine
2026-08-26T00:17:33Z,219000809,54.971918,11.514615,0.0,Under way using engine
2026-08-26T00:17:50Z,219000811,54.838722,11.491812,0.0,Under way using engine
2026-08-26T00:17:53Z,219002177,54.935980,11.371960,0.0,Under way using engine
2026-08-26T00:18:03Z,219000809,54.971923,11.514610,0.0,Under way using engine
2026-08-26T00:18:20Z,219000811,54.838722,11.491813,0.0,Under way using engine
2026-08-26T00:18:23Z,219002177,54.935962,11.371978,0.0,Under way using engine
2026-08-26T00:18:33Z,219000809,54.971912,11.514605,0.0,Under way using engine
2026-08-26T00:18:50Z,219000811,54.838723,11.491812,0.0,Under way using engine
2026-08-26T00:18:53Z,219002177,54.935973,11.371960,0.0,Under way using engine
2026-08-26T00:19:12Z,219000809,54.971905,11.514587,0.0,Under way using engine
2026-08-26T00:19:20Z,219000811,54.838727,11.491812,0.0,Under way using engine
2026-08-26T00:19:23Z,219002177,54.935968,11.371970,0.0,Under way using engine
2026-08-26T00:19:43Z,219000809,54.971902,11.514590,0.0,Under way using engine
2026-08-26T00:19:53Z,219002177,54.935967,11.371955,0.0,Under way using engine
2026-08-26T00:19:59Z,219000811,54.838730,11.491813,0.0,Under way using engine
2026-08-26T00:20:22Z,219000809,54.971908,11.514583,0.0,Under way using engine
2026-08-26T00:20:23Z,219002177,54.935973,11.371968,0.0,Under way using engine
2026-08-26T00:20:29Z,219000811,54.838728,11.491812,0.0,Under way using engine
2026-08-26T00:20:52Z,219000809,54.971930,11.514565,0.0,Under way using engine
2026-08-26T00:20:53Z,219002177,54.935968,11.371987,0.0,Under way using engine
2026-08-26T00:20:59Z,219000811,54.838730,11.491812,0.0,Under way using engine
2026-08-26T00:21:22Z,219000809,54.971927,11.514583,0.0,Under way using engine
2026-08-26T00:21:29Z,219000811,54.838730,11.491813,0.0,Under way using engine
2026-08-26T00:21:35Z,219002177,54.935980,11.371992,0.0,Under way using engine
2026-08-26T00:21:52Z,219000809,54.971918,11.514595,0.0,Under way using engine
2026-08-26T00:21:59Z,219000811,54.838728,11.491813,0.0,Under way using engine
2026-08-26T00:22:14Z,219002177,54.935977,11.371983,0.0,Under way using engine
2026-08-26T00:22:33Z,219000809,54.971918,11.514587,0.0,Under way using engine
2026-08-26T00:22:40Z,219000811,54.838723,11.491810,0.0,Under way using engine
2026-08-26T00:22:45Z,219002177,54.935967,11.371985,0.0,Under way using engine
2026-08-26T00:23:10Z,219000811,54.838722,11.491810,0.0,Under way using engine
2026-08-26T00:23:13Z,219000809,54.971920,11.514595,0.0,Under way using engine
2026-08-26T00:23:23Z,219002177,54.935975,11.371982,0.0,Under way using engine
2026-08-26T00:23:40Z,219000811,54.838720,11.491810,0.0,Under way using engine
2026-08-26T00:23:52Z,219000809,54.971920,11.514563,0.0,Under way using engine
2026-08-26T00:23:53Z,219002177,54.935983,11.371987,0.0,Under way using engine
2026-08-26T00:24:10Z,219000811,54.838717,11.491812,0.0,Under way using engine
2026-08-26T00:24:22Z,219000809,54.971903,11.514580,0.0,Under way using engine
2026-08-26T00:24:23Z,219002177,54.935982,11.371978,0.0,Under way using engine
2026-08-26T00:24:40Z,219000811,54.838715,11.491813,0.0,Under way using engine
2026-08-26T00:24:52Z,219000809,54.971905,11.514577,0.0,Under way using engine
2026-08-26T00:24:54Z,219002177,54.935983,11.371975,0.0,Under way using engine
2026-08-26T00:25:10Z,219000811,54.838713,11.491815,0.0,Under way using engine
2026-08-26T00:25:22Z,219000809,54.971952,11.514565,0.0,Under way using engine
2026-08-26T00:25:35Z,219002177,54.935987,11.371968,0.0,Under way using engine
2026-08-26T00:25:40Z,219000811,54.838713,11.491815,0.0,Under way using engine
2026-08-26T00:25:52Z,219000809,54.971937,11.514582,0.0,Under way using engine
2026-08-26T00:26:14Z,219002177,54.935982,11.371980,0.0,Under way using engine
2026-08-26T00:26:20Z,219000811,54.838717,11.491813,0.0,Under way using engine
2026-08-26T00:26:22Z,219000809,54.971937,11.514563,0.1,Under way using engine
2026-08-26T00:26:45Z,219002177,54.935993,11.371970,0.0,Under way using engine
2026-08-26T00:26:52Z,219000809,54.971935,11.514585,0.0,Under way using engine
2026-08-26T00:27:00Z,219000811,54.838717,11.491815,0.0,Under way using engine
2026-08-26T00:27:23Z,219002177,54.935988,11.371980,0.0,Under way using engine
2026-08-26T00:27:32Z,219000809,54.971938,11.514590,0.1,Under way using engine
2026-08-26T00:27:38Z,219000811,54.838717,11.491820,0.0,Under way using engine
2026-08-26T00:27:54Z,219002177,54.935988,11.371985,0.0,Under way using engine
2026-08-26T00:28:03Z,219000809,54.971925,11.514597,0.0,Under way using engine
2026-08-26T00:28:09Z,219000811,54.838717,11.491822,0.0,Under way using engine
2026-08-26T00:28:34Z,219002177,54.935998,11.371978,0.0,Under way using engine
2026-08-26T00:28:42Z,219000809,54.971927,11.514582,0.0,Under way using engine
2026-08-26T00:28:49Z,219000811,54.838717,11.491823,0.0,Under way using engine
2026-08-26T00:29:04Z,219002177,54.935980,11.371970,0.0,Under way using engine
2026-08-26T00:29:13Z,219000809,54.971958,11.514588,0.0,Under way using engine
2026-08-26T00:29:20Z,219000811,54.838717,11.491823,0.0,Under way using engine
2026-08-26T00:29:34Z,219002177,54.935987,11.371957,0.0,Under way using engine
2026-08-26T00:29:52Z,219000809,54.971940,11.514578,0.0,Under way using engine
2026-08-26T00:30:00Z,219000811,54.838720,11.491823,0.0,Under way using engine
2026-08-26T00:30:05Z,219002177,54.935958,11.371963,0.0,Under way using engine
2026-08-26T00:30:30Z,219000811,54.838720,11.491822,0.0,Under way using engine
2026-08-26T00:30:32Z,219000809,54.971932,11.514588,0.0,Under way using engine
2026-08-26T00:30:44Z,219002177,54.935983,11.371950,0.0,Under way using engine
2026-08-26T00:31:00Z,219000811,54.838720,11.491823,0.0,Under way using engine
2026-08-26T00:31:03Z,219000809,54.971917,11.514588,0.0,Under way using engine
2026-08-26T00:31:15Z,219002177,54.936005,11.371965,0.0,Under way using engine
2026-08-26T00:31:30Z,219000811,54.838720,11.491823,0.0,Under way using engine
2026-08-26T00:31:33Z,219000809,54.971895,11.514602,0.0,Under way using engine
2026-08-26T00:31:53Z,219002177,54.935980,11.371975,0.0,Under way using engine
2026-08-26T00:32:00Z,219000811,54.838717,11.491823,0.0,Under way using engine
2026-08-26T00:32:03Z,219000809,54.971935,11.514580,0.0,Under way using engine
2026-08-26T00:32:24Z,219002177,54.935968,11.371968,0.0,Under way using engine
2026-08-26T00:32:30Z,219000811,54.838715,11.491825,0.0,Under way using engine
2026-08-26T00:32:33Z,219000809,54.971898,11.514598,0.0,Under way using engine
2026-08-26T00:33:00Z,219000811,54.838715,11.491827,0.0,Under way using engine
2026-08-26T00:33:03Z,219000809,54.971912,11.514582,0.0,Under way using engine
2026-08-26T00:33:05Z,219002177,54.935962,11.371982,0.0,Under way using engine
2026-08-26T00:33:30Z,219000811,54.838715,11.491827,0.0,Under way using engine
2026-08-26T00:33:33Z,219000809,54.971887,11.514595,0.0,Under way using engine
2026-08-26T00:33:44Z,219002177,54.935970,11.371970,0.0,Under way using engine
2026-08-26T00:34:00Z,219000811,54.838715,11.491828,0.0,Under way using engine
2026-08-26T00:34:03Z,219000809,54.971942,11.514593,0.0,Under way using engine
2026-08-26T00:34:15Z,219002177,54.935968,11.371987,0.0,Under way using engine
2026-08-26T00:34:30Z,219000811,54.838715,11.491833,0.0,Under way using engine
2026-08-26T00:34:33Z,219000809,54.971918,11.514583,0.0,Under way using engine
2026-08-26T00:34:53Z,219002177,54.935978,11.371978,0.0,Under way using engine
2026-08-26T00:35:00Z,219000811,54.838715,11.491832,0.0,Under way using engine
2026-08-26T00:35:03Z,219000809,54.971923,11.514568,0.0,Under way using engine
2026-08-26T00:35:24Z,219002177,54.935993,11.371963,0.0,Under way using engine
2026-08-26T00:35:30Z,219000811,54.838717,11.491830,0.0,Under way using engine
2026-08-26T00:35:42Z,219000809,54.971937,11.514578,0.0,Under way using engine
2026-08-26T00:36:05Z,219002177,54.935953,11.371975,0.0,Under way using engine
2026-08-26T00:36:09Z,219000811,54.838713,11.491830,0.0,Under way using engine
2026-08-26T00:36:12Z,219000809,54.971922,11.514567,0.0,Under way using engine
2026-08-26T00:36:40Z,219000811,54.838713,11.491828,0.0,Under way using engine
2026-08-26T00:36:42Z,219000809,54.971923,11.514570,0.0,Under way using engine
2026-08-26T00:36:44Z,219002177,54.935970,11.371982,0.0,Under way using engine
2026-08-26T00:37:12Z,219000809,54.971895,11.514587,0.0,Under way using engine
2026-08-26T00:37:14Z,219002177,54.935983,11.371972,0.0,Under way using engine
2026-08-26T00:37:20Z,219000811,54.838718,11.491825,0.0,Under way using engine
2026-08-26T00:37:42Z,219000809,54.971903,11.514583,0.0,Under way using engine
2026-08-26T00:37:44Z,219002177,54.935962,11.371975,0.0,Under way using engine
2026-08-26T00:37:50Z,219000811,54.838722,11.491823,0.0,Under way using engine
2026-08-26T00:38:12Z,219000809,54.971920,11.514565,0.0,Under way using engine
2026-08-26T00:38:14Z,219002177,54.935972,11.371967,0.0,Under way using engine
2026-08-26T00:38:20Z,219000811,54.838720,11.491820,0.0,Under way using engine
2026-08-26T00:38:42Z,219000809,54.971910,11.514598,0.0,Under way using engine
2026-08-26T00:38:44Z,219002177,54.935975,11.371985,0.0,Under way using engine
2026-08-26T00:38:50Z,219000811,54.838722,11.491817,0.0,Under way using engine
2026-08-26T00:39:12Z,219000809,54.971913,11.514593,0.0,Under way using engine
2026-08-26T00:39:14Z,219002177,54.935990,11.372010,0.0,Under way using engine
2026-08-26T00:39:20Z,219000811,54.838720,11.491817,0.0,Under way using engine
2026-08-26T00:39:42Z,219000809,54.971917,11.514583,0.0,Under way using engine
2026-08-26T00:39:44Z,219002177,54.935975,11.371990,0.0,Under way using engine
2026-08-26T00:39:50Z,219000811,54.838718,11.491817,0.0,Under way using engine
2026-08-26T00:40:12Z,219000809,54.971920,11.514565,0.0,Under way using engine
2026-08-26T00:40:14Z,219002177,54.935972,11.371977,0.1,Under way using engine
2026-08-26T00:40:20Z,219000811,54.838717,11.491815,0.0,Under way using engine
2026-08-26T00:40:43Z,219000809,54.971932,11.514570,0.0,Under way using engine
2026-08-26T00:40:50Z,219000811,54.838718,11.491815,0.0,Under way using engine
2026-08-26T00:40:54Z,219002177,54.935977,11.371977,0.0,Under way using engine
2026-08-26T00:41:20Z,219000811,54.838720,11.491815,0.0,Under way using engine
2026-08-26T00:41:22Z,219000809,54.971907,11.514592,0.0,Under way using engine
2026-08-26T00:41:24Z,219002177,54.935933,11.372010,0.1,Under way using engine
2026-08-26T00:41:53Z,219000809,54.971897,11.514615,0.0,Under way using engine
2026-08-26T00:41:54Z,219002177,54.935972,11.371995,0.0,Under way using engine
2026-08-26T00:42:00Z,219000811,54.838718,11.491822,0.0,Under way using engine
2026-08-26T00:42:24Z,219002177,54.935953,11.371990,0.0,Under way using engine
2026-08-26T00:42:33Z,219000809,54.971903,11.514608,0.0,Under way using engine
2026-08-26T00:42:38Z,219000811,54.838717,11.491823,0.0,Under way using engine
2026-08-26T00:42:54Z,219002177,54.935978,11.371993,0.0,Under way using engine
2026-08-26T00:43:09Z,219000811,54.838715,11.491823,0.0,Under way using engine
2026-08-26T00:43:12Z,219000809,54.971902,11.514607,0.0,Under way using engine
2026-08-26T00:43:24Z,219002177,54.935982,11.372000,0.0,Under way using engine
2026-08-26T00:43:43Z,219000809,54.971930,11.514592,0.0,Under way using engine
2026-08-26T00:43:49Z,219000811,54.838717,11.491825,0.0,Under way using engine
2026-08-26T00:43:54Z,219002177,54.935993,11.372000,0.0,Under way using engine
2026-08-26T00:44:20Z,219000811,54.838722,11.491823,0.0,Under way using engine
2026-08-26T00:44:22Z,219000809,54.971923,11.514582,0.0,Under way using engine
2026-08-26T00:44:24Z,219002177,54.935993,11.371988,0.0,Under way using engine
2026-08-26T00:44:53Z,219000809,54.971917,11.514570,0.0,Under way using engine
2026-08-26T00:44:54Z,219002177,54.935983,11.371987,0.0,Under way using engine
2026-08-26T00:45:00Z,219000811,54.838722,11.491823,0.0,Under way using engine
2026-08-26T00:45:24Z,219002177,54.935988,11.372000,0.0,Under way using engine
2026-08-26T00:45:31Z,219000809,54.971910,11.514575,0.0,Under way using engine
2026-08-26T00:45:38Z,219000811,54.838722,11.491823,0.0,Under way using engine
2026-08-26T00:45:54Z,219002177,54.935982,11.372020,0.0,Under way using engine
2026-08-26T00:46:02Z,219000809,54.971917,11.514580,0.0,Under way using engine
2026-08-26T00:46:09Z,219000811,54.838720,11.491825,0.0,Under way using engine
2026-08-26T00:46:25Z,219002177,54.935990,11.372007,0.0,Under way using engine
2026-08-26T00:46:33Z,219000809,54.971912,11.514582,0.0,Under way using engine
2026-08-26T00:46:49Z,219000811,54.838720,11.491822,0.0,Under way using engine
2026-08-26T00:47:05Z,219002177,54.935968,11.372003,0.0,Under way using engine
2026-08-26T00:47:12Z,219000809,54.971918,11.514570,0.0,Under way using engine
2026-08-26T00:47:20Z,219000811,54.838718,11.491823,0.0,Under way using engine
2026-08-26T00:47:35Z,219002177,54.935970,11.372000,0.0,Under way using engine
2026-08-26T00:47:43Z,219000809,54.971925,11.514577,0.0,Under way using engine
2026-08-26T00:48:00Z,219000811,54.838718,11.491828,0.0,Under way using engine
2026-08-26T00:48:05Z,219002177,54.935963,11.372007,0.0,Under way using engine
2026-08-26T00:48:33Z,219000809,54.971915,11.514588,0.0,Under way using engine
2026-08-26T00:48:49Z,219000811,54.838717,11.491827,0.0,Under way using engine
2026-08-26T00:48:54Z,219002177,54.936002,11.371972,0.0,Under way using engine
2026-08-26T00:49:03Z,219000809,54.971938,11.514583,0.0,Under way using engine
2026-08-26T00:49:20Z,219000811,54.838717,11.491823,0.0,Under way using engine
2026-08-26T00:49:25Z,219002177,54.935992,11.371987,0.0,Under way using engine
2026-08-26T00:49:33Z,219000809,54.971923,11.514578,0.0,Under way using engine
2026-08-26T00:50:00Z,219000811,54.838717,11.491823,0.0,Under way using engine
2026-08-26T00:50:03Z,219000809,54.971917,11.514598,0.0,Under way using engine
2026-08-26T00:50:05Z,219002177,54.935997,11.371952,0.0,Under way using engine
2026-08-26T00:50:33Z,219000809,54.971910,11.514592,0.0,Under way using engine
2026-08-26T00:50:39Z,219000811,54.838718,11.491823,0.0,Under way using engine
2026-08-26T00:50:43Z,219002177,54.935963,11.371970,0.0,Under way using engine
2026-08-26T00:51:03Z,219000809,54.971927,11.514590,0.0,Under way using engine
2026-08-26T00:51:09Z,219000811,54.838722,11.491822,0.0,Under way using engine
2026-08-26T00:51:15Z,219002177,54.935975,11.371973,0.0,Under way using engine
2026-08-26T00:51:33Z,219000809,54.971905,11.514588,0.0,Under way using engine
2026-08-26T00:51:39Z,219000811,54.838725,11.491822,0.0,Under way using engine
2026-08-26T00:51:55Z,219002177,54.935975,11.371983,0.0,Under way using engine
2026-08-26T00:52:03Z,219000809,54.971913,11.514590,0.0,Under way using engine
2026-08-26T00:52:09Z,219000811,54.838725,11.491822,0.0,Under way using engine
2026-08-26T00:52:33Z,219000809,54.971887,11.514568,0.0,Under way using engine
2026-08-26T00:52:33Z,219002177,54.935948,11.371985,0.0,Under way using engine
2026-08-26T00:52:39Z,219000811,54.838723,11.491820,0.0,Under way using engine
2026-08-26T00:53:03Z,219000809,54.971890,11.514573,0.0,Under way using engine
2026-08-26T00:53:09Z,219000811,54.838722,11.491818,0.0,Under way using engine
2026-08-26T00:53:15Z,219002177,54.935960,11.372015,0.0,Under way using engine
2026-08-26T00:53:33Z,219000809,54.971900,11.514577,0.0,Under way using engine
2026-08-26T00:53:39Z,219000811,54.838720,11.491815,0.0,Under way using engine
2026-08-26T00:53:55Z,219002177,54.935950,11.371995,0.1,Under way using engine
2026-08-26T00:54:03Z,219000809,54.971908,11.514577,0.0,Under way using engine
2026-08-26T00:54:09Z,219000811,54.838722,11.491815,0.0,Under way using engine
2026-08-26T00:54:33Z,219000809,54.971897,11.514582,0.0,Under way using engine
2026-08-26T00:54:33Z,219002177,54.935968,11.371993,0.0,Under way using engine
2026-08-26T00:54:40Z,219000811,54.838725,11.491813,0.0,Under way using engine
2026-08-26T00:55:03Z,219000809,54.971917,11.514582,0.0,Under way using engine
2026-08-26T00:55:04Z,219002177,54.935963,11.372000,0.0,Under way using engine
2026-08-26T00:55:20Z,219000811,54.838728,11.491813,0.0,Under way using engine
2026-08-26T00:55:42Z,219000809,54.971902,11.514582,0.0,Under way using engine
2026-08-26T00:55:44Z,219002177,54.935973,11.372005,0.0,Under way using engine
2026-08-26T00:56:00Z,219000811,54.838728,11.491815,0.0,Under way using engine
2026-08-26T00:56:13Z,219000809,54.971887,11.514582,0.0,Under way using engine
2026-08-26T00:56:14Z,219002177,54.935968,11.372015,0.0,Under way using engine
2026-08-26T00:56:40Z,219000811,54.838727,11.491815,0.0,Under way using engine
2026-08-26T00:56:44Z,219002177,54.935952,11.372012,0.0,Under way using engine
2026-08-26T00:56:52Z,219000809,54.971908,11.514597,0.0,Under way using engine
2026-08-26T00:57:14Z,219002177,54.935938,11.372023,0.0,Under way using engine
2026-08-26T00:57:20Z,219000811,54.838725,11.491820,0.0,Under way using engine
2026-08-26T00:57:32Z,219000809,54.971902,11.514603,0.0,Under way using engine
2026-08-26T00:57:44Z,219002177,54.935948,11.372010,0.0,Under way using engine
2026-08-26T00:57:50Z,219000811,54.838723,11.491820,0.0,Under way using engine
2026-08-26T00:58:03Z,219000809,54.971937,11.514602,0.0,Under way using engine
2026-08-26T00:58:14Z,219002177,54.935962,11.371997,0.0,Under way using engine
2026-08-26T00:58:20Z,219000811,54.838723,11.491820,0.0,Under way using engine
2026-08-26T00:58:42Z,219000809,54.971923,11.514602,0.0,Under way using engine
2026-08-26T00:58:44Z,219002177,54.935972,11.371998,0.0,Under way using engine
2026-08-26T00:58:50Z,219000811,54.838720,11.491818,0.0,Under way using engine
2026-08-26T00:59:13Z,219000809,54.971932,11.514612,0.0,Under way using engine
2026-08-26T00:59:14Z,219002177,54.935963,11.371993,0.0,Under way using engine
2026-08-26T00:59:20Z,219000811,54.838722,11.491817,0.0,Under way using engine
2026-08-26T00:59:45Z,219002177,54.935968,11.371993,0.0,Under way using engine
2026-08-26T00:59:50Z,219000811,54.838723,11.491817,0.0,Under way using engine
2026-08-26T00:59:52Z,219000809,54.971925,11.514598,0.1,Under way using engine
2026-08-26T01:00:20Z,219000811,54.838722,11.491817,0.0,Under way using engine
2026-08-26T01:00:24Z,219002177,54.935968,11.372012,0.0,Under way using engine
2026-08-26T01:00:32Z,219000809,54.971895,11.514590,0.0,Under way using engine
2026-08-26T01:00:50Z,219000811,54.838722,11.491815,0.0,Under way using engine
2026-08-26T01:00:54Z,219002177,54.935972,11.372015,0.0,Under way using engine
2026-08-26T01:01:02Z,219000809,54.971902,11.514585,0.0,Under way using engine
2026-08-26T01:01:20Z,219000811,54.838718,11.491815,0.0,Under way using engine
2026-08-26T01:01:32Z,219000809,54.971880,11.514575,0.0,Under way using engine
2026-08-26T01:01:35Z,219002177,54.935958,11.372013,0.0,Under way using engine
2026-08-26T01:01:50Z,219000811,54.838718,11.491812,0.0,Under way using engine
2026-08-26T01:02:02Z,219000809,54.971897,11.514575,0.0,Under way using engine
2026-08-26T01:02:14Z,219002177,54.935987,11.372023,0.0,Under way using engine
2026-08-26T01:02:20Z,219000811,54.838718,11.491810,0.0,Under way using engine
2026-08-26T01:02:32Z,219000809,54.971903,11.514578,0.0,Under way using engine
2026-08-26T01:02:45Z,219002177,54.935963,11.372005,0.0,Under way using engine
2026-08-26T01:02:50Z,219000811,54.838720,11.491808,0.0,Under way using engine
2026-08-26T01:03:03Z,219000809,54.971895,11.514588,0.0,Under way using engine
2026-08-26T01:03:20Z,219000811,54.838722,11.491807,0.0,Under way using engine
2026-08-26T01:03:25Z,219002177,54.935958,11.372002,0.0,Under way using engine
2026-08-26T01:03:34Z,219000809,54.971903,11.514598,0.0,Under way using engine
2026-08-26T01:03:50Z,219000811,54.838722,11.491808,0.0,Under way using engine
2026-08-26T01:04:04Z,219002177,54.935952,11.372007,0.0,Under way using engine
2026-08-26T01:04:13Z,219000809,54.971907,11.514600,0.0,Under way using engine
2026-08-26T01:04:20Z,219000811,54.838720,11.491808,0.0,Under way using engine
2026-08-26T01:04:35Z,219002177,54.935958,11.371997,0.0,Under way using engine
2026-08-26T01:04:43Z,219000809,54.971920,11.514605,0.0,Under way using engine
2026-08-26T01:04:59Z,219000811,54.838718,11.491810,0.0,Under way using engine
2026-08-26T01:05:13Z,219000809,54.971965,11.514590,0.0,Under way using engine
2026-08-26T01:05:14Z,219002177,54.935975,11.372015,0.0,Under way using engine
2026-08-26T01:05:30Z,219000811,54.838717,11.491812,0.0,Under way using engine
2026-08-26T01:05:43Z,219000809,54.971978,11.514585,0.1,Under way using engine
2026-08-26T01:05:45Z,219002177,54.935948,11.372010,0.0,Under way using engine
2026-08-26T01:06:10Z,219000811,54.838717,11.491815,0.0,Under way using engine
2026-08-26T01:06:13Z,219000809,54.971925,11.514585,0.0,Under way using engine
2026-08-26T01:06:25Z,219002177,54.935975,11.372023,0.0,Under way using engine
2026-08-26T01:06:40Z,219000811,54.838718,11.491817,0.0,Under way using engine
2026-08-26T01:06:43Z,219000809,54.971927,11.514575,0.0,Under way using engine
2026-08-26T01:06:55Z,219002177,54.935963,11.372032,0.0,Under way using engine
2026-08-26T01:07:10Z,219000811,54.838718,11.491817,0.0,Under way using engine
2026-08-26T01:07:13Z,219000809,54.971925,11.514587,0.0,Under way using engine
2026-08-26T01:07:25Z,219002177,54.935963,11.372007,0.0,Under way using engine
2026-08-26T01:07:40Z,219000811,54.838718,11.491817,0.0,Under way using engine
2026-08-26T01:07:51Z,219000809,54.971933,11.514597,0.0,Under way using engine
2026-08-26T01:07:55Z,219002177,54.935970,11.372000,0.0,Under way using engine
2026-08-26T01:08:10Z,219000811,54.838718,11.491818,0.0,Under way using engine
2026-08-26T01:08:22Z,219000809,54.971932,11.514600,0.0,Under way using engine
2026-08-26T01:08:25Z,219002177,54.935965,11.372010,0.0,Under way using engine
2026-08-26T01:08:40Z,219000811,54.838717,11.491817,0.0,Under way using engine
2026-08-26T01:08:55Z,219002177,54.935962,11.372030,0.0,Under way using engine
2026-08-26T01:09:03Z,219000809,54.971925,11.514608,0.0,Under way using engine
2026-08-26T01:09:10Z,219000811,54.838718,11.491818,0.0,Under way using engine
2026-08-26T01:09:25Z,219002177,54.935973,11.372025,0.0,Under way using engine
2026-08-26T01:09:40Z,219000811,54.838720,11.491818,0.0,Under way using engine
2026-08-26T01:09:42Z,219000809,54.971915,11.514585,0.0,Under way using engine
2026-08-26T01:09:55Z,219002177,54.935958,11.372028,0.0,Under way using engine
2026-08-26T01:10:10Z,219000811,54.838722,11.491818,0.0,Under way using engine
2026-08-26T01:10:13Z,219000809,54.971913,11.514590,0.0,Under way using engine
2026-08-26T01:10:25Z,219002177,54.935958,11.372027,0.0,Under way using engine
2026-08-26T01:10:40Z,219000811,54.838722,11.491817,0.0,Under way using engine
2026-08-26T01:10:51Z,219000809,54.971898,11.514578,0.0,Under way using engine
2026-08-26T01:10:55Z,219002177,54.935963,11.372020,0.0,Under way using engine
2026-08-26T01:11:10Z,219000811,54.838720,11.491815,0.0,Under way using engine
2026-08-26T01:11:22Z,219000809,54.971895,11.514575,0.0,Under way using engine
2026-08-26T01:11:25Z,219002177,54.935957,11.372012,0.0,Under way using engine
2026-08-26T01:11:49Z,219000811,54.838722,11.491815,0.0,Under way using engine
2026-08-26T01:11:53Z,219000809,54.971898,11.514575,0.0,Under way using engine
2026-08-26T01:11:55Z,219002177,54.935963,11.372007,0.0,Under way using engine
2026-08-26T01:12:19Z,219000811,54.838720,11.491813,0.0,Under way using engine
2026-08-26T01:12:25Z,219002177,54.935967,11.372005,0.0,Under way using engine
2026-08-26T01:12:33Z,219000809,54.971912,11.514582,0.0,Under way using engine
2026-08-26T01:12:49Z,219000811,54.838720,11.491812,0.0,Under way using engine
2026-08-26T01:13:03Z,219000809,54.971907,11.514592,0.0,Under way using engine
2026-08-26T01:13:04Z,219002177,54.935957,11.372018,0.0,Under way using engine
2026-08-26T01:13:19Z,219000811,54.838722,11.491813,0.0,Under way using engine
2026-08-26T01:13:33Z,219000809,54.971910,11.514587,0.0,Under way using engine
2026-08-26T01:13:45Z,219002177,54.935970,11.372013,0.0,Under way using engine
2026-08-26T01:13:49Z,219000811,54.838725,11.491812,0.0,Under way using engine
2026-08-26T01:14:03Z,219000809,54.971915,11.514583,0.0,Under way using engine
2026-08-26T01:14:19Z,219000811,54.838723,11.491810,0.0,Under way using engine
2026-08-26T01:14:25Z,219002177,54.935970,11.372013,0.0,Under way using engine
2026-08-26T01:14:33Z,219000809,54.971922,11.514590,0.0,Under way using engine
2026-08-26T01:14:50Z,219000811,54.838723,11.491810,0.0,Under way using engine
2026-08-26T01:14:55Z,219002177,54.935973,11.372018,0.0,Under way using engine
2026-08-26T01:15:03Z,219000809,54.971928,11.514587,0.0,Under way using engine
2026-08-26T01:15:25Z,219002177,54.935973,11.372007,0.0,Under way using engine
2026-08-26T01:15:29Z,219000811,54.838723,11.491810,0.0,Under way using engine
2026-08-26T01:15:33Z,219000809,54.971922,11.514575,0.0,Under way using engine
2026-08-26T01:16:03Z,219000809,54.971923,11.514570,0.0,Under way using engine
2026-08-26T01:16:03Z,219002177,54.935983,11.372007,0.0,Under way using engine
2026-08-26T01:16:09Z,219000811,54.838720,11.491812,0.0,Under way using engine
2026-08-26T01:16:33Z,219000809,54.971925,11.514568,0.0,Under way using engine
2026-08-26T01:16:33Z,219002177,54.935982,11.372015,0.0,Under way using engine
2026-08-26T01:16:50Z,219000811,54.838717,11.491810,0.0,Under way using engine
2026-08-26T01:17:03Z,219002177,54.935973,11.372017,0.0,Under way using engine
2026-08-26T01:17:23Z,219000809,54.971917,11.514558,0.0,Under way using engine
2026-08-26T01:17:29Z,219000811,54.838717,11.491812,0.0,Under way using engine
2026-08-26T01:17:33Z,219002177,54.935970,11.372008,0.0,Under way using engine
2026-08-26T01:18:03Z,219002177,54.935972,11.372015,0.0,Under way using engine
2026-08-26T01:18:09Z,219000811,54.838718,11.491813,0.0,Under way using engine
2026-08-26T01:18:23Z,219000809,54.971908,11.514567,0.0,Under way using engine
2026-08-26T01:18:35Z,219002177,54.936007,11.372035,0.0,Under way using engine
2026-08-26T01:18:39Z,219000811,54.838718,11.491813,0.0,Under way using engine
2026-08-26T01:19:02Z,219000809,54.971925,11.514592,0.0,Under way using engine
2026-08-26T01:19:09Z,219000811,54.838717,11.491813,0.0,Under way using engine
2026-08-26T01:19:13Z,219002177,54.935990,11.372020,0.0,Under way using engine
2026-08-26T01:19:33Z,219000809,54.971912,11.514600,0.0,Under way using engine
2026-08-26T01:19:39Z,219000811,54.838715,11.491812,0.0,Under way using engine
2026-08-26T01:19:44Z,219002177,54.935983,11.372013,0.0,Under way using engine
2026-08-26T01:20:09Z,219000811,54.838715,11.491810,0.0,Under way using engine
2026-08-26T01:20:13Z,219000809,54.971910,11.514608,0.0,Under way using engine
2026-08-26T01:20:23Z,219002177,54.935993,11.372027,0.0,Under way using engine
2026-08-26T01:20:50Z,219000811,54.838717,11.491810,0.0,Under way using engine
2026-08-26T01:20:52Z,219000809,54.971922,11.514598,0.0,Under way using engine
2026-08-26T01:20:54Z,219002177,54.935983,11.372015,0.0,Under way using engine
2026-08-26T01:21:23Z,219000809,54.971920,11.514598,0.0,Under way using engine
2026-08-26T01:21:29Z,219000811,54.838718,11.491813,0.0,Under way using engine
2026-08-26T01:21:35Z,219002177,54.935967,11.371998,0.0,Under way using engine
2026-08-26T01:21:59Z,219000811,54.838718,11.491815,0.0,Under way using engine
2026-08-26T01:22:02Z,219000809,54.971918,11.514575,0.0,Under way using engine
2026-08-26T01:22:05Z,219002177,54.935962,11.372012,0.0,Under way using engine
2026-08-26T01:22:29Z,219000811,54.838720,11.491818,0.0,Under way using engine
2026-08-26T01:22:33Z,219000809,54.971925,11.514592,0.0,Under way using engine
2026-08-26T01:22:35Z,219002177,54.935970,11.372002,0.0,Under way using engine
2026-08-26T01:22:59Z,219000811,54.838722,11.491818,0.0,Under way using engine
2026-08-26T01:23:05Z,219002177,54.935963,11.372000,0.0,Under way using engine
2026-08-26T01:23:13Z,219000809,54.971933,11.514597,0.0,Under way using engine
2026-08-26T01:23:29Z,219000811,54.838718,11.491818,0.0,Under way using engine
2026-08-26T01:23:43Z,219000809,54.971920,11.514588,0.0,Under way using engine
2026-08-26T01:23:43Z,219002177,54.935968,11.372007,0.0,Under way using engine
2026-08-26T01:23:59Z,219000811,54.838717,11.491815,0.0,Under way using engine
2026-08-26T01:24:13Z,219000809,54.971910,11.514585,0.0,Under way using engine
2026-08-26T01:24:14Z,219002177,54.935962,11.372022,0.0,Under way using engine
2026-08-26T01:24:29Z,219000811,54.838717,11.491820,0.0,Under way using engine
2026-08-26T01:24:43Z,219000809,54.971903,11.514573,0.0,Under way using engine
2026-08-26T01:24:54Z,219002177,54.935977,11.372015,0.0,Under way using engine
2026-08-26T01:24:59Z,219000811,54.838718,11.491820,0.0,Under way using engine
2026-08-26T01:25:13Z,219000809,54.971920,11.514598,0.0,Under way using engine
2026-08-26T01:25:24Z,219002177,54.935993,11.372037,0.0,Under way using engine
2026-08-26T01:25:29Z,219000811,54.838718,11.491820,0.0,Under way using engine
2026-08-26T01:25:43Z,219000809,54.971915,11.514583,0.0,Under way using engine
2026-08-26T01:25:54Z,219002177,54.935972,11.372038,0.0,Under way using engine
2026-08-26T01:26:09Z,219000811,54.838722,11.491818,0.0,Under way using engine
2026-08-26T01:26:13Z,219000809,54.971918,11.514587,0.0,Under way using engine
2026-08-26T01:26:24Z,219002177,54.935980,11.372032,0.0,Under way using engine
2026-08-26T01:26:40Z,219000811,54.838723,11.491818,0.0,Under way using engine
2026-08-26T01:26:43Z,219000809,54.971915,11.514593,0.0,Under way using engine
2026-08-26T01:26:54Z,219002177,54.935983,11.372018,0.0,Under way using engine
2026-08-26T01:27:13Z,219000809,54.971905,11.514610,0.0,Under way using engine
2026-08-26T01:27:19Z,219000811,54.838723,11.491822,0.0,Under way using engine
2026-08-26T01:27:24Z,219002177,54.935982,11.372032,0.0,Under way using engine
2026-08-26T01:27:50Z,219000811,54.838725,11.491823,0.0,Under way using engine
2026-08-26T01:27:52Z,219000809,54.971895,11.514605,0.0,Under way using engine
2026-08-26T01:27:54Z,219002177,54.935987,11.372018,0.0,Under way using engine
2026-08-26T01:28:25Z,219002177,54.935988,11.372007,0.0,Under way using engine
2026-08-26T01:28:30Z,219000811,54.838722,11.491820,0.0,Under way using engine
2026-08-26T01:28:32Z,219000809,54.971893,11.514588,0.0,Under way using engine
2026-08-26T01:29:03Z,219000809,54.971910,11.514623,0.0,Under way using engine
2026-08-26T01:29:03Z,219002177,54.935987,11.372007,0.0,Under way using engine
2026-08-26T01:29:09Z,219000811,54.838720,11.491815,0.0,Under way using engine
2026-08-26T01:29:35Z,219002177,54.935968,11.372040,0.0,Under way using engine
2026-08-26T01:29:40Z,219000811,54.838718,11.491813,0.0,Under way using engine
2026-08-26T01:29:42Z,219000809,54.971907,11.514583,0.0,Under way using engine
2026-08-26T01:30:12Z,219000809,54.971918,11.514582,0.0,Under way using engine
2026-08-26T01:30:13Z,219002177,54.935962,11.372010,0.0,Under way using engine
2026-08-26T01:30:19Z,219000811,54.838717,11.491812,0.0,Under way using engine
2026-08-26T01:30:42Z,219000809,54.971920,11.514575,0.0,Under way using engine
2026-08-26T01:30:44Z,219002177,54.935965,11.371998,0.0,Under way using engine
2026-08-26T01:30:50Z,219000811,54.838717,11.491812,0.0,Under way using engine
2026-08-26T01:31:12Z,219000809,54.971938,11.514602,0.0,Under way using engine
2026-08-26T01:31:20Z,219000811,54.838717,11.491812,0.0,Under way using engine
2026-08-26T01:31:25Z,219002177,54.935972,11.372007,0.0,Under way using engine
2026-08-26T01:31:42Z,219000809,54.971940,11.514592,0.0,Under way using engine
2026-08-26T01:31:50Z,219000811,54.838715,11.491812,0.0,Under way using engine
2026-08-26T01:32:03Z,219002177,54.935970,11.372017,0.0,Under way using engine
2026-08-26T01:32:12Z,219000809,54.971925,11.514585,0.0,Under way using engine
2026-08-26T01:32:20Z,219000811,54.838715,11.491812,0.0,Under way using engine
2026-08-26T01:32:35Z,219002177,54.935963,11.372007,0.0,Under way using engine
2026-08-26T01:32:42Z,219000809,54.971923,11.514583,0.0,Under way using engine
2026-08-26T01:32:59Z,219000811,54.838717,11.491810,0.0,Under way using engine
2026-08-26T01:33:12Z,219000809,54.971900,11.514588,0.0,Under way using engine
2026-08-26T01:33:14Z,219002177,54.935970,11.372003,0.0,Under way using engine
2026-08-26T01:33:30Z,219000811,54.838717,11.491812,0.0,Under way using engine
2026-08-26T01:33:42Z,219000809,54.971907,11.514598,0.0,Under way using engine
2026-08-26T01:33:44Z,219002177,54.935967,11.372020,0.0,Under way using engine
2026-08-26T01:34:09Z,219000811,54.838720,11.491815,0.0,Under way using engine
2026-08-26T01:34:12Z,219000809,54.971908,11.514597,0.0,Under way using engine
2026-08-26T01:34:14Z,219002177,54.935965,11.372003,0.0,Under way using engine
2026-08-26T01:34:39Z,219000811,54.838722,11.491817,0.0,Under way using engine
2026-08-26T01:34:42Z,219000809,54.971905,11.514592,0.0,Under way using engine
2026-08-26T01:34:44Z,219002177,54.935965,11.372000,0.0,Under way using engine
2026-08-26T01:35:09Z,219000811,54.838722,11.491820,0.0,Under way using engine
2026-08-26T01:35:12Z,219000809,54.971917,11.514597,0.0,Under way using engine
2026-08-26T01:35:14Z,219002177,54.935970,11.371993,0.0,Under way using engine
2026-08-26T01:35:39Z,219000811,54.838720,11.491823,0.0,Under way using engine
2026-08-26T01:35:42Z,219000809,54.971918,11.514595,0.0,Under way using engine
2026-08-26T01:35:44Z,219002177,54.935973,11.372012,0.0,Under way using engine
2026-08-26T01:36:09Z,219000811,54.838720,11.491823,0.0,Under way using engine
2026-08-26T01:36:12Z,219000809,54.971915,11.514600,0.0,Under way using engine
2026-08-26T01:36:14Z,219002177,54.935975,11.372005,0.0,Under way using engine
2026-08-26T01:36:39Z,219000811,54.838720,11.491825,0.0,Under way using engine
2026-08-26T01:36:42Z,219000809,54.971912,11.514582,0.0,Under way using engine
2026-08-26T01:36:44Z,219002177,54.935973,11.372005,0.0,Under way using engine
2026-08-26T01:37:09Z,219000811,54.838720,11.491825,0.0,Under way using engine
2026-08-26T01:37:12Z,219000809,54.971908,11.514575,0.0,Under way using engine
2026-08-26T01:37:14Z,219002177,54.935968,11.372020,0.0,Under way using engine
2026-08-26T01:37:39Z,219000811,54.838718,11.491825,0.0,Under way using engine
2026-08-26T01:37:42Z,219000809,54.971902,11.514570,0.0,Under way using engine
2026-08-26T01:37:44Z,219002177,54.935953,11.372045,0.0,Under way using engine
2026-08-26T01:38:09Z,219000811,54.838717,11.491820,0.0,Under way using engine
2026-08-26T01:38:12Z,219000809,54.971918,11.514582,0.0,Under way using engine
2026-08-26T01:38:14Z,219002177,54.935950,11.372017,0.0,Under way using engine
2026-08-26T01:38:40Z,219000811,54.838717,11.491818,0.0,Under way using engine
2026-08-26T01:38:42Z,219000809,54.971932,11.514592,0.0,Under way using engine
2026-08-26T01:38:44Z,219002177,54.935963,11.372007,0.0,Under way using engine
2026-08-26T01:39:12Z,219000809,54.971920,11.514588,0.0,Under way using engine
2026-08-26T01:39:14Z,219002177,54.935960,11.371988,0.0,Under way using engine
2026-08-26T01:39:19Z,219000811,54.838717,11.491817,0.0,Under way using engine
2026-08-26T01:39:42Z,219000809,54.971922,11.514595,0.0,Under way using engine
2026-08-26T01:39:44Z,219002177,54.935965,11.372013,0.0,Under way using engine
2026-08-26T01:39:49Z,219000811,54.838717,11.491818,0.0,Under way using engine
2026-08-26T01:40:13Z,219000809,54.971930,11.514550,0.0,Under way using engine
2026-08-26T01:40:14Z,219002177,54.935960,11.372045,0.0,Under way using engine
2026-08-26T01:40:19Z,219000811,54.838717,11.491820,0.0,Under way using engine
2026-08-26T01:40:44Z,219002177,54.935962,11.372017,0.0,Under way using engine
2026-08-26T01:40:49Z,219000811,54.838718,11.491820,0.0,Under way using engine
2026-08-26T01:41:02Z,219000809,54.971927,11.514580,0.0,Under way using engine
2026-08-26T01:41:14Z,219002177,54.935968,11.372003,0.0,Under way using engine
2026-08-26T01:41:19Z,219000811,54.838718,11.491818,0.0,Under way using engine
2026-08-26T01:41:32Z,219000809,54.971928,11.514563,0.0,Under way using engine
2026-08-26T01:41:44Z,219002177,54.935965,11.371992,0.0,Under way using engine
2026-08-26T01:41:49Z,219000811,54.838717,11.491820,0.0,Under way using engine
2026-08-26T01:42:02Z,219000809,54.971933,11.514572,0.0,Under way using engine
2026-08-26T01:42:15Z,219002177,54.935963,11.371990,0.0,Under way using engine
2026-08-26T01:42:19Z,219000811,54.838713,11.491822,0.0,Under way using engine
2026-08-26T01:42:32Z,219000809,54.971932,11.514570,0.0,Under way using engine
2026-08-26T01:42:49Z,219000811,54.838713,11.491823,0.0,Under way using engine
2026-08-26T01:42:54Z,219002177,54.935960,11.372002,0.0,Under way using engine
2026-08-26T01:43:02Z,219000809,54.971920,11.514580,0.0,Under way using engine
2026-08-26T01:43:19Z,219000811,54.838712,11.491823,0.0,Under way using engine
2026-08-26T01:43:25Z,219002177,54.935957,11.371992,0.0,Under way using engine
2026-08-26T01:43:32Z,219000809,54.971932,11.514572,0.0,Under way using engine
2026-08-26T01:43:49Z,219000811,54.838710,11.491827,0.0,Under way using engine
2026-08-26T01:44:02Z,219000809,54.971933,11.514562,0.0,Under way using engine
2026-08-26T01:44:04Z,219002177,54.935967,11.371965,0.0,Under way using engine
2026-08-26T01:44:19Z,219000811,54.838710,11.491830,0.0,Under way using engine
2026-08-26T01:44:32Z,219000809,54.971923,11.514565,0.0,Under way using engine
2026-08-26T01:44:34Z,219002177,54.935957,11.371993,0.0,Under way using engine
2026-08-26T01:44:58Z,219000811,54.838708,11.491830,0.0,Under way using engine
2026-08-26T01:45:02Z,219000809,54.971923,11.514547,0.0,Under way using engine
2026-08-26T01:45:04Z,219002177,54.935955,11.371992,0.0,Under way using engine
2026-08-26T01:45:30Z,219000811,54.838707,11.491828,0.0,Under way using engine
2026-08-26T01:45:32Z,219000809,54.971920,11.514573,0.0,Under way using engine
2026-08-26T01:45:34Z,219002177,54.935960,11.371990,0.0,Under way using engine
2026-08-26T01:46:03Z,219000809,54.971935,11.514577,0.0,Under way using engine
2026-08-26T01:46:04Z,219002177,54.935967,11.371988,0.0,Under way using engine
2026-08-26T01:46:10Z,219000811,54.838707,11.491823,0.0,Under way using engine
2026-08-26T01:46:33Z,219000809,54.971907,11.514562,0.0,Under way using engine
2026-08-26T01:46:34Z,219002177,54.935963,11.371985,0.0,Under way using engine
2026-08-26T01:46:48Z,219000811,54.838710,11.491823,0.0,Under way using engine
2026-08-26T01:47:03Z,219000809,54.971905,11.514550,0.0,Under way using engine
2026-08-26T01:47:04Z,219002177,54.935965,11.371980,0.0,Under way using engine
2026-08-26T01:47:20Z,219000811,54.838712,11.491822,0.0,Under way using engine
2026-08-26T01:47:33Z,219000809,54.971910,11.514563,0.0,Under way using engine
2026-08-26T01:47:34Z,219002177,54.935962,11.371963,0.0,Under way using engine
2026-08-26T01:47:58Z,219000811,54.838715,11.491822,0.0,Under way using engine
2026-08-26T01:48:03Z,219000809,54.971905,11.514578,0.0,Under way using engine
2026-08-26T01:48:04Z,219002177,54.935952,11.371972,0.0,Under way using engine
2026-08-26T01:48:28Z,219000811,54.838717,11.491827,0.0,Under way using engine
2026-08-26T01:48:33Z,219000809,54.971907,11.514573,0.0,Under way using engine
2026-08-26T01:48:34Z,219002177,54.935947,11.371973,0.0,Under way using engine
2026-08-26T01:48:58Z,219000811,54.838717,11.491825,0.0,Under way using engine
2026-08-26T01:49:03Z,219000809,54.971915,11.514535,0.0,Under way using engine
2026-08-26T01:49:04Z,219002177,54.935957,11.371980,0.0,Under way using engine
2026-08-26T01:49:28Z,219000811,54.838718,11.491823,0.0,Under way using engine
2026-08-26T01:49:33Z,219000809,54.971908,11.514555,0.0,Under way using engine
2026-08-26T01:49:34Z,219002177,54.935953,11.371962,0.0,Under way using engine
2026-08-26T01:49:58Z,219000811,54.838717,11.491823,0.0,Under way using engine
2026-08-26T01:50:03Z,219000809,54.971915,11.514557,0.0,Under way using engine
2026-08-26T01:50:04Z,219002177,54.935962,11.371970,0.0,Under way using engine
2026-08-26T01:50:28Z,219000811,54.838717,11.491822,0.0,Under way using engine
2026-08-26T01:50:33Z,219000809,54.971913,11.514555,0.0,Under way using engine
2026-08-26T01:50:34Z,219002177,54.935955,11.371970,0.0,Under way using engine
2026-08-26T01:50:59Z,219000811,54.838715,11.491822,0.0,Under way using engine
2026-08-26T01:51:03Z,219000809,54.971913,11.514562,0.0,Under way using engine
2026-08-26T01:51:04Z,219002177,54.935967,11.371960,0.0,Under way using engine
2026-08-26T01:51:33Z,219000809,54.971910,11.514567,0.0,Under way using engine
2026-08-26T01:51:34Z,219002177,54.935962,11.371975,0.0,Under way using engine
2026-08-26T01:51:39Z,219000811,54.838713,11.491818,0.0,Under way using engine
2026-08-26T01:52:03Z,219000809,54.971917,11.514543,0.0,Under way using engine
2026-08-26T01:52:05Z,219002177,54.935972,11.371973,0.0,Under way using engine
2026-08-26T01:52:09Z,219000811,54.838712,11.491817,0.0,Under way using engine
2026-08-26T01:52:39Z,219000811,54.838710,11.491815,0.0,Under way using engine
2026-08-26T01:52:41Z,219000809,54.971908,11.514553,0.0,Under way using engine
2026-08-26T01:52:44Z,219002177,54.935973,11.371973,0.0,Under way using engine
2026-08-26T01:53:09Z,219000811,54.838710,11.491813,0.0,Under way using engine
2026-08-26T01:53:12Z,219000809,54.971910,11.514555,0.0,Under way using engine
2026-08-26T01:53:14Z,219002177,54.935965,11.371977,0.0,Under way using engine
2026-08-26T01:53:40Z,219000811,54.838710,11.491813,0.0,Under way using engine
2026-08-26T01:53:52Z,219000809,54.971910,11.514547,0.0,Under way using engine
2026-08-26T01:53:55Z,219002177,54.935965,11.371975,0.0,Under way using engine
2026-08-26T01:54:19Z,219000811,54.838710,11.491817,0.0,Under way using engine
2026-08-26T01:54:23Z,219000809,54.971917,11.514552,0.0,Under way using engine
2026-08-26T01:54:34Z,219002177,54.935980,11.371973,0.0,Under way using engine
2026-08-26T01:54:49Z,219000811,54.838712,11.491815,0.0,Under way using engine
2026-08-26T01:55:03Z,219000809,54.971920,11.514567,0.0,Under way using engine
2026-08-26T01:55:05Z,219002177,54.935977,11.371978,0.0,Under way using engine
2026-08-26T01:55:19Z,219000811,54.838713,11.491813,0.0,Under way using engine
2026-08-26T01:55:33Z,219000809,54.971913,11.514555,0.0,Under way using engine
2026-08-26T01:55:43Z,219002177,54.935980,11.371982,0.0,Under way using engine
2026-08-26T01:55:59Z,219000811,54.838717,11.491812,0.0,Under way using engine
2026-08-26T01:56:03Z,219000809,54.971917,11.514542,0.0,Under way using engine
2026-08-26T01:56:14Z,219002177,54.935980,11.371982,0.0,Under way using engine
2026-08-26T01:56:29Z,219000811,54.838717,11.491813,0.0,Under way using engine
2026-08-26T01:56:33Z,219000809,54.971918,11.514552,0.0,Under way using engine
2026-08-26T01:56:55Z,219002177,54.935968,11.371965,0.0,Under way using engine
2026-08-26T01:56:59Z,219000811,54.838717,11.491812,0.0,Under way using engine
2026-08-26T01:57:03Z,219000809,54.971915,11.514563,0.0,Under way using engine
2026-08-26T01:57:29Z,219000811,54.838718,11.491812,0.0,Under way using engine
2026-08-26T01:57:33Z,219000809,54.971912,11.514567,0.0,Under way using engine
2026-08-26T01:57:34Z,219002177,54.935975,11.372002,0.0,Under way using engine
2026-08-26T01:57:59Z,219000811,54.838718,11.491812,0.0,Under way using engine
2026-08-26T01:58:03Z,219000809,54.971912,11.514572,0.0,Under way using engine
2026-08-26T01:58:05Z,219002177,54.935973,11.371998,0.0,Under way using engine
2026-08-26T01:58:29Z,219000811,54.838718,11.491812,0.0,Under way using engine
2026-08-26T01:58:33Z,219000809,54.971908,11.514562,0.0,Under way using engine
2026-08-26T01:58:44Z,219002177,54.935968,11.371968,0.0,Under way using engine
2026-08-26T01:59:00Z,219000811,54.838718,11.491813,0.0,Under way using engine
2026-08-26T01:59:13Z,219000809,54.971912,11.514575,0.0,Under way using engine
2026-08-26T01:59:15Z,219002177,54.935973,11.371987,0.0,Under way using engine
2026-08-26T01:59:39Z,219000811,54.838718,11.491813,0.0,Under way using engine
2026-08-26T01:59:43Z,219000809,54.971907,11.514557,0.0,Under way using engine
2026-08-26T01:59:55Z,219002177,54.935980,11.371980,0.0,Under way using engine
2026-08-26T02:00:10Z,219000811,54.838718,11.491815,0.0,Under way using engine
2026-08-26T02:00:13Z,219000809,54.971897,11.514550,0.0,Under way using engine
2026-08-26T02:00:34Z,219002177,54.935972,11.371970,0.0,Under way using engine
2026-08-26T02:00:43Z,219000809,54.971888,11.514543,0.0,Under way using engine
2026-08-26T02:00:48Z,219000811,54.838718,11.491815,0.0,Under way using engine
2026-08-26T02:01:05Z,219002177,54.935983,11.371968,0.0,Under way using engine
2026-08-26T02:01:13Z,219000809,54.971888,11.514553,0.0,Under way using engine
2026-08-26T02:01:20Z,219000811,54.838720,11.491817,0.0,Under way using engine
2026-08-26T02:01:43Z,219000809,54.971900,11.514557,0.0,Under way using engine
2026-08-26T02:01:44Z,219002177,54.935977,11.371975,0.0,Under way using engine
2026-08-26T02:02:00Z,219000811,54.838722,11.491817,0.0,Under way using engine
2026-08-26T02:02:13Z,219000809,54.971905,11.514560,0.0,Under way using engine
2026-08-26T02:02:24Z,219002177,54.935973,11.371968,0.0,Under way using engine
2026-08-26T02:02:39Z,219000811,54.838717,11.491818,0.0,Under way using engine
2026-08-26T02:02:52Z,219000809,54.971905,11.514572,0.0,Under way using engine
2026-08-26T02:02:55Z,219002177,54.935972,11.371963,0.0,Under way using engine
2026-08-26T02:03:09Z,219000811,54.838715,11.491818,0.0,Under way using engine
2026-08-26T02:03:23Z,219000809,54.971905,11.514572,0.0,Under way using engine
2026-08-26T02:03:34Z,219002177,54.935970,11.371982,0.0,Under way using engine
2026-08-26T02:03:39Z,219000811,54.838715,11.491822,0.0,Under way using engine
2026-08-26T02:04:02Z,219000809,54.971907,11.514570,0.0,Under way using engine
2026-08-26T02:04:05Z,219002177,54.935970,11.371978,0.0,Under way using engine
2026-08-26T02:04:09Z,219000811,54.838715,11.491823,0.0,Under way using engine
2026-08-26T02:04:32Z,219000809,54.971907,11.514570,0.0,Under way using engine
2026-08-26T02:04:35Z,219002177,54.935960,11.371978,0.0,Under way using engine
2026-08-26T02:04:39Z,219000811,54.838715,11.491827,0.0,Under way using engine
2026-08-26T02:05:02Z,219000809,54.971908,11.514557,0.0,Under way using engine
2026-08-26T02:05:05Z,219002177,54.935975,11.371962,0.0,Under way using engine
2026-08-26T02:05:09Z,219000811,54.838717,11.491827,0.0,Under way using engine
2026-08-26T02:05:35Z,219002177,54.935977,11.371960,0.0,Under way using engine
2026-08-26T02:05:39Z,219000811,54.838715,11.491827,0.0,Under way using engine
2026-08-26T02:05:42Z,219000809,54.971905,11.514565,0.0,Under way using engine
2026-08-26T02:06:05Z,219002177,54.935965,11.371978,0.0,Under way using engine
2026-08-26T02:06:09Z,219000811,54.838715,11.491828,0.0,Under way using engine
2026-08-26T02:06:12Z,219000809,54.971905,11.514560,0.0,Under way using engine
2026-08-26T02:06:35Z,219002177,54.935970,11.371975,0.0,Under way using engine
2026-08-26T02:06:40Z,219000811,54.838715,11.491830,0.0,Under way using engine
2026-08-26T02:06:43Z,219000809,54.971908,11.514557,0.0,Under way using engine
2026-08-26T02:07:05Z,219002177,54.935967,11.371970,0.0,Under way using engine
2026-08-26T02:07:18Z,219000811,54.838715,11.491825,0.0,Under way using engine
2026-08-26T02:07:23Z,219000809,54.971913,11.514558,0.0,Under way using engine
2026-08-26T02:07:35Z,219002177,54.935975,11.371975,0.0,Under way using engine
2026-08-26T02:07:49Z,219000811,54.838715,11.491825,0.0,Under way using engine
2026-08-26T02:08:03Z,219000809,54.971915,11.514568,0.0,Under way using engine
2026-08-26T02:08:05Z,219002177,54.935985,11.371983,0.0,Under way using engine
2026-08-26T02:08:29Z,219000811,54.838717,11.491825,0.0,Under way using engine
2026-08-26T02:08:33Z,219000809,54.971908,11.514568,0.0,Under way using engine
2026-08-26T02:08:35Z,219002177,54.935975,11.371987,0.0,Under way using engine
2026-08-26T02:09:03Z,219000809,54.971907,11.514573,0.0,Under way using engine
2026-08-26T02:09:05Z,219002177,54.935973,11.371978,0.0,Under way using engine
2026-08-26T02:09:09Z,219000811,54.838717,11.491822,0.0,Under way using engine
2026-08-26T02:09:33Z,219000809,54.971915,11.514557,0.0,Under way using engine
2026-08-26T02:09:35Z,219002177,54.935973,11.371977,0.0,Under way using engine
2026-08-26T02:09:40Z,219000811,54.838718,11.491822,0.0,Under way using engine
2026-08-26T02:10:03Z,219000809,54.971917,11.514548,0.0,Under way using engine
2026-08-26T02:10:05Z,219002177,54.935967,11.371972,0.0,Under way using engine
2026-08-26T02:10:20Z,219000811,54.838720,11.491823,0.0,Under way using engine
2026-08-26T02:10:33Z,219000809,54.971913,11.514547,0.0,Under way using engine
2026-08-26T02:10:45Z,219002177,54.935977,11.371972,0.0,Under way using engine
2026-08-26T02:10:59Z,219000811,54.838722,11.491820,0.0,Under way using engine
2026-08-26T02:11:03Z,219000809,54.971913,11.514543,0.0,Under way using engine
2026-08-26T02:11:24Z,219002177,54.935980,11.371992,0.0,Under way using engine
2026-08-26T02:11:29Z,219000811,54.838723,11.491817,0.0,Under way using engine
2026-08-26T02:11:43Z,219000809,54.971912,11.514568,0.0,Under way using engine
2026-08-26T02:11:54Z,219002177,54.935973,11.371978,0.0,Under way using engine
2026-08-26T02:11:59Z,219000811,54.838722,11.491818,0.0,Under way using engine
2026-08-26T02:12:22Z,219000809,54.971913,11.514562,0.0,Under way using engine
2026-08-26T02:12:24Z,219002177,54.935972,11.371970,0.0,Under way using engine
2026-08-26T02:12:29Z,219000811,54.838722,11.491818,0.0,Under way using engine
2026-08-26T02:12:52Z,219000809,54.971913,11.514557,0.0,Under way using engine
2026-08-26T02:12:54Z,219002177,54.935977,11.371983,0.0,Under way using engine
2026-08-26T02:12:59Z,219000811,54.838720,11.491818,0.0,Under way using engine
2026-08-26T02:13:22Z,219000809,54.971912,11.514555,0.0,Under way using engine
2026-08-26T02:13:24Z,219002177,54.935972,11.371980,0.0,Under way using engine
2026-08-26T02:13:29Z,219000811,54.838720,11.491818,0.0,Under way using engine
2026-08-26T02:13:52Z,219000809,54.971917,11.514543,0.0,Under way using engine
2026-08-26T02:13:54Z,219002177,54.935977,11.371985,0.0,Under way using engine
2026-08-26T02:13:59Z,219000811,54.838722,11.491818,0.0,Under way using engine
2026-08-26T02:14:22Z,219000809,54.971922,11.514575,0.1,Under way using engine
2026-08-26T02:14:24Z,219002177,54.935982,11.371992,0.0,Under way using engine
2026-08-26T02:14:29Z,219000811,54.838722,11.491820,0.0,Under way using engine
2026-08-26T02:14:52Z,219000809,54.971905,11.514550,0.0,Under way using engine
2026-08-26T02:14:54Z,219002177,54.935973,11.371987,0.0,Under way using engine
2026-08-26T02:14:59Z,219000811,54.838720,11.491818,0.0,Under way using engine
2026-08-26T02:15:22Z,219000809,54.971915,11.514548,0.0,Under way using engine
2026-08-26T02:15:24Z,219002177,54.935967,11.371993,0.0,Under way using engine
2026-08-26T02:15:29Z,219000811,54.838720,11.491818,0.0,Under way using engine
2026-08-26T02:15:53Z,219000809,54.971912,11.514558,0.0,Under way using engine
2026-08-26T02:15:54Z,219002177,54.935967,11.371985,0.0,Under way using engine
2026-08-26T02:15:59Z,219000811,54.838720,11.491817,0.0,Under way using engine
2026-08-26T02:16:24Z,219002177,54.935972,11.371985,0.0,Under way using engine
2026-08-26T02:16:29Z,219000811,54.838718,11.491817,0.0,Under way using engine
2026-08-26T02:16:32Z,219000809,54.971908,11.514555,0.0,Under way using engine
2026-08-26T02:16:55Z,219002177,54.935972,11.371995,0.0,Under way using engine
2026-08-26T02:16:59Z,219000811,54.838717,11.491817,0.0,Under way using engine
2026-08-26T02:17:03Z,219000809,54.971913,11.514570,0.0,Under way using engine
2026-08-26T02:17:29Z,219000811,54.838717,11.491812,0.0,Under way using engine
2026-08-26T02:17:35Z,219002177,54.935968,11.371987,0.0,Under way using engine
2026-08-26T02:17:42Z,219000809,54.971907,11.514578,0.0,Under way using engine
2026-08-26T02:18:00Z,219000811,54.838715,11.491813,0.0,Under way using engine
2026-08-26T02:18:12Z,219000809,54.971912,11.514572,0.0,Under way using engine
2026-08-26T02:18:13Z,219002177,54.935967,11.371980,0.0,Under way using engine
2026-08-26T02:18:39Z,219000811,54.838715,11.491813,0.0,Under way using engine
2026-08-26T02:18:42Z,219000809,54.971905,11.514563,0.0,Under way using engine
2026-08-26T02:18:43Z,219002177,54.935967,11.371980,0.0,Under way using engine
2026-08-26T02:19:10Z,219000811,54.838713,11.491815,0.0,Under way using engine
2026-08-26T02:19:12Z,219000809,54.971908,11.514577,0.0,Under way using engine
2026-08-26T02:19:13Z,219002177,54.935973,11.371980,0.0,Under way using engine
2026-08-26T02:19:42Z,219000809,54.971898,11.514575,0.0,Under way using engine
2026-08-26T02:19:43Z,219002177,54.935965,11.371980,0.0,Under way using engine
2026-08-26T02:19:49Z,219000811,54.838712,11.491818,0.0,Under way using engine
2026-08-26T02:20:13Z,219000809,54.971903,11.514577,0.0,Under way using engine
2026-08-26T02:20:13Z,219002177,54.935965,11.371977,0.0,Under way using engine
2026-08-26T02:20:19Z,219000811,54.838713,11.491818,0.0,Under way using engine
2026-08-26T02:20:43Z,219002177,54.935960,11.371987,0.0,Under way using engine
2026-08-26T02:20:49Z,219000811,54.838717,11.491818,0.0,Under way using engine
2026-08-26T02:20:53Z,219000809,54.971907,11.514568,0.0,Under way using engine
2026-08-26T02:21:13Z,219002177,54.935960,11.371978,0.0,Under way using engine
2026-08-26T02:21:19Z,219000811,54.838717,11.491817,0.0,Under way using engine
2026-08-26T02:21:32Z,219000809,54.971910,11.514575,0.0,Under way using engine
2026-08-26T02:21:43Z,219002177,54.935962,11.371980,0.0,Under way using engine
2026-08-26T02:21:49Z,219000811,54.838717,11.491813,0.0,Under way using engine
2026-08-26T02:22:02Z,219000809,54.971903,11.514567,0.0,Under way using engine
2026-08-26T02:22:15Z,219002177,54.935967,11.371978,0.0,Under way using engine
2026-08-26T02:22:20Z,219000811,54.838717,11.491812,0.0,Under way using engine
2026-08-26T02:22:32Z,219000809,54.971903,11.514562,0.0,Under way using engine
2026-08-26T02:22:54Z,219002177,54.935955,11.371973,0.0,Under way using engine
2026-08-26T02:22:58Z,219000811,54.838713,11.491810,0.0,Under way using engine
2026-08-26T02:23:02Z,219000809,54.971922,11.514543,0.0,Under way using engine
2026-08-26T02:23:24Z,219002177,54.935945,11.371967,0.0,Under way using engine
2026-08-26T02:23:30Z,219000811,54.838713,11.491810,0.0,Under way using engine
2026-08-26T02:23:42Z,219000809,54.971922,11.514545,0.0,Under way using engine
2026-08-26T02:23:54Z,219002177,54.935947,11.371973,0.0,Under way using engine
2026-08-26T02:24:09Z,219000811,54.838713,11.491810,0.0,Under way using engine
2026-08-26T02:24:13Z,219000809,54.971912,11.514552,0.0,Under way using engine
2026-08-26T02:24:24Z,219002177,54.935952,11.371988,0.0,Under way using engine
2026-08-26T02:24:39Z,219000811,54.838715,11.491813,0.0,Under way using engine
2026-08-26T02:24:52Z,219000809,54.971900,11.514558,0.0,Under way using engine
2026-08-26T02:24:55Z,219002177,54.935953,11.372007,0.0,Under way using engine
2026-08-26T02:25:09Z,219000811,54.838717,11.491813,0.0,Under way using engine
2026-08-26T02:25:31Z,219000809,54.971900,11.514557,0.0,Under way using engine
2026-08-26T02:25:33Z,219002177,54.935960,11.371987,0.0,Under way using engine
2026-08-26T02:25:39Z,219000811,54.838717,11.491813,0.0,Under way using engine
2026-08-26T02:26:02Z,219000809,54.971898,11.514562,0.0,Under way using engine
2026-08-26T02:26:04Z,219002177,54.935957,11.371993,0.0,Under way using engine
2026-08-26T02:26:09Z,219000811,54.838717,11.491812,0.0,Under way using engine
2026-08-26T02:26:38Z,219002177,54.935958,11.371985,0.0,Under way using engine
2026-08-26T02:26:39Z,219000811,54.838718,11.491815,0.0,Under way using engine
2026-08-26T02:26:42Z,219000809,54.971902,11.514575,0.0,Under way using engine
2026-08-26T02:27:09Z,219000811,54.838720,11.491815,0.0,Under way using engine
2026-08-26T02:27:13Z,219000809,54.971903,11.514572,0.0,Under way using engine
2026-08-26T02:27:15Z,219002177,54.935958,11.371980,0.0,Under way using engine
2026-08-26T02:27:39Z,219000811,54.838718,11.491817,0.0,Under way using engine
2026-08-26T02:27:45Z,219002177,54.935957,11.371978,0.0,Under way using engine
2026-08-26T02:27:52Z,219000809,54.971902,11.514580,0.0,Under way using engine
2026-08-26T02:28:09Z,219000811,54.838718,11.491815,0.0,Under way using engine
2026-08-26T02:28:15Z,219002177,54.935958,11.371973,0.0,Under way using engine
2026-08-26T02:28:22Z,219000809,54.971897,11.514585,0.0,Under way using engine
2026-08-26T02:28:39Z,219000811,54.838717,11.491817,0.0,Under way using engine
2026-08-26T02:28:45Z,219002177,54.935960,11.371970,0.0,Under way using engine
2026-08-26T02:29:03Z,219000809,54.971895,11.514575,0.0,Under way using engine
2026-08-26T02:29:09Z,219000811,54.838717,11.491817,0.0,Under way using engine
2026-08-26T02:29:15Z,219002177,54.935952,11.371972,0.0,Under way using engine
2026-08-26T02:29:39Z,219000811,54.838715,11.491815,0.0,Under way using engine
2026-08-26T02:29:42Z,219000809,54.971900,11.514568,0.0,Under way using engine
2026-08-26T02:29:55Z,219002177,54.935950,11.371987,0.0,Under way using engine
2026-08-26T02:30:09Z,219000811,54.838715,11.491815,0.0,Under way using engine
2026-08-26T02:30:13Z,219000809,54.971898,11.514558,0.0,Under way using engine
2026-08-26T02:30:33Z,219002177,54.935952,11.371995,0.0,Under way using engine
2026-08-26T02:30:39Z,219000811,54.838715,11.491815,0.0,Under way using engine
2026-08-26T02:30:51Z,219000809,54.971900,11.514568,0.0,Under way using engine
2026-08-26T02:31:04Z,219002177,54.935960,11.371995,0.0,Under way using engine
2026-08-26T02:31:09Z,219000811,54.838717,11.491817,0.0,Under way using engine
2026-08-26T02:31:22Z,219000809,54.971903,11.514572,0.0,Under way using engine
2026-08-26T02:31:34Z,219002177,54.935973,11.372012,0.0,Under way using engine
2026-08-26T02:31:39Z,219000811,54.838718,11.491817,0.0,Under way using engine
2026-08-26T02:32:02Z,219000809,54.971907,11.514572,0.0,Under way using engine
2026-08-26T02:32:04Z,219002177,54.935963,11.372003,0.0,Under way using engine
2026-08-26T02:32:10Z,219000811,54.838718,11.491818,0.0,Under way using engine
2026-08-26T02:32:34Z,219002177,54.935977,11.372022,0.0,Under way using engine
2026-08-26T02:32:42Z,219000809,54.971912,11.514585,0.0,Under way using engine
2026-08-26T02:32:49Z,219000811,54.838720,11.491822,0.0,Under way using engine
2026-08-26T02:33:04Z,219002177,54.935967,11.372010,0.0,Under way using engine
2026-08-26T02:33:13Z,219000809,54.971912,11.514587,0.0,Under way using engine
2026-08-26T02:33:20Z,219000811,54.838722,11.491822,0.0,Under way using engine
2026-08-26T02:33:34Z,219002177,54.935970,11.372023,0.0,Under way using engine
2026-08-26T02:33:51Z,219000809,54.971910,11.514578,0.0,Under way using engine
2026-08-26T02:33:59Z,219000811,54.838723,11.491818,0.0,Under way using engine
2026-08-26T02:34:04Z,219002177,54.935968,11.372007,0.0,Under way using engine
2026-08-26T02:34:22Z,219000809,54.971903,11.514577,0.0,Under way using engine
2026-08-26T02:34:29Z,219000811,54.838723,11.491815,0.0,Under way using engine
2026-08-26T02:34:44Z,219002177,54.935978,11.372017,0.0,Under way using engine
2026-08-26T02:34:59Z,219000811,54.838725,11.491812,0.0,Under way using engine
2026-08-26T02:35:02Z,219000809,54.971907,11.514595,0.0,Under way using engine
2026-08-26T02:35:15Z,219002177,54.935973,11.372012,0.0,Under way using engine
2026-08-26T02:35:30Z,219000811,54.838725,11.491812,0.0,Under way using engine
2026-08-26T02:35:42Z,219000809,54.971922,11.514615,0.0,Under way using engine
2026-08-26T02:35:55Z,219002177,54.935967,11.371985,0.0,Under way using engine
2026-08-26T02:36:10Z,219000811,54.838725,11.491807,0.0,Under way using engine
2026-08-26T02:36:12Z,219000809,54.971917,11.514603,0.0,Under way using engine
2026-08-26T02:36:25Z,219002177,54.935975,11.372003,0.0,Under way using engine
2026-08-26T02:36:42Z,219000809,54.971912,11.514605,0.0,Under way using engine
2026-08-26T02:36:49Z,219000811,54.838723,11.491805,0.0,Under way using engine
2026-08-26T02:36:55Z,219002177,54.935963,11.371993,0.0,Under way using engine
2026-08-26T02:37:12Z,219000809,54.971922,11.514610,0.0,Under way using engine
2026-08-26T02:37:19Z,219000811,54.838722,11.491807,0.0,Under way using engine
2026-08-26T02:37:25Z,219002177,54.935963,11.372005,0.0,Under way using engine
2026-08-26T02:37:42Z,219000809,54.971925,11.514610,0.0,Under way using engine
2026-08-26T02:37:49Z,219000811,54.838722,11.491807,0.0,Under way using engine
2026-08-26T02:37:55Z,219002177,54.935968,11.372032,0.0,Under way using engine
2026-08-26T02:38:12Z,219000809,54.971918,11.514605,0.0,Under way using engine
2026-08-26T02:38:19Z,219000811,54.838723,11.491808,0.0,Under way using engine
2026-08-26T02:38:25Z,219002177,54.935967,11.372015,0.0,Under way using engine
2026-08-26T02:38:42Z,219000809,54.971915,11.514607,0.0,Under way using engine
2026-08-26T02:38:49Z,219000811,54.838722,11.491807,0.0,Under way using engine
2026-08-26T02:38:55Z,219002177,54.935965,11.372000,0.0,Under way using engine
2026-08-26T02:39:12Z,219000809,54.971912,11.514603,0.0,Under way using engine
2026-08-26T02:39:19Z,219000811,54.838723,11.491807,0.0,Under way using engine
2026-08-26T02:39:35Z,219002177,54.935973,11.372012,0.0,Under way using engine
2026-08-26T02:39:42Z,219000809,54.971917,11.514602,0.0,Under way using engine
2026-08-26T02:39:49Z,219000811,54.838725,11.491805,0.0,Under way using engine
2026-08-26T02:40:12Z,219000809,54.971917,11.514587,0.0,Under way using engine
2026-08-26T02:40:14Z,219002177,54.935970,11.372018,0.0,Under way using engine
2026-08-26T02:40:19Z,219000811,54.838725,11.491807,0.0,Under way using engine
2026-08-26T02:40:42Z,219000809,54.971920,11.514587,0.0,Under way using engine
2026-08-26T02:40:50Z,219000811,54.838725,11.491808,0.0,Under way using engine
2026-08-26T02:40:54Z,219002177,54.935975,11.372025,0.0,Under way using engine
2026-08-26T02:41:12Z,219000809,54.971905,11.514585,0.0,Under way using engine
2026-08-26T02:41:24Z,219002177,54.935967,11.372017,0.0,Under way using engine
2026-08-26T02:41:29Z,219000811,54.838725,11.491810,0.0,Under way using engine
2026-08-26T02:41:42Z,219000809,54.971905,11.514578,0.0,Under way using engine
2026-08-26T02:41:54Z,219002177,54.935960,11.372018,0.0,Under way using engine
2026-08-26T02:41:59Z,219000811,54.838725,11.491813,0.0,Under way using engine
2026-08-26T02:42:12Z,219000809,54.971902,11.514577,0.0,Under way using engine
2026-08-26T02:42:24Z,219002177,54.935962,11.372017,0.0,Under way using engine
2026-08-26T02:42:29Z,219000811,54.838725,11.491810,0.0,Under way using engine
2026-08-26T02:42:42Z,219000809,54.971910,11.514572,0.0,Under way using engine
2026-08-26T02:42:54Z,219002177,54.935968,11.372025,0.0,Under way using engine
2026-08-26T02:42:59Z,219000811,54.838723,11.491808,0.0,Under way using engine
2026-08-26T02:43:12Z,219000809,54.971913,11.514588,0.0,Under way using engine
2026-08-26T02:43:24Z,219002177,54.935962,11.372023,0.0,Under way using engine
2026-08-26T02:43:29Z,219000811,54.838723,11.491807,0.0,Under way using engine
2026-08-26T02:43:42Z,219000809,54.971908,11.514588,0.0,Under way using engine
2026-08-26T02:43:54Z,219002177,54.935948,11.372030,0.0,Under way using engine
2026-08-26T02:44:00Z,219000811,54.838725,11.491807,0.0,Under way using engine
2026-08-26T02:44:12Z,219000809,54.971898,11.514570,0.0,Under way using engine
2026-08-26T02:44:24Z,219002177,54.935948,11.372000,0.0,Under way using engine
2026-08-26T02:44:38Z,219000811,54.838725,11.491805,0.0,Under way using engine
2026-08-26T02:44:43Z,219000809,54.971905,11.514588,0.0,Under way using engine
2026-08-26T02:44:54Z,219002177,54.935952,11.372000,0.0,Under way using engine
2026-08-26T02:45:09Z,219000811,54.838723,11.491805,0.0,Under way using engine
2026-08-26T02:45:22Z,219000809,54.971902,11.514587,0.0,Under way using engine
2026-08-26T02:45:24Z,219002177,54.935952,11.371993,0.0,Under way using engine
2026-08-26T02:45:39Z,219000811,54.838722,11.491805,0.0,Under way using engine
2026-08-26T02:45:52Z,219000809,54.971907,11.514583,0.0,Under way using engine
2026-08-26T02:45:54Z,219002177,54.935962,11.371975,0.0,Under way using engine
2026-08-26T02:46:09Z,219000811,54.838722,11.491805,0.0,Under way using engine
2026-08-26T02:46:22Z,219000809,54.971912,11.514573,0.0,Under way using engine
2026-08-26T02:46:24Z,219002177,54.935958,11.371973,0.0,Under way using engine
2026-08-26T02:46:39Z,219000811,54.838722,11.491805,0.0,Under way using engine
2026-08-26T02:46:52Z,219000809,54.971913,11.514568,0.0,Under way using engine
2026-08-26T02:46:55Z,219002177,54.935955,11.371973,0.0,Under way using engine
2026-08-26T02:47:09Z,219000811,54.838720,11.491805,0.0,Under way using engine
2026-08-26T02:47:22Z,219000809,54.971922,11.514567,0.0,Under way using engine
2026-08-26T02:47:34Z,219002177,54.935953,11.371998,0.0,Under way using engine
2026-08-26T02:47:39Z,219000811,54.838718,11.491805,0.0,Under way using engine
2026-08-26T02:47:52Z,219000809,54.971928,11.514572,0.0,Under way using engine
2026-08-26T02:48:09Z,219000811,54.838715,11.491808,0.0,Under way using engine
2026-08-26T02:48:14Z,219002177,54.935958,11.372022,0.0,Under way using engine
2026-08-26T02:48:22Z,219000809,54.971935,11.514582,0.0,Under way using engine
2026-08-26T02:48:39Z,219000811,54.838715,11.491815,0.0,Under way using engine
2026-08-26T02:48:44Z,219002177,54.935963,11.372020,0.0,Under way using engine
2026-08-26T02:48:52Z,219000809,54.971925,11.514577,0.0,Under way using engine
2026-08-26T02:49:14Z,219002177,54.935968,11.372010,0.0,Under way using engine
2026-08-26T02:49:19Z,219000811,54.838713,11.491818,0.0,Under way using engine
2026-08-26T02:49:22Z,219000809,54.971920,11.514570,0.0,Under way using engine
2026-08-26T02:49:44Z,219002177,54.935968,11.371988,0.0,Under way using engine
2026-08-26T02:49:50Z,219000811,54.838712,11.491822,0.0,Under way using engine
2026-08-26T02:49:52Z,219000809,54.971910,11.514580,0.0,Under way using engine
2026-08-26T02:50:14Z,219002177,54.935953,11.371978,0.0,Under way using engine
2026-08-26T02:50:23Z,219000809,54.971908,11.514588,0.0,Under way using engine
2026-08-26T02:50:28Z,219000811,54.838708,11.491827,0.0,Under way using engine
2026-08-26T02:50:44Z,219002177,54.935955,11.371988,0.0,Under way using engine
2026-08-26T02:50:59Z,219000811,54.838710,11.491827,0.0,Under way using engine
2026-08-26T02:51:02Z,219000809,54.971915,11.514597,0.0,Under way using engine
2026-08-26T02:51:14Z,219002177,54.935967,11.371980,0.0,Under way using engine
2026-08-26T02:51:32Z,219000809,54.971915,11.514590,0.0,Under way using engine
2026-08-26T02:51:39Z,219000811,54.838712,11.491822,0.0,Under way using engine
2026-08-26T02:51:44Z,219002177,54.935962,11.371982,0.0,Under way using engine
2026-08-26T02:52:02Z,219000809,54.971917,11.514595,0.0,Under way using engine
2026-08-26T02:52:10Z,219000811,54.838712,11.491818,0.0,Under way using engine
2026-08-26T02:52:14Z,219002177,54.935947,11.372018,0.0,Under way using engine
2026-08-26T02:52:32Z,219000809,54.971920,11.514598,0.0,Under way using engine
2026-08-26T02:52:44Z,219002177,54.935950,11.372022,0.0,Under way using engine
2026-08-26T02:52:50Z,219000811,54.838715,11.491822,0.0,Under way using engine
2026-08-26T02:53:02Z,219000809,54.971920,11.514602,0.0,Under way using engine
2026-08-26T02:53:14Z,219002177,54.935955,11.372010,0.0,Under way using engine
2026-08-26T02:53:28Z,219000811,54.838717,11.491825,0.0,Under way using engine
2026-08-26T02:53:42Z,219000809,54.971907,11.514593,0.0,Under way using engine
2026-08-26T02:53:45Z,219002177,54.935950,11.372007,0.0,Under way using engine
2026-08-26T02:53:59Z,219000811,54.838720,11.491823,0.0,Under way using engine
2026-08-26T02:54:22Z,219000809,54.971912,11.514588,0.0,Under way using engine
2026-08-26T02:54:34Z,219002177,54.935945,11.372032,0.0,Under way using engine
2026-08-26T02:54:40Z,219000811,54.838723,11.491818,0.0,Under way using engine
2026-08-26T02:54:52Z,219000809,54.971910,11.514583,0.0,Under way using engine
2026-08-26T02:55:04Z,219002177,54.935943,11.372027,0.0,Under way using engine
2026-08-26T02:55:10Z,219000811,54.838723,11.491818,0.0,Under way using engine
2026-08-26T02:55:22Z,219000809,54.971922,11.514578,0.0,Under way using engine
2026-08-26T02:55:34Z,219002177,54.935955,11.372008,0.0,Under way using engine
2026-08-26T02:55:40Z,219000811,54.838725,11.491818,0.0,Under way using engine
2026-08-26T02:55:52Z,219000809,54.971925,11.514585,0.0,Under way using engine
2026-08-26T02:56:04Z,219002177,54.935960,11.372000,0.0,Under way using engine
2026-08-26T02:56:10Z,219000811,54.838725,11.491820,0.0,Under way using engine
2026-08-26T02:56:22Z,219000809,54.971928,11.514585,0.0,Under way using engine
2026-08-26T02:56:34Z,219002177,54.935962,11.371992,0.0,Under way using engine
2026-08-26T02:56:40Z,219000811,54.838723,11.491818,0.0,Under way using engine
2026-08-26T02:56:52Z,219000809,54.971925,11.514577,0.0,Under way using engine
2026-08-26T02:57:04Z,219002177,54.935975,11.371962,0.0,Under way using engine
2026-08-26T02:57:10Z,219000811,54.838723,11.491820,0.0,Under way using engine
2026-08-26T02:57:22Z,219000809,54.971927,11.514568,0.0,Under way using engine
2026-08-26T02:57:34Z,219002177,54.935985,11.371947,0.0,Under way using engine
2026-08-26T02:57:40Z,219000811,54.838722,11.491820,0.0,Under way using engine
2026-08-26T02:57:53Z,219000809,54.971922,11.514590,0.0,Under way using engine
2026-08-26T02:58:04Z,219002177,54.935965,11.371970,0.0,Under way using engine
2026-08-26T02:58:10Z,219000811,54.838722,11.491827,0.0,Under way using engine
2026-08-26T02:58:31Z,219000809,54.971912,11.514600,0.0,Under way using engine
2026-08-26T02:58:35Z,219002177,54.935950,11.372008,0.0,Under way using engine
2026-08-26T02:58:40Z,219000811,54.838720,11.491828,0.0,Under way using engine
2026-08-26T02:59:03Z,219000809,54.971897,11.514590,0.0,Under way using engine
2026-08-26T02:59:10Z,219000811,54.838718,11.491828,0.0,Under way using engine
2026-08-26T02:59:15Z,219002177,54.935950,11.372018,0.0,Under way using engine
2026-08-26T02:59:40Z,219000811,54.838720,11.491827,0.0,Under way using engine
2026-08-26T02:59:42Z,219000809,54.971895,11.514593,0.0,Under way using engine
2026-08-26T02:59:55Z,219002177,54.935957,11.372027,0.0,Under way using engine
2026-08-26T03:00:10Z,219000811,54.838720,11.491823,0.0,Under way using engine
2026-08-26T03:00:12Z,219000809,54.971905,11.514588,0.0,Under way using engine
2026-08-26T03:00:25Z,219002177,54.935960,11.372025,0.0,Under way using engine
2026-08-26T03:00:40Z,219000811,54.838720,11.491820,0.0,Under way using engine
2026-08-26T03:00:55Z,219002177,54.935952,11.372013,0.0,Under way using engine
2026-08-26T03:01:03Z,219000809,54.971908,11.514580,0.0,Under way using engine
2026-08-26T03:01:10Z,219000811,54.838717,11.491818,0.0,Under way using engine
2026-08-26T03:01:25Z,219002177,54.935948,11.372015,0.0,Under way using engine
2026-08-26T03:01:33Z,219000809,54.971913,11.514583,0.0,Under way using engine
2026-08-26T03:01:40Z,219000811,54.838715,11.491818,0.0,Under way using engine
2026-08-26T03:01:55Z,219002177,54.935960,11.372003,0.0,Under way using engine
2026-08-26T03:02:03Z,219000809,54.971915,11.514593,0.0,Under way using engine
2026-08-26T03:02:10Z,219000811,54.838715,11.491817,0.0,Under way using engine
2026-08-26T03:02:33Z,219000809,54.971907,11.514595,0.0,Under way using engine
2026-08-26T03:02:34Z,219002177,54.935987,11.371975,0.0,Under way using engine
2026-08-26T03:02:40Z,219000811,54.838717,11.491815,0.0,Under way using engine
2026-08-26T03:03:03Z,219000809,54.971910,11.514588,0.0,Under way using engine
2026-08-26T03:03:10Z,219000811,54.838717,11.491813,0.0,Under way using engine
2026-08-26T03:03:13Z,219002177,54.935968,11.371975,0.0,Under way using engine
2026-08-26T03:03:33Z,219000809,54.971910,11.514585,0.0,Under way using engine
2026-08-26T03:03:40Z,219000811,54.838717,11.491813,0.0,Under way using engine
2026-08-26T03:03:44Z,219002177,54.935973,11.371945,0.0,Under way using engine
2026-08-26T03:04:03Z,219000809,54.971902,11.514602,0.0,Under way using engine
2026-08-26T03:04:10Z,219000811,54.838717,11.491813,0.0,Under way using engine
2026-08-26T03:04:33Z,219000809,54.971908,11.514608,0.0,Under way using engine
2026-08-26T03:04:34Z,219002177,54.935970,11.371967,0.0,Under way using engine
2026-08-26T03:04:40Z,219000811,54.838720,11.491817,0.0,Under way using engine
2026-08-26T03:05:03Z,219000809,54.971908,11.514610,0.0,Under way using engine
2026-08-26T03:05:04Z,219002177,54.935978,11.371965,0.0,Under way using engine
2026-08-26T03:05:10Z,219000811,54.838720,11.491818,0.0,Under way using engine
2026-08-26T03:05:34Z,219002177,54.935977,11.371980,0.0,Under way using engine
2026-08-26T03:05:40Z,219000811,54.838720,11.491818,0.0,Under way using engine
2026-08-26T03:05:42Z,219000809,54.971903,11.514598,0.0,Under way using engine
2026-08-26T03:06:04Z,219002177,54.935972,11.371980,0.0,Under way using engine
2026-08-26T03:06:10Z,219000811,54.838718,11.491820,0.0,Under way using engine
2026-08-26T03:06:12Z,219000809,54.971900,11.514587,0.0,Under way using engine
2026-08-26T03:06:34Z,219002177,54.935973,11.371972,0.0,Under way using engine
2026-08-26T03:06:40Z,219000811,54.838718,11.491822,0.0,Under way using engine
2026-08-26T03:06:42Z,219000809,54.971902,11.514587,0.0,Under way using engine
2026-08-26T03:07:04Z,219002177,54.935975,11.371967,0.0,Under way using engine
2026-08-26T03:07:10Z,219000811,54.838717,11.491823,0.0,Under way using engine
2026-08-26T03:07:12Z,219000809,54.971898,11.514587,0.0,Under way using engine
2026-08-26T03:07:34Z,219002177,54.935975,11.371947,0.0,Under way using engine
2026-08-26T03:07:40Z,219000811,54.838715,11.491827,0.0,Under way using engine
2026-08-26T03:07:42Z,219000809,54.971895,11.514590,0.0,Under way using engine
2026-08-26T03:08:04Z,219002177,54.935963,11.371955,0.0,Under way using engine
2026-08-26T03:08:10Z,219000811,54.838715,11.491827,0.0,Under way using engine
2026-08-26T03:08:12Z,219000809,54.971902,11.514590,0.0,Under way using engine
2026-08-26T03:08:34Z,219002177,54.935967,11.371957,0.0,Under way using engine
2026-08-26T03:08:40Z,219000811,54.838717,11.491825,0.0,Under way using engine
2026-08-26T03:08:42Z,219000809,54.971903,11.514580,0.0,Under way using engine
2026-08-26T03:09:04Z,219002177,54.935968,11.371972,0.0,Under way using engine
2026-08-26T03:09:10Z,219000811,54.838717,11.491825,0.0,Under way using engine
2026-08-26T03:09:12Z,219000809,54.971908,11.514572,0.0,Under way using engine
2026-08-26T03:09:34Z,219002177,54.935968,11.371965,0.0,Under way using engine
2026-08-26T03:09:42Z,219000809,54.971922,11.514558,0.0,Under way using engine
2026-08-26T03:09:48Z,219000811,54.838715,11.491825,0.0,Under way using engine
2026-08-26T03:10:04Z,219002177,54.935963,11.371977,0.0,Under way using engine
2026-08-26T03:10:12Z,219000809,54.971915,11.514570,0.0,Under way using engine
2026-08-26T03:10:19Z,219000811,54.838717,11.491825,0.0,Under way using engine
2026-08-26T03:10:34Z,219002177,54.935965,11.371988,0.0,Under way using engine
2026-08-26T03:10:42Z,219000809,54.971908,11.514563,0.0,Under way using engine
2026-08-26T03:10:59Z,219000811,54.838718,11.491828,0.0,Under way using engine
2026-08-26T03:11:04Z,219002177,54.935973,11.372003,0.0,Under way using engine
2026-08-26T03:11:22Z,219000809,54.971900,11.514563,0.0,Under way using engine
2026-08-26T03:11:30Z,219000811,54.838720,11.491825,0.0,Under way using engine
2026-08-26T03:11:34Z,219002177,54.935972,11.372007,0.0,Under way using engine
2026-08-26T03:11:53Z,219000809,54.971898,11.514583,0.0,Under way using engine
2026-08-26T03:12:04Z,219002177,54.935977,11.372005,0.0,Under way using engine
2026-08-26T03:12:10Z,219000811,54.838723,11.491823,0.0,Under way using engine
2026-08-26T03:12:33Z,219000809,54.971922,11.514572,0.0,Under way using engine
2026-08-26T03:12:34Z,219002177,54.935973,11.372008,0.0,Under way using engine
2026-08-26T03:12:48Z,219000811,54.838722,11.491825,0.0,Under way using engine
2026-08-26T03:13:05Z,219002177,54.935967,11.372012,0.0,Under way using engine
2026-08-26T03:13:12Z,219000809,54.971905,11.514577,0.0,Under way using engine
2026-08-26T03:13:19Z,219000811,54.838718,11.491827,0.0,Under way using engine
2026-08-26T03:13:42Z,219000809,54.971905,11.514572,0.0,Under way using engine
2026-08-26T03:13:55Z,219002177,54.935960,11.372000,0.0,Under way using engine
2026-08-26T03:13:59Z,219000811,54.838722,11.491825,0.0,Under way using engine
2026-08-26T03:14:12Z,219000809,54.971908,11.514570,0.0,Under way using engine
2026-08-26T03:14:25Z,219002177,54.935963,11.371992,0.0,Under way using engine
2026-08-26T03:14:30Z,219000811,54.838720,11.491823,0.0,Under way using engine
2026-08-26T03:14:42Z,219000809,54.971918,11.514570,0.0,Under way using engine
2026-08-26T03:14:55Z,219002177,54.935965,11.371980,0.0,Under way using engine
2026-08-26T03:15:09Z,219000811,54.838715,11.491822,0.0,Under way using engine
2026-08-26T03:15:22Z,219000809,54.971928,11.514540,0.0,Under way using engine
2026-08-26T03:15:25Z,219002177,54.935968,11.371980,0.0,Under way using engine
2026-08-26T03:15:40Z,219000811,54.838715,11.491823,0.0,Under way using engine
2026-08-26T03:15:53Z,219000809,54.971910,11.514550,0.0,Under way using engine
2026-08-26T03:15:55Z,219002177,54.935973,11.371977,0.0,Under way using engine
2026-08-26T03:16:19Z,219000811,54.838715,11.491822,0.0,Under way using engine
2026-08-26T03:16:25Z,219002177,54.935960,11.371990,0.0,Under way using engine
2026-08-26T03:16:33Z,219000809,54.971920,11.514552,0.0,Under way using engine
2026-08-26T03:16:55Z,219002177,54.935963,11.371988,0.0,Under way using engine
2026-08-26T03:17:00Z,219000811,54.838717,11.491818,0.0,Under way using engine
2026-08-26T03:17:12Z,219000809,54.971913,11.514562,0.0,Under way using engine
2026-08-26T03:17:25Z,219002177,54.935972,11.371988,0.0,Under way using engine
2026-08-26T03:17:30Z,219000811,54.838717,11.491815,0.0,Under way using engine
2026-08-26T03:17:42Z,219000809,54.971920,11.514550,0.0,Under way using engine
2026-08-26T03:18:00Z,219000811,54.838715,11.491815,0.0,Under way using engine
2026-08-26T03:18:05Z,219002177,54.935975,11.371962,0.0,Under way using engine
2026-08-26T03:18:12Z,219000809,54.971885,11.514555,0.0,Under way using engine
2026-08-26T03:18:30Z,219000811,54.838715,11.491817,0.0,Under way using engine
2026-08-26T03:18:42Z,219000809,54.971895,11.514535,0.0,Under way using engine
2026-08-26T03:18:44Z,219002177,54.935967,11.371978,0.0,Under way using engine
2026-08-26T03:19:00Z,219000811,54.838715,11.491817,0.0,Under way using engine
2026-08-26T03:19:12Z,219000809,54.971920,11.514532,0.0,Under way using engine
2026-08-26T03:19:14Z,219002177,54.935982,11.371963,0.0,Under way using engine
2026-08-26T03:19:30Z,219000811,54.838713,11.491820,0.0,Under way using engine
2026-08-26T03:19:42Z,219000809,54.971907,11.514542,0.0,Under way using engine
2026-08-26T03:19:53Z,219002177,54.935978,11.371963,0.0,Under way using engine
2026-08-26T03:20:00Z,219000811,54.838712,11.491823,0.0,Under way using engine
2026-08-26T03:20:12Z,219000809,54.971902,11.514557,0.0,Under way using engine
2026-08-26T03:20:25Z,219002177,54.935970,11.371983,0.0,Under way using engine
2026-08-26T03:20:30Z,219000811,54.838713,11.491825,0.0,Under way using engine
2026-08-26T03:20:42Z,219000809,54.971907,11.514543,0.0,Under way using engine
2026-08-26T03:21:00Z,219000811,54.838713,11.491825,0.0,Under way using engine
2026-08-26T03:21:05Z,219002177,54.935967,11.371975,0.0,Under way using engine
2026-08-26T03:21:12Z,219000809,54.971888,11.514558,0.0,Under way using engine
2026-08-26T03:21:30Z,219000811,54.838713,11.491825,0.0,Under way using engine
2026-08-26T03:21:42Z,219000809,54.971907,11.514543,0.0,Under way using engine
2026-08-26T03:21:44Z,219002177,54.935968,11.371970,0.0,Under way using engine
2026-08-26T03:22:00Z,219000811,54.838713,11.491822,0.0,Under way using engine
2026-08-26T03:22:12Z,219000809,54.971932,11.514538,0.0,Under way using engine
2026-08-26T03:22:14Z,219002177,54.935972,11.371980,0.0,Under way using engine
2026-08-26T03:22:40Z,219000811,54.838713,11.491818,0.0,Under way using engine
2026-08-26T03:22:42Z,219000809,54.971938,11.514537,0.0,Under way using engine
2026-08-26T03:22:44Z,219002177,54.935963,11.372005,0.0,Under way using engine
2026-08-26T03:23:12Z,219000809,54.971933,11.514550,0.0,Under way using engine
2026-08-26T03:23:14Z,219002177,54.935982,11.371995,0.0,Under way using engine
2026-08-26T03:23:20Z,219000811,54.838713,11.491815,0.0,Under way using engine
2026-08-26T03:23:42Z,219000809,54.971937,11.514553,0.0,Under way using engine
2026-08-26T03:23:44Z,219002177,54.935967,11.371985,0.0,Under way using engine
2026-08-26T03:23:50Z,219000811,54.838712,11.491812,0.0,Under way using engine
2026-08-26T03:24:12Z,219000809,54.971908,11.514558,0.0,Under way using engine
2026-08-26T03:24:14Z,219002177,54.935983,11.371968,0.0,Under way using engine
2026-08-26T03:24:20Z,219000811,54.838713,11.491812,0.0,Under way using engine
2026-08-26T03:24:42Z,219000809,54.971923,11.514553,0.0,Under way using engine
2026-08-26T03:24:44Z,219002177,54.935970,11.371967,0.0,Under way using engine
2026-08-26T03:24:59Z,219000811,54.838713,11.491818,0.0,Under way using engine
2026-08-26T03:25:12Z,219000809,54.971908,11.514553,0.0,Under way using engine
2026-08-26T03:25:14Z,219002177,54.935975,11.371948,0.0,Under way using engine
2026-08-26T03:25:30Z,219000811,54.838715,11.491818,0.0,Under way using engine
2026-08-26T03:25:44Z,219002177,54.935965,11.371960,0.0,Under way using engine
2026-08-26T03:25:53Z,219000809,54.971925,11.514523,0.0,Under way using engine
2026-08-26T03:26:09Z,219000811,54.838717,11.491818,0.0,Under way using engine
2026-08-26T03:26:24Z,219002177,54.935948,11.371988,0.0,Under way using engine
2026-08-26T03:26:32Z,219000809,54.971908,11.514568,0.0,Under way using engine
2026-08-26T03:26:40Z,219000811,54.838717,11.491818,0.0,Under way using engine
2026-08-26T03:26:54Z,219002177,54.935968,11.371990,0.0,Under way using engine
2026-08-26T03:27:02Z,219000809,54.971910,11.514565,0.0,Under way using engine
2026-08-26T03:27:20Z,219000811,54.838717,11.491817,0.0,Under way using engine
2026-08-26T03:27:25Z,219002177,54.935980,11.371975,0.0,Under way using engine
2026-08-26T03:27:32Z,219000809,54.971912,11.514565,0.0,Under way using engine
2026-08-26T03:27:59Z,219000811,54.838713,11.491817,0.0,Under way using engine
2026-08-26T03:28:03Z,219000809,54.971913,11.514552,0.0,Under way using engine
2026-08-26T03:28:05Z,219002177,54.935980,11.371983,0.0,Under way using engine
2026-08-26T03:28:29Z,219000811,54.838713,11.491817,0.0,Under way using engine
2026-08-26T03:28:35Z,219002177,54.935970,11.371988,0.0,Under way using engine
2026-08-26T03:28:43Z,219000809,54.971892,11.514570,0.0,Under way using engine
2026-08-26T03:28:59Z,219000811,54.838712,11.491820,0.0,Under way using engine
2026-08-26T03:29:13Z,219000809,54.971900,11.514557,0.0,Under way using engine
2026-08-26T03:29:14Z,219002177,54.935948,11.371980,0.1,Under way using engine
2026-08-26T03:29:29Z,219000811,54.838715,11.491820,0.0,Under way using engine
2026-08-26T03:29:43Z,219000809,54.971910,11.514542,0.1,Under way using engine
2026-08-26T03:29:45Z,219002177,54.935943,11.371977,0.0,Under way using engine
2026-08-26T03:29:59Z,219000811,54.838717,11.491820,0.0,Under way using engine
2026-08-26T03:30:13Z,219000809,54.971907,11.514537,0.0,Under way using engine
2026-08-26T03:30:25Z,219002177,54.935912,11.371930,1.0,Under way using engine
2026-08-26T03:30:29Z,219000811,54.838717,11.491818,0.0,Under way using engine
2026-08-26T03:30:43Z,219000809,54.971912,11.514548,0.0,Under way using engine
2026-08-26T03:30:55Z,219002177,54.935610,11.371732,2.8,Under way using engine
2026-08-26T03:30:59Z,219000811,54.838717,11.491820,0.0,Under way using engine
2026-08-26T03:31:13Z,219000809,54.971858,11.514565,0.1,Under way using engine
2026-08-26T03:31:25Z,219002177,54.935092,11.371410,4.1,Under way using engine
2026-08-26T03:31:29Z,219000811,54.838717,11.491818,0.0,Under way using engine
2026-08-26T03:31:43Z,219000809,54.971905,11.514570,0.0,Under way using engine
2026-08-26T03:31:55Z,219002177,54.934543,11.370927,4.6,Under way using engine
2026-08-26T03:31:59Z,219000811,54.838718,11.491820,0.0,Under way using engine
2026-08-26T03:32:13Z,219000809,54.971870,11.514573,0.1,Under way using engine
2026-08-26T03:32:29Z,219000811,54.838720,11.491817,0.0,Under way using engine
2026-08-26T03:32:34Z,219002177,54.933703,11.370788,5.0,Under way using engine
2026-08-26T03:32:43Z,219000809,54.971907,11.514557,0.0,Under way using engine
2026-08-26T03:32:59Z,219000811,54.838720,11.491815,0.0,Under way using engine
2026-08-26T03:33:04Z,219002177,54.932977,11.370690,5.3,Under way using engine
2026-08-26T03:33:13Z,219000809,54.971908,11.514552,0.0,Under way using engine
2026-08-26T03:33:29Z,219000811,54.838718,11.491817,0.0,Under way using engine
2026-08-26T03:33:34Z,219002177,54.932220,11.370593,5.6,Under way using engine
2026-08-26T03:33:43Z,219000809,54.971908,11.514555,0.0,Under way using engine
2026-08-26T03:33:59Z,219000811,54.838717,11.491817,0.0,Under way using engine
2026-08-26T03:34:04Z,219002177,54.931465,11.370557,5.7,Under way using engine
2026-08-26T03:34:13Z,219000809,54.971902,11.514572,0.0,Under way using engine
2026-08-26T03:34:29Z,219000811,54.838713,11.491818,0.0,Under way using engine
2026-08-26T03:34:34Z,219002177,54.930687,11.370563,5.7,Under way using engine
2026-08-26T03:34:43Z,219000809,54.971903,11.514555,0.0,Under way using engine
2026-08-26T03:34:59Z,219000811,54.838713,11.491818,0.0,Under way using engine
2026-08-26T03:35:04Z,219002177,54.929888,11.370527,5.7,Under way using engine
2026-08-26T03:35:22Z,219000809,54.971912,11.514530,0.0,Under way using engine
2026-08-26T03:35:29Z,219000811,54.838713,11.491817,0.0,Under way using engine
2026-08-26T03:35:34Z,219002177,54.929083,11.370497,5.7,Under way using engine
2026-08-26T03:35:59Z,219000811,54.838713,11.491818,0.0,Under way using engine
2026-08-26T03:36:02Z,219000809,54.971907,11.514515,0.0,Under way using engine
2026-08-26T03:36:04Z,219002177,54.928288,11.370438,5.7,Under way using engine
2026-08-26T03:36:29Z,219000811,54.838713,11.491817,0.0,Under way using engine
2026-08-26T03:36:32Z,219000809,54.971917,11.514547,0.0,Under way using engine
2026-08-26T03:36:34Z,219002177,54.927520,11.370387,5.7,Under way using engine
2026-08-26T03:36:59Z,219000811,54.838710,11.491818,0.0,Under way using engine
2026-08-26T03:37:02Z,219000809,54.971920,11.514562,0.0,Under way using engine
2026-08-26T03:37:04Z,219002177,54.926715,11.370315,6.1,Under way using engine
2026-08-26T03:37:29Z,219000811,54.838708,11.491820,0.0,Under way using engine
2026-08-26T03:37:32Z,219000809,54.971935,11.514543,0.0,Under way using engine
2026-08-26T03:37:34Z,219002177,54.925845,11.370342,6.6,Under way using engine
2026-08-26T03:37:59Z,219000811,54.838708,11.491820,0.0,Under way using engine
2026-08-26T03:38:02Z,219000809,54.971932,11.514540,0.0,Under way using engine
2026-08-26T03:38:04Z,219002177,54.924937,11.370477,7.0,Under way using engine
2026-08-26T03:38:29Z,219000811,54.838708,11.491818,0.0,Under way using engine
2026-08-26T03:38:32Z,219000809,54.971932,11.514550,0.0,Under way using engine
2026-08-26T03:38:34Z,219002177,54.923885,11.370617,7.3,Under way using engine
2026-08-26T03:38:59Z,219000811,54.838708,11.491822,0.0,Under way using engine
2026-08-26T03:39:02Z,219000809,54.971930,11.514565,0.0,Under way using engine
2026-08-26T03:39:04Z,219002177,54.922912,11.370772,7.4,Under way using engine
2026-08-26T03:39:29Z,219000811,54.838707,11.491820,0.0,Under way using engine
2026-08-26T03:39:32Z,219000809,54.971912,11.514570,0.0,Under way using engine
2026-08-26T03:39:34Z,219002177,54.921892,11.370932,7.4,Under way using engine
2026-08-26T03:39:59Z,219000811,54.838708,11.491820,0.0,Under way using engine
2026-08-26T03:40:02Z,219000809,54.971913,11.514565,0.0,Under way using engine
2026-08-26T03:40:04Z,219002177,54.920847,11.371027,7.3,Under way using engine
2026-08-26T03:40:29Z,219000811,54.838705,11.491820,0.0,Under way using engine
2026-08-26T03:40:32Z,219000809,54.971923,11.514552,0.0,Under way using engine
2026-08-26T03:40:44Z,219002177,54.919492,11.371198,7.4,Under way using engine
2026-08-26T03:41:00Z,219000811,54.838705,11.491823,0.0,Under way using engine
2026-08-26T03:41:02Z,219000809,54.971920,11.514555,0.0,Under way using engine
2026-08-26T03:41:25Z,219002177,54.918138,11.371448,7.3,Under way using engine
2026-08-26T03:41:30Z,219000811,54.838705,11.491822,0.0,Under way using engine
2026-08-26T03:41:32Z,219000809,54.971922,11.514568,0.0,Under way using engine
2026-08-26T03:42:00Z,219000811,54.838715,11.491818,0.0,Under way using engine
2026-08-26T03:42:02Z,219000809,54.971913,11.514537,0.0,Under way using engine
2026-08-26T03:42:05Z,219002177,54.916988,11.370778,6.6,Under way using engine
2026-08-26T03:42:30Z,219000811,54.838717,11.491818,0.0,Under way using engine
2026-08-26T03:42:33Z,219000809,54.971910,11.514563,0.0,Under way using engine
2026-08-26T03:42:43Z,219002177,54.916663,11.368645,7.3,Under way using engine
2026-08-26T03:43:00Z,219000811,54.838712,11.491818,0.0,Under way using engine
2026-08-26T03:43:12Z,219000809,54.971907,11.514545,0.0,Under way using engine
2026-08-26T03:43:13Z,219002177,54.916558,11.366815,7.7,Under way using engine
2026-08-26T03:43:30Z,219000811,54.838708,11.491822,0.0,Under way using engine
2026-08-26T03:43:42Z,219000809,54.971910,11.514547,0.0,Under way using engine
2026-08-26T03:43:43Z,219002177,54.916487,11.365062,7.1,Under way using engine
2026-08-26T03:44:00Z,219000811,54.838703,11.491823,0.0,Under way using engine
2026-08-26T03:44:12Z,219000809,54.971905,11.514557,0.0,Under way using engine
2026-08-26T03:44:13Z,219002177,54.916412,11.363492,6.3,Under way using engine
2026-08-26T03:44:30Z,219000811,54.838703,11.491827,0.0,Under way using engine
2026-08-26T03:44:42Z,219000809,54.971918,11.514523,0.0,Under way using engine
2026-08-26T03:44:43Z,219002177,54.916372,11.362168,5.0,Under way using engine
2026-08-26T03:45:00Z,219000811,54.838702,11.491825,0.0,Under way using engine
2026-08-26T03:45:12Z,219000809,54.971922,11.514520,0.0,Under way using engine
2026-08-26T03:45:14Z,219002177,54.916358,11.361157,3.8,Under way using engine
2026-08-26T03:45:30Z,219000811,54.838707,11.491823,0.0,Under way using engine
2026-08-26T03:45:43Z,219000809,54.971925,11.514538,0.0,Under way using engine
2026-08-26T03:46:00Z,219000811,54.838712,11.491822,0.0,Under way using engine
2026-08-26T03:46:05Z,219002177,54.916367,11.360553,0.6,Under way using engine
2026-08-26T03:46:13Z,219000809,54.971910,11.514550,0.0,Under way using engine
2026-08-26T03:46:40Z,219000811,54.838707,11.491815,0.0,Under way using engine
2026-08-26T03:46:43Z,219000809,54.971900,11.514563,0.0,Under way using engine
2026-08-26T03:46:43Z,219002177,54.916355,11.360512,0.0,Under way using engine
2026-08-26T03:47:13Z,219000809,54.971900,11.514545,0.0,Under way using engine
2026-08-26T03:47:14Z,219002177,54.916348,11.360528,0.1,Under way using engine
2026-08-26T03:47:29Z,219000811,54.838703,11.491822,0.0,Under way using engine
2026-08-26T03:47:43Z,219000809,54.971912,11.514548,0.0,Under way using engine
2026-08-26T03:48:00Z,219000811,54.838703,11.491823,0.0,Under way using engine
2026-08-26T03:48:04Z,219002177,54.916348,11.360532,0.0,Under way using engine
2026-08-26T03:48:13Z,219000809,54.971905,11.514552,0.0,Under way using engine
2026-08-26T03:48:34Z,219002177,54.916350,11.360523,0.0,Under way using engine
2026-08-26T03:48:40Z,219000811,54.838708,11.491823,0.0,Under way using engine
2026-08-26T03:48:43Z,219000809,54.971897,11.514553,0.0,Under way using engine
2026-08-26T03:49:04Z,219002177,54.916357,11.360535,0.0,Under way using engine
2026-08-26T03:49:13Z,219000809,54.971905,11.514572,0.0,Under way using engine
2026-08-26T03:49:18Z,219000811,54.838705,11.491823,0.0,Under way using engine
2026-08-26T03:49:34Z,219002177,54.916357,11.360542,0.0,Under way using engine
2026-08-26T03:49:43Z,219000809,54.971903,11.514545,0.0,Under way using engine
2026-08-26T03:49:48Z,219000811,54.838705,11.491822,0.0,Under way using engine
2026-08-26T03:50:04Z,219002177,54.916330,11.360550,0.0,Under way using engine
2026-08-26T03:50:13Z,219000809,54.971907,11.514557,0.0,Under way using engine
2026-08-26T03:50:18Z,219000811,54.838705,11.491818,0.0,Under way using engine
2026-08-26T03:50:34Z,219002177,54.916348,11.360518,0.0,Under way using engine
2026-08-26T03:50:43Z,219000809,54.971902,11.514548,0.0,Under way using engine
2026-08-26T03:50:49Z,219000811,54.838708,11.491815,0.0,Under way using engine
2026-08-26T03:51:04Z,219002177,54.916330,11.360522,0.0,Under way using engine
2026-08-26T03:51:13Z,219000809,54.971907,11.514553,0.0,Under way using engine
2026-08-26T03:51:29Z,219000811,54.838710,11.491812,0.0,Under way using engine
2026-08-26T03:51:43Z,219000809,54.971915,11.514548,0.0,Under way using engine
2026-08-26T03:51:44Z,219002177,54.916347,11.360547,0.0,Under way using engine
2026-08-26T03:51:59Z,219000811,54.838710,11.491812,0.0,Under way using engine
2026-08-26T03:52:13Z,219000809,54.971918,11.514563,0.0,Under way using engine
2026-08-26T03:52:15Z,219002177,54.916347,11.360548,0.0,Under way using engine
2026-08-26T03:52:29Z,219000811,54.838708,11.491815,0.0,Under way using engine
2026-08-26T03:52:43Z,219000809,54.971908,11.514565,0.0,Under way using engine
2026-08-26T03:52:54Z,219002177,54.916332,11.360552,0.0,Under way using engine
2026-08-26T03:52:59Z,219000811,54.838710,11.491817,0.0,Under way using engine
2026-08-26T03:53:13Z,219000809,54.971910,11.514530,0.0,Under way using engine
2026-08-26T03:53:29Z,219000811,54.838713,11.491818,0.0,Under way using engine
2026-08-26T03:53:33Z,219002177,54.916345,11.360532,0.0,Under way using engine
2026-08-26T03:53:43Z,219000809,54.971918,11.514555,0.0,Under way using engine
2026-08-26T03:53:59Z,219000811,54.838717,11.491815,0.0,Under way using engine
2026-08-26T03:54:04Z,219002177,54.916343,11.360538,0.0,Under way using engine
2026-08-26T03:54:13Z,219000809,54.971903,11.514563,0.0,Under way using engine
2026-08-26T03:54:30Z,219000811,54.838717,11.491812,0.0,Under way using engine
2026-08-26T03:54:45Z,219002177,54.916337,11.360558,0.0,Under way using engine
2026-08-26T03:54:53Z,219000809,54.971912,11.514555,0.0,Under way using engine
2026-08-26T03:55:10Z,219000811,54.838713,11.491822,0.0,Under way using engine
2026-08-26T03:55:24Z,219002177,54.916337,11.360540,0.0,Under way using engine
2026-08-26T03:55:33Z,219000809,54.971915,11.514567,0.0,Under way using engine
2026-08-26T03:55:48Z,219000811,54.838710,11.491825,0.0,Under way using engine
2026-08-26T03:55:54Z,219002177,54.916345,11.360532,0.0,Under way using engine
2026-08-26T03:56:03Z,219000809,54.971908,11.514548,0.0,Under way using engine
2026-08-26T03:56:20Z,219000811,54.838710,11.491827,0.0,Under way using engine
2026-08-26T03:56:24Z,219002177,54.916345,11.360533,0.0,Under way using engine
2026-08-26T03:56:33Z,219000809,54.971907,11.514570,0.0,Under way using engine
2026-08-26T03:56:54Z,219002177,54.916350,11.360553,0.0,Under way using engine
2026-08-26T03:56:59Z,219000811,54.838708,11.491830,0.0,Under way using engine
2026-08-26T03:57:03Z,219000809,54.971902,11.514577,0.0,Under way using engine
2026-08-26T03:57:24Z,219002177,54.916350,11.360557,0.0,Under way using engine
2026-08-26T03:57:30Z,219000811,54.838710,11.491825,0.0,Under way using engine
2026-08-26T03:57:33Z,219000809,54.971912,11.514582,0.0,Under way using engine
2026-08-26T03:57:54Z,219002177,54.916353,11.360553,0.0,Under way using engine
2026-08-26T03:58:03Z,219000809,54.971915,11.514588,0.0,Under way using engine
2026-08-26T03:58:09Z,219000811,54.838705,11.491823,0.0,Under way using engine
2026-08-26T03:58:24Z,219002177,54.916353,11.360552,0.0,Under way using engine
2026-08-26T03:58:33Z,219000809,54.971917,11.514582,0.0,Under way using engine
2026-08-26T03:58:40Z,219000811,54.838705,11.491818,0.0,Under way using engine
2026-08-26T03:58:54Z,219002177,54.916343,11.360555,0.0,Under way using engine
2026-08-26T03:59:03Z,219000809,54.971912,11.514567,0.0,Under way using engine
2026-08-26T03:59:18Z,219000811,54.838702,11.491820,0.0,Under way using engine
2026-08-26T03:59:24Z,219002177,54.916348,11.360538,0.0,Under way using engine
2026-08-26T03:59:33Z,219000809,54.971915,11.514402,1.6,Under way using engine
2026-08-26T03:59:48Z,219000811,54.838700,11.491818,0.0,Under way using engine
2026-08-26T03:59:54Z,219002177,54.916357,11.360558,0.0,Under way using engine
2026-08-26T04:00:03Z,219000809,54.971915,11.513583,4.1,Under way using engine
2026-08-26T04:00:18Z,219000811,54.838702,11.491823,0.0,Under way using engine
2026-08-26T04:00:24Z,219002177,54.916360,11.360543,0.0,Under way using engine
2026-08-26T04:00:33Z,219000809,54.971857,11.512817,2.2,Under way using engine
2026-08-26T04:00:49Z,219000811,54.838703,11.491827,0.0,Under way using engine
2026-08-26T04:00:54Z,219002177,54.916343,11.360545,0.1,Under way using engine
2026-08-26T04:01:03Z,219000809,54.971817,11.512583,1.1,Under way using engine
2026-08-26T04:01:24Z,219002177,54.916345,11.360528,0.0,Under way using engine
2026-08-26T04:01:29Z,219000811,54.838705,11.491830,0.0,Under way using engine
2026-08-26T04:01:33Z,219000809,54.971973,11.511447,6.7,Under way using engine
2026-08-26T04:01:54Z,219002177,54.916338,11.360508,0.0,Under way using engine
2026-08-26T04:01:59Z,219000811,54.838707,11.491828,0.0,Under way using engine
2026-08-26T04:02:03Z,219000809,54.972177,11.509515,8.6,Under way using engine
2026-08-26T04:02:25Z,219002177,54.916342,11.360532,0.0,Under way using engine
2026-08-26T04:02:29Z,219000811,54.838712,11.491823,0.0,Under way using engine
2026-08-26T04:02:33Z,219000809,54.972373,11.507478,8.6,Under way using engine
2026-08-26T04:02:59Z,219000811,54.838710,11.491825,0.0,Under way using engine
2026-08-26T04:03:05Z,219002177,54.916335,11.360602,0.1,Under way using engine
2026-08-26T04:03:06Z,219000809,54.972298,11.505127,9.1,Under way using engine
2026-08-26T04:03:29Z,219000811,54.838712,11.491825,0.0,Under way using engine
2026-08-26T04:03:36Z,219000809,54.971953,11.502940,9.6,Under way using engine
2026-08-26T04:03:44Z,219002177,54.916340,11.360548,0.0,Under way using engine
2026-08-26T04:04:00Z,219000811,54.838713,11.491828,0.0,Under way using engine
2026-08-26T04:04:06Z,219000809,54.971165,11.501205,9.2,Under way using engine
2026-08-26T04:04:14Z,219002177,54.916350,11.360543,0.0,Under way using engine
2026-08-26T04:04:40Z,219000811,54.838715,11.491830,0.0,Under way using engine
2026-08-26T04:04:43Z,219000809,54.969980,11.499250,9.3,Under way using engine
2026-08-26T04:04:44Z,219002177,54.916365,11.360548,0.0,Under way using engine
2026-08-26T04:05:14Z,219002177,54.916362,11.360548,0.0,Under way using engine
2026-08-26T04:05:20Z,219000811,54.838717,11.491830,0.0,Under way using engine
2026-08-26T04:05:21Z,219000809,54.968720,11.497420,9.3,Under way using engine
2026-08-26T04:05:44Z,219002177,54.916350,11.360667,1.1,Under way using engine
2026-08-26T04:05:52Z,219000809,54.967660,11.496007,9.3,Under way using engine
2026-08-26T04:06:00Z,219000811,54.838713,11.491827,0.0,Under way using engine
2026-08-26T04:06:14Z,219002177,54.916338,11.361193,2.7,Under way using engine
2026-08-26T04:06:33Z,219000809,54.966275,11.494182,9.5,Under way using engine
2026-08-26T04:06:40Z,219000811,54.838708,11.491825,0.0,Under way using engine
2026-08-26T04:06:44Z,219002177,54.916265,11.361960,3.5,Under way using engine
2026-08-26T04:07:10Z,219000811,54.838712,11.491822,0.0,Under way using engine
2026-08-26T04:07:12Z,219000809,54.964947,11.492435,9.1,Under way using engine
2026-08-26T04:07:14Z,219002177,54.916247,11.362882,3.9,Under way using engine
2026-08-26T04:07:40Z,219000811,54.838712,11.491825,0.0,Under way using engine
2026-08-26T04:07:43Z,219000809,54.963913,11.491085,9.1,Under way using engine
2026-08-26T04:07:44Z,219002177,54.916310,11.363873,4.2,Under way using engine
2026-08-26T04:08:10Z,219000811,54.838710,11.491828,0.0,Under way using engine
2026-08-26T04:08:14Z,219002177,54.916373,11.364917,4.4,Under way using engine
2026-08-26T04:08:16Z,219000809,54.962748,11.489848,8.7,Under way using engine
2026-08-26T04:08:40Z,219000811,54.838712,11.491827,0.0,Under way using engine
2026-08-26T04:08:44Z,219002177,54.916425,11.365993,4.5,Under way using engine
2026-08-26T04:08:46Z,219000809,54.961540,11.489162,9.1,Under way using engine
2026-08-26T04:09:14Z,219002177,54.916518,11.367083,4.6,Under way using engine
2026-08-26T04:09:20Z,219000811,54.838710,11.491825,0.0,Under way using engine
2026-08-26T04:09:22Z,219000809,54.960097,11.488382,9.0,Under way using engine
2026-08-26T04:09:44Z,219002177,54.916632,11.368180,4.6,Under way using engine
2026-08-26T04:09:52Z,219000809,54.958892,11.487752,9.0,Under way using engine
2026-08-26T04:10:00Z,219000811,54.838710,11.491822,0.0,Under way using engine
2026-08-26T04:10:14Z,219002177,54.916720,11.369280,4.7,Under way using engine
2026-08-26T04:10:22Z,219000809,54.957697,11.487220,8.9,Under way using engine
2026-08-26T04:10:40Z,219000811,54.838708,11.491823,0.0,Under way using engine
2026-08-26T04:10:44Z,219002177,54.916853,11.370367,4.3,Under way using engine
2026-08-26T04:10:52Z,219000809,54.956510,11.486758,8.7,Under way using engine
2026-08-26T04:11:10Z,219000811,54.838710,11.491827,0.0,Under way using engine
2026-08-26T04:11:22Z,219000809,54.955350,11.486253,8.7,Under way using engine
2026-08-26T04:11:25Z,219002177,54.917517,11.370768,4.0,Under way using engine
2026-08-26T04:11:40Z,219000811,54.838712,11.491828,0.0,Under way using engine
2026-08-26T04:11:52Z,219000809,54.954150,11.485765,8.9,Under way using engine
2026-08-26T04:12:04Z,219002177,54.918323,11.370605,4.9,Under way using engine
2026-08-26T04:12:10Z,219000811,54.838713,11.491830,0.0,Under way using engine
2026-08-26T04:12:22Z,219000809,54.952980,11.485242,8.8,Under way using engine
2026-08-26T04:12:34Z,219002177,54.919027,11.370513,5.3,Under way using engine
2026-08-26T04:12:40Z,219000811,54.838713,11.491828,0.0,Under way using engine
2026-08-26T04:12:52Z,219000809,54.951788,11.484770,8.8,Under way using engine
2026-08-26T04:13:04Z,219002177,54.919788,11.370402,5.6,Under way using engine
2026-08-26T04:13:10Z,219000811,54.838713,11.491823,0.0,Under way using engine
2026-08-26T04:13:22Z,219000809,54.950598,11.484290,8.9,Under way using engine
2026-08-26T04:13:34Z,219002177,54.920558,11.370265,5.7,Under way using engine
2026-08-26T04:13:40Z,219000811,54.838713,11.491820,0.0,Under way using engine
2026-08-26T04:13:52Z,219000809,54.949398,11.483830,8.8,Under way using engine
2026-08-26T04:14:04Z,219002177,54.921380,11.370113,5.9,Under way using engine
2026-08-26T04:14:10Z,219000811,54.838710,11.491818,0.0,Under way using engine
2026-08-26T04:14:22Z,219000809,54.948222,11.483347,8.8,Under way using engine
2026-08-26T04:14:40Z,219000811,54.838708,11.491822,0.0,Under way using engine
2026-08-26T04:14:42Z,219002177,54.922205,11.369960,6.0,Under way using engine
2026-08-26T04:14:52Z,219000809,54.947057,11.482932,8.8,Under way using engine
2026-08-26T04:15:10Z,219000811,54.838708,11.491823,0.0,Under way using engine
2026-08-26T04:15:13Z,219002177,54.923358,11.369648,6.3,Under way using engine
2026-08-26T04:15:22Z,219000809,54.945832,11.482497,8.8,Under way using engine
2026-08-26T04:15:44Z,219002177,54.924268,11.369385,6.5,Under way using engine
2026-08-26T04:15:49Z,219000811,54.838707,11.491827,0.0,Under way using engine
2026-08-26T04:15:52Z,219000809,54.944672,11.482040,8.8,Under way using engine
2026-08-26T04:16:20Z,219000811,54.838710,11.491828,0.0,Under way using engine
2026-08-26T04:16:25Z,219002177,54.925462,11.369042,6.6,Under way using engine
2026-08-26T04:16:26Z,219000809,54.943482,11.480815,8.7,Under way using engine
2026-08-26T04:16:55Z,219002177,54.926380,11.368762,6.7,Under way using engine
2026-08-26T04:16:59Z,219000809,54.942533,11.479337,8.7,Under way using engine
2026-08-26T04:17:00Z,219000811,54.838712,11.491835,0.0,Under way using engine
2026-08-26T04:17:25Z,219002177,54.927298,11.368517,6.6,Under way using engine
2026-08-26T04:17:33Z,219000809,54.941535,11.477705,8.7,Under way using engine
2026-08-26T04:17:39Z,219000811,54.838712,11.491837,0.0,Under way using engine
2026-08-26T04:17:55Z,219002177,54.928187,11.368557,6.4,Under way using engine
2026-08-26T04:18:10Z,219000811,54.838712,11.491837,0.0,Under way using engine
2026-08-26T04:18:13Z,219000809,54.940367,11.475677,8.7,Under way using engine
2026-08-26T04:18:25Z,219002177,54.929093,11.368637,6.4,Under way using engine
2026-08-26T04:18:49Z,219000809,54.939540,11.473737,8.7,Under way using engine
2026-08-26T04:18:49Z,219000811,54.838712,11.491833,0.0,Under way using engine
2026-08-26T04:18:55Z,219002177,54.929972,11.368708,6.5,Under way using engine
2026-08-26T04:19:19Z,219000809,54.938977,11.471823,8.9,Under way using engine
2026-08-26T04:19:20Z,219000811,54.838712,11.491830,0.0,Under way using engine
2026-08-26T04:19:25Z,219002177,54.930900,11.368723,6.5,Under way using engine
2026-08-26T04:19:53Z,219000809,54.938283,11.469588,8.9,Under way using engine
2026-08-26T04:19:55Z,219002177,54.931780,11.368892,6.4,Under way using engine
2026-08-26T04:20:00Z,219000811,54.838715,11.491830,0.0,Under way using engine
2026-08-26T04:20:25Z,219002177,54.932640,11.369237,6.3,Under way using engine
2026-08-26T04:20:33Z,219000809,54.937552,11.467095,9.0,Under way using engine
2026-08-26T04:20:40Z,219000811,54.838720,11.491828,0.0,Under way using engine
2026-08-26T04:20:55Z,219002177,54.933422,11.369747,6.2,Under way using engine
2026-08-26T04:21:13Z,219000809,54.936752,11.464450,9.1,Under way using engine
2026-08-26T04:21:20Z,219000811,54.838720,11.491830,0.0,Under way using engine
2026-08-26T04:21:25Z,219002177,54.934223,11.370327,5.9,Under way using engine
2026-08-26T04:21:53Z,219000809,54.935988,11.461855,9.2,Under way using engine
2026-08-26T04:21:55Z,219002177,54.934915,11.370918,5.3,Under way using engine
2026-08-26T04:21:59Z,219000811,54.838718,11.491828,0.0,Under way using engine
2026-08-26T04:22:25Z,219002177,54.935425,11.371473,3.9,Under way using engine
2026-08-26T04:22:33Z,219000809,54.935172,11.459253,9.3,Under way using engine
2026-08-26T04:22:40Z,219000811,54.838717,11.491827,0.0,Under way using engine
2026-08-26T04:22:55Z,219002177,54.935757,11.371758,2.0,Under way using engine
2026-08-26T04:23:03Z,219000809,54.934613,11.457313,9.3,Under way using engine
2026-08-26T04:23:10Z,219000811,54.838713,11.491825,0.0,Under way using engine
2026-08-26T04:23:25Z,219002177,54.935898,11.371902,1.1,Under way using engine
2026-08-26T04:23:33Z,219000809,54.933970,11.455247,9.4,Under way using engine
2026-08-26T04:23:40Z,219000811,54.838712,11.491825,0.0,Under way using engine
2026-08-26T04:23:55Z,219002177,54.935955,11.371977,0.4,Under way using engine
2026-08-26T04:24:03Z,219000809,54.933393,11.453308,9.4,Under way using engine
2026-08-26T04:24:10Z,219000811,54.838712,11.491828,0.0,Under way using engine
2026-08-26T04:24:25Z,219002177,54.935997,11.372010,0.1,Under way using engine
2026-08-26T04:24:33Z,219000809,54.932727,11.451313,9.3,Under way using engine
2026-08-26T04:24:40Z,219000811,54.838713,11.491828,0.0,Under way using engine
2026-08-26T04:25:03Z,219000809,54.932035,11.449627,9.3,Under way using engine
2026-08-26T04:25:04Z,219002177,54.936018,11.372002,0.0,Under way using engine
2026-08-26T04:25:10Z,219000811,54.838717,11.491830,0.0,Under way using engine
2026-08-26T04:25:33Z,219000809,54.931088,11.447903,9.3,Under way using engine
2026-08-26T04:25:34Z,219002177,54.936012,11.372008,0.1,Under way using engine
2026-08-26T04:25:49Z,219000811,54.838718,11.491830,0.0,Under way using engine
2026-08-26T04:26:03Z,219000809,54.930227,11.446342,9.1,Under way using engine
2026-08-26T04:26:04Z,219002177,54.935998,11.371987,0.0,Under way using engine
2026-08-26T04:26:20Z,219000811,54.838718,11.491827,0.0,Under way using engine
2026-08-26T04:26:33Z,219000809,54.929340,11.444685,9.2,Under way using engine
2026-08-26T04:26:34Z,219002177,54.935987,11.371985,0.0,Under way using engine
2026-08-26T04:26:59Z,219000811,54.838717,11.491828,0.0,Under way using engine
2026-08-26T04:27:03Z,219000809,54.928490,11.443112,9.3,Under way using engine
2026-08-26T04:27:04Z,219002177,54.935988,11.371980,0.0,Under way using engine
2026-08-26T04:27:29Z,219000811,54.838717,11.491828,0.0,Under way using engine
2026-08-26T04:27:34Z,219002177,54.935998,11.371967,0.0,Under way using engine
2026-08-26T04:27:35Z,219000809,54.927643,11.441500,9.3,Under way using engine
2026-08-26T04:27:59Z,219000811,54.838717,11.491832,0.0,Under way using engine
2026-08-26T04:28:04Z,219002177,54.936003,11.371967,0.0,Under way using engine
2026-08-26T04:28:13Z,219000809,54.926420,11.439232,9.3,Under way using engine
2026-08-26T04:28:29Z,219000811,54.838718,11.491833,0.0,Under way using engine
2026-08-26T04:28:34Z,219002177,54.935972,11.371980,0.0,Under way using engine
2026-08-26T04:28:43Z,219000809,54.925518,11.437578,9.3,Under way using engine
2026-08-26T04:28:59Z,219000811,54.838718,11.491835,0.0,Under way using engine
2026-08-26T04:29:04Z,219002177,54.935980,11.371977,0.0,Under way using engine
2026-08-26T04:29:13Z,219000809,54.924632,11.435935,9.3,Under way using engine
2026-08-26T04:29:29Z,219000811,54.838718,11.491835,0.0,Under way using engine
2026-08-26T04:29:34Z,219002177,54.935987,11.371985,0.0,Under way using engine
2026-08-26T04:29:52Z,219000809,54.923522,11.433813,9.4,Under way using engine
2026-08-26T04:29:59Z,219000811,54.838718,11.491833,0.0,Under way using engine
2026-08-26T04:30:04Z,219002177,54.935980,11.371992,0.0,Under way using engine
2026-08-26T04:30:23Z,219000809,54.922592,11.432117,9.3,Under way using engine
2026-08-26T04:30:29Z,219000811,54.838718,11.491832,0.0,Under way using engine
2026-08-26T04:30:34Z,219002177,54.935982,11.372002,0.0,Under way using engine
2026-08-26T04:30:59Z,219000811,54.838713,11.491830,0.0,Under way using engine
2026-08-26T04:31:03Z,219000809,54.921415,11.429853,9.3,Under way using engine
2026-08-26T04:31:04Z,219002177,54.935955,11.372000,0.0,Under way using engine
2026-08-26T04:31:29Z,219000811,54.838712,11.491827,0.0,Under way using engine
2026-08-26T04:31:33Z,219000809,54.920577,11.427985,9.5,Under way using engine
2026-08-26T04:31:34Z,219002177,54.935953,11.371987,0.0,Under way using engine
2026-08-26T04:31:59Z,219000811,54.838710,11.491823,0.0,Under way using engine
2026-08-26T04:32:03Z,219000809,54.919822,11.426237,9.5,Under way using engine
2026-08-26T04:32:05Z,219002177,54.935965,11.371990,0.0,Under way using engine
2026-08-26T04:32:29Z,219000811,54.838708,11.491820,0.0,Under way using engine
2026-08-26T04:32:33Z,219000809,54.919010,11.424350,9.4,Under way using engine
2026-08-26T04:32:42Z,219002177,54.935978,11.371998,0.1,Under way using engine
2026-08-26T04:32:59Z,219000811,54.838707,11.491818,0.0,Under way using engine
2026-08-26T04:33:03Z,219000809,54.918253,11.422590,9.5,Under way using engine
2026-08-26T04:33:15Z,219002177,54.935970,11.371990,0.0,Under way using engine
2026-08-26T04:33:29Z,219000811,54.838705,11.491818,0.0,Under way using engine
2026-08-26T04:33:33Z,219000809,54.917455,11.420712,9.5,Under way using engine
2026-08-26T04:33:54Z,219002177,54.935912,11.371975,0.0,Under way using engine
2026-08-26T04:33:59Z,219000811,54.838703,11.491817,0.0,Under way using engine
2026-08-26T04:34:03Z,219000809,54.916678,11.418922,9.5,Under way using engine
2026-08-26T04:34:24Z,219002177,54.935950,11.371990,0.0,Under way using engine
2026-08-26T04:34:29Z,219000811,54.838703,11.491818,0.0,Under way using engine
2026-08-26T04:34:33Z,219000809,54.915827,11.417037,9.4,Under way using engine
2026-08-26T04:34:54Z,219002177,54.935943,11.371988,0.1,Under way using engine
2026-08-26T04:34:59Z,219000811,54.838705,11.491820,0.0,Under way using engine
2026-08-26T04:35:12Z,219000809,54.914833,11.414652,9.5,Under way using engine
2026-08-26T04:35:24Z,219002177,54.935953,11.371982,0.0,Under way using engine
2026-08-26T04:35:29Z,219000811,54.838707,11.491820,0.0,Under way using engine
2026-08-26T04:35:42Z,219000809,54.914065,11.412818,9.4,Under way using engine
2026-08-26T04:35:54Z,219002177,54.935970,11.371990,0.0,Under way using engine
2026-08-26T04:35:59Z,219000811,54.838708,11.491820,0.0,Under way using engine
2026-08-26T04:36:12Z,219000809,54.913278,11.411018,9.3,Under way using engine
2026-08-26T04:36:24Z,219002177,54.935950,11.371980,0.5,Under way using engine
2026-08-26T04:36:29Z,219000811,54.838710,11.491817,0.1,Under way using engine
2026-08-26T04:36:42Z,219000809,54.912505,11.409213,9.4,Under way using engine
2026-08-26T04:36:54Z,219002177,54.935750,11.371825,2.1,Under way using engine
2026-08-26T04:36:59Z,219000811,54.838712,11.491818,0.0,Under way using engine
2026-08-26T04:37:12Z,219000809,54.911747,11.407370,9.4,Under way using engine
2026-08-26T04:37:24Z,219002177,54.935368,11.371505,3.4,Under way using engine
2026-08-26T04:37:29Z,219000811,54.838713,11.491818,0.0,Under way using engine
2026-08-26T04:37:42Z,219000809,54.910990,11.405517,9.4,Under way using engine
2026-08-26T04:37:59Z,219000811,54.838713,11.491820,0.0,Under way using engine
2026-08-26T04:38:12Z,219000809,54.910217,11.403683,9.4,Under way using engine
2026-08-26T04:38:24Z,219002177,54.934270,11.370752,4.9,Under way using engine
2026-08-26T04:38:29Z,219000811,54.838710,11.491825,0.1,Under way using engine
2026-08-26T04:38:42Z,219000809,54.909498,11.401787,9.5,Under way using engine
2026-08-26T04:38:59Z,219000811,54.838708,11.491827,0.0,Under way using engine
2026-08-26T04:39:05Z,219002177,54.933213,11.370658,6.2,Under way using engine
2026-08-26T04:39:12Z,219000809,54.908887,11.399775,9.4,Under way using engine
2026-08-26T04:39:35Z,219002177,54.932287,11.370578,6.7,Under way using engine
2026-08-26T04:39:39Z,219000811,54.838705,11.491828,0.0,Under way using engine
2026-08-26T04:39:42Z,219000809,54.908457,11.397613,9.5,Under way using engine
2026-08-26T04:40:10Z,219000811,54.838703,11.491830,0.0,Under way using engine
2026-08-26T04:40:12Z,219000809,54.908188,11.395392,9.4,Under way using engine
2026-08-26T04:40:15Z,219002177,54.931042,11.370492,7.0,Under way using engine
2026-08-26T04:40:42Z,219000809,54.908475,11.393197,9.4,Under way using engine
2026-08-26T04:40:49Z,219000811,54.838700,11.491833,0.0,Under way using engine
2026-08-26T04:40:53Z,219002177,54.929787,11.370387,7.0,Under way using engine
2026-08-26T04:41:12Z,219000809,54.909237,11.391330,9.6,Under way using engine
2026-08-26T04:41:20Z,219000811,54.838702,11.491832,0.0,Under way using engine
2026-08-26T04:41:24Z,219002177,54.928785,11.370308,7.0,Under way using engine
2026-08-26T04:41:43Z,219000809,54.910083,11.389518,9.8,Under way using engine
2026-08-26T04:41:59Z,219000811,54.838705,11.491828,0.0,Under way using engine
2026-08-26T04:42:03Z,219002177,54.927537,11.370218,6.8,Under way using engine
2026-08-26T04:42:23Z,219000809,54.911232,11.387072,9.8,Under way using engine
2026-08-26T04:42:35Z,219002177,54.926608,11.370175,6.1,Under way using engine
2026-08-26T04:42:39Z,219000811,54.838702,11.491827,0.0,Under way using engine
2026-08-26T04:43:03Z,219000809,54.912268,11.384482,9.9,Under way using engine
2026-08-26T04:43:10Z,219000811,54.838700,11.491828,0.0,Under way using engine
2026-08-26T04:43:15Z,219002177,54.925582,11.370212,5.6,Under way using engine
2026-08-26T04:43:33Z,219000809,54.913052,11.382517,10.0,Under way using engine
2026-08-26T04:43:49Z,219000811,54.838700,11.491830,0.0,Under way using engine
2026-08-26T04:43:53Z,219002177,54.924605,11.370227,5.3,Under way using engine
2026-08-26T04:44:03Z,219000809,54.913847,11.380567,9.9,Under way using engine
2026-08-26T04:44:19Z,219000811,54.838703,11.491830,0.0,Under way using engine
2026-08-26T04:44:23Z,219002177,54.923873,11.370237,5.3,Under way using engine
2026-08-26T04:44:33Z,219000809,54.914665,11.378570,9.8,Under way using engine
2026-08-26T04:44:50Z,219000811,54.838705,11.491830,0.0,Under way using engine
2026-08-26T04:44:53Z,219002177,54.923148,11.370272,5.2,Under way using engine
2026-08-26T04:45:03Z,219000809,54.915430,11.376717,9.7,Under way using engine
2026-08-26T04:45:23Z,219002177,54.922440,11.370313,5.2,Under way using engine
2026-08-26T04:45:29Z,219000811,54.838708,11.491828,0.0,Under way using engine
2026-08-26T04:45:33Z,219000809,54.916167,11.374712,9.4,Under way using engine
2026-08-26T04:45:55Z,219002177,54.921707,11.370360,5.1,Under way using engine
2026-08-26T04:46:03Z,219000809,54.916452,11.372678,9.0,Under way using engine
2026-08-26T04:46:10Z,219000811,54.838715,11.491830,0.0,Under way using engine
2026-08-26T04:46:33Z,219000809,54.916553,11.370485,8.9,Under way using engine
2026-08-26T04:46:33Z,219002177,54.920778,11.370463,5.2,Under way using engine
2026-08-26T04:46:50Z,219000811,54.838717,11.491827,0.0,Under way using engine
2026-08-26T04:47:03Z,219000809,54.916560,11.368353,9.2,Under way using engine
2026-08-26T04:47:03Z,219002177,54.920067,11.370560,5.2,Under way using engine
2026-08-26T04:47:20Z,219000811,54.838713,11.491828,0.0,Under way using engine
2026-08-26T04:47:33Z,219000809,54.916482,11.366083,9.1,Under way using engine
2026-08-26T04:47:34Z,219002177,54.919315,11.370657,5.5,Under way using engine
2026-08-26T04:47:50Z,219000811,54.838713,11.491827,0.0,Under way using engine
2026-08-26T04:48:03Z,219000809,54.916465,11.364022,8.7,Under way using engine
2026-08-26T04:48:14Z,219002177,54.918238,11.370808,5.7,Under way using engine
2026-08-26T04:48:20Z,219000811,54.838715,11.491827,0.0,Under way using engine
2026-08-26T04:48:36Z,219000809,54.916298,11.361957,7.1,Under way using engine
2026-08-26T04:48:44Z,219002177,54.917462,11.370713,5.7,Under way using engine
2026-08-26T04:48:50Z,219000811,54.838710,11.491828,0.0,Under way using engine
2026-08-26T04:49:06Z,219000809,54.916027,11.360860,3.3,Under way using engine
2026-08-26T04:49:14Z,219002177,54.916957,11.369780,5.5,Under way using engine
2026-08-26T04:49:20Z,219000811,54.838713,11.491828,0.0,Under way using engine
2026-08-26T04:49:36Z,219000809,54.915967,11.360848,0.5,Under way using engine
2026-08-26T04:49:44Z,219002177,54.916813,11.368283,6.5,Under way using engine
2026-08-26T04:49:50Z,219000811,54.838713,11.491828,0.0,Under way using engine
2026-08-26T04:50:13Z,219000809,54.916007,11.360345,1.2,Under way using engine
2026-08-26T04:50:14Z,219002177,54.916657,11.366655,7.0,Under way using engine
2026-08-26T04:50:20Z,219000811,54.838712,11.491828,0.0,Under way using engine
2026-08-26T04:50:44Z,219002177,54.916527,11.364943,7.2,Under way using engine
2026-08-26T04:50:50Z,219000811,54.838712,11.491830,0.0,Under way using engine
2026-08-26T04:50:53Z,219000809,54.916070,11.360112,0.6,Under way using engine
2026-08-26T04:51:14Z,219002177,54.916407,11.363350,6.7,Under way using engine
2026-08-26T04:51:20Z,219000811,54.838708,11.491825,0.0,Under way using engine
2026-08-26T04:51:23Z,219000809,54.916077,11.360045,0.2,Under way using engine
2026-08-26T04:51:44Z,219002177,54.916353,11.361922,5.3,Under way using engine
2026-08-26T04:51:50Z,219000811,54.838708,11.491825,0.0,Under way using engine
2026-08-26T04:51:53Z,219000809,54.916080,11.360050,0.0,Under way using engine
2026-08-26T04:52:14Z,219002177,54.916365,11.361105,2.4,Under way using engine
2026-08-26T04:52:20Z,219000811,54.838708,11.491822,0.0,Under way using engine
2026-08-26T04:52:23Z,219000809,54.916092,11.360058,0.0,Under way using engine
2026-08-26T04:52:44Z,219002177,54.916360,11.360830,1.0,Under way using engine
2026-08-26T04:52:50Z,219000811,54.838708,11.491823,0.0,Under way using engine
2026-08-26T04:52:53Z,219000809,54.916087,11.360055,0.0,Under way using engine
2026-08-26T04:53:14Z,219002177,54.916348,11.360610,0.8,Under way using engine
2026-08-26T04:53:20Z,219000811,54.838708,11.491823,0.0,Under way using engine
2026-08-26T04:53:23Z,219000809,54.916085,11.360058,0.0,Under way using engine
2026-08-26T04:53:44Z,219002177,54.916350,11.360560,0.0,Under way using engine
2026-08-26T04:53:50Z,219000811,54.838708,11.491827,0.0,Under way using engine
2026-08-26T04:53:53Z,219000809,54.916083,11.360060,0.0,Under way using engine
2026-08-26T04:54:14Z,219002177,54.916355,11.360562,0.0,Under way using engine
2026-08-26T04:54:23Z,219000809,54.916082,11.360057,0.0,Under way using engine
2026-08-26T04:54:25Z,219000811,54.838712,11.491830,0.0,Under way using engine
2026-08-26T04:54:44Z,219002177,54.916347,11.360573,0.0,Under way using engine
2026-08-26T04:54:53Z,219000809,54.916088,11.360063,0.0,Under way using engine
2026-08-26T04:55:00Z,219000811,54.838713,11.491835,0.0,Under way using engine
2026-08-26T04:55:14Z,219002177,54.916338,11.360557,0.0,Under way using engine
2026-08-26T04:55:23Z,219000809,54.916087,11.360065,0.0,Under way using engine
2026-08-26T04:55:39Z,219000811,54.838708,11.491833,0.0,Under way using engine
2026-08-26T04:55:44Z,219002177,54.916333,11.360543,0.0,Under way using engine
2026-08-26T04:55:53Z,219000809,54.916083,11.360060,0.0,Under way using engine
2026-08-26T04:56:10Z,219000811,54.838710,11.491828,0.0,Under way using engine
2026-08-26T04:56:14Z,219002177,54.916342,11.360540,0.0,Under way using engine
2026-08-26T04:56:23Z,219000809,54.916078,11.360063,0.0,Under way using engine
2026-08-26T04:56:44Z,219002177,54.916340,11.360528,0.0,Under way using engine
2026-08-26T04:56:49Z,219000811,54.838708,11.491818,0.0,Under way using engine
2026-08-26T04:57:01Z,219000809,54.916083,11.360058,0.0,Under way using engine
2026-08-26T04:57:14Z,219002177,54.916347,11.360535,0.0,Under way using engine
2026-08-26T04:57:20Z,219000811,54.838707,11.491817,0.0,Under way using engine
2026-08-26T04:57:32Z,219000809,54.916095,11.360055,0.0,Under way using engine
2026-08-26T04:57:44Z,219002177,54.916358,11.360543,0.0,Under way using engine
2026-08-26T04:57:59Z,219000811,54.838707,11.491817,0.0,Under way using engine
2026-08-26T04:58:13Z,219000809,54.916075,11.360055,0.0,Under way using engine
2026-08-26T04:58:25Z,219002177,54.916363,11.360550,0.0,Under way using engine
2026-08-26T04:58:30Z,219000811,54.838707,11.491817,0.0,Under way using engine
2026-08-26T04:58:52Z,219000809,54.916080,11.360057,0.0,Under way using engine
2026-08-26T04:59:05Z,219002177,54.916360,11.360550,0.0,Under way using engine
2026-08-26T04:59:10Z,219000811,54.838708,11.491825,0.0,Under way using engine
2026-08-26T04:59:23Z,219000809,54.916082,11.360067,0.0,Under way using engine
2026-08-26T04:59:44Z,219002177,54.916358,11.360553,0.1,Under way using engine
2026-08-26T04:59:50Z,219000811,54.838710,11.491822,0.0,Under way using engine
2026-08-26T05:00:01Z,219000809,54.916083,11.360052,0.0,Under way using engine
2026-08-26T05:00:20Z,219000811,54.838708,11.491822,0.0,Under way using engine
2026-08-26T05:00:25Z,219002177,54.916363,11.360563,0.0,Under way using engine
2026-08-26T05:00:32Z,219000809,54.916080,11.360048,0.0,Under way using engine
2026-08-26T05:00:50Z,219000811,54.838705,11.491822,0.0,Under way using engine
2026-08-26T05:01:05Z,219002177,54.916357,11.360560,0.0,Under way using engine
2026-08-26T05:01:13Z,219000809,54.916090,11.360060,0.0,Under way using engine
2026-08-26T05:01:30Z,219000811,54.838703,11.491823,0.0,Under way using engine
2026-08-26T05:01:44Z,219002177,54.916363,11.360552,0.0,Under way using engine
2026-08-26T05:01:52Z,219000809,54.916097,11.360065,0.0,Under way using engine
2026-08-26T05:02:10Z,219000811,54.838703,11.491825,0.0,Under way using engine
2026-08-26T05:02:23Z,219000809,54.916108,11.360068,0.0,Under way using engine
2026-08-26T05:02:25Z,219002177,54.916372,11.360575,0.0,Under way using engine
2026-08-26T05:02:40Z,219000811,54.838703,11.491823,0.0,Under way using engine
2026-08-26T05:02:53Z,219000809,54.916108,11.360060,0.0,Under way using engine
2026-08-26T05:03:05Z,219002177,54.916385,11.360585,0.0,Under way using engine
2026-08-26T05:03:10Z,219000811,54.838703,11.491825,0.0,Under way using engine
2026-08-26T05:03:23Z,219000809,54.916102,11.360055,0.0,Under way using engine
2026-08-26T05:03:40Z,219000811,54.838703,11.491827,0.0,Under way using engine
2026-08-26T05:03:44Z,219002177,54.916392,11.360597,0.0,Under way using engine
2026-08-26T05:03:53Z,219000809,54.916098,11.360052,0.0,Under way using engine
2026-08-26T05:04:10Z,219000811,54.838703,11.491832,0.0,Under way using engine
2026-08-26T05:04:23Z,219000809,54.916095,11.360047,0.0,Under way using engine
2026-08-26T05:04:25Z,219002177,54.916365,11.360570,0.0,Under way using engine
2026-08-26T05:04:40Z,219000811,54.838702,11.491837,0.0,Under way using engine
2026-08-26T05:04:53Z,219000809,54.916083,11.360040,0.0,Under way using engine
2026-08-26T05:05:03Z,219002177,54.916378,11.360570,0.0,Under way using engine
2026-08-26T05:05:10Z,219000811,54.838703,11.491840,0.0,Under way using engine
2026-08-26T05:05:33Z,219000809,54.916058,11.360262,2.0,Under way using engine
2026-08-26T05:05:34Z,219002177,54.916375,11.360560,0.0,Under way using engine
2026-08-26T05:05:40Z,219000811,54.838707,11.491842,0.0,Under way using engine
2026-08-26T05:06:03Z,219000809,54.916095,11.361418,6.0,Under way using engine
2026-08-26T05:06:10Z,219000811,54.838705,11.491842,0.0,Under way using engine
2026-08-26T05:06:15Z,219002177,54.916375,11.360570,0.0,Under way using engine
2026-08-26T05:06:33Z,219000809,54.916228,11.363113,7.4,Under way using engine
2026-08-26T05:06:40Z,219000811,54.838707,11.491842,0.0,Under way using engine
2026-08-26T05:06:54Z,219002177,54.916377,11.360575,0.0,Under way using engine
2026-08-26T05:07:03Z,219000809,54.916382,11.364937,7.7,Under way using engine
2026-08-26T05:07:19Z,219000811,54.838708,11.491840,0.0,Under way using engine
2026-08-26T05:07:33Z,219000809,54.916543,11.366823,7.8,Under way using engine
2026-08-26T05:07:34Z,219002177,54.916373,11.360590,0.4,Under way using engine
2026-08-26T05:07:50Z,219000811,54.838707,11.491838,0.0,Under way using engine
2026-08-26T05:08:03Z,219000809,54.916588,11.368708,7.8,Under way using engine
2026-08-26T05:08:15Z,219002177,54.916360,11.361183,2.5,Under way using engine
2026-08-26T05:08:30Z,219000811,54.838703,11.491837,0.0,Under way using engine
2026-08-26T05:08:33Z,219000809,54.916530,11.370598,7.8,Under way using engine
2026-08-26T05:08:54Z,219002177,54.916302,11.362197,3.6,Under way using engine
2026-08-26T05:09:03Z,219000809,54.916432,11.372440,7.7,Under way using engine
2026-08-26T05:09:08Z,219000811,54.838700,11.491837,0.0,Under way using engine
2026-08-26T05:09:33Z,219000809,54.916163,11.374250,7.8,Under way using engine
2026-08-26T05:09:34Z,219002177,54.916353,11.363415,4.0,Under way using engine
2026-08-26T05:09:38Z,219000811,54.838697,11.491837,0.0,Under way using engine
2026-08-26T05:10:06Z,219000809,54.915520,11.375925,7.6,Under way using engine
2026-08-26T05:10:15Z,219002177,54.916412,11.364797,4.3,Under way using engine
2026-08-26T05:10:19Z,219000811,54.838697,11.491832,0.0,Under way using engine
2026-08-26T05:10:42Z,219000809,54.914768,11.377680,7.6,Under way using engine
2026-08-26T05:10:50Z,219000811,54.838695,11.491823,0.0,Under way using engine
2026-08-26T05:11:05Z,219002177,54.916552,11.366563,4.5,Under way using engine
2026-08-26T05:11:12Z,219000809,54.914133,11.379215,7.6,Under way using engine
2026-08-26T05:11:30Z,219000811,54.838697,11.491817,0.0,Under way using engine
2026-08-26T05:11:35Z,219002177,54.916667,11.367695,4.6,Under way using engine
2026-08-26T05:11:42Z,219000809,54.913532,11.380615,7.4,Under way using engine
2026-08-26T05:12:05Z,219002177,54.916772,11.368780,4.7,Under way using engine
2026-08-26T05:12:08Z,219000811,54.838700,11.491813,0.0,Under way using engine
2026-08-26T05:12:12Z,219000809,54.912902,11.382102,7.4,Under way using engine
2026-08-26T05:12:35Z,219002177,54.916868,11.369945,4.8,Under way using engine
2026-08-26T05:12:38Z,219000811,54.838703,11.491817,0.0,Under way using engine
2026-08-26T05:12:42Z,219000809,54.912302,11.383477,7.4,Under way using engine
2026-08-26T05:13:05Z,219002177,54.917122,11.370853,4.1,Under way using engine
2026-08-26T05:13:08Z,219000811,54.838707,11.491813,0.0,Under way using engine
2026-08-26T05:13:12Z,219000809,54.911663,11.384957,7.4,Under way using engine
2026-08-26T05:13:35Z,219002177,54.917718,11.371003,4.5,Under way using engine
2026-08-26T05:13:38Z,219000811,54.838710,11.491812,0.0,Under way using engine
2026-08-26T05:13:42Z,219000809,54.911038,11.386315,7.5,Under way using engine
2026-08-26T05:14:08Z,219000811,54.838712,11.491810,0.0,Under way using engine
2026-08-26T05:14:12Z,219000809,54.910372,11.387792,7.6,Under way using engine
2026-08-26T05:14:13Z,219002177,54.918657,11.371035,5.7,Under way using engine
2026-08-26T05:14:38Z,219000811,54.838712,11.491813,0.0,Under way using engine
2026-08-26T05:14:42Z,219000809,54.909732,11.389167,7.6,Under way using engine
2026-08-26T05:14:44Z,219002177,54.919503,11.371062,6.3,Under way using engine
2026-08-26T05:15:08Z,219000811,54.838713,11.491817,0.0,Under way using engine
2026-08-26T05:15:12Z,219000809,54.909072,11.390592,7.6,Under way using engine
2026-08-26T05:15:24Z,219002177,54.920723,11.371065,6.8,Under way using engine
2026-08-26T05:15:40Z,219000811,54.838715,11.491822,0.0,Under way using engine
2026-08-26T05:15:42Z,219000809,54.908420,11.392037,7.6,Under way using engine
2026-08-26T05:15:54Z,219002177,54.921697,11.371052,7.1,Under way using engine
2026-08-26T05:16:12Z,219000809,54.907843,11.393597,7.7,Under way using engine
2026-08-26T05:16:19Z,219000811,54.838715,11.491825,0.0,Under way using engine
2026-08-26T05:16:24Z,219002177,54.922702,11.371000,7.3,Under way using engine
2026-08-26T05:16:42Z,219000809,54.907250,11.395110,7.6,Under way using engine
2026-08-26T05:16:50Z,219000811,54.838710,11.491823,0.0,Under way using engine
2026-08-26T05:16:54Z,219002177,54.923730,11.370917,7.5,Under way using engine
2026-08-26T05:17:12Z,219000809,54.906750,11.396758,7.8,Under way using engine
2026-08-26T05:17:24Z,219002177,54.924790,11.370798,7.7,Under way using engine
2026-08-26T05:17:40Z,219000811,54.838712,11.491825,0.0,Under way using engine
2026-08-26T05:17:42Z,219000809,54.906185,11.398370,7.7,Under way using engine
2026-08-26T05:17:54Z,219002177,54.925890,11.370670,7.7,Under way using engine
2026-08-26T05:18:12Z,219000809,54.905658,11.400005,7.8,Under way using engine
2026-08-26T05:18:19Z,219000811,54.838710,11.491827,0.0,Under way using engine
2026-08-26T05:18:24Z,219002177,54.926928,11.370558,7.8,Under way using engine
2026-08-26T05:18:43Z,219000809,54.905118,11.401700,7.8,Under way using engine
2026-08-26T05:18:49Z,219000811,54.838708,11.491830,0.0,Under way using engine
2026-08-26T05:18:54Z,219002177,54.928040,11.370422,7.8,Under way using engine
2026-08-26T05:19:19Z,219000811,54.838710,11.491835,0.0,Under way using engine
2026-08-26T05:19:22Z,219000809,54.904433,11.403830,7.8,Under way using engine
2026-08-26T05:19:24Z,219002177,54.929078,11.370295,7.8,Under way using engine
2026-08-26T05:19:49Z,219000811,54.838708,11.491838,0.0,Under way using engine
2026-08-26T05:19:53Z,219000809,54.903873,11.405578,7.7,Under way using engine
2026-08-26T05:20:03Z,219002177,54.930512,11.370137,7.8,Under way using engine
2026-08-26T05:20:19Z,219000811,54.838708,11.491842,0.0,Under way using engine
2026-08-26T05:20:23Z,219000809,54.903352,11.407183,7.7,Under way using engine
2026-08-26T05:20:34Z,219002177,54.931615,11.370027,7.8,Under way using engine
2026-08-26T05:20:49Z,219000811,54.838707,11.491840,0.0,Under way using engine
2026-08-26T05:20:53Z,219000809,54.902818,11.408815,7.8,Under way using engine
2026-08-26T05:21:13Z,219002177,54.932985,11.370247,7.5,Under way using engine
2026-08-26T05:21:19Z,219000811,54.838703,11.491840,0.0,Under way using engine
2026-08-26T05:21:23Z,219000809,54.902297,11.410443,7.7,Under way using engine
2026-08-26T05:21:44Z,219002177,54.933883,11.370655,6.5,Under way using engine
2026-08-26T05:21:49Z,219000811,54.838705,11.491845,0.0,Under way using engine
2026-08-26T05:22:02Z,219000809,54.901633,11.412500,7.6,Under way using engine
2026-08-26T05:22:19Z,219000811,54.838705,11.491847,0.0,Under way using engine
2026-08-26T05:22:24Z,219002177,54.934900,11.371185,5.1,Under way using engine
2026-08-26T05:22:33Z,219000809,54.901110,11.414132,7.5,Under way using engine
2026-08-26T05:22:49Z,219000811,54.838703,11.491845,0.0,Under way using engine
2026-08-26T05:22:54Z,219002177,54.935428,11.371538,3.4,Under way using engine
2026-08-26T05:23:19Z,219000811,54.838703,11.491843,0.0,Under way using engine
2026-08-26T05:23:23Z,219000809,54.900230,11.416830,7.6,Under way using engine
2026-08-26T05:23:24Z,219002177,54.935735,11.371767,1.9,Under way using engine
2026-08-26T05:23:49Z,219000811,54.838703,11.491842,0.0,Under way using engine
2026-08-26T05:23:55Z,219002177,54.935883,11.371902,0.9,Under way using engine
2026-08-26T05:24:02Z,219000809,54.899573,11.418848,7.6,Under way using engine
2026-08-26T05:24:19Z,219000811,54.838703,11.491837,0.0,Under way using engine
2026-08-26T05:24:32Z,219000809,54.899058,11.420442,7.6,Under way using engine
2026-08-26T05:24:34Z,219002177,54.935963,11.371990,0.2,Under way using engine
2026-08-26T05:24:59Z,219000811,54.838700,11.491828,0.0,Under way using engine
2026-08-26T05:25:02Z,219000809,54.898525,11.422032,7.7,Under way using engine
2026-08-26T05:25:05Z,219002177,54.935958,11.372018,0.0,Under way using engine
2026-08-26T05:25:30Z,219000811,54.838695,11.491820,0.0,Under way using engine
2026-08-26T05:25:32Z,219000809,54.898013,11.423673,7.7,Under way using engine
2026-08-26T05:25:44Z,219002177,54.935965,11.372003,0.0,Under way using engine
2026-08-26T05:26:08Z,219000811,54.838697,11.491815,0.0,Under way using engine
2026-08-26T05:26:13Z,219000809,54.897278,11.425885,7.7,Under way using engine
2026-08-26T05:26:24Z,219002177,54.935965,11.372017,0.0,Under way using engine
2026-08-26T05:26:40Z,219000811,54.838697,11.491817,0.0,Under way using engine
2026-08-26T05:26:52Z,219000809,54.896593,11.427985,7.8,Under way using engine
2026-08-26T05:26:55Z,219002177,54.935967,11.372008,0.0,Under way using engine
2026-08-26T05:27:20Z,219000811,54.838698,11.491818,0.0,Under way using engine
2026-08-26T05:27:23Z,219000809,54.896062,11.429673,7.8,Under way using engine
2026-08-26T05:27:34Z,219002177,54.935967,11.371998,0.0,Under way using engine
2026-08-26T05:27:59Z,219000811,54.838702,11.491818,0.0,Under way using engine
2026-08-26T05:28:02Z,219000809,54.895380,11.431852,7.9,Under way using engine
2026-08-26T05:28:05Z,219002177,54.935958,11.371995,0.0,Under way using engine
2026-08-26T05:28:30Z,219000811,54.838703,11.491818,0.0,Under way using engine
2026-08-26T05:28:32Z,219000809,54.894873,11.433540,7.9,Under way using engine
2026-08-26T05:28:44Z,219002177,54.935955,11.372005,0.0,Under way using engine
2026-08-26T05:29:02Z,219000809,54.894338,11.435205,7.9,Under way using engine
2026-08-26T05:29:08Z,219000811,54.838705,11.491825,0.0,Under way using engine
2026-08-26T05:29:14Z,219002177,54.935965,11.371997,0.0,Under way using engine
2026-08-26T05:29:32Z,219000809,54.893835,11.436892,7.9,Under way using engine
2026-08-26T05:29:39Z,219000811,54.838705,11.491832,0.0,Under way using engine
2026-08-26T05:29:45Z,219002177,54.935967,11.371998,0.0,Under way using engine
2026-08-26T05:30:02Z,219000809,54.893313,11.438597,8.0,Under way using engine
2026-08-26T05:30:10Z,219000811,54.838707,11.491833,0.0,Under way using engine
2026-08-26T05:30:24Z,219002177,54.935972,11.371997,0.0,Under way using engine
2026-08-26T05:30:32Z,219000809,54.892800,11.440288,8.0,Under way using engine
2026-08-26T05:30:48Z,219000811,54.838712,11.491837,0.0,Under way using engine
2026-08-26T05:30:55Z,219002177,54.935973,11.371997,0.0,Under way using engine
2026-08-26T05:31:02Z,219000809,54.892275,11.442018,8.1,Under way using engine
2026-08-26T05:31:19Z,219000811,54.838712,11.491835,0.0,Under way using engine
2026-08-26T05:31:33Z,219002177,54.935985,11.372003,0.0,Under way using engine
2026-08-26T05:31:42Z,219000809,54.891552,11.444442,8.4,Under way using engine
2026-08-26T05:31:59Z,219000811,54.838712,11.491838,0.0,Under way using engine
2026-08-26T05:32:05Z,219002177,54.935978,11.372002,0.0,Under way using engine
2026-08-26T05:32:13Z,219000809,54.891002,11.446222,8.4,Under way using engine
2026-08-26T05:32:29Z,219000811,54.838712,11.491838,0.0,Under way using engine
2026-08-26T05:32:45Z,219002177,54.935978,11.371992,0.0,Under way using engine
2026-08-26T05:32:53Z,219000809,54.890263,11.448622,8.4,Under way using engine
2026-08-26T05:32:59Z,219000811,54.838707,11.491837,0.0,Under way using engine
2026-08-26T05:33:23Z,219000809,54.889627,11.450313,8.4,Under way using engine
2026-08-26T05:33:24Z,219002177,54.935787,11.371827,1.9,Under way using engine
2026-08-26T05:33:29Z,219000811,54.838707,11.491837,0.0,Under way using engine
2026-08-26T05:33:53Z,219000809,54.889020,11.452038,8.3,Under way using engine
2026-08-26T05:33:59Z,219000811,54.838703,11.491835,0.0,Under way using engine
2026-08-26T05:34:05Z,219002177,54.935253,11.371383,4.0,Under way using engine
2026-08-26T05:34:29Z,219000811,54.838703,11.491833,0.0,Under way using engine
2026-08-26T05:34:31Z,219000809,54.888220,11.454190,8.2,Under way using engine
2026-08-26T05:34:45Z,219002177,54.934447,11.370840,5.3,Under way using engine
2026-08-26T05:34:59Z,219000811,54.838703,11.491832,0.0,Under way using engine
2026-08-26T05:35:02Z,219000809,54.887580,11.455787,8.0,Under way using engine
2026-08-26T05:35:25Z,219002177,54.933263,11.370743,6.9,Under way using engine
2026-08-26T05:35:29Z,219000811,54.838705,11.491832,0.0,Under way using engine
2026-08-26T05:35:42Z,219000809,54.886663,11.457808,8.1,Under way using engine
2026-08-26T05:35:59Z,219000811,54.838707,11.491828,0.0,Under way using engine
2026-08-26T05:36:04Z,219002177,54.931933,11.370640,7.6,Under way using engine
2026-08-26T05:36:12Z,219000809,54.885983,11.459395,8.2,Under way using engine
2026-08-26T05:36:30Z,219000811,54.838703,11.491827,0.0,Under way using engine
2026-08-26T05:36:42Z,219000809,54.885297,11.461015,8.2,Under way using engine
2026-08-26T05:36:45Z,219002177,54.930475,11.370623,7.9,Under way using engine
2026-08-26T05:37:09Z,219000811,54.838708,11.491830,0.0,Under way using engine
2026-08-26T05:37:12Z,219000809,54.884602,11.462548,8.1,Under way using engine
2026-08-26T05:37:25Z,219002177,54.928985,11.370520,7.8,Under way using engine
2026-08-26T05:37:39Z,219000811,54.838710,11.491828,0.0,Under way using engine
2026-08-26T05:37:42Z,219000809,54.883910,11.464115,8.3,Under way using engine
2026-08-26T05:38:04Z,219002177,54.927612,11.370427,7.7,Under way using engine
2026-08-26T05:38:09Z,219000811,54.838708,11.491828,0.0,Under way using engine
2026-08-26T05:38:12Z,219000809,54.883190,11.465658,8.3,Under way using engine
2026-08-26T05:38:34Z,219002177,54.926505,11.370427,7.7,Under way using engine
2026-08-26T05:38:39Z,219000811,54.838708,11.491827,0.0,Under way using engine
2026-08-26T05:38:42Z,219000809,54.882502,11.467222,8.2,Under way using engine
2026-08-26T05:39:04Z,219002177,54.925475,11.370413,7.7,Under way using engine
2026-08-26T05:39:09Z,219000811,54.838710,11.491828,0.0,Under way using engine
2026-08-26T05:39:12Z,219000809,54.881888,11.468938,8.2,Under way using engine
2026-08-26T05:39:34Z,219002177,54.924373,11.370455,7.6,Under way using engine
2026-08-26T05:39:39Z,219000811,54.838713,11.491830,0.0,Under way using engine
2026-08-26T05:39:42Z,219000809,54.881352,11.470608,8.2,Under way using engine
2026-08-26T05:40:04Z,219002177,54.923357,11.370495,7.5,Under way using engine
2026-08-26T05:40:09Z,219000811,54.838715,11.491837,0.0,Under way using engine
2026-08-26T05:40:12Z,219000809,54.880895,11.472480,8.1,Under way using engine
2026-08-26T05:40:34Z,219002177,54.922295,11.370608,7.5,Under way using engine
2026-08-26T05:40:39Z,219000811,54.838715,11.491837,0.0,Under way using engine
2026-08-26T05:40:42Z,219000809,54.880613,11.474312,8.1,Under way using engine
2026-08-26T05:41:04Z,219002177,54.921300,11.370733,7.4,Under way using engine
2026-08-26T05:41:09Z,219000811,54.838715,11.491835,0.0,Under way using engine
2026-08-26T05:41:12Z,219000809,54.880457,11.476280,8.1,Under way using engine
2026-08-26T05:41:34Z,219002177,54.920227,11.370898,7.5,Under way using engine
2026-08-26T05:41:39Z,219000811,54.838712,11.491833,0.0,Under way using engine
2026-08-26T05:41:42Z,219000809,54.880397,11.478170,8.2,Under way using engine
2026-08-26T05:42:09Z,219000811,54.838713,11.491832,0.0,Under way using engine
2026-08-26T05:42:12Z,219000809,54.880385,11.480223,8.2,Under way using engine
2026-08-26T05:42:14Z,219002177,54.918855,11.371117,7.5,Under way using engine
2026-08-26T05:42:39Z,219000811,54.838712,11.491828,0.0,Under way using engine
2026-08-26T05:42:43Z,219000809,54.880848,11.481872,7.9,Under way using engine
2026-08-26T05:42:44Z,219002177,54.917862,11.371257,7.3,Under way using engine
2026-08-26T05:43:09Z,219000811,54.838713,11.491827,0.0,Under way using engine
2026-08-26T05:43:14Z,219002177,54.916987,11.370693,6.3,Under way using engine
2026-08-26T05:43:16Z,219000809,54.881780,11.483202,7.9,Under way using engine
2026-08-26T05:43:44Z,219002177,54.916728,11.369358,6.1,Under way using engine
2026-08-26T05:43:46Z,219000809,54.882765,11.483400,6.8,Under way using engine
2026-08-26T05:43:49Z,219000811,54.838712,11.491828,0.0,Under way using engine
2026-08-26T05:44:14Z,219002177,54.916653,11.367813,6.5,Under way using engine
2026-08-26T05:44:22Z,219000809,54.883668,11.483273,4.5,Under way using engine
2026-08-26T05:44:29Z,219000811,54.838712,11.491832,0.0,Under way using engine
2026-08-26T05:44:44Z,219002177,54.916560,11.366197,6.7,Under way using engine
2026-08-26T05:44:53Z,219000809,54.884052,11.483262,1.2,Under way using engine
2026-08-26T05:45:00Z,219000811,54.838712,11.491830,0.0,Under way using engine
2026-08-26T05:45:14Z,219002177,54.916460,11.364570,6.9,Under way using engine
2026-08-26T05:45:32Z,219000809,54.884223,11.483255,0.7,Under way using engine
2026-08-26T05:45:38Z,219000811,54.838710,11.491830,0.0,Under way using engine
2026-08-26T05:45:44Z,219002177,54.916400,11.362997,6.2,Under way using engine
2026-08-26T05:46:02Z,219000809,54.884287,11.483230,0.3,Under way using engine
2026-08-26T05:46:09Z,219000811,54.838710,11.491830,0.0,Under way using engine
2026-08-26T05:46:14Z,219002177,54.916363,11.361737,4.3,Under way using engine
2026-08-26T05:46:43Z,219000809,54.884308,11.483220,0.0,Under way using engine
2026-08-26T05:46:44Z,219002177,54.916350,11.361080,2.2,Under way using engine
2026-08-26T05:46:49Z,219000811,54.838710,11.491827,0.0,Under way using engine
2026-08-26T05:47:14Z,219002177,54.916345,11.360688,1.2,Under way using engine
2026-08-26T05:47:19Z,219000811,54.838710,11.491825,0.0,Under way using engine
2026-08-26T05:47:23Z,219000809,54.884307,11.483207,0.0,Under way using engine
2026-08-26T05:47:44Z,219002177,54.916350,11.360543,0.1,Under way using engine
2026-08-26T05:47:53Z,219000809,54.884310,11.483212,0.0,Under way using engine
2026-08-26T05:48:00Z,219000811,54.838708,11.491827,0.0,Under way using engine
2026-08-26T05:48:14Z,219002177,54.916353,11.360532,0.0,Under way using engine
2026-08-26T05:48:23Z,219000809,54.884317,11.483208,0.0,Under way using engine
2026-08-26T05:48:38Z,219000811,54.838707,11.491830,0.0,Under way using engine
2026-08-26T05:48:45Z,219002177,54.916355,11.360543,0.0,Under way using engine
2026-08-26T05:48:53Z,219000809,54.884322,11.483202,0.0,Under way using engine
2026-08-26T05:49:09Z,219000811,54.838708,11.491830,0.0,Under way using engine
2026-08-26T05:49:23Z,219000809,54.884317,11.483202,0.0,Under way using engine
2026-08-26T05:49:23Z,219002177,54.916362,11.360543,0.0,Under way using engine
2026-08-26T05:49:49Z,219000811,54.838708,11.491833,0.0,Under way using engine
2026-08-26T05:49:53Z,219000809,54.884312,11.483202,0.0,Under way using engine
2026-08-26T05:49:55Z,219002177,54.916357,11.360533,0.0,Under way using engine
2026-08-26T05:50:19Z,219000811,54.838710,11.491838,0.0,Under way using engine
2026-08-26T05:50:23Z,219000809,54.884305,11.483202,0.0,Under way using engine
2026-08-26T05:50:35Z,219002177,54.916350,11.360533,0.0,Under way using engine
2026-08-26T05:50:49Z,219000811,54.838712,11.491838,0.0,Under way using engine
2026-08-26T05:50:53Z,219000809,54.884308,11.483205,0.0,Under way using engine
2026-08-26T05:51:05Z,219002177,54.916352,11.360537,0.0,Under way using engine
2026-08-26T05:51:19Z,219000811,54.838712,11.491840,0.0,Under way using engine
2026-08-26T05:51:23Z,219000809,54.884313,11.483208,0.0,Under way using engine
2026-08-26T05:51:35Z,219002177,54.916352,11.360542,0.0,Under way using engine
2026-08-26T05:51:49Z,219000811,54.838712,11.491840,0.0,Under way using engine
2026-08-26T05:51:53Z,219000809,54.884308,11.483210,0.0,Under way using engine
2026-08-26T05:52:05Z,219002177,54.916360,11.360553,0.0,Under way using engine
2026-08-26T05:52:19Z,219000811,54.838708,11.491840,0.0,Under way using engine
2026-08-26T05:52:23Z,219000809,54.884313,11.483207,0.0,Under way using engine
2026-08-26T05:52:35Z,219002177,54.916368,11.360558,0.0,Under way using engine
2026-08-26T05:52:49Z,219000811,54.838707,11.491840,0.0,Under way using engine
2026-08-26T05:53:03Z,219000809,54.884233,11.483218,1.6,Under way using engine
2026-08-26T05:53:05Z,219002177,54.916368,11.360567,0.0,Under way using engine
2026-08-26T05:53:19Z,219000811,54.838703,11.491840,0.0,Under way using engine
2026-08-26T05:53:35Z,219002177,54.916362,11.360562,0.0,Under way using engine
2026-08-26T05:53:39Z,219000809,54.883427,11.483410,6.3,Under way using engine
2026-08-26T05:53:49Z,219000811,54.838705,11.491838,0.0,Under way using engine
2026-08-26T05:54:05Z,219002177,54.916358,11.360558,0.0,Under way using engine
2026-08-26T05:54:09Z,219000809,54.882823,11.484070,3.6,Under way using engine
2026-08-26T05:54:19Z,219000811,54.838703,11.491842,0.0,Under way using engine
2026-08-26T05:54:39Z,219000809,54.882623,11.483888,3.5,Under way using engine
2026-08-26T05:54:44Z,219002177,54.916365,11.360552,0.0,Under way using engine
2026-08-26T05:54:49Z,219000811,54.838705,11.491845,0.0,Under way using engine
2026-08-26T05:55:09Z,219000809,54.882033,11.482413,8.1,Under way using engine
2026-08-26T05:55:14Z,219002177,54.916373,11.360550,0.0,Under way using engine
2026-08-26T05:55:19Z,219000811,54.838708,11.491845,0.0,Under way using engine
2026-08-26T05:55:42Z,219000809,54.881250,11.480475,9.2,Under way using engine
2026-08-26T05:55:44Z,219002177,54.916375,11.360557,0.0,Under way using engine
2026-08-26T05:55:49Z,219000811,54.838707,11.491842,0.0,Under way using engine
2026-08-26T05:56:12Z,219000809,54.880752,11.478538,9.1,Under way using engine
2026-08-26T05:56:14Z,219002177,54.916373,11.360550,0.0,Under way using engine
2026-08-26T05:56:19Z,219000811,54.838703,11.491837,0.0,Under way using engine
2026-08-26T05:56:42Z,219000809,54.880800,11.476252,9.2,Under way using engine
2026-08-26T05:56:44Z,219002177,54.916367,11.360528,0.0,Under way using engine
2026-08-26T05:56:49Z,219000811,54.838703,11.491837,0.0,Under way using engine
2026-08-26T05:57:12Z,219000809,54.880932,11.474188,8.9,Under way using engine
2026-08-26T05:57:14Z,219002177,54.916382,11.360533,0.0,Under way using engine
2026-08-26T05:57:20Z,219000811,54.838702,11.491835,0.0,Under way using engine
2026-08-26T05:57:42Z,219000809,54.881367,11.472090,9.0,Under way using engine
2026-08-26T05:57:44Z,219002177,54.916378,11.360548,0.0,Under way using engine
2026-08-26T05:58:00Z,219000811,54.838700,11.491835,0.0,Under way using engine
2026-08-26T05:58:12Z,219000809,54.881743,11.470125,8.9,Under way using engine
2026-08-26T05:58:14Z,219002177,54.916373,11.360553,0.1,Under way using engine
2026-08-26T05:58:39Z,219000811,54.838700,11.491830,0.0,Under way using engine
2026-08-26T05:58:42Z,219000809,54.882198,11.468023,9.1,Under way using engine
2026-08-26T05:58:44Z,219002177,54.916375,11.360545,0.0,Under way using engine
2026-08-26T05:59:10Z,219000811,54.838698,11.491832,0.0,Under way using engine
2026-08-26T05:59:12Z,219000809,54.882755,11.466138,9.2,Under way using engine
2026-08-26T05:59:14Z,219002177,54.916362,11.360542,0.0,Under way using engine
2026-08-26T05:59:42Z,219000809,54.883538,11.464297,9.2,Under way using engine
2026-08-26T05:59:49Z,219000811,54.838697,11.491837,0.0,Under way using engine
2026-08-26T05:59:55Z,219002177,54.916375,11.360528,0.1,Under way using engine
2026-08-26T06:00:12Z,219000809,54.884340,11.462632,9.2,Under way using engine
2026-08-26T06:00:20Z,219000811,54.838700,11.491840,0.0,Under way using engine
2026-08-26T06:00:35Z,219002177,54.916373,11.360530,0.0,Under way using engine
2026-08-26T06:00:43Z,219000809,54.885152,11.460835,9.3,Under way using engine
2026-08-26T06:01:00Z,219000811,54.838702,11.491837,0.0,Under way using engine
2026-08-26T06:01:05Z,219002177,54.916373,11.360530,0.0,Under way using engine
2026-08-26T06:01:13Z,219000809,54.885973,11.459123,9.4,Under way using engine
2026-08-26T06:01:35Z,219002177,54.916368,11.360528,0.0,Under way using engine
2026-08-26T06:01:38Z,219000811,54.838703,11.491835,0.0,Under way using engine
2026-08-26T06:01:43Z,219000809,54.886772,11.457340,9.3,Under way using engine
2026-08-26T06:02:10Z,219000811,54.838702,11.491833,0.0,Under way using engine
2026-08-26T06:02:13Z,219000809,54.887602,11.455620,9.4,Under way using engine
2026-08-26T06:02:24Z,219002177,54.916350,11.360535,0.0,Under way using engine
2026-08-26T06:02:43Z,219000809,54.888443,11.453848,9.4,Under way using engine
2026-08-26T06:02:50Z,219000811,54.838705,11.491838,0.0,Under way using engine
2026-08-26T06:02:54Z,219002177,54.916365,11.360533,0.0,Under way using engine
2026-08-26T06:03:13Z,219000809,54.889272,11.452093,9.4,Under way using engine
2026-08-26T06:03:20Z,219000811,54.838705,11.491843,0.0,Under way using engine
2026-08-26T06:03:24Z,219002177,54.916352,11.360543,0.0,Under way using engine
2026-08-26T06:03:43Z,219000809,54.890088,11.450355,9.3,Under way using engine
2026-08-26T06:03:50Z,219000811,54.838710,11.491845,0.0,Under way using engine
2026-08-26T06:03:54Z,219002177,54.916357,11.360542,0.0,Under way using engine
2026-08-26T06:04:13Z,219000809,54.890865,11.448590,9.2,Under way using engine
2026-08-26T06:04:24Z,219002177,54.916367,11.360545,0.0,Under way using engine
2026-08-26T06:04:30Z,219000811,54.838715,11.491845,0.0,Under way using engine
2026-08-26T06:04:43Z,219000809,54.891682,11.446880,9.2,Under way using engine
2026-08-26T06:04:54Z,219002177,54.916353,11.360558,0.2,Under way using engine
2026-08-26T06:05:00Z,219000811,54.838715,11.491843,0.0,Under way using engine
2026-08-26T06:05:13Z,219000809,54.892490,11.445163,9.2,Under way using engine
2026-08-26T06:05:30Z,219000811,54.838715,11.491842,0.0,Under way using engine
2026-08-26T06:05:35Z,219002177,54.916353,11.361100,2.5,Under way using engine
2026-08-26T06:05:43Z,219000809,54.893285,11.443455,9.2,Under way using engine
2026-08-26T06:06:00Z,219000811,54.838717,11.491840,0.0,Under way using engine
2026-08-26T06:06:13Z,219000809,54.894085,11.441732,9.3,Under way using engine
2026-08-26T06:06:13Z,219002177,54.916293,11.362160,3.8,Under way using engine
2026-08-26T06:06:30Z,219000811,54.838715,11.491845,0.0,Under way using engine
2026-08-26T06:06:43Z,219000809,54.894902,11.439948,9.5,Under way using engine
2026-08-26T06:06:43Z,219002177,54.916352,11.363190,4.5,Under way using engine
2026-08-26T06:07:00Z,219000811,54.838713,11.491843,0.0,Under way using engine
2026-08-26T06:07:13Z,219000809,54.895747,11.438150,9.6,Under way using engine
2026-08-26T06:07:13Z,219002177,54.916418,11.364332,4.9,Under way using engine
2026-08-26T06:07:30Z,219000811,54.838715,11.491840,0.0,Under way using engine
2026-08-26T06:07:43Z,219000809,54.896468,11.436257,9.5,Under way using engine
2026-08-26T06:07:43Z,219002177,54.916525,11.365560,5.3,Under way using engine
2026-08-26T06:08:00Z,219000811,54.838712,11.491840,0.0,Under way using engine
2026-08-26T06:08:13Z,219002177,54.916633,11.366835,5.5,Under way using engine
2026-08-26T06:08:22Z,219000809,54.897330,11.433637,9.6,Under way using engine
2026-08-26T06:08:39Z,219000811,54.838708,11.491842,0.0,Under way using engine
2026-08-26T06:08:43Z,219002177,54.916727,11.368235,6.1,Under way using engine
2026-08-26T06:08:53Z,219000809,54.897952,11.431482,9.5,Under way using engine
2026-08-26T06:09:09Z,219000811,54.838707,11.491840,0.0,Under way using engine
2026-08-26T06:09:13Z,219002177,54.916848,11.369748,6.5,Under way using engine
2026-08-26T06:09:33Z,219000809,54.898805,11.428860,9.5,Under way using engine
2026-08-26T06:09:39Z,219000811,54.838703,11.491840,0.0,Under way using engine
2026-08-26T06:09:43Z,219002177,54.917192,11.371000,5.4,Under way using engine
2026-08-26T06:10:09Z,219000811,54.838702,11.491840,0.0,Under way using engine
2026-08-26T06:10:12Z,219000809,54.899613,11.426217,9.5,Under way using engine
2026-08-26T06:10:13Z,219002177,54.917913,11.371072,5.7,Under way using engine
2026-08-26T06:10:39Z,219000811,54.838702,11.491837,0.0,Under way using engine
2026-08-26T06:10:43Z,219000809,54.900245,11.424133,9.5,Under way using engine
2026-08-26T06:10:43Z,219002177,54.918787,11.370997,6.5,Under way using engine
2026-08-26T06:11:09Z,219000811,54.838702,11.491833,0.0,Under way using engine
2026-08-26T06:11:13Z,219002177,54.919725,11.370978,7.0,Under way using engine
2026-08-26T06:11:22Z,219000809,54.900965,11.421403,9.6,Under way using engine
2026-08-26T06:11:39Z,219000811,54.838700,11.491835,0.0,Under way using engine
2026-08-26T06:11:43Z,219002177,54.920752,11.370927,7.5,Under way using engine
2026-08-26T06:11:53Z,219000809,54.901543,11.419180,9.6,Under way using engine
2026-08-26T06:12:09Z,219000811,54.838698,11.491837,0.0,Under way using engine
2026-08-26T06:12:13Z,219002177,54.921808,11.370807,7.9,Under way using engine
2026-08-26T06:12:33Z,219000809,54.902263,11.416473,9.5,Under way using engine
2026-08-26T06:12:39Z,219000811,54.838697,11.491840,0.0,Under way using engine
2026-08-26T06:12:54Z,219002177,54.923327,11.370643,8.3,Under way using engine
2026-08-26T06:13:09Z,219000811,54.838698,11.491840,0.0,Under way using engine
2026-08-26T06:13:12Z,219000809,54.902948,11.413758,9.5,Under way using engine
2026-08-26T06:13:24Z,219002177,54.924527,11.370477,8.5,Under way using engine
2026-08-26T06:13:39Z,219000811,54.838698,11.491840,0.0,Under way using engine
2026-08-26T06:13:43Z,219000809,54.903477,11.411653,9.4,Under way using engine
2026-08-26T06:13:54Z,219002177,54.925655,11.370325,8.5,Under way using engine
2026-08-26T06:14:09Z,219000811,54.838697,11.491838,0.0,Under way using engine
2026-08-26T06:14:22Z,219000809,54.904157,11.408983,9.3,Under way using engine
2026-08-26T06:14:24Z,219002177,54.926845,11.370210,8.5,Under way using engine
2026-08-26T06:14:40Z,219000811,54.838695,11.491838,0.0,Under way using engine
2026-08-26T06:14:53Z,219000809,54.904723,11.406847,9.2,Under way using engine
2026-08-26T06:14:55Z,219002177,54.928068,11.370190,8.5,Under way using engine
2026-08-26T06:15:19Z,219000811,54.838698,11.491833,0.0,Under way using engine
2026-08-26T06:15:31Z,219000809,54.905413,11.404280,9.2,Under way using engine
2026-08-26T06:15:33Z,219002177,54.929588,11.370118,8.5,Under way using engine
2026-08-26T06:15:58Z,219000811,54.838700,11.491833,0.0,Under way using engine
2026-08-26T06:16:03Z,219000809,54.905933,11.402135,9.1,Under way using engine
2026-08-26T06:16:04Z,219002177,54.930745,11.370055,8.5,Under way using engine
2026-08-26T06:16:29Z,219000811,54.838702,11.491833,0.0,Under way using engine
2026-08-26T06:16:43Z,219000809,54.906588,11.399518,9.1,Under way using engine
2026-08-26T06:16:44Z,219002177,54.932345,11.370015,8.5,Under way using engine
2026-08-26T06:17:09Z,219000811,54.838700,11.491837,0.0,Under way using engine
2026-08-26T06:17:13Z,219000809,54.907163,11.397537,9.1,Under way using engine
2026-08-26T06:17:24Z,219002177,54.933817,11.370473,7.6,Under way using engine
2026-08-26T06:17:40Z,219000811,54.838700,11.491838,0.0,Under way using engine
2026-08-26T06:17:43Z,219000809,54.907943,11.395813,9.1,Under way using engine
2026-08-26T06:17:55Z,219002177,54.934693,11.371015,6.4,Under way using engine
2026-08-26T06:18:13Z,219000809,54.908718,11.394117,9.1,Under way using engine
2026-08-26T06:18:19Z,219000811,54.838703,11.491837,0.0,Under way using engine
2026-08-26T06:18:35Z,219002177,54.935512,11.371642,3.7,Under way using engine
2026-08-26T06:18:43Z,219000809,54.909518,11.392418,9.3,Under way using engine
2026-08-26T06:18:59Z,219000811,54.838705,11.491837,0.0,Under way using engine
2026-08-26T06:19:13Z,219000809,54.910322,11.390698,9.2,Under way using engine
2026-08-26T06:19:13Z,219002177,54.935807,11.371870,1.2,Under way using engine
2026-08-26T06:19:29Z,219000811,54.838703,11.491837,0.0,Under way using engine
2026-08-26T06:19:43Z,219000809,54.911108,11.388985,9.3,Under way using engine
2026-08-26T06:19:44Z,219002177,54.935905,11.371963,0.9,Under way using engine
2026-08-26T06:19:59Z,219000811,54.838705,11.491837,0.0,Under way using engine
2026-08-26T06:20:13Z,219000809,54.911933,11.387260,9.2,Under way using engine
2026-08-26T06:20:24Z,219002177,54.935962,11.372005,0.0,Under way using engine
2026-08-26T06:20:29Z,219000811,54.838705,11.491838,0.0,Under way using engine
2026-08-26T06:20:52Z,219000809,54.912987,11.384943,9.4,Under way using engine
2026-08-26T06:20:55Z,219002177,54.935970,11.372013,0.0,Under way using engine
2026-08-26T06:20:59Z,219000811,54.838703,11.491837,0.0,Under way using engine
2026-08-26T06:21:29Z,219000811,54.838705,11.491835,0.0,Under way using engine
2026-08-26T06:21:33Z,219000809,54.914008,11.382512,9.3,Under way using engine
2026-08-26T06:21:35Z,219002177,54.935970,11.372005,0.0,Under way using engine
2026-08-26T06:21:59Z,219000811,54.838705,11.491833,0.0,Under way using engine
2026-08-26T06:22:03Z,219000809,54.914677,11.380497,9.4,Under way using engine
2026-08-26T06:22:24Z,219002177,54.935975,11.371992,0.0,Under way using engine
2026-08-26T06:22:29Z,219000811,54.838707,11.491828,0.0,Under way using engine
2026-08-26T06:22:33Z,219000809,54.915303,11.378608,9.4,Under way using engine
2026-08-26T06:22:55Z,219002177,54.935973,11.371993,0.0,Under way using engine
2026-08-26T06:22:59Z,219000811,54.838705,11.491828,0.0,Under way using engine
2026-08-26T06:23:13Z,219000809,54.916147,11.375983,9.4,Under way using engine
2026-08-26T06:23:29Z,219000811,54.838707,11.491825,0.0,Under way using engine
2026-08-26T06:23:35Z,219002177,54.935968,11.372002,0.0,Under way using engine
2026-08-26T06:23:46Z,219000809,54.916577,11.373690,9.1,Under way using engine
2026-08-26T06:23:59Z,219000811,54.838710,11.491828,0.0,Under way using engine
2026-08-26T06:24:16Z,219000809,54.916658,11.371558,8.8,Under way using engine
2026-08-26T06:24:24Z,219002177,54.935960,11.371980,0.0,Under way using engine
2026-08-26T06:24:29Z,219000811,54.838712,11.491830,0.0,Under way using engine
2026-08-26T06:24:52Z,219000809,54.916588,11.368948,8.9,Under way using engine
2026-08-26T06:25:04Z,219002177,54.935952,11.371975,0.0,Under way using engine
2026-08-26T06:25:10Z,219000811,54.838712,11.491830,0.0,Under way using engine
2026-08-26T06:25:23Z,219000809,54.916452,11.366765,8.8,Under way using engine
2026-08-26T06:25:35Z,219002177,54.935963,11.371983,0.0,Under way using engine
2026-08-26T06:25:49Z,219000811,54.838710,11.491833,0.0,Under way using engine
2026-08-26T06:26:02Z,219000809,54.916322,11.364113,8.7,Under way using engine
2026-08-26T06:26:19Z,219000811,54.838710,11.491840,0.0,Under way using engine
2026-08-26T06:26:24Z,219002177,54.935968,11.371988,0.0,Under way using engine
2026-08-26T06:26:32Z,219000809,54.916243,11.362115,7.5,Under way using engine
2026-08-26T06:26:49Z,219000811,54.838708,11.491850,0.0,Under way using engine
2026-08-26T06:27:02Z,219000809,54.916143,11.360933,3.8,Under way using engine
2026-08-26T06:27:04Z,219002177,54.935968,11.371987,0.0,Under way using engine
2026-08-26T06:27:19Z,219000811,54.838707,11.491853,0.0,Under way using engine
2026-08-26T06:27:32Z,219000809,54.916005,11.360710,0.5,Under way using engine
2026-08-26T06:27:34Z,219002177,54.935963,11.372003,0.0,Under way using engine
2026-08-26T06:27:49Z,219000811,54.838707,11.491853,0.0,Under way using engine
2026-08-26T06:28:02Z,219000809,54.916035,11.360592,0.8,Under way using engine
2026-08-26T06:28:05Z,219002177,54.935960,11.372010,0.0,Under way using engine
2026-08-26T06:28:19Z,219000811,54.838705,11.491852,0.0,Under way using engine
2026-08-26T06:28:32Z,219000809,54.916077,11.360357,1.3,Under way using engine
2026-08-26T06:28:44Z,219002177,54.935967,11.372018,0.0,Under way using engine
2026-08-26T06:28:50Z,219000811,54.838705,11.491847,0.0,Under way using engine
2026-08-26T06:29:02Z,219000809,54.916072,11.360117,0.8,Under way using engine
2026-08-26T06:29:15Z,219002177,54.935965,11.372003,0.0,Under way using engine
2026-08-26T06:29:29Z,219000811,54.838705,11.491838,0.0,Under way using engine
2026-08-26T06:29:32Z,219000809,54.916065,11.360035,0.1,Under way using engine
2026-08-26T06:29:53Z,219002177,54.935960,11.372000,0.0,Under way using engine
2026-08-26T06:30:00Z,219000811,54.838707,11.491837,0.0,Under way using engine
2026-08-26T06:30:02Z,219000809,54.916080,11.360038,0.1,Under way using engine
2026-08-26T06:30:23Z,219002177,54.935963,11.371972,0.0,Under way using engine
2026-08-26T06:30:32Z,219000809,54.916082,11.360037,0.0,Under way using engine
2026-08-26T06:30:40Z,219000811,54.838708,11.491830,0.0,Under way using engine
2026-08-26T06:30:53Z,219002177,54.935952,11.371965,0.4,Under way using engine
2026-08-26T06:31:03Z,219000809,54.916087,11.360023,0.0,Under way using engine
2026-08-26T06:31:10Z,219000811,54.838708,11.491828,0.0,Under way using engine
2026-08-26T06:31:23Z,219002177,54.935752,11.371798,2.0,Under way using engine
2026-08-26T06:31:40Z,219000811,54.838707,11.491828,0.0,Under way using engine
2026-08-26T06:31:43Z,219000809,54.916083,11.360025,0.0,Under way using engine
2026-08-26T06:31:53Z,219002177,54.935393,11.371432,3.4,Under way using engine
2026-08-26T06:32:10Z,219000811,54.838707,11.491830,0.0,Under way using engine
2026-08-26T06:32:23Z,219000809,54.916080,11.360032,0.0,Under way using engine
2026-08-26T06:32:23Z,219002177,54.934962,11.370820,4.3,Under way using engine
2026-08-26T06:32:40Z,219000811,54.838705,11.491828,0.0,Under way using engine
2026-08-26T06:32:53Z,219000809,54.916070,11.360048,0.0,Under way using engine
2026-08-26T06:32:55Z,219002177,54.934360,11.370438,4.7,Under way using engine
2026-08-26T06:33:10Z,219000811,54.838707,11.491827,0.0,Under way using engine
2026-08-26T06:33:23Z,219000809,54.916063,11.360033,0.0,Under way using engine
2026-08-26T06:33:35Z,219002177,54.933347,11.370425,5.9,Under way using engine
2026-08-26T06:33:40Z,219000811,54.838710,11.491823,0.0,Under way using engine
2026-08-26T06:33:53Z,219000809,54.916053,11.360035,0.0,Under way using engine
2026-08-26T06:34:05Z,219002177,54.932480,11.370405,6.4,Under way using engine
2026-08-26T06:34:10Z,219000811,54.838710,11.491823,0.0,Under way using engine
2026-08-26T06:34:23Z,219000809,54.916068,11.360010,0.1,Under way using engine
2026-08-26T06:34:35Z,219002177,54.931560,11.370395,6.7,Under way using engine
2026-08-26T06:34:40Z,219000811,54.838712,11.491827,0.0,Under way using engine
2026-08-26T06:34:53Z,219000809,54.916065,11.360045,0.0,Under way using engine
2026-08-26T06:35:05Z,219002177,54.930628,11.370390,6.8,Under way using engine
2026-08-26T06:35:10Z,219000811,54.838713,11.491828,0.0,Under way using engine
2026-08-26T06:35:23Z,219000809,54.916065,11.360035,0.0,Under way using engine
2026-08-26T06:35:35Z,219002177,54.929677,11.370427,6.8,Under way using engine
2026-08-26T06:35:40Z,219000811,54.838715,11.491830,0.0,Under way using engine
2026-08-26T06:36:02Z,219000809,54.916088,11.360033,0.0,Under way using engine
2026-08-26T06:36:10Z,219000811,54.838717,11.491835,0.0,Under way using engine
2026-08-26T06:36:15Z,219002177,54.928427,11.370503,6.8,Under way using engine
2026-08-26T06:36:32Z,219000809,54.916077,11.360043,0.0,Under way using engine
2026-08-26T06:36:49Z,219000811,54.838718,11.491838,0.0,Under way using engine
2026-08-26T06:36:54Z,219002177,54.927202,11.370548,6.8,Under way using engine
2026-08-26T06:37:02Z,219000809,54.916085,11.360037,0.0,Under way using engine
2026-08-26T06:37:20Z,219000811,54.838720,11.491838,0.0,Under way using engine
2026-08-26T06:37:32Z,219000809,54.916072,11.360040,0.0,Under way using engine
2026-08-26T06:37:35Z,219002177,54.925928,11.370648,6.7,Under way using engine
2026-08-26T06:37:58Z,219000811,54.838722,11.491838,0.0,Under way using engine
2026-08-26T06:38:02Z,219000809,54.916097,11.360018,0.0,Under way using engine
2026-08-26T06:38:13Z,219002177,54.924758,11.370725,6.7,Under way using engine
2026-08-26T06:38:30Z,219000811,54.838720,11.491837,0.0,Under way using engine
2026-08-26T06:38:32Z,219000809,54.916075,11.360052,0.0,Under way using engine
2026-08-26T06:38:44Z,219002177,54.923760,11.370753,6.7,Under way using engine
2026-08-26T06:39:02Z,219000809,54.916073,11.360048,0.0,Under way using engine
2026-08-26T06:39:09Z,219000811,54.838717,11.491837,0.0,Under way using engine
2026-08-26T06:39:25Z,219002177,54.922523,11.370833,6.6,Under way using engine
2026-08-26T06:39:33Z,219000809,54.916085,11.360040,0.0,Under way using engine
2026-08-26T06:39:39Z,219000811,54.838713,11.491837,0.0,Under way using engine
2026-08-26T06:40:04Z,219002177,54.921362,11.370912,6.5,Under way using engine
2026-08-26T06:40:09Z,219000811,54.838713,11.491835,0.0,Under way using engine
2026-08-26T06:40:13Z,219000809,54.916063,11.360047,0.0,Under way using engine
2026-08-26T06:40:35Z,219002177,54.920438,11.370998,6.4,Under way using engine
2026-08-26T06:40:39Z,219000811,54.838710,11.491833,0.0,Under way using engine
2026-08-26T06:40:53Z,219000809,54.916072,11.360057,0.0,Under way using engine
2026-08-26T06:41:09Z,219000811,54.838710,11.491827,0.0,Under way using engine
2026-08-26T06:41:13Z,219002177,54.919323,11.371092,6.4,Under way using engine
2026-08-26T06:41:23Z,219000809,54.916092,11.360030,0.0,Under way using engine
2026-08-26T06:41:39Z,219000811,54.838712,11.491827,0.0,Under way using engine
2026-08-26T06:41:44Z,219002177,54.918400,11.371183,6.5,Under way using engine
2026-08-26T06:41:53Z,219000809,54.916087,11.360020,0.0,Under way using engine
2026-08-26T06:42:09Z,219000811,54.838713,11.491827,0.0,Under way using engine
2026-08-26T06:42:23Z,219000809,54.916095,11.360023,0.0,Under way using engine
2026-08-26T06:42:25Z,219002177,54.917235,11.370920,6.1,Under way using engine
2026-08-26T06:42:39Z,219000811,54.838713,11.491830,0.0,Under way using engine
2026-08-26T06:42:53Z,219000809,54.916097,11.360032,0.0,Under way using engine
2026-08-26T06:43:04Z,219002177,54.916703,11.369317,6.2,Under way using engine
2026-08-26T06:43:09Z,219000811,54.838713,11.491833,0.0,Under way using engine
2026-08-26T06:43:23Z,219000809,54.916095,11.360042,0.0,Under way using engine
2026-08-26T06:43:35Z,219002177,54.916568,11.367728,6.5,Under way using engine
2026-08-26T06:43:39Z,219000811,54.838710,11.491835,0.0,Under way using engine
2026-08-26T06:43:53Z,219000809,54.916095,11.360045,0.0,Under way using engine
2026-08-26T06:44:09Z,219000811,54.838703,11.491833,0.0,Under way using engine
2026-08-26T06:44:13Z,219002177,54.916500,11.365687,6.7,Under way using engine
2026-08-26T06:44:23Z,219000809,54.916083,11.360062,0.0,Under way using engine
2026-08-26T06:44:39Z,219000811,54.838710,11.491827,0.0,Under way using engine
2026-08-26T06:44:44Z,219002177,54.916443,11.364118,6.1,Under way using engine
2026-08-26T06:44:53Z,219000809,54.916090,11.360028,0.0,Under way using engine
2026-08-26T06:45:09Z,219000811,54.838713,11.491825,0.0,Under way using engine
2026-08-26T06:45:14Z,219002177,54.916392,11.362733,5.2,Under way using engine
2026-08-26T06:45:23Z,219000809,54.916075,11.360043,0.0,Under way using engine
2026-08-26T06:45:39Z,219000811,54.838720,11.491825,0.0,Under way using engine
2026-08-26T06:45:44Z,219002177,54.916348,11.361697,4.2,Under way using engine
2026-08-26T06:45:53Z,219000809,54.916073,11.360040,0.0,Under way using engine
2026-08-26T06:46:09Z,219000811,54.838727,11.491825,0.0,Under way using engine
2026-08-26T06:46:14Z,219002177,54.916352,11.361005,2.1,Under way using engine
2026-08-26T06:46:31Z,219000809,54.916070,11.360050,0.0,Under way using engine
2026-08-26T06:46:39Z,219000811,54.838725,11.491828,0.0,Under way using engine
2026-08-26T06:46:44Z,219002177,54.916342,11.360675,1.1,Under way using engine
2026-08-26T06:47:02Z,219000809,54.916065,11.360030,0.0,Under way using engine
2026-08-26T06:47:10Z,219000811,54.838723,11.491830,0.0,Under way using engine
2026-08-26T06:47:14Z,219002177,54.916343,11.360547,0.2,Under way using engine
2026-08-26T06:47:43Z,219000809,54.916070,11.360037,0.0,Under way using engine
2026-08-26T06:47:44Z,219002177,54.916350,11.360545,0.0,Under way using engine
2026-08-26T06:47:49Z,219000811,54.838727,11.491830,0.0,Under way using engine
2026-08-26T06:48:14Z,219002177,54.916342,11.360540,0.0,Under way using engine
2026-08-26T06:48:19Z,219000811,54.838727,11.491828,0.0,Under way using engine
2026-08-26T06:48:22Z,219000809,54.916057,11.360035,0.1,Under way using engine
2026-08-26T06:48:44Z,219002177,54.916343,11.360560,0.0,Under way using engine
2026-08-26T06:48:49Z,219000811,54.838725,11.491825,0.0,Under way using engine
2026-08-26T06:48:52Z,219000809,54.916060,11.360752,4.7,Under way using engine
2026-08-26T06:49:14Z,219002177,54.916350,11.360557,0.0,Under way using engine
2026-08-26T06:49:19Z,219000811,54.838728,11.491822,0.0,Under way using engine
2026-08-26T06:49:22Z,219000809,54.916210,11.362347,7.2,Under way using engine
2026-08-26T06:49:45Z,219002177,54.916338,11.360560,0.0,Under way using engine
2026-08-26T06:49:49Z,219000811,54.838727,11.491822,0.0,Under way using engine
2026-08-26T06:49:52Z,219000809,54.916373,11.364210,7.9,Under way using engine
2026-08-26T06:50:19Z,219000811,54.838723,11.491828,0.0,Under way using engine
2026-08-26T06:50:22Z,219000809,54.916530,11.366158,8.3,Under way using engine
2026-08-26T06:50:25Z,219002177,54.916330,11.360552,0.0,Under way using engine
2026-08-26T06:50:49Z,219000811,54.838723,11.491828,0.0,Under way using engine
2026-08-26T06:50:52Z,219000809,54.916647,11.368165,8.5,Under way using engine
2026-08-26T06:51:03Z,219002177,54.916340,11.360558,0.0,Under way using engine
2026-08-26T06:51:19Z,219000811,54.838722,11.491828,0.0,Under way using engine
2026-08-26T06:51:22Z,219000809,54.916757,11.370290,8.9,Under way using engine
2026-08-26T06:51:35Z,219002177,54.916347,11.360547,0.0,Under way using engine
2026-08-26T06:51:49Z,219000811,54.838725,11.491825,0.0,Under way using engine
2026-08-26T06:51:52Z,219000809,54.916553,11.372285,8.4,Under way using engine
2026-08-26T06:52:13Z,219002177,54.916342,11.360545,0.0,Under way using engine
2026-08-26T06:52:19Z,219000811,54.838718,11.491828,0.0,Under way using engine
2026-08-26T06:52:22Z,219000809,54.915885,11.373983,8.7,Under way using engine
2026-08-26T06:52:45Z,219002177,54.916343,11.360552,0.0,Under way using engine
2026-08-26T06:52:52Z,219000809,54.915202,11.375737,8.8,Under way using engine
2026-08-26T06:52:59Z,219000811,54.838717,11.491830,0.0,Under way using engine
2026-08-26T06:53:22Z,219000809,54.914545,11.377522,8.7,Under way using engine
2026-08-26T06:53:25Z,219002177,54.916363,11.360533,0.0,Under way using engine
2026-08-26T06:53:29Z,219000811,54.838715,11.491832,0.0,Under way using engine
2026-08-26T06:53:52Z,219000809,54.913792,11.379152,8.6,Under way using engine
2026-08-26T06:53:59Z,219000811,54.838717,11.491828,0.0,Under way using engine
2026-08-26T06:54:03Z,219002177,54.916347,11.360530,0.0,Under way using engine
2026-08-26T06:54:22Z,219000809,54.912985,11.380688,8.6,Under way using engine
2026-08-26T06:54:29Z,219000811,54.838713,11.491827,0.0,Under way using engine
2026-08-26T06:54:35Z,219002177,54.916348,11.360542,0.0,Under way using engine
2026-08-26T06:54:53Z,219000809,54.912143,11.382225,8.6,Under way using engine
2026-08-26T06:54:59Z,219000811,54.838708,11.491825,0.0,Under way using engine
2026-08-26T06:55:13Z,219002177,54.916337,11.360555,0.0,Under way using engine
2026-08-26T06:55:29Z,219000811,54.838705,11.491823,0.0,Under way using engine
2026-08-26T06:55:33Z,219000809,54.911048,11.384207,8.5,Under way using engine
2026-08-26T06:55:45Z,219002177,54.916342,11.360553,0.0,Under way using engine
2026-08-26T06:55:59Z,219000811,54.838707,11.491827,0.0,Under way using engine
2026-08-26T06:56:03Z,219000809,54.910313,11.385853,8.6,Under way using engine
2026-08-26T06:56:25Z,219002177,54.916350,11.360535,0.0,Under way using engine
2026-08-26T06:56:30Z,219000811,54.838708,11.491832,0.0,Under way using engine
2026-08-26T06:56:42Z,219000809,54.909338,11.387973,8.8,Under way using engine
2026-08-26T06:57:05Z,219002177,54.916357,11.360530,0.0,Under way using engine
2026-08-26T06:57:09Z,219000811,54.838712,11.491833,0.0,Under way using engine
2026-08-26T06:57:13Z,219000809,54.908588,11.389698,8.6,Under way using engine
2026-08-26T06:57:40Z,219000811,54.838712,11.491838,0.0,Under way using engine
2026-08-26T06:57:43Z,219000809,54.908085,11.391640,8.5,Under way using engine
2026-08-26T06:57:45Z,219002177,54.916362,11.360533,0.0,Under way using engine
2026-08-26T06:58:13Z,219000809,54.907883,11.393598,8.6,Under way using engine
2026-08-26T06:58:18Z,219000811,54.838712,11.491832,0.0,Under way using engine
2026-08-26T06:58:24Z,219002177,54.916367,11.360532,0.0,Under way using engine
2026-08-26T06:58:43Z,219000809,54.908065,11.395648,8.5,Under way using engine
2026-08-26T06:58:49Z,219000811,54.838715,11.491828,0.0,Under way using engine
2026-08-26T06:58:55Z,219002177,54.916367,11.360533,0.0,Under way using engine
2026-08-26T06:59:13Z,219000809,54.908450,11.397537,8.7,Under way using engine
2026-08-26T06:59:30Z,219000811,54.838717,11.491828,0.0,Under way using engine
2026-08-26T06:59:34Z,219002177,54.916368,11.360540,0.0,Under way using engine
2026-08-26T06:59:43Z,219000809,54.909055,11.399442,8.7,Under way using engine
2026-08-26T07:00:05Z,219002177,54.916360,11.360533,0.0,Under way using engine
2026-08-26T07:00:13Z,219000809,54.909825,11.401012,8.8,Under way using engine
2026-08-26T07:00:18Z,219000811,54.838712,11.491830,0.0,Under way using engine
2026-08-26T07:00:43Z,219000809,54.910628,11.402675,8.9,Under way using engine
2026-08-26T07:00:44Z,219002177,54.916368,11.360545,0.0,Under way using engine
2026-08-26T07:00:49Z,219000811,54.838710,11.491828,0.0,Under way using engine
2026-08-26T07:01:16Z,219000809,54.911315,11.404570,8.8,Under way using engine
2026-08-26T07:01:24Z,219002177,54.916372,11.360545,0.0,Under way using engine
2026-08-26T07:01:29Z,219000811,54.838707,11.491827,0.0,Under way using engine
2026-08-26T07:01:53Z,219000809,54.912120,11.406788,8.9,Under way using engine
2026-08-26T07:01:55Z,219002177,54.916373,11.360545,0.0,Under way using engine
2026-08-26T07:01:59Z,219000811,54.838707,11.491825,0.0,Under way using engine
2026-08-26T07:02:23Z,219000809,54.912830,11.408518,8.9,Under way using engine
2026-08-26T07:02:29Z,219000811,54.838707,11.491827,0.0,Under way using engine
2026-08-26T07:02:33Z,219002177,54.916363,11.360538,0.0,Under way using engine
2026-08-26T07:02:59Z,219000811,54.838705,11.491827,0.1,Under way using engine
2026-08-26T07:03:03Z,219000809,54.913818,11.410812,8.9,Under way using engine
2026-08-26T07:03:04Z,219002177,54.916357,11.360532,0.0,Under way using engine
2026-08-26T07:03:29Z,219000811,54.838707,11.491830,0.0,Under way using engine
2026-08-26T07:03:33Z,219000809,54.914550,11.412532,8.9,Under way using engine
2026-08-26T07:03:44Z,219002177,54.916378,11.360532,0.0,Under way using engine
2026-08-26T07:03:59Z,219000811,54.838708,11.491835,0.0,Under way using engine
2026-08-26T07:04:03Z,219000809,54.915258,11.414280,8.9,Under way using engine
2026-08-26T07:04:24Z,219002177,54.916390,11.360560,0.0,Under way using engine
2026-08-26T07:04:29Z,219000811,54.838710,11.491835,0.0,Under way using engine
2026-08-26T07:04:33Z,219000809,54.915983,11.415992,8.8,Under way using engine
2026-08-26T07:04:55Z,219002177,54.916382,11.360562,0.0,Under way using engine
2026-08-26T07:04:59Z,219000811,54.838710,11.491833,0.0,Under way using engine
2026-08-26T07:05:03Z,219000809,54.916687,11.417720,8.9,Under way using engine
2026-08-26T07:05:29Z,219000811,54.838707,11.491833,0.0,Under way using engine
2026-08-26T07:05:33Z,219000809,54.917522,11.419323,8.9,Under way using engine
2026-08-26T07:05:33Z,219002177,54.916388,11.360543,0.0,Under way using engine
2026-08-26T07:05:59Z,219000811,54.838708,11.491837,0.0,Under way using engine
2026-08-26T07:06:03Z,219000809,54.918325,11.420918,8.9,Under way using engine
2026-08-26T07:06:04Z,219002177,54.916370,11.360560,0.0,Under way using engine
2026-08-26T07:06:29Z,219000811,54.838707,11.491838,0.0,Under way using engine
2026-08-26T07:06:33Z,219000809,54.919125,11.422568,8.9,Under way using engine
2026-08-26T07:06:44Z,219002177,54.916375,11.360562,0.0,Under way using engine
2026-08-26T07:06:59Z,219000811,54.838707,11.491840,0.0,Under way using engine
2026-08-26T07:07:03Z,219000809,54.919917,11.424178,8.8,Under way using engine
2026-08-26T07:07:24Z,219002177,54.916363,11.360882,1.8,Under way using engine
2026-08-26T07:07:29Z,219000811,54.838705,11.491837,0.0,Under way using engine
2026-08-26T07:07:33Z,219000809,54.920730,11.425817,8.9,Under way using engine
2026-08-26T07:07:59Z,219000811,54.838705,11.491835,0.0,Under way using engine
2026-08-26T07:08:03Z,219000809,54.921552,11.427427,8.9,Under way using engine
2026-08-26T07:08:04Z,219002177,54.916338,11.361818,3.4,Under way using engine
2026-08-26T07:08:29Z,219000811,54.838707,11.491835,0.0,Under way using engine
2026-08-26T07:08:33Z,219000809,54.922347,11.429038,8.9,Under way using engine
2026-08-26T07:08:44Z,219002177,54.916305,11.363137,4.7,Under way using engine
2026-08-26T07:09:00Z,219000811,54.838708,11.491835,0.0,Under way using engine
2026-08-26T07:09:03Z,219000809,54.923102,11.430735,8.8,Under way using engine
2026-08-26T07:09:25Z,219002177,54.916402,11.364820,5.4,Under way using engine
2026-08-26T07:09:33Z,219000809,54.923803,11.432402,8.8,Under way using engine
2026-08-26T07:09:39Z,219000811,54.838708,11.491832,0.0,Under way using engine
2026-08-26T07:10:03Z,219000809,54.924563,11.434100,8.9,Under way using engine
2026-08-26T07:10:03Z,219002177,54.916543,11.366567,5.7,Under way using engine
2026-08-26T07:10:09Z,219000811,54.838705,11.491832,0.0,Under way using engine
2026-08-26T07:10:33Z,219000809,54.925297,11.435827,8.9,Under way using engine
2026-08-26T07:10:34Z,219002177,54.916660,11.367950,5.8,Under way using engine
2026-08-26T07:10:39Z,219000811,54.838707,11.491833,0.0,Under way using engine
2026-08-26T07:11:03Z,219000809,54.926080,11.437485,8.9,Under way using engine
2026-08-26T07:11:09Z,219000811,54.838710,11.491837,0.0,Under way using engine
2026-08-26T07:11:14Z,219002177,54.916822,11.369828,5.9,Under way using engine
2026-08-26T07:11:33Z,219000809,54.926860,11.439102,8.8,Under way using engine
2026-08-26T07:11:39Z,219000811,54.838708,11.491837,0.0,Under way using engine
2026-08-26T07:11:44Z,219002177,54.917193,11.370795,4.5,Under way using engine
2026-08-26T07:12:09Z,219000811,54.838710,11.491837,0.0,Under way using engine
2026-08-26T07:12:13Z,219000809,54.927907,11.441298,8.9,Under way using engine
2026-08-26T07:12:14Z,219002177,54.917823,11.370798,5.0,Under way using engine
2026-08-26T07:12:44Z,219002177,54.918583,11.370732,5.6,Under way using engine
2026-08-26T07:12:50Z,219000811,54.838710,11.491833,0.0,Under way using engine
2026-08-26T07:12:52Z,219000809,54.928915,11.443435,8.9,Under way using engine
2026-08-26T07:13:14Z,219002177,54.919408,11.370622,6.1,Under way using engine
2026-08-26T07:13:22Z,219000809,54.929687,11.445082,8.8,Under way using engine
2026-08-26T07:13:29Z,219000811,54.838707,11.491830,0.0,Under way using engine
2026-08-26T07:13:45Z,219002177,54.920312,11.370565,6.4,Under way using engine
2026-08-26T07:13:53Z,219000809,54.930492,11.446770,8.5,Under way using engine
2026-08-26T07:14:00Z,219000811,54.838705,11.491825,0.0,Under way using engine
2026-08-26T07:14:24Z,219002177,54.921522,11.370488,6.8,Under way using engine
2026-08-26T07:14:33Z,219000809,54.931512,11.448912,8.9,Under way using engine
2026-08-26T07:14:38Z,219000811,54.838707,11.491825,0.0,Under way using engine
2026-08-26T07:14:54Z,219002177,54.922477,11.370375,7.0,Under way using engine
2026-08-26T07:15:09Z,219000811,54.838707,11.491830,0.0,Under way using engine
2026-08-26T07:15:13Z,219000809,54.932535,11.451112,8.8,Under way using engine
2026-08-26T07:15:24Z,219002177,54.923475,11.370228,7.2,Under way using engine
2026-08-26T07:15:46Z,219000809,54.933253,11.453073,8.8,Under way using engine
2026-08-26T07:15:50Z,219000811,54.838705,11.491832,0.0,Under way using engine
2026-08-26T07:15:54Z,219002177,54.924472,11.370193,7.2,Under way using engine
2026-08-26T07:16:22Z,219000809,54.933988,11.455282,8.8,Under way using engine
2026-08-26T07:16:24Z,219002177,54.925503,11.370178,7.3,Under way using engine
2026-08-26T07:16:29Z,219000811,54.838705,11.491835,0.0,Under way using engine
2026-08-26T07:16:53Z,219000809,54.934625,11.457245,8.8,Under way using engine
2026-08-26T07:16:54Z,219002177,54.926477,11.370170,7.3,Under way using engine
2026-08-26T07:17:10Z,219000811,54.838705,11.491837,0.0,Under way using engine
2026-08-26T07:17:24Z,219002177,54.927522,11.370153,7.3,Under way using engine
2026-08-26T07:17:33Z,219000809,54.935392,11.459647,8.7,Under way using engine
2026-08-26T07:17:48Z,219000811,54.838705,11.491840,0.0,Under way using engine
2026-08-26T07:17:54Z,219002177,54.928513,11.370123,7.3,Under way using engine
2026-08-26T07:18:03Z,219000809,54.935967,11.461472,8.7,Under way using engine
2026-08-26T07:18:20Z,219000811,54.838708,11.491838,0.0,Under way using engine
2026-08-26T07:18:24Z,219002177,54.929555,11.370052,7.3,Under way using engine
2026-08-26T07:18:33Z,219000809,54.936543,11.463280,8.7,Under way using engine
2026-08-26T07:18:54Z,219002177,54.930542,11.370035,7.3,Under way using engine
2026-08-26T07:18:59Z,219000811,54.838710,11.491835,0.0,Under way using engine
2026-08-26T07:19:03Z,219000809,54.937105,11.465102,8.6,Under way using engine
2026-08-26T07:19:24Z,219002177,54.931573,11.370100,7.3,Under way using engine
2026-08-26T07:19:30Z,219000811,54.838708,11.491833,0.0,Under way using engine
2026-08-26T07:19:33Z,219000809,54.937667,11.466927,8.5,Under way using engine
2026-08-26T07:19:54Z,219002177,54.932533,11.370178,7.2,Under way using engine
2026-08-26T07:20:03Z,219000809,54.938195,11.468722,8.4,Under way using engine
2026-08-26T07:20:10Z,219000811,54.838707,11.491830,0.0,Under way using engine
2026-08-26T07:20:33Z,219000809,54.938757,11.470457,8.3,Under way using engine
2026-08-26T07:20:35Z,219002177,54.933865,11.370403,6.9,Under way using engine
2026-08-26T07:20:40Z,219000811,54.838708,11.491830,0.0,Under way using engine
2026-08-26T07:21:03Z,219000809,54.939278,11.472215,8.2,Under way using engine
2026-08-26T07:21:10Z,219000811,54.838705,11.491830,0.0,Under way using engine
2026-08-26T07:21:14Z,219002177,54.934912,11.371192,5.8,Under way using engine
2026-08-26T07:21:33Z,219000809,54.939817,11.473875,8.1,Under way using engine
2026-08-26T07:21:40Z,219000811,54.838705,11.491830,0.0,Under way using engine
2026-08-26T07:21:44Z,219002177,54.935500,11.371655,3.9,Under way using engine
2026-08-26T07:22:03Z,219000809,54.940428,11.475428,7.9,Under way using engine
2026-08-26T07:22:10Z,219000811,54.838707,11.491832,0.0,Under way using engine
2026-08-26T07:22:14Z,219002177,54.935808,11.371838,1.9,Under way using engine
2026-08-26T07:22:36Z,219000809,54.941255,11.477115,8.3,Under way using engine
2026-08-26T07:22:40Z,219000811,54.838705,11.491830,0.0,Under way using engine
2026-08-26T07:22:44Z,219002177,54.935935,11.371977,0.8,Under way using engine
2026-08-26T07:23:09Z,219000809,54.942050,11.478808,8.5,Under way using engine
2026-08-26T07:23:14Z,219002177,54.935962,11.372020,0.1,Under way using engine
2026-08-26T07:23:19Z,219000811,54.838703,11.491827,0.0,Under way using engine
2026-08-26T07:23:42Z,219000809,54.942937,11.480498,8.6,Under way using engine
2026-08-26T07:23:44Z,219002177,54.935968,11.372008,0.1,Under way using engine
2026-08-26T07:23:49Z,219000811,54.838707,11.491825,0.0,Under way using engine
2026-08-26T07:24:12Z,219000809,54.944008,11.481400,8.7,Under way using engine
2026-08-26T07:24:14Z,219002177,54.935983,11.372028,0.0,Under way using engine
2026-08-26T07:24:19Z,219000811,54.838707,11.491825,0.0,Under way using engine
2026-08-26T07:24:42Z,219000809,54.945198,11.482025,8.9,Under way using engine
2026-08-26T07:24:44Z,219002177,54.935978,11.372022,0.0,Under way using engine
2026-08-26T07:24:49Z,219000811,54.838707,11.491825,0.0,Under way using engine
2026-08-26T07:25:12Z,219000809,54.946370,11.482595,9.1,Under way using engine
2026-08-26T07:25:14Z,219002177,54.935923,11.372020,0.1,Under way using engine
2026-08-26T07:25:19Z,219000811,54.838708,11.491825,0.0,Under way using engine
2026-08-26T07:25:42Z,219000809,54.947545,11.483182,9.1,Under way using engine
2026-08-26T07:25:44Z,219002177,54.935977,11.371997,0.0,Under way using engine
2026-08-26T07:25:49Z,219000811,54.838708,11.491828,0.0,Under way using engine
2026-08-26T07:26:12Z,219000809,54.948770,11.483813,9.2,Under way using engine
2026-08-26T07:26:14Z,219002177,54.935968,11.371995,0.0,Under way using engine
2026-08-26T07:26:19Z,219000811,54.838708,11.491828,0.0,Under way using engine
2026-08-26T07:26:43Z,219000809,54.950092,11.484428,9.2,Under way using engine
2026-08-26T07:26:44Z,219002177,54.935965,11.372018,0.0,Under way using engine
2026-08-26T07:26:49Z,219000811,54.838705,11.491828,0.0,Under way using engine
2026-08-26T07:27:14Z,219002177,54.935987,11.372015,0.0,Under way using engine
2026-08-26T07:27:19Z,219000811,54.838703,11.491828,0.0,Under way using engine
2026-08-26T07:27:23Z,219000809,54.951698,11.485232,9.2,Under way using engine
2026-08-26T07:27:44Z,219002177,54.935985,11.372000,0.0,Under way using engine
2026-08-26T07:27:49Z,219000811,54.838702,11.491827,0.0,Under way using engine
2026-08-26T07:27:53Z,219000809,54.952912,11.485778,9.1,Under way using engine
2026-08-26T07:28:14Z,219002177,54.935980,11.372013,0.0,Under way using engine
2026-08-26T07:28:19Z,219000811,54.838703,11.491827,0.0,Under way using engine
2026-08-26T07:28:32Z,219000809,54.954497,11.486572,9.1,Under way using engine
2026-08-26T07:28:44Z,219002177,54.935975,11.372020,0.0,Under way using engine
2026-08-26T07:28:59Z,219000811,54.838703,11.491825,0.0,Under way using engine
2026-08-26T07:29:03Z,219000809,54.955742,11.487150,9.0,Under way using engine
2026-08-26T07:29:14Z,219002177,54.935982,11.372037,0.0,Under way using engine
2026-08-26T07:29:29Z,219000811,54.838707,11.491827,0.0,Under way using engine
2026-08-26T07:29:43Z,219000809,54.957365,11.487957,9.0,Under way using engine
2026-08-26T07:29:44Z,219002177,54.935967,11.371992,0.0,Under way using engine
2026-08-26T07:29:59Z,219000811,54.838707,11.491823,0.0,Under way using engine
2026-08-26T07:30:14Z,219002177,54.935972,11.372000,0.0,Under way using engine
2026-08-26T07:30:22Z,219000809,54.958943,11.488783,9.2,Under way using engine
2026-08-26T07:30:29Z,219000811,54.838708,11.491823,0.0,Under way using engine
2026-08-26T07:30:44Z,219002177,54.935853,11.371888,1.5,Under way using engine
2026-08-26T07:30:52Z,219000809,54.960065,11.489563,8.9,Under way using engine
2026-08-26T07:30:59Z,219000811,54.838713,11.491823,0.0,Under way using engine
2026-08-26T07:31:14Z,219002177,54.935527,11.371628,3.0,Under way using engine
2026-08-26T07:31:22Z,219000809,54.961242,11.490503,9.1,Under way using engine
2026-08-26T07:31:29Z,219000811,54.838717,11.491822,0.0,Under way using engine
2026-08-26T07:31:44Z,219002177,54.935052,11.371208,4.2,Under way using engine
2026-08-26T07:31:52Z,219000809,54.962320,11.491468,9.0,Under way using engine
2026-08-26T07:31:59Z,219000811,54.838715,11.491820,0.0,Under way using engine
2026-08-26T07:32:14Z,219002177,54.934405,11.370853,5.2,Under way using engine
2026-08-26T07:32:22Z,219000809,54.963462,11.492463,8.9,Under way using engine
2026-08-26T07:32:29Z,219000811,54.838710,11.491818,0.0,Under way using engine
2026-08-26T07:32:45Z,219002177,54.933580,11.370802,6.0,Under way using engine
2026-08-26T07:32:52Z,219000809,54.964493,11.493537,9.0,Under way using engine
2026-08-26T07:32:59Z,219000811,54.838707,11.491815,0.0,Under way using engine
2026-08-26T07:33:22Z,219000809,54.965587,11.494677,9.0,Under way using engine
2026-08-26T07:33:23Z,219002177,54.932405,11.370768,6.8,Under way using engine
2026-08-26T07:33:29Z,219000811,54.838705,11.491815,0.0,Under way using engine
2026-08-26T07:33:52Z,219000809,54.966652,11.495722,9.2,Under way using engine
2026-08-26T07:33:53Z,219002177,54.931438,11.370727,7.0,Under way using engine
2026-08-26T07:33:59Z,219000811,54.838703,11.491813,0.0,Under way using engine
2026-08-26T07:34:22Z,219000809,54.967702,11.496860,8.9,Under way using engine
2026-08-26T07:34:23Z,219002177,54.930452,11.370713,7.2,Under way using engine
2026-08-26T07:34:29Z,219000811,54.838703,11.491815,0.0,Under way using engine
2026-08-26T07:34:52Z,219000809,54.968720,11.498125,9.1,Under way using engine
2026-08-26T07:34:53Z,219002177,54.929465,11.370720,7.2,Under way using engine
2026-08-26T07:34:59Z,219000811,54.838703,11.491818,0.0,Under way using engine
2026-08-26T07:35:22Z,219000809,54.969742,11.499402,9.0,Under way using engine
2026-08-26T07:35:23Z,219002177,54.928465,11.370672,7.2,Under way using engine
2026-08-26T07:35:29Z,219000811,54.838705,11.491820,0.0,Under way using engine
2026-08-26T07:35:52Z,219000809,54.970725,11.500717,8.9,Under way using engine
2026-08-26T07:35:53Z,219002177,54.927475,11.370680,7.2,Under way using engine
2026-08-26T07:35:59Z,219000811,54.838705,11.491823,0.0,Under way using engine
2026-08-26T07:36:22Z,219000809,54.971605,11.502250,9.0,Under way using engine
2026-08-26T07:36:25Z,219002177,54.926455,11.370645,7.1,Under way using engine
2026-08-26T07:36:29Z,219000811,54.838705,11.491823,0.0,Under way using engine
2026-08-26T07:36:52Z,219000809,54.972278,11.504010,8.8,Under way using engine
2026-08-26T07:36:59Z,219000811,54.838705,11.491827,0.0,Under way using engine
2026-08-26T07:37:04Z,219002177,54.925177,11.370623,7.1,Under way using engine
2026-08-26T07:37:22Z,219000809,54.972315,11.506007,8.3,Under way using engine
2026-08-26T07:37:29Z,219000811,54.838707,11.491828,0.0,Under way using engine
2026-08-26T07:37:35Z,219002177,54.924163,11.370600,7.1,Under way using engine
2026-08-26T07:37:52Z,219000809,54.972140,11.507978,8.3,Under way using engine
2026-08-26T07:37:59Z,219000811,54.838705,11.491830,0.0,Under way using engine
2026-08-26T07:38:05Z,219002177,54.923183,11.370582,7.0,Under way using engine
2026-08-26T07:38:22Z,219000809,54.972035,11.509915,7.7,Under way using engine
2026-08-26T07:38:29Z,219000811,54.838707,11.491830,0.0,Under way using engine
2026-08-26T07:38:35Z,219002177,54.922217,11.370592,6.9,Under way using engine
2026-08-26T07:38:53Z,219000809,54.971912,11.511427,5.7,Under way using engine
2026-08-26T07:38:59Z,219000811,54.838705,11.491832,0.0,Under way using engine
2026-08-26T07:39:05Z,219002177,54.921263,11.370567,6.8,Under way using engine
2026-08-26T07:39:29Z,219000809,54.971865,11.513050,5.4,Under way using engine
2026-08-26T07:39:29Z,219000811,54.838703,11.491830,0.0,Under way using engine
2026-08-26T07:39:35Z,219002177,54.920338,11.370563,6.7,Under way using engine
2026-08-26T07:39:59Z,219000809,54.971885,11.513883,2.7,Under way using engine
2026-08-26T07:39:59Z,219000811,54.838705,11.491830,0.0,Under way using engine
2026-08-26T07:40:05Z,219002177,54.919410,11.370538,6.6,Under way using engine
2026-08-26T07:40:29Z,219000811,54.838707,11.491832,0.0,Under way using engine
2026-08-26T07:40:33Z,219000809,54.971903,11.514352,1.2,Under way using engine
2026-08-26T07:40:35Z,219002177,54.918510,11.370652,6.5,Under way using engine
2026-08-26T07:40:59Z,219000811,54.838705,11.491833,0.0,Under way using engine
2026-08-26T07:41:03Z,219000809,54.971908,11.514545,0.7,Under way using engine
2026-08-26T07:41:05Z,219002177,54.917612,11.370760,6.4,Under way using engine
2026-08-26T07:41:29Z,219000811,54.838707,11.491835,0.0,Under way using engine
2026-08-26T07:41:33Z,219000809,54.971895,11.514615,0.1,Under way using engine
2026-08-26T07:41:44Z,219002177,54.916813,11.369968,4.9,Under way using engine
2026-08-26T07:41:59Z,219000811,54.838710,11.491835,0.0,Under way using engine
2026-08-26T07:42:03Z,219000809,54.971917,11.514620,0.2,Under way using engine
2026-08-26T07:42:14Z,219002177,54.916737,11.368678,5.7,Under way using engine
2026-08-26T07:42:29Z,219000811,54.838710,11.491828,0.0,Under way using engine
2026-08-26T07:42:33Z,219000809,54.971915,11.514622,0.0,Under way using engine
2026-08-26T07:42:44Z,219002177,54.916673,11.367180,6.3,Under way using engine
2026-08-26T07:43:00Z,219000811,54.838713,11.491827,0.0,Under way using engine
2026-08-26T07:43:03Z,219000809,54.971912,11.514608,0.0,Under way using engine
2026-08-26T07:43:14Z,219002177,54.916578,11.365620,6.6,Under way using engine
2026-08-26T07:43:33Z,219000809,54.971907,11.514597,0.0,Under way using engine
2026-08-26T07:43:39Z,219000811,54.838710,11.491823,0.0,Under way using engine
2026-08-26T07:43:55Z,219002177,54.916412,11.363508,6.1,Under way using engine
2026-08-26T07:44:03Z,219000809,54.971912,11.514597,0.0,Under way using engine
2026-08-26T07:44:09Z,219000811,54.838712,11.491823,0.0,Under way using engine
2026-08-26T07:44:33Z,219000809,54.971907,11.514595,0.0,Under way using engine
2026-08-26T07:44:33Z,219002177,54.916338,11.361895,4.7,Under way using engine
2026-08-26T07:44:39Z,219000811,54.838710,11.491822,0.0,Under way using engine
2026-08-26T07:45:03Z,219000809,54.971907,11.514593,0.0,Under way using engine
2026-08-26T07:45:05Z,219002177,54.916363,11.361058,2.6,Under way using engine
2026-08-26T07:45:09Z,219000811,54.838712,11.491827,0.0,Under way using engine
2026-08-26T07:45:33Z,219000809,54.971908,11.514593,0.0,Under way using engine
2026-08-26T07:45:35Z,219002177,54.916360,11.360653,1.2,Under way using engine
2026-08-26T07:45:39Z,219000811,54.838710,11.491830,0.0,Under way using engine
2026-08-26T07:46:03Z,219000809,54.971912,11.514618,0.0,Under way using engine
2026-08-26T07:46:05Z,219002177,54.916362,11.360587,0.0,Under way using engine
2026-08-26T07:46:09Z,219000811,54.838707,11.491833,0.0,Under way using engine
2026-08-26T07:46:35Z,219002177,54.916355,11.360572,0.0,Under way using engine
2026-08-26T07:46:39Z,219000811,54.838707,11.491835,0.0,Under way using engine
2026-08-26T07:46:42Z,219000809,54.971902,11.514622,0.0,Under way using engine
2026-08-26T07:47:05Z,219002177,54.916358,11.360572,0.0,Under way using engine
2026-08-26T07:47:09Z,219000811,54.838708,11.491837,0.0,Under way using engine
2026-08-26T07:47:12Z,219000809,54.971905,11.514623,0.1,Under way using engine
2026-08-26T07:47:35Z,219002177,54.916358,11.360573,0.0,Under way using engine
2026-08-26T07:47:40Z,219000811,54.838707,11.491837,0.0,Under way using engine
2026-08-26T07:47:42Z,219000809,54.971908,11.514618,0.0,Under way using engine
2026-08-26T07:48:12Z,219000809,54.971913,11.514618,0.0,Under way using engine
2026-08-26T07:48:14Z,219002177,54.916358,11.360580,0.0,Under way using engine
2026-08-26T07:48:20Z,219000811,54.838708,11.491838,0.0,Under way using engine
2026-08-26T07:48:42Z,219000809,54.971922,11.514618,0.0,Under way using engine
2026-08-26T07:48:50Z,219000811,54.838707,11.491835,0.0,Under way using engine
2026-08-26T07:48:55Z,219002177,54.916368,11.360585,0.0,Under way using engine
2026-08-26T07:49:12Z,219000809,54.971920,11.514613,0.0,Under way using engine
2026-08-26T07:49:20Z,219000811,54.838707,11.491835,0.0,Under way using engine
2026-08-26T07:49:33Z,219002177,54.916368,11.360605,0.0,Under way using engine
2026-08-26T07:49:42Z,219000809,54.971910,11.514600,0.0,Under way using engine
2026-08-26T07:49:50Z,219000811,54.838705,11.491835,0.0,Under way using engine
2026-08-26T07:50:04Z,219002177,54.916370,11.360577,0.0,Under way using engine
2026-08-26T07:50:12Z,219000809,54.971905,11.514590,0.0,Under way using engine
2026-08-26T07:50:20Z,219000811,54.838702,11.491837,0.0,Under way using engine
2026-08-26T07:50:42Z,219000809,54.971915,11.514603,0.0,Under way using engine
2026-08-26T07:50:44Z,219002177,54.916367,11.360573,0.0,Under way using engine
2026-08-26T07:50:50Z,219000811,54.838702,11.491837,0.0,Under way using engine
2026-08-26T07:51:12Z,219000809,54.971913,11.514625,0.0,Under way using engine
2026-08-26T07:51:15Z,219002177,54.916365,11.360570,0.0,Under way using engine
2026-08-26T07:51:20Z,219000811,54.838700,11.491837,0.0,Under way using engine
2026-08-26T07:51:42Z,219000809,54.971905,11.514622,0.0,Under way using engine
2026-08-26T07:51:50Z,219000811,54.838702,11.491833,0.0,Under way using engine
2026-08-26T07:51:55Z,219002177,54.916362,11.360575,0.0,Under way using engine
2026-08-26T07:52:12Z,219000809,54.971902,11.514622,0.0,Under way using engine
2026-08-26T07:52:20Z,219000811,54.838702,11.491832,0.0,Under way using engine
2026-08-26T07:52:25Z,219002177,54.916358,11.360590,0.0,Under way using engine
2026-08-26T07:52:42Z,219000809,54.971902,11.514605,0.0,Under way using engine
2026-08-26T07:52:50Z,219000811,54.838700,11.491832,0.0,Under way using engine
2026-08-26T07:52:55Z,219002177,54.916363,11.360590,0.0,Under way using engine
2026-08-26T07:53:12Z,219000809,54.971887,11.514545,0.0,Under way using engine
2026-08-26T07:53:20Z,219000811,54.838700,11.491832,0.0,Under way using engine
2026-08-26T07:53:25Z,219002177,54.916367,11.360590,0.0,Under way using engine
2026-08-26T07:53:42Z,219000809,54.971883,11.514545,0.0,Under way using engine
2026-08-26T07:54:00Z,219000811,54.838700,11.491835,0.0,Under way using engine
2026-08-26T07:54:04Z,219002177,54.916357,11.360593,0.0,Under way using engine
2026-08-26T07:54:22Z,219000809,54.971905,11.514610,0.0,Under way using engine
2026-08-26T07:54:39Z,219000811,54.838698,11.491838,0.0,Under way using engine
2026-08-26T07:54:44Z,219002177,54.916357,11.360595,0.0,Under way using engine
2026-08-26T07:54:52Z,219000809,54.971903,11.514607,0.0,Under way using engine
2026-08-26T07:55:10Z,219000811,54.838698,11.491840,0.0,Under way using engine
2026-08-26T07:55:14Z,219002177,54.916357,11.360592,0.0,Under way using engine
2026-08-26T07:55:22Z,219000809,54.971898,11.514587,0.0,Under way using engine
2026-08-26T07:55:44Z,219002177,54.916358,11.360588,0.0,Under way using engine
2026-08-26T07:55:49Z,219000811,54.838698,11.491837,0.0,Under way using engine
2026-08-26T07:55:53Z,219000809,54.971897,11.514595,0.0,Under way using engine
2026-08-26T07:56:14Z,219002177,54.916360,11.360577,0.0,Under way using engine
2026-08-26T07:56:19Z,219000811,54.838700,11.491830,0.0,Under way using engine
2026-08-26T07:56:33Z,219000809,54.971898,11.514602,0.0,Under way using engine
2026-08-26T07:56:45Z,219002177,54.916360,11.360572,0.0,Under way using engine
2026-08-26T07:56:49Z,219000811,54.838700,11.491825,0.0,Under way using engine
2026-08-26T07:57:13Z,219000809,54.971895,11.514605,0.0,Under way using engine
2026-08-26T07:57:19Z,219000811,54.838700,11.491825,0.0,Under way using engine
2026-08-26T07:57:23Z,219002177,54.916357,11.360568,0.0,Under way using engine
2026-08-26T07:57:49Z,219000811,54.838702,11.491828,0.0,Under way using engine
2026-08-26T07:57:53Z,219000809,54.971893,11.514605,0.0,Under way using engine
2026-08-26T07:57:54Z,219002177,54.916357,11.360585,0.0,Under way using engine
2026-08-26T07:58:19Z,219000811,54.838703,11.491828,0.0,Under way using engine
2026-08-26T07:58:32Z,219000809,54.971905,11.514625,0.0,Under way using engine
2026-08-26T07:58:34Z,219002177,54.916365,11.360590,0.0,Under way using engine
2026-08-26T07:58:49Z,219000811,54.838705,11.491827,0.0,Under way using engine
2026-08-26T07:59:02Z,219000809,54.971907,11.514615,0.0,Under way using engine
2026-08-26T07:59:05Z,219002177,54.916370,11.360588,0.0,Under way using engine
2026-08-26T07:59:19Z,219000811,54.838705,11.491827,0.0,Under way using engine
2026-08-26T07:59:32Z,219000809,54.971903,11.514612,0.0,Under way using engine
2026-08-26T07:59:45Z,219002177,54.916363,11.360595,0.0,Under way using engine
2026-08-26T07:59:49Z,219000811,54.838707,11.491828,0.0,Under way using engine
2026-08-26T08:00:02Z,219000809,54.971910,11.514620,0.0,Under way using engine
2026-08-26T08:00:19Z,219000811,54.838705,11.491828,0.0,Under way using engine
2026-08-26T08:00:23Z,219002177,54.916350,11.360583,0.0,Under way using engine
2026-08-26T08:00:32Z,219000809,54.971913,11.514612,0.0,Under way using engine
2026-08-26T08:00:50Z,219000811,54.838703,11.491825,0.0,Under way using engine
2026-08-26T08:00:55Z,219002177,54.916345,11.360583,0.0,Under way using engine
2026-08-26T08:01:02Z,219000809,54.971913,11.514600,0.0,Under way using engine
2026-08-26T08:01:28Z,219000811,54.838705,11.491828,0.0,Under way using engine
2026-08-26T08:01:32Z,219000809,54.971908,11.514600,0.0,Under way using engine
2026-08-26T08:01:34Z,219002177,54.916350,11.360582,0.0,Under way using engine
2026-08-26T08:01:58Z,219000811,54.838707,11.491828,0.0,Under way using engine
2026-08-26T08:02:02Z,219000809,54.971913,11.514627,0.0,Under way using engine
2026-08-26T08:02:05Z,219002177,54.916363,11.360573,0.0,Under way using engine
2026-08-26T08:02:28Z,219000811,54.838705,11.491825,0.0,Under way using engine
2026-08-26T08:02:32Z,219000809,54.971922,11.514615,0.0,Under way using engine
2026-08-26T08:02:44Z,219002177,54.916360,11.360570,0.0,Under way using engine
2026-08-26T08:02:58Z,219000811,54.838705,11.491825,0.0,Under way using engine
2026-08-26T08:03:02Z,219000809,54.971920,11.514632,0.0,Under way using engine
2026-08-26T08:03:24Z,219002177,54.916370,11.360568,0.0,Under way using engine
2026-08-26T08:03:30Z,219000811,54.838705,11.491822,0.0,Under way using engine
2026-08-26T08:03:32Z,219000809,54.971922,11.514625,0.0,Under way using engine
2026-08-26T08:03:55Z,219002177,54.916353,11.360560,0.0,Under way using engine
2026-08-26T08:04:02Z,219000809,54.971920,11.514612,0.0,Under way using engine
2026-08-26T08:04:10Z,219000811,54.838707,11.491822,0.0,Under way using engine
2026-08-26T08:04:32Z,219000809,54.971922,11.514610,0.0,Under way using engine
2026-08-26T08:04:34Z,219002177,54.916350,11.360567,0.0,Under way using engine
2026-08-26T08:04:50Z,219000811,54.838708,11.491817,0.0,Under way using engine
2026-08-26T08:05:02Z,219000809,54.971913,11.514635,0.0,Under way using engine
2026-08-26T08:05:05Z,219002177,54.916348,11.360572,0.0,Under way using engine
2026-08-26T08:05:30Z,219000811,54.838713,11.491817,0.0,Under way using engine
2026-08-26T08:05:32Z,219000809,54.971912,11.514617,0.0,Under way using engine
2026-08-26T08:05:45Z,219002177,54.916350,11.360572,0.0,Under way using engine
2026-08-26T08:06:00Z,219000811,54.838712,11.491815,0.0,Under way using engine
2026-08-26T08:06:02Z,219000809,54.971905,11.514608,0.0,Under way using engine
2026-08-26T08:06:15Z,219002177,54.916347,11.360572,0.0,Under way using engine
2026-08-26T08:06:30Z,219000811,54.838712,11.491815,0.0,Under way using engine
2026-08-26T08:06:32Z,219000809,54.971900,11.514598,0.0,Under way using engine
2026-08-26T08:06:45Z,219002177,54.916352,11.360577,0.0,Under way using engine
2026-08-26T08:07:00Z,219000811,54.838713,11.491820,0.0,Under way using engine
2026-08-26T08:07:02Z,219000809,54.971898,11.514590,0.0,Under way using engine
2026-08-26T08:07:15Z,219002177,54.916348,11.360575,0.0,Under way using engine
2026-08-26T08:07:30Z,219000811,54.838713,11.491822,0.0,Under way using engine
2026-08-26T08:07:32Z,219000809,54.971900,11.514592,0.0,Under way using engine
2026-08-26T08:07:45Z,219002177,54.916338,11.360603,0.4,Under way using engine
2026-08-26T08:08:00Z,219000811,54.838712,11.491823,0.0,Under way using engine
2026-08-26T08:08:13Z,219000809,54.971912,11.514585,0.0,Under way using engine
2026-08-26T08:08:15Z,219002177,54.916337,11.360910,1.8,Under way using engine
2026-08-26T08:08:30Z,219000811,54.838710,11.491823,0.0,Under way using engine
2026-08-26T08:08:43Z,219000809,54.971912,11.514527,0.8,Under way using engine
2026-08-26T08:08:45Z,219002177,54.916310,11.361507,2.8,Under way using engine
2026-08-26T08:09:00Z,219000811,54.838710,11.491823,0.0,Under way using engine
2026-08-26T08:09:13Z,219000809,54.971930,11.513845,3.6,Under way using engine
2026-08-26T08:09:15Z,219002177,54.916280,11.362292,3.5,Under way using engine
2026-08-26T08:09:30Z,219000811,54.838708,11.491823,0.0,Under way using engine
2026-08-26T08:09:45Z,219002177,54.916270,11.363222,4.1,Under way using engine
2026-08-26T08:09:46Z,219000809,54.971800,11.512963,2.9,Under way using engine
2026-08-26T08:10:00Z,219000811,54.838708,11.491818,0.0,Under way using engine
2026-08-26T08:10:15Z,219002177,54.916340,11.364337,4.9,Under way using engine
2026-08-26T08:10:16Z,219000809,54.971730,11.512618,1.8,Under way using engine
2026-08-26T08:10:40Z,219000811,54.838708,11.491815,0.0,Under way using engine
2026-08-26T08:10:45Z,219002177,54.916388,11.365607,5.4,Under way using engine
2026-08-26T08:10:46Z,219000809,54.971937,11.511523,6.1,Under way using engine
2026-08-26T08:11:10Z,219000811,54.838708,11.491815,0.0,Under way using engine
2026-08-26T08:11:15Z,219002177,54.916502,11.366940,5.7,Under way using engine
2026-08-26T08:11:16Z,219000809,54.972093,11.509737,7.9,Under way using engine
2026-08-26T08:11:40Z,219000811,54.838708,11.491817,0.0,Under way using engine
2026-08-26T08:11:45Z,219002177,54.916588,11.368333,5.9,Under way using engine
2026-08-26T08:11:52Z,219000809,54.972297,11.507372,8.2,Under way using engine
2026-08-26T08:12:10Z,219000811,54.838708,11.491820,0.0,Under way using engine
2026-08-26T08:12:15Z,219002177,54.916703,11.369760,6.1,Under way using engine
2026-08-26T08:12:23Z,219000809,54.972273,11.505303,8.4,Under way using engine
2026-08-26T08:12:40Z,219000811,54.838708,11.491823,0.0,Under way using engine
2026-08-26T08:12:45Z,219002177,54.916897,11.371093,5.3,Under way using engine
2026-08-26T08:12:55Z,219000809,54.971568,11.503398,8.8,Under way using engine
2026-08-26T08:13:10Z,219000811,54.838710,11.491827,0.0,Under way using engine
2026-08-26T08:13:15Z,219002177,54.917465,11.371498,4.6,Under way using engine
2026-08-26T08:13:25Z,219000809,54.970642,11.501992,9.0,Under way using engine
2026-08-26T08:13:40Z,219000811,54.838713,11.491830,0.0,Under way using engine
2026-08-26T08:13:45Z,219002177,54.918182,11.371488,5.4,Under way using engine
2026-08-26T08:14:03Z,219000809,54.969435,11.500293,9.2,Under way using engine
2026-08-26T08:14:10Z,219000811,54.838715,11.491830,0.0,Under way using engine
2026-08-26T08:14:15Z,219002177,54.918980,11.371533,5.9,Under way using engine
2026-08-26T08:14:33Z,219000809,54.968460,11.498897,9.2,Under way using engine
2026-08-26T08:14:40Z,219000811,54.838715,11.491828,0.0,Under way using engine
2026-08-26T08:14:45Z,219002177,54.919842,11.371552,6.3,Under way using engine
2026-08-26T08:15:03Z,219000809,54.967483,11.497503,9.1,Under way using engine
2026-08-26T08:15:10Z,219000811,54.838713,11.491827,0.0,Under way using engine
2026-08-26T08:15:15Z,219002177,54.920747,11.371582,6.6,Under way using engine
2026-08-26T08:15:33Z,219000809,54.966510,11.496108,9.2,Under way using engine
2026-08-26T08:15:40Z,219000811,54.838713,11.491825,0.0,Under way using engine
2026-08-26T08:15:45Z,219002177,54.921675,11.371567,6.8,Under way using engine
2026-08-26T08:16:03Z,219000809,54.965528,11.494682,9.2,Under way using engine
2026-08-26T08:16:15Z,219002177,54.922640,11.371470,7.0,Under way using engine
2026-08-26T08:16:19Z,219000811,54.838715,11.491823,0.0,Under way using engine
2026-08-26T08:16:43Z,219000809,54.964223,11.492847,9.1,Under way using engine
2026-08-26T08:16:45Z,219002177,54.923612,11.371403,7.1,Under way using engine
2026-08-26T08:16:49Z,219000811,54.838715,11.491825,0.0,Under way using engine
2026-08-26T08:17:15Z,219002177,54.924590,11.371338,7.1,Under way using engine
2026-08-26T08:17:19Z,219000811,54.838717,11.491823,0.0,Under way using engine
2026-08-26T08:17:23Z,219000809,54.962880,11.491075,9.1,Under way using engine
2026-08-26T08:17:45Z,219002177,54.925577,11.371235,7.1,Under way using engine
2026-08-26T08:17:49Z,219000811,54.838718,11.491823,0.0,Under way using engine
2026-08-26T08:18:02Z,219000809,54.961515,11.489482,9.1,Under way using engine
2026-08-26T08:18:15Z,219002177,54.926555,11.371155,7.0,Under way using engine
2026-08-26T08:18:19Z,219000811,54.838720,11.491828,0.0,Under way using engine
2026-08-26T08:18:32Z,219000809,54.960333,11.488685,9.1,Under way using engine
2026-08-26T08:18:49Z,219000811,54.838720,11.491828,0.0,Under way using engine
2026-08-26T08:18:54Z,219002177,54.927818,11.371052,7.1,Under way using engine
2026-08-26T08:19:02Z,219000809,54.959148,11.488083,9.1,Under way using engine
2026-08-26T08:19:19Z,219000811,54.838720,11.491827,0.0,Under way using engine
2026-08-26T08:19:25Z,219002177,54.928828,11.370977,7.1,Under way using engine
2026-08-26T08:19:32Z,219000809,54.957913,11.487532,9.1,Under way using engine
2026-08-26T08:19:49Z,219000811,54.838720,11.491832,0.0,Under way using engine
2026-08-26T08:20:02Z,219000809,54.956713,11.486968,8.9,Under way using engine
2026-08-26T08:20:03Z,219002177,54.930065,11.370850,7.1,Under way using engine
2026-08-26T08:20:19Z,219000811,54.838718,11.491833,0.0,Under way using engine
2026-08-26T08:20:32Z,219000809,54.955493,11.486598,9.0,Under way using engine
2026-08-26T08:20:34Z,219002177,54.931077,11.370778,7.1,Under way using engine
2026-08-26T08:20:49Z,219000811,54.838717,11.491833,0.0,Under way using engine
2026-08-26T08:21:02Z,219000809,54.954242,11.486187,9.2,Under way using engine
2026-08-26T08:21:15Z,219002177,54.932410,11.370698,7.1,Under way using engine
2026-08-26T08:21:19Z,219000811,54.838715,11.491830,0.0,Under way using engine
2026-08-26T08:21:32Z,219000809,54.953012,11.485607,9.1,Under way using engine
2026-08-26T08:21:49Z,219000811,54.838715,11.491828,0.0,Under way using engine
2026-08-26T08:21:54Z,219002177,54.933645,11.370867,6.7,Under way using engine
2026-08-26T08:22:02Z,219000809,54.951793,11.485010,9.1,Under way using engine
2026-08-26T08:22:19Z,219000811,54.838717,11.491827,0.0,Under way using engine
2026-08-26T08:22:24Z,219002177,54.934488,11.371215,6.0,Under way using engine
2026-08-26T08:22:32Z,219000809,54.950570,11.484462,9.1,Under way using engine
2026-08-26T08:22:49Z,219000811,54.838717,11.491827,0.0,Under way using engine
2026-08-26T08:22:54Z,219002177,54.935212,11.371507,4.7,Under way using engine
2026-08-26T08:23:02Z,219000809,54.949360,11.483880,9.0,Under way using engine
2026-08-26T08:23:19Z,219000811,54.838717,11.491827,0.0,Under way using engine
2026-08-26T08:23:24Z,219002177,54.935645,11.371710,2.5,Under way using engine
2026-08-26T08:23:32Z,219000809,54.948155,11.483362,9.0,Under way using engine
2026-08-26T08:23:49Z,219000811,54.838717,11.491828,0.0,Under way using engine
2026-08-26T08:23:54Z,219002177,54.935830,11.371878,1.2,Under way using engine
2026-08-26T08:24:03Z,219000809,54.946923,11.482773,8.9,Under way using engine
2026-08-26T08:24:19Z,219000811,54.838717,11.491830,0.0,Under way using engine
2026-08-26T08:24:24Z,219002177,54.935925,11.371972,0.6,Under way using engine
2026-08-26T08:24:42Z,219000809,54.945362,11.482113,9.0,Under way using engine
2026-08-26T08:24:49Z,219000811,54.838718,11.491830,0.0,Under way using engine
2026-08-26T08:24:54Z,219002177,54.935963,11.372020,0.2,Under way using engine
2026-08-26T08:25:13Z,219000809,54.944153,11.481438,8.8,Under way using engine
2026-08-26T08:25:19Z,219000811,54.838717,11.491830,0.0,Under way using engine
2026-08-26T08:25:24Z,219002177,54.935967,11.372022,0.0,Under way using engine
2026-08-26T08:25:46Z,219000809,54.943008,11.480213,8.8,Under way using engine
2026-08-26T08:25:49Z,219000811,54.838717,11.491830,0.0,Under way using engine
2026-08-26T08:25:54Z,219002177,54.935968,11.372007,0.0,Under way using engine
2026-08-26T08:26:16Z,219000809,54.942117,11.478783,8.8,Under way using engine
2026-08-26T08:26:19Z,219000811,54.838720,11.491832,0.0,Under way using engine
2026-08-26T08:26:24Z,219002177,54.935960,11.372013,0.1,Under way using engine
2026-08-26T08:26:50Z,219000811,54.838720,11.491832,0.0,Under way using engine
2026-08-26T08:26:53Z,219000809,54.941077,11.476873,8.9,Under way using engine
2026-08-26T08:26:55Z,219002177,54.935968,11.372047,0.0,Under way using engine
2026-08-26T08:27:23Z,219000809,54.940258,11.475298,8.8,Under way using engine
2026-08-26T08:27:29Z,219000811,54.838720,11.491833,0.0,Under way using engine
2026-08-26T08:27:35Z,219002177,54.935968,11.372043,0.0,Under way using engine
2026-08-26T08:27:53Z,219000809,54.939548,11.473583,8.7,Under way using engine
2026-08-26T08:27:59Z,219000811,54.838722,11.491833,0.0,Under way using engine
2026-08-26T08:28:14Z,219002177,54.935962,11.372020,0.0,Under way using engine
2026-08-26T08:28:23Z,219000809,54.938953,11.471693,9.0,Under way using engine
2026-08-26T08:28:29Z,219000811,54.838723,11.491833,0.0,Under way using engine
2026-08-26T08:28:44Z,219002177,54.935963,11.372015,0.0,Under way using engine
2026-08-26T08:28:53Z,219000809,54.938432,11.469720,9.0,Under way using engine
2026-08-26T08:28:59Z,219000811,54.838723,11.491828,0.0,Under way using engine
2026-08-26T08:29:14Z,219002177,54.935988,11.372057,0.0,Under way using engine
2026-08-26T08:29:23Z,219000809,54.937918,11.467735,9.0,Under way using engine
2026-08-26T08:29:29Z,219000811,54.838722,11.491825,0.0,Under way using engine
2026-08-26T08:29:44Z,219002177,54.935990,11.372052,0.0,Under way using engine
2026-08-26T08:29:53Z,219000809,54.937388,11.465748,9.1,Under way using engine
2026-08-26T08:29:59Z,219000811,54.838722,11.491820,0.0,Under way using engine
2026-08-26T08:30:14Z,219002177,54.935978,11.372027,0.0,Under way using engine
2026-08-26T08:30:23Z,219000809,54.936857,11.463723,9.2,Under way using engine
2026-08-26T08:30:29Z,219000811,54.838722,11.491818,0.0,Under way using engine
2026-08-26T08:30:53Z,219000809,54.936315,11.461725,9.2,Under way using engine
2026-08-26T08:30:55Z,219002177,54.935873,11.371920,1.2,Under way using engine
2026-08-26T08:30:59Z,219000811,54.838723,11.491813,0.0,Under way using engine
2026-08-26T08:31:23Z,219000809,54.935770,11.459730,9.1,Under way using engine
2026-08-26T08:31:29Z,219000811,54.838720,11.491810,0.0,Under way using engine
2026-08-26T08:31:34Z,219002177,54.935503,11.371613,2.9,Under way using engine
2026-08-26T08:31:53Z,219000809,54.935165,11.457810,9.0,Under way using engine
2026-08-26T08:31:59Z,219000811,54.838718,11.491808,0.0,Under way using engine
2026-08-26T08:32:04Z,219002177,54.935055,11.371145,4.1,Under way using engine
2026-08-26T08:32:23Z,219000809,54.934522,11.455942,9.1,Under way using engine
2026-08-26T08:32:30Z,219000811,54.838718,11.491808,0.0,Under way using engine
2026-08-26T08:32:34Z,219002177,54.934445,11.370863,4.8,Under way using engine
2026-08-26T08:32:53Z,219000809,54.933837,11.454072,9.2,Under way using engine
2026-08-26T08:33:04Z,219002177,54.933680,11.370940,5.8,Under way using engine
2026-08-26T08:33:09Z,219000811,54.838718,11.491812,0.0,Under way using engine
2026-08-26T08:33:31Z,219000809,54.932927,11.451763,9.2,Under way using engine
2026-08-26T08:33:34Z,219002177,54.932807,11.370997,6.5,Under way using engine
2026-08-26T08:33:40Z,219000811,54.838717,11.491813,0.0,Under way using engine
2026-08-26T08:34:03Z,219000809,54.932088,11.449917,9.1,Under way using engine
2026-08-26T08:34:04Z,219002177,54.931867,11.371060,6.9,Under way using engine
2026-08-26T08:34:19Z,219000811,54.838717,11.491817,0.0,Under way using engine
2026-08-26T08:34:33Z,219000809,54.931303,11.448187,9.2,Under way using engine
2026-08-26T08:34:34Z,219002177,54.930888,11.371155,7.2,Under way using engine
2026-08-26T08:34:49Z,219000811,54.838717,11.491818,0.0,Under way using engine
2026-08-26T08:35:03Z,219000809,54.930523,11.446463,9.1,Under way using engine
2026-08-26T08:35:04Z,219002177,54.929890,11.371228,7.3,Under way using engine
2026-08-26T08:35:19Z,219000811,54.838715,11.491817,0.0,Under way using engine
2026-08-26T08:35:33Z,219000809,54.929762,11.444800,8.9,Under way using engine
2026-08-26T08:35:34Z,219002177,54.928877,11.371328,7.3,Under way using engine
2026-08-26T08:35:49Z,219000811,54.838713,11.491818,0.0,Under way using engine
2026-08-26T08:36:04Z,219002177,54.927863,11.371422,7.3,Under way using engine
2026-08-26T08:36:13Z,219000809,54.928707,11.442547,9.1,Under way using engine
2026-08-26T08:36:19Z,219000811,54.838715,11.491820,0.0,Under way using engine
2026-08-26T08:36:34Z,219002177,54.926848,11.371503,7.3,Under way using engine
2026-08-26T08:36:43Z,219000809,54.927927,11.440830,9.1,Under way using engine
2026-08-26T08:36:49Z,219000811,54.838717,11.491822,0.0,Under way using engine
2026-08-26T08:37:13Z,219000809,54.927130,11.439157,9.0,Under way using engine
2026-08-26T08:37:13Z,219002177,54.925532,11.371652,7.3,Under way using engine
2026-08-26T08:37:19Z,219000811,54.838718,11.491823,0.0,Under way using engine
2026-08-26T08:37:43Z,219000809,54.926368,11.437418,9.1,Under way using engine
2026-08-26T08:37:44Z,219002177,54.924493,11.371758,7.3,Under way using engine
2026-08-26T08:37:49Z,219000811,54.838717,11.491827,0.0,Under way using engine
2026-08-26T08:38:13Z,219000809,54.925565,11.435723,9.1,Under way using engine
2026-08-26T08:38:19Z,219000811,54.838718,11.491828,0.0,Under way using engine
2026-08-26T08:38:24Z,219002177,54.923157,11.371900,7.2,Under way using engine
2026-08-26T08:38:49Z,219000811,54.838720,11.491828,0.0,Under way using engine
2026-08-26T08:38:51Z,219000809,54.924543,11.433483,9.1,Under way using engine
2026-08-26T08:38:54Z,219002177,54.922162,11.372002,7.2,Under way using engine
2026-08-26T08:39:19Z,219000811,54.838720,11.491827,0.0,Under way using engine
2026-08-26T08:39:22Z,219000809,54.923727,11.431778,9.1,Under way using engine
2026-08-26T08:39:24Z,219002177,54.921173,11.372070,7.0,Under way using engine
2026-08-26T08:39:49Z,219000811,54.838717,11.491825,0.0,Under way using engine
2026-08-26T08:39:54Z,219002177,54.920237,11.371872,6.9,Under way using engine
2026-08-26T08:40:02Z,219000809,54.922690,11.429572,9.1,Under way using engine
2026-08-26T08:40:19Z,219000811,54.838717,11.491827,0.0,Under way using engine
2026-08-26T08:40:33Z,219000809,54.921858,11.427800,9.1,Under way using engine
2026-08-26T08:40:34Z,219002177,54.918962,11.371713,6.8,Under way using engine
2026-08-26T08:41:00Z,219000811,54.838717,11.491827,0.0,Under way using engine
2026-08-26T08:41:11Z,219000809,54.920867,11.425647,9.1,Under way using engine
2026-08-26T08:41:13Z,219002177,54.917735,11.371613,6.8,Under way using engine
2026-08-26T08:41:40Z,219000811,54.838715,11.491828,0.0,Under way using engine
2026-08-26T08:41:41Z,219000809,54.920080,11.423872,9.0,Under way using engine
2026-08-26T08:41:44Z,219002177,54.916990,11.370942,5.7,Under way using engine
2026-08-26T08:42:10Z,219000811,54.838717,11.491828,0.0,Under way using engine
2026-08-26T08:42:11Z,219000809,54.919320,11.422258,9.0,Under way using engine
2026-08-26T08:42:15Z,219002177,54.916752,11.369545,6.1,Under way using engine
2026-08-26T08:42:40Z,219000811,54.838718,11.491830,0.0,Under way using engine
2026-08-26T08:42:41Z,219000809,54.918517,11.420485,9.1,Under way using engine
2026-08-26T08:42:54Z,219002177,54.916590,11.367540,6.6,Under way using engine
2026-08-26T08:43:10Z,219000811,54.838717,11.491830,0.0,Under way using engine
2026-08-26T08:43:11Z,219000809,54.917763,11.418838,9.1,Under way using engine
2026-08-26T08:43:24Z,219002177,54.916487,11.365937,6.6,Under way using engine
2026-08-26T08:43:41Z,219000809,54.916942,11.417090,9.0,Under way using engine
2026-08-26T08:43:48Z,219000811,54.838715,11.491832,0.0,Under way using engine
2026-08-26T08:43:54Z,219002177,54.916393,11.364432,6.1,Under way using engine
2026-08-26T08:44:11Z,219000809,54.916178,11.415455,8.9,Under way using engine
2026-08-26T08:44:19Z,219000811,54.838715,11.491832,0.0,Under way using engine
2026-08-26T08:44:24Z,219002177,54.916372,11.363050,5.6,Under way using engine
2026-08-26T08:44:43Z,219000809,54.915340,11.413655,9.1,Under way using engine
2026-08-26T08:44:54Z,219002177,54.916360,11.361877,4.5,Under way using engine
2026-08-26T08:45:00Z,219000811,54.838713,11.491833,0.0,Under way using engine
2026-08-26T08:45:21Z,219000809,54.914362,11.411490,9.0,Under way using engine
2026-08-26T08:45:24Z,219002177,54.916360,11.361077,2.7,Under way using engine
2026-08-26T08:45:30Z,219000811,54.838713,11.491832,0.0,Under way using engine
2026-08-26T08:45:53Z,219000809,54.913513,11.409712,9.0,Under way using engine
2026-08-26T08:45:54Z,219002177,54.916362,11.360665,1.3,Under way using engine
2026-08-26T08:46:09Z,219000811,54.838715,11.491830,0.0,Under way using engine
2026-08-26T08:46:24Z,219002177,54.916363,11.360557,0.0,Under way using engine
2026-08-26T08:46:31Z,219000809,54.912523,11.407570,9.0,Under way using engine
2026-08-26T08:46:50Z,219000811,54.838715,11.491828,0.0,Under way using engine
2026-08-26T08:46:54Z,219002177,54.916365,11.360563,0.0,Under way using engine
2026-08-26T08:47:03Z,219000809,54.911695,11.405778,9.0,Under way using engine
2026-08-26T08:47:24Z,219002177,54.916350,11.360567,0.0,Under way using engine
2026-08-26T08:47:30Z,219000811,54.838715,11.491827,0.0,Under way using engine
2026-08-26T08:47:33Z,219000809,54.910905,11.404070,9.1,Under way using engine
2026-08-26T08:47:54Z,219002177,54.916352,11.360572,0.0,Under way using engine
2026-08-26T08:48:00Z,219000811,54.838713,11.491823,0.0,Under way using engine
2026-08-26T08:48:03Z,219000809,54.910098,11.402405,9.1,Under way using engine
2026-08-26T08:48:25Z,219002177,54.916348,11.360570,0.0,Under way using engine
2026-08-26T08:48:30Z,219000811,54.838715,11.491822,0.0,Under way using engine
2026-08-26T08:48:33Z,219000809,54.909293,11.400697,9.1,Under way using engine
2026-08-26T08:49:00Z,219000811,54.838715,11.491823,0.0,Under way using engine
2026-08-26T08:49:03Z,219000809,54.908577,11.398913,9.1,Under way using engine
2026-08-26T08:49:04Z,219002177,54.916348,11.360575,0.0,Under way using engine
2026-08-26T08:49:30Z,219000811,54.838715,11.491822,0.0,Under way using engine
2026-08-26T08:49:33Z,219000809,54.908073,11.396898,9.1,Under way using engine
2026-08-26T08:49:44Z,219002177,54.916357,11.360582,0.0,Under way using engine
2026-08-26T08:50:00Z,219000811,54.838715,11.491820,0.0,Under way using engine
2026-08-26T08:50:03Z,219000809,54.907803,11.394742,9.2,Under way using engine
2026-08-26T08:50:25Z,219002177,54.916357,11.360583,0.0,Under way using engine
2026-08-26T08:50:33Z,219000809,54.907885,11.392580,8.9,Under way using engine
2026-08-26T08:50:40Z,219000811,54.838718,11.491818,0.0,Under way using engine
2026-08-26T08:50:55Z,219002177,54.916357,11.360573,0.0,Under way using engine
2026-08-26T08:51:03Z,219000809,54.908555,11.390802,9.0,Under way using engine
2026-08-26T08:51:20Z,219000811,54.838720,11.491817,0.0,Under way using engine
2026-08-26T08:51:25Z,219002177,54.916358,11.360578,0.0,Under way using engine
2026-08-26T08:51:33Z,219000809,54.909358,11.389103,9.2,Under way using engine
2026-08-26T08:51:50Z,219000811,54.838722,11.491815,0.0,Under way using engine
2026-08-26T08:51:55Z,219002177,54.916343,11.360583,0.0,Under way using engine
2026-08-26T08:52:03Z,219000809,54.910182,11.387415,9.2,Under way using engine
2026-08-26T08:52:20Z,219000811,54.838723,11.491817,0.0,Under way using engine
2026-08-26T08:52:25Z,219002177,54.916342,11.360583,0.0,Under way using engine
2026-08-26T08:52:33Z,219000809,54.911008,11.385718,9.2,Under way using engine
2026-08-26T08:52:55Z,219002177,54.916348,11.360588,0.0,Under way using engine
2026-08-26T08:53:00Z,219000811,54.838727,11.491820,0.0,Under way using engine
2026-08-26T08:53:03Z,219000809,54.911862,11.384065,9.3,Under way using engine
2026-08-26T08:53:25Z,219002177,54.916347,11.360585,0.0,Under way using engine
2026-08-26T08:53:39Z,219000811,54.838725,11.491818,0.0,Under way using engine
2026-08-26T08:53:42Z,219000809,54.912973,11.381802,9.2,Under way using engine
2026-08-26T08:53:55Z,219002177,54.916355,11.360572,0.0,Under way using engine
2026-08-26T08:54:09Z,219000811,54.838723,11.491818,0.0,Under way using engine
2026-08-26T08:54:13Z,219000809,54.913813,11.380155,9.1,Under way using engine
2026-08-26T08:54:25Z,219002177,54.916355,11.360568,0.0,Under way using engine
2026-08-26T08:54:39Z,219000811,54.838723,11.491822,0.0,Under way using engine
2026-08-26T08:54:52Z,219000809,54.914880,11.378075,8.8,Under way using engine
2026-08-26T08:54:55Z,219002177,54.916362,11.360565,0.0,Under way using engine
2026-08-26T08:55:09Z,219000811,54.838723,11.491823,0.0,Under way using engine
2026-08-26T08:55:23Z,219000809,54.915695,11.376418,8.8,Under way using engine
2026-08-26T08:55:25Z,219002177,54.916350,11.360567,0.0,Under way using engine
2026-08-26T08:55:39Z,219000811,54.838722,11.491823,0.0,Under way using engine
2026-08-26T08:55:55Z,219002177,54.916357,11.360573,0.0,Under way using engine
2026-08-26T08:55:56Z,219000809,54.916363,11.374448,8.6,Under way using engine
2026-08-26T08:56:19Z,219000811,54.838722,11.491825,0.0,Under way using engine
2026-08-26T08:56:26Z,219000809,54.916690,11.372505,8.4,Under way using engine
2026-08-26T08:56:34Z,219002177,54.916357,11.360580,0.0,Under way using engine
2026-08-26T08:56:49Z,219000811,54.838722,11.491825,0.0,Under way using engine
2026-08-26T08:56:56Z,219000809,54.916685,11.370498,8.3,Under way using engine
2026-08-26T08:57:14Z,219002177,54.916373,11.360565,0.0,Under way using engine
2026-08-26T08:57:19Z,219000811,54.838720,11.491825,0.0,Under way using engine
2026-08-26T08:57:32Z,219000809,54.916520,11.368075,8.4,Under way using engine
2026-08-26T08:57:45Z,219002177,54.916373,11.360568,0.0,Under way using engine
2026-08-26T08:57:49Z,219000811,54.838720,11.491825,0.0,Under way using engine
2026-08-26T08:58:02Z,219000809,54.916350,11.366092,8.3,Under way using engine
2026-08-26T08:58:19Z,219000811,54.838722,11.491825,0.0,Under way using engine
2026-08-26T08:58:24Z,219002177,54.916360,11.360565,0.0,Under way using engine
2026-08-26T08:58:32Z,219000809,54.916257,11.364083,8.4,Under way using engine
2026-08-26T08:58:49Z,219000811,54.838723,11.491823,0.0,Under way using engine
2026-08-26T08:58:54Z,219002177,54.916345,11.360567,0.0,Under way using engine
2026-08-26T08:59:02Z,219000809,54.916177,11.362183,7.4,Under way using engine
2026-08-26T08:59:19Z,219000811,54.838725,11.491823,0.0,Under way using engine
2026-08-26T08:59:24Z,219002177,54.916353,11.360570,0.0,Under way using engine
2026-08-26T08:59:32Z,219000809,54.916062,11.360997,3.6,Under way using engine
2026-08-26T08:59:49Z,219000811,54.838727,11.491822,0.0,Under way using engine
2026-08-26T08:59:54Z,219002177,54.916367,11.360558,0.0,Under way using engine
2026-08-26T09:00:02Z,219000809,54.915983,11.360885,0.2,Under way using engine
2026-08-26T09:00:19Z,219000811,54.838728,11.491820,0.0,Under way using engine
2026-08-26T09:00:24Z,219002177,54.916368,11.360557,0.0,Under way using engine
2026-08-26T09:00:32Z,219000809,54.915998,11.360772,1.3,Under way using engine
2026-08-26T09:00:50Z,219000811,54.838725,11.491820,0.0,Under way using engine
2026-08-26T09:00:54Z,219002177,54.916348,11.360572,0.0,Under way using engine
2026-08-26T09:01:02Z,219000809,54.916047,11.360297,1.8,Under way using engine
2026-08-26T09:01:24Z,219002177,54.916347,11.360560,0.0,Under way using engine
2026-08-26T09:01:29Z,219000811,54.838723,11.491817,0.0,Under way using engine
2026-08-26T09:01:32Z,219000809,54.916057,11.360128,0.5,Under way using engine
2026-08-26T09:01:54Z,219002177,54.916350,11.360557,0.0,Under way using engine
2026-08-26T09:01:59Z,219000811,54.838725,11.491815,0.0,Under way using engine
2026-08-26T09:02:02Z,219000809,54.916067,11.360058,0.3,Under way using engine
2026-08-26T09:02:24Z,219002177,54.916365,11.360548,0.0,Under way using engine
2026-08-26T09:02:29Z,219000811,54.838725,11.491815,0.0,Under way using engine
2026-08-26T09:02:32Z,219000809,54.916097,11.360038,0.1,Under way using engine
2026-08-26T09:02:54Z,219002177,54.916362,11.360558,0.0,Under way using engine
2026-08-26T09:02:59Z,219000811,54.838725,11.491813,0.0,Under way using engine
2026-08-26T09:03:02Z,219000809,54.916080,11.360052,0.0,Under way using engine
2026-08-26T09:03:24Z,219002177,54.916355,11.360565,0.0,Under way using engine
2026-08-26T09:03:29Z,219000811,54.838725,11.491815,0.0,Under way using engine
2026-08-26T09:03:32Z,219000809,54.916075,11.360072,0.0,Under way using engine
2026-08-26T09:03:54Z,219002177,54.916347,11.360575,0.0,Under way using engine
2026-08-26T09:03:59Z,219000811,54.838723,11.491817,0.0,Under way using engine
2026-08-26T09:04:02Z,219000809,54.916077,11.360062,0.0,Under way using engine
2026-08-26T09:04:24Z,219002177,54.916358,11.360575,0.0,Under way using engine
2026-08-26T09:04:29Z,219000811,54.838722,11.491817,0.0,Under way using engine
2026-08-26T09:04:32Z,219000809,54.916080,11.360060,0.0,Under way using engine
2026-08-26T09:04:59Z,219000811,54.838722,11.491817,0.0,Under way using engine
2026-08-26T09:05:02Z,219000809,54.916082,11.360058,0.0,Under way using engine
2026-08-26T09:05:05Z,219002177,54.916355,11.360573,0.0,Under way using engine
2026-08-26T09:05:29Z,219000811,54.838722,11.491817,0.0,Under way using engine
2026-08-26T09:05:32Z,219000809,54.916080,11.360062,0.0,Under way using engine
2026-08-26T09:05:45Z,219002177,54.916358,11.360570,0.0,Under way using engine
2026-08-26T09:05:59Z,219000811,54.838722,11.491817,0.0,Under way using engine
2026-08-26T09:06:02Z,219000809,54.916083,11.360055,0.0,Under way using engine
2026-08-26T09:06:24Z,219002177,54.916345,11.360575,0.0,Under way using engine
2026-08-26T09:06:29Z,219000811,54.838723,11.491818,0.0,Under way using engine
2026-08-26T09:06:32Z,219000809,54.916073,11.360055,0.0,Under way using engine
2026-08-26T09:06:54Z,219002177,54.916360,11.360565,0.0,Under way using engine
2026-08-26T09:07:00Z,219000811,54.838723,11.491822,0.0,Under way using engine
2026-08-26T09:07:03Z,219000809,54.916072,11.360050,0.0,Under way using engine
2026-08-26T09:07:24Z,219002177,54.916343,11.360570,0.0,Under way using engine
2026-08-26T09:07:40Z,219000811,54.838723,11.491823,0.0,Under way using engine
2026-08-26T09:07:43Z,219000809,54.916055,11.360060,0.0,Under way using engine
2026-08-26T09:07:54Z,219002177,54.916343,11.360573,0.0,Under way using engine
2026-08-26T09:08:10Z,219000811,54.838720,11.491823,0.0,Under way using engine
2026-08-26T09:08:13Z,219000809,54.916053,11.360075,0.0,Under way using engine
2026-08-26T09:08:24Z,219002177,54.916333,11.360585,0.0,Under way using engine
2026-08-26T09:08:43Z,219000809,54.916063,11.360068,0.0,Under way using engine
2026-08-26T09:08:50Z,219000811,54.838717,11.491825,0.0,Under way using engine
2026-08-26T09:08:54Z,219002177,54.916357,11.360553,0.0,Under way using engine
2026-08-26T09:09:13Z,219000809,54.916062,11.360067,0.0,Under way using engine
2026-08-26T09:09:20Z,219000811,54.838715,11.491825,0.0,Under way using engine
2026-08-26T09:09:24Z,219002177,54.916348,11.360560,0.0,Under way using engine
2026-08-26T09:09:43Z,219000809,54.916065,11.360075,0.0,Under way using engine
2026-08-26T09:09:50Z,219000811,54.838715,11.491827,0.0,Under way using engine
2026-08-26T09:09:54Z,219002177,54.916370,11.360542,0.0,Under way using engine
2026-08-26T09:10:13Z,219000809,54.916070,11.360075,0.0,Under way using engine
2026-08-26T09:10:20Z,219000811,54.838715,11.491827,0.0,Under way using engine
2026-08-26T09:10:24Z,219002177,54.916353,11.360570,0.0,Under way using engine
2026-08-26T09:10:43Z,219000809,54.916070,11.360067,0.0,Under way using engine
2026-08-26T09:10:50Z,219000811,54.838717,11.491825,0.0,Under way using engine
2026-08-26T09:10:54Z,219002177,54.916342,11.360572,0.0,Under way using engine
2026-08-26T09:11:13Z,219000809,54.916063,11.360060,0.0,Under way using engine
2026-08-26T09:11:20Z,219000811,54.838715,11.491823,0.0,Under way using engine
2026-08-26T09:11:24Z,219002177,54.916342,11.360577,0.0,Under way using engine
2026-08-26T09:11:43Z,219000809,54.916053,11.360068,0.0,Under way using engine
2026-08-26T09:11:50Z,219000811,54.838715,11.491823,0.0,Under way using engine
2026-08-26T09:11:54Z,219002177,54.916357,11.360577,0.1,Under way using engine
2026-08-26T09:12:13Z,219000809,54.916053,11.360080,0.0,Under way using engine
2026-08-26T09:12:20Z,219000811,54.838715,11.491822,0.0,Under way using engine
2026-08-26T09:12:24Z,219002177,54.916353,11.360580,0.0,Under way using engine
2026-08-26T09:12:43Z,219000809,54.916047,11.360082,0.0,Under way using engine
2026-08-26T09:12:50Z,219000811,54.838717,11.491820,0.0,Under way using engine
2026-08-26T09:12:54Z,219002177,54.916300,11.360642,0.1,Under way using engine
2026-08-26T09:13:13Z,219000809,54.916050,11.360072,0.0,Under way using engine
2026-08-26T09:13:20Z,219000811,54.838718,11.491820,0.0,Under way using engine
2026-08-26T09:13:24Z,219002177,54.916332,11.360613,0.0,Under way using engine
2026-08-26T09:13:43Z,219000809,54.916043,11.360075,0.0,Under way using engine
2026-08-26T09:13:50Z,219000811,54.838720,11.491817,0.0,Under way using engine
2026-08-26T09:13:54Z,219002177,54.916317,11.360618,0.0,Under way using engine
2026-08-26T09:14:13Z,219000809,54.916043,11.360070,0.0,Under way using engine
2026-08-26T09:14:20Z,219000811,54.838722,11.491817,0.0,Under way using engine
2026-08-26T09:14:24Z,219002177,54.916353,11.360583,0.0,Under way using engine
2026-08-26T09:14:50Z,219000811,54.838723,11.491813,0.0,Under way using engine
2026-08-26T09:14:51Z,219000809,54.916065,11.360055,0.0,Under way using engine
2026-08-26T09:14:54Z,219002177,54.916355,11.360573,0.1,Under way using engine
2026-08-26T09:15:20Z,219000811,54.838725,11.491812,0.0,Under way using engine
2026-08-26T09:15:22Z,219000809,54.916063,11.360057,0.0,Under way using engine
2026-08-26T09:15:25Z,219002177,54.916355,11.360578,0.0,Under way using engine
2026-08-26T09:15:59Z,219000811,54.838727,11.491815,0.0,Under way using engine
2026-08-26T09:16:02Z,219000809,54.916062,11.360053,0.0,Under way using engine
2026-08-26T09:16:05Z,219002177,54.916360,11.360587,0.0,Under way using engine
2026-08-26T09:16:29Z,219000811,54.838727,11.491817,0.0,Under way using engine
2026-08-26T09:16:33Z,219000809,54.916067,11.360055,0.0,Under way using engine
2026-08-26T09:16:35Z,219002177,54.916368,11.360575,0.0,Under way using engine
2026-08-26T09:17:05Z,219002177,54.916347,11.360582,0.0,Under way using engine
2026-08-26T09:17:10Z,219000811,54.838722,11.491820,0.0,Under way using engine
2026-08-26T09:17:12Z,219000809,54.916080,11.360057,0.0,Under way using engine
2026-08-26T09:17:40Z,219000811,54.838720,11.491822,0.0,Under way using engine
2026-08-26T09:17:42Z,219000809,54.916072,11.360053,0.0,Under way using engine
2026-08-26T09:17:44Z,219002177,54.916350,11.360570,0.0,Under way using engine
2026-08-26T09:18:10Z,219000811,54.838720,11.491822,0.0,Under way using engine
2026-08-26T09:18:12Z,219000809,54.916068,11.360082,0.0,Under way using engine
2026-08-26T09:18:25Z,219002177,54.916343,11.360590,0.0,Under way using engine
2026-08-26T09:18:40Z,219000811,54.838723,11.491818,0.0,Under way using engine
2026-08-26T09:18:42Z,219000809,54.916058,11.360108,0.0,Under way using engine
2026-08-26T09:19:03Z,219002177,54.916312,11.360603,0.0,Under way using engine
2026-08-26T09:19:10Z,219000811,54.838723,11.491817,0.0,Under way using engine
2026-08-26T09:19:12Z,219000809,54.916060,11.360085,0.0,Under way using engine
2026-08-26T09:19:35Z,219002177,54.916318,11.360592,0.0,Under way using engine
2026-08-26T09:19:40Z,219000811,54.838723,11.491820,0.0,Under way using engine
2026-08-26T09:19:42Z,219000809,54.916058,11.360073,0.0,Under way using engine
2026-08-26T09:20:10Z,219000811,54.838723,11.491818,0.0,Under way using engine
2026-08-26T09:20:12Z,219000809,54.916072,11.360053,0.0,Under way using engine
2026-08-26T09:20:15Z,219002177,54.916355,11.360542,0.0,Under way using engine
2026-08-26T09:20:40Z,219000811,54.838720,11.491817,0.0,Under way using engine
2026-08-26T09:20:42Z,219000809,54.916087,11.360018,0.0,Under way using engine
2026-08-26T09:20:52Z,219002177,54.916328,11.360587,0.0,Under way using engine
2026-08-26T09:21:10Z,219000811,54.838718,11.491820,0.0,Under way using engine
2026-08-26T09:21:12Z,219000809,54.916083,11.360032,0.0,Under way using engine
2026-08-26T09:21:23Z,219002177,54.916355,11.360547,0.0,Under way using engine
2026-08-26T09:21:40Z,219000811,54.838720,11.491820,0.0,Under way using engine
2026-08-26T09:21:42Z,219000809,54.916083,11.360043,0.0,Under way using engine
2026-08-26T09:21:54Z,219002177,54.916362,11.360558,0.0,Under way using engine
2026-08-26T09:22:13Z,219000809,54.916077,11.360058,0.0,Under way using engine
2026-08-26T09:22:19Z,219000811,54.838718,11.491820,0.0,Under way using engine
2026-08-26T09:22:34Z,219002177,54.916328,11.360585,0.0,Under way using engine
2026-08-26T09:22:52Z,219000809,54.916067,11.360080,0.0,Under way using engine
2026-08-26T09:22:59Z,219000811,54.838722,11.491820,0.0,Under way using engine
2026-08-26T09:23:15Z,219002177,54.916335,11.360575,0.0,Under way using engine
2026-08-26T09:23:23Z,219000809,54.916063,11.360090,0.0,Under way using engine
2026-08-26T09:23:30Z,219000811,54.838727,11.491815,0.0,Under way using engine
2026-08-26T09:23:54Z,219002177,54.916350,11.360563,0.0,Under way using engine
2026-08-26T09:24:03Z,219000809,54.916052,11.360078,0.0,Under way using engine
2026-08-26T09:24:09Z,219000811,54.838727,11.491812,0.0,Under way using engine
2026-08-26T09:24:34Z,219002177,54.916332,11.360575,0.0,Under way using engine
2026-08-26T09:24:39Z,219000811,54.838723,11.491815,0.0,Under way using engine
2026-08-26T09:24:43Z,219000809,54.916048,11.360067,0.0,Under way using engine
2026-08-26T09:25:09Z,219000811,54.838722,11.491817,0.0,Under way using engine
2026-08-26T09:25:15Z,219002177,54.916332,11.360577,0.0,Under way using engine
2026-08-26T09:25:23Z,219000809,54.916057,11.360067,0.0,Under way using engine
2026-08-26T09:25:48Z,219000811,54.838723,11.491817,0.0,Under way using engine
2026-08-26T09:25:54Z,219002177,54.916362,11.360583,0.0,Under way using engine
2026-08-26T09:26:03Z,219000809,54.916052,11.360072,0.0,Under way using engine
2026-08-26T09:26:19Z,219000811,54.838723,11.491815,0.0,Under way using engine
2026-08-26T09:26:34Z,219002177,54.916312,11.360587,0.0,Under way using engine
2026-08-26T09:26:43Z,219000809,54.916057,11.360070,0.0,Under way using engine
2026-08-26T09:27:00Z,219000811,54.838722,11.491813,0.0,Under way using engine
2026-08-26T09:27:04Z,219002177,54.916328,11.360605,0.0,Under way using engine
2026-08-26T09:27:13Z,219000809,54.916057,11.360083,0.0,Under way using engine
2026-08-26T09:27:30Z,219000811,54.838722,11.491812,0.0,Under way using engine
2026-08-26T09:27:43Z,219000809,54.916048,11.360088,0.0,Under way using engine
2026-08-26T09:27:45Z,219002177,54.916345,11.360600,0.0,Under way using engine
2026-08-26T09:28:00Z,219000811,54.838725,11.491808,0.0,Under way using engine
2026-08-26T09:28:23Z,219000809,54.916065,11.360085,0.0,Under way using engine
2026-08-26T09:28:23Z,219002177,54.916347,11.360578,0.0,Under way using engine
2026-08-26T09:28:30Z,219000811,54.838727,11.491805,0.0,Under way using engine
2026-08-26T09:28:55Z,219002177,54.916337,11.360577,0.0,Under way using engine
2026-08-26T09:29:00Z,219000811,54.838728,11.491807,0.0,Under way using engine
2026-08-26T09:29:03Z,219000809,54.916067,11.360080,0.0,Under way using engine
2026-08-26T09:29:30Z,219000811,54.838727,11.491810,0.0,Under way using engine
2026-08-26T09:29:33Z,219000809,54.916063,11.360088,0.0,Under way using engine
2026-08-26T09:29:33Z,219002177,54.916347,11.360585,0.0,Under way using engine
2026-08-26T09:30:00Z,219000811,54.838727,11.491813,0.0,Under way using engine
2026-08-26T09:30:03Z,219000809,54.916063,11.360088,0.0,Under way using engine
2026-08-26T09:30:04Z,219002177,54.916333,11.360582,0.0,Under way using engine
2026-08-26T09:30:30Z,219000811,54.838723,11.491815,0.0,Under way using engine
2026-08-26T09:30:33Z,219000809,54.916062,11.360075,0.0,Under way using engine
2026-08-26T09:30:45Z,219002177,54.916333,11.360583,0.0,Under way using engine
2026-08-26T09:31:00Z,219000811,54.838723,11.491812,0.0,Under way using engine
2026-08-26T09:31:03Z,219000809,54.916053,11.360080,0.0,Under way using engine
2026-08-26T09:31:24Z,219002177,54.916337,11.360572,0.0,Under way using engine
2026-08-26T09:31:33Z,219000809,54.916045,11.360075,0.0,Under way using engine
2026-08-26T09:31:40Z,219000811,54.838727,11.491813,0.0,Under way using engine
2026-08-26T09:31:55Z,219002177,54.916340,11.360558,0.0,Under way using engine
2026-08-26T09:32:03Z,219000809,54.916048,11.360072,0.0,Under way using engine
2026-08-26T09:32:18Z,219000811,54.838727,11.491817,0.0,Under way using engine
2026-08-26T09:32:33Z,219000809,54.916070,11.360057,0.0,Under way using engine
2026-08-26T09:32:33Z,219002177,54.916342,11.360553,0.0,Under way using engine
2026-08-26T09:32:50Z,219000811,54.838728,11.491815,0.0,Under way using engine
2026-08-26T09:33:03Z,219000809,54.916083,11.360060,0.0,Under way using engine
2026-08-26T09:33:04Z,219002177,54.916348,11.360562,0.0,Under way using engine
2026-08-26T09:33:29Z,219000811,54.838727,11.491818,0.0,Under way using engine
2026-08-26T09:33:33Z,219000809,54.916078,11.360082,0.0,Under way using engine
2026-08-26T09:33:45Z,219002177,54.916337,11.360573,0.1,Under way using engine
2026-08-26T09:34:00Z,219000811,54.838725,11.491817,0.0,Under way using engine
2026-08-26T09:34:12Z,219000809,54.916092,11.360070,0.0,Under way using engine
2026-08-26T09:34:24Z,219002177,54.916335,11.360577,0.0,Under way using engine
2026-08-26T09:34:40Z,219000811,54.838725,11.491817,0.0,Under way using engine
2026-08-26T09:34:42Z,219000809,54.916088,11.360067,0.0,Under way using engine
2026-08-26T09:34:55Z,219002177,54.916332,11.360558,0.0,Under way using engine
2026-08-26T09:35:10Z,219000811,54.838722,11.491820,0.0,Under way using engine
2026-08-26T09:35:12Z,219000809,54.916065,11.360063,0.0,Under way using engine
2026-08-26T09:35:35Z,219002177,54.916343,11.360583,0.0,Under way using engine
2026-08-26T09:35:40Z,219000811,54.838722,11.491823,0.0,Under way using engine
2026-08-26T09:35:42Z,219000809,54.916060,11.360057,0.0,Under way using engine
2026-08-26T09:36:10Z,219000811,54.838722,11.491825,0.0,Under way using engine
2026-08-26T09:36:12Z,219000809,54.916057,11.360062,0.0,Under way using engine
2026-08-26T09:36:14Z,219002177,54.916350,11.360582,0.0,Under way using engine
2026-08-26T09:36:40Z,219000811,54.838723,11.491825,0.0,Under way using engine
2026-08-26T09:36:43Z,219000809,54.916063,11.360062,0.0,Under way using engine
2026-08-26T09:36:45Z,219002177,54.916328,11.360550,0.1,Under way using engine
2026-08-26T09:37:10Z,219000811,54.838725,11.491822,0.0,Under way using engine
2026-08-26T09:37:22Z,219000809,54.916060,11.360067,0.0,Under way using engine
2026-08-26T09:37:35Z,219002177,54.916357,11.360578,0.0,Under way using engine
2026-08-26T09:37:40Z,219000811,54.838727,11.491817,0.0,Under way using engine
2026-08-26T09:37:52Z,219000809,54.916073,11.360067,0.0,Under way using engine
2026-08-26T09:38:10Z,219000811,54.838725,11.491817,0.0,Under way using engine
2026-08-26T09:38:14Z,219002177,54.916350,11.360580,0.0,Under way using engine
2026-08-26T09:38:22Z,219000809,54.916082,11.360062,0.0,Under way using engine
2026-08-26T09:38:40Z,219000811,54.838725,11.491817,0.0,Under way using engine
2026-08-26T09:38:45Z,219002177,54.916342,11.360583,0.0,Under way using engine
2026-08-26T09:38:52Z,219000809,54.916073,11.360072,0.0,Under way using engine
2026-08-26T09:39:10Z,219000811,54.838723,11.491822,0.0,Under way using engine
2026-08-26T09:39:15Z,219002177,54.916338,11.360585,0.0,Under way using engine
2026-08-26T09:39:22Z,219000809,54.916077,11.360082,0.0,Under way using engine
2026-08-26T09:39:40Z,219000811,54.838718,11.491822,0.0,Under way using engine
2026-08-26T09:39:52Z,219000809,54.916068,11.360078,0.0,Under way using engine
2026-08-26T09:39:55Z,219002177,54.916338,11.360575,0.0,Under way using engine
2026-08-26T09:40:10Z,219000811,54.838720,11.491818,0.0,Under way using engine
2026-08-26T09:40:22Z,219000809,54.916060,11.360067,0.0,Under way using engine
2026-08-26T09:40:35Z,219002177,54.916360,11.360577,0.0,Under way using engine
2026-08-26T09:40:40Z,219000811,54.838718,11.491818,0.0,Under way using engine
2026-08-26T09:40:52Z,219000809,54.916065,11.360065,0.0,Under way using engine
2026-08-26T09:41:05Z,219002177,54.916372,11.360558,0.0,Under way using engine
2026-08-26T09:41:10Z,219000811,54.838718,11.491820,0.0,Under way using engine
2026-08-26T09:41:22Z,219000809,54.916068,11.360068,0.0,Under way using engine
2026-08-26T09:41:40Z,219000811,54.838718,11.491817,0.0,Under way using engine
2026-08-26T09:41:43Z,219002177,54.916367,11.360570,0.0,Under way using engine
2026-08-26T09:41:52Z,219000809,54.916090,11.360070,0.0,Under way using engine
2026-08-26T09:42:10Z,219000811,54.838722,11.491815,0.0,Under way using engine
2026-08-26T09:42:15Z,219002177,54.916348,11.360558,0.0,Under way using engine
2026-08-26T09:42:22Z,219000809,54.916088,11.360067,0.0,Under way using engine
2026-08-26T09:42:40Z,219000811,54.838723,11.491813,0.0,Under way using engine
2026-08-26T09:42:52Z,219000809,54.916080,11.360068,0.0,Under way using engine
2026-08-26T09:42:55Z,219002177,54.916365,11.360567,0.0,Under way using engine
2026-08-26T09:43:20Z,219000811,54.838722,11.491817,0.0,Under way using engine
2026-08-26T09:43:32Z,219000809,54.916075,11.360067,0.0,Under way using engine
2026-08-26T09:43:34Z,219002177,54.916353,11.360570,0.1,Under way using engine
2026-08-26T09:43:59Z,219000811,54.838720,11.491817,0.0,Under way using engine
2026-08-26T09:44:03Z,219000809,54.916043,11.360528,3.1,Under way using engine
2026-08-26T09:44:05Z,219002177,54.916348,11.360575,0.0,Under way using engine
2026-08-26T09:44:30Z,219000811,54.838718,11.491815,0.0,Under way using engine
2026-08-26T09:44:33Z,219000809,54.916128,11.361517,4.7,Under way using engine
2026-08-26T09:44:43Z,219002177,54.916365,11.360572,0.0,Under way using engine
2026-08-26T09:45:03Z,219000809,54.916285,11.362892,6.0,Under way using engine
2026-08-26T09:45:09Z,219000811,54.838718,11.491810,0.0,Under way using engine
2026-08-26T09:45:14Z,219002177,54.916353,11.360548,0.0,Under way using engine
2026-08-26T09:45:33Z,219000809,54.916368,11.364405,6.7,Under way using engine
2026-08-26T09:45:39Z,219000811,54.838723,11.491810,0.0,Under way using engine
2026-08-26T09:45:45Z,219002177,54.916367,11.360570,0.0,Under way using engine
2026-08-26T09:46:03Z,219000809,54.916473,11.366213,7.8,Under way using engine
2026-08-26T09:46:09Z,219000811,54.838727,11.491810,0.0,Under way using engine
2026-08-26T09:46:25Z,219002177,54.916373,11.360567,0.0,Under way using engine
2026-08-26T09:46:33Z,219000809,54.916597,11.368158,8.2,Under way using engine
2026-08-26T09:46:39Z,219000811,54.838728,11.491812,0.0,Under way using engine
2026-08-26T09:46:55Z,219002177,54.916380,11.360575,0.0,Under way using engine
2026-08-26T09:47:03Z,219000809,54.916538,11.369898,6.8,Under way using engine
2026-08-26T09:47:09Z,219000811,54.838730,11.491813,0.0,Under way using engine
2026-08-26T09:47:25Z,219002177,54.916377,11.360575,0.0,Under way using engine
2026-08-26T09:47:33Z,219000809,54.916470,11.371385,6.3,Under way using engine
2026-08-26T09:47:48Z,219000811,54.838727,11.491815,0.0,Under way using engine
2026-08-26T09:47:55Z,219002177,54.916375,11.360552,0.0,Under way using engine
2026-08-26T09:48:03Z,219000809,54.915887,11.372785,7.6,Under way using engine
2026-08-26T09:48:20Z,219000811,54.838727,11.491818,0.0,Under way using engine
2026-08-26T09:48:25Z,219002177,54.916357,11.360572,0.0,Under way using engine
2026-08-26T09:48:33Z,219000809,54.915145,11.374268,8.2,Under way using engine
2026-08-26T09:49:00Z,219000811,54.838727,11.491820,0.0,Under way using engine
2026-08-26T09:49:05Z,219002177,54.916365,11.360562,0.0,Under way using engine
2026-08-26T09:49:06Z,219000809,54.914522,11.376208,8.5,Under way using engine
2026-08-26T09:49:35Z,219002177,54.916363,11.360560,0.0,Under way using engine
2026-08-26T09:49:38Z,219000811,54.838727,11.491820,0.0,Under way using engine
2026-08-26T09:49:43Z,219000809,54.913750,11.378395,8.7,Under way using engine
2026-08-26T09:50:05Z,219002177,54.916372,11.360565,0.0,Under way using engine
2026-08-26T09:50:09Z,219000811,54.838728,11.491818,0.0,Under way using engine
2026-08-26T09:50:13Z,219000809,54.913127,11.380218,8.8,Under way using engine
2026-08-26T09:50:35Z,219002177,54.916360,11.360615,0.7,Under way using engine
2026-08-26T09:50:43Z,219000809,54.912498,11.381993,8.7,Under way using engine
2026-08-26T09:50:48Z,219000811,54.838730,11.491817,0.0,Under way using engine
2026-08-26T09:51:05Z,219002177,54.916345,11.361173,3.0,Under way using engine
2026-08-26T09:51:13Z,219000809,54.911842,11.383782,8.8,Under way using engine
2026-08-26T09:51:28Z,219000811,54.838727,11.491820,0.0,Under way using engine
2026-08-26T09:51:35Z,219002177,54.916318,11.362152,4.4,Under way using engine
2026-08-26T09:51:43Z,219000809,54.911197,11.385565,8.7,Under way using engine
2026-08-26T09:52:00Z,219000811,54.838727,11.491818,0.0,Under way using engine
2026-08-26T09:52:13Z,219000809,54.910565,11.387360,8.8,Under way using engine
2026-08-26T09:52:14Z,219002177,54.916363,11.363758,5.4,Under way using engine
2026-08-26T09:52:39Z,219000811,54.838727,11.491817,0.0,Under way using engine
2026-08-26T09:52:43Z,219000809,54.909907,11.389162,8.8,Under way using engine
2026-08-26T09:52:44Z,219002177,54.916475,11.365128,5.9,Under way using engine
2026-08-26T09:53:09Z,219000811,54.838728,11.491820,0.0,Under way using engine
2026-08-26T09:53:13Z,219000809,54.909250,11.390983,8.8,Under way using engine
2026-08-26T09:53:14Z,219002177,54.916598,11.366583,6.2,Under way using engine
2026-08-26T09:53:39Z,219000811,54.838728,11.491820,0.0,Under way using engine
2026-08-26T09:53:43Z,219000809,54.908597,11.392798,8.8,Under way using engine
2026-08-26T09:53:44Z,219002177,54.916690,11.368088,6.4,Under way using engine
2026-08-26T09:54:09Z,219000811,54.838728,11.491823,0.0,Under way using engine
2026-08-26T09:54:13Z,219000809,54.907972,11.394628,8.8,Under way using engine
2026-08-26T09:54:14Z,219002177,54.916828,11.369607,6.5,Under way using engine
2026-08-26T09:54:39Z,219000811,54.838730,11.491822,0.0,Under way using engine
2026-08-26T09:54:51Z,219000809,54.907200,11.396973,8.9,Under way using engine
2026-08-26T09:54:55Z,219002177,54.917375,11.371147,5.1,Under way using engine
2026-08-26T09:55:09Z,219000811,54.838730,11.491818,0.0,Under way using engine
2026-08-26T09:55:21Z,219000809,54.906658,11.398862,8.7,Under way using engine
2026-08-26T09:55:35Z,219002177,54.918372,11.371135,5.8,Under way using engine
2026-08-26T09:55:39Z,219000811,54.838727,11.491818,0.0,Under way using engine
2026-08-26T09:55:51Z,219000809,54.906053,11.400673,8.6,Under way using engine
2026-08-26T09:56:09Z,219000811,54.838727,11.491817,0.0,Under way using engine
2026-08-26T09:56:14Z,219002177,54.919482,11.371085,6.5,Under way using engine
2026-08-26T09:56:21Z,219000809,54.905480,11.402530,8.7,Under way using engine
2026-08-26T09:56:39Z,219000811,54.838730,11.491812,0.0,Under way using engine
2026-08-26T09:56:44Z,219002177,54.920407,11.370985,6.8,Under way using engine
2026-08-26T09:56:51Z,219000809,54.904898,11.404365,8.7,Under way using engine
2026-08-26T09:57:09Z,219000811,54.838733,11.491812,0.0,Under way using engine
2026-08-26T09:57:14Z,219002177,54.921353,11.370847,7.0,Under way using engine
2026-08-26T09:57:21Z,219000809,54.904293,11.406153,8.7,Under way using engine
2026-08-26T09:57:49Z,219000811,54.838730,11.491810,0.0,Under way using engine
2026-08-26T09:57:51Z,219000809,54.903765,11.408042,8.7,Under way using engine
2026-08-26T09:57:54Z,219002177,54.922672,11.370703,7.2,Under way using engine
2026-08-26T09:58:21Z,219000809,54.903207,11.409923,8.7,Under way using engine
2026-08-26T09:58:24Z,219002177,54.923675,11.370582,7.4,Under way using engine
2026-08-26T09:58:30Z,219000811,54.838730,11.491812,0.0,Under way using engine
2026-08-26T09:58:51Z,219000809,54.902662,11.411797,8.7,Under way using engine
2026-08-26T09:58:54Z,219002177,54.924697,11.370467,7.5,Under way using engine
2026-08-26T09:59:10Z,219000811,54.838728,11.491815,0.0,Under way using engine
2026-08-26T09:59:22Z,219000809,54.902083,11.413685,8.6,Under way using engine
2026-08-26T09:59:25Z,219002177,54.925763,11.370327,7.4,Under way using engine
2026-08-26T09:59:48Z,219000811,54.838727,11.491818,0.0,Under way using engine
2026-08-26T09:59:52Z,219000809,54.901540,11.415542,8.6,Under way using engine
2026-08-26T10:00:04Z,219002177,54.927100,11.370113,7.5,Under way using engine
2026-08-26T10:00:18Z,219000811,54.838727,11.491822,0.0,Under way using engine
2026-08-26T10:00:22Z,219000809,54.900992,11.417377,8.6,Under way using engine
2026-08-26T10:00:44Z,219002177,54.928483,11.370032,7.4,Under way using engine
2026-08-26T10:00:48Z,219000811,54.838725,11.491822,0.0,Under way using engine
2026-08-26T10:00:52Z,219000809,54.900402,11.419290,8.6,Under way using engine
2026-08-26T10:01:14Z,219002177,54.929480,11.370045,7.4,Under way using engine
2026-08-26T10:01:18Z,219000811,54.838723,11.491825,0.0,Under way using engine
2026-08-26T10:01:22Z,219000809,54.899848,11.421070,8.6,Under way using engine
2026-08-26T10:01:44Z,219002177,54.930542,11.370033,7.5,Under way using engine
2026-08-26T10:01:48Z,219000811,54.838720,11.491825,0.0,Under way using engine
2026-08-26T10:01:52Z,219000809,54.899292,11.422972,8.6,Under way using engine
2026-08-26T10:02:14Z,219002177,54.931588,11.370020,7.5,Under way using engine
2026-08-26T10:02:18Z,219000811,54.838722,11.491820,0.0,Under way using engine
2026-08-26T10:02:22Z,219000809,54.898742,11.424760,8.7,Under way using engine
2026-08-26T10:02:44Z,219002177,54.932620,11.370043,7.4,Under way using engine
2026-08-26T10:02:48Z,219000811,54.838723,11.491818,0.0,Under way using engine
2026-08-26T10:02:52Z,219000809,54.898158,11.426625,8.5,Under way using engine
2026-08-26T10:03:14Z,219002177,54.933547,11.370497,7.0,Under way using engine
2026-08-26T10:03:19Z,219000811,54.838727,11.491818,0.0,Under way using engine
2026-08-26T10:03:22Z,219000809,54.897617,11.428440,8.6,Under way using engine
2026-08-26T10:03:44Z,219002177,54.934425,11.371062,6.4,Under way using engine
2026-08-26T10:03:49Z,219000811,54.838728,11.491817,0.0,Under way using engine
2026-08-26T10:03:52Z,219000809,54.897058,11.430280,8.6,Under way using engine
2026-08-26T10:04:14Z,219002177,54.935125,11.371475,5.0,Under way using engine
2026-08-26T10:04:19Z,219000811,54.838732,11.491820,0.0,Under way using engine
2026-08-26T10:04:22Z,219000809,54.896480,11.432105,8.6,Under way using engine
2026-08-26T10:04:45Z,219002177,54.935668,11.371717,2.9,Under way using engine
2026-08-26T10:04:49Z,219000811,54.838735,11.491820,0.0,Under way using engine
2026-08-26T10:04:52Z,219000809,54.895928,11.433957,8.7,Under way using engine
2026-08-26T10:05:19Z,219000811,54.838735,11.491818,0.0,Under way using engine
2026-08-26T10:05:22Z,219000809,54.895348,11.435780,8.6,Under way using engine
2026-08-26T10:05:25Z,219002177,54.935920,11.371937,1.1,Under way using engine
2026-08-26T10:05:49Z,219000811,54.838733,11.491817,0.0,Under way using engine
2026-08-26T10:05:52Z,219000809,54.894780,11.437625,8.7,Under way using engine
2026-08-26T10:06:05Z,219002177,54.935973,11.372000,0.0,Under way using engine
2026-08-26T10:06:19Z,219000811,54.838730,11.491820,0.0,Under way using engine
2026-08-26T10:06:22Z,219000809,54.894217,11.439468,8.7,Under way using engine
2026-08-26T10:06:35Z,219002177,54.935965,11.371982,0.0,Under way using engine
2026-08-26T10:06:49Z,219000811,54.838728,11.491823,0.0,Under way using engine
2026-08-26T10:06:52Z,219000809,54.893592,11.441278,8.7,Under way using engine
2026-08-26T10:07:05Z,219002177,54.935970,11.371982,0.0,Under way using engine
2026-08-26T10:07:19Z,219000811,54.838723,11.491827,0.0,Under way using engine
2026-08-26T10:07:22Z,219000809,54.892915,11.443060,8.7,Under way using engine
2026-08-26T10:07:35Z,219002177,54.935962,11.371985,0.0,Under way using engine
2026-08-26T10:07:49Z,219000811,54.838720,11.491830,0.0,Under way using engine
2026-08-26T10:07:53Z,219000809,54.892207,11.444920,8.8,Under way using engine
2026-08-26T10:08:05Z,219002177,54.935962,11.371998,0.0,Under way using engine
2026-08-26T10:08:20Z,219000811,54.838718,11.491833,0.0,Under way using engine
2026-08-26T10:08:33Z,219000809,54.891345,11.447222,8.7,Under way using engine
2026-08-26T10:08:35Z,219002177,54.935953,11.371997,0.0,Under way using engine
2026-08-26T10:08:59Z,219000811,54.838713,11.491833,0.0,Under way using engine
2026-08-26T10:09:03Z,219000809,54.890635,11.448933,8.8,Under way using engine
2026-08-26T10:09:05Z,219002177,54.935957,11.371990,0.0,Under way using engine
2026-08-26T10:09:30Z,219000811,54.838713,11.491832,0.0,Under way using engine
2026-08-26T10:09:33Z,219000809,54.889907,11.450650,8.8,Under way using engine
2026-08-26T10:09:43Z,219002177,54.935950,11.371985,0.0,Under way using engine
2026-08-26T10:10:03Z,219000809,54.889183,11.452378,8.9,Under way using engine
2026-08-26T10:10:09Z,219000811,54.838717,11.491830,0.0,Under way using engine
2026-08-26T10:10:13Z,219002177,54.935937,11.371983,0.1,Under way using engine
2026-08-26T10:10:33Z,219000809,54.888457,11.454143,8.9,Under way using engine
2026-08-26T10:10:39Z,219000811,54.838718,11.491827,0.0,Under way using engine
2026-08-26T10:10:43Z,219002177,54.935928,11.372017,0.0,Under way using engine
2026-08-26T10:11:03Z,219000809,54.887672,11.455768,8.9,Under way using engine
2026-08-26T10:11:09Z,219000811,54.838723,11.491820,0.0,Under way using engine
2026-08-26T10:11:13Z,219002177,54.935950,11.372003,0.0,Under way using engine
2026-08-26T10:11:33Z,219000809,54.886805,11.457318,8.9,Under way using engine
2026-08-26T10:11:39Z,219000811,54.838722,11.491817,0.0,Under way using engine
2026-08-26T10:11:43Z,219002177,54.935948,11.371997,0.0,Under way using engine
2026-08-26T10:12:03Z,219000809,54.885962,11.458858,8.9,Under way using engine
2026-08-26T10:12:09Z,219000811,54.838728,11.491813,0.0,Under way using engine
2026-08-26T10:12:13Z,219002177,54.935957,11.371997,0.1,Under way using engine
2026-08-26T10:12:39Z,219000811,54.838737,11.491812,0.0,Under way using engine
2026-08-26T10:12:43Z,219000809,54.884762,11.460915,8.9,Under way using engine
2026-08-26T10:12:43Z,219002177,54.935912,11.371993,0.2,Under way using engine
2026-08-26T10:13:09Z,219000811,54.838737,11.491812,0.0,Under way using engine
2026-08-26T10:13:14Z,219002177,54.935905,11.371957,0.0,Under way using engine
2026-08-26T10:13:22Z,219000809,54.883685,11.462898,8.8,Under way using engine
2026-08-26T10:13:39Z,219000811,54.838733,11.491810,0.0,Under way using engine
2026-08-26T10:13:52Z,219000809,54.882828,11.464442,8.8,Under way using engine
2026-08-26T10:13:54Z,219002177,54.935913,11.371963,0.2,Under way using engine
2026-08-26T10:14:09Z,219000811,54.838733,11.491808,0.0,Under way using engine
2026-08-26T10:14:22Z,219000809,54.882058,11.466043,8.8,Under way using engine
2026-08-26T10:14:24Z,219002177,54.935938,11.371975,0.3,Under way using engine
2026-08-26T10:14:39Z,219000811,54.838733,11.491805,0.0,Under way using engine
2026-08-26T10:14:52Z,219000809,54.881410,11.467828,8.7,Under way using engine
2026-08-26T10:14:54Z,219002177,54.935947,11.372007,0.0,Under way using engine
2026-08-26T10:15:10Z,219000811,54.838733,11.491805,0.0,Under way using engine
2026-08-26T10:15:22Z,219000809,54.880930,11.469752,8.8,Under way using engine
2026-08-26T10:15:25Z,219002177,54.935945,11.372003,0.0,Under way using engine
2026-08-26T10:15:50Z,219000811,54.838732,11.491808,0.0,Under way using engine
2026-08-26T10:15:52Z,219000809,54.880578,11.471767,8.7,Under way using engine
2026-08-26T10:15:55Z,219002177,54.935948,11.372003,0.0,Under way using engine
2026-08-26T10:16:22Z,219000809,54.880348,11.473803,8.7,Under way using engine
2026-08-26T10:16:25Z,219002177,54.935775,11.371852,2.3,Under way using engine
2026-08-26T10:16:28Z,219000811,54.838732,11.491813,0.0,Under way using engine
2026-08-26T10:16:52Z,219000809,54.880283,11.475865,8.6,Under way using engine
2026-08-26T10:16:55Z,219002177,54.935300,11.371503,4.2,Under way using engine
2026-08-26T10:17:00Z,219000811,54.838733,11.491813,0.0,Under way using engine
2026-08-26T10:17:22Z,219000809,54.880467,11.477898,8.5,Under way using engine
2026-08-26T10:17:25Z,219002177,54.934648,11.371175,5.1,Under way using engine
2026-08-26T10:17:39Z,219000811,54.838733,11.491818,0.0,Under way using engine
2026-08-26T10:17:52Z,219000809,54.880885,11.479818,8.5,Under way using engine
2026-08-26T10:17:55Z,219002177,54.933870,11.371158,5.9,Under way using engine
2026-08-26T10:18:10Z,219000811,54.838732,11.491822,0.0,Under way using engine
2026-08-26T10:18:22Z,219000809,54.881527,11.481558,8.6,Under way using engine
2026-08-26T10:18:25Z,219002177,54.932998,11.371142,6.4,Under way using engine
2026-08-26T10:18:50Z,219000811,54.838727,11.491817,0.0,Under way using engine
2026-08-26T10:18:52Z,219000809,54.882353,11.482800,7.7,Under way using engine
2026-08-26T10:18:55Z,219002177,54.932075,11.371132,6.8,Under way using engine
2026-08-26T10:19:22Z,219000809,54.883242,11.483237,6.2,Under way using engine
2026-08-26T10:19:25Z,219002177,54.931120,11.371128,6.9,Under way using engine
2026-08-26T10:19:29Z,219000811,54.838732,11.491825,0.0,Under way using engine
2026-08-26T10:19:52Z,219000809,54.883892,11.483268,4.0,Under way using engine
2026-08-26T10:19:55Z,219002177,54.930180,11.371127,7.1,Under way using engine
2026-08-26T10:20:00Z,219000811,54.838732,11.491827,0.0,Under way using engine
2026-08-26T10:20:22Z,219000809,54.884175,11.483262,1.1,Under way using engine
2026-08-26T10:20:34Z,219002177,54.928872,11.371118,7.1,Under way using engine
2026-08-26T10:20:39Z,219000811,54.838730,11.491825,0.0,Under way using engine
2026-08-26T10:20:52Z,219000809,54.884267,11.483253,0.4,Under way using engine
2026-08-26T10:21:04Z,219002177,54.927890,11.371110,7.1,Under way using engine
2026-08-26T10:21:09Z,219000811,54.838730,11.491825,0.0,Under way using engine
2026-08-26T10:21:22Z,219000809,54.884298,11.483243,0.2,Under way using engine
2026-08-26T10:21:34Z,219002177,54.926907,11.371118,7.1,Under way using engine
2026-08-26T10:21:39Z,219000811,54.838730,11.491823,0.0,Under way using engine
2026-08-26T10:21:52Z,219000809,54.884302,11.483243,0.0,Under way using engine
2026-08-26T10:22:04Z,219002177,54.925920,11.371075,7.1,Under way using engine
2026-08-26T10:22:09Z,219000811,54.838728,11.491823,0.0,Under way using engine
2026-08-26T10:22:22Z,219000809,54.884300,11.483252,0.0,Under way using engine
2026-08-26T10:22:35Z,219002177,54.924907,11.371042,7.1,Under way using engine
2026-08-26T10:22:39Z,219000811,54.838727,11.491822,0.0,Under way using engine
2026-08-26T10:22:52Z,219000809,54.884303,11.483253,0.0,Under way using engine
2026-08-26T10:23:05Z,219002177,54.923918,11.371028,7.1,Under way using engine
2026-08-26T10:23:09Z,219000811,54.838727,11.491822,0.0,Under way using engine
2026-08-26T10:23:22Z,219000809,54.884308,11.483250,0.0,Under way using engine
2026-08-26T10:23:35Z,219002177,54.922937,11.371025,7.1,Under way using engine
2026-08-26T10:23:39Z,219000811,54.838728,11.491827,0.0,Under way using engine
2026-08-26T10:23:53Z,219000809,54.884307,11.483255,0.0,Under way using engine
2026-08-26T10:24:05Z,219002177,54.921962,11.371015,7.0,Under way using engine
2026-08-26T10:24:09Z,219000811,54.838725,11.491825,0.0,Under way using engine
2026-08-26T10:24:31Z,219000809,54.884298,11.483255,0.0,Under way using engine
2026-08-26T10:24:35Z,219002177,54.921012,11.371020,6.9,Under way using engine
2026-08-26T10:24:39Z,219000811,54.838727,11.491828,0.0,Under way using engine
2026-08-26T10:25:02Z,219000809,54.884298,11.483252,0.0,Under way using engine
2026-08-26T10:25:05Z,219002177,54.920080,11.371015,6.7,Under way using engine
2026-08-26T10:25:09Z,219000811,54.838728,11.491832,0.0,Under way using engine
2026-08-26T10:25:35Z,219002177,54.919178,11.371037,6.4,Under way using engine
2026-08-26T10:25:39Z,219000811,54.838728,11.491837,0.0,Under way using engine
2026-08-26T10:25:42Z,219000809,54.884297,11.483247,0.0,Under way using engine
2026-08-26T10:26:05Z,219002177,54.918295,11.371063,6.3,Under way using engine
2026-08-26T10:26:09Z,219000811,54.838725,11.491835,0.0,Under way using engine
2026-08-26T10:26:13Z,219000809,54.884302,11.483257,0.0,Under way using engine
2026-08-26T10:26:35Z,219002177,54.917447,11.371030,6.0,Under way using engine
2026-08-26T10:26:39Z,219000811,54.838723,11.491838,0.0,Under way using engine
2026-08-26T10:26:53Z,219000809,54.884310,11.483243,0.0,Under way using engine
2026-08-26T10:27:05Z,219002177,54.916838,11.370317,5.0,Under way using engine
2026-08-26T10:27:09Z,219000811,54.838720,11.491838,0.0,Under way using engine
2026-08-26T10:27:31Z,219000809,54.884318,11.483232,0.0,Under way using engine
2026-08-26T10:27:35Z,219002177,54.916715,11.369077,5.5,Under way using engine
2026-08-26T10:27:39Z,219000811,54.838725,11.491845,0.0,Under way using engine
2026-08-26T10:28:02Z,219000809,54.884320,11.483235,0.0,Under way using engine
2026-08-26T10:28:09Z,219000811,54.838723,11.491845,0.0,Under way using engine
2026-08-26T10:28:14Z,219002177,54.916610,11.367170,6.4,Under way using engine
2026-08-26T10:28:40Z,219000811,54.838723,11.491838,0.0,Under way using engine
2026-08-26T10:28:42Z,219000809,54.884317,11.483237,0.0,Under way using engine
2026-08-26T10:28:45Z,219002177,54.916490,11.365530,6.8,Under way using engine
2026-08-26T10:29:12Z,219000809,54.884317,11.483245,0.0,Under way using engine
2026-08-26T10:29:20Z,219000811,54.838727,11.491838,0.0,Under way using engine
2026-08-26T10:29:25Z,219002177,54.916335,11.363410,6.3,Under way using engine
2026-08-26T10:29:43Z,219000809,54.884160,11.483280,1.9,Under way using engine
2026-08-26T10:29:55Z,219002177,54.916297,11.362015,5.4,Under way using engine
2026-08-26T10:30:00Z,219000811,54.838727,11.491837,0.0,Under way using engine
2026-08-26T10:30:19Z,219000809,54.883587,11.483365,3.7,Under way using engine
2026-08-26T10:30:25Z,219002177,54.916342,11.361047,2.9,Under way using engine
2026-08-26T10:30:30Z,219000811,54.838725,11.491837,0.0,Under way using engine
2026-08-26T10:30:49Z,219000809,54.883155,11.483675,2.8,Under way using engine
2026-08-26T10:30:55Z,219002177,54.916343,11.360693,1.1,Under way using engine
2026-08-26T10:31:00Z,219000811,54.838723,11.491833,0.0,Under way using engine
2026-08-26T10:31:19Z,219000809,54.882992,11.483798,0.9,Under way using engine
2026-08-26T10:31:25Z,219002177,54.916343,11.360560,0.1,Under way using engine
2026-08-26T10:31:30Z,219000811,54.838722,11.491832,0.0,Under way using engine
2026-08-26T10:31:49Z,219000809,54.882725,11.483292,3.9,Under way using engine
2026-08-26T10:32:00Z,219000811,54.838722,11.491828,0.0,Under way using engine
2026-08-26T10:32:04Z,219002177,54.916352,11.360582,0.0,Under way using engine
2026-08-26T10:32:23Z,219000809,54.882073,11.482102,6.6,Under way using engine
2026-08-26T10:32:30Z,219000811,54.838720,11.491828,0.0,Under way using engine
2026-08-26T10:32:45Z,219002177,54.916343,11.360570,0.0,Under way using engine
2026-08-26T10:32:53Z,219000809,54.881340,11.480760,8.0,Under way using engine
2026-08-26T10:33:00Z,219000811,54.838718,11.491830,0.0,Under way using engine
2026-08-26T10:33:23Z,219000809,54.880832,11.479010,8.3,Under way using engine
2026-08-26T10:33:30Z,219000811,54.838718,11.491835,0.0,Under way using engine
2026-08-26T10:33:34Z,219002177,54.916355,11.360588,0.0,Under way using engine
2026-08-26T10:33:53Z,219000809,54.880652,11.477050,8.4,Under way using engine
2026-08-26T10:34:00Z,219000811,54.838718,11.491833,0.0,Under way using engine
2026-08-26T10:34:04Z,219002177,54.916343,11.360570,0.0,Under way using engine
2026-08-26T10:34:23Z,219000809,54.880693,11.474998,8.5,Under way using engine
2026-08-26T10:34:30Z,219000811,54.838722,11.491832,0.0,Under way using engine
2026-08-26T10:34:34Z,219002177,54.916357,11.360597,0.0,Under way using engine
2026-08-26T10:34:53Z,219000809,54.880878,11.472960,8.7,Under way using engine
2026-08-26T10:35:00Z,219000811,54.838723,11.491833,0.0,Under way using engine
2026-08-26T10:35:04Z,219002177,54.916340,11.360578,0.0,Under way using engine
2026-08-26T10:35:23Z,219000809,54.881132,11.470927,8.7,Under way using engine
2026-08-26T10:35:30Z,219000811,54.838727,11.491828,0.0,Under way using engine
2026-08-26T10:35:34Z,219002177,54.916335,11.360565,0.0,Under way using engine
2026-08-26T10:35:53Z,219000809,54.881450,11.468910,8.7,Under way using engine
2026-08-26T10:36:00Z,219000811,54.838728,11.491827,0.0,Under way using engine
2026-08-26T10:36:05Z,219002177,54.916345,11.360577,0.0,Under way using engine
2026-08-26T10:36:23Z,219000809,54.881818,11.466910,8.8,Under way using engine
2026-08-26T10:36:30Z,219000811,54.838728,11.491825,0.0,Under way using engine
2026-08-26T10:36:45Z,219002177,54.916343,11.360590,0.0,Under way using engine
2026-08-26T10:36:53Z,219000809,54.882292,11.464957,8.7,Under way using engine
2026-08-26T10:37:00Z,219000811,54.838727,11.491825,0.0,Under way using engine
2026-08-26T10:37:15Z,219002177,54.916342,11.360582,0.1,Under way using engine
2026-08-26T10:37:26Z,219000809,54.883117,11.463263,8.8,Under way using engine
2026-08-26T10:37:30Z,219000811,54.838727,11.491823,0.0,Under way using engine
2026-08-26T10:37:45Z,219002177,54.916348,11.360572,0.0,Under way using engine
2026-08-26T10:38:00Z,219000811,54.838725,11.491822,0.0,Under way using engine
2026-08-26T10:38:02Z,219000809,54.884212,11.461430,8.9,Under way using engine
2026-08-26T10:38:15Z,219002177,54.916347,11.360568,0.0,Under way using engine
2026-08-26T10:38:32Z,219000809,54.885102,11.459982,8.8,Under way using engine
2026-08-26T10:38:39Z,219000811,54.838727,11.491820,0.0,Under way using engine
2026-08-26T10:38:45Z,219002177,54.916348,11.360563,0.0,Under way using engine
2026-08-26T10:39:02Z,219000809,54.885973,11.458603,8.8,Under way using engine
2026-08-26T10:39:10Z,219000811,54.838727,11.491822,0.0,Under way using engine
2026-08-26T10:39:15Z,219002177,54.916337,11.360572,0.0,Under way using engine
2026-08-26T10:39:32Z,219000809,54.886878,11.457113,8.8,Under way using engine
2026-08-26T10:39:45Z,219002177,54.916330,11.360570,0.0,Under way using engine
2026-08-26T10:39:50Z,219000811,54.838728,11.491823,0.0,Under way using engine
2026-08-26T10:40:02Z,219000809,54.887752,11.455747,8.8,Under way using engine
2026-08-26T10:40:15Z,219002177,54.916342,11.360590,0.0,Under way using engine
2026-08-26T10:40:20Z,219000811,54.838732,11.491823,0.0,Under way using engine
2026-08-26T10:40:32Z,219000809,54.888687,11.454292,8.8,Under way using engine
2026-08-26T10:40:50Z,219000811,54.838730,11.491825,0.0,Under way using engine
2026-08-26T10:40:53Z,219002177,54.916343,11.360578,0.0,Under way using engine
2026-08-26T10:41:02Z,219000809,54.889472,11.452802,8.7,Under way using engine
2026-08-26T10:41:20Z,219000811,54.838730,11.491828,0.0,Under way using engine
2026-08-26T10:41:24Z,219002177,54.916343,11.360580,0.0,Under way using engine
2026-08-26T10:41:33Z,219000809,54.890128,11.450947,8.8,Under way using engine
2026-08-26T10:41:50Z,219000811,54.838727,11.491828,0.0,Under way using engine
2026-08-26T10:42:05Z,219002177,54.916333,11.360578,0.0,Under way using engine
2026-08-26T10:42:13Z,219000809,54.890973,11.448462,8.8,Under way using engine
2026-08-26T10:42:20Z,219000811,54.838727,11.491827,0.0,Under way using engine
2026-08-26T10:42:35Z,219002177,54.916338,11.360585,0.0,Under way using engine
2026-08-26T10:42:52Z,219000809,54.891785,11.446102,8.8,Under way using engine
2026-08-26T10:43:00Z,219000811,54.838728,11.491825,0.0,Under way using engine
2026-08-26T10:43:05Z,219002177,54.916335,11.360575,0.0,Under way using engine
2026-08-26T10:43:22Z,219000809,54.892420,11.444288,8.8,Under way using engine
2026-08-26T10:43:30Z,219000811,54.838728,11.491823,0.0,Under way using engine
2026-08-26T10:43:35Z,219002177,54.916348,11.360587,0.0,Under way using engine
2026-08-26T10:43:52Z,219000809,54.893035,11.442440,8.8,Under way using engine
2026-08-26T10:44:00Z,219000811,54.838730,11.491828,0.0,Under way using engine
2026-08-26T10:44:05Z,219002177,54.916327,11.360575,0.0,Under way using engine
2026-08-26T10:44:22Z,219000809,54.893665,11.440688,8.9,Under way using engine
2026-08-26T10:44:30Z,219000811,54.838732,11.491835,0.0,Under way using engine
2026-08-26T10:44:35Z,219002177,54.916347,11.360578,0.0,Under way using engine
2026-08-26T10:44:52Z,219000809,54.894328,11.438793,8.9,Under way using engine
2026-08-26T10:45:00Z,219000811,54.838732,11.491835,0.0,Under way using engine
2026-08-26T10:45:05Z,219002177,54.916342,11.360572,0.0,Under way using engine
2026-08-26T10:45:22Z,219000809,54.894947,11.437022,8.9,Under way using engine
2026-08-26T10:45:30Z,219000811,54.838733,11.491840,0.0,Under way using engine
2026-08-26T10:45:44Z,219002177,54.916347,11.360583,0.0,Under way using engine
2026-08-26T10:45:52Z,219000809,54.895588,11.435122,8.9,Under way using engine
2026-08-26T10:46:00Z,219000811,54.838733,11.491837,0.0,Under way using engine
2026-08-26T10:46:22Z,219000809,54.896187,11.433335,8.9,Under way using engine
2026-08-26T10:46:24Z,219002177,54.916342,11.360575,0.0,Under way using engine
2026-08-26T10:46:30Z,219000811,54.838733,11.491832,0.0,Under way using engine
2026-08-26T10:46:52Z,219000809,54.896828,11.431418,8.9,Under way using engine
2026-08-26T10:46:54Z,219002177,54.916323,11.360558,0.0,Under way using engine
2026-08-26T10:47:00Z,219000811,54.838733,11.491837,0.0,Under way using engine
2026-08-26T10:47:22Z,219000809,54.897428,11.429633,8.9,Under way using engine
2026-08-26T10:47:24Z,219002177,54.916340,11.360562,0.0,Under way using engine
2026-08-26T10:47:30Z,219000811,54.838733,11.491833,0.0,Under way using engine
2026-08-26T10:47:52Z,219000809,54.898077,11.427728,8.9,Under way using engine
2026-08-26T10:47:54Z,219002177,54.916338,11.360562,0.0,Under way using engine
2026-08-26T10:48:00Z,219000811,54.838732,11.491828,0.0,Under way using engine
2026-08-26T10:48:22Z,219000809,54.898662,11.425918,8.9,Under way using engine
2026-08-26T10:48:24Z,219002177,54.916342,11.360557,0.0,Under way using engine
2026-08-26T10:48:30Z,219000811,54.838728,11.491827,0.0,Under way using engine
2026-08-26T10:48:52Z,219000809,54.899233,11.423952,8.9,Under way using engine
2026-08-26T10:48:54Z,219002177,54.916347,11.360558,0.0,Under way using engine
2026-08-26T10:49:00Z,219000811,54.838732,11.491823,0.0,Under way using engine
2026-08-26T10:49:22Z,219000809,54.899753,11.422092,8.9,Under way using engine
2026-08-26T10:49:24Z,219002177,54.916340,11.360558,0.0,Under way using engine
2026-08-26T10:49:30Z,219000811,54.838732,11.491827,0.0,Under way using engine
2026-08-26T10:49:52Z,219000809,54.900338,11.420108,9.0,Under way using engine
2026-08-26T10:49:54Z,219002177,54.916342,11.360558,0.0,Under way using engine
2026-08-26T10:50:00Z,219000811,54.838732,11.491827,0.0,Under way using engine
2026-08-26T10:50:22Z,219000809,54.900887,11.418240,9.0,Under way using engine
2026-08-26T10:50:25Z,219002177,54.916352,11.360563,0.0,Under way using engine
2026-08-26T10:50:30Z,219000811,54.838732,11.491827,0.0,Under way using engine
2026-08-26T10:50:52Z,219000809,54.901457,11.416233,9.0,Under way using engine
2026-08-26T10:50:55Z,219002177,54.916340,11.360562,0.0,Under way using engine
2026-08-26T10:51:00Z,219000811,54.838725,11.491830,0.0,Under way using engine
2026-08-26T10:51:23Z,219000809,54.902017,11.414227,9.1,Under way using engine
2026-08-26T10:51:25Z,219002177,54.916353,11.360592,0.2,Under way using engine
2026-08-26T10:51:38Z,219000811,54.838723,11.491832,0.0,Under way using engine
2026-08-26T10:51:55Z,219002177,54.916315,11.360908,2.0,Under way using engine
2026-08-26T10:52:02Z,219000809,54.902760,11.411678,9.2,Under way using engine
2026-08-26T10:52:08Z,219000811,54.838722,11.491832,0.0,Under way using engine
2026-08-26T10:52:25Z,219002177,54.916228,11.361660,3.7,Under way using engine
2026-08-26T10:52:32Z,219000809,54.903337,11.409708,9.1,Under way using engine
2026-08-26T10:52:38Z,219000811,54.838718,11.491828,0.0,Under way using engine
2026-08-26T10:53:02Z,219000809,54.903923,11.407750,9.1,Under way using engine
2026-08-26T10:53:03Z,219002177,54.916243,11.362995,4.6,Under way using engine
2026-08-26T10:53:08Z,219000811,54.838717,11.491830,0.0,Under way using engine
2026-08-26T10:53:33Z,219000809,54.904468,11.405727,9.1,Under way using engine
2026-08-26T10:53:34Z,219002177,54.916362,11.364217,5.1,Under way using engine
2026-08-26T10:53:38Z,219000811,54.838717,11.491828,0.0,Under way using engine
2026-08-26T10:54:05Z,219002177,54.916453,11.365567,5.6,Under way using engine
2026-08-26T10:54:08Z,219000811,54.838717,11.491828,0.0,Under way using engine
2026-08-26T10:54:13Z,219000809,54.905078,11.403010,9.1,Under way using engine
2026-08-26T10:54:38Z,219000811,54.838717,11.491828,0.1,Under way using engine
2026-08-26T10:54:43Z,219000809,54.905482,11.400942,9.1,Under way using engine
2026-08-26T10:54:44Z,219002177,54.916610,11.367362,5.9,Under way using engine
2026-08-26T10:55:08Z,219000811,54.838725,11.491828,0.0,Under way using engine
2026-08-26T10:55:13Z,219000809,54.905928,11.398900,9.1,Under way using engine
2026-08-26T10:55:14Z,219002177,54.916677,11.368713,6.0,Under way using engine
2026-08-26T10:55:38Z,219000811,54.838728,11.491827,0.0,Under way using engine
2026-08-26T10:55:44Z,219002177,54.916913,11.370117,5.9,Under way using engine
2026-08-26T10:55:52Z,219000809,54.906448,11.396187,9.1,Under way using engine
2026-08-26T10:56:08Z,219000811,54.838728,11.491828,0.0,Under way using engine
2026-08-26T10:56:14Z,219002177,54.917445,11.370830,4.7,Under way using engine
2026-08-26T10:56:22Z,219000809,54.906870,11.394133,9.0,Under way using engine
2026-08-26T10:56:39Z,219000811,54.838728,11.491828,0.0,Under way using engine
2026-08-26T10:56:44Z,219002177,54.918157,11.370848,5.4,Under way using engine
2026-08-26T10:56:52Z,219000809,54.907473,11.392235,9.0,Under way using engine
2026-08-26T10:57:14Z,219002177,54.918965,11.370930,5.9,Under way using engine
2026-08-26T10:57:20Z,219000811,54.838727,11.491827,0.0,Under way using engine
2026-08-26T10:57:23Z,219000809,54.908155,11.390453,9.0,Under way using engine
2026-08-26T10:57:44Z,219002177,54.919835,11.370978,6.3,Under way using engine
2026-08-26T10:57:59Z,219000811,54.838727,11.491823,0.0,Under way using engine
2026-08-26T10:58:02Z,219000809,54.909123,11.388107,8.9,Under way using engine
2026-08-26T10:58:14Z,219002177,54.920717,11.371043,6.5,Under way using engine
2026-08-26T10:58:29Z,219000811,54.838723,11.491823,0.0,Under way using engine
2026-08-26T10:58:32Z,219000809,54.909872,11.386395,8.9,Under way using engine
2026-08-26T10:58:44Z,219002177,54.921643,11.371045,6.8,Under way using engine
2026-08-26T10:58:59Z,219000811,54.838725,11.491820,0.0,Under way using engine
2026-08-26T10:59:02Z,219000809,54.910687,11.384763,8.9,Under way using engine
2026-08-26T10:59:15Z,219002177,54.922648,11.371062,7.0,Under way using engine
2026-08-26T10:59:29Z,219000811,54.838725,11.491818,0.0,Under way using engine
2026-08-26T10:59:32Z,219000809,54.911440,11.383077,8.9,Under way using engine
2026-08-26T10:59:59Z,219000811,54.838727,11.491818,0.0,Under way using engine
2026-08-26T11:00:02Z,219000809,54.912243,11.381423,8.9,Under way using engine
2026-08-26T11:00:05Z,219002177,54.924260,11.371063,7.1,Under way using engine
2026-08-26T11:00:29Z,219000811,54.838725,11.491818,0.0,Under way using engine
2026-08-26T11:00:32Z,219000809,54.913033,11.379755,8.9,Under way using engine
2026-08-26T11:00:44Z,219002177,54.925558,11.371060,7.1,Under way using engine
2026-08-26T11:00:59Z,219000811,54.838727,11.491823,0.0,Under way using engine
2026-08-26T11:01:02Z,219000809,54.913807,11.378087,8.9,Under way using engine
2026-08-26T11:01:15Z,219002177,54.926582,11.370997,7.2,Under way using engine
2026-08-26T11:01:29Z,219000811,54.838730,11.491823,0.0,Under way using engine
2026-08-26T11:01:32Z,219000809,54.914565,11.376423,8.9,Under way using engine
2026-08-26T11:01:53Z,219002177,54.927847,11.370848,7.2,Under way using engine
2026-08-26T11:01:59Z,219000811,54.838735,11.491823,0.0,Under way using engine
2026-08-26T11:02:02Z,219000809,54.915358,11.374792,8.9,Under way using engine
2026-08-26T11:02:25Z,219002177,54.928890,11.370748,7.2,Under way using engine
2026-08-26T11:02:29Z,219000811,54.838737,11.491823,0.0,Under way using engine
2026-08-26T11:02:32Z,219000809,54.916017,11.372992,8.8,Under way using engine
2026-08-26T11:02:56Z,219002177,54.929843,11.370620,7.2,Under way using engine
2026-08-26T11:02:59Z,219000811,54.838740,11.491822,0.0,Under way using engine
2026-08-26T11:03:02Z,219000809,54.916450,11.371047,8.6,Under way using engine
2026-08-26T11:03:29Z,219000811,54.838738,11.491822,0.0,Under way using engine
2026-08-26T11:03:32Z,219000809,54.916623,11.368998,9.0,Under way using engine
2026-08-26T11:03:35Z,219002177,54.931275,11.370480,7.2,Under way using engine
2026-08-26T11:03:59Z,219000811,54.838737,11.491822,0.0,Under way using engine
2026-08-26T11:04:02Z,219000809,54.916517,11.366773,8.9,Under way using engine
2026-08-26T11:04:14Z,219002177,54.932555,11.370368,7.2,Under way using engine
2026-08-26T11:04:30Z,219000811,54.838737,11.491822,0.0,Under way using engine
2026-08-26T11:04:32Z,219000809,54.916375,11.364758,8.8,Under way using engine
2026-08-26T11:04:44Z,219002177,54.933557,11.370505,7.1,Under way using engine
2026-08-26T11:05:02Z,219000809,54.916303,11.362698,7.8,Under way using engine
2026-08-26T11:05:08Z,219000811,54.838732,11.491827,0.0,Under way using engine
2026-08-26T11:05:14Z,219002177,54.934440,11.370923,6.4,Under way using engine
2026-08-26T11:05:32Z,219000809,54.916190,11.361137,6.1,Under way using engine
2026-08-26T11:05:40Z,219000811,54.838732,11.491830,0.0,Under way using engine
2026-08-26T11:05:44Z,219002177,54.935140,11.371362,4.9,Under way using engine
2026-08-26T11:06:02Z,219000809,54.915968,11.360465,1.3,Under way using engine
2026-08-26T11:06:14Z,219002177,54.935625,11.371703,3.2,Under way using engine
2026-08-26T11:06:19Z,219000811,54.838728,11.491832,0.0,Under way using engine
2026-08-26T11:06:32Z,219000809,54.916002,11.360465,0.2,Under way using engine
2026-08-26T11:06:44Z,219002177,54.935802,11.371845,0.9,Under way using engine
2026-08-26T11:06:50Z,219000811,54.838728,11.491830,0.0,Under way using engine
2026-08-26T11:07:02Z,219000809,54.916015,11.360300,1.0,Under way using engine
2026-08-26T11:07:14Z,219002177,54.935907,11.371943,0.7,Under way using engine
2026-08-26T11:07:30Z,219000811,54.838728,11.491823,0.0,Under way using engine
2026-08-26T11:07:32Z,219000809,54.916060,11.360113,0.7,Under way using engine
2026-08-26T11:07:44Z,219002177,54.935970,11.372008,0.2,Under way using engine
2026-08-26T11:08:02Z,219000809,54.916053,11.360042,0.0,Under way using engine
2026-08-26T11:08:09Z,219000811,54.838730,11.491817,0.0,Under way using engine
2026-08-26T11:08:15Z,219002177,54.935957,11.372017,0.0,Under way using engine
2026-08-26T11:08:32Z,219000809,54.916050,11.360055,0.0,Under way using engine
2026-08-26T11:08:40Z,219000811,54.838730,11.491817,0.0,Under way using engine
2026-08-26T11:08:45Z,219002177,54.935957,11.372010,0.0,Under way using engine
2026-08-26T11:09:02Z,219000809,54.916043,11.360058,0.0,Under way using engine
2026-08-26T11:09:15Z,219002177,54.935952,11.372000,0.0,Under way using engine
2026-08-26T11:09:19Z,219000811,54.838733,11.491813,0.0,Under way using engine
2026-08-26T11:09:32Z,219000809,54.916052,11.360060,0.0,Under way using engine
2026-08-26T11:09:45Z,219002177,54.935958,11.372005,0.0,Under way using engine
2026-08-26T11:09:50Z,219000811,54.838728,11.491813,0.0,Under way using engine
2026-08-26T11:10:02Z,219000809,54.916077,11.360065,0.0,Under way using engine
2026-08-26T11:10:15Z,219002177,54.935948,11.371990,0.0,Under way using engine
2026-08-26T11:10:29Z,219000811,54.838727,11.491813,0.0,Under way using engine
2026-08-26T11:10:32Z,219000809,54.916078,11.360058,0.0,Under way using engine
2026-08-26T11:10:45Z,219002177,54.935947,11.371992,0.0,Under way using engine
2026-08-26T11:11:02Z,219000809,54.916067,11.360053,0.0,Under way using engine
2026-08-26T11:11:09Z,219000811,54.838725,11.491810,0.0,Under way using engine
2026-08-26T11:11:15Z,219002177,54.935958,11.371985,0.0,Under way using engine
2026-08-26T11:11:39Z,219000811,54.838725,11.491808,0.0,Under way using engine
2026-08-26T11:11:42Z,219000809,54.916045,11.360050,0.0,Under way using engine
2026-08-26T11:11:45Z,219002177,54.935957,11.371978,0.0,Under way using engine
2026-08-26T11:12:09Z,219000811,54.838725,11.491812,0.0,Under way using engine
2026-08-26T11:12:15Z,219002177,54.935957,11.371982,0.0,Under way using engine
2026-08-26T11:12:22Z,219000809,54.916062,11.360053,0.0,Under way using engine
2026-08-26T11:12:39Z,219000811,54.838723,11.491818,0.0,Under way using engine
2026-08-26T11:12:52Z,219000809,54.916070,11.360065,0.0,Under way using engine
2026-08-26T11:12:54Z,219002177,54.935955,11.371980,0.0,Under way using engine
2026-08-26T11:13:09Z,219000811,54.838722,11.491818,0.0,Under way using engine
2026-08-26T11:13:22Z,219000809,54.916068,11.360050,0.0,Under way using engine
2026-08-26T11:13:24Z,219002177,54.935962,11.371982,0.0,Under way using engine
2026-08-26T11:13:39Z,219000811,54.838722,11.491822,0.0,Under way using engine
2026-08-26T11:13:52Z,219000809,54.916058,11.360058,0.0,Under way using engine
2026-08-26T11:13:54Z,219002177,54.935972,11.371973,0.0,Under way using engine
2026-08-26T11:14:09Z,219000811,54.838722,11.491825,0.0,Under way using engine
2026-08-26T11:14:24Z,219002177,54.935967,11.371977,0.0,Under way using engine
2026-08-26T11:14:32Z,219000809,54.916055,11.360063,0.0,Under way using engine
2026-08-26T11:14:39Z,219000811,54.838723,11.491827,0.0,Under way using engine
2026-08-26T11:14:54Z,219002177,54.935957,11.371977,0.0,Under way using engine
2026-08-26T11:15:02Z,219000809,54.916055,11.360062,0.0,Under way using engine
2026-08-26T11:15:09Z,219000811,54.838723,11.491830,0.0,Under way using engine
2026-08-26T11:15:24Z,219002177,54.935963,11.371983,0.0,Under way using engine
2026-08-26T11:15:33Z,219000809,54.916057,11.360075,0.0,Under way using engine
2026-08-26T11:15:39Z,219000811,54.838723,11.491832,0.1,Under way using engine
2026-08-26T11:15:54Z,219002177,54.935967,11.371977,0.0,Under way using engine
2026-08-26T11:16:09Z,219000811,54.838723,11.491830,0.0,Under way using engine
2026-08-26T11:16:11Z,219000809,54.916063,11.360058,0.0,Under way using engine
2026-08-26T11:16:24Z,219002177,54.935965,11.371970,0.1,Under way using engine
2026-08-26T11:16:39Z,219000811,54.838723,11.491833,0.0,Under way using engine
2026-08-26T11:16:42Z,219000809,54.916065,11.360058,0.0,Under way using engine
2026-08-26T11:16:54Z,219002177,54.935803,11.371833,2.1,Under way using engine
2026-08-26T11:17:09Z,219000811,54.838725,11.491835,0.0,Under way using engine
2026-08-26T11:17:13Z,219000809,54.916067,11.360045,0.0,Under way using engine
2026-08-26T11:17:24Z,219002177,54.935375,11.371515,4.1,Under way using engine
2026-08-26T11:17:39Z,219000811,54.838723,11.491835,0.0,Under way using engine
2026-08-26T11:17:53Z,219000809,54.916065,11.360058,0.0,Under way using engine
2026-08-26T11:17:54Z,219002177,54.934727,11.371067,5.2,Under way using engine
2026-08-26T11:18:09Z,219000811,54.838720,11.491835,0.0,Under way using engine
2026-08-26T11:18:24Z,219002177,54.933997,11.371083,5.6,Under way using engine
2026-08-26T11:18:39Z,219000811,54.838722,11.491835,0.0,Under way using engine
2026-08-26T11:18:42Z,219000809,54.916070,11.360068,0.0,Under way using engine
2026-08-26T11:18:54Z,219002177,54.933132,11.371018,6.3,Under way using engine
2026-08-26T11:19:09Z,219000811,54.838722,11.491832,0.0,Under way using engine
2026-08-26T11:19:13Z,219000809,54.916065,11.360067,0.0,Under way using engine
2026-08-26T11:19:24Z,219002177,54.932215,11.370945,6.7,Under way using engine
2026-08-26T11:19:39Z,219000811,54.838720,11.491828,0.0,Under way using engine
2026-08-26T11:19:53Z,219000809,54.916067,11.360050,0.0,Under way using engine
2026-08-26T11:19:54Z,219002177,54.931262,11.370878,6.9,Under way using engine
2026-08-26T11:20:09Z,219000811,54.838720,11.491823,0.0,Under way using engine
2026-08-26T11:20:24Z,219002177,54.930297,11.370817,7.0,Under way using engine
2026-08-26T11:20:33Z,219000809,54.916070,11.360060,0.0,Under way using engine
2026-08-26T11:20:39Z,219000811,54.838722,11.491822,0.0,Under way using engine
2026-08-26T11:20:54Z,219002177,54.929318,11.370748,7.1,Under way using engine
2026-08-26T11:21:03Z,219000809,54.916073,11.360063,0.0,Under way using engine
2026-08-26T11:21:09Z,219000811,54.838723,11.491822,0.0,Under way using engine
2026-08-26T11:21:24Z,219002177,54.928340,11.370770,7.0,Under way using engine
2026-08-26T11:21:33Z,219000809,54.916070,11.360053,0.0,Under way using engine
2026-08-26T11:21:39Z,219000811,54.838723,11.491820,0.0,Under way using engine
2026-08-26T11:21:54Z,219002177,54.927365,11.370872,7.0,Under way using engine
2026-08-26T11:22:03Z,219000809,54.916073,11.360048,0.0,Under way using engine
2026-08-26T11:22:09Z,219000811,54.838722,11.491820,0.0,Under way using engine
2026-08-26T11:22:24Z,219002177,54.926418,11.370970,7.0,Under way using engine
2026-08-26T11:22:33Z,219000809,54.916072,11.360045,0.0,Under way using engine
2026-08-26T11:22:39Z,219000811,54.838722,11.491818,0.0,Under way using engine
2026-08-26T11:22:54Z,219002177,54.925443,11.371073,7.0,Under way using engine
2026-08-26T11:23:03Z,219000809,54.916075,11.360042,0.0,Under way using engine
2026-08-26T11:23:09Z,219000811,54.838722,11.491818,0.0,Under way using engine
2026-08-26T11:23:24Z,219002177,54.924473,11.371165,7.0,Under way using engine
2026-08-26T11:23:33Z,219000809,54.916063,11.360048,0.0,Under way using engine
2026-08-26T11:23:39Z,219000811,54.838718,11.491818,0.0,Under way using engine
2026-08-26T11:23:54Z,219002177,54.923490,11.371270,7.0,Under way using engine
2026-08-26T11:24:03Z,219000809,54.916072,11.360045,0.0,Under way using engine
2026-08-26T11:24:09Z,219000811,54.838718,11.491818,0.0,Under way using engine
2026-08-26T11:24:24Z,219002177,54.922538,11.371385,6.7,Under way using engine
2026-08-26T11:24:33Z,219000809,54.916058,11.360113,0.8,Under way using engine
2026-08-26T11:24:39Z,219000811,54.838720,11.491818,0.0,Under way using engine
2026-08-26T11:24:54Z,219002177,54.921650,11.371490,6.4,Under way using engine
2026-08-26T11:25:03Z,219000809,54.915992,11.360948,4.4,Under way using engine
2026-08-26T11:25:09Z,219000811,54.838720,11.491822,0.0,Under way using engine
2026-08-26T11:25:24Z,219002177,54.920788,11.371602,6.2,Under way using engine
2026-08-26T11:25:33Z,219000809,54.916167,11.362360,6.7,Under way using engine
2026-08-26T11:25:39Z,219000811,54.838720,11.491825,0.0,Under way using engine
2026-08-26T11:25:54Z,219002177,54.919960,11.371713,5.7,Under way using engine
2026-08-26T11:26:06Z,219000809,54.916338,11.364277,7.8,Under way using engine
2026-08-26T11:26:09Z,219000811,54.838718,11.491827,0.0,Under way using engine
2026-08-26T11:26:24Z,219002177,54.919223,11.371820,5.3,Under way using engine
2026-08-26T11:26:39Z,219000811,54.838717,11.491827,0.0,Under way using engine
2026-08-26T11:26:42Z,219000809,54.916435,11.366653,8.0,Under way using engine
2026-08-26T11:26:54Z,219002177,54.918515,11.371743,5.2,Under way using engine
2026-08-26T11:27:09Z,219000811,54.838718,11.491825,0.0,Under way using engine
2026-08-26T11:27:12Z,219000809,54.916095,11.368377,7.5,Under way using engine
2026-08-26T11:27:24Z,219002177,54.917763,11.371308,5.9,Under way using engine
2026-08-26T11:27:40Z,219000811,54.838722,11.491825,0.0,Under way using engine
2026-08-26T11:27:42Z,219000809,54.915562,11.369860,6.9,Under way using engine
2026-08-26T11:27:54Z,219002177,54.917058,11.370465,6.3,Under way using engine
2026-08-26T11:28:12Z,219000809,54.915325,11.371132,5.7,Under way using engine
2026-08-26T11:28:19Z,219000811,54.838723,11.491825,0.0,Under way using engine
2026-08-26T11:28:24Z,219002177,54.916717,11.369072,6.4,Under way using engine
2026-08-26T11:28:43Z,219000809,54.914890,11.372747,7.6,Under way using engine
2026-08-26T11:28:50Z,219000811,54.838723,11.491823,0.0,Under way using engine
2026-08-26T11:28:54Z,219002177,54.916635,11.367473,6.8,Under way using engine
2026-08-26T11:29:23Z,219000809,54.914242,11.375105,8.4,Under way using engine
2026-08-26T11:29:24Z,219002177,54.916552,11.365823,6.9,Under way using engine
2026-08-26T11:29:30Z,219000811,54.838723,11.491823,0.0,Under way using engine
2026-08-26T11:29:54Z,219002177,54.916423,11.364178,7.0,Under way using engine
2026-08-26T11:30:02Z,219000809,54.913550,11.377520,8.6,Under way using engine
2026-08-26T11:30:09Z,219000811,54.838722,11.491828,0.0,Under way using engine
2026-08-26T11:30:24Z,219002177,54.916363,11.362568,6.4,Under way using engine
2026-08-26T11:30:33Z,219000809,54.912967,11.379408,8.6,Under way using engine
2026-08-26T11:30:40Z,219000811,54.838722,11.491830,0.1,Under way using engine
2026-08-26T11:30:54Z,219002177,54.916362,11.361318,4.5,Under way using engine
2026-08-26T11:31:12Z,219000809,54.912223,11.381833,8.7,Under way using engine
2026-08-26T11:31:20Z,219000811,54.838720,11.491830,0.0,Under way using engine
2026-08-26T11:31:24Z,219002177,54.916363,11.360817,1.1,Under way using engine
2026-08-26T11:31:43Z,219000809,54.911633,11.383722,8.7,Under way using engine
2026-08-26T11:31:59Z,219000811,54.838722,11.491830,0.0,Under way using engine
2026-08-26T11:32:05Z,219002177,54.916350,11.360558,0.7,Under way using engine
2026-08-26T11:32:23Z,219000809,54.910860,11.386175,8.6,Under way using engine
2026-08-26T11:32:30Z,219000811,54.838723,11.491830,0.0,Under way using engine
2026-08-26T11:32:35Z,219002177,54.916340,11.360552,0.0,Under way using engine
2026-08-26T11:33:02Z,219000809,54.910118,11.388497,8.6,Under way using engine
2026-08-26T11:33:05Z,219002177,54.916328,11.360582,0.1,Under way using engine
2026-08-26T11:33:10Z,219000811,54.838723,11.491832,0.0,Under way using engine
2026-08-26T11:33:33Z,219000809,54.909517,11.390372,8.6,Under way using engine
2026-08-26T11:33:35Z,219002177,54.916338,11.360563,0.0,Under way using engine
2026-08-26T11:33:40Z,219000811,54.838723,11.491833,0.0,Under way using engine
2026-08-26T11:34:05Z,219002177,54.916337,11.360547,0.0,Under way using engine
2026-08-26T11:34:10Z,219000811,54.838723,11.491833,0.0,Under way using engine
2026-08-26T11:34:12Z,219000809,54.908740,11.392712,8.6,Under way using engine
2026-08-26T11:34:35Z,219002177,54.916337,11.360563,0.0,Under way using engine
2026-08-26T11:34:40Z,219000811,54.838723,11.491832,0.0,Under way using engine
2026-08-26T11:34:42Z,219000809,54.908155,11.394495,8.4,Under way using engine
2026-08-26T11:35:10Z,219000811,54.838725,11.491835,0.0,Under way using engine
2026-08-26T11:35:13Z,219000809,54.907947,11.396560,8.3,Under way using engine
2026-08-26T11:35:14Z,219002177,54.916307,11.360628,0.0,Under way using engine
2026-08-26T11:35:46Z,219000809,54.908363,11.398585,8.4,Under way using engine
2026-08-26T11:35:48Z,219000811,54.838727,11.491838,0.0,Under way using engine
2026-08-26T11:35:53Z,219002177,54.916342,11.360583,0.0,Under way using engine
2026-08-26T11:36:16Z,219000809,54.909050,11.400258,8.5,Under way using engine
2026-08-26T11:36:19Z,219000811,54.838728,11.491840,0.0,Under way using engine
2026-08-26T11:36:23Z,219002177,54.916340,11.360578,0.0,Under way using engine
2026-08-26T11:36:52Z,219000809,54.910003,11.402195,8.6,Under way using engine
2026-08-26T11:36:53Z,219002177,54.916347,11.360573,0.0,Under way using engine
2026-08-26T11:36:59Z,219000811,54.838728,11.491837,0.0,Under way using engine
2026-08-26T11:37:23Z,219000809,54.910758,11.403917,8.6,Under way using engine
2026-08-26T11:37:23Z,219002177,54.916343,11.360582,0.0,Under way using engine
2026-08-26T11:37:29Z,219000811,54.838730,11.491833,0.0,Under way using engine
2026-08-26T11:37:54Z,219002177,54.916357,11.360567,0.0,Under way using engine
2026-08-26T11:37:59Z,219000811,54.838730,11.491833,0.0,Under way using engine
2026-08-26T11:38:02Z,219000809,54.911720,11.406015,8.6,Under way using engine
2026-08-26T11:38:24Z,219002177,54.916347,11.360550,0.0,Under way using engine
2026-08-26T11:38:29Z,219000811,54.838728,11.491832,0.0,Under way using engine
2026-08-26T11:38:33Z,219000809,54.912457,11.407718,8.6,Under way using engine
2026-08-26T11:38:54Z,219002177,54.916343,11.360560,0.0,Under way using engine
2026-08-26T11:39:00Z,219000811,54.838727,11.491830,0.1,Under way using engine
2026-08-26T11:39:13Z,219000809,54.913423,11.409917,8.6,Under way using engine
2026-08-26T11:39:24Z,219002177,54.916342,11.360558,0.0,Under way using engine
2026-08-26T11:39:39Z,219000811,54.838727,11.491828,0.0,Under way using engine
2026-08-26T11:39:43Z,219000809,54.914168,11.411562,8.7,Under way using engine
2026-08-26T11:39:54Z,219002177,54.916338,11.360577,0.0,Under way using engine
2026-08-26T11:40:13Z,219000809,54.914940,11.413170,8.6,Under way using engine
2026-08-26T11:40:20Z,219000811,54.838727,11.491828,0.0,Under way using engine
2026-08-26T11:40:35Z,219002177,54.916340,11.360568,0.0,Under way using engine
2026-08-26T11:40:43Z,219000809,54.915713,11.414767,8.6,Under way using engine
2026-08-26T11:40:50Z,219000811,54.838725,11.491827,0.0,Under way using engine
2026-08-26T11:41:14Z,219002177,54.916342,11.360582,0.0,Under way using engine
2026-08-26T11:41:20Z,219000811,54.838723,11.491830,0.0,Under way using engine
2026-08-26T11:41:23Z,219000809,54.916722,11.416907,8.6,Under way using engine
2026-08-26T11:41:45Z,219002177,54.916342,11.360578,0.0,Under way using engine
2026-08-26T11:41:50Z,219000811,54.838727,11.491833,0.1,Under way using engine
2026-08-26T11:41:53Z,219000809,54.917455,11.418472,8.7,Under way using engine
2026-08-26T11:42:20Z,219000811,54.838730,11.491835,0.0,Under way using engine
2026-08-26T11:42:23Z,219000809,54.918212,11.420092,8.7,Under way using engine
2026-08-26T11:42:24Z,219002177,54.916342,11.360573,0.0,Under way using engine
2026-08-26T11:42:50Z,219000811,54.838732,11.491838,0.0,Under way using engine
2026-08-26T11:42:53Z,219000809,54.918967,11.421710,8.7,Under way using engine
2026-08-26T11:42:54Z,219002177,54.916335,11.360590,0.0,Under way using engine
2026-08-26T11:43:20Z,219000811,54.838733,11.491837,0.1,Under way using engine
2026-08-26T11:43:23Z,219000809,54.919723,11.423333,8.6,Under way using engine
2026-08-26T11:43:24Z,219002177,54.916337,11.360585,0.0,Under way using engine
2026-08-26T11:43:50Z,219000811,54.838732,11.491837,0.1,Under way using engine
2026-08-26T11:43:53Z,219000809,54.920477,11.424958,8.7,Under way using engine
2026-08-26T11:43:54Z,219002177,54.916337,11.360565,0.0,Under way using engine
2026-08-26T11:44:23Z,219000809,54.921232,11.426595,8.7,Under way using engine
2026-08-26T11:44:24Z,219002177,54.916342,11.360562,0.0,Under way using engine
2026-08-26T11:44:29Z,219000811,54.838732,11.491830,0.1,Under way using engine
2026-08-26T11:44:53Z,219000809,54.921985,11.428195,8.6,Under way using engine
2026-08-26T11:44:54Z,219002177,54.916343,11.360562,0.0,Under way using engine
2026-08-26T11:45:00Z,219000811,54.838732,11.491830,0.1,Under way using engine
2026-08-26T11:45:23Z,219000809,54.922728,11.429857,8.7,Under way using engine
2026-08-26T11:45:24Z,219002177,54.916348,11.360557,0.0,Under way using engine
2026-08-26T11:45:40Z,219000811,54.838730,11.491827,0.1,Under way using engine
2026-08-26T11:45:53Z,219000809,54.923463,11.431462,8.4,Under way using engine
2026-08-26T11:45:54Z,219002177,54.916347,11.360557,0.0,Under way using engine
2026-08-26T11:46:10Z,219000811,54.838732,11.491827,0.0,Under way using engine
2026-08-26T11:46:24Z,219002177,54.916347,11.360567,0.0,Under way using engine
2026-08-26T11:46:32Z,219000809,54.924480,11.433598,8.7,Under way using engine
2026-08-26T11:46:49Z,219000811,54.838735,11.491828,0.0,Under way using engine
2026-08-26T11:46:54Z,219002177,54.916343,11.360580,0.0,Under way using engine
2026-08-26T11:47:02Z,219000809,54.925247,11.435202,8.7,Under way using engine
2026-08-26T11:47:19Z,219000811,54.838735,11.491828,0.1,Under way using engine
2026-08-26T11:47:24Z,219002177,54.916337,11.360568,0.0,Under way using engine
2026-08-26T11:47:32Z,219000809,54.926018,11.436803,8.7,Under way using engine
2026-08-26T11:47:49Z,219000811,54.838735,11.491827,0.1,Under way using engine
2026-08-26T11:47:54Z,219002177,54.916342,11.360568,0.0,Under way using engine
2026-08-26T11:48:02Z,219000809,54.926800,11.438415,8.7,Under way using engine
2026-08-26T11:48:19Z,219000811,54.838733,11.491832,0.1,Under way using engine
2026-08-26T11:48:24Z,219002177,54.916348,11.360570,0.0,Under way using engine
2026-08-26T11:48:33Z,219000809,54.927587,11.440088,8.7,Under way using engine
2026-08-26T11:48:50Z,219000811,54.838735,11.491832,0.0,Under way using engine
2026-08-26T11:48:54Z,219002177,54.916348,11.360562,0.0,Under way using engine
2026-08-26T11:49:12Z,219000809,54.928570,11.442185,8.6,Under way using engine
2026-08-26T11:49:24Z,219002177,54.916343,11.360565,0.0,Under way using engine
2026-08-26T11:49:30Z,219000811,54.838733,11.491833,0.1,Under way using engine
2026-08-26T11:49:43Z,219000809,54.929367,11.443858,8.6,Under way using engine
2026-08-26T11:50:05Z,219002177,54.916328,11.360558,0.0,Under way using engine
2026-08-26T11:50:09Z,219000811,54.838732,11.491833,0.1,Under way using engine
2026-08-26T11:50:22Z,219000809,54.930345,11.445903,8.4,Under way using engine
2026-08-26T11:50:35Z,219002177,54.916323,11.360562,0.0,Under way using engine
2026-08-26T11:50:39Z,219000811,54.838730,11.491833,0.1,Under way using engine
2026-08-26T11:50:53Z,219000809,54.931075,11.447600,8.7,Under way using engine
2026-08-26T11:51:05Z,219002177,54.916302,11.360858,2.1,Under way using engine
2026-08-26T11:51:09Z,219000811,54.838728,11.491830,0.0,Under way using engine
2026-08-26T11:51:33Z,219000809,54.932002,11.449868,8.6,Under way using engine
2026-08-26T11:51:35Z,219002177,54.916237,11.361680,3.9,Under way using engine
2026-08-26T11:51:39Z,219000811,54.838725,11.491830,0.1,Under way using engine
2026-08-26T11:52:05Z,219002177,54.916228,11.362768,4.7,Under way using engine
2026-08-26T11:52:09Z,219000811,54.838725,11.491833,0.1,Under way using engine
2026-08-26T11:52:12Z,219000809,54.932798,11.452205,8.7,Under way using engine
2026-08-26T11:52:35Z,219002177,54.916340,11.363988,5.3,Under way using engine
2026-08-26T11:52:39Z,219000811,54.838723,11.491832,0.1,Under way using engine
2026-08-26T11:52:43Z,219000809,54.933418,11.454085,8.7,Under way using engine
2026-08-26T11:53:05Z,219002177,54.916412,11.365305,5.6,Under way using engine
2026-08-26T11:53:09Z,219000811,54.838720,11.491833,0.1,Under way using engine
2026-08-26T11:53:22Z,219000809,54.934175,11.456473,8.7,Under way using engine
2026-08-26T11:53:39Z,219000811,54.838717,11.491830,0.0,Under way using engine
2026-08-26T11:53:44Z,219002177,54.916548,11.367092,5.8,Under way using engine
2026-08-26T11:53:53Z,219000809,54.934787,11.458365,8.7,Under way using engine
2026-08-26T11:54:09Z,219000811,54.838715,11.491833,0.1,Under way using engine
2026-08-26T11:54:15Z,219002177,54.916662,11.368555,5.9,Under way using engine
2026-08-26T11:54:33Z,219000809,54.935575,11.460783,8.6,Under way using engine
2026-08-26T11:54:39Z,219000811,54.838715,11.491833,0.0,Under way using engine
2026-08-26T11:54:54Z,219002177,54.916863,11.370347,5.7,Under way using engine
2026-08-26T11:55:10Z,219000811,54.838713,11.491833,0.1,Under way using engine
2026-08-26T11:55:12Z,219000809,54.936328,11.463120,8.5,Under way using engine
2026-08-26T11:55:24Z,219002177,54.917388,11.371310,5.4,Under way using engine
2026-08-26T11:55:43Z,219000809,54.936917,11.464977,8.5,Under way using engine
2026-08-26T11:55:50Z,219000811,54.838717,11.491837,0.0,Under way using engine
2026-08-26T11:55:54Z,219002177,54.918150,11.371380,5.8,Under way using engine
2026-08-26T11:56:22Z,219000809,54.937682,11.467263,8.3,Under way using engine
2026-08-26T11:56:29Z,219000811,54.838720,11.491835,0.0,Under way using engine
2026-08-26T11:56:44Z,219002177,54.919612,11.371313,6.6,Under way using engine
2026-08-26T11:56:53Z,219000809,54.938263,11.469072,8.3,Under way using engine
2026-08-26T11:56:59Z,219000811,54.838722,11.491833,0.1,Under way using engine
2026-08-26T11:57:23Z,219002177,54.920845,11.371233,7.0,Under way using engine
2026-08-26T11:57:29Z,219000811,54.838720,11.491835,0.0,Under way using engine
2026-08-26T11:57:32Z,219000809,54.938963,11.471277,8.2,Under way using engine
2026-08-26T11:57:54Z,219002177,54.921872,11.371155,7.2,Under way using engine
2026-08-26T11:57:59Z,219000811,54.838722,11.491833,0.1,Under way using engine
2026-08-26T11:58:02Z,219000809,54.939517,11.473090,8.2,Under way using engine
2026-08-26T11:58:29Z,219000811,54.838723,11.491832,0.0,Under way using engine
2026-08-26T11:58:32Z,219000809,54.940048,11.474745,8.1,Under way using engine
2026-08-26T11:58:44Z,219002177,54.923565,11.370988,7.4,Under way using engine
2026-08-26T11:58:59Z,219000811,54.838722,11.491835,0.0,Under way using engine
2026-08-26T11:59:02Z,219000809,54.940745,11.476402,8.3,Under way using engine
2026-08-26T11:59:23Z,219002177,54.924902,11.370822,7.5,Under way using engine
2026-08-26T11:59:29Z,219000811,54.838723,11.491838,0.0,Under way using engine
2026-08-26T11:59:32Z,219000809,54.941525,11.477842,8.5,Under way using engine
2026-08-26T11:59:54Z,219002177,54.925967,11.370687,7.5,Under way using engine
2026-08-26T11:59:59Z,219000811,54.838727,11.491837,0.0,Under way using engine
2026-08-26T12:00:02Z,219000809,54.942345,11.479390,8.4,Under way using engine
2026-08-26T12:00:32Z,219000809,54.943322,11.480177,8.3,Under way using engine
2026-08-26T12:00:38Z,219000811,54.838722,11.491838,0.0,Under way using engine
2026-08-26T12:00:44Z,219002177,54.927690,11.370453,7.5,Under way using engine
2026-08-26T12:01:02Z,219000809,54.944480,11.480783,8.5,Under way using engine
2026-08-26T12:01:10Z,219000811,54.838720,11.491835,0.0,Under way using engine
2026-08-26T12:01:23Z,219002177,54.929050,11.370228,7.5,Under way using engine
2026-08-26T12:01:32Z,219000809,54.945593,11.481350,8.7,Under way using engine
2026-08-26T12:01:49Z,219000811,54.838718,11.491837,0.0,Under way using engine
2026-08-26T12:01:54Z,219002177,54.930125,11.370060,7.6,Under way using engine
2026-08-26T12:02:02Z,219000809,54.946807,11.481983,8.8,Under way using engine
2026-08-26T12:02:19Z,219000811,54.838715,11.491837,0.0,Under way using engine
2026-08-26T12:02:33Z,219000809,54.948018,11.482633,8.8,Under way using engine
2026-08-26T12:02:34Z,219002177,54.931512,11.369860,7.5,Under way using engine
2026-08-26T12:02:50Z,219000811,54.838720,11.491840,0.0,Under way using engine
2026-08-26T12:03:04Z,219002177,54.932527,11.369973,7.3,Under way using engine
2026-08-26T12:03:12Z,219000809,54.949562,11.483357,8.9,Under way using engine
2026-08-26T12:03:30Z,219000811,54.838725,11.491842,0.0,Under way using engine
2026-08-26T12:03:34Z,219002177,54.933493,11.370425,7.1,Under way using engine
2026-08-26T12:03:43Z,219000809,54.950793,11.483930,8.9,Under way using engine
2026-08-26T12:04:00Z,219000811,54.838727,11.491840,0.0,Under way using engine
2026-08-26T12:04:04Z,219002177,54.934323,11.370945,6.1,Under way using engine
2026-08-26T12:04:22Z,219000809,54.952362,11.484658,9.0,Under way using engine
2026-08-26T12:04:30Z,219000811,54.838728,11.491838,0.0,Under way using engine
2026-08-26T12:04:34Z,219002177,54.935017,11.371347,4.8,Under way using engine
2026-08-26T12:04:52Z,219000809,54.953510,11.485215,9.0,Under way using engine
2026-08-26T12:05:00Z,219000811,54.838733,11.491837,0.0,Under way using engine
2026-08-26T12:05:04Z,219002177,54.935540,11.371642,3.4,Under way using engine
2026-08-26T12:05:22Z,219000809,54.954750,11.485810,9.0,Under way using engine
2026-08-26T12:05:39Z,219000811,54.838732,11.491838,0.0,Under way using engine
2026-08-26T12:05:44Z,219002177,54.935740,11.371803,0.6,Under way using engine
2026-08-26T12:05:52Z,219000809,54.955910,11.486322,8.8,Under way using engine
2026-08-26T12:06:10Z,219000811,54.838733,11.491840,0.0,Under way using engine
2026-08-26T12:06:15Z,219002177,54.935808,11.371867,0.5,Under way using engine
2026-08-26T12:06:22Z,219000809,54.957138,11.486855,8.9,Under way using engine
2026-08-26T12:06:50Z,219000811,54.838727,11.491842,0.0,Under way using engine
2026-08-26T12:06:52Z,219000809,54.958310,11.487388,9.0,Under way using engine
2026-08-26T12:06:54Z,219002177,54.935915,11.371988,0.6,Under way using engine
2026-08-26T12:07:22Z,219000809,54.959567,11.487972,9.0,Under way using engine
2026-08-26T12:07:29Z,219000811,54.838727,11.491838,0.0,Under way using engine
2026-08-26T12:07:33Z,219002177,54.935942,11.372005,0.0,Under way using engine
2026-08-26T12:07:52Z,219000809,54.960680,11.488613,8.6,Under way using engine
2026-08-26T12:08:00Z,219000811,54.838725,11.491837,0.0,Under way using engine
2026-08-26T12:08:03Z,219002177,54.935938,11.372002,0.0,Under way using engine
2026-08-26T12:08:22Z,219000809,54.961768,11.489588,8.5,Under way using engine
2026-08-26T12:08:33Z,219002177,54.935943,11.372012,0.0,Under way using engine
2026-08-26T12:08:39Z,219000811,54.838725,11.491833,0.0,Under way using engine
2026-08-26T12:08:52Z,219000809,54.962732,11.490655,8.4,Under way using engine
2026-08-26T12:09:03Z,219002177,54.935945,11.372007,0.0,Under way using engine
2026-08-26T12:09:09Z,219000811,54.838725,11.491835,0.0,Under way using engine
2026-08-26T12:09:22Z,219000809,54.963718,11.491775,8.5,Under way using engine
2026-08-26T12:09:33Z,219002177,54.935942,11.371997,0.0,Under way using engine
2026-08-26T12:09:40Z,219000811,54.838725,11.491835,0.0,Under way using engine
2026-08-26T12:09:52Z,219000809,54.964722,11.492910,8.6,Under way using engine
2026-08-26T12:10:03Z,219002177,54.935947,11.371990,0.0,Under way using engine
2026-08-26T12:10:19Z,219000811,54.838723,11.491838,0.0,Under way using engine
2026-08-26T12:10:22Z,219000809,54.965710,11.494120,8.7,Under way using engine
2026-08-26T12:10:33Z,219002177,54.935940,11.371995,0.0,Under way using engine
2026-08-26T12:10:49Z,219000811,54.838720,11.491838,0.0,Under way using engine
2026-08-26T12:10:52Z,219000809,54.966723,11.495310,8.7,Under way using engine
2026-08-26T12:11:03Z,219002177,54.935942,11.372002,0.0,Under way using engine
2026-08-26T12:11:19Z,219000811,54.838717,11.491838,0.0,Under way using engine
2026-08-26T12:11:22Z,219000809,54.967697,11.496528,8.6,Under way using engine
2026-08-26T12:11:33Z,219002177,54.935945,11.371992,0.0,Under way using engine
2026-08-26T12:11:49Z,219000811,54.838712,11.491837,0.0,Under way using engine
2026-08-26T12:11:52Z,219000809,54.968682,11.497745,8.7,Under way using engine
2026-08-26T12:12:03Z,219002177,54.935948,11.371988,0.0,Under way using engine
2026-08-26T12:12:19Z,219000811,54.838712,11.491833,0.0,Under way using engine
2026-08-26T12:12:22Z,219000809,54.969673,11.498925,8.6,Under way using engine
2026-08-26T12:12:34Z,219002177,54.935948,11.371990,0.0,Under way using engine
2026-08-26T12:12:49Z,219000811,54.838708,11.491835,0.0,Under way using engine
2026-08-26T12:12:52Z,219000809,54.970622,11.500163,8.6,Under way using engine
2026-08-26T12:13:14Z,219002177,54.935940,11.372010,0.0,Under way using engine
2026-08-26T12:13:19Z,219000811,54.838710,11.491832,0.0,Under way using engine
2026-08-26T12:13:23Z,219000809,54.971463,11.501813,8.6,Under way using engine
2026-08-26T12:13:44Z,219002177,54.935927,11.372032,0.0,Under way using engine
2026-08-26T12:13:49Z,219000811,54.838715,11.491832,0.0,Under way using engine
2026-08-26T12:13:56Z,219000809,54.972105,11.503707,8.5,Under way using engine
2026-08-26T12:14:14Z,219002177,54.935922,11.372032,0.0,Under way using engine
2026-08-26T12:14:19Z,219000811,54.838718,11.491833,0.0,Under way using engine
2026-08-26T12:14:29Z,219000809,54.972292,11.505935,8.2,Under way using engine
2026-08-26T12:14:44Z,219002177,54.935928,11.372025,0.0,Under way using engine
2026-08-26T12:14:49Z,219000811,54.838720,11.491833,0.0,Under way using engine
2026-08-26T12:14:59Z,219000809,54.972178,11.507913,8.2,Under way using engine
2026-08-26T12:15:14Z,219002177,54.935933,11.372010,0.0,Under way using engine
2026-08-26T12:15:20Z,219000811,54.838722,11.491832,0.0,Under way using engine
2026-08-26T12:15:33Z,219000809,54.972002,11.510027,7.5,Under way using engine
2026-08-26T12:15:44Z,219002177,54.935937,11.371998,0.1,Under way using engine
2026-08-26T12:15:58Z,219000811,54.838723,11.491832,0.0,Under way using engine
2026-08-26T12:16:13Z,219000809,54.971870,11.512190,6.3,Under way using engine
2026-08-26T12:16:14Z,219002177,54.935888,11.371947,0.6,Under way using engine
2026-08-26T12:16:30Z,219000811,54.838727,11.491828,0.0,Under way using engine
2026-08-26T12:16:43Z,219000809,54.971888,11.513320,4.2,Under way using engine
2026-08-26T12:16:44Z,219002177,54.935643,11.371765,2.6,Under way using engine
2026-08-26T12:17:10Z,219000811,54.838730,11.491828,0.0,Under way using engine
2026-08-26T12:17:13Z,219000809,54.971895,11.514063,2.4,Under way using engine
2026-08-26T12:17:14Z,219002177,54.935307,11.371215,3.7,Under way using engine
2026-08-26T12:17:40Z,219000811,54.838732,11.491825,0.0,Under way using engine
2026-08-26T12:17:43Z,219000809,54.971895,11.514442,1.2,Under way using engine
2026-08-26T12:17:44Z,219002177,54.935298,11.370013,5.5,Under way using engine
2026-08-26T12:18:10Z,219000811,54.838728,11.491825,0.0,Under way using engine
2026-08-26T12:18:13Z,219000809,54.971892,11.514545,0.2,Under way using engine
2026-08-26T12:18:14Z,219002177,54.935315,11.368463,6.6,Under way using engine
2026-08-26T12:18:40Z,219000811,54.838727,11.491823,0.0,Under way using engine
2026-08-26T12:18:43Z,219000809,54.971888,11.514577,0.1,Under way using engine
2026-08-26T12:18:44Z,219002177,54.934815,11.367567,5.2,Under way using engine
2026-08-26T12:19:10Z,219000811,54.838727,11.491825,0.0,Under way using engine
2026-08-26T12:19:13Z,219000809,54.971895,11.514577,0.0,Under way using engine
2026-08-26T12:19:14Z,219002177,54.934060,11.367528,5.5,Under way using engine
2026-08-26T12:19:40Z,219000811,54.838727,11.491827,0.0,Under way using engine
2026-08-26T12:19:43Z,219000809,54.971892,11.514568,0.0,Under way using engine
2026-08-26T12:19:44Z,219002177,54.933262,11.367560,6.1,Under way using engine
2026-08-26T12:20:10Z,219000811,54.838727,11.491827,0.0,Under way using engine
2026-08-26T12:20:13Z,219000809,54.971892,11.514570,0.0,Under way using engine
2026-08-26T12:20:14Z,219002177,54.932390,11.367628,6.4,Under way using engine
2026-08-26T12:20:40Z,219000811,54.838727,11.491827,0.0,Under way using engine
2026-08-26T12:20:43Z,219000809,54.971890,11.514563,0.0,Under way using engine
2026-08-26T12:20:44Z,219002177,54.931527,11.367675,6.6,Under way using engine
2026-08-26T12:21:14Z,219002177,54.930578,11.367687,6.6,Under way using engine
2026-08-26T12:21:20Z,219000811,54.838727,11.491827,0.0,Under way using engine
2026-08-26T12:21:23Z,219000809,54.971902,11.514563,0.0,Under way using engine
2026-08-26T12:21:44Z,219002177,54.929698,11.367745,6.7,Under way using engine
2026-08-26T12:21:53Z,219000809,54.971890,11.514567,0.0,Under way using engine
2026-08-26T12:22:00Z,219000811,54.838725,11.491827,0.0,Under way using engine
2026-08-26T12:22:14Z,219002177,54.928743,11.367835,6.6,Under way using engine
2026-08-26T12:22:32Z,219000809,54.971895,11.514580,0.1,Under way using engine
2026-08-26T12:22:40Z,219000811,54.838723,11.491830,0.0,Under way using engine
2026-08-26T12:22:44Z,219002177,54.927855,11.367915,6.7,Under way using engine
2026-08-26T12:23:03Z,219000809,54.971897,11.514570,0.0,Under way using engine
2026-08-26T12:23:14Z,219002177,54.926895,11.367962,6.6,Under way using engine
2026-08-26T12:23:20Z,219000811,54.838722,11.491833,0.0,Under way using engine
2026-08-26T12:23:43Z,219000809,54.971882,11.514570,0.0,Under way using engine
2026-08-26T12:23:44Z,219002177,54.926022,11.368025,6.6,Under way using engine
2026-08-26T12:24:00Z,219000811,54.838720,11.491828,0.0,Under way using engine
2026-08-26T12:24:15Z,219002177,54.925090,11.368098,6.5,Under way using engine
2026-08-26T12:24:23Z,219000809,54.971877,11.514580,0.0,Under way using engine
2026-08-26T12:24:49Z,219000811,54.838718,11.491820,0.0,Under way using engine
2026-08-26T12:24:54Z,219002177,54.923890,11.368208,6.3,Under way using engine
2026-08-26T12:25:03Z,219000809,54.971895,11.514583,0.0,Under way using engine
2026-08-26T12:25:20Z,219000811,54.838717,11.491817,0.0,Under way using engine
2026-08-26T12:25:25Z,219002177,54.923013,11.368283,6.1,Under way using engine
2026-08-26T12:25:42Z,219000809,54.971898,11.514585,0.1,Under way using engine
2026-08-26T12:26:00Z,219000811,54.838717,11.491817,0.0,Under way using engine
2026-08-26T12:26:05Z,219002177,54.921903,11.368413,6.0,Under way using engine
2026-08-26T12:26:12Z,219000809,54.971898,11.514590,0.0,Under way using engine
2026-08-26T12:26:39Z,219000811,54.838718,11.491817,0.0,Under way using engine
2026-08-26T12:26:42Z,219000809,54.971895,11.514577,0.0,Under way using engine
2026-08-26T12:26:43Z,219002177,54.920868,11.368568,5.9,Under way using engine
2026-08-26T12:27:10Z,219000811,54.838720,11.491813,0.0,Under way using engine
2026-08-26T12:27:12Z,219000809,54.971890,11.514572,0.0,Under way using engine
2026-08-26T12:27:15Z,219002177,54.920005,11.368667,6.0,Under way using engine
2026-08-26T12:27:42Z,219000809,54.971887,11.514578,0.0,Under way using engine
2026-08-26T12:27:48Z,219000811,54.838718,11.491812,0.0,Under way using engine
2026-08-26T12:27:54Z,219002177,54.918898,11.368817,6.1,Under way using engine
2026-08-26T12:28:13Z,219000809,54.971883,11.514570,0.0,Under way using engine
2026-08-26T12:28:20Z,219000811,54.838718,11.491813,0.0,Under way using engine
2026-08-26T12:28:25Z,219002177,54.918035,11.368923,6.1,Under way using engine
2026-08-26T12:28:51Z,219000809,54.971885,11.514047,3.0,Under way using engine
2026-08-26T12:29:00Z,219000811,54.838717,11.491813,0.0,Under way using engine
2026-08-26T12:29:05Z,219002177,54.916997,11.368562,5.5,Under way using engine
2026-08-26T12:29:22Z,219000809,54.971887,11.513235,3.3,Under way using engine
2026-08-26T12:29:39Z,219000811,54.838717,11.491812,0.0,Under way using engine
2026-08-26T12:29:43Z,219002177,54.916670,11.366955,5.8,Under way using engine
2026-08-26T12:29:56Z,219000809,54.971773,11.512663,1.6,Under way using engine
2026-08-26T12:30:10Z,219000811,54.838718,11.491808,0.0,Under way using engine
2026-08-26T12:30:15Z,219002177,54.916520,11.365453,6.3,Under way using engine
2026-08-26T12:30:29Z,219000809,54.971885,11.511910,4.2,Under way using engine
2026-08-26T12:30:48Z,219000811,54.838720,11.491808,0.0,Under way using engine
2026-08-26T12:30:54Z,219002177,54.916318,11.363415,6.3,Under way using engine
2026-08-26T12:30:59Z,219000809,54.971965,11.510308,7.5,Under way using engine
2026-08-26T12:31:20Z,219000811,54.838720,11.491808,0.0,Under way using engine
2026-08-26T12:31:24Z,219002177,54.916338,11.361993,5.5,Under way using engine
2026-08-26T12:31:33Z,219000809,54.972170,11.508067,8.5,Under way using engine
2026-08-26T12:31:55Z,219002177,54.916342,11.361027,3.1,Under way using engine
2026-08-26T12:32:00Z,219000811,54.838722,11.491807,0.0,Under way using engine
2026-08-26T12:32:06Z,219000809,54.972242,11.505848,8.5,Under way using engine
2026-08-26T12:32:34Z,219002177,54.916342,11.360605,0.7,Under way using engine
2026-08-26T12:32:39Z,219000809,54.971650,11.503838,8.8,Under way using engine
2026-08-26T12:32:40Z,219000811,54.838725,11.491808,0.0,Under way using engine
2026-08-26T12:33:05Z,219002177,54.916350,11.360523,0.1,Under way using engine
2026-08-26T12:33:09Z,219000809,54.970735,11.502353,9.0,Under way using engine
2026-08-26T12:33:20Z,219000811,54.838727,11.491808,0.0,Under way using engine
2026-08-26T12:33:43Z,219000809,54.969678,11.500700,9.1,Under way using engine
2026-08-26T12:33:44Z,219002177,54.916352,11.360537,0.0,Under way using engine
2026-08-26T12:34:00Z,219000811,54.838725,11.491808,0.0,Under way using engine
2026-08-26T12:34:13Z,219000809,54.968757,11.499223,9.1,Under way using engine
2026-08-26T12:34:15Z,219002177,54.916350,11.360542,0.0,Under way using engine
2026-08-26T12:34:40Z,219000811,54.838725,11.491808,0.0,Under way using engine
2026-08-26T12:34:43Z,219000809,54.967840,11.497740,9.1,Under way using engine
2026-08-26T12:34:55Z,219002177,54.916338,11.360532,0.0,Under way using engine
2026-08-26T12:35:13Z,219000809,54.966898,11.496305,9.0,Under way using engine
2026-08-26T12:35:20Z,219000811,54.838728,11.491810,0.0,Under way using engine
2026-08-26T12:35:34Z,219002177,54.916330,11.360540,0.0,Under way using engine
2026-08-26T12:35:43Z,219000809,54.965943,11.494848,9.2,Under way using engine
2026-08-26T12:36:00Z,219000811,54.838728,11.491812,0.0,Under way using engine
2026-08-26T12:36:05Z,219002177,54.916328,11.360550,0.0,Under way using engine
2026-08-26T12:36:13Z,219000809,54.964992,11.493452,9.0,Under way using engine
2026-08-26T12:36:39Z,219000811,54.838725,11.491813,0.0,Under way using engine
2026-08-26T12:36:44Z,219002177,54.916330,11.360527,0.0,Under way using engine
2026-08-26T12:36:52Z,219000809,54.963762,11.491597,9.2,Under way using engine
2026-08-26T12:37:09Z,219000811,54.838720,11.491812,0.0,Under way using engine
2026-08-26T12:37:15Z,219002177,54.916328,11.360523,0.0,Under way using engine
2026-08-26T12:37:23Z,219000809,54.962790,11.490197,9.1,Under way using engine
2026-08-26T12:37:39Z,219000811,54.838720,11.491812,0.0,Under way using engine
2026-08-26T12:37:54Z,219002177,54.916328,11.360528,0.0,Under way using engine
2026-08-26T12:37:56Z,219000809,54.961548,11.489010,9.1,Under way using engine
2026-08-26T12:38:09Z,219000811,54.838720,11.491810,0.0,Under way using engine
2026-08-26T12:38:24Z,219002177,54.916353,11.360563,0.0,Under way using engine
2026-08-26T12:38:26Z,219000809,54.960382,11.488382,9.0,Under way using engine
2026-08-26T12:38:39Z,219000811,54.838720,11.491810,0.0,Under way using engine
2026-08-26T12:38:54Z,219002177,54.916340,11.360540,0.0,Under way using engine
2026-08-26T12:39:03Z,219000809,54.958865,11.487707,9.0,Under way using engine
2026-08-26T12:39:09Z,219000811,54.838722,11.491807,0.0,Under way using engine
2026-08-26T12:39:24Z,219002177,54.916347,11.360512,0.0,Under way using engine
2026-08-26T12:39:33Z,219000809,54.957723,11.487193,8.8,Under way using engine
2026-08-26T12:39:40Z,219000811,54.838722,11.491807,0.0,Under way using engine
2026-08-26T12:39:55Z,219002177,54.916355,11.360505,0.0,Under way using engine
2026-08-26T12:40:11Z,219000809,54.956193,11.486543,8.7,Under way using engine
2026-08-26T12:40:19Z,219000811,54.838723,11.491808,0.0,Under way using engine
2026-08-26T12:40:33Z,219002177,54.916345,11.360550,0.0,Under way using engine
2026-08-26T12:40:42Z,219000809,54.954975,11.486007,8.9,Under way using engine
2026-08-26T12:41:00Z,219000811,54.838720,11.491808,0.0,Under way using engine
2026-08-26T12:41:05Z,219002177,54.916338,11.360522,0.0,Under way using engine
2026-08-26T12:41:23Z,219000809,54.953370,11.485327,9.0,Under way using engine
2026-08-26T12:41:40Z,219000811,54.838722,11.491810,0.0,Under way using engine
2026-08-26T12:41:45Z,219002177,54.916338,11.360542,0.0,Under way using engine
2026-08-26T12:42:02Z,219000809,54.951778,11.484620,9.0,Under way using engine
2026-08-26T12:42:19Z,219000811,54.838722,11.491812,0.0,Under way using engine
2026-08-26T12:42:24Z,219002177,54.916353,11.360542,0.0,Under way using engine
2026-08-26T12:42:33Z,219000809,54.950582,11.484098,9.0,Under way using engine
2026-08-26T12:42:55Z,219002177,54.916358,11.360528,0.0,Under way using engine
2026-08-26T12:43:00Z,219000811,54.838722,11.491812,0.0,Under way using engine
2026-08-26T12:43:11Z,219000809,54.949022,11.483465,8.9,Under way using engine
2026-08-26T12:43:30Z,219000811,54.838722,11.491810,0.0,Under way using engine
2026-08-26T12:43:34Z,219002177,54.916360,11.360525,0.0,Under way using engine
2026-08-26T12:43:42Z,219000809,54.947797,11.482953,8.8,Under way using engine
2026-08-26T12:44:00Z,219000811,54.838723,11.491808,0.0,Under way using engine
2026-08-26T12:44:04Z,219002177,54.916358,11.360538,0.1,Under way using engine
2026-08-26T12:44:13Z,219000809,54.946603,11.482492,8.8,Under way using engine
2026-08-26T12:44:30Z,219000811,54.838723,11.491805,0.0,Under way using engine
2026-08-26T12:44:34Z,219002177,54.916352,11.360528,0.0,Under way using engine
2026-08-26T12:44:52Z,219000809,54.945028,11.481868,8.8,Under way using engine
2026-08-26T12:45:00Z,219000811,54.838722,11.491810,0.0,Under way using engine
2026-08-26T12:45:04Z,219002177,54.916347,11.360557,0.0,Under way using engine
2026-08-26T12:45:22Z,219000809,54.943850,11.481430,8.8,Under way using engine
2026-08-26T12:45:30Z,219000811,54.838725,11.491813,0.0,Under way using engine
2026-08-26T12:45:34Z,219002177,54.916333,11.360555,0.0,Under way using engine
2026-08-26T12:45:52Z,219000809,54.942780,11.480587,8.5,Under way using engine
2026-08-26T12:46:04Z,219002177,54.916350,11.360545,0.0,Under way using engine
2026-08-26T12:46:09Z,219000811,54.838728,11.491810,0.0,Under way using engine
2026-08-26T12:46:22Z,219000809,54.941858,11.479248,8.7,Under way using engine
2026-08-26T12:46:34Z,219002177,54.916360,11.360542,0.0,Under way using engine
2026-08-26T12:46:39Z,219000811,54.838730,11.491807,0.0,Under way using engine
2026-08-26T12:46:52Z,219000809,54.940978,11.477822,8.8,Under way using engine
2026-08-26T12:47:04Z,219002177,54.916357,11.360543,0.0,Under way using engine
2026-08-26T12:47:09Z,219000811,54.838733,11.491805,0.0,Under way using engine
2026-08-26T12:47:22Z,219000809,54.940118,11.476353,8.7,Under way using engine
2026-08-26T12:47:34Z,219002177,54.916368,11.360530,0.0,Under way using engine
2026-08-26T12:47:39Z,219000811,54.838732,11.491808,0.0,Under way using engine
2026-08-26T12:47:53Z,219000809,54.939377,11.474632,8.8,Under way using engine
2026-08-26T12:48:04Z,219002177,54.916362,11.360548,0.0,Under way using engine
2026-08-26T12:48:09Z,219000811,54.838730,11.491810,0.0,Under way using engine
2026-08-26T12:48:26Z,219000809,54.938787,11.472550,8.9,Under way using engine
2026-08-26T12:48:39Z,219000811,54.838727,11.491808,0.0,Under way using engine
2026-08-26T12:48:44Z,219002177,54.916365,11.360552,0.0,Under way using engine
2026-08-26T12:49:03Z,219000809,54.938143,11.470192,9.0,Under way using engine
2026-08-26T12:49:09Z,219000811,54.838728,11.491808,0.0,Under way using engine
2026-08-26T12:49:14Z,219002177,54.916347,11.360552,0.0,Under way using engine
2026-08-26T12:49:39Z,219000811,54.838728,11.491808,0.0,Under way using engine
2026-08-26T12:49:42Z,219000809,54.937415,11.467578,9.1,Under way using engine
2026-08-26T12:49:44Z,219002177,54.916358,11.360552,0.0,Under way using engine
2026-08-26T12:50:09Z,219000811,54.838725,11.491813,0.0,Under way using engine
2026-08-26T12:50:13Z,219000809,54.936867,11.465577,9.2,Under way using engine
2026-08-26T12:50:14Z,219002177,54.916367,11.360538,0.0,Under way using engine
2026-08-26T12:50:39Z,219000811,54.838723,11.491817,0.0,Under way using engine
2026-08-26T12:50:44Z,219002177,54.916343,11.360543,0.0,Under way using engine
2026-08-26T12:50:53Z,219000809,54.936102,11.462872,9.2,Under way using engine
2026-08-26T12:51:09Z,219000811,54.838725,11.491817,0.0,Under way using engine
2026-08-26T12:51:14Z,219002177,54.916347,11.360643,0.9,Under way using engine
2026-08-26T12:51:32Z,219000809,54.935398,11.460283,9.2,Under way using engine
2026-08-26T12:51:39Z,219000811,54.838723,11.491817,0.0,Under way using engine
2026-08-26T12:51:45Z,219002177,54.916295,11.361225,3.1,Under way using engine
2026-08-26T12:52:03Z,219000809,54.934895,11.458237,9.2,Under way using engine
2026-08-26T12:52:09Z,219000811,54.838725,11.491817,0.0,Under way using engine
2026-08-26T12:52:23Z,219002177,54.916257,11.362423,4.3,Under way using engine
2026-08-26T12:52:40Z,219000811,54.838725,11.491817,0.0,Under way using engine
2026-08-26T12:52:42Z,219000809,54.934138,11.455590,9.1,Under way using engine
2026-08-26T12:52:54Z,219002177,54.916377,11.363573,4.9,Under way using engine
2026-08-26T12:53:12Z,219000809,54.933380,11.453823,9.2,Under way using engine
2026-08-26T12:53:19Z,219000811,54.838730,11.491820,0.0,Under way using engine
2026-08-26T12:53:42Z,219000809,54.932598,11.452112,9.1,Under way using engine
2026-08-26T12:53:45Z,219002177,54.916533,11.365692,5.4,Under way using engine
2026-08-26T12:53:49Z,219000811,54.838730,11.491818,0.0,Under way using engine
2026-08-26T12:54:12Z,219000809,54.931802,11.450433,9.1,Under way using engine
2026-08-26T12:54:15Z,219002177,54.916678,11.366983,5.5,Under way using engine
2026-08-26T12:54:19Z,219000811,54.838730,11.491818,0.0,Under way using engine
2026-08-26T12:54:45Z,219002177,54.916763,11.368310,5.6,Under way using engine
2026-08-26T12:54:52Z,219000809,54.930777,11.448105,9.1,Under way using engine
2026-08-26T12:54:59Z,219000811,54.838727,11.491825,0.0,Under way using engine
2026-08-26T12:55:15Z,219002177,54.916898,11.369638,5.7,Under way using engine
2026-08-26T12:55:22Z,219000809,54.930015,11.446360,8.9,Under way using engine
2026-08-26T12:55:30Z,219000811,54.838725,11.491825,0.0,Under way using engine
2026-08-26T12:55:45Z,219002177,54.917137,11.370882,5.1,Under way using engine
2026-08-26T12:55:52Z,219000809,54.929292,11.444633,9.0,Under way using engine
2026-08-26T12:56:09Z,219000811,54.838723,11.491827,0.0,Under way using engine
2026-08-26T12:56:15Z,219002177,54.917725,11.371210,4.8,Under way using engine
2026-08-26T12:56:22Z,219000809,54.928543,11.442830,9.2,Under way using engine
2026-08-26T12:56:40Z,219000811,54.838723,11.491827,0.0,Under way using engine
2026-08-26T12:56:45Z,219002177,54.918492,11.371045,5.8,Under way using engine
2026-08-26T12:56:52Z,219000809,54.927815,11.441042,9.1,Under way using engine
2026-08-26T12:57:15Z,219002177,54.919313,11.370942,6.3,Under way using engine
2026-08-26T12:57:20Z,219000811,54.838727,11.491823,0.0,Under way using engine
2026-08-26T12:57:22Z,219000809,54.927012,11.439315,9.2,Under way using engine
2026-08-26T12:57:45Z,219002177,54.920252,11.370795,6.7,Under way using engine
2026-08-26T12:57:52Z,219000809,54.926238,11.437578,9.2,Under way using engine
2026-08-26T12:57:58Z,219000811,54.838728,11.491822,0.0,Under way using engine
2026-08-26T12:58:15Z,219002177,54.921205,11.370653,7.0,Under way using engine
2026-08-26T12:58:22Z,219000809,54.925433,11.435842,9.2,Under way using engine
2026-08-26T12:58:30Z,219000811,54.838730,11.491820,0.0,Under way using engine
2026-08-26T12:58:45Z,219002177,54.922240,11.370455,7.2,Under way using engine
2026-08-26T12:58:53Z,219000809,54.924615,11.434093,9.2,Under way using engine
2026-08-26T12:59:09Z,219000811,54.838727,11.491817,0.0,Under way using engine
2026-08-26T12:59:23Z,219002177,54.923477,11.370190,7.4,Under way using engine
2026-08-26T12:59:32Z,219000809,54.923595,11.431843,9.2,Under way using engine
2026-08-26T12:59:39Z,219000811,54.838728,11.491815,0.0,Under way using engine
2026-08-26T12:59:54Z,219002177,54.924510,11.369948,7.5,Under way using engine
2026-08-26T13:00:02Z,219000809,54.922852,11.430193,9.0,Under way using engine
2026-08-26T13:00:09Z,219000811,54.838728,11.491817,0.1,Under way using engine
2026-08-26T13:00:32Z,219000809,54.922040,11.428352,9.3,Under way using engine
2026-08-26T13:00:34Z,219002177,54.925932,11.369635,7.6,Under way using engine
2026-08-26T13:00:39Z,219000811,54.838730,11.491815,0.0,Under way using engine
2026-08-26T13:01:02Z,219000809,54.921305,11.426657,9.2,Under way using engine
2026-08-26T13:01:05Z,219002177,54.926990,11.369403,7.6,Under way using engine
2026-08-26T13:01:09Z,219000811,54.838732,11.491813,0.0,Under way using engine
2026-08-26T13:01:32Z,219000809,54.920485,11.424857,9.2,Under way using engine
2026-08-26T13:01:39Z,219000811,54.838733,11.491817,0.1,Under way using engine
2026-08-26T13:01:45Z,219002177,54.928398,11.369218,7.6,Under way using engine
2026-08-26T13:02:02Z,219000809,54.919742,11.423185,9.0,Under way using engine
2026-08-26T13:02:09Z,219000811,54.838733,11.491822,0.0,Under way using engine
2026-08-26T13:02:25Z,219002177,54.929753,11.369037,7.6,Under way using engine
2026-08-26T13:02:32Z,219000809,54.918962,11.421373,9.2,Under way using engine
2026-08-26T13:02:39Z,219000811,54.838733,11.491822,0.0,Under way using engine
2026-08-26T13:02:59Z,219002177,54.930780,11.368928,7.5,Under way using engine
2026-08-26T13:03:02Z,219000809,54.918205,11.419680,9.1,Under way using engine
2026-08-26T13:03:09Z,219000811,54.838728,11.491823,0.0,Under way using engine
2026-08-26T13:03:32Z,219000809,54.917400,11.417868,9.3,Under way using engine
2026-08-26T13:03:34Z,219002177,54.932168,11.368757,7.5,Under way using engine
2026-08-26T13:03:39Z,219000811,54.838730,11.491822,0.0,Under way using engine
2026-08-26T13:04:02Z,219000809,54.916627,11.416183,9.2,Under way using engine
2026-08-26T13:04:05Z,219002177,54.933107,11.369202,6.6,Under way using engine
2026-08-26T13:04:09Z,219000811,54.838730,11.491823,0.1,Under way using engine
2026-08-26T13:04:32Z,219000809,54.915798,11.414408,9.2,Under way using engine
2026-08-26T13:04:39Z,219000811,54.838730,11.491820,0.0,Under way using engine
2026-08-26T13:04:45Z,219002177,54.934057,11.370178,6.4,Under way using engine
2026-08-26T13:05:02Z,219000809,54.915078,11.412678,9.2,Under way using engine
2026-08-26T13:05:10Z,219000811,54.838730,11.491820,0.0,Under way using engine
2026-08-26T13:05:24Z,219002177,54.934997,11.371115,5.1,Under way using engine
2026-08-26T13:05:32Z,219000809,54.914272,11.410863,9.2,Under way using engine
2026-08-26T13:05:49Z,219000811,54.838728,11.491822,0.0,Under way using engine
2026-08-26T13:05:54Z,219002177,54.935490,11.371550,3.6,Under way using engine
2026-08-26T13:06:02Z,219000809,54.913545,11.409152,9.2,Under way using engine
2026-08-26T13:06:20Z,219000811,54.838725,11.491822,0.0,Under way using engine
2026-08-26T13:06:24Z,219002177,54.935823,11.371813,1.9,Under way using engine
2026-08-26T13:06:32Z,219000809,54.912757,11.407327,9.3,Under way using engine
2026-08-26T13:06:50Z,219000811,54.838725,11.491822,0.0,Under way using engine
2026-08-26T13:06:54Z,219002177,54.935940,11.371948,0.5,Under way using engine
2026-08-26T13:07:03Z,219000809,54.912007,11.405558,9.3,Under way using engine
2026-08-26T13:07:20Z,219000811,54.838727,11.491825,0.0,Under way using engine
2026-08-26T13:07:24Z,219002177,54.935980,11.371972,0.0,Under way using engine
2026-08-26T13:07:33Z,219000809,54.911202,11.403698,9.3,Under way using engine
2026-08-26T13:07:50Z,219000811,54.838728,11.491825,0.0,Under way using engine
2026-08-26T13:07:54Z,219002177,54.935995,11.371973,0.0,Under way using engine
2026-08-26T13:08:03Z,219000809,54.910470,11.401925,9.5,Under way using engine
2026-08-26T13:08:24Z,219002177,54.935953,11.371948,0.0,Under way using engine
2026-08-26T13:08:30Z,219000811,54.838730,11.491830,0.0,Under way using engine
2026-08-26T13:08:33Z,219000809,54.909663,11.400060,9.4,Under way using engine
2026-08-26T13:08:54Z,219002177,54.935955,11.371963,0.0,Under way using engine
2026-08-26T13:09:00Z,219000811,54.838730,11.491830,0.1,Under way using engine
2026-08-26T13:09:03Z,219000809,54.908922,11.398290,9.4,Under way using engine
2026-08-26T13:09:24Z,219002177,54.935997,11.371963,0.0,Under way using engine
2026-08-26T13:09:30Z,219000811,54.838732,11.491832,0.0,Under way using engine
2026-08-26T13:09:33Z,219000809,54.908332,11.396317,9.3,Under way using engine
2026-08-26T13:09:54Z,219002177,54.935965,11.371953,0.0,Under way using engine
2026-08-26T13:10:00Z,219000811,54.838732,11.491832,0.0,Under way using engine
2026-08-26T13:10:03Z,219000809,54.907952,11.394177,9.5,Under way using engine
2026-08-26T13:10:25Z,219002177,54.935985,11.371968,0.0,Under way using engine
2026-08-26T13:10:30Z,219000811,54.838735,11.491833,0.0,Under way using engine
2026-08-26T13:10:33Z,219000809,54.908233,11.391990,9.1,Under way using engine
2026-08-26T13:11:00Z,219000811,54.838738,11.491832,0.0,Under way using engine
2026-08-26T13:11:03Z,219000809,54.908912,11.390215,9.5,Under way using engine
2026-08-26T13:11:04Z,219002177,54.935960,11.371962,0.0,Under way using engine
2026-08-26T13:11:30Z,219000811,54.838740,11.491830,0.0,Under way using engine
2026-08-26T13:11:33Z,219000809,54.909743,11.388257,9.7,Under way using engine
2026-08-26T13:11:34Z,219002177,54.935970,11.371967,0.0,Under way using engine
2026-08-26T13:12:00Z,219000811,54.838743,11.491830,0.0,Under way using engine
2026-08-26T13:12:03Z,219000809,54.910543,11.386488,9.7,Under way using engine
2026-08-26T13:12:04Z,219002177,54.935973,11.371972,0.0,Under way using engine
2026-08-26T13:12:30Z,219000811,54.838743,11.491832,0.0,Under way using engine
2026-08-26T13:12:33Z,219000809,54.911423,11.384615,9.6,Under way using engine
2026-08-26T13:12:34Z,219002177,54.935962,11.371980,0.0,Under way using engine
2026-08-26T13:13:00Z,219000811,54.838743,11.491832,0.0,Under way using engine
2026-08-26T13:13:03Z,219000809,54.912240,11.382895,9.6,Under way using engine
2026-08-26T13:13:04Z,219002177,54.935968,11.371972,0.0,Under way using engine
2026-08-26T13:13:30Z,219000811,54.838743,11.491833,0.0,Under way using engine
2026-08-26T13:13:33Z,219000809,54.913108,11.381048,9.6,Under way using engine
2026-08-26T13:13:34Z,219002177,54.935963,11.371972,0.0,Under way using engine
2026-08-26T13:14:03Z,219000809,54.913925,11.379330,9.6,Under way using engine
2026-08-26T13:14:04Z,219002177,54.935947,11.371973,0.0,Under way using engine
2026-08-26T13:14:09Z,219000811,54.838740,11.491832,0.0,Under way using engine
2026-08-26T13:14:33Z,219000809,54.914798,11.377508,9.5,Under way using engine
2026-08-26T13:14:35Z,219002177,54.935957,11.371967,0.0,Under way using engine
2026-08-26T13:14:39Z,219000811,54.838737,11.491828,0.0,Under way using engine
2026-08-26T13:15:03Z,219000809,54.915607,11.375802,9.5,Under way using engine
2026-08-26T13:15:09Z,219000811,54.838735,11.491827,0.0,Under way using engine
2026-08-26T13:15:15Z,219002177,54.935950,11.371978,0.0,Under way using engine
2026-08-26T13:15:35Z,219000809,54.916258,11.373863,9.3,Under way using engine
2026-08-26T13:15:39Z,219000811,54.838735,11.491827,0.0,Under way using engine
2026-08-26T13:15:54Z,219002177,54.935925,11.371963,0.5,Under way using engine
2026-08-26T13:16:09Z,219000809,54.916777,11.371297,9.1,Under way using engine
2026-08-26T13:16:09Z,219000811,54.838737,11.491828,0.0,Under way using engine
2026-08-26T13:16:35Z,219002177,54.935498,11.371582,3.7,Under way using engine
2026-08-26T13:16:39Z,219000809,54.916748,11.369175,9.1,Under way using engine
2026-08-26T13:16:40Z,219000811,54.838737,11.491828,0.0,Under way using engine
2026-08-26T13:17:09Z,219000809,54.916600,11.367028,9.0,Under way using engine
2026-08-26T13:17:15Z,219002177,54.934772,11.370693,5.2,Under way using engine
2026-08-26T13:17:20Z,219000811,54.838735,11.491827,0.0,Under way using engine
2026-08-26T13:17:43Z,219000809,54.916458,11.364752,7.6,Under way using engine
2026-08-26T13:17:50Z,219000811,54.838735,11.491825,0.0,Under way using engine
2026-08-26T13:17:54Z,219002177,54.933770,11.370380,5.8,Under way using engine
2026-08-26T13:18:20Z,219000811,54.838737,11.491823,0.0,Under way using engine
2026-08-26T13:18:22Z,219000809,54.916260,11.362665,6.5,Under way using engine
2026-08-26T13:18:35Z,219002177,54.932593,11.370415,6.3,Under way using engine
2026-08-26T13:18:53Z,219000809,54.916130,11.361227,5.2,Under way using engine
2026-08-26T13:18:59Z,219000811,54.838738,11.491825,0.0,Under way using engine
2026-08-26T13:19:13Z,219002177,54.931438,11.370407,6.6,Under way using engine
2026-08-26T13:19:26Z,219000809,54.915952,11.360788,0.6,Under way using engine
2026-08-26T13:19:40Z,219000811,54.838738,11.491828,0.0,Under way using engine
2026-08-26T13:19:44Z,219002177,54.930502,11.370423,6.6,Under way using engine
2026-08-26T13:19:56Z,219000809,54.915988,11.360742,0.6,Under way using engine
2026-08-26T13:20:20Z,219000811,54.838742,11.491828,0.0,Under way using engine
2026-08-26T13:20:24Z,219002177,54.929270,11.370442,6.6,Under way using engine
2026-08-26T13:20:26Z,219000809,54.916022,11.360420,1.5,Under way using engine
2026-08-26T13:20:54Z,219002177,54.928377,11.370455,6.6,Under way using engine
2026-08-26T13:21:00Z,219000811,54.838742,11.491827,0.0,Under way using engine
2026-08-26T13:21:02Z,219000809,54.916037,11.360155,0.6,Under way using engine
2026-08-26T13:21:24Z,219002177,54.927435,11.370473,6.6,Under way using engine
2026-08-26T13:21:32Z,219000809,54.916058,11.360052,0.3,Under way using engine
2026-08-26T13:21:40Z,219000811,54.838738,11.491825,0.0,Under way using engine
2026-08-26T13:21:54Z,219002177,54.926547,11.370510,6.6,Under way using engine
2026-08-26T13:22:02Z,219000809,54.916062,11.360035,0.0,Under way using engine
2026-08-26T13:22:10Z,219000811,54.838738,11.491825,0.0,Under way using engine
2026-08-26T13:22:32Z,219000809,54.916067,11.360037,0.0,Under way using engine
2026-08-26T13:22:34Z,219002177,54.925315,11.370558,6.6,Under way using engine
2026-08-26T13:22:40Z,219000811,54.838738,11.491825,0.0,Under way using engine
2026-08-26T13:23:02Z,219000809,54.916065,11.360032,0.0,Under way using engine
2026-08-26T13:23:10Z,219000811,54.838738,11.491827,0.0,Under way using engine
2026-08-26T13:23:14Z,219002177,54.924098,11.370593,6.5,Under way using engine
2026-08-26T13:23:33Z,219000809,54.916062,11.360027,0.0,Under way using engine
2026-08-26T13:23:40Z,219000811,54.838738,11.491828,0.0,Under way using engine
2026-08-26T13:23:44Z,219002177,54.923205,11.370615,6.4,Under way using engine
2026-08-26T13:24:10Z,219000811,54.838740,11.491828,0.0,Under way using engine
2026-08-26T13:24:12Z,219000809,54.916075,11.360037,0.0,Under way using engine
2026-08-26T13:24:14Z,219002177,54.922328,11.370663,6.4,Under way using engine
2026-08-26T13:24:40Z,219000811,54.838743,11.491828,0.0,Under way using engine
2026-08-26T13:24:42Z,219000809,54.916067,11.360033,0.0,Under way using engine
2026-08-26T13:24:44Z,219002177,54.921457,11.370722,6.3,Under way using engine
2026-08-26T13:25:10Z,219000811,54.838745,11.491828,0.0,Under way using engine
2026-08-26T13:25:12Z,219000809,54.916065,11.360043,0.0,Under way using engine
2026-08-26T13:25:14Z,219002177,54.920597,11.370783,6.2,Under way using engine
2026-08-26T13:25:40Z,219000811,54.838747,11.491827,0.0,Under way using engine
2026-08-26T13:25:42Z,219000809,54.916058,11.360030,0.0,Under way using engine
2026-08-26T13:25:54Z,219002177,54.919475,11.370863,6.1,Under way using engine
2026-08-26T13:26:10Z,219000811,54.838745,11.491825,0.0,Under way using engine
2026-08-26T13:26:12Z,219000809,54.916067,11.360028,0.0,Under way using engine
2026-08-26T13:26:34Z,219002177,54.918323,11.370962,6.1,Under way using engine
2026-08-26T13:26:40Z,219000811,54.838745,11.491822,0.0,Under way using engine
2026-08-26T13:26:53Z,219000809,54.916070,11.360028,0.0,Under way using engine
2026-08-26T13:27:05Z,219002177,54.917463,11.370918,6.0,Under way using engine
2026-08-26T13:27:10Z,219000811,54.838743,11.491822,0.0,Under way using engine
2026-08-26T13:27:33Z,219000809,54.916078,11.360030,0.0,Under way using engine
2026-08-26T13:27:43Z,219002177,54.916738,11.369867,5.3,Under way using engine
2026-08-26T13:27:49Z,219000811,54.838747,11.491822,0.0,Under way using engine
2026-08-26T13:28:03Z,219000809,54.916087,11.360035,0.0,Under way using engine
2026-08-26T13:28:15Z,219002177,54.916667,11.368357,6.2,Under way using engine
2026-08-26T13:28:30Z,219000811,54.838743,11.491817,0.0,Under way using engine
2026-08-26T13:28:33Z,219000809,54.916088,11.360037,0.0,Under way using engine
2026-08-26T13:28:54Z,219002177,54.916583,11.366322,6.8,Under way using engine
2026-08-26T13:29:00Z,219000811,54.838737,11.491817,0.0,Under way using engine
2026-08-26T13:29:03Z,219000809,54.916087,11.360030,0.0,Under way using engine
2026-08-26T13:29:25Z,219002177,54.916468,11.364652,7.0,Under way using engine
2026-08-26T13:29:30Z,219000811,54.838738,11.491812,0.0,Under way using engine
2026-08-26T13:29:33Z,219000809,54.916087,11.360030,0.0,Under way using engine
2026-08-26T13:30:00Z,219000811,54.838738,11.491810,0.0,Under way using engine
2026-08-26T13:30:03Z,219000809,54.916092,11.360032,0.0,Under way using engine
2026-08-26T13:30:05Z,219002177,54.916335,11.362558,5.8,Under way using engine
2026-08-26T13:30:30Z,219000811,54.838735,11.491810,0.0,Under way using engine
2026-08-26T13:30:33Z,219000809,54.916095,11.360035,0.0,Under way using engine
2026-08-26T13:30:43Z,219002177,54.916332,11.361245,2.9,Under way using engine
2026-08-26T13:31:00Z,219000811,54.838732,11.491810,0.0,Under way using engine
2026-08-26T13:31:03Z,219000809,54.916083,11.360027,0.0,Under way using engine
2026-08-26T13:31:15Z,219002177,54.916412,11.360865,1.0,Under way using engine
2026-08-26T13:31:30Z,219000811,54.838733,11.491813,0.0,Under way using engine
2026-08-26T13:31:33Z,219000809,54.916072,11.360040,0.0,Under way using engine
2026-08-26T13:31:55Z,219002177,54.916365,11.360622,0.6,Under way using engine
2026-08-26T13:32:00Z,219000811,54.838740,11.491813,0.0,Under way using engine
2026-08-26T13:32:03Z,219000809,54.916067,11.360032,0.0,Under way using engine
2026-08-26T13:32:25Z,219002177,54.916367,11.360570,0.0,Under way using engine
2026-08-26T13:32:30Z,219000811,54.838737,11.491813,0.0,Under way using engine
2026-08-26T13:32:33Z,219000809,54.916072,11.360045,0.0,Under way using engine
2026-08-26T13:32:55Z,219002177,54.916350,11.360563,0.0,Under way using engine
2026-08-26T13:33:00Z,219000811,54.838737,11.491815,0.0,Under way using engine
2026-08-26T13:33:13Z,219000809,54.916078,11.360068,0.0,Under way using engine
2026-08-26T13:33:25Z,219002177,54.916350,11.360558,0.0,Under way using engine
2026-08-26T13:33:40Z,219000811,54.838733,11.491812,0.0,Under way using engine
2026-08-26T13:33:43Z,219000809,54.916083,11.360060,0.0,Under way using engine
2026-08-26T13:33:55Z,219002177,54.916350,11.360580,0.0,Under way using engine
2026-08-26T13:34:13Z,219000809,54.916093,11.360070,0.0,Under way using engine
2026-08-26T13:34:19Z,219000811,54.838743,11.491822,0.0,Under way using engine
2026-08-26T13:34:25Z,219002177,54.916350,11.360583,0.0,Under way using engine
2026-08-26T13:34:43Z,219000809,54.916083,11.360077,0.0,Under way using engine
2026-08-26T13:34:49Z,219000811,54.838742,11.491825,0.0,Under way using engine
2026-08-26T13:34:55Z,219002177,54.916358,11.360587,0.0,Under way using engine
2026-08-26T13:35:13Z,219000809,54.916078,11.360083,0.0,Under way using engine
2026-08-26T13:35:19Z,219000811,54.838740,11.491823,0.0,Under way using engine
2026-08-26T13:35:25Z,219002177,54.916343,11.360582,0.0,Under way using engine
2026-08-26T13:35:43Z,219000809,54.916045,11.360412,2.5,Under way using engine
2026-08-26T13:35:49Z,219000811,54.838735,11.491822,0.0,Under way using engine
2026-08-26T13:35:55Z,219002177,54.916352,11.360572,0.0,Under way using engine
2026-08-26T13:36:13Z,219000809,54.916060,11.361318,4.3,Under way using engine
2026-08-26T13:36:19Z,219000811,54.838735,11.491820,0.1,Under way using engine
2026-08-26T13:36:25Z,219002177,54.916352,11.360550,0.0,Under way using engine
2026-08-26T13:36:43Z,219000809,54.916197,11.362522,5.6,Under way using engine
2026-08-26T13:36:49Z,219000811,54.838738,11.491817,0.1,Under way using engine
2026-08-26T13:36:55Z,219002177,54.916360,11.360550,0.0,Under way using engine
2026-08-26T13:37:13Z,219000809,54.916310,11.364035,6.5,Under way using engine
2026-08-26T13:37:20Z,219000811,54.838733,11.491817,0.0,Under way using engine
2026-08-26T13:37:34Z,219002177,54.916357,11.360567,0.0,Under way using engine
2026-08-26T13:37:52Z,219000809,54.916522,11.366053,6.7,Under way using engine
2026-08-26T13:37:59Z,219000811,54.838730,11.491817,0.0,Under way using engine
2026-08-26T13:38:04Z,219002177,54.916353,11.360560,0.0,Under way using engine
2026-08-26T13:38:23Z,219000809,54.916593,11.367460,5.6,Under way using engine
2026-08-26T13:38:29Z,219000811,54.838730,11.491817,0.0,Under way using engine
2026-08-26T13:38:34Z,219002177,54.916372,11.360575,0.0,Under way using engine
2026-08-26T13:38:56Z,219000809,54.916278,11.368883,6.5,Under way using engine
2026-08-26T13:38:59Z,219000811,54.838733,11.491817,0.0,Under way using engine
2026-08-26T13:39:04Z,219002177,54.916377,11.360575,0.0,Under way using engine
2026-08-26T13:39:32Z,219000809,54.915725,11.370697,7.6,Under way using engine
2026-08-26T13:39:34Z,219002177,54.916365,11.360562,0.0,Under way using engine
2026-08-26T13:39:40Z,219000811,54.838735,11.491813,0.0,Under way using engine
2026-08-26T13:40:04Z,219002177,54.916365,11.360557,0.0,Under way using engine
2026-08-26T13:40:10Z,219000811,54.838735,11.491813,0.0,Under way using engine
2026-08-26T13:40:13Z,219000809,54.915033,11.373068,8.0,Under way using engine
2026-08-26T13:40:34Z,219002177,54.916360,11.360542,0.0,Under way using engine
2026-08-26T13:40:40Z,219000811,54.838735,11.491813,0.0,Under way using engine
2026-08-26T13:40:52Z,219000809,54.914418,11.375285,8.1,Under way using engine
2026-08-26T13:41:04Z,219002177,54.916365,11.360553,0.0,Under way using engine
2026-08-26T13:41:10Z,219000811,54.838735,11.491817,0.0,Under way using engine
2026-08-26T13:41:32Z,219000809,54.913755,11.377670,8.1,Under way using engine
2026-08-26T13:41:34Z,219002177,54.916368,11.360570,0.0,Under way using engine
2026-08-26T13:41:40Z,219000811,54.838732,11.491818,0.0,Under way using engine
2026-08-26T13:42:02Z,219000809,54.913263,11.379407,8.0,Under way using engine
2026-08-26T13:42:10Z,219000811,54.838730,11.491818,0.0,Under way using engine
2026-08-26T13:42:15Z,219002177,54.916358,11.360565,0.0,Under way using engine
2026-08-26T13:42:32Z,219000809,54.912717,11.381115,8.0,Under way using engine
2026-08-26T13:42:40Z,219000811,54.838728,11.491818,0.0,Under way using engine
2026-08-26T13:42:54Z,219002177,54.916360,11.360578,0.0,Under way using engine
2026-08-26T13:43:02Z,219000809,54.912137,11.382755,8.0,Under way using engine
2026-08-26T13:43:10Z,219000811,54.838725,11.491818,0.0,Under way using engine
2026-08-26T13:43:32Z,219000809,54.911533,11.384375,8.0,Under way using engine
2026-08-26T13:43:34Z,219002177,54.916358,11.360580,0.0,Under way using engine
2026-08-26T13:43:40Z,219000811,54.838723,11.491818,0.0,Under way using engine
2026-08-26T13:44:02Z,219000809,54.910935,11.385960,7.8,Under way using engine
2026-08-26T13:44:10Z,219000811,54.838725,11.491820,0.0,Under way using engine
2026-08-26T13:44:15Z,219002177,54.916348,11.360548,0.0,Under way using engine
2026-08-26T13:44:32Z,219000809,54.910325,11.387502,7.8,Under way using engine
2026-08-26T13:44:50Z,219000811,54.838728,11.491823,0.0,Under way using engine
2026-08-26T13:44:54Z,219002177,54.916365,11.360552,0.0,Under way using engine
2026-08-26T13:45:02Z,219000809,54.909707,11.389077,7.9,Under way using engine
2026-08-26T13:45:28Z,219000811,54.838728,11.491822,0.0,Under way using engine
2026-08-26T13:45:32Z,219000809,54.909098,11.390628,7.8,Under way using engine
2026-08-26T13:45:35Z,219002177,54.916370,11.360573,0.0,Under way using engine
2026-08-26T13:45:58Z,219000811,54.838728,11.491820,0.0,Under way using engine
2026-08-26T13:46:02Z,219000809,54.908545,11.392250,7.8,Under way using engine
2026-08-26T13:46:14Z,219002177,54.916370,11.360570,0.0,Under way using engine
2026-08-26T13:46:28Z,219000811,54.838730,11.491820,0.0,Under way using engine
2026-08-26T13:46:32Z,219000809,54.907963,11.393847,7.9,Under way using engine
2026-08-26T13:46:45Z,219002177,54.916372,11.360567,0.0,Under way using engine
2026-08-26T13:47:00Z,219000811,54.838737,11.491820,0.0,Under way using engine
2026-08-26T13:47:03Z,219000809,54.907330,11.395475,7.9,Under way using engine
2026-08-26T13:47:23Z,219002177,54.916377,11.360573,0.0,Under way using engine
2026-08-26T13:47:39Z,219000811,54.838738,11.491820,0.0,Under way using engine
2026-08-26T13:47:43Z,219000809,54.906583,11.397690,8.0,Under way using engine
2026-08-26T13:47:54Z,219002177,54.916385,11.360587,0.0,Under way using engine
2026-08-26T13:48:10Z,219000811,54.838737,11.491825,0.0,Under way using engine
2026-08-26T13:48:22Z,219000809,54.905902,11.399830,8.0,Under way using engine
2026-08-26T13:48:35Z,219002177,54.916373,11.360573,0.0,Under way using engine
2026-08-26T13:48:40Z,219000811,54.838733,11.491827,0.0,Under way using engine
2026-08-26T13:48:53Z,219000809,54.905328,11.401657,8.1,Under way using engine
2026-08-26T13:49:05Z,219002177,54.916363,11.360548,0.0,Under way using engine
2026-08-26T13:49:19Z,219000811,54.838727,11.491825,0.0,Under way using engine
2026-08-26T13:49:32Z,219000809,54.904645,11.403903,8.1,Under way using engine
2026-08-26T13:49:35Z,219002177,54.916378,11.360555,0.0,Under way using engine
2026-08-26T13:49:50Z,219000811,54.838727,11.491823,0.0,Under way using engine
2026-08-26T13:50:03Z,219000809,54.904090,11.405692,8.2,Under way using engine
2026-08-26T13:50:05Z,219002177,54.916360,11.360562,0.0,Under way using engine
2026-08-26T13:50:29Z,219000811,54.838725,11.491822,0.0,Under way using engine
2026-08-26T13:50:35Z,219002177,54.916360,11.360563,0.0,Under way using engine
2026-08-26T13:50:53Z,219000809,54.903232,11.408637,8.2,Under way using engine
2026-08-26T13:50:59Z,219000811,54.838725,11.491817,0.0,Under way using engine
2026-08-26T13:51:15Z,219002177,54.916358,11.360572,0.0,Under way using engine
2026-08-26T13:51:29Z,219000811,54.838725,11.491813,0.0,Under way using engine
2026-08-26T13:51:32Z,219000809,54.902545,11.410912,8.2,Under way using engine
2026-08-26T13:51:45Z,219002177,54.916345,11.360907,2.6,Under way using engine
2026-08-26T13:51:59Z,219000811,54.838725,11.491812,0.0,Under way using engine
2026-08-26T13:52:02Z,219000809,54.902015,11.412663,8.2,Under way using engine
2026-08-26T13:52:15Z,219002177,54.916307,11.361975,5.0,Under way using engine
2026-08-26T13:52:29Z,219000811,54.838725,11.491812,0.0,Under way using engine
2026-08-26T13:52:32Z,219000809,54.901495,11.414422,8.2,Under way using engine
2026-08-26T13:52:45Z,219002177,54.916373,11.363378,6.2,Under way using engine
2026-08-26T13:52:59Z,219000811,54.838723,11.491813,0.0,Under way using engine
2026-08-26T13:53:02Z,219000809,54.900942,11.416182,8.3,Under way using engine
2026-08-26T13:53:15Z,219002177,54.916462,11.364933,6.7,Under way using engine
2026-08-26T13:53:29Z,219000811,54.838723,11.491813,0.0,Under way using engine
2026-08-26T13:53:32Z,219000809,54.900385,11.417948,8.3,Under way using engine
2026-08-26T13:53:45Z,219002177,54.916605,11.366585,7.0,Under way using engine
2026-08-26T13:53:59Z,219000811,54.838723,11.491812,0.0,Under way using engine
2026-08-26T13:54:02Z,219000809,54.899843,11.419715,8.3,Under way using engine
2026-08-26T13:54:15Z,219002177,54.916745,11.368287,7.2,Under way using engine
2026-08-26T13:54:29Z,219000811,54.838723,11.491813,0.0,Under way using engine
2026-08-26T13:54:32Z,219000809,54.899305,11.421450,8.1,Under way using engine
2026-08-26T13:54:54Z,219002177,54.917078,11.370388,6.8,Under way using engine
2026-08-26T13:54:59Z,219000811,54.838723,11.491817,0.0,Under way using engine
2026-08-26T13:55:02Z,219000809,54.898787,11.423173,8.1,Under way using engine
2026-08-26T13:55:24Z,219002177,54.917818,11.370957,6.0,Under way using engine
2026-08-26T13:55:29Z,219000811,54.838723,11.491815,0.0,Under way using engine
2026-08-26T13:55:32Z,219000809,54.898262,11.424890,8.2,Under way using engine
2026-08-26T13:55:54Z,219002177,54.918702,11.370930,6.5,Under way using engine
2026-08-26T13:56:00Z,219000811,54.838722,11.491810,0.0,Under way using engine
2026-08-26T13:56:02Z,219000809,54.897755,11.426575,8.2,Under way using engine
2026-08-26T13:56:24Z,219002177,54.919603,11.370962,6.8,Under way using engine
2026-08-26T13:56:32Z,219000809,54.897227,11.428388,8.2,Under way using engine
2026-08-26T13:56:39Z,219000811,54.838722,11.491812,0.0,Under way using engine
2026-08-26T13:56:54Z,219002177,54.920603,11.370947,7.1,Under way using engine
2026-08-26T13:57:02Z,219000809,54.896732,11.430102,8.2,Under way using engine
2026-08-26T13:57:19Z,219000811,54.838723,11.491815,0.0,Under way using engine
2026-08-26T13:57:33Z,219000809,54.896202,11.431932,8.2,Under way using engine
2026-08-26T13:57:33Z,219002177,54.921938,11.370897,7.5,Under way using engine
2026-08-26T13:57:50Z,219000811,54.838723,11.491818,0.0,Under way using engine
2026-08-26T13:58:05Z,219002177,54.923032,11.370845,7.7,Under way using engine
2026-08-26T13:58:12Z,219000809,54.895518,11.434280,8.2,Under way using engine
2026-08-26T13:58:20Z,219000811,54.838723,11.491818,0.0,Under way using engine
2026-08-26T13:58:43Z,219000809,54.894983,11.436107,8.2,Under way using engine
2026-08-26T13:58:43Z,219002177,54.924423,11.370725,7.8,Under way using engine
2026-08-26T13:58:50Z,219000811,54.838723,11.491820,0.0,Under way using engine
2026-08-26T13:59:14Z,219002177,54.925542,11.370627,7.8,Under way using engine
2026-08-26T13:59:20Z,219000811,54.838725,11.491820,0.0,Under way using engine
2026-08-26T13:59:22Z,219000809,54.894303,11.438355,8.1,Under way using engine
2026-08-26T13:59:50Z,219000811,54.838727,11.491818,0.0,Under way using engine
2026-08-26T13:59:52Z,219000809,54.893787,11.440117,8.2,Under way using engine
2026-08-26T13:59:54Z,219002177,54.926980,11.370480,7.8,Under way using engine
2026-08-26T14:00:20Z,219000811,54.838723,11.491820,0.0,Under way using engine
2026-08-26T14:00:22Z,219000809,54.893270,11.441887,8.2,Under way using engine
2026-08-26T14:00:34Z,219002177,54.928417,11.370347,7.8,Under way using engine
2026-08-26T14:00:52Z,219000809,54.892762,11.443688,8.3,Under way using engine
2026-08-26T14:01:00Z,219000811,54.838720,11.491813,0.0,Under way using engine
2026-08-26T14:01:05Z,219002177,54.929498,11.370230,7.8,Under way using engine
2026-08-26T14:01:30Z,219000811,54.838723,11.491812,0.0,Under way using engine
2026-08-26T14:01:33Z,219000809,54.892082,11.446077,8.3,Under way using engine
2026-08-26T14:01:43Z,219002177,54.930898,11.370063,7.8,Under way using engine
2026-08-26T14:02:08Z,219000811,54.838725,11.491810,0.0,Under way using engine
2026-08-26T14:02:13Z,219000809,54.891333,11.448483,8.3,Under way using engine
2026-08-26T14:02:13Z,219002177,54.931968,11.369917,7.7,Under way using engine
2026-08-26T14:02:39Z,219000811,54.838727,11.491813,0.0,Under way using engine
2026-08-26T14:02:43Z,219000809,54.890718,11.450057,8.2,Under way using engine
2026-08-26T14:02:43Z,219002177,54.933002,11.370077,7.5,Under way using engine
2026-08-26T14:03:13Z,219000809,54.890033,11.451710,8.2,Under way using engine
2026-08-26T14:03:13Z,219002177,54.933968,11.370468,6.9,Under way using engine
2026-08-26T14:03:19Z,219000811,54.838730,11.491818,0.0,Under way using engine
2026-08-26T14:03:43Z,219000809,54.889405,11.453227,8.1,Under way using engine
2026-08-26T14:03:43Z,219002177,54.934783,11.370963,5.8,Under way using engine
2026-08-26T14:03:49Z,219000811,54.838732,11.491822,0.0,Under way using engine
2026-08-26T14:04:13Z,219000809,54.888650,11.454720,7.9,Under way using engine
2026-08-26T14:04:13Z,219002177,54.935370,11.371427,4.1,Under way using engine
2026-08-26T14:04:19Z,219000811,54.838733,11.491827,0.0,Under way using engine
2026-08-26T14:04:43Z,219000809,54.887875,11.455953,7.9,Under way using engine
2026-08-26T14:04:43Z,219002177,54.935705,11.371730,2.0,Under way using engine
2026-08-26T14:04:49Z,219000811,54.838730,11.491828,0.0,Under way using engine
2026-08-26T14:05:13Z,219000809,54.887042,11.457325,8.0,Under way using engine
2026-08-26T14:05:19Z,219000811,54.838728,11.491828,0.0,Under way using engine
2026-08-26T14:05:24Z,219002177,54.935882,11.371877,0.7,Under way using engine
2026-08-26T14:05:49Z,219000811,54.838728,11.491828,0.0,Under way using engine
2026-08-26T14:05:52Z,219000809,54.885982,11.459058,8.1,Under way using engine
2026-08-26T14:05:54Z,219002177,54.935963,11.371965,0.6,Under way using engine
2026-08-26T14:06:19Z,219000811,54.838727,11.491827,0.0,Under way using engine
2026-08-26T14:06:22Z,219000809,54.885162,11.460398,8.1,Under way using engine
2026-08-26T14:06:24Z,219002177,54.935975,11.371972,0.0,Under way using engine
2026-08-26T14:06:50Z,219000811,54.838727,11.491825,0.0,Under way using engine
2026-08-26T14:06:52Z,219000809,54.884348,11.461738,8.0,Under way using engine
2026-08-26T14:06:54Z,219002177,54.935975,11.371973,0.0,Under way using engine
2026-08-26T14:07:22Z,219000809,54.883533,11.463095,8.1,Under way using engine
2026-08-26T14:07:24Z,219002177,54.935975,11.371967,0.0,Under way using engine
2026-08-26T14:07:28Z,219000811,54.838725,11.491827,0.0,Under way using engine
2026-08-26T14:07:53Z,219000809,54.882738,11.464487,7.8,Under way using engine
2026-08-26T14:07:54Z,219002177,54.935970,11.371958,0.0,Under way using engine
2026-08-26T14:07:59Z,219000811,54.838725,11.491830,0.0,Under way using engine
2026-08-26T14:08:24Z,219002177,54.935975,11.371975,0.0,Under way using engine
2026-08-26T14:08:26Z,219000809,54.882275,11.466320,7.9,Under way using engine
2026-08-26T14:08:38Z,219000811,54.838727,11.491830,0.0,Under way using engine
2026-08-26T14:08:54Z,219002177,54.935973,11.371987,0.0,Under way using engine
2026-08-26T14:09:02Z,219000809,54.881873,11.468498,7.9,Under way using engine
2026-08-26T14:09:09Z,219000811,54.838733,11.491840,0.0,Under way using engine
2026-08-26T14:09:24Z,219002177,54.935987,11.371987,0.0,Under way using engine
2026-08-26T14:09:33Z,219000809,54.881492,11.470412,7.9,Under way using engine
2026-08-26T14:09:50Z,219000811,54.838735,11.491843,0.0,Under way using engine
2026-08-26T14:09:55Z,219002177,54.935983,11.371978,0.0,Under way using engine
2026-08-26T14:10:06Z,219000809,54.881215,11.472387,8.0,Under way using engine
2026-08-26T14:10:28Z,219000811,54.838735,11.491843,0.0,Under way using engine
2026-08-26T14:10:34Z,219002177,54.935980,11.371943,0.0,Under way using engine
2026-08-26T14:10:39Z,219000809,54.881097,11.474545,8.0,Under way using engine
2026-08-26T14:10:59Z,219000811,54.838737,11.491847,0.0,Under way using engine
2026-08-26T14:11:04Z,219002177,54.935977,11.371972,0.0,Under way using engine
2026-08-26T14:11:13Z,219000809,54.881100,11.476728,7.9,Under way using engine
2026-08-26T14:11:38Z,219000811,54.838733,11.491852,0.0,Under way using engine
2026-08-26T14:11:43Z,219002177,54.935975,11.371993,0.0,Under way using engine
2026-08-26T14:11:46Z,219000809,54.881247,11.478820,8.0,Under way using engine
2026-08-26T14:12:08Z,219000811,54.838733,11.491853,0.0,Under way using engine
2026-08-26T14:12:15Z,219002177,54.935978,11.371993,0.0,Under way using engine
2026-08-26T14:12:16Z,219000809,54.881637,11.480602,8.0,Under way using engine
2026-08-26T14:12:38Z,219000811,54.838735,11.491853,0.0,Under way using engine
2026-08-26T14:12:49Z,219000809,54.882162,11.482472,7.7,Under way using engine
2026-08-26T14:12:55Z,219002177,54.935978,11.372010,0.0,Under way using engine
2026-08-26T14:13:08Z,219000811,54.838735,11.491852,0.0,Under way using engine
2026-08-26T14:13:19Z,219000809,54.882940,11.483305,6.6,Under way using engine
2026-08-26T14:13:25Z,219002177,54.935968,11.372018,0.0,Under way using engine
2026-08-26T14:13:40Z,219000811,54.838735,11.491850,0.0,Under way using engine
2026-08-26T14:13:49Z,219000809,54.883765,11.483277,4.8,Under way using engine
2026-08-26T14:13:55Z,219002177,54.935960,11.372007,0.0,Under way using engine
2026-08-26T14:14:20Z,219000811,54.838735,11.491843,0.0,Under way using engine
2026-08-26T14:14:23Z,219000809,54.884172,11.483240,1.5,Under way using engine
2026-08-26T14:14:25Z,219002177,54.935970,11.372012,0.0,Under way using engine
2026-08-26T14:14:50Z,219000811,54.838735,11.491838,0.0,Under way using engine
2026-08-26T14:14:53Z,219000809,54.884278,11.483208,0.7,Under way using engine
2026-08-26T14:14:55Z,219002177,54.935960,11.371975,0.0,Under way using engine
2026-08-26T14:15:20Z,219000811,54.838737,11.491837,0.0,Under way using engine
2026-08-26T14:15:23Z,219000809,54.884312,11.483218,0.2,Under way using engine
2026-08-26T14:15:33Z,219002177,54.935900,11.371933,1.1,Under way using engine
2026-08-26T14:15:50Z,219000811,54.838738,11.491835,0.0,Under way using engine
2026-08-26T14:15:53Z,219000809,54.884323,11.483212,0.0,Under way using engine
2026-08-26T14:16:04Z,219002177,54.935507,11.371602,3.8,Under way using engine
2026-08-26T14:16:20Z,219000811,54.838740,11.491837,0.0,Under way using engine
2026-08-26T14:16:33Z,219000809,54.884315,11.483213,0.1,Under way using engine
2026-08-26T14:16:44Z,219002177,54.934720,11.370830,5.4,Under way using engine
2026-08-26T14:16:50Z,219000811,54.838742,11.491838,0.0,Under way using engine
2026-08-26T14:17:13Z,219000809,54.884315,11.483207,0.0,Under way using engine
2026-08-26T14:17:15Z,219002177,54.933942,11.370667,5.6,Under way using engine
2026-08-26T14:17:20Z,219000811,54.838742,11.491837,0.0,Under way using engine
2026-08-26T14:17:50Z,219000811,54.838742,11.491837,0.0,Under way using engine
2026-08-26T14:17:53Z,219000809,54.884317,11.483218,0.0,Under way using engine
2026-08-26T14:17:55Z,219002177,54.932815,11.370613,6.4,Under way using engine
2026-08-26T14:18:20Z,219000811,54.838742,11.491835,0.0,Under way using engine
2026-08-26T14:18:33Z,219000809,54.884312,11.483217,0.0,Under way using engine
2026-08-26T14:18:34Z,219002177,54.931647,11.370588,6.7,Under way using engine
2026-08-26T14:18:59Z,219000811,54.838740,11.491835,0.0,Under way using engine
2026-08-26T14:19:05Z,219002177,54.930688,11.370577,6.8,Under way using engine
2026-08-26T14:19:13Z,219000809,54.884315,11.483222,0.0,Under way using engine
2026-08-26T14:19:40Z,219000811,54.838742,11.491837,0.0,Under way using engine
2026-08-26T14:19:45Z,219002177,54.929410,11.370603,6.8,Under way using engine
2026-08-26T14:19:53Z,219000809,54.884320,11.483217,0.0,Under way using engine
2026-08-26T14:20:10Z,219000811,54.838740,11.491837,0.0,Under way using engine
2026-08-26T14:20:15Z,219002177,54.928502,11.370618,6.8,Under way using engine
2026-08-26T14:20:33Z,219000809,54.884320,11.483213,0.1,Under way using engine
2026-08-26T14:20:45Z,219002177,54.927540,11.370618,6.7,Under way using engine
2026-08-26T14:20:49Z,219000811,54.838738,11.491830,0.0,Under way using engine
2026-08-26T14:21:13Z,219000809,54.883950,11.483245,3.0,Under way using engine
2026-08-26T14:21:15Z,219002177,54.926635,11.370628,6.7,Under way using engine
2026-08-26T14:21:19Z,219000811,54.838737,11.491827,0.0,Under way using engine
2026-08-26T14:21:45Z,219002177,54.925693,11.370632,6.6,Under way using engine
2026-08-26T14:21:46Z,219000809,54.883427,11.483468,3.5,Under way using engine
2026-08-26T14:21:49Z,219000811,54.838738,11.491822,0.0,Under way using engine
2026-08-26T14:22:15Z,219002177,54.924805,11.370642,6.6,Under way using engine
2026-08-26T14:22:16Z,219000809,54.883168,11.483688,1.3,Under way using engine
2026-08-26T14:22:19Z,219000811,54.838738,11.491822,0.0,Under way using engine
2026-08-26T14:22:45Z,219002177,54.923868,11.370640,6.6,Under way using engine
2026-08-26T14:22:46Z,219000809,54.882932,11.483302,3.3,Under way using engine
2026-08-26T14:22:49Z,219000811,54.838738,11.491820,0.0,Under way using engine
2026-08-26T14:23:15Z,219002177,54.922982,11.370705,6.6,Under way using engine
2026-08-26T14:23:16Z,219000809,54.882328,11.482460,6.4,Under way using engine
2026-08-26T14:23:19Z,219000811,54.838740,11.491823,0.0,Under way using engine
2026-08-26T14:23:45Z,219002177,54.922080,11.370730,6.5,Under way using engine
2026-08-26T14:23:49Z,219000809,54.881452,11.481148,8.1,Under way using engine
2026-08-26T14:23:49Z,219000811,54.838740,11.491828,0.0,Under way using engine
2026-08-26T14:24:15Z,219002177,54.921195,11.370775,6.3,Under way using engine
2026-08-26T14:24:19Z,219000809,54.880847,11.479325,8.6,Under way using engine
2026-08-26T14:24:19Z,219000811,54.838740,11.491832,0.0,Under way using engine
2026-08-26T14:24:45Z,219002177,54.920317,11.370837,6.3,Under way using engine
2026-08-26T14:24:49Z,219000809,54.880598,11.477322,8.6,Under way using engine
2026-08-26T14:24:49Z,219000811,54.838740,11.491837,0.0,Under way using engine
2026-08-26T14:25:15Z,219002177,54.919452,11.370910,6.3,Under way using engine
2026-08-26T14:25:19Z,219000809,54.880588,11.475262,8.9,Under way using engine
2026-08-26T14:25:19Z,219000811,54.838737,11.491837,0.0,Under way using engine
2026-08-26T14:25:45Z,219002177,54.918580,11.371007,6.4,Under way using engine
2026-08-26T14:25:49Z,219000809,54.880653,11.473062,8.9,Under way using engine
2026-08-26T14:26:00Z,219000811,54.838733,11.491835,0.0,Under way using engine
2026-08-26T14:26:15Z,219002177,54.917693,11.371010,6.3,Under way using engine
2026-08-26T14:26:19Z,219000809,54.881058,11.471008,9.1,Under way using engine
2026-08-26T14:26:30Z,219000811,54.838730,11.491833,0.0,Under way using engine
2026-08-26T14:26:45Z,219002177,54.916947,11.370445,5.8,Under way using engine
2026-08-26T14:26:53Z,219000809,54.881547,11.468673,9.2,Under way using engine
2026-08-26T14:27:00Z,219000811,54.838728,11.491830,0.0,Under way using engine
2026-08-26T14:27:15Z,219002177,54.916750,11.369130,6.0,Under way using engine
2026-08-26T14:27:23Z,219000809,54.881970,11.466660,9.3,Under way using engine
2026-08-26T14:27:38Z,219000811,54.838730,11.491828,0.0,Under way using engine
2026-08-26T14:27:45Z,219002177,54.916682,11.367562,6.7,Under way using engine
2026-08-26T14:27:53Z,219000809,54.882500,11.464538,9.3,Under way using engine
2026-08-26T14:28:09Z,219000811,54.838730,11.491832,0.0,Under way using engine
2026-08-26T14:28:23Z,219000809,54.883235,11.462793,9.3,Under way using engine
2026-08-26T14:28:24Z,219002177,54.916523,11.365378,7.1,Under way using engine
2026-08-26T14:28:50Z,219000811,54.838730,11.491837,0.0,Under way using engine
2026-08-26T14:28:53Z,219000809,54.884252,11.461282,9.4,Under way using engine
2026-08-26T14:29:03Z,219002177,54.916373,11.363213,6.5,Under way using engine
2026-08-26T14:29:20Z,219000811,54.838727,11.491837,0.0,Under way using engine
2026-08-26T14:29:23Z,219000809,54.885238,11.459935,9.4,Under way using engine
2026-08-26T14:29:34Z,219002177,54.916328,11.361882,4.9,Under way using engine
2026-08-26T14:29:50Z,219000811,54.838728,11.491838,0.0,Under way using engine
2026-08-26T14:29:53Z,219000809,54.886260,11.458533,9.5,Under way using engine
2026-08-26T14:30:04Z,219002177,54.916323,11.361108,2.4,Under way using engine
2026-08-26T14:30:20Z,219000811,54.838728,11.491838,0.0,Under way using engine
2026-08-26T14:30:23Z,219000809,54.887300,11.457180,9.5,Under way using engine
2026-08-26T14:30:34Z,219002177,54.916353,11.360733,1.4,Under way using engine
2026-08-26T14:30:50Z,219000811,54.838728,11.491842,0.0,Under way using engine
2026-08-26T14:30:59Z,219000809,54.888497,11.455347,9.4,Under way using engine
2026-08-26T14:31:04Z,219002177,54.916335,11.360558,0.2,Under way using engine
2026-08-26T14:31:29Z,219000809,54.889365,11.453707,9.5,Under way using engine
2026-08-26T14:31:29Z,219000811,54.838733,11.491840,0.0,Under way using engine
2026-08-26T14:31:34Z,219002177,54.916350,11.360548,0.0,Under way using engine
2026-08-26T14:32:00Z,219000811,54.838733,11.491837,0.1,Under way using engine
2026-08-26T14:32:02Z,219000809,54.890408,11.451913,9.6,Under way using engine
2026-08-26T14:32:04Z,219002177,54.916340,11.360548,0.1,Under way using engine
2026-08-26T14:32:33Z,219000809,54.891375,11.450253,9.5,Under way using engine
2026-08-26T14:32:34Z,219002177,54.916348,11.360535,0.0,Under way using engine
2026-08-26T14:32:38Z,219000811,54.838732,11.491827,0.1,Under way using engine
2026-08-26T14:33:10Z,219000811,54.838733,11.491822,0.0,Under way using engine
2026-08-26T14:33:13Z,219000809,54.892603,11.448120,9.4,Under way using engine
2026-08-26T14:33:15Z,219002177,54.916345,11.360538,0.0,Under way using engine
2026-08-26T14:33:40Z,219000811,54.838737,11.491828,0.1,Under way using engine
2026-08-26T14:33:52Z,219000809,54.893798,11.446000,9.2,Under way using engine
2026-08-26T14:33:53Z,219002177,54.916353,11.360548,0.0,Under way using engine
2026-08-26T14:34:10Z,219000811,54.838742,11.491832,0.1,Under way using engine
2026-08-26T14:34:24Z,219002177,54.916357,11.360553,0.0,Under way using engine
2026-08-26T14:34:33Z,219000809,54.894933,11.443830,9.1,Under way using engine
2026-08-26T14:34:40Z,219000811,54.838747,11.491837,0.0,Under way using engine
2026-08-26T14:35:04Z,219002177,54.916353,11.360552,0.0,Under way using engine
2026-08-26T14:35:05Z,219000809,54.895640,11.441750,9.2,Under way using engine
2026-08-26T14:35:10Z,219000811,54.838747,11.491837,0.0,Under way using engine
2026-08-26T14:35:34Z,219002177,54.916343,11.360547,0.0,Under way using engine
2026-08-26T14:35:40Z,219000811,54.838747,11.491833,0.0,Under way using engine
2026-08-26T14:35:41Z,219000809,54.896197,11.439288,9.2,Under way using engine
2026-08-26T14:36:13Z,219000809,54.896630,11.437142,9.1,Under way using engine
2026-08-26T14:36:14Z,219002177,54.916345,11.360552,0.0,Under way using engine
2026-08-26T14:36:19Z,219000811,54.838738,11.491828,0.0,Under way using engine
2026-08-26T14:36:45Z,219002177,54.916350,11.360557,0.0,Under way using engine
2026-08-26T14:36:49Z,219000811,54.838737,11.491828,0.0,Under way using engine
2026-08-26T14:36:52Z,219000809,54.897298,11.434438,9.2,Under way using engine
2026-08-26T14:37:23Z,219000809,54.897838,11.432440,9.2,Under way using engine
2026-08-26T14:37:24Z,219002177,54.916358,11.360562,0.0,Under way using engine
2026-08-26T14:37:28Z,219000811,54.838733,11.491827,0.0,Under way using engine
2026-08-26T14:37:59Z,219000811,54.838733,11.491827,0.0,Under way using engine
2026-08-26T14:38:02Z,219000809,54.898540,11.429740,9.2,Under way using engine
2026-08-26T14:38:14Z,219002177,54.916360,11.360563,0.0,Under way using engine
2026-08-26T14:38:30Z,219000811,54.838732,11.491823,0.0,Under way using engine
2026-08-26T14:38:33Z,219000809,54.899062,11.427735,9.2,Under way using engine
2026-08-26T14:38:45Z,219002177,54.916358,11.360557,0.0,Under way using engine
2026-08-26T14:39:08Z,219000811,54.838728,11.491820,0.0,Under way using engine
2026-08-26T14:39:12Z,219000809,54.899735,11.425043,9.1,Under way using engine
2026-08-26T14:39:24Z,219002177,54.916355,11.360548,0.0,Under way using engine
2026-08-26T14:39:40Z,219000811,54.838728,11.491823,0.0,Under way using engine
2026-08-26T14:39:43Z,219000809,54.900240,11.423028,9.1,Under way using engine
2026-08-26T14:40:04Z,219002177,54.916357,11.360548,0.1,Under way using engine
2026-08-26T14:40:18Z,219000811,54.838727,11.491825,0.0,Under way using engine
2026-08-26T14:40:23Z,219000809,54.900927,11.420382,9.1,Under way using engine
2026-08-26T14:40:34Z,219002177,54.916352,11.360543,0.0,Under way using engine
2026-08-26T14:40:49Z,219000811,54.838728,11.491827,0.0,Under way using engine
2026-08-26T14:41:02Z,219000809,54.901623,11.417735,9.1,Under way using engine
2026-08-26T14:41:14Z,219002177,54.916347,11.360540,0.0,Under way using engine
2026-08-26T14:41:20Z,219000811,54.838730,11.491823,0.0,Under way using engine
2026-08-26T14:41:33Z,219000809,54.902130,11.415738,9.1,Under way using engine
2026-08-26T14:41:45Z,219002177,54.916350,11.360535,0.0,Under way using engine
2026-08-26T14:41:50Z,219000811,54.838732,11.491822,0.1,Under way using engine
2026-08-26T14:42:12Z,219000809,54.902797,11.413070,9.2,Under way using engine
2026-08-26T14:42:20Z,219000811,54.838733,11.491823,0.0,Under way using engine
2026-08-26T14:42:23Z,219002177,54.916360,11.360528,0.0,Under way using engine
2026-08-26T14:42:43Z,219000809,54.903303,11.411053,9.1,Under way using engine
2026-08-26T14:42:50Z,219000811,54.838733,11.491823,0.1,Under way using engine
2026-08-26T14:43:03Z,219002177,54.916353,11.360533,0.0,Under way using engine
2026-08-26T14:43:20Z,219000811,54.838733,11.491827,0.0,Under way using engine
2026-08-26T14:43:22Z,219000809,54.903995,11.408380,9.1,Under way using engine
2026-08-26T14:43:35Z,219002177,54.916353,11.360538,0.0,Under way using engine
2026-08-26T14:43:50Z,219000811,54.838735,11.491828,0.0,Under way using engine
2026-08-26T14:43:52Z,219000809,54.904508,11.406373,9.1,Under way using engine
2026-08-26T14:44:13Z,219002177,54.916352,11.360558,0.0,Under way using engine
2026-08-26T14:44:20Z,219000811,54.838733,11.491828,0.0,Under way using engine
2026-08-26T14:44:22Z,219000809,54.905052,11.404393,9.1,Under way using engine
2026-08-26T14:44:45Z,219002177,54.916353,11.360558,0.0,Under way using engine
2026-08-26T14:44:50Z,219000811,54.838732,11.491828,0.1,Under way using engine
2026-08-26T14:44:52Z,219000809,54.905590,11.402402,9.1,Under way using engine
2026-08-26T14:45:20Z,219000811,54.838732,11.491827,0.1,Under way using engine
2026-08-26T14:45:22Z,219000809,54.906130,11.400430,9.2,Under way using engine
2026-08-26T14:45:23Z,219002177,54.916358,11.360558,0.0,Under way using engine
2026-08-26T14:45:50Z,219000811,54.838735,11.491830,0.1,Under way using engine
2026-08-26T14:45:52Z,219000809,54.906662,11.398482,9.3,Under way using engine
2026-08-26T14:45:54Z,219002177,54.916348,11.360548,0.0,Under way using engine
2026-08-26T14:46:20Z,219000811,54.838733,11.491828,0.1,Under way using engine
2026-08-26T14:46:32Z,219000809,54.907442,11.395730,9.4,Under way using engine
2026-08-26T14:46:34Z,219002177,54.916355,11.360552,0.0,Under way using engine
2026-08-26T14:46:50Z,219000811,54.838733,11.491830,0.1,Under way using engine
2026-08-26T14:47:02Z,219000809,54.908045,11.393723,9.5,Under way using engine
2026-08-26T14:47:05Z,219002177,54.916357,11.360552,0.0,Under way using engine
2026-08-26T14:47:20Z,219000811,54.838733,11.491832,0.0,Under way using engine
2026-08-26T14:47:32Z,219000809,54.908723,11.391745,9.6,Under way using engine
2026-08-26T14:47:45Z,219002177,54.916350,11.360545,0.0,Under way using engine
2026-08-26T14:47:50Z,219000811,54.838737,11.491833,0.0,Under way using engine
2026-08-26T14:48:02Z,219000809,54.909553,11.389938,9.6,Under way using engine
2026-08-26T14:48:20Z,219000811,54.838738,11.491832,0.1,Under way using engine
2026-08-26T14:48:25Z,219002177,54.916350,11.360540,0.0,Under way using engine
2026-08-26T14:48:32Z,219000809,54.910417,11.388143,9.8,Under way using engine
2026-08-26T14:48:50Z,219000811,54.838740,11.491833,0.0,Under way using engine
2026-08-26T14:49:02Z,219000809,54.911280,11.386313,9.8,Under way using engine
2026-08-26T14:49:05Z,219002177,54.916352,11.360538,0.0,Under way using engine
2026-08-26T14:49:29Z,219000811,54.838740,11.491833,0.1,Under way using engine
2026-08-26T14:49:32Z,219000809,54.912153,11.384512,9.8,Under way using engine
2026-08-26T14:49:45Z,219002177,54.916345,11.360542,0.0,Under way using engine
2026-08-26T14:50:00Z,219000811,54.838740,11.491833,0.0,Under way using engine
2026-08-26T14:50:03Z,219000809,54.913050,11.382737,9.8,Under way using engine
2026-08-26T14:50:25Z,219002177,54.916338,11.360832,2.2,Under way using engine
2026-08-26T14:50:30Z,219000811,54.838738,11.491833,0.0,Under way using engine
2026-08-26T14:50:36Z,219000809,54.913808,11.380555,9.6,Under way using engine
2026-08-26T14:51:00Z,219000811,54.838740,11.491835,0.0,Under way using engine
2026-08-26T14:51:02Z,219002177,54.916302,11.361740,4.3,Under way using engine
2026-08-26T14:51:13Z,219000809,54.914452,11.378065,8.7,Under way using engine
2026-08-26T14:51:30Z,219000811,54.838740,11.491835,0.0,Under way using engine
2026-08-26T14:51:34Z,219002177,54.916313,11.363425,5.6,Under way using engine
2026-08-26T14:51:52Z,219000809,54.915045,11.375693,8.1,Under way using engine
2026-08-26T14:52:05Z,219002177,54.916448,11.364860,6.2,Under way using engine
2026-08-26T14:52:08Z,219000811,54.838738,11.491832,0.0,Under way using engine
2026-08-26T14:52:23Z,219000809,54.915508,11.373788,8.0,Under way using engine
2026-08-26T14:52:40Z,219000811,54.838738,11.491835,0.0,Under way using engine
2026-08-26T14:52:44Z,219002177,54.916623,11.366883,6.4,Under way using engine
2026-08-26T14:53:03Z,219000809,54.915915,11.371487,7.6,Under way using engine
2026-08-26T14:53:14Z,219002177,54.916760,11.368387,6.5,Under way using engine
2026-08-26T14:53:20Z,219000811,54.838743,11.491843,0.0,Under way using engine
2026-08-26T14:53:42Z,219000809,54.916270,11.369143,7.5,Under way using engine
2026-08-26T14:53:44Z,219002177,54.916923,11.369992,6.6,Under way using engine
2026-08-26T14:53:50Z,219000811,54.838740,11.491840,0.1,Under way using engine
2026-08-26T14:54:13Z,219000809,54.916507,11.367375,7.6,Under way using engine
2026-08-26T14:54:14Z,219002177,54.917457,11.370957,5.5,Under way using engine
2026-08-26T14:54:20Z,219000811,54.838742,11.491835,0.1,Under way using engine
2026-08-26T14:54:44Z,219002177,54.918330,11.370953,6.6,Under way using engine
2026-08-26T14:54:45Z,219000809,54.916488,11.365412,7.4,Under way using engine
2026-08-26T14:54:50Z,219000811,54.838740,11.491830,0.1,Under way using engine
2026-08-26T14:55:14Z,219002177,54.919315,11.370977,7.3,Under way using engine
2026-08-26T14:55:16Z,219000809,54.916337,11.363682,7.1,Under way using engine
2026-08-26T14:55:20Z,219000811,54.838738,11.491828,0.0,Under way using engine
2026-08-26T14:55:44Z,219002177,54.920375,11.371013,7.8,Under way using engine
2026-08-26T14:55:52Z,219000809,54.916253,11.361998,5.2,Under way using engine
2026-08-26T14:55:58Z,219000811,54.838728,11.491820,0.0,Under way using engine
2026-08-26T14:56:14Z,219002177,54.921472,11.370992,8.3,Under way using engine
2026-08-26T14:56:26Z,219000809,54.916093,11.360938,3.2,Under way using engine
2026-08-26T14:56:30Z,219000811,54.838727,11.491822,0.0,Under way using engine
2026-08-26T14:56:44Z,219002177,54.922693,11.370928,8.7,Under way using engine
2026-08-26T14:56:56Z,219000809,54.915998,11.360762,0.3,Under way using engine
2026-08-26T14:57:10Z,219000811,54.838730,11.491825,0.0,Under way using engine
2026-08-26T14:57:14Z,219002177,54.923870,11.370838,8.9,Under way using engine
2026-08-26T14:57:26Z,219000809,54.915968,11.360805,0.1,Under way using engine
2026-08-26T14:57:40Z,219000811,54.838732,11.491825,0.0,Under way using engine
2026-08-26T14:57:44Z,219002177,54.925155,11.370708,9.0,Under way using engine
2026-08-26T14:57:56Z,219000809,54.916005,11.360498,1.7,Under way using engine
2026-08-26T14:58:10Z,219000811,54.838733,11.491825,0.0,Under way using engine
2026-08-26T14:58:14Z,219002177,54.926357,11.370592,9.0,Under way using engine
2026-08-26T14:58:33Z,219000809,54.916058,11.360103,0.8,Under way using engine
2026-08-26T14:58:40Z,219000811,54.838735,11.491823,0.0,Under way using engine
2026-08-26T14:58:45Z,219002177,54.927653,11.370410,9.1,Under way using engine
2026-08-26T14:59:03Z,219000809,54.916057,11.360043,0.1,Under way using engine
2026-08-26T14:59:10Z,219000811,54.838737,11.491820,0.0,Under way using engine
2026-08-26T14:59:25Z,219002177,54.929360,11.370212,9.1,Under way using engine
2026-08-26T14:59:33Z,219000809,54.916072,11.360048,0.0,Under way using engine
2026-08-26T14:59:40Z,219000811,54.838733,11.491820,0.0,Under way using engine
2026-08-26T14:59:55Z,219002177,54.930562,11.370175,9.0,Under way using engine
2026-08-26T15:00:03Z,219000809,54.916067,11.360050,0.0,Under way using engine
2026-08-26T15:00:10Z,219000811,54.838730,11.491818,0.0,Under way using engine
2026-08-26T15:00:25Z,219002177,54.931840,11.370147,8.9,Under way using engine
2026-08-26T15:00:33Z,219000809,54.916067,11.360058,0.0,Under way using engine
2026-08-26T15:00:50Z,219000811,54.838728,11.491815,0.0,Under way using engine
2026-08-26T15:00:55Z,219002177,54.933008,11.370225,8.7,Under way using engine
2026-08-26T15:01:03Z,219000809,54.916065,11.360065,0.0,Under way using engine
2026-08-26T15:01:25Z,219002177,54.934152,11.370597,7.6,Under way using engine
2026-08-26T15:01:30Z,219000811,54.838732,11.491817,0.0,Under way using engine
2026-08-26T15:01:33Z,219000809,54.916062,11.360072,0.0,Under way using engine
2026-08-26T15:01:55Z,219002177,54.934962,11.371157,6.0,Under way using engine
2026-08-26T15:02:00Z,219000811,54.838732,11.491817,0.0,Under way using engine
2026-08-26T15:02:03Z,219000809,54.916065,11.360070,0.0,Under way using engine
2026-08-26T15:02:25Z,219002177,54.935525,11.371583,3.0,Under way using engine
2026-08-26T15:02:30Z,219000811,54.838735,11.491818,0.0,Under way using engine
2026-08-26T15:02:33Z,219000809,54.916063,11.360063,0.0,Under way using engine
2026-08-26T15:03:00Z,219000811,54.838735,11.491818,0.0,Under way using engine
2026-08-26T15:03:03Z,219000809,54.916062,11.360070,0.0,Under way using engine
2026-08-26T15:03:03Z,219002177,54.935703,11.371770,1.1,Under way using engine
2026-08-26T15:03:30Z,219000811,54.838735,11.491815,0.0,Under way using engine
2026-08-26T15:03:33Z,219000809,54.916060,11.360075,0.0,Under way using engine
2026-08-26T15:03:34Z,219002177,54.935822,11.371867,0.6,Under way using engine
2026-08-26T15:04:00Z,219000811,54.838738,11.491817,0.0,Under way using engine
2026-08-26T15:04:13Z,219000809,54.916057,11.360072,0.1,Under way using engine
2026-08-26T15:04:15Z,219002177,54.935928,11.371983,0.6,Under way using engine
2026-08-26T15:04:30Z,219000811,54.838740,11.491813,0.0,Under way using engine
2026-08-26T15:04:43Z,219000809,54.916065,11.360063,0.0,Under way using engine
2026-08-26T15:04:45Z,219002177,54.935948,11.371987,0.0,Under way using engine
2026-08-26T15:05:00Z,219000811,54.838740,11.491815,0.0,Under way using engine
2026-08-26T15:05:13Z,219000809,54.916068,11.360073,0.0,Under way using engine
2026-08-26T15:05:15Z,219002177,54.935957,11.371980,0.0,Under way using engine
2026-08-26T15:05:30Z,219000811,54.838742,11.491817,0.0,Under way using engine
2026-08-26T15:05:43Z,219000809,54.916062,11.360045,0.0,Under way using engine
2026-08-26T15:05:45Z,219002177,54.935952,11.371977,0.0,Under way using engine
2026-08-26T15:06:00Z,219000811,54.838742,11.491820,0.0,Under way using engine
2026-08-26T15:06:13Z,219000809,54.916070,11.360047,0.0,Under way using engine
2026-08-26T15:06:15Z,219002177,54.935957,11.371983,0.0,Under way using engine
2026-08-26T15:06:30Z,219000811,54.838742,11.491822,0.0,Under way using engine
2026-08-26T15:06:43Z,219000809,54.916065,11.360052,0.0,Under way using engine
2026-08-26T15:06:45Z,219002177,54.935952,11.372013,0.0,Under way using engine
2026-08-26T15:07:00Z,219000811,54.838742,11.491825,0.0,Under way using engine
2026-08-26T15:07:13Z,219000809,54.916065,11.360055,0.0,Under way using engine
2026-08-26T15:07:15Z,219002177,54.935950,11.372017,0.0,Under way using engine
2026-08-26T15:07:30Z,219000811,54.838743,11.491828,0.0,Under way using engine
2026-08-26T15:07:43Z,219000809,54.916068,11.360058,0.0,Under way using engine
2026-08-26T15:07:45Z,219002177,54.935948,11.372007,0.0,Under way using engine
2026-08-26T15:08:00Z,219000811,54.838742,11.491830,0.0,Under way using engine
2026-08-26T15:08:15Z,219002177,54.935962,11.371980,0.0,Under way using engine
2026-08-26T15:08:22Z,219000809,54.916073,11.360057,0.0,Under way using engine
2026-08-26T15:08:30Z,219000811,54.838740,11.491833,0.0,Under way using engine
2026-08-26T15:08:45Z,219002177,54.935957,11.371957,0.0,Under way using engine
2026-08-26T15:08:53Z,219000809,54.916070,11.360045,0.0,Under way using engine
2026-08-26T15:09:00Z,219000811,54.838738,11.491837,0.0,Under way using engine
2026-08-26T15:09:15Z,219002177,54.935968,11.371968,0.0,Under way using engine
2026-08-26T15:09:30Z,219000811,54.838737,11.491837,0.0,Under way using engine
2026-08-26T15:09:33Z,219000809,54.916070,11.360053,0.0,Under way using engine
2026-08-26T15:09:45Z,219002177,54.935965,11.371973,0.0,Under way using engine
2026-08-26T15:10:00Z,219000811,54.838733,11.491835,0.0,Under way using engine
2026-08-26T15:10:12Z,219000809,54.916047,11.360377,2.3,Under way using engine
2026-08-26T15:10:15Z,219002177,54.935965,11.371957,0.0,Under way using engine
2026-08-26T15:10:30Z,219000811,54.838732,11.491835,0.0,Under way using engine
2026-08-26T15:10:43Z,219000809,54.916055,11.361327,4.6,Under way using engine
2026-08-26T15:10:45Z,219002177,54.935958,11.372002,0.0,Under way using engine
2026-08-26T15:11:10Z,219000811,54.838733,11.491833,0.0,Under way using engine
2026-08-26T15:11:15Z,219000809,54.916220,11.362837,6.2,Under way using engine
2026-08-26T15:11:15Z,219002177,54.935955,11.371998,0.0,Under way using engine
2026-08-26T15:11:45Z,219002177,54.935945,11.371998,0.0,Under way using engine
2026-08-26T15:11:50Z,219000811,54.838730,11.491832,0.0,Under way using engine
2026-08-26T15:11:51Z,219000809,54.916400,11.364788,7.3,Under way using engine
2026-08-26T15:12:15Z,219002177,54.935947,11.372007,0.0,Under way using engine
2026-08-26T15:12:22Z,219000809,54.916465,11.366605,7.5,Under way using engine
2026-08-26T15:12:30Z,219000811,54.838730,11.491830,0.0,Under way using engine
2026-08-26T15:12:45Z,219002177,54.935940,11.372002,0.0,Under way using engine
2026-08-26T15:13:00Z,219000811,54.838730,11.491828,0.0,Under way using engine
2026-08-26T15:13:03Z,219000809,54.916563,11.369160,7.5,Under way using engine
2026-08-26T15:13:15Z,219002177,54.935950,11.371995,0.0,Under way using engine
2026-08-26T15:13:30Z,219000811,54.838728,11.491827,0.0,Under way using engine
2026-08-26T15:13:33Z,219000809,54.916553,11.370723,6.1,Under way using engine
2026-08-26T15:13:45Z,219002177,54.935950,11.372020,0.0,Under way using engine
2026-08-26T15:14:00Z,219000811,54.838727,11.491825,0.0,Under way using engine
2026-08-26T15:14:03Z,219000809,54.916392,11.372098,5.9,Under way using engine
2026-08-26T15:14:15Z,219002177,54.935953,11.372028,0.0,Under way using engine
2026-08-26T15:14:30Z,219000811,54.838727,11.491828,0.0,Under way using engine
2026-08-26T15:14:33Z,219000809,54.915948,11.373492,7.2,Under way using engine
2026-08-26T15:14:45Z,219002177,54.935965,11.372012,0.0,Under way using engine
2026-08-26T15:15:00Z,219000811,54.838727,11.491830,0.0,Under way using engine
2026-08-26T15:15:03Z,219000809,54.915318,11.375063,7.7,Under way using engine
2026-08-26T15:15:15Z,219002177,54.935957,11.371995,0.0,Under way using engine
2026-08-26T15:15:33Z,219000809,54.914748,11.376565,7.8,Under way using engine
2026-08-26T15:15:39Z,219000811,54.838725,11.491828,0.0,Under way using engine
2026-08-26T15:15:45Z,219002177,54.935952,11.372035,0.0,Under way using engine
2026-08-26T15:16:03Z,219000809,54.914143,11.378190,7.7,Under way using engine
2026-08-26T15:16:09Z,219000811,54.838723,11.491828,0.0,Under way using engine
2026-08-26T15:16:15Z,219002177,54.935927,11.371992,0.5,Under way using engine
2026-08-26T15:16:33Z,219000809,54.913625,11.379752,7.8,Under way using engine
2026-08-26T15:16:39Z,219000811,54.838725,11.491830,0.0,Under way using engine
2026-08-26T15:16:45Z,219002177,54.935690,11.371803,2.6,Under way using engine
2026-08-26T15:17:09Z,219000811,54.838725,11.491835,0.0,Under way using engine
2026-08-26T15:17:13Z,219000809,54.912872,11.381853,7.7,Under way using engine
2026-08-26T15:17:15Z,219002177,54.935252,11.371403,4.0,Under way using engine
2026-08-26T15:17:40Z,219000811,54.838727,11.491833,0.0,Under way using engine
2026-08-26T15:17:43Z,219000809,54.912318,11.383398,7.5,Under way using engine
2026-08-26T15:17:45Z,219002177,54.934698,11.370898,4.7,Under way using engine
2026-08-26T15:18:13Z,219000809,54.911755,11.384907,7.5,Under way using engine
2026-08-26T15:18:15Z,219002177,54.933995,11.370720,5.3,Under way using engine
2026-08-26T15:18:19Z,219000811,54.838725,11.491828,0.0,Under way using engine
2026-08-26T15:18:50Z,219000811,54.838722,11.491827,0.0,Under way using engine
2026-08-26T15:18:53Z,219000809,54.910980,11.386987,7.6,Under way using engine
2026-08-26T15:18:54Z,219002177,54.932923,11.370678,6.0,Under way using engine
2026-08-26T15:19:24Z,219002177,54.932057,11.370630,6.3,Under way using engine
2026-08-26T15:19:28Z,219000811,54.838722,11.491830,0.0,Under way using engine
2026-08-26T15:19:33Z,219000809,54.910225,11.388967,7.6,Under way using engine
2026-08-26T15:19:55Z,219002177,54.931167,11.370600,6.4,Under way using engine
2026-08-26T15:20:00Z,219000811,54.838723,11.491830,0.0,Under way using engine
2026-08-26T15:20:12Z,219000809,54.909448,11.390897,7.5,Under way using engine
2026-08-26T15:20:33Z,219002177,54.930007,11.370612,6.5,Under way using engine
2026-08-26T15:20:40Z,219000811,54.838725,11.491832,0.0,Under way using engine
2026-08-26T15:20:42Z,219000809,54.908832,11.392438,7.6,Under way using engine
2026-08-26T15:21:03Z,219002177,54.929375,11.370600,6.5,Under way using engine
2026-08-26T15:21:12Z,219000809,54.908388,11.393995,7.4,Under way using engine
2026-08-26T15:21:19Z,219000811,54.838728,11.491835,0.0,Under way using engine
2026-08-26T15:21:33Z,219002177,54.928217,11.370580,6.4,Under way using engine
2026-08-26T15:21:42Z,219000809,54.908297,11.395823,7.4,Under way using engine
2026-08-26T15:21:50Z,219000811,54.838727,11.491835,0.0,Under way using engine
2026-08-26T15:22:04Z,219002177,54.927305,11.370573,6.4,Under way using engine
2026-08-26T15:22:12Z,219000809,54.908508,11.397530,7.7,Under way using engine
2026-08-26T15:22:30Z,219000811,54.838723,11.491832,0.0,Under way using engine
2026-08-26T15:22:34Z,219002177,54.926415,11.370543,6.3,Under way using engine
2026-08-26T15:22:42Z,219000809,54.909043,11.399183,7.9,Under way using engine
2026-08-26T15:23:00Z,219000811,54.838723,11.491832,0.0,Under way using engine
2026-08-26T15:23:04Z,219002177,54.925550,11.370558,6.3,Under way using engine
2026-08-26T15:23:12Z,219000809,54.909777,11.400640,8.0,Under way using engine
2026-08-26T15:23:30Z,219000811,54.838725,11.491838,0.0,Under way using engine
2026-08-26T15:23:34Z,219002177,54.924678,11.370548,6.3,Under way using engine
2026-08-26T15:23:42Z,219000809,54.910490,11.402105,7.8,Under way using engine
2026-08-26T15:24:00Z,219000811,54.838725,11.491842,0.0,Under way using engine
2026-08-26T15:24:12Z,219000809,54.911138,11.403593,7.7,Under way using engine
2026-08-26T15:24:14Z,219002177,54.923555,11.370557,6.2,Under way using engine
2026-08-26T15:24:30Z,219000811,54.838725,11.491840,0.0,Under way using engine
2026-08-26T15:24:42Z,219000809,54.911785,11.405115,7.8,Under way using engine
2026-08-26T15:24:54Z,219002177,54.922402,11.370577,6.1,Under way using engine
2026-08-26T15:25:09Z,219000811,54.838723,11.491835,0.0,Under way using engine
2026-08-26T15:25:12Z,219000809,54.912415,11.406632,7.8,Under way using engine
2026-08-26T15:25:25Z,219002177,54.921533,11.370612,6.0,Under way using engine
2026-08-26T15:25:40Z,219000811,54.838725,11.491837,0.0,Under way using engine
2026-08-26T15:25:42Z,219000809,54.913062,11.408173,7.9,Under way using engine
2026-08-26T15:26:03Z,219002177,54.920460,11.370758,6.0,Under way using engine
2026-08-26T15:26:12Z,219000809,54.913735,11.409747,7.9,Under way using engine
2026-08-26T15:26:19Z,219000811,54.838725,11.491833,0.0,Under way using engine
2026-08-26T15:26:34Z,219002177,54.919588,11.370815,6.1,Under way using engine
2026-08-26T15:26:42Z,219000809,54.914352,11.411243,8.0,Under way using engine
2026-08-26T15:26:59Z,219000811,54.838725,11.491828,0.0,Under way using engine
2026-08-26T15:27:04Z,219002177,54.918762,11.370903,6.1,Under way using engine
2026-08-26T15:27:12Z,219000809,54.915033,11.412842,8.0,Under way using engine
2026-08-26T15:27:30Z,219000811,54.838727,11.491827,0.0,Under way using engine
2026-08-26T15:27:34Z,219002177,54.917887,11.371033,6.1,Under way using engine
2026-08-26T15:27:42Z,219000809,54.915693,11.414320,8.0,Under way using engine
2026-08-26T15:28:08Z,219000811,54.838730,11.491827,0.0,Under way using engine
2026-08-26T15:28:12Z,219000809,54.916392,11.415878,7.9,Under way using engine
2026-08-26T15:28:14Z,219002177,54.916920,11.370382,5.5,Under way using engine
2026-08-26T15:28:40Z,219000811,54.838732,11.491827,0.0,Under way using engine
2026-08-26T15:28:43Z,219000809,54.917088,11.417430,8.1,Under way using engine
2026-08-26T15:28:44Z,219002177,54.916787,11.369078,5.9,Under way using engine
2026-08-26T15:29:14Z,219002177,54.916718,11.367482,6.6,Under way using engine
2026-08-26T15:29:19Z,219000811,54.838735,11.491827,0.0,Under way using engine
2026-08-26T15:29:23Z,219000809,54.918010,11.419462,8.1,Under way using engine
2026-08-26T15:29:44Z,219002177,54.916608,11.365937,6.8,Under way using engine
2026-08-26T15:29:49Z,219000811,54.838733,11.491820,0.0,Under way using engine
2026-08-26T15:30:03Z,219000809,54.918938,11.421488,8.1,Under way using engine
2026-08-26T15:30:14Z,219002177,54.916443,11.364257,6.7,Under way using engine
2026-08-26T15:30:19Z,219000811,54.838732,11.491815,0.0,Under way using engine
2026-08-26T15:30:33Z,219000809,54.919673,11.423085,8.1,Under way using engine
2026-08-26T15:30:44Z,219002177,54.916388,11.362807,6.0,Under way using engine
2026-08-26T15:30:49Z,219000811,54.838730,11.491817,0.0,Under way using engine
2026-08-26T15:31:03Z,219000809,54.920333,11.424563,8.1,Under way using engine
2026-08-26T15:31:14Z,219002177,54.916352,11.361652,4.1,Under way using engine
2026-08-26T15:31:19Z,219000811,54.838730,11.491822,0.0,Under way using engine
2026-08-26T15:31:33Z,219000809,54.921080,11.426162,8.2,Under way using engine
2026-08-26T15:31:44Z,219002177,54.916347,11.360947,2.2,Under way using engine
2026-08-26T15:31:49Z,219000811,54.838730,11.491828,0.0,Under way using engine
2026-08-26T15:32:03Z,219000809,54.921753,11.427680,8.2,Under way using engine
2026-08-26T15:32:14Z,219002177,54.916343,11.360607,1.2,Under way using engine
2026-08-26T15:32:19Z,219000811,54.838733,11.491832,0.0,Under way using engine
2026-08-26T15:32:33Z,219000809,54.922493,11.429293,8.3,Under way using engine
2026-08-26T15:32:44Z,219002177,54.916333,11.360518,0.0,Under way using engine
2026-08-26T15:32:50Z,219000811,54.838733,11.491833,0.0,Under way using engine
2026-08-26T15:33:03Z,219000809,54.923207,11.430833,8.1,Under way using engine
2026-08-26T15:33:14Z,219002177,54.916337,11.360507,0.1,Under way using engine
2026-08-26T15:33:29Z,219000811,54.838725,11.491837,0.0,Under way using engine
2026-08-26T15:33:33Z,219000809,54.923892,11.432382,8.2,Under way using engine
2026-08-26T15:33:53Z,219002177,54.916348,11.360542,0.0,Under way using engine
2026-08-26T15:34:00Z,219000811,54.838722,11.491832,0.0,Under way using engine
2026-08-26T15:34:03Z,219000809,54.924617,11.433945,8.3,Under way using engine
2026-08-26T15:34:24Z,219002177,54.916340,11.360520,0.0,Under way using engine
2026-08-26T15:34:33Z,219000809,54.925315,11.435503,8.3,Under way using engine
2026-08-26T15:34:38Z,219000811,54.838720,11.491828,0.0,Under way using engine
2026-08-26T15:34:54Z,219002177,54.916347,11.360532,0.0,Under way using engine
2026-08-26T15:35:03Z,219000809,54.926032,11.437088,8.3,Under way using engine
2026-08-26T15:35:09Z,219000811,54.838717,11.491825,0.0,Under way using engine
2026-08-26T15:35:24Z,219002177,54.916347,11.360530,0.0,Under way using engine
2026-08-26T15:35:33Z,219000809,54.926737,11.438593,8.3,Under way using engine
2026-08-26T15:35:50Z,219000811,54.838715,11.491823,0.0,Under way using engine
2026-08-26T15:35:54Z,219002177,54.916345,11.360535,0.0,Under way using engine
2026-08-26T15:36:03Z,219000809,54.927485,11.440207,8.3,Under way using engine
2026-08-26T15:36:20Z,219000811,54.838717,11.491825,0.0,Under way using engine
2026-08-26T15:36:24Z,219002177,54.916347,11.360522,0.0,Under way using engine
2026-08-26T15:36:33Z,219000809,54.928178,11.441718,8.3,Under way using engine
2026-08-26T15:36:50Z,219000811,54.838720,11.491827,0.0,Under way using engine
2026-08-26T15:36:54Z,219002177,54.916343,11.360523,0.0,Under way using engine
2026-08-26T15:37:03Z,219000809,54.928927,11.443317,8.2,Under way using engine
2026-08-26T15:37:20Z,219000811,54.838720,11.491830,0.0,Under way using engine
2026-08-26T15:37:34Z,219002177,54.916348,11.360528,0.0,Under way using engine
2026-08-26T15:37:42Z,219000809,54.929817,11.445247,8.1,Under way using engine
2026-08-26T15:37:50Z,219000811,54.838720,11.491833,0.0,Under way using engine
2026-08-26T15:38:05Z,219002177,54.916343,11.360528,0.0,Under way using engine
2026-08-26T15:38:12Z,219000809,54.930545,11.446830,8.1,Under way using engine
2026-08-26T15:38:20Z,219000811,54.838722,11.491832,0.0,Under way using engine
2026-08-26T15:38:42Z,219000809,54.931247,11.448335,8.3,Under way using engine
2026-08-26T15:38:43Z,219002177,54.916357,11.360513,0.0,Under way using engine
2026-08-26T15:38:50Z,219000811,54.838723,11.491832,0.0,Under way using engine
2026-08-26T15:39:12Z,219000809,54.931970,11.449960,8.3,Under way using engine
2026-08-26T15:39:14Z,219002177,54.916348,11.360503,0.0,Under way using engine
2026-08-26T15:39:20Z,219000811,54.838725,11.491830,0.0,Under way using engine
2026-08-26T15:39:49Z,219000809,54.932762,11.451950,8.0,Under way using engine
2026-08-26T15:39:54Z,219002177,54.916347,11.360497,0.0,Under way using engine
2026-08-26T15:39:58Z,219000811,54.838727,11.491827,0.0,Under way using engine
2026-08-26T15:40:19Z,219000809,54.933262,11.453622,8.2,Under way using engine
2026-08-26T15:40:29Z,219000811,54.838725,11.491823,0.0,Under way using engine
2026-08-26T15:40:34Z,219002177,54.916342,11.360507,0.0,Under way using engine
2026-08-26T15:40:53Z,219000809,54.933885,11.455675,8.2,Under way using engine
2026-08-26T15:41:09Z,219000811,54.838725,11.491822,0.0,Under way using engine
2026-08-26T15:41:15Z,219002177,54.916342,11.360517,0.0,Under way using engine
2026-08-26T15:41:33Z,219000809,54.934580,11.457948,8.2,Under way using engine
2026-08-26T15:41:39Z,219000811,54.838723,11.491827,0.0,Under way using engine
2026-08-26T15:41:54Z,219002177,54.916345,11.360533,0.0,Under way using engine
2026-08-26T15:42:03Z,219000809,54.935105,11.459687,8.2,Under way using engine
2026-08-26T15:42:09Z,219000811,54.838722,11.491828,0.0,Under way using engine
2026-08-26T15:42:33Z,219000809,54.935647,11.461443,8.2,Under way using engine
2026-08-26T15:42:34Z,219002177,54.916365,11.360542,0.0,Under way using engine
2026-08-26T15:42:39Z,219000811,54.838723,11.491827,0.0,Under way using engine
2026-08-26T15:43:03Z,219000809,54.936180,11.463182,8.2,Under way using engine
2026-08-26T15:43:04Z,219002177,54.916350,11.360517,0.0,Under way using engine
2026-08-26T15:43:09Z,219000811,54.838725,11.491828,0.0,Under way using engine
2026-08-26T15:43:34Z,219002177,54.916358,11.360538,0.0,Under way using engine
2026-08-26T15:43:39Z,219000811,54.838725,11.491827,0.0,Under way using engine
2026-08-26T15:43:41Z,219000809,54.936885,11.465472,8.2,Under way using engine
2026-08-26T15:44:04Z,219002177,54.916367,11.360535,0.0,Under way using engine
2026-08-26T15:44:09Z,219000811,54.838723,11.491827,0.0,Under way using engine
2026-08-26T15:44:12Z,219000809,54.937430,11.467258,8.2,Under way using engine
2026-08-26T15:44:34Z,219002177,54.916367,11.360535,0.0,Under way using engine
2026-08-26T15:44:39Z,219000811,54.838727,11.491827,0.0,Under way using engine
2026-08-26T15:44:53Z,219000809,54.938135,11.469683,8.3,Under way using engine
2026-08-26T15:45:04Z,219002177,54.916343,11.360497,0.0,Under way using engine
2026-08-26T15:45:09Z,219000811,54.838727,11.491822,0.0,Under way using engine
2026-08-26T15:45:32Z,219000809,54.938817,11.471997,8.3,Under way using engine
2026-08-26T15:45:34Z,219002177,54.916347,11.360517,0.0,Under way using engine
2026-08-26T15:45:39Z,219000811,54.838728,11.491820,0.0,Under way using engine
2026-08-26T15:46:03Z,219000809,54.939345,11.473853,8.2,Under way using engine
2026-08-26T15:46:04Z,219002177,54.916350,11.360518,0.0,Under way using engine
2026-08-26T15:46:09Z,219000811,54.838728,11.491818,0.0,Under way using engine
2026-08-26T15:46:34Z,219002177,54.916355,11.360532,0.0,Under way using engine
2026-08-26T15:46:36Z,219000809,54.940047,11.475628,8.1,Under way using engine
2026-08-26T15:46:39Z,219000811,54.838725,11.491817,0.0,Under way using engine
2026-08-26T15:47:04Z,219002177,54.916358,11.360527,0.0,Under way using engine
2026-08-26T15:47:06Z,219000809,54.940862,11.476990,8.2,Under way using engine
2026-08-26T15:47:09Z,219000811,54.838723,11.491825,0.0,Under way using engine
2026-08-26T15:47:34Z,219002177,54.916367,11.360527,0.0,Under way using engine
2026-08-26T15:47:39Z,219000811,54.838723,11.491820,0.0,Under way using engine
2026-08-26T15:47:42Z,219000809,54.941945,11.478632,8.4,Under way using engine
2026-08-26T15:48:04Z,219002177,54.916352,11.360522,0.0,Under way using engine
2026-08-26T15:48:09Z,219000811,54.838723,11.491818,0.0,Under way using engine
2026-08-26T15:48:12Z,219000809,54.942780,11.479962,8.5,Under way using engine
2026-08-26T15:48:34Z,219002177,54.916365,11.360537,0.0,Under way using engine
2026-08-26T15:48:39Z,219000811,54.838723,11.491828,0.0,Under way using engine
2026-08-26T15:48:42Z,219000809,54.943712,11.481280,8.5,Under way using engine
2026-08-26T15:49:04Z,219002177,54.916387,11.360558,0.0,Under way using engine
2026-08-26T15:49:09Z,219000811,54.838725,11.491828,0.0,Under way using engine
2026-08-26T15:49:12Z,219000809,54.944807,11.482070,8.7,Under way using engine
2026-08-26T15:49:34Z,219002177,54.916383,11.360547,0.0,Under way using engine
2026-08-26T15:49:39Z,219000811,54.838727,11.491828,0.0,Under way using engine
2026-08-26T15:49:42Z,219000809,54.946033,11.482703,8.9,Under way using engine
2026-08-26T15:50:09Z,219000811,54.838723,11.491828,0.0,Under way using engine
2026-08-26T15:50:12Z,219000809,54.947183,11.483298,8.9,Under way using engine
2026-08-26T15:50:14Z,219002177,54.916375,11.360537,0.0,Under way using engine
2026-08-26T15:50:39Z,219000811,54.838723,11.491823,0.0,Under way using engine
2026-08-26T15:50:42Z,219000809,54.948423,11.483907,9.1,Under way using engine
2026-08-26T15:50:45Z,219002177,54.916368,11.360533,0.0,Under way using engine
2026-08-26T15:51:10Z,219000811,54.838727,11.491822,0.0,Under way using engine
2026-08-26T15:51:12Z,219000809,54.949598,11.484488,9.1,Under way using engine
2026-08-26T15:51:23Z,219002177,54.916367,11.360522,0.0,Under way using engine
2026-08-26T15:51:43Z,219000809,54.950898,11.485090,9.2,Under way using engine
2026-08-26T15:51:49Z,219000811,54.838727,11.491823,0.0,Under way using engine
2026-08-26T15:51:55Z,219002177,54.916352,11.360780,1.8,Under way using engine
2026-08-26T15:52:19Z,219000811,54.838728,11.491822,0.0,Under way using engine
2026-08-26T15:52:23Z,219000809,54.952508,11.485837,9.3,Under way using engine
2026-08-26T15:52:35Z,219002177,54.916233,11.361848,4.1,Under way using engine
2026-08-26T15:52:49Z,219000811,54.838730,11.491825,0.0,Under way using engine
2026-08-26T15:52:53Z,219000809,54.953750,11.486392,9.3,Under way using engine
2026-08-26T15:53:05Z,219002177,54.916283,11.362928,4.6,Under way using engine
2026-08-26T15:53:19Z,219000811,54.838730,11.491823,0.0,Under way using engine
2026-08-26T15:53:23Z,219000809,54.954987,11.486935,9.2,Under way using engine
2026-08-26T15:53:35Z,219002177,54.916402,11.364103,5.1,Under way using engine
2026-08-26T15:53:49Z,219000811,54.838732,11.491823,0.0,Under way using engine
2026-08-26T15:54:05Z,219002177,54.916548,11.365350,5.3,Under way using engine
2026-08-26T15:54:12Z,219000809,54.956995,11.487832,9.1,Under way using engine
2026-08-26T15:54:19Z,219000811,54.838733,11.491825,0.0,Under way using engine
2026-08-26T15:54:35Z,219002177,54.916682,11.366620,5.3,Under way using engine
2026-08-26T15:54:43Z,219000809,54.958317,11.488435,9.2,Under way using engine
2026-08-26T15:54:49Z,219000811,54.838733,11.491820,0.0,Under way using engine
2026-08-26T15:55:05Z,219002177,54.916752,11.367917,5.5,Under way using engine
2026-08-26T15:55:13Z,219000809,54.959478,11.489003,9.1,Under way using engine
2026-08-26T15:55:19Z,219000811,54.838733,11.491820,0.0,Under way using engine
2026-08-26T15:55:35Z,219002177,54.916860,11.369237,5.6,Under way using engine
2026-08-26T15:55:43Z,219000809,54.960718,11.489640,9.1,Under way using engine
2026-08-26T15:55:49Z,219000811,54.838732,11.491825,0.0,Under way using engine
2026-08-26T15:56:05Z,219002177,54.917010,11.370523,5.3,Under way using engine
2026-08-26T15:56:13Z,219000809,54.961883,11.490202,9.0,Under way using engine
2026-08-26T15:56:19Z,219000811,54.838732,11.491825,0.0,Under way using engine
2026-08-26T15:56:44Z,219002177,54.917818,11.371327,5.4,Under way using engine
2026-08-26T15:56:49Z,219000811,54.838733,11.491823,0.0,Under way using engine
2026-08-26T15:56:52Z,219000809,54.963402,11.491118,8.7,Under way using engine
2026-08-26T15:57:14Z,219002177,54.918613,11.371307,6.3,Under way using engine
2026-08-26T15:57:19Z,219000811,54.838735,11.491823,0.0,Under way using engine
2026-08-26T15:57:22Z,219000809,54.964470,11.492050,8.8,Under way using engine
2026-08-26T15:57:44Z,219002177,54.919545,11.371322,6.7,Under way using engine
2026-08-26T15:57:49Z,219000811,54.838733,11.491820,0.1,Under way using engine
2026-08-26T15:57:52Z,219000809,54.965520,11.493120,8.8,Under way using engine
2026-08-26T15:58:14Z,219002177,54.920482,11.371313,7.1,Under way using engine
2026-08-26T15:58:19Z,219000811,54.838732,11.491817,0.0,Under way using engine
2026-08-26T15:58:22Z,219000809,54.966577,11.494205,8.9,Under way using engine
2026-08-26T15:58:44Z,219002177,54.921548,11.371262,7.6,Under way using engine
2026-08-26T15:58:49Z,219000811,54.838732,11.491815,0.0,Under way using engine
2026-08-26T15:58:52Z,219000809,54.967647,11.495278,8.7,Under way using engine
2026-08-26T15:59:14Z,219002177,54.922625,11.371168,7.8,Under way using engine
2026-08-26T15:59:19Z,219000811,54.838733,11.491817,0.0,Under way using engine
2026-08-26T15:59:22Z,219000809,54.968655,11.496398,8.7,Under way using engine
2026-08-26T15:59:44Z,219002177,54.923740,11.371073,8.1,Under way using engine
2026-08-26T15:59:49Z,219000811,54.838732,11.491822,0.0,Under way using engine
2026-08-26T15:59:52Z,219000809,54.969623,11.497633,8.7,Under way using engine
2026-08-26T16:00:14Z,219002177,54.924835,11.370925,8.1,Under way using engine
2026-08-26T16:00:19Z,219000811,54.838733,11.491818,0.0,Under way using engine
2026-08-26T16:00:22Z,219000809,54.970607,11.498813,8.6,Under way using engine
2026-08-26T16:00:44Z,219002177,54.925925,11.370747,8.2,Under way using engine
2026-08-26T16:00:49Z,219000811,54.838735,11.491817,0.1,Under way using engine
2026-08-26T16:00:52Z,219000809,54.971448,11.500283,8.5,Under way using engine
2026-08-26T16:01:14Z,219002177,54.927108,11.370618,8.2,Under way using engine
2026-08-26T16:01:19Z,219000811,54.838738,11.491818,0.0,Under way using engine
2026-08-26T16:01:22Z,219000809,54.972068,11.501982,8.3,Under way using engine
2026-08-26T16:01:44Z,219002177,54.928183,11.370527,8.2,Under way using engine
2026-08-26T16:01:49Z,219000811,54.838738,11.491818,0.0,Under way using engine
2026-08-26T16:01:52Z,219000809,54.972460,11.503837,8.0,Under way using engine
2026-08-26T16:02:14Z,219002177,54.929357,11.370437,8.2,Under way using engine
2026-08-26T16:02:19Z,219000811,54.838738,11.491813,0.0,Under way using engine
2026-08-26T16:02:23Z,219000809,54.972305,11.505848,7.9,Under way using engine
2026-08-26T16:02:44Z,219002177,54.930415,11.370343,8.2,Under way using engine
2026-08-26T16:02:49Z,219000811,54.838740,11.491815,0.0,Under way using engine
2026-08-26T16:03:03Z,219000809,54.972047,11.508302,7.9,Under way using engine
2026-08-26T16:03:14Z,219002177,54.931592,11.370260,8.1,Under way using engine
2026-08-26T16:03:19Z,219000811,54.838742,11.491815,0.0,Under way using engine
2026-08-26T16:03:34Z,219000809,54.971992,11.509537,7.2,Under way using engine
2026-08-26T16:03:44Z,219002177,54.932658,11.370178,8.0,Under way using engine
2026-08-26T16:03:49Z,219000811,54.838742,11.491823,0.0,Under way using engine
2026-08-26T16:04:13Z,219000809,54.971862,11.511838,5.2,Under way using engine
2026-08-26T16:04:14Z,219002177,54.933742,11.370475,7.7,Under way using engine
2026-08-26T16:04:19Z,219000811,54.838738,11.491825,0.0,Under way using engine
2026-08-26T16:04:43Z,219000809,54.971865,11.513003,4.5,Under way using engine
2026-08-26T16:04:44Z,219002177,54.934650,11.370957,6.5,Under way using engine
2026-08-26T16:04:49Z,219000811,54.838738,11.491820,0.0,Under way using engine
2026-08-26T16:05:13Z,219000809,54.971860,11.513768,2.4,Under way using engine
2026-08-26T16:05:14Z,219002177,54.935368,11.371472,5.0,Under way using engine
2026-08-26T16:05:19Z,219000811,54.838738,11.491817,0.0,Under way using engine
2026-08-26T16:05:43Z,219000809,54.971860,11.514125,1.3,Under way using engine
2026-08-26T16:05:44Z,219002177,54.935703,11.371730,1.4,Under way using engine
2026-08-26T16:05:49Z,219000811,54.838733,11.491827,0.0,Under way using engine
2026-08-26T16:06:14Z,219002177,54.935793,11.371815,0.5,Under way using engine
2026-08-26T16:06:19Z,219000811,54.838733,11.491825,0.0,Under way using engine
2026-08-26T16:06:23Z,219000809,54.971868,11.514432,0.6,Under way using engine
2026-08-26T16:06:44Z,219002177,54.935857,11.371875,0.5,Under way using engine
2026-08-26T16:06:49Z,219000811,54.838732,11.491828,0.0,Under way using engine
2026-08-26T16:07:02Z,219000809,54.971882,11.514547,0.2,Under way using engine
2026-08-26T16:07:14Z,219002177,54.935922,11.371945,0.6,Under way using engine
2026-08-26T16:07:19Z,219000811,54.838725,11.491832,0.0,Under way using engine
2026-08-26T16:07:32Z,219000809,54.971893,11.514568,0.0,Under way using engine
2026-08-26T16:07:44Z,219002177,54.935938,11.371963,0.0,Under way using engine
2026-08-26T16:07:49Z,219000811,54.838723,11.491833,0.0,Under way using engine
2026-08-26T16:08:02Z,219000809,54.971887,11.514568,0.0,Under way using engine
2026-08-26T16:08:14Z,219002177,54.935928,11.371967,0.0,Under way using engine
2026-08-26T16:08:30Z,219000811,54.838725,11.491830,0.0,Under way using engine
2026-08-26T16:08:32Z,219000809,54.971882,11.514572,0.0,Under way using engine
2026-08-26T16:08:55Z,219002177,54.935935,11.371965,0.0,Under way using engine
2026-08-26T16:09:00Z,219000811,54.838727,11.491822,0.0,Under way using engine
2026-08-26T16:09:02Z,219000809,54.971880,11.514573,0.0,Under way using engine
2026-08-26T16:09:30Z,219000811,54.838730,11.491815,0.0,Under way using engine
2026-08-26T16:09:32Z,219000809,54.971885,11.514563,0.0,Under way using engine
2026-08-26T16:09:33Z,219002177,54.935943,11.371965,0.0,Under way using engine
2026-08-26T16:10:02Z,219000809,54.971877,11.514563,0.0,Under way using engine
2026-08-26T16:10:03Z,219002177,54.935950,11.371965,0.0,Under way using engine
2026-08-26T16:10:08Z,219000811,54.838733,11.491812,0.0,Under way using engine
2026-08-26T16:10:32Z,219000809,54.971877,11.514583,0.0,Under way using engine
2026-08-26T16:10:33Z,219002177,54.935932,11.371967,0.0,Under way using engine
2026-08-26T16:10:39Z,219000811,54.838732,11.491813,0.0,Under way using engine
2026-08-26T16:11:02Z,219000809,54.971887,11.514587,0.0,Under way using engine
2026-08-26T16:11:03Z,219002177,54.935927,11.371967,0.0,Under way using engine
2026-08-26T16:11:19Z,219000811,54.838728,11.491820,0.0,Under way using engine
2026-08-26T16:11:32Z,219000809,54.971885,11.514587,0.0,Under way using engine
2026-08-26T16:11:34Z,219002177,54.935950,11.371970,0.0,Under way using engine
2026-08-26T16:11:49Z,219000811,54.838725,11.491823,0.0,Under way using engine
2026-08-26T16:12:02Z,219000809,54.971890,11.514583,0.0,Under way using engine
2026-08-26T16:12:14Z,219002177,54.935940,11.371977,0.0,Under way using engine
2026-08-26T16:12:19Z,219000811,54.838725,11.491825,0.0,Under way using engine
2026-08-26T16:12:32Z,219000809,54.971893,11.514578,0.0,Under way using engine
2026-08-26T16:12:49Z,219000811,54.838727,11.491822,0.0,Under way using engine
2026-08-26T16:12:55Z,219002177,54.935943,11.371978,0.0,Under way using engine
2026-08-26T16:13:02Z,219000809,54.971910,11.514568,0.0,Under way using engine
2026-08-26T16:13:19Z,219000811,54.838730,11.491815,0.0,Under way using engine
2026-08-26T16:13:32Z,219000809,54.971905,11.514573,0.0,Under way using engine
2026-08-26T16:13:34Z,219002177,54.935962,11.371972,0.0,Under way using engine
2026-08-26T16:13:50Z,219000811,54.838732,11.491815,0.0,Under way using engine
2026-08-26T16:14:02Z,219000809,54.971930,11.514557,0.2,Under way using engine
2026-08-26T16:14:15Z,219002177,54.935943,11.371965,0.0,Under way using engine
2026-08-26T16:14:30Z,219000811,54.838730,11.491820,0.0,Under way using engine
2026-08-26T16:14:32Z,219000809,54.971915,11.514023,2.9,Under way using engine
2026-08-26T16:14:55Z,219002177,54.935960,11.371980,0.0,Under way using engine
2026-08-26T16:15:03Z,219000809,54.971805,11.513265,3.0,Under way using engine
2026-08-26T16:15:09Z,219000811,54.838730,11.491822,0.0,Under way using engine
2026-08-26T16:15:34Z,219002177,54.935962,11.371972,0.0,Under way using engine
2026-08-26T16:15:36Z,219000809,54.971718,11.512908,1.0,Under way using engine
2026-08-26T16:15:40Z,219000811,54.838728,11.491820,0.0,Under way using engine
2026-08-26T16:16:06Z,219000809,54.971815,11.512483,2.9,Under way using engine
2026-08-26T16:16:15Z,219002177,54.935930,11.371952,0.6,Under way using engine
2026-08-26T16:16:19Z,219000811,54.838725,11.491813,0.0,Under way using engine
2026-08-26T16:16:36Z,219000809,54.971943,11.511337,5.5,Under way using engine
2026-08-26T16:16:50Z,219000811,54.838728,11.491810,0.0,Under way using engine
2026-08-26T16:16:55Z,219002177,54.935402,11.371550,4.1,Under way using engine
2026-08-26T16:17:12Z,219000809,54.972090,11.509473,7.0,Under way using engine
2026-08-26T16:17:29Z,219000811,54.838732,11.491813,0.0,Under way using engine
2026-08-26T16:17:34Z,219002177,54.934565,11.370955,5.3,Under way using engine
2026-08-26T16:17:42Z,219000809,54.972230,11.507593,7.9,Under way using engine
2026-08-26T16:17:59Z,219000811,54.838732,11.491815,0.0,Under way using engine
2026-08-26T16:18:12Z,219000809,54.972377,11.505717,8.2,Under way using engine
2026-08-26T16:18:15Z,219002177,54.933520,11.371005,6.0,Under way using engine
2026-08-26T16:18:29Z,219000811,54.838733,11.491815,0.0,Under way using engine
2026-08-26T16:18:42Z,219000809,54.972073,11.503737,8.3,Under way using engine
2026-08-26T16:18:55Z,219002177,54.932350,11.371052,6.4,Under way using engine
2026-08-26T16:18:59Z,219000811,54.838733,11.491817,0.0,Under way using engine
2026-08-26T16:19:12Z,219000809,54.971308,11.502343,8.4,Under way using engine
2026-08-26T16:19:29Z,219000811,54.838735,11.491817,0.0,Under way using engine
2026-08-26T16:19:34Z,219002177,54.931157,11.371067,6.5,Under way using engine
2026-08-26T16:19:42Z,219000809,54.970333,11.501002,8.8,Under way using engine
2026-08-26T16:19:59Z,219000811,54.838735,11.491817,0.0,Under way using engine
2026-08-26T16:20:12Z,219000809,54.969405,11.499738,8.9,Under way using engine
2026-08-26T16:20:15Z,219002177,54.929947,11.371083,6.6,Under way using engine
2026-08-26T16:20:29Z,219000811,54.838737,11.491817,0.0,Under way using engine
2026-08-26T16:20:42Z,219000809,54.968387,11.498357,9.0,Under way using engine
2026-08-26T16:20:55Z,219002177,54.928702,11.371082,6.5,Under way using engine
2026-08-26T16:20:59Z,219000811,54.838735,11.491818,0.0,Under way using engine
2026-08-26T16:21:12Z,219000809,54.967472,11.497082,8.9,Under way using engine
2026-08-26T16:21:29Z,219000811,54.838732,11.491818,0.0,Under way using engine
2026-08-26T16:21:34Z,219002177,54.927565,11.371108,6.3,Under way using engine
2026-08-26T16:21:42Z,219000809,54.966428,11.495777,9.0,Under way using engine
2026-08-26T16:22:09Z,219000811,54.838730,11.491818,0.1,Under way using engine
2026-08-26T16:22:13Z,219000809,54.965443,11.494463,8.9,Under way using engine
2026-08-26T16:22:15Z,219002177,54.926425,11.371103,6.1,Under way using engine
2026-08-26T16:22:39Z,219000811,54.838730,11.491818,0.0,Under way using engine
2026-08-26T16:22:52Z,219000809,54.964165,11.492790,8.9,Under way using engine
2026-08-26T16:22:55Z,219002177,54.925265,11.371108,6.1,Under way using engine
2026-08-26T16:23:09Z,219000811,54.838730,11.491818,0.0,Under way using engine
2026-08-26T16:23:22Z,219000809,54.963183,11.491505,8.9,Under way using engine
2026-08-26T16:23:34Z,219002177,54.924172,11.371115,6.0,Under way using engine
2026-08-26T16:23:39Z,219000811,54.838728,11.491818,0.0,Under way using engine
2026-08-26T16:23:52Z,219000809,54.962193,11.490203,8.9,Under way using engine
2026-08-26T16:24:04Z,219002177,54.923338,11.371142,6.0,Under way using engine
2026-08-26T16:24:10Z,219000811,54.838728,11.491820,0.0,Under way using engine
2026-08-26T16:24:22Z,219000809,54.961203,11.488980,8.7,Under way using engine
2026-08-26T16:24:34Z,219002177,54.922507,11.371177,6.0,Under way using engine
2026-08-26T16:24:48Z,219000811,54.838725,11.491818,0.0,Under way using engine
2026-08-26T16:24:52Z,219000809,54.960072,11.488258,8.5,Under way using engine
2026-08-26T16:25:04Z,219002177,54.921668,11.371228,6.0,Under way using engine
2026-08-26T16:25:19Z,219000811,54.838723,11.491818,0.0,Under way using engine
2026-08-26T16:25:22Z,219000809,54.958907,11.487738,8.7,Under way using engine
2026-08-26T16:25:44Z,219002177,54.920552,11.371327,6.0,Under way using engine
2026-08-26T16:25:52Z,219000809,54.957740,11.487252,8.6,Under way using engine
2026-08-26T16:25:58Z,219000811,54.838725,11.491817,0.0,Under way using engine
2026-08-26T16:26:15Z,219002177,54.919732,11.371372,6.1,Under way using engine
2026-08-26T16:26:22Z,219000809,54.956597,11.486743,8.4,Under way using engine
2026-08-26T16:26:30Z,219000811,54.838725,11.491817,0.0,Under way using engine
2026-08-26T16:26:53Z,219000809,54.955438,11.486223,8.4,Under way using engine
2026-08-26T16:26:55Z,219002177,54.918572,11.371325,6.2,Under way using engine
2026-08-26T16:27:10Z,219000811,54.838712,11.491812,0.0,Under way using engine
2026-08-26T16:27:33Z,219000809,54.953903,11.485525,8.5,Under way using engine
2026-08-26T16:27:33Z,219002177,54.917503,11.371062,6.1,Under way using engine
2026-08-26T16:27:48Z,219000811,54.838708,11.491815,0.0,Under way using engine
2026-08-26T16:28:04Z,219002177,54.916903,11.370042,5.8,Under way using engine
2026-08-26T16:28:12Z,219000809,54.952427,11.484840,8.5,Under way using engine
2026-08-26T16:28:19Z,219000811,54.838713,11.491815,0.0,Under way using engine
2026-08-26T16:28:42Z,219000809,54.951252,11.484318,8.5,Under way using engine
2026-08-26T16:28:44Z,219002177,54.916692,11.368065,6.5,Under way using engine
2026-08-26T16:28:49Z,219000811,54.838717,11.491817,0.0,Under way using engine
2026-08-26T16:29:12Z,219000809,54.950155,11.483853,8.6,Under way using engine
2026-08-26T16:29:15Z,219002177,54.916525,11.366490,6.7,Under way using engine
2026-08-26T16:29:19Z,219000811,54.838720,11.491820,0.0,Under way using engine
2026-08-26T16:29:42Z,219000809,54.948963,11.483345,8.5,Under way using engine
2026-08-26T16:29:49Z,219000811,54.838720,11.491822,0.0,Under way using engine
2026-08-26T16:29:54Z,219002177,54.916420,11.364358,6.9,Under way using engine
2026-08-26T16:30:12Z,219000809,54.947850,11.482872,8.5,Under way using engine
2026-08-26T16:30:19Z,219000811,54.838725,11.491825,0.0,Under way using engine
2026-08-26T16:30:24Z,219002177,54.916325,11.362715,6.4,Under way using engine
2026-08-26T16:30:42Z,219000809,54.946667,11.482388,8.5,Under way using engine
2026-08-26T16:30:49Z,219000811,54.838730,11.491825,0.0,Under way using engine
2026-08-26T16:30:54Z,219002177,54.916347,11.361452,4.8,Under way using engine
2026-08-26T16:31:12Z,219000809,54.945553,11.481927,8.5,Under way using engine
2026-08-26T16:31:19Z,219000811,54.838733,11.491825,0.0,Under way using engine
2026-08-26T16:31:24Z,219002177,54.916363,11.360780,1.6,Under way using engine
2026-08-26T16:31:43Z,219000809,54.944348,11.481445,8.5,Under way using engine
2026-08-26T16:31:49Z,219000811,54.838735,11.491827,0.0,Under way using engine
2026-08-26T16:31:54Z,219002177,54.916362,11.360542,0.8,Under way using engine
2026-08-26T16:32:19Z,219000809,54.943060,11.480702,8.5,Under way using engine
2026-08-26T16:32:19Z,219000811,54.838737,11.491827,0.0,Under way using engine
2026-08-26T16:32:24Z,219002177,54.916348,11.360562,0.1,Under way using engine
2026-08-26T16:32:49Z,219000809,54.942165,11.479388,8.6,Under way using engine
2026-08-26T16:32:49Z,219000811,54.838738,11.491823,0.0,Under way using engine
2026-08-26T16:33:05Z,219002177,54.916345,11.360557,0.0,Under way using engine
2026-08-26T16:33:19Z,219000809,54.941320,11.477892,8.7,Under way using engine
2026-08-26T16:33:29Z,219000811,54.838740,11.491817,0.0,Under way using engine
2026-08-26T16:33:44Z,219002177,54.916363,11.360577,0.0,Under way using engine
2026-08-26T16:33:53Z,219000809,54.940383,11.476130,8.8,Under way using engine
2026-08-26T16:34:10Z,219000811,54.838738,11.491813,0.0,Under way using engine
2026-08-26T16:34:14Z,219002177,54.916367,11.360577,0.0,Under way using engine
2026-08-26T16:34:23Z,219000809,54.939563,11.474558,8.8,Under way using engine
2026-08-26T16:34:44Z,219002177,54.916365,11.360577,0.0,Under way using engine
2026-08-26T16:34:49Z,219000811,54.838738,11.491812,0.0,Under way using engine
2026-08-26T16:34:53Z,219000809,54.938940,11.472693,9.0,Under way using engine
2026-08-26T16:35:14Z,219002177,54.916350,11.360560,0.0,Under way using engine
2026-08-26T16:35:23Z,219000809,54.938400,11.470725,9.0,Under way using engine
2026-08-26T16:35:29Z,219000811,54.838737,11.491813,0.0,Under way using engine
2026-08-26T16:35:44Z,219002177,54.916345,11.360552,0.0,Under way using engine
2026-08-26T16:35:53Z,219000809,54.937845,11.468755,9.1,Under way using engine
2026-08-26T16:36:10Z,219000811,54.838737,11.491813,0.0,Under way using engine
2026-08-26T16:36:14Z,219002177,54.916362,11.360562,0.0,Under way using engine
2026-08-26T16:36:23Z,219000809,54.937317,11.466768,9.1,Under way using engine
2026-08-26T16:36:45Z,219002177,54.916368,11.360573,0.0,Under way using engine
2026-08-26T16:36:50Z,219000811,54.838733,11.491810,0.0,Under way using engine
2026-08-26T16:36:53Z,219000809,54.936767,11.464780,9.2,Under way using engine
2026-08-26T16:37:23Z,219000809,54.936213,11.462795,9.2,Under way using engine
2026-08-26T16:37:25Z,219002177,54.916357,11.360578,0.0,Under way using engine
2026-08-26T16:37:29Z,219000811,54.838732,11.491812,0.0,Under way using engine
2026-08-26T16:37:53Z,219000809,54.935668,11.460808,9.2,Under way using engine
2026-08-26T16:37:55Z,219002177,54.916358,11.360572,0.1,Under way using engine
2026-08-26T16:37:59Z,219000811,54.838728,11.491815,0.0,Under way using engine
2026-08-26T16:38:23Z,219000809,54.935125,11.458827,9.1,Under way using engine
2026-08-26T16:38:25Z,219002177,54.916353,11.360568,0.0,Under way using engine
2026-08-26T16:38:29Z,219000811,54.838730,11.491820,0.0,Under way using engine
2026-08-26T16:38:53Z,219000809,54.934558,11.456852,9.2,Under way using engine
2026-08-26T16:38:55Z,219002177,54.916373,11.360587,0.0,Under way using engine
2026-08-26T16:38:59Z,219000811,54.838728,11.491822,0.0,Under way using engine
2026-08-26T16:39:23Z,219000809,54.933983,11.454788,9.2,Under way using engine
2026-08-26T16:39:25Z,219002177,54.916382,11.360592,0.0,Under way using engine
2026-08-26T16:39:29Z,219000811,54.838725,11.491825,0.0,Under way using engine
2026-08-26T16:39:53Z,219000809,54.933300,11.453003,9.2,Under way using engine
2026-08-26T16:39:55Z,219002177,54.916377,11.360593,0.0,Under way using engine
2026-08-26T16:39:59Z,219000811,54.838728,11.491827,0.0,Under way using engine
2026-08-26T16:40:23Z,219000809,54.932533,11.451158,9.2,Under way using engine
2026-08-26T16:40:25Z,219002177,54.916363,11.360587,0.0,Under way using engine
2026-08-26T16:40:29Z,219000811,54.838732,11.491828,0.0,Under way using engine
2026-08-26T16:40:55Z,219002177,54.916370,11.360590,0.0,Under way using engine
2026-08-26T16:40:59Z,219000811,54.838733,11.491827,0.0,Under way using engine
2026-08-26T16:41:03Z,219000809,54.931453,11.448983,9.2,Under way using engine
2026-08-26T16:41:25Z,219002177,54.916368,11.360582,0.0,Under way using engine
2026-08-26T16:41:29Z,219000811,54.838732,11.491825,0.0,Under way using engine
2026-08-26T16:41:33Z,219000809,54.930657,11.447297,9.2,Under way using engine
2026-08-26T16:42:00Z,219000811,54.838730,11.491825,0.0,Under way using engine
2026-08-26T16:42:03Z,219000809,54.929832,11.445647,9.0,Under way using engine
2026-08-26T16:42:04Z,219002177,54.916368,11.360577,0.0,Under way using engine
2026-08-26T16:42:33Z,219000809,54.929012,11.443973,9.3,Under way using engine
2026-08-26T16:42:35Z,219002177,54.916382,11.360592,0.0,Under way using engine
2026-08-26T16:42:38Z,219000811,54.838728,11.491825,0.0,Under way using engine
2026-08-26T16:43:03Z,219000809,54.928178,11.442268,9.3,Under way using engine
2026-08-26T16:43:08Z,219000811,54.838728,11.491825,0.0,Under way using engine
2026-08-26T16:43:14Z,219002177,54.916375,11.360582,0.0,Under way using engine
2026-08-26T16:43:33Z,219000809,54.927347,11.440562,9.2,Under way using engine
2026-08-26T16:43:38Z,219000811,54.838728,11.491825,0.0,Under way using engine
2026-08-26T16:43:45Z,219002177,54.916367,11.360575,0.0,Under way using engine
2026-08-26T16:44:10Z,219000811,54.838730,11.491822,0.0,Under way using engine
2026-08-26T16:44:13Z,219000809,54.926298,11.438230,9.3,Under way using engine
2026-08-26T16:44:25Z,219002177,54.916373,11.360592,0.0,Under way using engine
2026-08-26T16:44:43Z,219000809,54.925510,11.436470,9.2,Under way using engine
2026-08-26T16:44:48Z,219000811,54.838732,11.491818,0.0,Under way using engine
2026-08-26T16:45:04Z,219002177,54.916367,11.360590,0.0,Under way using engine
2026-08-26T16:45:13Z,219000809,54.924712,11.434730,9.3,Under way using engine
2026-08-26T16:45:20Z,219000811,54.838733,11.491818,0.0,Under way using engine
2026-08-26T16:45:35Z,219002177,54.916368,11.360587,0.0,Under way using engine
2026-08-26T16:45:43Z,219000809,54.923920,11.433003,9.2,Under way using engine
2026-08-26T16:46:00Z,219000811,54.838735,11.491817,0.0,Under way using engine
2026-08-26T16:46:13Z,219000809,54.923117,11.431288,9.0,Under way using engine
2026-08-26T16:46:13Z,219002177,54.916373,11.360573,0.0,Under way using engine
2026-08-26T16:46:39Z,219000811,54.838737,11.491813,0.0,Under way using engine
2026-08-26T16:46:43Z,219000809,54.922328,11.429580,9.3,Under way using engine
2026-08-26T16:46:44Z,219002177,54.916382,11.360577,0.0,Under way using engine
2026-08-26T16:47:10Z,219000811,54.838737,11.491810,0.0,Under way using engine
2026-08-26T16:47:13Z,219000809,54.921522,11.427818,9.3,Under way using engine
2026-08-26T16:47:25Z,219002177,54.916360,11.360562,0.0,Under way using engine
2026-08-26T16:47:43Z,219000809,54.920720,11.426067,9.2,Under way using engine
2026-08-26T16:47:48Z,219000811,54.838733,11.491808,0.0,Under way using engine
2026-08-26T16:47:55Z,219002177,54.916355,11.360560,0.0,Under way using engine
2026-08-26T16:48:13Z,219000809,54.919937,11.424322,9.2,Under way using engine
2026-08-26T16:48:20Z,219000811,54.838732,11.491808,0.0,Under way using engine
2026-08-26T16:48:35Z,219002177,54.916365,11.360568,0.0,Under way using engine
2026-08-26T16:48:59Z,219000811,54.838728,11.491810,0.0,Under way using engine
2026-08-26T16:49:02Z,219000809,54.918638,11.421437,9.2,Under way using engine
2026-08-26T16:49:13Z,219002177,54.916373,11.360563,0.0,Under way using engine
2026-08-26T16:49:30Z,219000811,54.838728,11.491812,0.0,Under way using engine
2026-08-26T16:49:33Z,219000809,54.917845,11.419708,9.2,Under way using engine
2026-08-26T16:49:44Z,219002177,54.916352,11.360552,0.1,Under way using engine
2026-08-26T16:50:09Z,219000811,54.838728,11.491813,0.0,Under way using engine
2026-08-26T16:50:12Z,219000809,54.916785,11.417408,9.3,Under way using engine
2026-08-26T16:50:25Z,219002177,54.916365,11.360572,0.0,Under way using engine
2026-08-26T16:50:39Z,219000811,54.838730,11.491817,0.0,Under way using engine
2026-08-26T16:50:42Z,219000809,54.916007,11.415675,9.1,Under way using engine
2026-08-26T16:50:55Z,219002177,54.916358,11.360608,0.3,Under way using engine
2026-08-26T16:51:09Z,219000811,54.838732,11.491818,0.0,Under way using engine
2026-08-26T16:51:12Z,219000809,54.915207,11.413920,9.3,Under way using engine
2026-08-26T16:51:25Z,219002177,54.916335,11.361007,2.4,Under way using engine
2026-08-26T16:51:39Z,219000811,54.838733,11.491822,0.0,Under way using engine
2026-08-26T16:51:42Z,219000809,54.914408,11.412193,9.2,Under way using engine
2026-08-26T16:51:55Z,219002177,54.916308,11.361867,4.1,Under way using engine
2026-08-26T16:52:09Z,219000811,54.838735,11.491818,0.0,Under way using engine
2026-08-26T16:52:12Z,219000809,54.913613,11.410460,9.2,Under way using engine
2026-08-26T16:52:25Z,219002177,54.916270,11.362938,4.6,Under way using engine
2026-08-26T16:52:40Z,219000811,54.838735,11.491815,0.0,Under way using engine
2026-08-26T16:52:42Z,219000809,54.912833,11.408708,9.2,Under way using engine
2026-08-26T16:52:55Z,219002177,54.916402,11.364092,5.0,Under way using engine
2026-08-26T16:53:12Z,219000809,54.912025,11.406967,9.2,Under way using engine
2026-08-26T16:53:19Z,219000811,54.838735,11.491813,0.0,Under way using engine
2026-08-26T16:53:33Z,219002177,54.916547,11.365695,5.3,Under way using engine
2026-08-26T16:53:42Z,219000809,54.911245,11.405207,9.2,Under way using engine
2026-08-26T16:53:49Z,219000811,54.838733,11.491813,0.0,Under way using engine
2026-08-26T16:54:03Z,219002177,54.916685,11.366953,5.3,Under way using engine
2026-08-26T16:54:12Z,219000809,54.910470,11.403427,9.3,Under way using engine
2026-08-26T16:54:19Z,219000811,54.838730,11.491815,0.0,Under way using engine
2026-08-26T16:54:33Z,219002177,54.916815,11.368233,5.4,Under way using engine
2026-08-26T16:54:42Z,219000809,54.909685,11.401660,9.3,Under way using engine
2026-08-26T16:54:49Z,219000811,54.838728,11.491817,0.0,Under way using engine
2026-08-26T16:55:03Z,219002177,54.916945,11.369530,5.4,Under way using engine
2026-08-26T16:55:12Z,219000809,54.908933,11.399867,9.2,Under way using engine
2026-08-26T16:55:19Z,219000811,54.838727,11.491817,0.0,Under way using engine
2026-08-26T16:55:34Z,219002177,54.917127,11.370717,4.9,Under way using engine
2026-08-26T16:55:42Z,219000809,54.908405,11.397857,9.2,Under way using engine
2026-08-26T16:55:49Z,219000811,54.838727,11.491817,0.0,Under way using engine
2026-08-26T16:56:12Z,219000809,54.908205,11.395667,9.2,Under way using engine
2026-08-26T16:56:15Z,219002177,54.917977,11.371107,5.4,Under way using engine
2026-08-26T16:56:19Z,219000811,54.838728,11.491817,0.0,Under way using engine
2026-08-26T16:56:42Z,219000809,54.908300,11.393397,9.5,Under way using engine
2026-08-26T16:56:49Z,219000811,54.838728,11.491813,0.0,Under way using engine
2026-08-26T16:56:53Z,219002177,54.919070,11.371172,6.3,Under way using engine
2026-08-26T16:57:12Z,219000809,54.908847,11.391377,9.3,Under way using engine
2026-08-26T16:57:19Z,219000811,54.838727,11.491815,0.0,Under way using engine
2026-08-26T16:57:24Z,219002177,54.920013,11.371230,6.8,Under way using engine
2026-08-26T16:57:42Z,219000809,54.909705,11.389637,9.5,Under way using engine
2026-08-26T16:57:49Z,219000811,54.838727,11.491813,0.0,Under way using engine
2026-08-26T16:58:04Z,219002177,54.921283,11.371253,7.3,Under way using engine
2026-08-26T16:58:12Z,219000809,54.910578,11.387908,9.6,Under way using engine
2026-08-26T16:58:19Z,219000811,54.838725,11.491813,0.0,Under way using engine
2026-08-26T16:58:34Z,219002177,54.922328,11.371212,7.6,Under way using engine
2026-08-26T16:58:43Z,219000809,54.911425,11.386193,9.0,Under way using engine
2026-08-26T16:58:49Z,219000811,54.838725,11.491813,0.0,Under way using engine
2026-08-26T16:59:04Z,219002177,54.923397,11.371128,7.8,Under way using engine
2026-08-26T16:59:19Z,219000811,54.838723,11.491812,0.0,Under way using engine
2026-08-26T16:59:22Z,219000809,54.912500,11.384063,8.8,Under way using engine
2026-08-26T16:59:34Z,219002177,54.924493,11.371052,7.9,Under way using engine
2026-08-26T16:59:52Z,219000809,54.913300,11.382520,8.9,Under way using engine
2026-08-26T16:59:59Z,219000811,54.838722,11.491808,0.0,Under way using engine
2026-08-26T17:00:04Z,219002177,54.925602,11.370948,8.0,Under way using engine
2026-08-26T17:00:22Z,219000809,54.914150,11.380883,8.9,Under way using engine
2026-08-26T17:00:34Z,219002177,54.926728,11.370837,8.1,Under way using engine
2026-08-26T17:00:38Z,219000811,54.838720,11.491812,0.0,Under way using engine
2026-08-26T17:00:52Z,219000809,54.914955,11.379377,8.8,Under way using engine
2026-08-26T17:01:04Z,219002177,54.927848,11.370723,8.1,Under way using engine
2026-08-26T17:01:10Z,219000811,54.838718,11.491813,0.0,Under way using engine
2026-08-26T17:01:22Z,219000809,54.915770,11.377718,8.8,Under way using engine
2026-08-26T17:01:34Z,219002177,54.928968,11.370600,8.1,Under way using engine
2026-08-26T17:01:48Z,219000811,54.838715,11.491812,0.0,Under way using engine
2026-08-26T17:01:52Z,219000809,54.916433,11.376057,8.6,Under way using engine
2026-08-26T17:02:04Z,219002177,54.930083,11.370485,8.1,Under way using engine
2026-08-26T17:02:19Z,219000811,54.838713,11.491810,0.0,Under way using engine
2026-08-26T17:02:22Z,219000809,54.916883,11.374107,8.4,Under way using engine
2026-08-26T17:02:34Z,219002177,54.931192,11.370365,8.0,Under way using engine
2026-08-26T17:02:52Z,219000809,54.916978,11.372205,8.2,Under way using engine
2026-08-26T17:02:59Z,219000811,54.838715,11.491808,0.0,Under way using engine
2026-08-26T17:03:04Z,219002177,54.932292,11.370270,7.9,Under way using engine
2026-08-26T17:03:23Z,219000809,54.916853,11.370118,8.2,Under way using engine
2026-08-26T17:03:29Z,219000811,54.838713,11.491808,0.0,Under way using engine
2026-08-26T17:03:34Z,219002177,54.933345,11.370503,7.5,Under way using engine
2026-08-26T17:03:59Z,219000811,54.838715,11.491808,0.0,Under way using engine
2026-08-26T17:04:02Z,219000809,54.916682,11.367648,8.1,Under way using engine
2026-08-26T17:04:04Z,219002177,54.934282,11.370890,6.6,Under way using engine
2026-08-26T17:04:29Z,219000811,54.838715,11.491808,0.0,Under way using engine
2026-08-26T17:04:33Z,219000809,54.916532,11.365667,7.9,Under way using engine
2026-08-26T17:04:34Z,219002177,54.935048,11.371298,5.3,Under way using engine
2026-08-26T17:04:59Z,219000811,54.838718,11.491808,0.0,Under way using engine
2026-08-26T17:05:04Z,219002177,54.935587,11.371647,3.5,Under way using engine
2026-08-26T17:05:12Z,219000809,54.916362,11.363600,6.1,Under way using engine
2026-08-26T17:05:29Z,219000811,54.838723,11.491812,0.1,Under way using engine
2026-08-26T17:05:34Z,219002177,54.935825,11.371827,1.3,Under way using engine
2026-08-26T17:05:43Z,219000809,54.916260,11.362188,5.6,Under way using engine
2026-08-26T17:05:59Z,219000811,54.838723,11.491813,0.0,Under way using engine
2026-08-26T17:06:04Z,219002177,54.935925,11.371918,0.7,Under way using engine
2026-08-26T17:06:13Z,219000809,54.916130,11.361038,4.3,Under way using engine
2026-08-26T17:06:29Z,219000811,54.838723,11.491815,0.0,Under way using engine
2026-08-26T17:06:34Z,219002177,54.935962,11.371965,0.1,Under way using engine
2026-08-26T17:06:43Z,219000809,54.915998,11.360762,0.5,Under way using engine
2026-08-26T17:06:59Z,219000811,54.838722,11.491815,0.1,Under way using engine
2026-08-26T17:07:04Z,219002177,54.935960,11.371960,0.0,Under way using engine
2026-08-26T17:07:13Z,219000809,54.916015,11.360725,0.3,Under way using engine
2026-08-26T17:07:29Z,219000811,54.838722,11.491812,0.0,Under way using engine
2026-08-26T17:07:34Z,219002177,54.935963,11.371943,0.0,Under way using engine
2026-08-26T17:07:43Z,219000809,54.916032,11.360380,1.8,Under way using engine
2026-08-26T17:07:59Z,219000811,54.838723,11.491810,0.0,Under way using engine
2026-08-26T17:08:04Z,219002177,54.935972,11.371953,0.0,Under way using engine
2026-08-26T17:08:13Z,219000809,54.916070,11.360113,1.0,Under way using engine
2026-08-26T17:08:29Z,219000811,54.838725,11.491810,0.0,Under way using engine
2026-08-26T17:08:34Z,219002177,54.935967,11.371962,0.0,Under way using engine
2026-08-26T17:08:43Z,219000809,54.916082,11.360023,0.1,Under way using engine
2026-08-26T17:08:59Z,219000811,54.838725,11.491813,0.0,Under way using engine
2026-08-26T17:09:04Z,219002177,54.935973,11.371970,0.0,Under way using engine
2026-08-26T17:09:13Z,219000809,54.916085,11.360037,0.0,Under way using engine
2026-08-26T17:09:29Z,219000811,54.838725,11.491813,0.1,Under way using engine
2026-08-26T17:09:34Z,219002177,54.935978,11.371973,0.0,Under way using engine
2026-08-26T17:09:53Z,219000809,54.916085,11.360045,0.0,Under way using engine
2026-08-26T17:09:59Z,219000811,54.838725,11.491815,0.0,Under way using engine
2026-08-26T17:10:05Z,219002177,54.935968,11.371968,0.0,Under way using engine
2026-08-26T17:10:29Z,219000811,54.838727,11.491815,0.0,Under way using engine
2026-08-26T17:10:32Z,219000809,54.916085,11.360043,0.0,Under way using engine
2026-08-26T17:10:45Z,219002177,54.935965,11.371965,0.0,Under way using engine
2026-08-26T17:10:59Z,219000811,54.838732,11.491815,0.0,Under way using engine
2026-08-26T17:11:03Z,219000809,54.916085,11.360042,0.0,Under way using engine
2026-08-26T17:11:25Z,219002177,54.935968,11.371968,0.0,Under way using engine
2026-08-26T17:11:29Z,219000811,54.838725,11.491812,0.0,Under way using engine
2026-08-26T17:11:42Z,219000809,54.916088,11.360045,0.0,Under way using engine
2026-08-26T17:11:59Z,219000811,54.838723,11.491810,0.0,Under way using engine
2026-08-26T17:12:05Z,219002177,54.935968,11.371952,0.0,Under way using engine
2026-08-26T17:12:13Z,219000809,54.916075,11.360048,0.0,Under way using engine
2026-08-26T17:12:29Z,219000811,54.838723,11.491810,0.0,Under way using engine
2026-08-26T17:12:44Z,219002177,54.935972,11.371970,0.0,Under way using engine
2026-08-26T17:12:53Z,219000809,54.916068,11.360040,0.0,Under way using engine
2026-08-26T17:12:59Z,219000811,54.838720,11.491812,0.1,Under way using engine
2026-08-26T17:13:14Z,219002177,54.935975,11.371975,0.0,Under way using engine
2026-08-26T17:13:29Z,219000811,54.838722,11.491815,0.0,Under way using engine
2026-08-26T17:13:32Z,219000809,54.916075,11.360020,0.1,Under way using engine
2026-08-26T17:13:44Z,219002177,54.935973,11.371962,0.0,Under way using engine
2026-08-26T17:13:59Z,219000811,54.838723,11.491818,0.1,Under way using engine
2026-08-26T17:14:03Z,219000809,54.916075,11.360020,0.0,Under way using engine
2026-08-26T17:14:14Z,219002177,54.935972,11.371958,0.0,Under way using engine
2026-08-26T17:14:29Z,219000811,54.838727,11.491818,0.1,Under way using engine
2026-08-26T17:14:42Z,219000809,54.916085,11.360037,0.0,Under way using engine
2026-08-26T17:14:44Z,219002177,54.935965,11.371963,0.0,Under way using engine
2026-08-26T17:14:59Z,219000811,54.838725,11.491817,0.0,Under way using engine
2026-08-26T17:15:13Z,219000809,54.916077,11.360048,0.1,Under way using engine
2026-08-26T17:15:14Z,219002177,54.935965,11.371962,0.0,Under way using engine
2026-08-26T17:15:30Z,219000811,54.838725,11.491817,0.0,Under way using engine
2026-08-26T17:15:44Z,219002177,54.935953,11.371942,0.4,Under way using engine
2026-08-26T17:15:53Z,219000809,54.916017,11.360617,2.7,Under way using engine
2026-08-26T17:16:09Z,219000811,54.838728,11.491817,0.0,Under way using engine
2026-08-26T17:16:14Z,219002177,54.935697,11.371770,3.0,Under way using engine
2026-08-26T17:16:26Z,219000809,54.916147,11.361592,4.5,Under way using engine
2026-08-26T17:16:39Z,219000811,54.838732,11.491817,0.1,Under way using engine
2026-08-26T17:16:44Z,219002177,54.935168,11.371273,4.8,Under way using engine
2026-08-26T17:17:02Z,219000809,54.916288,11.363218,5.9,Under way using engine
2026-08-26T17:17:09Z,219000811,54.838728,11.491813,0.0,Under way using engine
2026-08-26T17:17:14Z,219002177,54.934502,11.370757,5.4,Under way using engine
2026-08-26T17:17:32Z,219000809,54.916407,11.364662,6.1,Under way using engine
2026-08-26T17:17:39Z,219000811,54.838725,11.491812,0.0,Under way using engine
2026-08-26T17:17:44Z,219002177,54.933720,11.370713,5.9,Under way using engine
2026-08-26T17:18:02Z,219000809,54.916547,11.366112,6.1,Under way using engine
2026-08-26T17:18:09Z,219000811,54.838722,11.491812,0.0,Under way using engine
2026-08-26T17:18:14Z,219002177,54.932867,11.370700,6.3,Under way using engine
2026-08-26T17:18:32Z,219000809,54.916577,11.367538,5.5,Under way using engine
2026-08-26T17:18:39Z,219000811,54.838723,11.491813,0.0,Under way using engine
2026-08-26T17:18:44Z,219002177,54.931978,11.370680,6.5,Under way using engine
2026-08-26T17:19:02Z,219000809,54.916412,11.368375,3.0,Under way using engine
2026-08-26T17:19:09Z,219000811,54.838722,11.491813,0.0,Under way using engine
2026-08-26T17:19:14Z,219002177,54.931072,11.370665,6.5,Under way using engine
2026-08-26T17:19:32Z,219000809,54.916203,11.369180,4.4,Under way using engine
2026-08-26T17:19:39Z,219000811,54.838722,11.491812,0.0,Under way using engine
2026-08-26T17:19:44Z,219002177,54.930157,11.370650,6.6,Under way using engine
2026-08-26T17:20:02Z,219000809,54.915853,11.370405,6.1,Under way using engine
2026-08-26T17:20:09Z,219000811,54.838723,11.491815,0.0,Under way using engine
2026-08-26T17:20:14Z,219002177,54.929238,11.370643,6.6,Under way using engine
2026-08-26T17:20:39Z,219000811,54.838723,11.491818,0.0,Under way using engine
2026-08-26T17:20:43Z,219000809,54.915265,11.372513,7.7,Under way using engine
2026-08-26T17:20:44Z,219002177,54.928322,11.370617,6.6,Under way using engine
2026-08-26T17:21:09Z,219000811,54.838722,11.491815,0.0,Under way using engine
2026-08-26T17:21:13Z,219000809,54.914770,11.374210,8.0,Under way using engine
2026-08-26T17:21:14Z,219002177,54.927410,11.370600,6.5,Under way using engine
2026-08-26T17:21:39Z,219000811,54.838722,11.491813,0.0,Under way using engine
2026-08-26T17:21:43Z,219000809,54.914223,11.375892,8.0,Under way using engine
2026-08-26T17:21:44Z,219002177,54.926503,11.370582,6.5,Under way using engine
2026-08-26T17:22:09Z,219000811,54.838722,11.491813,0.0,Under way using engine
2026-08-26T17:22:13Z,219000809,54.913707,11.377597,8.0,Under way using engine
2026-08-26T17:22:14Z,219002177,54.925602,11.370552,6.5,Under way using engine
2026-08-26T17:22:39Z,219000811,54.838722,11.491818,0.0,Under way using engine
2026-08-26T17:22:43Z,219000809,54.913185,11.379272,7.9,Under way using engine
2026-08-26T17:22:44Z,219002177,54.924698,11.370558,6.5,Under way using engine
2026-08-26T17:23:09Z,219000811,54.838722,11.491818,0.0,Under way using engine
2026-08-26T17:23:13Z,219000809,54.912668,11.380953,7.9,Under way using engine
2026-08-26T17:23:14Z,219002177,54.923790,11.370527,6.5,Under way using engine
2026-08-26T17:23:39Z,219000811,54.838720,11.491818,0.0,Under way using engine
2026-08-26T17:23:43Z,219000809,54.912148,11.382612,7.9,Under way using engine
2026-08-26T17:23:44Z,219002177,54.922897,11.370543,6.5,Under way using engine
2026-08-26T17:24:09Z,219000811,54.838717,11.491817,0.0,Under way using engine
2026-08-26T17:24:14Z,219002177,54.922000,11.370575,6.4,Under way using engine
2026-08-26T17:24:23Z,219000809,54.911432,11.384805,7.9,Under way using engine
2026-08-26T17:24:39Z,219000811,54.838717,11.491817,0.0,Under way using engine
2026-08-26T17:24:44Z,219002177,54.921118,11.370638,6.4,Under way using engine
2026-08-26T17:25:03Z,219000809,54.910675,11.386943,7.9,Under way using engine
2026-08-26T17:25:09Z,219000811,54.838717,11.491817,0.0,Under way using engine
2026-08-26T17:25:14Z,219002177,54.920242,11.370718,6.4,Under way using engine
2026-08-26T17:25:39Z,219000811,54.838718,11.491815,0.0,Under way using engine
2026-08-26T17:25:43Z,219000809,54.909920,11.389080,7.8,Under way using engine
2026-08-26T17:25:44Z,219002177,54.919357,11.370795,6.4,Under way using engine
2026-08-26T17:26:09Z,219000811,54.838718,11.491813,0.0,Under way using engine
2026-08-26T17:26:13Z,219000809,54.909342,11.390670,7.8,Under way using engine
2026-08-26T17:26:14Z,219002177,54.918472,11.370877,6.4,Under way using engine
2026-08-26T17:26:39Z,219000811,54.838718,11.491812,0.0,Under way using engine
2026-08-26T17:26:43Z,219000809,54.908743,11.392262,7.8,Under way using engine
2026-08-26T17:26:44Z,219002177,54.917592,11.370850,6.3,Under way using engine
2026-08-26T17:27:09Z,219000811,54.838720,11.491812,0.0,Under way using engine
2026-08-26T17:27:13Z,219000809,54.908155,11.393857,7.9,Under way using engine
2026-08-26T17:27:14Z,219002177,54.916822,11.370412,5.6,Under way using engine
2026-08-26T17:27:39Z,219000811,54.838718,11.491815,0.0,Under way using engine
2026-08-26T17:27:43Z,219000809,54.907557,11.395478,8.1,Under way using engine
2026-08-26T17:27:44Z,219002177,54.916617,11.369148,5.8,Under way using engine
2026-08-26T17:28:09Z,219000811,54.838717,11.491815,0.0,Under way using engine
2026-08-26T17:28:13Z,219000809,54.906955,11.397132,8.1,Under way using engine
2026-08-26T17:28:14Z,219002177,54.916575,11.367602,6.7,Under way using engine
2026-08-26T17:28:39Z,219000811,54.838717,11.491815,0.0,Under way using engine
2026-08-26T17:28:43Z,219000809,54.906390,11.398808,8.1,Under way using engine
2026-08-26T17:28:44Z,219002177,54.916522,11.365875,7.0,Under way using engine
2026-08-26T17:29:09Z,219000811,54.838715,11.491815,0.0,Under way using engine
2026-08-26T17:29:14Z,219002177,54.916420,11.364230,7.1,Under way using engine
2026-08-26T17:29:22Z,219000809,54.905657,11.401000,8.1,Under way using engine
2026-08-26T17:29:39Z,219000811,54.838713,11.491813,0.0,Under way using engine
2026-08-26T17:29:44Z,219002177,54.916345,11.362612,6.2,Under way using engine
2026-08-26T17:29:52Z,219000809,54.905075,11.402762,8.1,Under way using engine
2026-08-26T17:30:09Z,219000811,54.838712,11.491817,0.0,Under way using engine
2026-08-26T17:30:15Z,219002177,54.916350,11.361430,4.5,Under way using engine
2026-08-26T17:30:22Z,219000809,54.904558,11.404418,8.1,Under way using engine
2026-08-26T17:30:39Z,219000811,54.838710,11.491818,0.0,Under way using engine
2026-08-26T17:30:52Z,219000809,54.904002,11.406175,8.0,Under way using engine
2026-08-26T17:30:53Z,219002177,54.916358,11.360793,1.3,Under way using engine
2026-08-26T17:31:10Z,219000811,54.838707,11.491820,0.0,Under way using engine
2026-08-26T17:31:22Z,219000809,54.903475,11.407803,8.0,Under way using engine
2026-08-26T17:31:24Z,219002177,54.916352,11.360562,0.7,Under way using engine
2026-08-26T17:31:49Z,219000811,54.838708,11.491822,0.0,Under way using engine
2026-08-26T17:31:52Z,219000809,54.902920,11.409547,8.1,Under way using engine
2026-08-26T17:32:15Z,219002177,54.916353,11.360552,0.0,Under way using engine
2026-08-26T17:32:22Z,219000809,54.902398,11.411203,8.1,Under way using engine
2026-08-26T17:32:28Z,219000811,54.838710,11.491825,0.0,Under way using engine
2026-08-26T17:32:52Z,219000809,54.901870,11.412923,8.0,Under way using engine
2026-08-26T17:32:53Z,219002177,54.916357,11.360555,0.0,Under way using engine
2026-08-26T17:32:58Z,219000811,54.838712,11.491825,0.0,Under way using engine
2026-08-26T17:33:22Z,219000809,54.901345,11.414622,8.0,Under way using engine
2026-08-26T17:33:24Z,219002177,54.916348,11.360555,0.0,Under way using engine
2026-08-26T17:33:28Z,219000811,54.838712,11.491827,0.0,Under way using engine
2026-08-26T17:33:52Z,219000809,54.900822,11.416318,8.0,Under way using engine
2026-08-26T17:33:55Z,219002177,54.916355,11.360548,0.0,Under way using engine
2026-08-26T17:33:58Z,219000811,54.838713,11.491828,0.0,Under way using engine
2026-08-26T17:34:22Z,219000809,54.900298,11.418005,7.9,Under way using engine
2026-08-26T17:34:28Z,219000811,54.838713,11.491830,0.0,Under way using engine
2026-08-26T17:34:34Z,219002177,54.916358,11.360543,0.0,Under way using engine
2026-08-26T17:34:52Z,219000809,54.899773,11.419682,7.9,Under way using engine
2026-08-26T17:34:58Z,219000811,54.838718,11.491828,0.0,Under way using engine
2026-08-26T17:35:04Z,219002177,54.916363,11.360540,0.0,Under way using engine
2026-08-26T17:35:22Z,219000809,54.899255,11.421355,8.0,Under way using engine
2026-08-26T17:35:28Z,219000811,54.838722,11.491830,0.0,Under way using engine
2026-08-26T17:35:34Z,219002177,54.916363,11.360538,0.0,Under way using engine
2026-08-26T17:35:52Z,219000809,54.898738,11.423068,8.1,Under way using engine
2026-08-26T17:35:58Z,219000811,54.838722,11.491830,0.0,Under way using engine
2026-08-26T17:36:04Z,219002177,54.916358,11.360532,0.0,Under way using engine
2026-08-26T17:36:22Z,219000809,54.898208,11.424778,8.0,Under way using engine
2026-08-26T17:36:28Z,219000811,54.838720,11.491832,0.0,Under way using engine
2026-08-26T17:36:35Z,219002177,54.916355,11.360542,0.0,Under way using engine
2026-08-26T17:36:52Z,219000809,54.897678,11.426458,7.9,Under way using engine
2026-08-26T17:36:58Z,219000811,54.838720,11.491830,0.0,Under way using engine
2026-08-26T17:37:15Z,219002177,54.916363,11.360550,0.0,Under way using engine
2026-08-26T17:37:22Z,219000809,54.897167,11.428140,7.9,Under way using engine
2026-08-26T17:37:28Z,219000811,54.838720,11.491828,0.0,Under way using engine
2026-08-26T17:37:45Z,219002177,54.916363,11.360557,0.0,Under way using engine
2026-08-26T17:37:52Z,219000809,54.896657,11.429832,8.0,Under way using engine
2026-08-26T17:37:59Z,219000811,54.838720,11.491828,0.0,Under way using engine
2026-08-26T17:38:15Z,219002177,54.916363,11.360557,0.0,Under way using engine
2026-08-26T17:38:22Z,219000809,54.896150,11.431530,8.0,Under way using engine
2026-08-26T17:38:39Z,219000811,54.838718,11.491825,0.0,Under way using engine
2026-08-26T17:38:45Z,219002177,54.916365,11.360560,0.0,Under way using engine
2026-08-26T17:38:52Z,219000809,54.895623,11.433222,8.0,Under way using engine
2026-08-26T17:39:10Z,219000811,54.838718,11.491822,0.0,Under way using engine
2026-08-26T17:39:15Z,219002177,54.916360,11.360552,0.0,Under way using engine
2026-08-26T17:39:22Z,219000809,54.895100,11.434925,8.0,Under way using engine
2026-08-26T17:39:45Z,219002177,54.916360,11.360545,0.0,Under way using engine
2026-08-26T17:39:49Z,219000811,54.838717,11.491822,0.0,Under way using engine
2026-08-26T17:39:52Z,219000809,54.894567,11.436635,8.1,Under way using engine
2026-08-26T17:40:19Z,219000811,54.838717,11.491820,0.0,Under way using engine
2026-08-26T17:40:23Z,219000809,54.894040,11.438458,8.2,Under way using engine
2026-08-26T17:40:24Z,219002177,54.916358,11.360597,0.5,Under way using engine
2026-08-26T17:40:49Z,219000811,54.838718,11.491818,0.0,Under way using engine
2026-08-26T17:40:54Z,219002177,54.916337,11.361082,2.7,Under way using engine
2026-08-26T17:41:03Z,219000809,54.893330,11.440803,8.2,Under way using engine
2026-08-26T17:41:19Z,219000811,54.838720,11.491815,0.0,Under way using engine
2026-08-26T17:41:24Z,219002177,54.916308,11.361975,4.1,Under way using engine
2026-08-26T17:41:33Z,219000809,54.892805,11.442643,8.3,Under way using engine
2026-08-26T17:41:49Z,219000811,54.838720,11.491812,0.0,Under way using engine
2026-08-26T17:41:54Z,219002177,54.916345,11.363060,4.7,Under way using engine
2026-08-26T17:42:12Z,219000809,54.892058,11.444788,8.2,Under way using engine
2026-08-26T17:42:19Z,219000811,54.838720,11.491813,0.0,Under way using engine
2026-08-26T17:42:24Z,219002177,54.916352,11.364217,4.8,Under way using engine
2026-08-26T17:42:42Z,219000809,54.891432,11.446465,8.3,Under way using engine
2026-08-26T17:42:49Z,219000811,54.838717,11.491815,0.0,Under way using engine
2026-08-26T17:42:54Z,219002177,54.916497,11.365362,5.0,Under way using engine
2026-08-26T17:43:12Z,219000809,54.890805,11.448158,8.4,Under way using engine
2026-08-26T17:43:19Z,219000811,54.838715,11.491813,0.0,Under way using engine
2026-08-26T17:43:25Z,219002177,54.916598,11.366607,5.1,Under way using engine
2026-08-26T17:43:42Z,219000809,54.890190,11.449868,8.3,Under way using engine
2026-08-26T17:43:49Z,219000811,54.838715,11.491810,0.0,Under way using engine
2026-08-26T17:44:05Z,219002177,54.916760,11.368235,5.2,Under way using engine
2026-08-26T17:44:13Z,219000809,54.889532,11.451567,8.1,Under way using engine
2026-08-26T17:44:19Z,219000811,54.838715,11.491812,0.0,Under way using engine
2026-08-26T17:44:35Z,219002177,54.916878,11.369472,5.2,Under way using engine
2026-08-26T17:44:43Z,219000809,54.888873,11.453135,8.1,Under way using engine
2026-08-26T17:44:49Z,219000811,54.838717,11.491813,0.1,Under way using engine
2026-08-26T17:45:05Z,219002177,54.917013,11.370668,4.8,Under way using engine
2026-08-26T17:45:13Z,219000809,54.888257,11.454720,7.9,Under way using engine
2026-08-26T17:45:19Z,219000811,54.838717,11.491813,0.0,Under way using engine
2026-08-26T17:45:35Z,219002177,54.917573,11.371062,4.7,Under way using engine
2026-08-26T17:45:49Z,219000811,54.838717,11.491810,0.0,Under way using engine
2026-08-26T17:45:52Z,219000809,54.887397,11.456690,7.9,Under way using engine
2026-08-26T17:46:13Z,219002177,54.918580,11.371035,5.9,Under way using engine
2026-08-26T17:46:19Z,219000811,54.838717,11.491808,0.0,Under way using engine
2026-08-26T17:46:23Z,219000809,54.886557,11.458145,8.1,Under way using engine
2026-08-26T17:46:44Z,219002177,54.919447,11.371045,6.4,Under way using engine
2026-08-26T17:46:49Z,219000811,54.838717,11.491808,0.0,Under way using engine
2026-08-26T17:47:02Z,219000809,54.885492,11.459813,8.2,Under way using engine
2026-08-26T17:47:19Z,219000811,54.838715,11.491813,0.0,Under way using engine
2026-08-26T17:47:25Z,219002177,54.920708,11.371013,6.9,Under way using engine
2026-08-26T17:47:33Z,219000809,54.884637,11.461200,8.2,Under way using engine
2026-08-26T17:47:49Z,219000811,54.838713,11.491812,0.0,Under way using engine
2026-08-26T17:48:03Z,219002177,54.922000,11.370925,7.3,Under way using engine
2026-08-26T17:48:12Z,219000809,54.883508,11.462913,8.1,Under way using engine
2026-08-26T17:48:19Z,219000811,54.838712,11.491815,0.0,Under way using engine
2026-08-26T17:48:35Z,219002177,54.923068,11.370818,7.5,Under way using engine
2026-08-26T17:48:43Z,219000809,54.882760,11.464310,7.8,Under way using engine
2026-08-26T17:48:50Z,219000811,54.838710,11.491817,0.0,Under way using engine
2026-08-26T17:49:13Z,219002177,54.924448,11.370645,7.7,Under way using engine
2026-08-26T17:49:15Z,219000809,54.882217,11.466180,8.0,Under way using engine
2026-08-26T17:49:29Z,219000811,54.838708,11.491815,0.0,Under way using engine
2026-08-26T17:49:44Z,219002177,54.925510,11.370500,7.8,Under way using engine
2026-08-26T17:49:46Z,219000809,54.881808,11.467955,8.0,Under way using engine
2026-08-26T17:50:00Z,219000811,54.838710,11.491813,0.0,Under way using engine
2026-08-26T17:50:23Z,219000809,54.881442,11.470323,8.1,Under way using engine
2026-08-26T17:50:24Z,219002177,54.926955,11.370288,7.8,Under way using engine
2026-08-26T17:50:39Z,219000811,54.838710,11.491813,0.0,Under way using engine
2026-08-26T17:51:02Z,219000809,54.881063,11.472688,8.1,Under way using engine
2026-08-26T17:51:04Z,219002177,54.928440,11.370040,7.9,Under way using engine
2026-08-26T17:51:09Z,219000811,54.838712,11.491810,0.0,Under way using engine
2026-08-26T17:51:32Z,219000809,54.880828,11.474568,7.9,Under way using engine
2026-08-26T17:51:34Z,219002177,54.929495,11.369858,7.9,Under way using engine
2026-08-26T17:51:40Z,219000811,54.838715,11.491810,0.0,Under way using engine
2026-08-26T17:52:02Z,219000809,54.880815,11.476485,8.0,Under way using engine
2026-08-26T17:52:04Z,219002177,54.930605,11.369688,7.8,Under way using engine
2026-08-26T17:52:19Z,219000811,54.838712,11.491812,0.0,Under way using engine
2026-08-26T17:52:32Z,219000809,54.881013,11.478397,8.1,Under way using engine
2026-08-26T17:52:34Z,219002177,54.931640,11.369582,7.8,Under way using engine
2026-08-26T17:52:50Z,219000811,54.838713,11.491810,0.0,Under way using engine
2026-08-26T17:53:02Z,219000809,54.881227,11.480295,8.1,Under way using engine
2026-08-26T17:53:04Z,219002177,54.932757,11.369592,7.6,Under way using engine
2026-08-26T17:53:30Z,219000811,54.838713,11.491810,0.0,Under way using engine
2026-08-26T17:53:32Z,219000809,54.881700,11.482053,8.1,Under way using engine
2026-08-26T17:53:34Z,219002177,54.933710,11.369987,7.1,Under way using engine
2026-08-26T17:54:02Z,219000809,54.882562,11.483093,7.3,Under way using engine
2026-08-26T17:54:04Z,219002177,54.934530,11.370687,6.1,Under way using engine
2026-08-26T17:54:10Z,219000811,54.838708,11.491817,0.0,Under way using engine
2026-08-26T17:54:33Z,219000809,54.883542,11.483308,6.3,Under way using engine
2026-08-26T17:54:34Z,219002177,54.935107,11.371257,4.4,Under way using engine
2026-08-26T17:54:40Z,219000811,54.838708,11.491818,0.0,Under way using engine
2026-08-26T17:55:04Z,219002177,54.935563,11.371645,3.1,Under way using engine
2026-08-26T17:55:06Z,219000809,54.884078,11.483220,2.3,Under way using engine
2026-08-26T17:55:10Z,219000811,54.838710,11.491818,0.0,Under way using engine
2026-08-26T17:55:34Z,219002177,54.935802,11.371818,1.4,Under way using engine
2026-08-26T17:55:40Z,219000811,54.838713,11.491822,0.0,Under way using engine
2026-08-26T17:55:42Z,219000809,54.884178,11.483217,0.2,Under way using engine
2026-08-26T17:56:04Z,219002177,54.935905,11.371903,0.7,Under way using engine
2026-08-26T17:56:10Z,219000811,54.838715,11.491825,0.0,Under way using engine
2026-08-26T17:56:12Z,219000809,54.884262,11.483218,0.5,Under way using engine
2026-08-26T17:56:34Z,219002177,54.935960,11.371960,0.1,Under way using engine
2026-08-26T17:56:40Z,219000811,54.838715,11.491825,0.0,Under way using engine
2026-08-26T17:56:42Z,219000809,54.884308,11.483208,0.3,Under way using engine
2026-08-26T17:57:04Z,219002177,54.935957,11.371962,0.0,Under way using engine
2026-08-26T17:57:10Z,219000811,54.838715,11.491823,0.0,Under way using engine
2026-08-26T17:57:12Z,219000809,54.884325,11.483175,0.0,Under way using engine
2026-08-26T17:57:34Z,219002177,54.935950,11.371953,0.0,Under way using engine
2026-08-26T17:57:40Z,219000811,54.838713,11.491825,0.0,Under way using engine
2026-08-26T17:57:42Z,219000809,54.884317,11.483192,0.0,Under way using engine
2026-08-26T17:58:04Z,219002177,54.935962,11.371952,0.0,Under way using engine
2026-08-26T17:58:10Z,219000811,54.838712,11.491823,0.0,Under way using engine
2026-08-26T17:58:12Z,219000809,54.884310,11.483193,0.0,Under way using engine
2026-08-26T17:58:34Z,219002177,54.935968,11.371953,0.0,Under way using engine
2026-08-26T17:58:40Z,219000811,54.838713,11.491825,0.0,Under way using engine
2026-08-26T17:58:42Z,219000809,54.884223,11.483215,1.5,Under way using engine
2026-08-26T17:59:04Z,219002177,54.935963,11.371970,0.0,Under way using engine
2026-08-26T17:59:10Z,219000811,54.838715,11.491828,0.0,Under way using engine
2026-08-26T17:59:12Z,219000809,54.883848,11.483265,3.0,Under way using engine
2026-08-26T17:59:34Z,219002177,54.935958,11.371985,0.0,Under way using engine
2026-08-26T17:59:40Z,219000811,54.838713,11.491832,0.0,Under way using engine
2026-08-26T17:59:42Z,219000809,54.883380,11.483383,3.5,Under way using engine
2026-08-26T18:00:04Z,219002177,54.935965,11.371987,0.0,Under way using engine
2026-08-26T18:00:10Z,219000811,54.838712,11.491833,0.0,Under way using engine
2026-08-26T18:00:12Z,219000809,54.883062,11.483640,1.9,Under way using engine
2026-08-26T18:00:34Z,219002177,54.935973,11.371980,0.0,Under way using engine
2026-08-26T18:00:40Z,219000811,54.838708,11.491833,0.0,Under way using engine
2026-08-26T18:00:43Z,219000809,54.882808,11.483373,4.0,Under way using engine
2026-08-26T18:01:04Z,219002177,54.935977,11.371970,0.0,Under way using engine
2026-08-26T18:01:10Z,219000811,54.838708,11.491835,0.0,Under way using engine
2026-08-26T18:01:23Z,219000809,54.881885,11.482103,7.3,Under way using engine
2026-08-26T18:01:34Z,219002177,54.935982,11.371967,0.0,Under way using engine
2026-08-26T18:01:40Z,219000811,54.838710,11.491833,0.0,Under way using engine
2026-08-26T18:01:56Z,219000809,54.881005,11.480647,8.3,Under way using engine
2026-08-26T18:02:04Z,219002177,54.935982,11.371973,0.0,Under way using engine
2026-08-26T18:02:10Z,219000811,54.838712,11.491827,0.0,Under way using engine
2026-08-26T18:02:29Z,219000809,54.880608,11.478520,8.6,Under way using engine
2026-08-26T18:02:34Z,219002177,54.935977,11.371970,0.0,Under way using engine
2026-08-26T18:02:40Z,219000811,54.838713,11.491825,0.1,Under way using engine
2026-08-26T18:02:59Z,219000809,54.880695,11.476402,8.9,Under way using engine
2026-08-26T18:03:04Z,219002177,54.935973,11.371975,0.0,Under way using engine
2026-08-26T18:03:10Z,219000811,54.838718,11.491818,0.0,Under way using engine
2026-08-26T18:03:33Z,219000809,54.880845,11.473973,9.0,Under way using engine
2026-08-26T18:03:34Z,219002177,54.935970,11.371978,0.0,Under way using engine
2026-08-26T18:03:40Z,219000811,54.838723,11.491818,0.1,Under way using engine
2026-08-26T18:04:03Z,219000809,54.881003,11.471808,9.2,Under way using engine
2026-08-26T18:04:04Z,219002177,54.935955,11.371987,0.0,Under way using engine
2026-08-26T18:04:10Z,219000811,54.838723,11.491818,0.0,Under way using engine
2026-08-26T18:04:33Z,219000809,54.881340,11.469647,9.3,Under way using engine
2026-08-26T18:04:34Z,219002177,54.935952,11.371983,0.0,Under way using engine
2026-08-26T18:04:40Z,219000811,54.838717,11.491820,0.0,Under way using engine
2026-08-26T18:05:03Z,219000809,54.881715,11.467485,9.3,Under way using engine
2026-08-26T18:05:04Z,219002177,54.935940,11.371963,0.3,Under way using engine
2026-08-26T18:05:10Z,219000811,54.838718,11.491817,0.1,Under way using engine
2026-08-26T18:05:33Z,219000809,54.882327,11.465527,9.3,Under way using engine
2026-08-26T18:05:34Z,219002177,54.935732,11.371792,2.6,Under way using engine
2026-08-26T18:05:40Z,219000811,54.838713,11.491823,0.1,Under way using engine
2026-08-26T18:06:03Z,219000809,54.883198,11.463855,9.4,Under way using engine
2026-08-26T18:06:14Z,219002177,54.935012,11.371238,4.9,Under way using engine
2026-08-26T18:06:19Z,219000811,54.838717,11.491822,0.1,Under way using engine
2026-08-26T18:06:33Z,219000809,54.884105,11.462225,9.5,Under way using engine
2026-08-26T18:06:44Z,219002177,54.934282,11.371038,5.5,Under way using engine
2026-08-26T18:06:50Z,219000811,54.838722,11.491815,0.1,Under way using engine
2026-08-26T18:07:03Z,219000809,54.885023,11.460587,9.5,Under way using engine
2026-08-26T18:07:14Z,219002177,54.933490,11.371123,5.9,Under way using engine
2026-08-26T18:07:29Z,219000811,54.838717,11.491818,0.1,Under way using engine
2026-08-26T18:07:33Z,219000809,54.885947,11.458948,9.6,Under way using engine
2026-08-26T18:07:44Z,219002177,54.932618,11.371112,6.3,Under way using engine
2026-08-26T18:08:00Z,219000811,54.838712,11.491822,0.1,Under way using engine
2026-08-26T18:08:03Z,219000809,54.886813,11.457387,8.8,Under way using engine
2026-08-26T18:08:14Z,219002177,54.931725,11.371093,6.5,Under way using engine
2026-08-26T18:08:33Z,219000809,54.887655,11.455905,8.7,Under way using engine
2026-08-26T18:08:39Z,219000811,54.838708,11.491825,0.1,Under way using engine
2026-08-26T18:08:44Z,219002177,54.930820,11.371075,6.6,Under way using engine
2026-08-26T18:09:03Z,219000809,54.888450,11.454347,8.7,Under way using engine
2026-08-26T18:09:14Z,219002177,54.929908,11.371063,6.6,Under way using engine
2026-08-26T18:09:19Z,219000811,54.838708,11.491830,0.0,Under way using engine
2026-08-26T18:09:33Z,219000809,54.889112,11.452592,8.7,Under way using engine
2026-08-26T18:09:44Z,219002177,54.928985,11.371070,6.7,Under way using engine
2026-08-26T18:09:50Z,219000811,54.838715,11.491827,0.0,Under way using engine
2026-08-26T18:10:03Z,219000809,54.889738,11.450818,8.6,Under way using engine
2026-08-26T18:10:14Z,219002177,54.928075,11.371035,6.6,Under way using engine
2026-08-26T18:10:29Z,219000811,54.838718,11.491822,0.0,Under way using engine
2026-08-26T18:10:33Z,219000809,54.890335,11.449072,8.4,Under way using engine
2026-08-26T18:10:44Z,219002177,54.927170,11.371038,6.5,Under way using engine
2026-08-26T18:11:00Z,219000811,54.838718,11.491827,0.0,Under way using engine
2026-08-26T18:11:03Z,219000809,54.890898,11.447328,8.2,Under way using engine
2026-08-26T18:11:14Z,219002177,54.926273,11.371018,6.5,Under way using engine
2026-08-26T18:11:33Z,219000809,54.891452,11.445627,8.1,Under way using engine
2026-08-26T18:11:40Z,219000811,54.838722,11.491822,0.1,Under way using engine
2026-08-26T18:11:44Z,219002177,54.925382,11.371017,6.4,Under way using engine
2026-08-26T18:12:03Z,219000809,54.892007,11.443933,8.1,Under way using engine
2026-08-26T18:12:14Z,219002177,54.924522,11.371013,6.4,Under way using engine
2026-08-26T18:12:19Z,219000811,54.838725,11.491820,0.0,Under way using engine
2026-08-26T18:12:33Z,219000809,54.892558,11.442232,8.2,Under way using engine
2026-08-26T18:12:44Z,219002177,54.923612,11.370998,6.4,Under way using engine
2026-08-26T18:12:50Z,219000811,54.838725,11.491820,0.0,Under way using engine
2026-08-26T18:13:03Z,219000809,54.893108,11.440488,8.2,Under way using engine
2026-08-26T18:13:14Z,219002177,54.922763,11.370983,6.3,Under way using engine
2026-08-26T18:13:29Z,219000811,54.838727,11.491818,0.0,Under way using engine
2026-08-26T18:13:33Z,219000809,54.893660,11.438778,8.2,Under way using engine
2026-08-26T18:13:44Z,219002177,54.921857,11.370972,6.3,Under way using engine
2026-08-26T18:14:00Z,219000811,54.838725,11.491817,0.0,Under way using engine
2026-08-26T18:14:03Z,219000809,54.894222,11.437058,8.3,Under way using engine
2026-08-26T18:14:14Z,219002177,54.921027,11.370968,6.1,Under way using engine
2026-08-26T18:14:33Z,219000809,54.894790,11.435347,8.3,Under way using engine
2026-08-26T18:14:40Z,219000811,54.838720,11.491822,0.1,Under way using engine
2026-08-26T18:14:44Z,219002177,54.920152,11.371013,6.1,Under way using engine
2026-08-26T18:15:03Z,219000809,54.895348,11.433600,8.3,Under way using engine
2026-08-26T18:15:10Z,219000811,54.838723,11.491823,0.0,Under way using engine
2026-08-26T18:15:14Z,219002177,54.919323,11.371055,6.2,Under way using engine
2026-08-26T18:15:33Z,219000809,54.895905,11.431855,8.4,Under way using engine
2026-08-26T18:15:40Z,219000811,54.838723,11.491827,0.0,Under way using engine
2026-08-26T18:15:44Z,219002177,54.918435,11.371098,6.2,Under way using engine
2026-08-26T18:16:03Z,219000809,54.896470,11.430092,8.4,Under way using engine
2026-08-26T18:16:10Z,219000811,54.838717,11.491822,0.1,Under way using engine
2026-08-26T18:16:14Z,219002177,54.917610,11.371042,6.2,Under way using engine
2026-08-26T18:16:33Z,219000809,54.897025,11.428307,8.5,Under way using engine
2026-08-26T18:16:44Z,219002177,54.916902,11.370272,5.7,Under way using engine
2026-08-26T18:16:49Z,219000811,54.838715,11.491820,0.0,Under way using engine
2026-08-26T18:17:03Z,219000809,54.897593,11.426500,8.6,Under way using engine
2026-08-26T18:17:14Z,219002177,54.916750,11.368937,6.2,Under way using engine
2026-08-26T18:17:19Z,219000811,54.838718,11.491813,0.0,Under way using engine
2026-08-26T18:17:33Z,219000809,54.898163,11.424653,8.8,Under way using engine
2026-08-26T18:17:44Z,219002177,54.916665,11.367302,6.7,Under way using engine
2026-08-26T18:17:49Z,219000811,54.838723,11.491812,0.1,Under way using engine
2026-08-26T18:18:03Z,219000809,54.898747,11.422805,8.8,Under way using engine
2026-08-26T18:18:14Z,219002177,54.916540,11.365697,7.0,Under way using engine
2026-08-26T18:18:19Z,219000811,54.838722,11.491810,0.1,Under way using engine
2026-08-26T18:18:33Z,219000809,54.899318,11.420940,8.8,Under way using engine
2026-08-26T18:18:44Z,219002177,54.916403,11.363953,7.0,Under way using engine
2026-08-26T18:18:50Z,219000811,54.838728,11.491807,0.0,Under way using engine
2026-08-26T18:19:12Z,219000809,54.900130,11.418535,8.7,Under way using engine
2026-08-26T18:19:14Z,219002177,54.916357,11.362448,6.0,Under way using engine
2026-08-26T18:19:29Z,219000811,54.838725,11.491813,0.1,Under way using engine
2026-08-26T18:19:42Z,219000809,54.900727,11.416808,8.7,Under way using engine
2026-08-26T18:19:44Z,219002177,54.916372,11.361295,3.7,Under way using engine
2026-08-26T18:20:10Z,219000811,54.838723,11.491805,0.1,Under way using engine
2026-08-26T18:20:12Z,219000809,54.901367,11.414965,8.7,Under way using engine
2026-08-26T18:20:14Z,219002177,54.916370,11.360782,1.5,Under way using engine
2026-08-26T18:20:42Z,219000809,54.901955,11.413228,8.6,Under way using engine
2026-08-26T18:20:45Z,219002177,54.916367,11.360567,0.3,Under way using engine
2026-08-26T18:20:50Z,219000811,54.838713,11.491803,0.1,Under way using engine
2026-08-26T18:21:12Z,219000809,54.902588,11.411375,8.6,Under way using engine
2026-08-26T18:21:24Z,219002177,54.916368,11.360565,0.0,Under way using engine
2026-08-26T18:21:29Z,219000811,54.838728,11.491808,0.1,Under way using engine
2026-08-26T18:21:42Z,219000809,54.903167,11.409658,8.5,Under way using engine
2026-08-26T18:21:55Z,219002177,54.916372,11.360567,0.0,Under way using engine
2026-08-26T18:22:00Z,219000811,54.838717,11.491808,0.0,Under way using engine
2026-08-26T18:22:13Z,219000809,54.903787,11.407837,8.5,Under way using engine
2026-08-26T18:22:33Z,219002177,54.916372,11.360557,0.0,Under way using engine
2026-08-26T18:22:39Z,219000811,54.838727,11.491807,0.1,Under way using engine
2026-08-26T18:22:52Z,219000809,54.904555,11.405560,8.4,Under way using engine
2026-08-26T18:23:04Z,219002177,54.916375,11.360543,0.0,Under way using engine
2026-08-26T18:23:09Z,219000811,54.838727,11.491807,0.1,Under way using engine
2026-08-26T18:23:22Z,219000809,54.905155,11.403752,8.4,Under way using engine
2026-08-26T18:23:39Z,219000811,54.838723,11.491820,0.1,Under way using engine
2026-08-26T18:23:45Z,219002177,54.916390,11.360522,0.0,Under way using engine
2026-08-26T18:23:52Z,219000809,54.905730,11.402073,8.4,Under way using engine
2026-08-26T18:24:09Z,219000811,54.838722,11.491823,0.0,Under way using engine
2026-08-26T18:24:15Z,219002177,54.916375,11.360523,0.0,Under way using engine
2026-08-26T18:24:23Z,219000809,54.906337,11.400292,8.3,Under way using engine
2026-08-26T18:24:39Z,219000811,54.838727,11.491808,0.0,Under way using engine
2026-08-26T18:24:45Z,219002177,54.916355,11.360542,0.0,Under way using engine
2026-08-26T18:25:03Z,219000809,54.907118,11.397988,8.4,Under way using engine
2026-08-26T18:25:09Z,219000811,54.838732,11.491807,0.0,Under way using engine
2026-08-26T18:25:15Z,219002177,54.916363,11.360547,0.0,Under way using engine
2026-08-26T18:25:39Z,219000811,54.838730,11.491807,0.1,Under way using engine
2026-08-26T18:25:42Z,219000809,54.907878,11.395727,8.4,Under way using engine
2026-08-26T18:25:45Z,219002177,54.916377,11.360558,0.0,Under way using engine
2026-08-26T18:26:09Z,219000811,54.838725,11.491803,0.0,Under way using engine
2026-08-26T18:26:13Z,219000809,54.908498,11.393917,8.5,Under way using engine
2026-08-26T18:26:15Z,219002177,54.916367,11.360587,0.0,Under way using engine
2026-08-26T18:26:39Z,219000811,54.838720,11.491802,0.1,Under way using engine
2026-08-26T18:26:43Z,219000809,54.909098,11.392128,8.6,Under way using engine
2026-08-26T18:26:45Z,219002177,54.916372,11.360580,0.0,Under way using engine
2026-08-26T18:27:09Z,219000811,54.838723,11.491805,0.0,Under way using engine
2026-08-26T18:27:13Z,219000809,54.909700,11.390337,8.6,Under way using engine
2026-08-26T18:27:15Z,219002177,54.916358,11.360573,0.0,Under way using engine
2026-08-26T18:27:39Z,219000811,54.838723,11.491798,0.1,Under way using engine
2026-08-26T18:27:43Z,219000809,54.910288,11.388542,8.6,Under way using engine
2026-08-26T18:27:55Z,219002177,54.916365,11.360557,0.0,Under way using engine
2026-08-26T18:28:09Z,219000811,54.838722,11.491797,0.1,Under way using engine
2026-08-26T18:28:23Z,219000809,54.911105,11.386175,8.6,Under way using engine
2026-08-26T18:28:33Z,219002177,54.916367,11.360545,0.0,Under way using engine
2026-08-26T18:28:39Z,219000811,54.838725,11.491808,0.0,Under way using engine
2026-08-26T18:29:03Z,219000809,54.911935,11.383797,8.7,Under way using engine
2026-08-26T18:29:09Z,219000811,54.838737,11.491803,0.1,Under way using engine
2026-08-26T18:29:15Z,219002177,54.916365,11.360533,0.0,Under way using engine
2026-08-26T18:29:39Z,219000811,54.838740,11.491798,0.0,Under way using engine
2026-08-26T18:29:43Z,219000809,54.912772,11.381405,8.7,Under way using engine
2026-08-26T18:29:55Z,219002177,54.916357,11.360620,0.9,Under way using engine
2026-08-26T18:30:10Z,219000811,54.838740,11.491792,0.1,Under way using engine
2026-08-26T18:30:23Z,219000809,54.913643,11.379045,8.7,Under way using engine
2026-08-26T18:30:33Z,219002177,54.916337,11.361748,4.7,Under way using engine
2026-08-26T18:30:49Z,219000811,54.838737,11.491792,0.1,Under way using engine
2026-08-26T18:31:03Z,219000809,54.914447,11.376698,8.5,Under way using engine
2026-08-26T18:31:20Z,219000811,54.838727,11.491800,0.1,Under way using engine
2026-08-26T18:31:24Z,219002177,54.916392,11.364130,6.2,Under way using engine
2026-08-26T18:31:42Z,219000809,54.915027,11.374457,7.5,Under way using engine
2026-08-26T18:31:54Z,219002177,54.916537,11.365665,6.6,Under way using engine
2026-08-26T18:31:59Z,219000811,54.838727,11.491808,0.1,Under way using engine
2026-08-26T18:32:12Z,219000809,54.915425,11.372860,7.0,Under way using engine
2026-08-26T18:32:24Z,219002177,54.916693,11.367275,6.8,Under way using engine
2026-08-26T18:32:30Z,219000811,54.838722,11.491812,0.1,Under way using engine
2026-08-26T18:32:42Z,219000809,54.915803,11.371328,6.9,Under way using engine
2026-08-26T18:32:54Z,219002177,54.916857,11.368900,6.9,Under way using engine
2026-08-26T18:33:10Z,219000811,54.838727,11.491810,0.0,Under way using engine
2026-08-26T18:33:12Z,219000809,54.916187,11.369657,8.1,Under way using engine
2026-08-26T18:33:24Z,219002177,54.917052,11.370503,6.6,Under way using engine
2026-08-26T18:33:42Z,219000809,54.916572,11.367695,8.9,Under way using engine
2026-08-26T18:33:49Z,219000811,54.838723,11.491812,0.0,Under way using engine
2026-08-26T18:33:54Z,219002177,54.917697,11.371273,6.0,Under way using engine
2026-08-26T18:34:12Z,219000809,54.916517,11.365547,8.9,Under way using engine
2026-08-26T18:34:24Z,219002177,54.918648,11.371300,7.2,Under way using engine
2026-08-26T18:34:29Z,219000811,54.838723,11.491813,0.0,Under way using engine
2026-08-26T18:34:42Z,219000809,54.916383,11.363427,8.7,Under way using engine
2026-08-26T18:34:54Z,219002177,54.919707,11.371375,7.9,Under way using engine
2026-08-26T18:34:59Z,219000811,54.838715,11.491820,0.1,Under way using engine
2026-08-26T18:35:12Z,219000809,54.916280,11.361657,6.9,Under way using engine
2026-08-26T18:35:24Z,219002177,54.920850,11.371417,8.4,Under way using engine
2026-08-26T18:35:29Z,219000811,54.838718,11.491817,0.0,Under way using engine
2026-08-26T18:35:42Z,219000809,54.916065,11.360682,2.7,Under way using engine
2026-08-26T18:35:54Z,219002177,54.922058,11.371432,8.8,Under way using engine
2026-08-26T18:35:59Z,219000811,54.838715,11.491813,0.0,Under way using engine
2026-08-26T18:36:12Z,219000809,54.916053,11.360593,0.0,Under way using engine
2026-08-26T18:36:25Z,219002177,54.923313,11.371388,9.1,Under way using engine
2026-08-26T18:36:29Z,219000811,54.838717,11.491808,0.0,Under way using engine
2026-08-26T18:36:45Z,219000809,54.916030,11.360462,0.8,Under way using engine
2026-08-26T18:36:59Z,219000811,54.838718,11.491808,0.0,Under way using engine
2026-08-26T18:37:03Z,219002177,54.924962,11.371297,9.2,Under way using engine
2026-08-26T18:37:23Z,219000809,54.916078,11.360162,1.0,Under way using engine
2026-08-26T18:37:29Z,219000811,54.838720,11.491812,0.0,Under way using engine
2026-08-26T18:37:34Z,219002177,54.926240,11.371242,9.3,Under way using engine
2026-08-26T18:37:59Z,219000811,54.838725,11.491810,0.0,Under way using engine
2026-08-26T18:38:03Z,219000809,54.916080,11.360047,0.2,Under way using engine
2026-08-26T18:38:15Z,219002177,54.927978,11.371163,9.3,Under way using engine
2026-08-26T18:38:30Z,219000811,54.838730,11.491807,0.0,Under way using engine
2026-08-26T18:38:41Z,219000809,54.916095,11.360043,0.0,Under way using engine
2026-08-26T18:38:54Z,219002177,54.929640,11.371038,9.3,Under way using engine
2026-08-26T18:39:09Z,219000811,54.838725,11.491805,0.0,Under way using engine
2026-08-26T18:39:13Z,219000809,54.916112,11.360033,0.1,Under way using engine
2026-08-26T18:39:25Z,219002177,54.930978,11.370918,9.2,Under way using engine
2026-08-26T18:39:39Z,219000811,54.838718,11.491815,0.0,Under way using engine
2026-08-26T18:39:52Z,219000809,54.916112,11.360022,0.0,Under way using engine
2026-08-26T18:40:05Z,219002177,54.932660,11.370780,9.2,Under way using engine
2026-08-26T18:40:09Z,219000811,54.838718,11.491812,0.0,Under way using engine
2026-08-26T18:40:22Z,219000809,54.916083,11.360043,0.0,Under way using engine
2026-08-26T18:40:39Z,219000811,54.838722,11.491810,0.0,Under way using engine
2026-08-26T18:40:43Z,219002177,54.934162,11.370857,7.7,Under way using engine
2026-08-26T18:40:52Z,219000809,54.916093,11.360045,0.0,Under way using engine
2026-08-26T18:41:09Z,219000811,54.838713,11.491815,0.1,Under way using engine
2026-08-26T18:41:15Z,219002177,54.935023,11.371368,5.7,Under way using engine
2026-08-26T18:41:22Z,219000809,54.916098,11.360068,0.0,Under way using engine
2026-08-26T18:41:39Z,219000811,54.838708,11.491813,0.0,Under way using engine
2026-08-26T18:41:45Z,219002177,54.935617,11.371732,3.8,Under way using engine
2026-08-26T18:41:52Z,219000809,54.916083,11.360073,0.0,Under way using engine
2026-08-26T18:42:09Z,219000811,54.838720,11.491817,0.0,Under way using engine
2026-08-26T18:42:15Z,219002177,54.935823,11.371855,0.7,Under way using engine
2026-08-26T18:42:22Z,219000809,54.916075,11.360072,0.0,Under way using engine
2026-08-26T18:42:40Z,219000811,54.838722,11.491830,0.1,Under way using engine
2026-08-26T18:42:45Z,219002177,54.935888,11.371908,0.5,Under way using engine
2026-08-26T18:42:53Z,219000809,54.916070,11.360062,0.0,Under way using engine
2026-08-26T18:43:15Z,219002177,54.935952,11.371957,0.6,Under way using engine
2026-08-26T18:43:20Z,219000811,54.838717,11.491825,0.0,Under way using engine
2026-08-26T18:43:32Z,219000809,54.916060,11.360062,0.0,Under way using engine
2026-08-26T18:43:45Z,219002177,54.935970,11.371978,0.0,Under way using engine
2026-08-26T18:43:58Z,219000811,54.838717,11.491823,0.1,Under way using engine
2026-08-26T18:44:03Z,219000809,54.916073,11.360053,0.0,Under way using engine
2026-08-26T18:44:24Z,219002177,54.935967,11.371987,0.0,Under way using engine
2026-08-26T18:44:30Z,219000811,54.838718,11.491822,0.0,Under way using engine
2026-08-26T18:44:41Z,219000809,54.916075,11.360040,0.0,Under way using engine
2026-08-26T18:44:54Z,219002177,54.935963,11.371988,0.0,Under way using engine
2026-08-26T18:45:09Z,219000811,54.838722,11.491818,0.0,Under way using engine
2026-08-26T18:45:13Z,219000809,54.916073,11.360040,0.0,Under way using engine
2026-08-26T18:45:24Z,219002177,54.935973,11.371992,0.0,Under way using engine
2026-08-26T18:45:40Z,219000811,54.838722,11.491818,0.0,Under way using engine
2026-08-26T18:45:53Z,219000809,54.916080,11.360032,0.0,Under way using engine
2026-08-26T18:45:54Z,219002177,54.935970,11.371992,0.0,Under way using engine
2026-08-26T18:46:20Z,219000811,54.838718,11.491822,0.0,Under way using engine
2026-08-26T18:46:23Z,219000809,54.916090,11.360032,0.0,Under way using engine
2026-08-26T18:46:24Z,219002177,54.935975,11.371977,0.0,Under way using engine
2026-08-26T18:46:53Z,219000809,54.916078,11.360048,0.0,Under way using engine
2026-08-26T18:46:54Z,219002177,54.935980,11.371987,0.0,Under way using engine
2026-08-26T18:46:58Z,219000811,54.838713,11.491820,0.0,Under way using engine
2026-08-26T18:47:23Z,219000809,54.916075,11.360040,0.0,Under way using engine
2026-08-26T18:47:24Z,219002177,54.935977,11.371935,0.0,Under way using engine
2026-08-26T18:47:30Z,219000811,54.838703,11.491823,0.0,Under way using engine
2026-08-26T18:47:53Z,219000809,54.916090,11.360022,0.0,Under way using engine
2026-08-26T18:47:54Z,219002177,54.935968,11.371960,0.0,Under way using engine
2026-08-26T18:48:09Z,219000811,54.838693,11.491827,0.0,Under way using engine
2026-08-26T18:48:23Z,219000809,54.916100,11.360018,0.0,Under way using engine
2026-08-26T18:48:24Z,219002177,54.935962,11.371982,0.0,Under way using engine
2026-08-26T18:48:40Z,219000811,54.838690,11.491828,0.0,Under way using engine
2026-08-26T18:48:53Z,219000809,54.916103,11.360010,0.0,Under way using engine
2026-08-26T18:48:54Z,219002177,54.935962,11.371975,0.0,Under way using engine
2026-08-26T18:49:19Z,219000811,54.838690,11.491830,0.0,Under way using engine
2026-08-26T18:49:23Z,219000809,54.916093,11.360028,0.0,Under way using engine
2026-08-26T18:49:24Z,219002177,54.935958,11.371972,0.0,Under way using engine
2026-08-26T18:49:49Z,219000811,54.838692,11.491832,0.0,Under way using engine
2026-08-26T18:49:53Z,219000809,54.916093,11.360032,0.0,Under way using engine
2026-08-26T18:49:54Z,219002177,54.935963,11.371980,0.0,Under way using engine
2026-08-26T18:50:19Z,219000811,54.838698,11.491828,0.0,Under way using engine
2026-08-26T18:50:24Z,219002177,54.935957,11.371958,0.0,Under way using engine
2026-08-26T18:50:33Z,219000809,54.916083,11.360022,0.0,Under way using engine
2026-08-26T18:50:49Z,219000811,54.838702,11.491830,0.0,Under way using engine
2026-08-26T18:50:54Z,219002177,54.935967,11.371970,0.0,Under way using engine
2026-08-26T18:51:13Z,219000809,54.916083,11.360022,0.0,Under way using engine
2026-08-26T18:51:19Z,219000811,54.838705,11.491828,0.0,Under way using engine
2026-08-26T18:51:24Z,219002177,54.935968,11.371968,0.0,Under way using engine
2026-08-26T18:51:43Z,219000809,54.916088,11.360033,0.1,Under way using engine
2026-08-26T18:51:49Z,219000811,54.838708,11.491828,0.0,Under way using engine
2026-08-26T18:51:55Z,219002177,54.935967,11.371975,0.0,Under way using engine
2026-08-26T18:52:19Z,219000811,54.838717,11.491822,0.0,Under way using engine
2026-08-26T18:52:22Z,219000809,54.916083,11.360038,0.0,Under way using engine
2026-08-26T18:52:35Z,219002177,54.935968,11.371978,0.0,Under way using engine
2026-08-26T18:52:49Z,219000811,54.838722,11.491820,0.0,Under way using engine
2026-08-26T18:52:53Z,219000809,54.916082,11.360035,0.0,Under way using engine
2026-08-26T18:53:15Z,219002177,54.935957,11.371980,0.0,Under way using engine
2026-08-26T18:53:20Z,219000811,54.838722,11.491820,0.0,Under way using engine
2026-08-26T18:53:33Z,219000809,54.916082,11.360025,0.0,Under way using engine
2026-08-26T18:53:45Z,219002177,54.935932,11.371910,0.3,Under way using engine
2026-08-26T18:53:59Z,219000811,54.838723,11.491823,0.0,Under way using engine
2026-08-26T18:54:12Z,219000809,54.916100,11.360020,0.0,Under way using engine
2026-08-26T18:54:15Z,219002177,54.935653,11.371743,3.1,Under way using engine
2026-08-26T18:54:30Z,219000811,54.838727,11.491822,0.0,Under way using engine
2026-08-26T18:54:43Z,219000809,54.916090,11.360032,0.0,Under way using engine
2026-08-26T18:54:45Z,219002177,54.935100,11.371303,4.8,Under way using engine
2026-08-26T18:55:09Z,219000811,54.838723,11.491822,0.0,Under way using engine
2026-08-26T18:55:15Z,219002177,54.934365,11.371033,5.7,Under way using engine
2026-08-26T18:55:22Z,219000809,54.916095,11.360017,0.0,Under way using engine
2026-08-26T18:55:39Z,219000811,54.838720,11.491823,0.1,Under way using engine
2026-08-26T18:55:45Z,219002177,54.933528,11.371030,6.2,Under way using engine
2026-08-26T18:55:52Z,219000809,54.916088,11.360040,0.0,Under way using engine
2026-08-26T18:56:09Z,219000811,54.838715,11.491823,0.0,Under way using engine
2026-08-26T18:56:15Z,219002177,54.932628,11.370985,6.6,Under way using engine
2026-08-26T18:56:22Z,219000809,54.916077,11.360043,0.0,Under way using engine
2026-08-26T18:56:39Z,219000811,54.838708,11.491825,0.0,Under way using engine
2026-08-26T18:56:45Z,219002177,54.931693,11.370933,6.8,Under way using engine
2026-08-26T18:56:52Z,219000809,54.916072,11.360053,0.0,Under way using engine
2026-08-26T18:57:09Z,219000811,54.838703,11.491827,0.0,Under way using engine
2026-08-26T18:57:15Z,219002177,54.930750,11.370932,6.8,Under way using engine
2026-08-26T18:57:22Z,219000809,54.916050,11.360385,2.3,Under way using engine
2026-08-26T18:57:39Z,219000811,54.838705,11.491825,0.0,Under way using engine
2026-08-26T18:57:45Z,219002177,54.929787,11.370915,6.9,Under way using engine
2026-08-26T18:57:52Z,219000809,54.916148,11.361288,4.7,Under way using engine
2026-08-26T18:58:10Z,219000811,54.838707,11.491822,0.0,Under way using engine
2026-08-26T18:58:15Z,219002177,54.928837,11.370905,6.9,Under way using engine
2026-08-26T18:58:22Z,219000809,54.916318,11.362695,6.4,Under way using engine
2026-08-26T18:58:45Z,219002177,54.927883,11.370863,6.8,Under way using engine
2026-08-26T18:58:49Z,219000811,54.838708,11.491815,0.0,Under way using engine
2026-08-26T18:58:52Z,219000809,54.916375,11.364352,7.3,Under way using engine
2026-08-26T18:59:15Z,219002177,54.926947,11.370855,6.7,Under way using engine
2026-08-26T18:59:20Z,219000811,54.838717,11.491812,0.0,Under way using engine
2026-08-26T18:59:22Z,219000809,54.916492,11.366248,8.1,Under way using engine
2026-08-26T18:59:45Z,219002177,54.926018,11.370797,6.7,Under way using engine
2026-08-26T18:59:52Z,219000809,54.916600,11.368213,8.2,Under way using engine
2026-08-26T18:59:59Z,219000811,54.838722,11.491812,0.0,Under way using engine
2026-08-26T19:00:15Z,219002177,54.925097,11.370788,6.7,Under way using engine
2026-08-26T19:00:22Z,219000809,54.916695,11.370170,8.2,Under way using engine
2026-08-26T19:00:38Z,219000811,54.838722,11.491815,0.0,Under way using engine
2026-08-26T19:00:45Z,219002177,54.924182,11.370742,6.6,Under way using engine
2026-08-26T19:00:52Z,219000809,54.916592,11.372123,8.1,Under way using engine
2026-08-26T19:01:10Z,219000811,54.838722,11.491820,0.0,Under way using engine
2026-08-26T19:01:15Z,219002177,54.923273,11.370738,6.6,Under way using engine
2026-08-26T19:01:22Z,219000809,54.916448,11.374053,7.5,Under way using engine
2026-08-26T19:01:45Z,219002177,54.922378,11.370725,6.5,Under way using engine
2026-08-26T19:01:49Z,219000811,54.838715,11.491828,0.0,Under way using engine
2026-08-26T19:01:52Z,219000809,54.916433,11.375258,5.0,Under way using engine
2026-08-26T19:02:15Z,219002177,54.921487,11.370733,6.5,Under way using engine
2026-08-26T19:02:20Z,219000811,54.838712,11.491827,0.0,Under way using engine
2026-08-26T19:02:22Z,219000809,54.916103,11.376705,7.1,Under way using engine
2026-08-26T19:02:45Z,219002177,54.920588,11.370753,6.3,Under way using engine
2026-08-26T19:02:52Z,219000809,54.915420,11.378190,8.0,Under way using engine
2026-08-26T19:02:59Z,219000811,54.838712,11.491825,0.0,Under way using engine
2026-08-26T19:03:15Z,219002177,54.919710,11.370878,6.4,Under way using engine
2026-08-26T19:03:23Z,219000809,54.914775,11.379865,8.2,Under way using engine
2026-08-26T19:03:29Z,219000811,54.838713,11.491825,0.0,Under way using engine
2026-08-26T19:03:45Z,219002177,54.918837,11.371020,6.3,Under way using engine
2026-08-26T19:03:59Z,219000811,54.838715,11.491823,0.0,Under way using engine
2026-08-26T19:04:01Z,219000809,54.913885,11.381943,8.3,Under way using engine
2026-08-26T19:04:15Z,219002177,54.917950,11.370978,6.4,Under way using engine
2026-08-26T19:04:29Z,219000811,54.838713,11.491823,0.1,Under way using engine
2026-08-26T19:04:33Z,219000809,54.913093,11.383468,8.2,Under way using engine
2026-08-26T19:04:45Z,219002177,54.917105,11.370573,6.2,Under way using engine
2026-08-26T19:04:59Z,219000811,54.838708,11.491823,0.0,Under way using engine
2026-08-26T19:05:11Z,219000809,54.912137,11.385432,8.4,Under way using engine
2026-08-26T19:05:15Z,219002177,54.916727,11.369398,5.8,Under way using engine
2026-08-26T19:05:29Z,219000811,54.838705,11.491825,0.0,Under way using engine
2026-08-26T19:05:43Z,219000809,54.911313,11.387030,8.3,Under way using engine
2026-08-26T19:05:45Z,219002177,54.916705,11.367858,6.5,Under way using engine
2026-08-26T19:05:59Z,219000811,54.838708,11.491825,0.0,Under way using engine
2026-08-26T19:06:15Z,219002177,54.916635,11.366235,6.9,Under way using engine
2026-08-26T19:06:23Z,219000809,54.910317,11.389062,8.3,Under way using engine
2026-08-26T19:06:29Z,219000811,54.838710,11.491823,0.0,Under way using engine
2026-08-26T19:06:45Z,219002177,54.916485,11.364558,7.1,Under way using engine
2026-08-26T19:06:59Z,219000811,54.838712,11.491827,0.1,Under way using engine
2026-08-26T19:07:02Z,219000809,54.909292,11.390965,8.3,Under way using engine
2026-08-26T19:07:15Z,219002177,54.916365,11.362980,6.4,Under way using engine
2026-08-26T19:07:29Z,219000811,54.838712,11.491827,0.0,Under way using engine
2026-08-26T19:07:33Z,219000809,54.908460,11.392475,8.4,Under way using engine
2026-08-26T19:07:55Z,219002177,54.916355,11.361305,4.2,Under way using engine
2026-08-26T19:07:59Z,219000811,54.838713,11.491823,0.1,Under way using engine
2026-08-26T19:08:09Z,219000809,54.907608,11.394382,8.3,Under way using engine
2026-08-26T19:08:29Z,219000811,54.838715,11.491823,0.1,Under way using engine
2026-08-26T19:08:34Z,219002177,54.916383,11.360760,1.2,Under way using engine
2026-08-26T19:08:39Z,219000809,54.907555,11.396188,7.6,Under way using engine
2026-08-26T19:08:59Z,219000811,54.838712,11.491818,0.1,Under way using engine
2026-08-26T19:09:09Z,219000809,54.908088,11.397943,8.4,Under way using engine
2026-08-26T19:09:11Z,219002177,54.916398,11.360553,0.7,Under way using engine
2026-08-26T19:09:29Z,219000811,54.838708,11.491817,0.1,Under way using engine
2026-08-26T19:09:39Z,219000809,54.908637,11.399258,8.6,Under way using engine
2026-08-26T19:09:44Z,219002177,54.916375,11.360545,0.0,Under way using engine
2026-08-26T19:10:00Z,219000811,54.838708,11.491817,0.1,Under way using engine
2026-08-26T19:10:12Z,219000809,54.909625,11.401338,8.7,Under way using engine
2026-08-26T19:10:15Z,219002177,54.916375,11.360560,0.0,Under way using engine
2026-08-26T19:10:30Z,219000811,54.838707,11.491815,0.0,Under way using engine
2026-08-26T19:10:43Z,219000809,54.910403,11.403052,8.7,Under way using engine
2026-08-26T19:10:55Z,219002177,54.916370,11.360553,0.0,Under way using engine
2026-08-26T19:11:00Z,219000811,54.838707,11.491813,0.1,Under way using engine
2026-08-26T19:11:21Z,219000809,54.911365,11.405227,8.8,Under way using engine
2026-08-26T19:11:30Z,219000811,54.838710,11.491812,0.1,Under way using engine
2026-08-26T19:11:34Z,219002177,54.916368,11.360552,0.0,Under way using engine
2026-08-26T19:11:53Z,219000809,54.912148,11.406938,8.8,Under way using engine
2026-08-26T19:12:00Z,219000811,54.838713,11.491812,0.1,Under way using engine
2026-08-26T19:12:04Z,219002177,54.916375,11.360555,0.0,Under way using engine
2026-08-26T19:12:30Z,219000811,54.838708,11.491812,0.0,Under way using engine
2026-08-26T19:12:32Z,219000809,54.913123,11.409102,8.8,Under way using engine
2026-08-26T19:12:34Z,219002177,54.916372,11.360533,0.0,Under way using engine
2026-08-26T19:13:00Z,219000811,54.838710,11.491813,0.1,Under way using engine
2026-08-26T19:13:12Z,219000809,54.914123,11.411285,8.8,Under way using engine
2026-08-26T19:13:15Z,219002177,54.916377,11.360527,0.0,Under way using engine
2026-08-26T19:13:30Z,219000811,54.838712,11.491815,0.1,Under way using engine
2026-08-26T19:13:43Z,219000809,54.914918,11.412995,8.8,Under way using engine
2026-08-26T19:13:54Z,219002177,54.916387,11.360552,0.0,Under way using engine
2026-08-26T19:14:00Z,219000811,54.838710,11.491813,0.1,Under way using engine
2026-08-26T19:14:23Z,219000809,54.915907,11.415215,8.7,Under way using engine
2026-08-26T19:14:30Z,219000811,54.838712,11.491812,0.0,Under way using engine
2026-08-26T19:14:34Z,219002177,54.916400,11.360548,0.0,Under way using engine
2026-08-26T19:14:53Z,219000809,54.916605,11.416893,8.6,Under way using engine
2026-08-26T19:15:00Z,219000811,54.838715,11.491815,0.0,Under way using engine
2026-08-26T19:15:04Z,219002177,54.916383,11.360558,0.0,Under way using engine
2026-08-26T19:15:23Z,219000809,54.917315,11.418558,8.7,Under way using engine
2026-08-26T19:15:30Z,219000811,54.838715,11.491815,0.0,Under way using engine
2026-08-26T19:15:34Z,219002177,54.916378,11.360540,0.0,Under way using engine
2026-08-26T19:15:53Z,219000809,54.918077,11.420193,8.7,Under way using engine
2026-08-26T19:16:00Z,219000811,54.838717,11.491820,0.1,Under way using engine
2026-08-26T19:16:05Z,219002177,54.916375,11.360532,0.0,Under way using engine
2026-08-26T19:16:23Z,219000809,54.918815,11.421843,8.7,Under way using engine
2026-08-26T19:16:39Z,219000811,54.838713,11.491818,0.1,Under way using engine
2026-08-26T19:16:45Z,219002177,54.916390,11.360542,0.1,Under way using engine
2026-08-26T19:16:53Z,219000809,54.919567,11.423538,8.7,Under way using engine
2026-08-26T19:17:10Z,219000811,54.838715,11.491818,0.0,Under way using engine
2026-08-26T19:17:15Z,219002177,54.916385,11.360552,0.0,Under way using engine
2026-08-26T19:17:23Z,219000809,54.920297,11.425220,8.8,Under way using engine
2026-08-26T19:17:45Z,219002177,54.916378,11.360542,0.0,Under way using engine
2026-08-26T19:17:49Z,219000811,54.838720,11.491822,0.1,Under way using engine
2026-08-26T19:17:53Z,219000809,54.921010,11.426863,8.7,Under way using engine
2026-08-26T19:18:15Z,219002177,54.916387,11.360537,0.0,Under way using engine
2026-08-26T19:18:20Z,219000811,54.838718,11.491822,0.1,Under way using engine
2026-08-26T19:18:23Z,219000809,54.921728,11.428513,8.7,Under way using engine
2026-08-26T19:18:45Z,219002177,54.916392,11.360535,0.1,Under way using engine
2026-08-26T19:18:53Z,219000809,54.922505,11.430122,8.8,Under way using engine
2026-08-26T19:19:10Z,219000811,54.838718,11.491825,0.0,Under way using engine
2026-08-26T19:19:15Z,219002177,54.916387,11.360557,0.0,Under way using engine
2026-08-26T19:19:23Z,219000809,54.923268,11.431725,8.5,Under way using engine
2026-08-26T19:19:45Z,219002177,54.916405,11.360547,0.1,Under way using engine
2026-08-26T19:19:49Z,219000811,54.838717,11.491825,0.0,Under way using engine
2026-08-26T19:20:03Z,219000809,54.924305,11.433863,8.7,Under way using engine
2026-08-26T19:20:15Z,219002177,54.916362,11.360833,1.9,Under way using engine
2026-08-26T19:20:20Z,219000811,54.838715,11.491822,0.1,Under way using engine
2026-08-26T19:20:42Z,219000809,54.925212,11.436002,8.6,Under way using engine
2026-08-26T19:20:45Z,219002177,54.916332,11.361565,3.6,Under way using engine
2026-08-26T19:21:00Z,219000811,54.838713,11.491822,0.0,Under way using engine
2026-08-26T19:21:12Z,219000809,54.925990,11.437622,8.7,Under way using engine
2026-08-26T19:21:15Z,219002177,54.916285,11.362557,4.4,Under way using engine
2026-08-26T19:21:40Z,219000811,54.838708,11.491820,0.0,Under way using engine
2026-08-26T19:21:42Z,219000809,54.926778,11.439205,8.8,Under way using engine
2026-08-26T19:21:45Z,219002177,54.916275,11.363707,4.9,Under way using engine
2026-08-26T19:22:12Z,219000809,54.927572,11.440787,8.8,Under way using engine
2026-08-26T19:22:15Z,219002177,54.916395,11.364917,5.2,Under way using engine
2026-08-26T19:22:20Z,219000811,54.838707,11.491818,0.1,Under way using engine
2026-08-26T19:22:42Z,219000809,54.928332,11.442368,8.7,Under way using engine
2026-08-26T19:22:55Z,219002177,54.916432,11.366592,5.4,Under way using engine
2026-08-26T19:23:08Z,219000811,54.838708,11.491823,0.1,Under way using engine
2026-08-26T19:23:12Z,219000809,54.929087,11.443935,8.7,Under way using engine
2026-08-26T19:23:34Z,219002177,54.916645,11.368285,5.4,Under way using engine
2026-08-26T19:23:40Z,219000811,54.838707,11.491823,0.1,Under way using engine
2026-08-26T19:23:42Z,219000809,54.929860,11.445500,8.6,Under way using engine
2026-08-26T19:24:05Z,219002177,54.916768,11.369562,5.3,Under way using engine
2026-08-26T19:24:12Z,219000809,54.930640,11.447063,8.5,Under way using engine
2026-08-26T19:24:20Z,219000811,54.838705,11.491822,0.0,Under way using engine
2026-08-26T19:24:42Z,219000809,54.931437,11.448637,8.7,Under way using engine
2026-08-26T19:24:44Z,219002177,54.917218,11.370908,4.6,Under way using engine
2026-08-26T19:24:50Z,219000811,54.838707,11.491823,0.0,Under way using engine
2026-08-26T19:25:12Z,219000809,54.932212,11.450237,8.8,Under way using engine
2026-08-26T19:25:14Z,219002177,54.917897,11.370985,5.3,Under way using engine
2026-08-26T19:25:20Z,219000811,54.838705,11.491823,0.0,Under way using engine
2026-08-26T19:25:42Z,219000809,54.933035,11.451845,8.7,Under way using engine
2026-08-26T19:25:44Z,219002177,54.918695,11.370968,6.0,Under way using engine
2026-08-26T19:25:50Z,219000811,54.838705,11.491820,0.0,Under way using engine
2026-08-26T19:26:12Z,219000809,54.933780,11.453410,8.7,Under way using engine
2026-08-26T19:26:14Z,219002177,54.919558,11.370977,6.4,Under way using engine
2026-08-26T19:26:20Z,219000811,54.838703,11.491818,0.0,Under way using engine
2026-08-26T19:26:42Z,219000809,54.934457,11.455117,8.5,Under way using engine
2026-08-26T19:26:44Z,219002177,54.920482,11.370943,6.8,Under way using engine
2026-08-26T19:26:50Z,219000811,54.838705,11.491818,0.0,Under way using engine
2026-08-26T19:27:12Z,219000809,54.935048,11.456893,8.5,Under way using engine
2026-08-26T19:27:14Z,219002177,54.921430,11.370880,7.1,Under way using engine
2026-08-26T19:27:20Z,219000811,54.838705,11.491818,0.0,Under way using engine
2026-08-26T19:27:42Z,219000809,54.935600,11.458715,8.5,Under way using engine
2026-08-26T19:27:44Z,219002177,54.922442,11.370820,7.4,Under way using engine
2026-08-26T19:27:59Z,219000811,54.838708,11.491817,0.0,Under way using engine
2026-08-26T19:28:12Z,219000809,54.936097,11.460567,8.5,Under way using engine
2026-08-26T19:28:14Z,219002177,54.923458,11.370682,7.5,Under way using engine
2026-08-26T19:28:30Z,219000811,54.838708,11.491815,0.0,Under way using engine
2026-08-26T19:28:42Z,219000809,54.936622,11.462352,8.5,Under way using engine
2026-08-26T19:28:44Z,219002177,54.924518,11.370607,7.6,Under way using engine
2026-08-26T19:29:09Z,219000811,54.838710,11.491818,0.1,Under way using engine
2026-08-26T19:29:12Z,219000809,54.937122,11.464200,8.5,Under way using engine
2026-08-26T19:29:14Z,219002177,54.925572,11.370490,7.6,Under way using engine
2026-08-26T19:29:42Z,219000809,54.937647,11.466033,8.4,Under way using engine
2026-08-26T19:29:44Z,219002177,54.926633,11.370343,7.7,Under way using engine
2026-08-26T19:29:59Z,219000811,54.838713,11.491820,0.0,Under way using engine
2026-08-26T19:30:12Z,219000809,54.938108,11.467840,8.3,Under way using engine
2026-08-26T19:30:25Z,219002177,54.928072,11.370157,7.6,Under way using engine
2026-08-26T19:30:30Z,219000811,54.838712,11.491818,0.0,Under way using engine
2026-08-26T19:30:42Z,219000809,54.938578,11.469643,8.3,Under way using engine
2026-08-26T19:31:03Z,219002177,54.929445,11.369977,7.6,Under way using engine
2026-08-26T19:31:09Z,219000811,54.838712,11.491817,0.1,Under way using engine
2026-08-26T19:31:12Z,219000809,54.938997,11.471373,8.2,Under way using engine
2026-08-26T19:31:35Z,219002177,54.930530,11.369922,7.5,Under way using engine
2026-08-26T19:31:42Z,219000809,54.939462,11.473168,8.2,Under way using engine
2026-08-26T19:31:49Z,219000811,54.838712,11.491815,0.1,Under way using engine
2026-08-26T19:32:12Z,219000809,54.939973,11.475012,8.2,Under way using engine
2026-08-26T19:32:13Z,219002177,54.931827,11.369823,7.5,Under way using engine
2026-08-26T19:32:20Z,219000811,54.838713,11.491817,0.1,Under way using engine
2026-08-26T19:32:42Z,219000809,54.940600,11.476643,8.2,Under way using engine
2026-08-26T19:32:44Z,219002177,54.932873,11.370037,7.4,Under way using engine
2026-08-26T19:32:59Z,219000811,54.838715,11.491820,0.1,Under way using engine
2026-08-26T19:33:12Z,219000809,54.941480,11.477983,8.5,Under way using engine
2026-08-26T19:33:25Z,219002177,54.934167,11.370462,6.6,Under way using engine
2026-08-26T19:33:30Z,219000811,54.838713,11.491820,0.1,Under way using engine
2026-08-26T19:33:42Z,219000809,54.942355,11.479345,8.5,Under way using engine
2026-08-26T19:34:03Z,219002177,54.935070,11.371262,4.9,Under way using engine
2026-08-26T19:34:09Z,219000811,54.838707,11.491817,0.1,Under way using engine
2026-08-26T19:34:12Z,219000809,54.943230,11.480740,8.6,Under way using engine
2026-08-26T19:34:35Z,219002177,54.935558,11.371648,3.2,Under way using engine
2026-08-26T19:34:42Z,219000809,54.944187,11.481918,8.6,Under way using engine
2026-08-26T19:34:49Z,219000811,54.838713,11.491817,0.1,Under way using engine
2026-08-26T19:35:12Z,219000809,54.945343,11.482583,8.9,Under way using engine
2026-08-26T19:35:13Z,219002177,54.935800,11.371845,0.6,Under way using engine
2026-08-26T19:35:19Z,219000811,54.838717,11.491822,0.0,Under way using engine
2026-08-26T19:35:43Z,219002177,54.935900,11.371920,0.8,Under way using engine
2026-08-26T19:35:49Z,219000811,54.838720,11.491820,0.1,Under way using engine
2026-08-26T19:35:52Z,219000809,54.946955,11.483380,9.0,Under way using engine
2026-08-26T19:36:19Z,219000811,54.838725,11.491820,0.1,Under way using engine
2026-08-26T19:36:22Z,219000809,54.948162,11.484007,9.1,Under way using engine
2026-08-26T19:36:24Z,219002177,54.935965,11.371998,0.0,Under way using engine
2026-08-26T19:36:49Z,219000811,54.838720,11.491817,0.1,Under way using engine
2026-08-26T19:36:53Z,219000809,54.949433,11.484638,9.1,Under way using engine
2026-08-26T19:36:54Z,219002177,54.935965,11.371967,0.0,Under way using engine
2026-08-26T19:37:19Z,219000811,54.838717,11.491815,0.1,Under way using engine
2026-08-26T19:37:24Z,219002177,54.935958,11.372003,0.0,Under way using engine
2026-08-26T19:37:33Z,219000809,54.951058,11.485433,9.1,Under way using engine
2026-08-26T19:37:49Z,219000811,54.838717,11.491818,0.0,Under way using engine
2026-08-26T19:37:54Z,219002177,54.935960,11.372025,0.0,Under way using engine
2026-08-26T19:38:12Z,219000809,54.952645,11.486212,9.1,Under way using engine
2026-08-26T19:38:19Z,219000811,54.838718,11.491817,0.0,Under way using engine
2026-08-26T19:38:24Z,219002177,54.935902,11.371942,1.0,Under way using engine
2026-08-26T19:38:42Z,219000809,54.953843,11.486810,9.2,Under way using engine
2026-08-26T19:38:54Z,219002177,54.935542,11.371673,3.7,Under way using engine
2026-08-26T19:38:58Z,219000811,54.838717,11.491818,0.1,Under way using engine
2026-08-26T19:39:12Z,219000809,54.955067,11.487420,9.1,Under way using engine
2026-08-26T19:39:24Z,219002177,54.934953,11.371090,5.3,Under way using engine
2026-08-26T19:39:30Z,219000811,54.838722,11.491817,0.1,Under way using engine
2026-08-26T19:39:42Z,219000809,54.956270,11.487968,8.9,Under way using engine
2026-08-26T19:39:54Z,219002177,54.934148,11.370790,6.1,Under way using engine
2026-08-26T19:40:09Z,219000811,54.838725,11.491815,0.1,Under way using engine
2026-08-26T19:40:22Z,219000809,54.957853,11.488777,9.1,Under way using engine
2026-08-26T19:40:24Z,219002177,54.933255,11.370860,6.6,Under way using engine
2026-08-26T19:40:40Z,219000811,54.838722,11.491818,0.1,Under way using engine
2026-08-26T19:40:53Z,219000809,54.959110,11.489403,9.1,Under way using engine
2026-08-26T19:40:54Z,219002177,54.932283,11.370920,7.1,Under way using engine
2026-08-26T19:41:19Z,219000811,54.838720,11.491818,0.1,Under way using engine
2026-08-26T19:41:24Z,219002177,54.931285,11.370977,7.3,Under way using engine
2026-08-26T19:41:32Z,219000809,54.960673,11.490172,9.0,Under way using engine
2026-08-26T19:41:54Z,219002177,54.930273,11.371053,7.3,Under way using engine
2026-08-26T19:41:58Z,219000811,54.838713,11.491817,0.1,Under way using engine
2026-08-26T19:42:02Z,219000809,54.961878,11.490732,9.0,Under way using engine
2026-08-26T19:42:24Z,219002177,54.929273,11.371097,7.3,Under way using engine
2026-08-26T19:42:30Z,219000811,54.838712,11.491823,0.0,Under way using engine
2026-08-26T19:42:32Z,219000809,54.963073,11.491323,8.9,Under way using engine
2026-08-26T19:42:54Z,219002177,54.928267,11.371178,7.2,Under way using engine
2026-08-26T19:43:02Z,219000809,54.964155,11.492223,8.7,Under way using engine
2026-08-26T19:43:09Z,219000811,54.838713,11.491825,0.0,Under way using engine
2026-08-26T19:43:32Z,219000809,54.965208,11.493335,8.8,Under way using engine
2026-08-26T19:43:34Z,219002177,54.926943,11.371288,7.2,Under way using engine
2026-08-26T19:43:40Z,219000811,54.838712,11.491817,0.1,Under way using engine
2026-08-26T19:44:02Z,219000809,54.966248,11.494472,8.9,Under way using engine
2026-08-26T19:44:04Z,219002177,54.925923,11.371330,7.2,Under way using engine
2026-08-26T19:44:19Z,219000811,54.838710,11.491817,0.0,Under way using engine
2026-08-26T19:44:34Z,219002177,54.924968,11.371380,7.0,Under way using engine
2026-08-26T19:44:43Z,219000809,54.967672,11.496042,8.8,Under way using engine
2026-08-26T19:44:50Z,219000811,54.838707,11.491817,0.0,Under way using engine
2026-08-26T19:45:04Z,219002177,54.923980,11.371430,7.1,Under way using engine
2026-08-26T19:45:13Z,219000809,54.968720,11.497235,8.9,Under way using engine
2026-08-26T19:45:20Z,219000811,54.838708,11.491817,0.0,Under way using engine
2026-08-26T19:45:34Z,219002177,54.923063,11.371497,7.0,Under way using engine
2026-08-26T19:45:43Z,219000809,54.969762,11.498428,9.0,Under way using engine
2026-08-26T19:45:50Z,219000811,54.838708,11.491823,0.0,Under way using engine
2026-08-26T19:46:04Z,219002177,54.922060,11.371550,7.0,Under way using engine
2026-08-26T19:46:13Z,219000809,54.970783,11.499672,8.9,Under way using engine
2026-08-26T19:46:20Z,219000811,54.838715,11.491822,0.1,Under way using engine
2026-08-26T19:46:34Z,219002177,54.921127,11.371588,6.7,Under way using engine
2026-08-26T19:46:43Z,219000809,54.971605,11.501227,8.8,Under way using engine
2026-08-26T19:46:50Z,219000811,54.838713,11.491818,0.0,Under way using engine
2026-08-26T19:47:04Z,219002177,54.920187,11.371542,6.8,Under way using engine
2026-08-26T19:47:13Z,219000809,54.972210,11.503038,8.6,Under way using engine
2026-08-26T19:47:20Z,219000811,54.838715,11.491813,0.1,Under way using engine
2026-08-26T19:47:34Z,219002177,54.919248,11.371502,6.8,Under way using engine
2026-08-26T19:47:43Z,219000809,54.972373,11.505103,8.6,Under way using engine
2026-08-26T19:47:50Z,219000811,54.838717,11.491815,0.1,Under way using engine
2026-08-26T19:48:04Z,219002177,54.918328,11.371438,6.8,Under way using engine
2026-08-26T19:48:13Z,219000809,54.972240,11.507145,8.5,Under way using engine
2026-08-26T19:48:20Z,219000811,54.838713,11.491817,0.0,Under way using engine
2026-08-26T19:48:34Z,219002177,54.917412,11.371145,6.8,Under way using engine
2026-08-26T19:48:43Z,219000809,54.972088,11.509138,8.2,Under way using engine
2026-08-26T19:48:50Z,219000811,54.838713,11.491822,0.0,Under way using engine
2026-08-26T19:49:04Z,219002177,54.916780,11.370165,5.8,Under way using engine
2026-08-26T19:49:20Z,219000811,54.838715,11.491820,0.1,Under way using engine
2026-08-26T19:49:21Z,219000809,54.971975,11.511163,5.5,Under way using engine
2026-08-26T19:49:44Z,219002177,54.916665,11.368107,6.8,Under way using engine
2026-08-26T19:49:50Z,219000811,54.838715,11.491820,0.0,Under way using engine
2026-08-26T19:49:52Z,219000809,54.971947,11.512363,4.6,Under way using engine
2026-08-26T19:50:20Z,219000811,54.838715,11.491817,0.1,Under way using engine
2026-08-26T19:50:22Z,219000809,54.971943,11.513387,4.1,Under way using engine
2026-08-26T19:50:25Z,219002177,54.916497,11.365767,7.3,Under way using engine
2026-08-26T19:50:50Z,219000811,54.838715,11.491818,0.0,Under way using engine
2026-08-26T19:50:52Z,219000809,54.971948,11.514140,2.2,Under way using engine
2026-08-26T19:51:04Z,219002177,54.916360,11.363567,6.7,Under way using engine
2026-08-26T19:51:20Z,219000811,54.838713,11.491822,0.1,Under way using engine
2026-08-26T19:51:22Z,219000809,54.971940,11.514462,1.2,Under way using engine
2026-08-26T19:51:44Z,219002177,54.916353,11.361765,4.9,Under way using engine
2026-08-26T19:51:52Z,219000809,54.971907,11.514565,0.3,Under way using engine
2026-08-26T19:52:00Z,219000811,54.838712,11.491823,0.1,Under way using engine
2026-08-26T19:52:22Z,219000809,54.971895,11.514578,0.1,Under way using engine
2026-08-26T19:52:25Z,219002177,54.916387,11.360913,1.4,Under way using engine
2026-08-26T19:52:38Z,219000811,54.838718,11.491813,0.0,Under way using engine
2026-08-26T19:52:52Z,219000809,54.971950,11.514603,0.1,Under way using engine
2026-08-26T19:53:03Z,219002177,54.916377,11.360625,0.8,Under way using engine
2026-08-26T19:53:10Z,219000811,54.838718,11.491812,0.1,Under way using engine
2026-08-26T19:53:22Z,219000809,54.971955,11.514607,0.0,Under way using engine
2026-08-26T19:53:33Z,219002177,54.916372,11.360563,0.0,Under way using engine
2026-08-26T19:53:49Z,219000811,54.838725,11.491812,0.0,Under way using engine
2026-08-26T19:53:52Z,219000809,54.971910,11.514590,0.0,Under way using engine
2026-08-26T19:54:03Z,219002177,54.916367,11.360573,0.0,Under way using engine
2026-08-26T19:54:19Z,219000811,54.838722,11.491812,0.0,Under way using engine
2026-08-26T19:54:22Z,219000809,54.971902,11.514590,0.0,Under way using engine
2026-08-26T19:54:35Z,219002177,54.916370,11.360572,0.0,Under way using engine
2026-08-26T19:54:49Z,219000811,54.838715,11.491812,0.1,Under way using engine
2026-08-26T19:54:52Z,219000809,54.971912,11.514593,0.0,Moored
2026-08-26T19:55:13Z,219002177,54.916380,11.360565,0.0,Under way using engine
2026-08-26T19:55:19Z,219000811,54.838717,11.491813,0.0,Under way using engine
2026-08-26T19:55:22Z,219000809,54.971922,11.514588,0.0,Moored
2026-08-26T19:55:44Z,219002177,54.916375,11.360572,0.0,Under way using engine
2026-08-26T19:55:49Z,219000811,54.838717,11.491817,0.1,Under way using engine
2026-08-26T19:56:19Z,219000811,54.838713,11.491820,0.0,Under way using engine
2026-08-26T19:56:35Z,219002177,54.916382,11.360585,0.0,Under way using engine
2026-08-26T19:56:50Z,219000811,54.838712,11.491825,0.0,Under way using engine
2026-08-26T19:57:12Z,219002177,54.916383,11.360575,0.0,Under way using engine
2026-08-26T19:57:28Z,219000811,54.838712,11.491830,0.1,Under way using engine
2026-08-26T19:57:44Z,219000809,54.971912,11.514585,0.0,Moored
2026-08-26T19:57:44Z,219002177,54.916395,11.360583,0.0,Under way using engine
2026-08-26T19:57:58Z,219000811,54.838712,11.491830,0.0,Under way using engine
2026-08-26T19:58:25Z,219002177,54.916365,11.360572,0.0,Under way using engine
2026-08-26T19:58:28Z,219000811,54.838712,11.491828,0.0,Under way using engine
2026-08-26T19:58:55Z,219002177,54.916365,11.360567,0.0,Under way using engine
2026-08-26T19:58:58Z,219000811,54.838710,11.491828,0.0,Under way using engine
2026-08-26T19:59:25Z,219002177,54.916362,11.360562,0.0,Under way using engine
2026-08-26T19:59:28Z,219000811,54.838703,11.491830,0.0,Under way using engine
2026-08-26T20:00:00Z,219000811,54.838702,11.491828,0.0,Under way using engine
2026-08-26T20:00:04Z,219002177,54.916360,11.360552,0.0,Under way using engine
2026-08-26T20:00:35Z,219002177,54.916363,11.360645,0.9,Under way using engine
2026-08-26T20:00:40Z,219000811,54.838705,11.491825,0.1,Under way using engine
2026-08-26T20:00:44Z,219000809,54.971903,11.514582,0.0,Moored
2026-08-26T20:01:14Z,219002177,54.916315,11.361842,4.9,Under way using engine
2026-08-26T20:01:20Z,219000811,54.838707,11.491825,0.0,Under way using engine
2026-08-26T20:01:44Z,219002177,54.916303,11.363203,5.9,Under way using engine
2026-08-26T20:01:50Z,219000811,54.838705,11.491822,0.0,Under way using engine
2026-08-26T20:02:14Z,219002177,54.916417,11.364740,6.6,Under way using engine
2026-08-26T20:02:20Z,219000811,54.838705,11.491822,0.0,Under way using engine
2026-08-26T20:02:44Z,219002177,54.916557,11.366373,6.9,Under way using engine
2026-08-26T20:02:50Z,219000811,54.838707,11.491820,0.0,Under way using engine
2026-08-26T20:03:14Z,219002177,54.916687,11.368052,7.1,Under way using engine
2026-08-26T20:03:20Z,219000811,54.838708,11.491822,0.0,Under way using engine
2026-08-26T20:03:36Z,219000809,54.971903,11.514582,0.0,Moored
2026-08-26T20:03:44Z,219002177,54.916822,11.369773,7.2,Under way using engine
2026-08-26T20:03:50Z,219000811,54.838710,11.491825,0.0,Under way using engine
2026-08-26T20:04:14Z,219002177,54.917315,11.371022,6.0,Under way using engine
2026-08-26T20:04:20Z,219000811,54.838705,11.491818,0.0,Under way using engine
2026-08-26T20:04:44Z,219002177,54.918225,11.371140,6.9,Under way using engine
2026-08-26T20:04:50Z,219000811,54.838707,11.491815,0.0,Under way using engine
2026-08-26T20:05:14Z,219002177,54.919247,11.371245,7.6,Under way using engine
2026-08-26T20:05:20Z,219000811,54.838710,11.491817,0.0,Under way using engine
2026-08-26T20:05:44Z,219002177,54.920358,11.371317,8.1,Under way using engine
2026-08-26T20:05:50Z,219000811,54.838713,11.491818,0.0,Under way using engine
2026-08-26T20:06:14Z,219002177,54.921523,11.371343,8.6,Under way using engine
2026-08-26T20:06:20Z,219000811,54.838712,11.491817,0.0,Under way using engine
2026-08-26T20:06:42Z,219000809,54.971933,11.514600,0.0,Moored
2026-08-26T20:06:44Z,219002177,54.922737,11.371363,8.8,Under way using engine
2026-08-26T20:06:50Z,219000811,54.838710,11.491818,0.0,Under way using engine
2026-08-26T20:07:14Z,219002177,54.923945,11.371363,9.0,Under way using engine
2026-08-26T20:07:20Z,219000811,54.838708,11.491817,0.0,Under way using engine
2026-08-26T20:07:44Z,219002177,54.925203,11.371340,9.0,Under way using engine
2026-08-26T20:07:50Z,219000811,54.838708,11.491817,0.0,Under way using engine
2026-08-26T20:08:14Z,219002177,54.926448,11.371308,9.0,Under way using engine
2026-08-26T20:08:20Z,219000811,54.838708,11.491817,0.0,Under way using engine
2026-08-26T20:08:44Z,219002177,54.927688,11.371265,9.0,Under way using engine
2026-08-26T20:08:50Z,219000811,54.838707,11.491820,0.0,Under way using engine
2026-08-26T20:09:14Z,219002177,54.928930,11.371215,9.0,Under way using engine
2026-08-26T20:09:20Z,219000811,54.838705,11.491818,0.0,Under way using engine
2026-08-26T20:09:37Z,219000809,54.971933,11.514600,0.0,Moored
2026-08-26T20:09:44Z,219002177,54.930173,11.371157,8.9,Under way using engine
2026-08-26T20:09:59Z,219000811,54.838707,11.491812,0.0,Under way using engine
2026-08-26T20:10:14Z,219002177,54.931397,11.371127,8.8,Under way using engine
2026-08-26T20:10:29Z,219000811,54.838707,11.491815,0.0,Under way using engine
2026-08-26T20:10:44Z,219002177,54.932618,11.371098,8.8,Under way using engine
2026-08-26T20:10:59Z,219000811,54.838705,11.491817,0.0,Under way using engine
2026-08-26T20:11:14Z,219002177,54.933785,11.371123,7.9,Under way using engine
2026-08-26T20:11:29Z,219000811,54.838705,11.491818,0.0,Under way using engine
2026-08-26T20:11:53Z,219002177,54.934973,11.371348,5.3,Under way using engine
2026-08-26T20:11:59Z,219000811,54.838705,11.491820,0.0,Under way using engine
2026-08-26T20:12:24Z,219002177,54.935497,11.371578,3.3,Under way using engine
2026-08-26T20:12:30Z,219000811,54.838707,11.491822,0.0,Under way using engine
2026-08-26T20:12:42Z,219000809,54.971922,11.514578,0.0,Moored
2026-08-26T20:13:04Z,219002177,54.935810,11.371837,1.2,Under way using engine
2026-08-26T20:13:10Z,219000811,54.838705,11.491817,0.1,Under way using engine
2026-08-26T20:13:34Z,219002177,54.935883,11.371925,0.6,Under way using engine
2026-08-26T20:13:50Z,219000811,54.838705,11.491818,0.0,Under way using engine
2026-08-26T20:14:04Z,219002177,54.935962,11.371997,0.5,Under way using engine
2026-08-26T20:14:30Z,219000811,54.838708,11.491820,0.0,Under way using engine
2026-08-26T20:14:34Z,219002177,54.935958,11.371993,0.0,Under way using engine
2026-08-26T20:15:04Z,219002177,54.935960,11.371982,0.0,Under way using engine
2026-08-26T20:15:10Z,219000811,54.838712,11.491823,0.0,Under way using engine
2026-08-26T20:15:34Z,219002177,54.935962,11.371988,0.0,Under way using engine
2026-08-26T20:15:36Z,219000809,54.971922,11.514578,0.0,Moored
2026-08-26T20:15:50Z,219000811,54.838715,11.491823,0.1,Under way using engine
2026-08-26T20:16:04Z,219002177,54.935967,11.371997,0.0,Under way using engine
2026-08-26T20:16:30Z,219000811,54.838715,11.491822,0.0,Under way using engine
2026-08-26T20:16:34Z,219002177,54.935948,11.371998,0.0,Under way using engine
2026-08-26T20:17:04Z,219002177,54.935952,11.371997,0.0,Under way using engine
2026-08-26T20:17:10Z,219000811,54.838718,11.491820,0.1,Under way using engine
2026-08-26T20:17:34Z,219002177,54.935970,11.371992,0.0,Under way using engine
2026-08-26T20:17:50Z,219000811,54.838717,11.491820,0.0,Under way using engine
2026-08-26T20:18:04Z,219002177,54.935977,11.371983,0.0,Under way using engine
2026-08-26T20:18:23Z,219000811,54.838715,11.491818,0.0,Under way using engine
2026-08-26T20:18:34Z,219002177,54.935982,11.371973,0.0,Under way using engine
2026-08-26T20:18:44Z,219000809,54.971915,11.514582,0.0,Moored
2026-08-26T20:18:59Z,219000811,54.838715,11.491812,0.0,Under way using engine
2026-08-26T20:19:04Z,219002177,54.935980,11.371965,0.0,Under way using engine
2026-08-26T20:19:30Z,219000811,54.838715,11.491812,0.0,Under way using engine
2026-08-26T20:19:34Z,219002177,54.935982,11.371958,0.0,Under way using engine
2026-08-26T20:20:09Z,219000811,54.838718,11.491815,0.0,Under way using engine
2026-08-26T20:20:13Z,219002177,54.935972,11.371978,0.0,Under way using engine
2026-08-26T20:20:39Z,219000811,54.838718,11.491813,0.0,Under way using engine
2026-08-26T20:20:53Z,219002177,54.935977,11.371993,0.0,Under way using engine
2026-08-26T20:21:09Z,219000811,54.838720,11.491812,0.0,Under way using engine
2026-08-26T20:21:23Z,219002177,54.935983,11.371997,0.0,Under way using engine
2026-08-26T20:21:37Z,219000809,54.971915,11.514582,0.0,Moored
2026-08-26T20:21:40Z,219000811,54.838720,11.491813,0.0,Under way using engine
2026-08-26T20:21:54Z,219002177,54.935970,11.371992,0.0,Under way using engine
2026-08-26T20:22:19Z,219000811,54.838720,11.491813,0.0,Under way using engine
2026-08-26T20:22:34Z,219002177,54.935955,11.372000,0.0,Under way using engine
2026-08-26T20:22:50Z,219000811,54.838722,11.491815,0.0,Under way using engine
2026-08-26T20:23:13Z,219002177,54.935953,11.372012,0.0,Under way using engine
2026-08-26T20:23:30Z,219000811,54.838722,11.491815,0.1,Under way using engine
2026-08-26T20:23:43Z,219002177,54.935958,11.372008,0.0,Under way using engine
2026-08-26T20:24:09Z,219000811,54.838718,11.491815,0.0,Under way using engine
2026-08-26T20:24:13Z,219002177,54.935958,11.372007,0.0,Under way using engine
2026-08-26T20:24:40Z,219000811,54.838720,11.491815,0.0,Under way using engine
2026-08-26T20:24:43Z,219002177,54.935962,11.372002,0.0,Under way using engine
2026-08-26T20:24:44Z,219000809,54.971927,11.514558,0.0,Moored
2026-08-26T20:25:15Z,219002177,54.935960,11.372003,0.0,Under way using engine
2026-08-26T20:25:19Z,219000811,54.838722,11.491815,0.0,Under way using engine
2026-08-26T20:25:50Z,219000811,54.838725,11.491823,0.0,Under way using engine
2026-08-26T20:25:55Z,219002177,54.935965,11.371988,0.0,Under way using engine
2026-08-26T20:26:30Z,219000811,54.838723,11.491822,0.0,Under way using engine
2026-08-26T20:26:34Z,219002177,54.935965,11.371988,0.0,Under way using engine
2026-08-26T20:27:05Z,219002177,54.935970,11.371992,0.0,Under way using engine
2026-08-26T20:27:09Z,219000811,54.838720,11.491820,0.0,Under way using engine
2026-08-26T20:27:36Z,219000809,54.971927,11.514558,0.0,Moored
2026-08-26T20:27:39Z,219000811,54.838717,11.491817,0.0,Under way using engine
2026-08-26T20:27:43Z,219002177,54.935973,11.371987,0.0,Under way using engine
2026-08-26T20:28:09Z,219000811,54.838718,11.491817,0.0,Under way using engine
2026-08-26T20:28:15Z,219002177,54.935972,11.371987,0.0,Under way using engine
2026-08-26T20:28:39Z,219000811,54.838718,11.491817,0.0,Under way using engine
2026-08-26T20:28:55Z,219002177,54.935980,11.371992,0.0,Under way using engine
2026-08-26T20:29:09Z,219000811,54.838715,11.491815,0.0,Under way using engine
2026-08-26T20:29:33Z,219002177,54.935975,11.371983,0.0,Under way using engine
2026-08-26T20:29:39Z,219000811,54.838712,11.491817,0.1,Under way using engine
2026-08-26T20:30:05Z,219002177,54.935972,11.371972,0.0,Under way using engine
2026-08-26T20:30:09Z,219000811,54.838710,11.491818,0.0,Under way using engine
2026-08-26T20:30:39Z,219000811,54.838710,11.491818,0.1,Under way using engine
2026-08-26T20:30:43Z,219000809,54.971905,11.514575,0.0,Moored
2026-08-26T20:30:44Z,219002177,54.935967,11.371980,0.0,Under way using engine
2026-08-26T20:31:09Z,219000811,54.838712,11.491818,0.1,Under way using engine
2026-08-26T20:31:14Z,219002177,54.935965,11.371988,0.0,Under way using engine
2026-08-26T20:31:40Z,219000811,54.838712,11.491817,0.0,Under way using engine
2026-08-26T20:31:44Z,219002177,54.935962,11.371993,0.0,Under way using engine
2026-08-26T20:32:14Z,219002177,54.935960,11.371987,0.0,Under way using engine
2026-08-26T20:32:19Z,219000811,54.838713,11.491825,0.0,Under way using engine
2026-08-26T20:32:44Z,219002177,54.935962,11.371992,0.0,Under way using engine
2026-08-26T20:32:59Z,219000811,54.838712,11.491825,0.0,Under way using engine
2026-08-26T20:33:14Z,219002177,54.935965,11.371993,0.0,Under way using engine
2026-08-26T20:33:29Z,219000811,54.838715,11.491823,0.0,Under way using engine
2026-08-26T20:33:36Z,219000809,54.971905,11.514575,0.0,Moored
2026-08-26T20:33:44Z,219002177,54.935967,11.371993,0.0,Under way using engine
2026-08-26T20:33:59Z,219000811,54.838715,11.491823,0.0,Under way using engine
2026-08-26T20:34:14Z,219002177,54.935970,11.371980,0.0,Under way using engine
2026-08-26T20:34:29Z,219000811,54.838712,11.491827,0.1,Under way using engine
2026-08-26T20:34:44Z,219002177,54.935973,11.371975,0.0,Under way using engine
2026-08-26T20:34:59Z,219000811,54.838712,11.491830,0.0,Under way using engine
2026-08-26T20:35:14Z,219002177,54.935970,11.371985,0.0,Under way using engine
2026-08-26T20:35:30Z,219000811,54.838712,11.491830,0.0,Under way using engine
2026-08-26T20:35:44Z,219002177,54.935968,11.371997,0.0,Under way using engine
2026-08-26T20:36:10Z,219000811,54.838712,11.491828,0.0,Under way using engine
2026-08-26T20:36:14Z,219002177,54.935968,11.371997,0.0,Under way using engine
2026-08-26T20:36:40Z,219000811,54.838712,11.491828,0.0,Under way using engine
2026-08-26T20:36:44Z,219002177,54.935970,11.371987,0.0,Under way using engine
2026-08-26T20:36:45Z,219000809,54.971898,11.514583,0.0,Moored
2026-08-26T20:37:10Z,219000811,54.838712,11.491827,0.0,Under way using engine
2026-08-26T20:37:14Z,219002177,54.935978,11.371985,0.0,Under way using engine
2026-08-26T20:37:40Z,219000811,54.838705,11.491828,0.0,Under way using engine
2026-08-26T20:37:44Z,219002177,54.935983,11.371983,0.0,Under way using engine
2026-08-26T20:38:15Z,219002177,54.935980,11.371980,0.0,Under way using engine
2026-08-26T20:38:19Z,219000811,54.838702,11.491827,0.0,Under way using engine
2026-08-26T20:38:54Z,219002177,54.935965,11.371982,0.0,Under way using engine
2026-08-26T20:38:58Z,219000811,54.838698,11.491827,0.0,Under way using engine
2026-08-26T20:39:24Z,219002177,54.935977,11.371975,0.0,Under way using engine
2026-08-26T20:39:29Z,219000811,54.838698,11.491825,0.1,Under way using engine
2026-08-26T20:39:37Z,219000809,54.971898,11.514583,0.0,Moored
2026-08-26T20:39:54Z,219002177,54.935983,11.371962,0.0,Under way using engine
2026-08-26T20:40:09Z,219000811,54.838702,11.491822,0.0,Under way using engine
2026-08-26T20:40:24Z,219002177,54.935980,11.371972,0.0,Under way using engine
2026-08-26T20:40:39Z,219000811,54.838703,11.491822,0.0,Under way using engine
2026-08-26T20:40:54Z,219002177,54.935977,11.371978,0.0,Under way using engine
2026-08-26T20:41:09Z,219000811,54.838707,11.491820,0.0,Under way using engine
2026-08-26T20:41:24Z,219002177,54.935968,11.371980,0.0,Under way using engine
2026-08-26T20:41:39Z,219000811,54.838708,11.491817,0.0,Under way using engine
2026-08-26T20:41:54Z,219002177,54.935970,11.371978,0.0,Under way using engine
2026-08-26T20:42:09Z,219000811,54.838712,11.491820,0.0,Under way using engine
2026-08-26T20:42:25Z,219002177,54.935962,11.371982,0.0,Under way using engine
2026-08-26T20:42:39Z,219000811,54.838710,11.491825,0.0,Under way using engine
2026-08-26T20:42:43Z,219000809,54.971907,11.514605,0.0,Moored
2026-08-26T20:43:04Z,219002177,54.935970,11.371973,0.0,Under way using engine
2026-08-26T20:43:09Z,219000811,54.838712,11.491827,0.0,Under way using engine
2026-08-26T20:43:35Z,219002177,54.935982,11.371958,0.0,Under way using engine
2026-08-26T20:43:40Z,219000811,54.838712,11.491825,0.0,Under way using engine
2026-08-26T20:44:14Z,219002177,54.935972,11.371960,0.0,Under way using engine
2026-08-26T20:44:18Z,219000811,54.838710,11.491825,0.0,Under way using engine
2026-08-26T20:44:45Z,219002177,54.935980,11.371958,0.0,Under way using engine
2026-08-26T20:44:49Z,219000811,54.838710,11.491828,0.1,Under way using engine
2026-08-26T20:45:19Z,219000811,54.838712,11.491822,0.0,Under way using engine
2026-08-26T20:45:25Z,219002177,54.935968,11.371978,0.0,Under way using engine
2026-08-26T20:45:36Z,219000809,54.971907,11.514605,0.0,Moored
2026-08-26T20:45:49Z,219000811,54.838713,11.491817,0.0,Under way using engine
2026-08-26T20:46:04Z,219002177,54.935947,11.371973,0.0,Under way using engine
2026-08-26T20:46:19Z,219000811,54.838717,11.491812,0.0,Under way using engine
2026-08-26T20:46:35Z,219002177,54.935960,11.371970,0.0,Under way using engine
2026-08-26T20:46:49Z,219000811,54.838718,11.491813,0.0,Under way using engine
2026-08-26T20:47:14Z,219002177,54.935947,11.372003,0.0,Under way using engine
2026-08-26T20:47:19Z,219000811,54.838718,11.491813,0.1,Under way using engine
2026-08-26T20:47:45Z,219002177,54.935970,11.371985,0.0,Under way using engine
2026-08-26T20:47:50Z,219000811,54.838715,11.491813,0.1,Under way using engine
2026-08-26T20:48:22Z,219000811,54.838715,11.491817,0.0,Under way using engine
2026-08-26T20:48:25Z,219002177,54.935965,11.371992,0.0,Under way using engine
2026-08-26T20:48:41Z,219000809,54.971900,11.514572,0.0,Moored
2026-08-26T20:48:59Z,219000811,54.838713,11.491818,0.0,Under way using engine
2026-08-26T20:49:04Z,219002177,54.935962,11.371982,0.0,Under way using engine
2026-08-26T20:49:30Z,219000811,54.838715,11.491817,0.0,Under way using engine
2026-08-26T20:49:34Z,219002177,54.935972,11.371973,0.0,Under way using engine
2026-08-26T20:50:04Z,219002177,54.935972,11.371980,0.0,Under way using engine
2026-08-26T20:50:09Z,219000811,54.838713,11.491818,0.0,Under way using engine
2026-08-26T20:50:34Z,219002177,54.935960,11.371983,0.0,Under way using engine
2026-08-26T20:50:39Z,219000811,54.838713,11.491818,0.0,Under way using engine
2026-08-26T20:51:14Z,219002177,54.935952,11.371990,0.0,Under way using engine
2026-08-26T20:51:18Z,219000811,54.838710,11.491825,0.0,Under way using engine
2026-08-26T20:51:36Z,219000809,54.971900,11.514572,0.0,Moored
2026-08-26T20:51:45Z,219002177,54.935967,11.371978,0.0,Under way using engine
2026-08-26T20:51:50Z,219000811,54.838708,11.491827,0.0,Under way using engine
2026-08-26T20:52:15Z,219002177,54.935977,11.371980,0.0,Under way using engine
2026-08-26T20:52:29Z,219000811,54.838707,11.491828,0.0,Under way using engine
2026-08-26T20:52:45Z,219002177,54.935963,11.371995,0.0,Under way using engine
2026-08-26T20:52:59Z,219000811,54.838705,11.491827,0.0,Under way using engine
2026-08-26T20:53:23Z,219002177,54.935990,11.371990,0.0,Under way using engine
2026-08-26T20:53:29Z,219000811,54.838707,11.491827,0.0,Under way using engine
2026-08-26T20:53:55Z,219002177,54.935943,11.372003,0.0,Under way using engine
2026-08-26T20:53:59Z,219000811,54.838710,11.491827,0.0,Under way using engine
2026-08-26T20:54:29Z,219000811,54.838710,11.491825,0.0,Under way using engine
2026-08-26T20:54:34Z,219002177,54.935967,11.371992,0.0,Under way using engine
2026-08-26T20:54:44Z,219000809,54.971902,11.514573,0.0,Moored
2026-08-26T20:54:59Z,219000811,54.838708,11.491825,0.0,Under way using engine
2026-08-26T20:55:15Z,219002177,54.935977,11.372005,0.0,Under way using engine
2026-08-26T20:55:29Z,219000811,54.838710,11.491825,0.0,Under way using engine
2026-08-26T20:55:45Z,219002177,54.935965,11.372003,0.0,Under way using engine
2026-08-26T20:55:59Z,219000811,54.838710,11.491827,0.0,Under way using engine
2026-08-26T20:56:15Z,219002177,54.935955,11.372013,0.0,Under way using engine
2026-08-26T20:56:29Z,219000811,54.838710,11.491823,0.0,Under way using engine
2026-08-26T20:56:45Z,219002177,54.935958,11.372008,0.0,Under way using engine
2026-08-26T20:56:59Z,219000811,54.838715,11.491820,0.0,Under way using engine
2026-08-26T20:57:24Z,219002177,54.935962,11.371998,0.0,Under way using engine
2026-08-26T20:57:29Z,219000811,54.838713,11.491817,0.0,Under way using engine
2026-08-26T20:57:36Z,219000809,54.971902,11.514573,0.0,Moored
2026-08-26T20:57:54Z,219002177,54.935962,11.371980,0.0,Under way using engine
2026-08-26T20:58:08Z,219000811,54.838715,11.491813,0.1,Under way using engine
2026-08-26T20:58:24Z,219002177,54.935978,11.371967,0.0,Under way using engine
2026-08-26T20:58:38Z,219000811,54.838715,11.491815,0.1,Under way using engine
2026-08-26T20:58:54Z,219002177,54.935960,11.371972,0.0,Under way using engine
2026-08-26T20:59:09Z,219000811,54.838715,11.491813,0.0,Under way using engine
2026-08-26T20:59:24Z,219002177,54.935982,11.371958,0.0,Under way using engine
2026-08-26T20:59:49Z,219000811,54.838715,11.491813,0.0,Under way using engine
2026-08-26T20:59:54Z,219002177,54.935953,11.371985,0.0,Under way using engine
2026-08-26T21:00:20Z,219000811,54.838715,11.491817,0.1,Under way using engine
2026-08-26T21:00:24Z,219002177,54.935967,11.371990,0.0,Under way using engine
2026-08-26T21:00:43Z,219000809,54.971923,11.514573,0.0,Moored
2026-08-26T21:00:54Z,219002177,54.935968,11.371985,0.0,Under way using engine
2026-08-26T21:01:00Z,219000811,54.838713,11.491817,0.0,Under way using engine
2026-08-26T21:01:24Z,219002177,54.935933,11.371988,0.0,Under way using engine
2026-08-26T21:01:38Z,219000811,54.838713,11.491813,0.0,Under way using engine
2026-08-26T21:01:54Z,219002177,54.935970,11.371967,0.0,Under way using engine
2026-08-26T21:02:09Z,219000811,54.838717,11.491812,0.1,Under way using engine
2026-08-26T21:02:33Z,219002177,54.935947,11.371980,0.0,Under way using engine
2026-08-26T21:02:49Z,219000811,54.838717,11.491812,0.1,Under way using engine
2026-08-26T21:03:13Z,219002177,54.935958,11.371973,0.1,Under way using engine
2026-08-26T21:03:19Z,219000811,54.838715,11.491813,0.0,Under way using engine
2026-08-26T21:03:37Z,219000809,54.971923,11.514573,0.0,Moored
2026-08-26T21:03:44Z,219002177,54.935985,11.371968,0.0,Under way using engine
2026-08-26T21:03:49Z,219000811,54.838717,11.491817,0.1,Under way using engine
2026-08-26T21:04:19Z,219000811,54.838715,11.491817,0.0,Under way using engine
2026-08-26T21:04:23Z,219002177,54.935942,11.371983,0.0,Under way using engine
2026-08-26T21:04:49Z,219000811,54.838713,11.491815,0.0,Under way using engine
2026-08-26T21:05:05Z,219002177,54.935938,11.372017,0.1,Under way using engine
2026-08-26T21:05:19Z,219000811,54.838713,11.491813,0.1,Under way using engine
2026-08-26T21:05:44Z,219002177,54.935980,11.371988,0.0,Under way using engine
2026-08-26T21:05:49Z,219000811,54.838715,11.491813,0.0,Under way using engine
2026-08-26T21:06:14Z,219002177,54.935943,11.372003,0.1,Under way using engine
2026-08-26T21:06:19Z,219000811,54.838715,11.491815,0.0,Under way using engine
2026-08-26T21:06:43Z,219000809,54.971905,11.514570,0.0,Moored
2026-08-26T21:06:44Z,219002177,54.935980,11.371963,0.1,Under way using engine
2026-08-26T21:06:50Z,219000811,54.838712,11.491813,0.0,Under way using engine
2026-08-26T21:07:14Z,219002177,54.935965,11.371963,0.0,Under way using engine
2026-08-26T21:07:30Z,219000811,54.838708,11.491818,0.1,Under way using engine
2026-08-26T21:07:44Z,219002177,54.935977,11.372043,0.1,Under way using engine
2026-08-26T21:08:10Z,219000811,54.838707,11.491820,0.0,Under way using engine
2026-08-26T21:08:14Z,219002177,54.936013,11.372032,0.1,Under way using engine
2026-08-26T21:08:40Z,219000811,54.838707,11.491818,0.0,Under way using engine
2026-08-26T21:08:54Z,219002177,54.935937,11.372052,0.1,Under way using engine
2026-08-26T21:09:10Z,219000811,54.838705,11.491818,0.1,Under way using engine
2026-08-26T21:09:25Z,219002177,54.935970,11.371988,0.0,Under way using engine
2026-08-26T21:09:36Z,219000809,54.971905,11.514570,0.0,Moored
2026-08-26T21:09:40Z,219000811,54.838703,11.491818,0.0,Under way using engine
2026-08-26T21:10:03Z,219002177,54.935977,11.371977,0.0,Under way using engine
2026-08-26T21:10:10Z,219000811,54.838703,11.491822,0.0,Under way using engine
2026-08-26T21:10:33Z,219002177,54.935945,11.371987,0.0,Under way using engine
2026-08-26T21:10:40Z,219000811,54.838703,11.491823,0.0,Under way using engine
2026-08-26T21:11:03Z,219002177,54.935980,11.371968,0.0,Under way using engine
2026-08-26T21:11:10Z,219000811,54.838707,11.491825,0.1,Under way using engine
2026-08-26T21:11:33Z,219002177,54.935952,11.371992,0.0,Under way using engine
2026-08-26T21:11:50Z,219000811,54.838705,11.491823,0.1,Under way using engine
2026-08-26T21:12:03Z,219002177,54.935973,11.371973,0.0,Under way using engine
2026-08-26T21:12:22Z,219000811,54.838705,11.491823,0.0,Under way using engine
2026-08-26T21:12:33Z,219002177,54.935942,11.371998,0.0,Under way using engine
2026-08-26T21:12:45Z,219000809,54.971893,11.514565,0.0,Moored
2026-08-26T21:12:59Z,219000811,54.838707,11.491822,0.1,Under way using engine
2026-08-26T21:13:03Z,219002177,54.935978,11.371977,0.1,Under way using engine
2026-08-26T21:13:29Z,219000811,54.838710,11.491820,0.1,Under way using engine
2026-08-26T21:13:33Z,219002177,54.935957,11.372000,0.0,Under way using engine
2026-08-26T21:13:59Z,219000811,54.838708,11.491823,0.0,Under way using engine
2026-08-26T21:14:05Z,219002177,54.935985,11.371970,0.0,Under way using engine
2026-08-26T21:14:29Z,219000811,54.838710,11.491823,0.0,Under way using engine
2026-08-26T21:14:43Z,219002177,54.935950,11.371985,0.0,Under way using engine
2026-08-26T21:14:59Z,219000811,54.838710,11.491825,0.1,Under way using engine
2026-08-26T21:15:14Z,219002177,54.935942,11.371998,0.0,Under way using engine
2026-08-26T21:15:30Z,219000811,54.838712,11.491825,0.1,Under way using engine
2026-08-26T21:15:36Z,219000809,54.971893,11.514565,0.0,Moored
2026-08-26T21:15:55Z,219002177,54.935975,11.371968,0.0,Under way using engine
2026-08-26T21:16:08Z,219000811,54.838715,11.491825,0.0,Under way using engine
2026-08-26T21:16:25Z,219002177,54.935937,11.371985,0.0,Under way using engine
2026-08-26T21:16:39Z,219000811,54.838713,11.491823,0.1,Under way using engine
2026-08-26T21:17:05Z,219002177,54.935945,11.371975,0.0,Under way using engine
2026-08-26T21:17:19Z,219000811,54.838713,11.491822,0.0,Under way using engine
2026-08-26T21:17:45Z,219002177,54.935963,11.371963,0.0,Under way using engine
2026-08-26T21:17:49Z,219000811,54.838715,11.491818,0.0,Under way using engine
2026-08-26T21:18:15Z,219002177,54.935955,11.371970,0.0,Under way using engine
2026-08-26T21:18:19Z,219000811,54.838715,11.491820,0.0,Under way using engine
2026-08-26T21:18:41Z,219000809,54.971897,11.514570,0.0,Moored
2026-08-26T21:18:45Z,219002177,54.935980,11.371962,0.0,Under way using engine
2026-08-26T21:18:49Z,219000811,54.838713,11.491823,0.0,Under way using engine
2026-08-26T21:19:15Z,219002177,54.935967,11.371988,0.0,Under way using engine
2026-08-26T21:19:19Z,219000811,54.838713,11.491827,0.1,Under way using engine
2026-08-26T21:19:45Z,219002177,54.935953,11.371983,0.0,Under way using engine
2026-08-26T21:19:49Z,219000811,54.838715,11.491825,0.1,Under way using engine
2026-08-26T21:20:15Z,219002177,54.935952,11.371973,0.0,Under way using engine
2026-08-26T21:20:19Z,219000811,54.838715,11.491825,0.0,Under way using engine
2026-08-26T21:20:45Z,219002177,54.935958,11.371975,0.0,Under way using engine
2026-08-26T21:20:49Z,219000811,54.838718,11.491822,0.0,Under way using engine
2026-08-26T21:21:15Z,219002177,54.935955,11.371970,0.0,Under way using engine
2026-08-26T21:21:19Z,219000811,54.838717,11.491823,0.0,Under way using engine
2026-08-26T21:21:36Z,219000809,54.971897,11.514570,0.0,Moored
2026-08-26T21:21:49Z,219000811,54.838718,11.491823,0.1,Under way using engine
2026-08-26T21:21:54Z,219002177,54.935960,11.371977,0.0,Under way using engine
2026-08-26T21:22:19Z,219000811,54.838717,11.491825,0.0,Under way using engine
2026-08-26T21:22:24Z,219002177,54.935968,11.371978,0.0,Under way using engine
2026-08-26T21:22:49Z,219000811,54.838715,11.491825,0.0,Under way using engine
2026-08-26T21:22:54Z,219002177,54.935957,11.371978,0.0,Under way using engine
2026-08-26T21:23:19Z,219000811,54.838715,11.491823,0.0,Under way using engine
2026-08-26T21:23:24Z,219002177,54.935960,11.371987,0.0,Under way using engine
2026-08-26T21:23:49Z,219000811,54.838715,11.491827,0.0,Under way using engine
2026-08-26T21:23:54Z,219002177,54.935965,11.371990,0.0,Under way using engine
2026-08-26T21:24:19Z,219000811,54.838715,11.491828,0.0,Under way using engine
2026-08-26T21:24:24Z,219002177,54.935962,11.371993,0.1,Under way using engine
2026-08-26T21:24:43Z,219000809,54.971885,11.514578,0.1,Moored
2026-08-26T21:24:49Z,219000811,54.838715,11.491830,0.0,Under way using engine
2026-08-26T21:24:54Z,219002177,54.935962,11.371990,0.0,Under way using engine
2026-08-26T21:25:19Z,219000811,54.838715,11.491828,0.0,Under way using engine
2026-08-26T21:25:33Z,219002177,54.935955,11.371975,0.0,Under way using engine
2026-08-26T21:25:49Z,219000811,54.838715,11.491825,0.0,Under way using engine
2026-08-26T21:26:04Z,219002177,54.935990,11.371953,0.0,Under way using engine
2026-08-26T21:26:19Z,219000811,54.838713,11.491823,0.0,Under way using engine
2026-08-26T21:26:44Z,219002177,54.935960,11.371967,0.0,Under way using engine
2026-08-26T21:26:49Z,219000811,54.838713,11.491820,0.0,Under way using engine
2026-08-26T21:27:14Z,219002177,54.935975,11.371955,0.0,Under way using engine
2026-08-26T21:27:19Z,219000811,54.838712,11.491820,0.0,Under way using engine
2026-08-26T21:27:36Z,219000809,54.971885,11.514578,0.1,Moored
2026-08-26T21:27:44Z,219002177,54.935988,11.371938,0.1,Under way using engine
2026-08-26T21:27:49Z,219000811,54.838710,11.491820,0.0,Under way using engine
2026-08-26T21:28:14Z,219002177,54.935958,11.371968,0.0,Under way using engine
2026-08-26T21:28:20Z,219000811,54.838710,11.491820,0.0,Under way using engine
2026-08-26T21:28:44Z,219002177,54.935947,11.371975,0.0,Under way using engine
2026-08-26T21:29:00Z,219000811,54.838708,11.491820,0.0,Under way using engine
2026-08-26T21:29:14Z,219002177,54.935950,11.371982,0.0,Under way using engine
2026-08-26T21:29:30Z,219000811,54.838708,11.491820,0.0,Under way using engine
2026-08-26T21:29:44Z,219002177,54.935953,11.371988,0.0,Under way using engine
2026-08-26T21:30:00Z,219000811,54.838708,11.491822,0.0,Under way using engine
2026-08-26T21:30:14Z,219002177,54.935957,11.371985,0.0,Under way using engine
2026-08-26T21:30:30Z,219000811,54.838710,11.491822,0.0,Under way using engine
2026-08-26T21:30:44Z,219002177,54.935947,11.371992,0.0,Under way using engine
2026-08-26T21:30:45Z,219000809,54.971902,11.514588,0.0,Moored
2026-08-26T21:31:00Z,219000811,54.838710,11.491822,0.0,Under way using engine
2026-08-26T21:31:14Z,219002177,54.935940,11.372000,0.0,Under way using engine
2026-08-26T21:31:30Z,219000811,54.838712,11.491822,0.0,Under way using engine
2026-08-26T21:31:44Z,219002177,54.935943,11.371995,0.1,Under way using engine
2026-08-26T21:32:00Z,219000811,54.838712,11.491818,0.0,Under way using engine
2026-08-26T21:32:14Z,219002177,54.935938,11.372005,0.0,Under way using engine
2026-08-26T21:32:40Z,219000811,54.838715,11.491815,0.0,Under way using engine
2026-08-26T21:32:44Z,219002177,54.935923,11.371993,0.0,Under way using engine
2026-08-26T21:33:14Z,219002177,54.935918,11.371992,0.0,Under way using engine
2026-08-26T21:33:20Z,219000811,54.838717,11.491813,0.0,Under way using engine
2026-08-26T21:33:37Z,219000809,54.971902,11.514588,0.0,Moored
2026-08-26T21:33:44Z,219002177,54.935917,11.371977,0.0,Under way using engine
2026-08-26T21:33:50Z,219000811,54.838718,11.491812,0.0,Under way using engine
2026-08-26T21:34:23Z,219002177,54.935920,11.371973,0.0,Under way using engine
2026-08-26T21:34:29Z,219000811,54.838717,11.491813,0.0,Under way using engine
2026-08-26T21:34:54Z,219002177,54.935930,11.371978,0.0,Under way using engine
2026-08-26T21:35:00Z,219000811,54.838717,11.491813,0.0,Under way using engine
2026-08-26T21:35:35Z,219002177,54.935925,11.371983,0.0,Under way using engine
2026-08-26T21:35:40Z,219000811,54.838717,11.491815,0.0,Under way using engine
2026-08-26T21:36:19Z,219000811,54.838717,11.491820,0.0,Under way using engine
2026-08-26T21:36:23Z,219002177,54.935932,11.371998,0.0,Under way using engine
2026-08-26T21:36:45Z,219000809,54.971895,11.514567,0.0,Moored
2026-08-26T21:36:50Z,219000811,54.838717,11.491823,0.0,Under way using engine
2026-08-26T21:36:54Z,219002177,54.935950,11.372000,0.0,Under way using engine
2026-08-26T21:37:29Z,219000811,54.838722,11.491822,0.0,Under way using engine
2026-08-26T21:37:35Z,219002177,54.935953,11.371987,0.0,Under way using engine
2026-08-26T21:38:00Z,219000811,54.838722,11.491822,0.0,Under way using engine
2026-08-26T21:38:23Z,219002177,54.935955,11.371985,0.0,Under way using engine
2026-08-26T21:38:40Z,219000811,54.838722,11.491817,0.0,Under way using engine
2026-08-26T21:38:54Z,219002177,54.935940,11.371967,0.0,Under way using engine
2026-08-26T21:39:19Z,219000811,54.838720,11.491810,0.0,Under way using engine
2026-08-26T21:39:35Z,219002177,54.935943,11.371957,0.0,Under way using engine
2026-08-26T21:39:36Z,219000809,54.971895,11.514567,0.0,Moored
2026-08-26T21:39:49Z,219000811,54.838725,11.491812,0.0,Under way using engine
2026-08-26T21:40:15Z,219002177,54.935968,11.371963,0.0,Under way using engine
2026-08-26T21:40:19Z,219000811,54.838728,11.491808,0.0,Under way using engine
2026-08-26T21:40:45Z,219002177,54.935953,11.371960,0.0,Under way using engine
2026-08-26T21:40:49Z,219000811,54.838728,11.491810,0.0,Under way using engine
2026-08-26T21:41:15Z,219002177,54.935960,11.371965,0.0,Under way using engine
2026-08-26T21:41:19Z,219000811,54.838727,11.491813,0.0,Under way using engine
2026-08-26T21:41:45Z,219002177,54.935960,11.371957,0.0,Under way using engine
2026-08-26T21:41:49Z,219000811,54.838725,11.491815,0.0,Under way using engine
2026-08-26T21:42:15Z,219002177,54.935947,11.371962,0.1,Under way using engine
2026-08-26T21:42:19Z,219000811,54.838720,11.491818,0.0,Under way using engine
2026-08-26T21:42:43Z,219000809,54.971910,11.514572,0.0,Moored
2026-08-26T21:42:49Z,219000811,54.838720,11.491820,0.0,Under way using engine
2026-08-26T21:42:54Z,219002177,54.935938,11.371977,0.0,Under way using engine
2026-08-26T21:43:19Z,219000811,54.838717,11.491815,0.0,Under way using engine
2026-08-26T21:43:25Z,219002177,54.935950,11.371987,0.0,Under way using engine
2026-08-26T21:43:49Z,219000811,54.838717,11.491818,0.0,Under way using engine
2026-08-26T21:44:04Z,219002177,54.935953,11.371987,0.0,Under way using engine
2026-08-26T21:44:19Z,219000811,54.838718,11.491820,0.0,Under way using engine
2026-08-26T21:44:35Z,219002177,54.935950,11.371992,0.0,Under way using engine
2026-08-26T21:44:49Z,219000811,54.838720,11.491822,0.0,Under way using engine
2026-08-26T21:45:15Z,219002177,54.935938,11.371998,0.0,Under way using engine
2026-08-26T21:45:19Z,219000811,54.838720,11.491820,0.0,Under way using engine
2026-08-26T21:45:36Z,219000809,54.971910,11.514572,0.0,Moored
2026-08-26T21:45:49Z,219000811,54.838722,11.491820,0.0,Under way using engine
2026-08-26T21:45:54Z,219002177,54.935938,11.371993,0.0,Under way using engine
2026-08-26T21:46:19Z,219000811,54.838720,11.491820,0.0,Under way using engine
2026-08-26T21:46:24Z,219002177,54.935937,11.372000,0.0,Under way using engine
2026-08-26T21:46:49Z,219000811,54.838722,11.491818,0.0,Under way using engine
2026-08-26T21:46:54Z,219002177,54.935950,11.371997,0.0,Under way using engine
2026-08-26T21:47:19Z,219000811,54.838725,11.491818,0.0,Under way using engine
2026-08-26T21:47:24Z,219002177,54.935955,11.372002,0.0,Under way using engine
2026-08-26T21:47:49Z,219000811,54.838730,11.491820,0.0,Under way using engine
2026-08-26T21:47:54Z,219002177,54.935943,11.372003,0.0,Under way using engine
2026-08-26T21:48:20Z,219000811,54.838732,11.491823,0.0,Under way using engine
2026-08-26T21:48:24Z,219002177,54.935960,11.371998,0.0,Under way using engine
2026-08-26T21:48:45Z,219000809,54.971897,11.514568,0.0,Moored
2026-08-26T21:48:54Z,219002177,54.935957,11.371987,0.0,Under way using engine
2026-08-26T21:48:59Z,219000811,54.838727,11.491820,0.0,Under way using engine
2026-08-26T21:49:24Z,219002177,54.935955,11.371980,0.0,Under way using engine
2026-08-26T21:49:29Z,219000811,54.838725,11.491818,0.0,Under way using engine
2026-08-26T21:49:54Z,219002177,54.935937,11.371975,0.0,Under way using engine
2026-08-26T21:50:08Z,219000811,54.838730,11.491822,0.0,Under way using engine
2026-08-26T21:50:24Z,219002177,54.935965,11.371985,0.1,Under way using engine
2026-08-26T21:50:40Z,219000811,54.838732,11.491825,0.0,Under way using engine
2026-08-26T21:50:54Z,219002177,54.935955,11.371973,0.0,Under way using engine
2026-08-26T21:51:19Z,219000811,54.838732,11.491828,0.0,Under way using engine
2026-08-26T21:51:24Z,219002177,54.935957,11.371973,0.0,Under way using engine
2026-08-26T21:51:37Z,219000809,54.971897,11.514568,0.0,Moored
2026-08-26T21:51:49Z,219000811,54.838730,11.491832,0.0,Under way using engine
2026-08-26T21:51:54Z,219002177,54.935953,11.371973,0.0,Under way using engine
2026-08-26T21:52:19Z,219000811,54.838728,11.491833,0.0,Under way using engine
2026-08-26T21:52:24Z,219002177,54.935943,11.371977,0.0,Under way using engine
2026-08-26T21:52:49Z,219000811,54.838733,11.491835,0.0,Under way using engine
2026-08-26T21:52:54Z,219002177,54.935953,11.371980,0.0,Under way using engine
2026-08-26T21:53:19Z,219000811,54.838728,11.491830,0.0,Under way using engine
2026-08-26T21:53:24Z,219002177,54.935938,11.371988,0.0,Under way using engine
2026-08-26T21:53:54Z,219002177,54.935945,11.371993,0.0,Under way using engine
2026-08-26T21:53:58Z,219000811,54.838720,11.491830,0.0,Under way using engine
2026-08-26T21:54:29Z,219000811,54.838720,11.491832,0.0,Under way using engine
2026-08-26T21:54:33Z,219002177,54.935962,11.371975,0.0,Under way using engine
2026-08-26T21:54:43Z,219000809,54.971892,11.514595,0.0,Moored
2026-08-26T21:55:00Z,219000811,54.838722,11.491837,0.0,Under way using engine
2026-08-26T21:55:05Z,219002177,54.935977,11.371987,0.0,Under way using engine
2026-08-26T21:55:40Z,219000811,54.838727,11.491840,0.0,Under way using engine
2026-08-26T21:55:44Z,219002177,54.935937,11.372012,0.0,Under way using engine
2026-08-26T21:56:15Z,219002177,54.935953,11.372007,0.0,Under way using engine
2026-08-26T21:56:19Z,219000811,54.838725,11.491840,0.0,Under way using engine
2026-08-26T21:56:55Z,219002177,54.935967,11.371992,0.0,Under way using engine
2026-08-26T21:57:00Z,219000811,54.838727,11.491840,0.0,Under way using engine
2026-08-26T21:57:35Z,219002177,54.935943,11.371995,0.0,Under way using engine
2026-08-26T21:57:36Z,219000809,54.971892,11.514595,0.0,Moored
2026-08-26T21:57:40Z,219000811,54.838727,11.491835,0.0,Under way using engine
2026-08-26T21:58:15Z,219002177,54.935943,11.371998,0.0,Under way using engine
2026-08-26T21:58:20Z,219000811,54.838727,11.491835,0.0,Under way using engine
2026-08-26T21:58:55Z,219002177,54.935942,11.372003,0.0,Under way using engine
2026-08-26T21:59:00Z,219000811,54.838727,11.491830,0.1,Under way using engine
2026-08-26T21:59:30Z,219000811,54.838728,11.491830,0.0,Under way using engine
2026-08-26T21:59:35Z,219002177,54.935950,11.371998,0.0,Under way using engine
2026-08-26T22:00:00Z,219000811,54.838732,11.491830,0.0,Under way using engine
2026-08-26T22:00:15Z,219002177,54.935947,11.372000,0.0,Under way using engine
2026-08-26T22:00:30Z,219000811,54.838728,11.491828,0.0,Under way using engine
2026-08-26T22:00:43Z,219000809,54.971920,11.514578,0.0,Moored
2026-08-26T22:00:55Z,219002177,54.935973,11.372028,0.0,Under way using engine
2026-08-26T22:01:00Z,219000811,54.838725,11.491823,0.0,Under way using engine
2026-08-26T22:01:30Z,219000811,54.838722,11.491822,0.1,Under way using engine
2026-08-26T22:01:34Z,219002177,54.935963,11.372023,0.0,Under way using engine
2026-08-26T22:02:00Z,219000811,54.838722,11.491820,0.0,Under way using engine
2026-08-26T22:02:04Z,219002177,54.935960,11.372012,0.0,Under way using engine
2026-08-26T22:02:30Z,219000811,54.838728,11.491820,0.0,Under way using engine
2026-08-26T22:02:34Z,219002177,54.935983,11.372025,0.0,Under way using engine
2026-08-26T22:03:00Z,219000811,54.838733,11.491817,0.0,Under way using engine
2026-08-26T22:03:04Z,219002177,54.935985,11.372022,0.0,Under way using engine
2026-08-26T22:03:30Z,219000811,54.838735,11.491815,0.0,Under way using engine
2026-08-26T22:03:34Z,219002177,54.935983,11.372018,0.0,Under way using engine
2026-08-26T22:03:37Z,219000809,54.971920,11.514578,0.0,Moored
2026-08-26T22:04:00Z,219000811,54.838737,11.491818,0.0,Under way using engine
2026-08-26T22:04:04Z,219002177,54.935985,11.372010,0.0,Under way using engine
2026-08-26T22:04:30Z,219000811,54.838738,11.491822,0.0,Under way using engine
2026-08-26T22:04:34Z,219002177,54.935970,11.371982,0.0,Under way using engine
2026-08-26T22:05:00Z,219000811,54.838740,11.491825,0.0,Under way using engine
2026-08-26T22:05:04Z,219002177,54.935973,11.371977,0.0,Under way using engine
2026-08-26T22:05:30Z,219000811,54.838742,11.491825,0.0,Under way using engine
2026-08-26T22:05:34Z,219002177,54.936000,11.372012,0.0,Under way using engine
2026-08-26T22:06:00Z,219000811,54.838742,11.491827,0.0,Under way using engine
2026-08-26T22:06:04Z,219002177,54.935995,11.372008,0.0,Under way using engine
2026-08-26T22:06:30Z,219000811,54.838742,11.491828,0.0,Under way using engine
2026-08-26T22:06:34Z,219002177,54.935988,11.372030,0.0,Under way using engine
2026-08-26T22:06:45Z,219000809,54.971917,11.514583,0.0,Moored
2026-08-26T22:07:00Z,219000811,54.838742,11.491827,0.0,Under way using engine
2026-08-26T22:07:04Z,219002177,54.935993,11.372000,0.0,Under way using engine
2026-08-26T22:07:30Z,219000811,54.838740,11.491823,0.0,Under way using engine
2026-08-26T22:07:34Z,219002177,54.935987,11.371998,0.0,Under way using engine
2026-08-26T22:08:00Z,219000811,54.838738,11.491823,0.0,Under way using engine
2026-08-26T22:08:05Z,219002177,54.935978,11.371988,0.0,Under way using engine
2026-08-26T22:08:30Z,219000811,54.838740,11.491825,0.0,Under way using engine
2026-08-26T22:08:44Z,219002177,54.935978,11.371993,0.0,Under way using engine
2026-08-26T22:09:00Z,219000811,54.838740,11.491822,0.0,Under way using engine
2026-08-26T22:09:14Z,219002177,54.935977,11.372007,0.0,Under way using engine
2026-08-26T22:09:30Z,219000811,54.838738,11.491818,0.0,Under way using engine
2026-08-26T22:09:44Z,219002177,54.935978,11.372012,0.0,Under way using engine
2026-08-26T22:10:00Z,219000811,54.838735,11.491813,0.0,Under way using engine
2026-08-26T22:10:24Z,219002177,54.935993,11.372007,0.0,Under way using engine
2026-08-26T22:10:30Z,219000811,54.838735,11.491813,0.0,Under way using engine
2026-08-26T22:10:55Z,219002177,54.935992,11.372003,0.0,Under way using engine
2026-08-26T22:11:00Z,219000811,54.838735,11.491813,0.0,Under way using engine
2026-08-26T22:11:34Z,219002177,54.935978,11.371995,0.0,Under way using engine
2026-08-26T22:11:38Z,219000811,54.838733,11.491818,0.0,Under way using engine
2026-08-26T22:12:05Z,219002177,54.935983,11.371997,0.0,Under way using engine
2026-08-26T22:12:08Z,219000811,54.838735,11.491820,0.0,Under way using engine
2026-08-26T22:12:40Z,219000811,54.838735,11.491822,0.0,Under way using engine
2026-08-26T22:12:43Z,219000809,54.971903,11.514585,0.0,Moored
2026-08-26T22:12:44Z,219002177,54.935987,11.371993,0.0,Under way using engine
2026-08-26T22:13:20Z,219000811,54.838732,11.491823,0.0,Under way using engine
2026-08-26T22:13:24Z,219002177,54.935995,11.372000,0.0,Under way using engine
2026-08-26T22:13:54Z,219002177,54.935988,11.371998,0.0,Under way using engine
2026-08-26T22:14:00Z,219000811,54.838728,11.491823,0.0,Under way using engine
2026-08-26T22:14:24Z,219002177,54.935985,11.371990,0.0,Under way using engine
2026-08-26T22:14:40Z,219000811,54.838727,11.491822,0.0,Under way using engine
2026-08-26T22:14:54Z,219002177,54.935987,11.372000,0.0,Under way using engine
2026-08-26T22:15:20Z,219000811,54.838728,11.491825,0.0,Under way using engine
2026-08-26T22:15:24Z,219002177,54.935975,11.371993,0.0,Under way using engine
2026-08-26T22:15:36Z,219000809,54.971903,11.514585,0.0,Moored
2026-08-26T22:15:54Z,219002177,54.935967,11.371990,0.0,Under way using engine
2026-08-26T22:16:00Z,219000811,54.838727,11.491827,0.0,Under way using engine
2026-08-26T22:16:33Z,219002177,54.935975,11.372003,0.0,Under way using engine
2026-08-26T22:16:40Z,219000811,54.838725,11.491827,0.0,Under way using engine
2026-08-26T22:17:04Z,219002177,54.935977,11.371997,0.0,Under way using engine
2026-08-26T22:17:19Z,219000811,54.838722,11.491823,0.0,Under way using engine
2026-08-26T22:17:44Z,219002177,54.935988,11.371993,0.0,Under way using engine
2026-08-26T22:17:50Z,219000811,54.838720,11.491823,0.0,Under way using engine
2026-08-26T22:18:14Z,219002177,54.935972,11.371977,0.0,Under way using engine
2026-08-26T22:18:25Z,219000811,54.838718,11.491823,0.0,Under way using engine
2026-08-26T22:18:42Z,219000809,54.971927,11.514590,0.0,Moored
2026-08-26T22:18:44Z,219002177,54.935977,11.371993,0.0,Under way using engine
2026-08-26T22:19:00Z,219000811,54.838715,11.491827,0.0,Under way using engine
2026-08-26T22:19:14Z,219002177,54.935980,11.371983,0.0,Under way using engine
2026-08-26T22:19:40Z,219000811,54.838713,11.491827,0.0,Under way using engine
2026-08-26T22:19:44Z,219002177,54.935987,11.371993,0.0,Under way using engine
2026-08-26T22:20:10Z,219000811,54.838717,11.491825,0.0,Under way using engine
2026-08-26T22:20:14Z,219002177,54.935982,11.372010,0.1,Under way using engine
2026-08-26T22:20:44Z,219002177,54.935968,11.371997,0.0,Under way using engine
2026-08-26T22:20:50Z,219000811,54.838718,11.491827,0.0,Under way using engine
2026-08-26T22:21:14Z,219002177,54.935948,11.371948,0.1,Under way using engine
2026-08-26T22:21:29Z,219000811,54.838717,11.491827,0.0,Under way using engine
2026-08-26T22:21:36Z,219000809,54.971927,11.514590,0.0,Moored
2026-08-26T22:21:44Z,219002177,54.935962,11.371962,0.0,Under way using engine
2026-08-26T22:21:59Z,219000811,54.838713,11.491828,0.0,Under way using engine
2026-08-26T22:22:14Z,219002177,54.935972,11.371977,0.0,Under way using engine
2026-08-26T22:22:29Z,219000811,54.838712,11.491825,0.0,Under way using engine
2026-08-26T22:22:44Z,219002177,54.935970,11.371988,0.0,Under way using engine
2026-08-26T22:22:59Z,219000811,54.838713,11.491823,0.0,Under way using engine
2026-08-26T22:23:14Z,219002177,54.935972,11.371997,0.0,Under way using engine
2026-08-26T22:23:29Z,219000811,54.838713,11.491818,0.0,Under way using engine
2026-08-26T22:23:44Z,219002177,54.935972,11.372012,0.0,Under way using engine
2026-08-26T22:23:59Z,219000811,54.838710,11.491815,0.0,Under way using engine
2026-08-26T22:24:14Z,219002177,54.935978,11.372018,0.0,Under way using engine
2026-08-26T22:24:29Z,219000811,54.838708,11.491815,0.0,Under way using engine
2026-08-26T22:24:44Z,219002177,54.935978,11.372018,0.0,Under way using engine
2026-08-26T22:24:45Z,219000809,54.971920,11.514600,0.0,Moored
2026-08-26T22:24:59Z,219000811,54.838707,11.491818,0.0,Under way using engine
2026-08-26T22:25:14Z,219002177,54.935977,11.372015,0.0,Under way using engine
2026-08-26T22:25:29Z,219000811,54.838708,11.491822,0.0,Under way using engine
2026-08-26T22:25:55Z,219002177,54.935977,11.372005,0.0,Under way using engine
2026-08-26T22:26:09Z,219000811,54.838712,11.491822,0.0,Under way using engine
2026-08-26T22:26:33Z,219002177,54.935963,11.372012,0.0,Under way using engine
2026-08-26T22:26:39Z,219000811,54.838713,11.491822,0.0,Under way using engine
2026-08-26T22:27:04Z,219002177,54.935970,11.372008,0.0,Under way using engine
2026-08-26T22:27:09Z,219000811,54.838713,11.491818,0.0,Under way using engine
2026-08-26T22:27:37Z,219000809,54.971920,11.514600,0.0,Moored
2026-08-26T22:27:39Z,219000811,54.838712,11.491817,0.1,Under way using engine
2026-08-26T22:27:43Z,219002177,54.935955,11.372008,0.0,Under way using engine
2026-08-26T22:28:09Z,219000811,54.838712,11.491818,0.0,Under way using engine
2026-08-26T22:28:14Z,219002177,54.935957,11.371992,0.0,Under way using engine
2026-08-26T22:28:39Z,219000811,54.838710,11.491818,0.0,Under way using engine
2026-08-26T22:28:55Z,219002177,54.935965,11.371993,0.0,Under way using engine
2026-08-26T22:29:09Z,219000811,54.838708,11.491820,0.0,Under way using engine
2026-08-26T22:29:33Z,219002177,54.935972,11.371990,0.0,Under way using engine
2026-08-26T22:29:39Z,219000811,54.838707,11.491823,0.0,Under way using engine
2026-08-26T22:30:04Z,219002177,54.935967,11.371998,0.0,Under way using engine
2026-08-26T22:30:09Z,219000811,54.838705,11.491822,0.0,Under way using engine
2026-08-26T22:30:39Z,219000811,54.838705,11.491820,0.0,Under way using engine
2026-08-26T22:30:43Z,219000809,54.971910,11.514588,0.0,Moored
2026-08-26T22:30:43Z,219002177,54.935975,11.371992,0.0,Under way using engine
2026-08-26T22:31:09Z,219000811,54.838707,11.491818,0.0,Under way using engine
2026-08-26T22:31:13Z,219002177,54.935978,11.371992,0.0,Under way using engine
2026-08-26T22:31:39Z,219000811,54.838708,11.491818,0.0,Under way using engine
2026-08-26T22:31:44Z,219002177,54.935975,11.371993,0.0,Under way using engine
2026-08-26T22:32:09Z,219000811,54.838707,11.491820,0.0,Under way using engine
2026-08-26T22:32:24Z,219002177,54.935965,11.372013,0.0,Under way using engine
2026-08-26T22:32:39Z,219000811,54.838707,11.491820,0.0,Under way using engine
2026-08-26T22:33:04Z,219002177,54.935972,11.372003,0.0,Under way using engine
2026-08-26T22:33:09Z,219000811,54.838707,11.491822,0.0,Under way using engine
2026-08-26T22:33:37Z,219000809,54.971910,11.514588,0.0,Moored
2026-08-26T22:33:39Z,219000811,54.838708,11.491822,0.0,Under way using engine
2026-08-26T22:33:44Z,219002177,54.935965,11.372007,0.0,Under way using engine
2026-08-26T22:34:09Z,219000811,54.838710,11.491822,0.0,Under way using engine
2026-08-26T22:34:14Z,219002177,54.935968,11.372007,0.0,Under way using engine
2026-08-26T22:34:39Z,219000811,54.838712,11.491822,0.0,Under way using engine
2026-08-26T22:34:44Z,219002177,54.935967,11.372005,0.0,Under way using engine
2026-08-26T22:35:09Z,219000811,54.838712,11.491820,0.0,Under way using engine
2026-08-26T22:35:14Z,219002177,54.935955,11.372015,0.0,Under way using engine
2026-08-26T22:35:39Z,219000811,54.838713,11.491822,0.0,Under way using engine
2026-08-26T22:35:44Z,219002177,54.935955,11.372010,0.0,Under way using engine
2026-08-26T22:36:09Z,219000811,54.838712,11.491822,0.0,Under way using engine
2026-08-26T22:36:14Z,219002177,54.935962,11.372003,0.0,Under way using engine
2026-08-26T22:36:39Z,219000811,54.838712,11.491820,0.0,Under way using engine
2026-08-26T22:36:44Z,219002177,54.935970,11.372007,0.0,Under way using engine
2026-08-26T22:36:45Z,219000809,54.971897,11.514582,0.0,Moored
2026-08-26T22:37:09Z,219000811,54.838710,11.491818,0.0,Under way using engine
2026-08-26T22:37:14Z,219002177,54.935963,11.372015,0.0,Under way using engine
2026-08-26T22:37:39Z,219000811,54.838710,11.491817,0.0,Under way using engine
2026-08-26T22:37:44Z,219002177,54.935970,11.372013,0.1,Under way using engine
2026-08-26T22:38:09Z,219000811,54.838710,11.491818,0.0,Under way using engine
2026-08-26T22:38:14Z,219002177,54.935967,11.372010,0.0,Under way using engine
2026-08-26T22:38:39Z,219000811,54.838712,11.491820,0.0,Under way using engine
2026-08-26T22:38:44Z,219002177,54.935963,11.371997,0.0,Under way using engine
2026-08-26T22:39:09Z,219000811,54.838710,11.491823,0.0,Under way using engine
2026-08-26T22:39:14Z,219002177,54.935960,11.371997,0.0,Under way using engine
2026-08-26T22:39:36Z,219000809,54.971897,11.514582,0.0,Moored
2026-08-26T22:39:39Z,219000811,54.838710,11.491823,0.0,Under way using engine
2026-08-26T22:39:44Z,219002177,54.935958,11.371988,0.0,Under way using engine
2026-08-26T22:40:09Z,219000811,54.838710,11.491822,0.0,Under way using engine
2026-08-26T22:40:14Z,219002177,54.935958,11.371992,0.0,Under way using engine
2026-08-26T22:40:39Z,219000811,54.838710,11.491822,0.0,Under way using engine
2026-08-26T22:40:44Z,219002177,54.935962,11.371998,0.0,Under way using engine
2026-08-26T22:41:09Z,219000811,54.838707,11.491822,0.0,Under way using engine
2026-08-26T22:41:14Z,219002177,54.935963,11.372017,0.0,Under way using engine
2026-08-26T22:41:39Z,219000811,54.838708,11.491820,0.0,Under way using engine
2026-08-26T22:41:44Z,219002177,54.935953,11.372012,0.0,Under way using engine
2026-08-26T22:42:09Z,219000811,54.838710,11.491820,0.0,Under way using engine
2026-08-26T22:42:14Z,219002177,54.935958,11.372008,0.0,Under way using engine
2026-08-26T22:42:39Z,219000811,54.838708,11.491818,0.0,Under way using engine
2026-08-26T22:42:41Z,219000809,54.971910,11.514590,0.0,Moored
2026-08-26T22:42:44Z,219002177,54.935967,11.372005,0.0,Under way using engine
2026-08-26T22:43:09Z,219000811,54.838708,11.491820,0.0,Under way using engine
2026-08-26T22:43:14Z,219002177,54.935970,11.371997,0.0,Under way using engine
2026-08-26T22:43:39Z,219000811,54.838712,11.491818,0.0,Under way using engine
2026-08-26T22:43:55Z,219002177,54.935973,11.371978,0.0,Under way using engine
2026-08-26T22:44:09Z,219000811,54.838713,11.491815,0.0,Under way using engine
2026-08-26T22:44:34Z,219002177,54.935967,11.371983,0.0,Under way using engine
2026-08-26T22:44:39Z,219000811,54.838717,11.491808,0.0,Under way using engine
2026-08-26T22:45:04Z,219002177,54.935962,11.372010,0.0,Under way using engine
2026-08-26T22:45:09Z,219000811,54.838717,11.491810,0.0,Under way using engine
2026-08-26T22:45:34Z,219002177,54.935965,11.372013,0.0,Under way using engine
2026-08-26T22:45:36Z,219000809,54.971910,11.514590,0.0,Moored
2026-08-26T22:45:39Z,219000811,54.838717,11.491813,0.0,Under way using engine
2026-08-26T22:46:04Z,219002177,54.935962,11.372010,0.0,Under way using engine
2026-08-26T22:46:09Z,219000811,54.838715,11.491817,0.0,Under way using engine
2026-08-26T22:46:34Z,219002177,54.935963,11.372002,0.0,Under way using engine
2026-08-26T22:46:39Z,219000811,54.838713,11.491820,0.0,Under way using engine
2026-08-26T22:47:04Z,219002177,54.935965,11.371997,0.0,Under way using engine
2026-08-26T22:47:09Z,219000811,54.838710,11.491823,0.0,Under way using engine
2026-08-26T22:47:35Z,219002177,54.935965,11.371997,0.0,Under way using engine
2026-08-26T22:47:39Z,219000811,54.838710,11.491823,0.0,Under way using engine
2026-08-26T22:48:09Z,219000811,54.838708,11.491825,0.0,Under way using engine
2026-08-26T22:48:15Z,219002177,54.935962,11.371992,0.0,Under way using engine
2026-08-26T22:48:39Z,219000811,54.838710,11.491827,0.0,Under way using engine
2026-08-26T22:48:45Z,219002177,54.935970,11.371983,0.0,Under way using engine
2026-08-26T22:49:09Z,219000811,54.838713,11.491830,0.0,Under way using engine
2026-08-26T22:49:15Z,219002177,54.935972,11.371985,0.0,Under way using engine
2026-08-26T22:49:39Z,219000811,54.838715,11.491828,0.0,Under way using engine
2026-08-26T22:49:45Z,219002177,54.935978,11.371990,0.0,Under way using engine
2026-08-26T22:50:09Z,219000811,54.838717,11.491825,0.0,Under way using engine
2026-08-26T22:50:15Z,219002177,54.935975,11.371985,0.0,Under way using engine
2026-08-26T22:50:39Z,219000811,54.838717,11.491822,0.0,Under way using engine
2026-08-26T22:50:45Z,219002177,54.935963,11.372005,0.0,Under way using engine
2026-08-26T22:51:09Z,219000811,54.838715,11.491822,0.0,Under way using engine
2026-08-26T22:51:15Z,219002177,54.935973,11.372020,0.0,Under way using engine
2026-08-26T22:51:37Z,219000809,54.971908,11.514587,0.0,Moored
2026-08-26T22:51:39Z,219000811,54.838715,11.491823,0.0,Under way using engine
2026-08-26T22:51:45Z,219002177,54.935972,11.372012,0.0,Under way using engine
2026-08-26T22:52:09Z,219000811,54.838717,11.491828,0.0,Under way using engine
2026-08-26T22:52:34Z,219002177,54.935968,11.371993,0.0,Under way using engine
2026-08-26T22:52:49Z,219000811,54.838718,11.491828,0.0,Under way using engine
2026-08-26T22:53:04Z,219002177,54.935967,11.372033,0.0,Under way using engine
2026-08-26T22:53:19Z,219000811,54.838718,11.491825,0.0,Under way using engine
2026-08-26T22:53:34Z,219002177,54.935958,11.372015,0.0,Under way using engine
2026-08-26T22:53:49Z,219000811,54.838718,11.491825,0.0,Under way using engine
2026-08-26T22:54:04Z,219002177,54.935963,11.371992,0.0,Under way using engine
2026-08-26T22:54:19Z,219000811,54.838720,11.491823,0.0,Under way using engine
2026-08-26T22:54:34Z,219002177,54.935965,11.371980,0.0,Under way using engine
2026-08-26T22:54:45Z,219000809,54.971897,11.514573,0.0,Moored
2026-08-26T22:54:49Z,219000811,54.838718,11.491823,0.0,Under way using engine
2026-08-26T22:55:04Z,219002177,54.935965,11.372040,0.0,Under way using engine
2026-08-26T22:55:19Z,219000811,54.838717,11.491823,0.0,Under way using engine
2026-08-26T22:55:34Z,219002177,54.935977,11.371992,0.0,Under way using engine
2026-08-26T22:55:49Z,219000811,54.838717,11.491823,0.0,Under way using engine
2026-08-26T22:56:04Z,219002177,54.935968,11.372050,0.0,Under way using engine
2026-08-26T22:56:20Z,219000811,54.838717,11.491822,0.0,Under way using engine
2026-08-26T22:56:34Z,219002177,54.935967,11.371983,0.0,Under way using engine
2026-08-26T22:56:59Z,219000811,54.838713,11.491823,0.0,Under way using engine
2026-08-26T22:57:04Z,219002177,54.935955,11.371993,0.0,Under way using engine
2026-08-26T22:57:30Z,219000811,54.838712,11.491822,0.0,Under way using engine
2026-08-26T22:57:34Z,219002177,54.935968,11.371995,0.0,Under way using engine
2026-08-26T22:57:36Z,219000809,54.971897,11.514573,0.0,Moored
2026-08-26T22:58:04Z,219002177,54.935972,11.371997,0.0,Under way using engine
2026-08-26T22:58:09Z,219000811,54.838710,11.491822,0.0,Under way using engine
2026-08-26T22:58:34Z,219002177,54.935972,11.372040,0.0,Under way using engine
2026-08-26T22:58:39Z,219000811,54.838710,11.491823,0.0,Under way using engine
2026-08-26T22:59:04Z,219002177,54.935962,11.372000,0.0,Under way using engine
2026-08-26T22:59:09Z,219000811,54.838710,11.491825,0.0,Under way using engine
2026-08-26T22:59:34Z,219002177,54.935968,11.372012,0.0,Under way using engine
2026-08-26T22:59:39Z,219000811,54.838710,11.491822,0.0,Under way using engine
2026-08-26T23:00:05Z,219002177,54.935973,11.372025,0.0,Under way using engine
2026-08-26T23:00:09Z,219000811,54.838712,11.491818,0.0,Under way using engine
2026-08-26T23:00:39Z,219000811,54.838712,11.491817,0.0,Under way using engine
2026-08-26T23:00:43Z,219000809,54.971902,11.514597,0.0,Moored
2026-08-26T23:00:44Z,219002177,54.935975,11.372040,0.0,Under way using engine
2026-08-26T23:01:09Z,219000811,54.838712,11.491817,0.0,Under way using engine
2026-08-26T23:01:15Z,219002177,54.935972,11.371963,0.0,Under way using engine
2026-08-26T23:01:39Z,219000811,54.838713,11.491815,0.0,Under way using engine
2026-08-26T23:01:55Z,219002177,54.935970,11.372027,0.0,Under way using engine
2026-08-26T23:02:09Z,219000811,54.838715,11.491812,0.0,Under way using engine
2026-08-26T23:02:34Z,219002177,54.935977,11.372070,0.0,Under way using engine
2026-08-26T23:02:39Z,219000811,54.838713,11.491812,0.0,Under way using engine
2026-08-26T23:03:05Z,219002177,54.935978,11.372023,0.0,Under way using engine
2026-08-26T23:03:09Z,219000811,54.838712,11.491812,0.0,Under way using engine
2026-08-26T23:03:36Z,219000809,54.971902,11.514597,0.0,Moored
2026-08-26T23:03:39Z,219000811,54.838710,11.491815,0.0,Under way using engine
2026-08-26T23:03:44Z,219002177,54.935973,11.372003,0.0,Under way using engine
2026-08-26T23:04:09Z,219000811,54.838712,11.491815,0.0,Under way using engine
2026-08-26T23:04:15Z,219002177,54.935968,11.372005,0.0,Under way using engine
2026-08-26T23:04:39Z,219000811,54.838708,11.491817,0.0,Under way using engine
2026-08-26T23:04:54Z,219002177,54.935973,11.372033,0.0,Under way using engine
2026-08-26T23:05:09Z,219000811,54.838708,11.491818,0.0,Under way using engine
2026-08-26T23:05:24Z,219002177,54.935973,11.372013,0.0,Under way using engine
2026-08-26T23:05:39Z,219000811,54.838707,11.491818,0.0,Under way using engine
2026-08-26T23:05:54Z,219002177,54.935970,11.371985,0.0,Under way using engine
2026-08-26T23:06:09Z,219000811,54.838707,11.491818,0.0,Under way using engine
2026-08-26T23:06:24Z,219002177,54.935970,11.371983,0.0,Under way using engine
2026-08-26T23:06:39Z,219000811,54.838707,11.491820,0.0,Under way using engine
2026-08-26T23:06:43Z,219000809,54.971897,11.514585,0.0,Moored
2026-08-26T23:06:54Z,219002177,54.935968,11.371993,0.0,Under way using engine
2026-08-26T23:07:09Z,219000811,54.838707,11.491820,0.0,Under way using engine
2026-08-26T23:07:24Z,219002177,54.935967,11.371997,0.0,Under way using engine
2026-08-26T23:07:39Z,219000811,54.838710,11.491820,0.0,Under way using engine
2026-08-26T23:07:54Z,219002177,54.935967,11.371980,0.0,Under way using engine
2026-08-26T23:08:10Z,219000811,54.838712,11.491822,0.0,Under way using engine
2026-08-26T23:08:24Z,219002177,54.935990,11.371972,0.0,Under way using engine
2026-08-26T23:08:48Z,219000811,54.838713,11.491823,0.0,Under way using engine
2026-08-26T23:08:54Z,219002177,54.935988,11.371983,0.0,Under way using engine
2026-08-26T23:09:19Z,219000811,54.838713,11.491825,0.0,Under way using engine
2026-08-26T23:09:24Z,219002177,54.935990,11.371998,0.0,Under way using engine
2026-08-26T23:09:42Z,219000809,54.971902,11.514628,0.0,Moored
2026-08-26T23:09:54Z,219002177,54.935988,11.372007,0.0,Under way using engine
2026-08-26T23:10:00Z,219000811,54.838712,11.491827,0.0,Under way using engine
2026-08-26T23:10:24Z,219002177,54.935978,11.372012,0.0,Under way using engine
2026-08-26T23:10:30Z,219000811,54.838712,11.491827,0.0,Under way using engine
2026-08-26T23:10:54Z,219002177,54.935967,11.371998,0.0,Under way using engine
2026-08-26T23:11:00Z,219000811,54.838708,11.491825,0.0,Under way using engine
2026-08-26T23:11:24Z,219002177,54.935970,11.371997,0.0,Under way using engine
2026-08-26T23:11:30Z,219000811,54.838703,11.491823,0.0,Under way using engine
2026-08-26T23:11:54Z,219002177,54.935965,11.372000,0.0,Under way using engine
2026-08-26T23:12:00Z,219000811,54.838702,11.491818,0.0,Under way using engine
2026-08-26T23:12:24Z,219002177,54.935968,11.372000,0.0,Under way using engine
2026-08-26T23:12:30Z,219000811,54.838700,11.491817,0.0,Under way using engine
2026-08-26T23:12:45Z,219000809,54.971903,11.514612,0.0,Moored
2026-08-26T23:12:54Z,219002177,54.935972,11.372000,0.0,Under way using engine
2026-08-26T23:13:00Z,219000811,54.838702,11.491817,0.0,Under way using engine
2026-08-26T23:13:24Z,219002177,54.935972,11.372002,0.0,Under way using engine
2026-08-26T23:13:30Z,219000811,54.838702,11.491817,0.0,Under way using engine
2026-08-26T23:13:54Z,219002177,54.935977,11.372010,0.0,Under way using engine
2026-08-26T23:14:00Z,219000811,54.838703,11.491817,0.0,Under way using engine
2026-08-26T23:14:24Z,219002177,54.935975,11.372005,0.0,Under way using engine
2026-08-26T23:14:30Z,219000811,54.838705,11.491818,0.0,Under way using engine
2026-08-26T23:14:54Z,219002177,54.935965,11.372005,0.0,Under way using engine
2026-08-26T23:15:00Z,219000811,54.838708,11.491817,0.0,Under way using engine
2026-08-26T23:15:24Z,219002177,54.935968,11.371987,0.0,Under way using engine
2026-08-26T23:15:30Z,219000811,54.838710,11.491817,0.0,Under way using engine
2026-08-26T23:15:37Z,219000809,54.971903,11.514612,0.0,Moored
2026-08-26T23:15:54Z,219002177,54.935963,11.371980,0.0,Under way using engine
2026-08-26T23:16:00Z,219000811,54.838710,11.491815,0.0,Under way using engine
2026-08-26T23:16:24Z,219002177,54.935958,11.371985,0.0,Under way using engine
2026-08-26T23:16:30Z,219000811,54.838712,11.491815,0.0,Under way using engine
2026-08-26T23:16:54Z,219002177,54.935962,11.371992,0.0,Under way using engine
2026-08-26T23:17:10Z,219000811,54.838712,11.491812,0.0,Under way using engine
2026-08-26T23:17:24Z,219002177,54.935958,11.371990,0.0,Under way using engine
2026-08-26T23:17:49Z,219000811,54.838712,11.491808,0.0,Under way using engine
2026-08-26T23:17:54Z,219002177,54.935960,11.371985,0.0,Under way using engine
2026-08-26T23:18:19Z,219000811,54.838710,11.491812,0.0,Under way using engine
2026-08-26T23:18:24Z,219002177,54.935965,11.371992,0.0,Under way using engine
2026-08-26T23:18:43Z,219000809,54.971905,11.514598,0.0,Moored
2026-08-26T23:18:50Z,219000811,54.838710,11.491815,0.0,Under way using engine
2026-08-26T23:18:54Z,219002177,54.935972,11.371988,0.0,Under way using engine
2026-08-26T23:19:24Z,219002177,54.935972,11.372000,0.0,Under way using engine
2026-08-26T23:19:30Z,219000811,54.838710,11.491815,0.0,Under way using engine
2026-08-26T23:19:54Z,219002177,54.935970,11.372013,0.0,Under way using engine
2026-08-26T23:20:10Z,219000811,54.838710,11.491815,0.0,Under way using engine
2026-08-26T23:20:25Z,219002177,54.935970,11.372003,0.0,Under way using engine
2026-08-26T23:20:50Z,219000811,54.838712,11.491817,0.0,Under way using engine
2026-08-26T23:21:04Z,219002177,54.935968,11.372005,0.0,Under way using engine
2026-08-26T23:21:29Z,219000811,54.838710,11.491815,0.0,Under way using engine
2026-08-26T23:21:34Z,219002177,54.935962,11.371997,0.0,Under way using engine
2026-08-26T23:21:36Z,219000809,54.971905,11.514598,0.0,Moored
2026-08-26T23:21:59Z,219000811,54.838710,11.491815,0.0,Under way using engine
2026-08-26T23:22:04Z,219002177,54.935962,11.371997,0.0,Under way using engine
2026-08-26T23:22:29Z,219000811,54.838710,11.491815,0.0,Under way using engine
2026-08-26T23:22:34Z,219002177,54.935963,11.371988,0.0,Under way using engine
2026-08-26T23:22:59Z,219000811,54.838710,11.491815,0.0,Under way using engine
2026-08-26T23:23:04Z,219002177,54.935968,11.371985,0.0,Under way using engine
2026-08-26T23:23:29Z,219000811,54.838708,11.491817,0.0,Under way using engine
2026-08-26T23:23:34Z,219002177,54.935972,11.371988,0.0,Under way using engine
2026-08-26T23:23:59Z,219000811,54.838708,11.491815,0.0,Under way using engine
2026-08-26T23:24:04Z,219002177,54.935965,11.371985,0.0,Under way using engine
2026-08-26T23:24:29Z,219000811,54.838707,11.491818,0.0,Under way using engine
2026-08-26T23:24:34Z,219002177,54.935968,11.371987,0.0,Under way using engine
2026-08-26T23:24:43Z,219000809,54.971917,11.514573,0.0,Moored
2026-08-26T23:24:59Z,219000811,54.838707,11.491820,0.0,Under way using engine
2026-08-26T23:25:04Z,219002177,54.935963,11.371990,0.0,Under way using engine
2026-08-26T23:25:29Z,219000811,54.838708,11.491823,0.0,Under way using engine
2026-08-26T23:25:34Z,219002177,54.935963,11.372000,0.0,Under way using engine
2026-08-26T23:25:59Z,219000811,54.838708,11.491823,0.0,Under way using engine
2026-08-26T23:26:04Z,219002177,54.935973,11.372005,0.0,Under way using engine
2026-08-26T23:26:29Z,219000811,54.838708,11.491827,0.0,Under way using engine
2026-08-26T23:26:34Z,219002177,54.935977,11.372003,0.0,Under way using engine
2026-08-26T23:26:59Z,219000811,54.838710,11.491825,0.0,Under way using engine
2026-08-26T23:27:04Z,219002177,54.935970,11.371992,0.0,Under way using engine
2026-08-26T23:27:29Z,219000811,54.838710,11.491823,0.0,Under way using engine
2026-08-26T23:27:34Z,219002177,54.935967,11.371988,0.0,Under way using engine
2026-08-26T23:27:37Z,219000809,54.971917,11.514573,0.0,Moored
2026-08-26T23:27:59Z,219000811,54.838708,11.491820,0.0,Under way using engine
2026-08-26T23:28:04Z,219002177,54.935965,11.371988,0.0,Under way using engine
2026-08-26T23:28:29Z,219000811,54.838705,11.491815,0.0,Under way using engine
2026-08-26T23:28:34Z,219002177,54.935963,11.371992,0.0,Under way using engine
2026-08-26T23:28:59Z,219000811,54.838705,11.491813,0.0,Under way using engine
2026-08-26T23:29:04Z,219002177,54.935967,11.371992,0.0,Under way using engine
2026-08-26T23:29:29Z,219000811,54.838703,11.491815,0.0,Under way using engine
2026-08-26T23:29:34Z,219002177,54.935968,11.371985,0.0,Under way using engine
2026-08-26T23:29:59Z,219000811,54.838703,11.491818,0.0,Under way using engine
2026-08-26T23:30:04Z,219002177,54.935968,11.371982,0.0,Under way using engine
2026-08-26T23:30:30Z,219000811,54.838698,11.491820,0.0,Under way using engine
2026-08-26T23:30:43Z,219000809,54.971905,11.514603,0.0,Moored
2026-08-26T23:30:43Z,219002177,54.935958,11.371978,0.0,Under way using engine
2026-08-26T23:31:10Z,219000811,54.838697,11.491823,0.0,Under way using engine
2026-08-26T23:31:15Z,219002177,54.935962,11.371973,0.0,Under way using engine
2026-08-26T23:31:40Z,219000811,54.838698,11.491827,0.0,Under way using engine
2026-08-26T23:31:53Z,219002177,54.935972,11.371990,0.0,Under way using engine
2026-08-26T23:32:10Z,219000811,54.838698,11.491828,0.0,Under way using engine
2026-08-26T23:32:24Z,219002177,54.935972,11.371995,0.0,Under way using engine
2026-08-26T23:32:40Z,219000811,54.838703,11.491832,0.0,Under way using engine
2026-08-26T23:33:04Z,219002177,54.935970,11.372002,0.0,Under way using engine
2026-08-26T23:33:10Z,219000811,54.838705,11.491835,0.0,Under way using engine
2026-08-26T23:33:35Z,219002177,54.935972,11.372000,0.0,Under way using engine
2026-08-26T23:33:36Z,219000809,54.971905,11.514603,0.0,Moored
2026-08-26T23:33:40Z,219000811,54.838708,11.491835,0.0,Under way using engine
2026-08-26T23:34:10Z,219000811,54.838710,11.491832,0.0,Under way using engine
2026-08-26T23:34:15Z,219002177,54.935970,11.371992,0.0,Under way using engine
2026-08-26T23:34:40Z,219000811,54.838707,11.491830,0.0,Under way using engine
2026-08-26T23:34:45Z,219002177,54.935970,11.371987,0.0,Under way using engine
2026-08-26T23:35:10Z,219000811,54.838703,11.491828,0.0,Under way using engine
2026-08-26T23:35:15Z,219002177,54.935967,11.371988,0.0,Under way using engine
2026-08-26T23:35:40Z,219000811,54.838707,11.491828,0.0,Under way using engine
2026-08-26T23:35:45Z,219002177,54.935967,11.371988,0.0,Under way using engine
2026-08-26T23:36:10Z,219000811,54.838708,11.491827,0.0,Under way using engine
2026-08-26T23:36:15Z,219002177,54.935962,11.371990,0.0,Under way using engine
2026-08-26T23:36:43Z,219000809,54.971908,11.514580,0.0,Moored
2026-08-26T23:36:45Z,219002177,54.935965,11.371987,0.0,Under way using engine
2026-08-26T23:36:50Z,219000811,54.838710,11.491828,0.0,Under way using engine
2026-08-26T23:37:23Z,219002177,54.935965,11.371985,0.0,Under way using engine
2026-08-26T23:37:28Z,219000811,54.838708,11.491825,0.0,Under way using engine
2026-08-26T23:37:55Z,219002177,54.935962,11.371973,0.0,Under way using engine
2026-08-26T23:37:58Z,219000811,54.838708,11.491823,0.0,Under way using engine
2026-08-26T23:38:28Z,219000811,54.838708,11.491827,0.0,Under way using engine
2026-08-26T23:38:45Z,219002177,54.935963,11.371980,0.0,Under way using engine
2026-08-26T23:38:58Z,219000811,54.838712,11.491827,0.0,Under way using engine
2026-08-26T23:39:19Z,219002177,54.935957,11.371980,0.0,Under way using engine
2026-08-26T23:39:28Z,219000811,54.838712,11.491827,0.0,Under way using engine
2026-08-26T23:39:36Z,219000809,54.971908,11.514580,0.0,Moored
2026-08-26T23:39:55Z,219002177,54.935958,11.371980,0.0,Under way using engine
2026-08-26T23:39:58Z,219000811,54.838712,11.491827,0.0,Under way using engine
2026-08-26T23:40:29Z,219000811,54.838712,11.491825,0.0,Under way using engine
2026-08-26T23:40:45Z,219002177,54.935952,11.371975,0.0,Under way using engine
2026-08-26T23:41:09Z,219000811,54.838710,11.491825,0.0,Under way using engine
2026-08-26T23:41:23Z,219002177,54.935950,11.371985,0.0,Under way using engine
2026-08-26T23:41:49Z,219000811,54.838710,11.491825,0.0,Under way using engine
2026-08-26T23:41:55Z,219002177,54.935962,11.371992,0.0,Under way using engine
2026-08-26T23:42:19Z,219000811,54.838708,11.491827,0.0,Under way using engine
2026-08-26T23:42:41Z,219000809,54.971903,11.514580,0.0,Moored
2026-08-26T23:42:45Z,219002177,54.935968,11.371997,0.0,Under way using engine
2026-08-26T23:42:49Z,219000811,54.838708,11.491828,0.0,Under way using engine
2026-08-26T23:43:19Z,219000811,54.838708,11.491828,0.0,Under way using engine
2026-08-26T23:43:25Z,219002177,54.935970,11.371987,0.0,Under way using engine
2026-08-26T23:43:49Z,219000811,54.838705,11.491827,0.0,Under way using engine
2026-08-26T23:43:55Z,219002177,54.935972,11.371988,0.0,Under way using engine
2026-08-26T23:44:20Z,219000811,54.838705,11.491823,0.0,Under way using engine
2026-08-26T23:44:25Z,219002177,54.935968,11.371993,0.0,Under way using engine
2026-08-26T23:44:55Z,219002177,54.935965,11.371995,0.0,Under way using engine
2026-08-26T23:45:00Z,219000811,54.838707,11.491822,0.0,Under way using engine
2026-08-26T23:45:25Z,219002177,54.935963,11.371995,0.0,Under way using engine
2026-08-26T23:45:36Z,219000809,54.971903,11.514580,0.0,Moored
2026-08-26T23:45:38Z,219000811,54.838707,11.491820,0.0,Under way using engine
2026-08-26T23:45:55Z,219002177,54.935963,11.371987,0.0,Under way using engine
2026-08-26T23:46:09Z,219000811,54.838708,11.491822,0.0,Under way using engine
2026-08-26T23:46:25Z,219002177,54.935962,11.371985,0.0,Under way using engine
2026-08-26T23:46:49Z,219000811,54.838710,11.491823,0.0,Under way using engine
2026-08-26T23:46:55Z,219002177,54.935960,11.372010,0.0,Under way using engine
2026-08-26T23:47:20Z,219000811,54.838710,11.491822,0.0,Under way using engine
2026-08-26T23:47:25Z,219002177,54.935963,11.371995,0.0,Under way using engine
2026-08-26T23:47:55Z,219002177,54.935967,11.372005,0.0,Under way using engine
2026-08-26T23:48:00Z,219000811,54.838708,11.491820,0.0,Under way using engine
2026-08-26T23:48:25Z,219002177,54.935970,11.372012,0.0,Under way using engine
2026-08-26T23:48:30Z,219000811,54.838708,11.491818,0.0,Under way using engine
2026-08-26T23:48:41Z,219000809,54.971907,11.514580,0.0,Moored
2026-08-26T23:48:55Z,219002177,54.935965,11.372010,0.0,Under way using engine
2026-08-26T23:49:00Z,219000811,54.838708,11.491818,0.0,Under way using engine
2026-08-26T23:49:25Z,219002177,54.935967,11.372005,0.0,Under way using engine
2026-08-26T23:49:30Z,219000811,54.838710,11.491818,0.0,Under way using engine
2026-08-26T23:49:55Z,219002177,54.935958,11.372005,0.0,Under way using engine
2026-08-26T23:50:09Z,219000811,54.838708,11.491817,0.0,Under way using engine
2026-08-26T23:50:25Z,219002177,54.935950,11.372000,0.0,Under way using engine
2026-08-26T23:50:39Z,219000811,54.838708,11.491815,0.0,Under way using engine
2026-08-26T23:50:55Z,219002177,54.935952,11.371995,0.0,Under way using engine
2026-08-26T23:51:09Z,219000811,54.838708,11.491813,0.0,Under way using engine
2026-08-26T23:51:34Z,219002177,54.935947,11.371993,0.0,Under way using engine
2026-08-26T23:51:37Z,219000809,54.971907,11.514580,0.0,Moored
2026-08-26T23:51:39Z,219000811,54.838707,11.491815,0.0,Under way using engine
2026-08-26T23:52:04Z,219002177,54.935950,11.371980,0.0,Under way using engine
2026-08-26T23:52:10Z,219000811,54.838705,11.491817,0.0,Under way using engine
2026-08-26T23:52:35Z,219002177,54.935933,11.372015,0.0,Under way using engine
2026-08-26T23:52:49Z,219000811,54.838705,11.491817,0.0,Under way using engine
2026-08-26T23:53:14Z,219002177,54.935952,11.372003,0.0,Under way using engine
2026-08-26T23:53:20Z,219000811,54.838707,11.491818,0.0,Under way using engine
2026-08-26T23:53:54Z,219002177,54.935965,11.371990,0.0,Under way using engine
2026-08-26T23:53:59Z,219000811,54.838710,11.491818,0.0,Under way using engine
2026-08-26T23:54:24Z,219002177,54.935967,11.371990,0.0,Under way using engine
2026-08-26T23:54:38Z,219000811,54.838712,11.491820,0.0,Under way using engine
2026-08-26T23:54:45Z,219000809,54.971913,11.514605,0.0,Moored
2026-08-26T23:54:54Z,219002177,54.935965,11.372002,0.0,Under way using engine
2026-08-26T23:55:10Z,219000811,54.838712,11.491822,0.0,Under way using engine
2026-08-26T23:55:24Z,219002177,54.935968,11.372003,0.0,Under way using engine
2026-08-26T23:55:49Z,219000811,54.838712,11.491823,0.0,Under way using engine
2026-08-26T23:55:54Z,219002177,54.935970,11.371993,0.0,Under way using engine
2026-08-26T23:56:20Z,219000811,54.838712,11.491822,0.0,Under way using engine
2026-08-26T23:56:32Z,219002177,54.935960,11.372005,0.0,Under way using engine
2026-08-26T23:56:58Z,219000811,54.838712,11.491820,0.0,Under way using engine
2026-08-26T23:57:03Z,219002177,54.935957,11.371978,0.0,Under way using engine
2026-08-26T23:57:28Z,219000811,54.838713,11.491820,0.0,Under way using engine
2026-08-26T23:57:33Z,219002177,54.935958,11.371970,0.0,Under way using engine
2026-08-26T23:57:37Z,219000809,54.971913,11.514605,0.0,Moored
2026-08-26T23:57:59Z,219000811,54.838715,11.491817,0.0,Under way using engine
2026-08-26T23:58:03Z,219002177,54.935953,11.371975,0.0,Under way using engine
2026-08-26T23:58:33Z,219002177,54.935957,11.371970,0.0,Under way using engine
2026-08-26T23:58:38Z,219000811,54.838713,11.491815,0.0,Under way using engine
2026-08-26T23:59:03Z,219002177,54.935945,11.371992,0.0,Under way using engine
2026-08-26T23:59:10Z,219000811,54.838713,11.491813,0.0,Under way using engine
2026-08-26T23:59:43Z,219002177,54.935952,11.371992,0.0,Under way using engine
2026-08-26T23:59:49Z,219000811,54.838712,11.491813,0.0,Under way using engine
