ts_utc,mmsi,lat,lon,sog,nav
2026-08-27T00:00:04Z,219002177,54.935943,11.372005,0.0,Under way using engine
2026-08-27T00:00:10Z,219000811,54.838713,11.491813,0.0,Under way using engine
2026-08-27T00:00:40Z,219000811,54.838713,11.491820,0.0,Under way using engine
2026-08-27T00:00:45Z,219000809,54.971895,11.514592,0.0,Moored
2026-08-27T00:00:54Z,219002177,54.935958,11.371998,0.0,Under way using engine
2026-08-27T00:01:10Z,219000811,54.838715,11.491822,0.0,Under way using engine
2026-08-27T00:01:24Z,219002177,54.935967,11.371993,0.0,Under way using engine
2026-08-27T00:01:40Z,219000811,54.838717,11.491825,0.0,Under way using engine
2026-08-27T00:01:54Z,219002177,54.935968,11.371992,0.0,Under way using engine
2026-08-27T00:02:10Z,219000811,54.838717,11.491827,0.0,Under way using engine
2026-08-27T00:02:24Z,219002177,54.935975,11.371990,0.0,Under way using engine
2026-08-27T00:02:40Z,219000811,54.838717,11.491825,0.0,Under way using engine
2026-08-27T00:02:54Z,219002177,54.935987,11.371983,0.0,Under way using engine
2026-08-27T00:03:20Z,219000811,54.838717,11.491817,0.0,Under way using engine
2026-08-27T00:03:24Z,219002177,54.935993,11.371993,0.0,Under way using engine
2026-08-27T00:03:37Z,219000809,54.971895,11.514592,0.0,Moored
2026-08-27T00:03:54Z,219002177,54.935995,11.371982,0.0,Under way using engine
2026-08-27T00:03:59Z,219000811,54.838715,11.491813,0.0,Under way using engine
2026-08-27T00:04:24Z,219002177,54.935985,11.371978,0.0,Under way using engine
2026-08-27T00:04:30Z,219000811,54.838715,11.491812,0.0,Under way using engine
2026-08-27T00:04:54Z,219002177,54.935965,11.372000,0.0,Under way using engine
2026-08-27T00:05:09Z,219000811,54.838715,11.491810,0.0,Under way using engine
2026-08-27T00:05:24Z,219002177,54.935970,11.371998,0.0,Under way using engine
2026-08-27T00:05:40Z,219000811,54.838715,11.491812,0.0,Under way using engine
2026-08-27T00:05:54Z,219002177,54.935972,11.371998,0.0,Under way using engine
2026-08-27T00:06:20Z,219000811,54.838715,11.491815,0.0,Under way using engine
2026-08-27T00:06:42Z,219000809,54.971917,11.514575,0.0,Moored
2026-08-27T00:06:44Z,219002177,54.935970,11.372000,0.0,Under way using engine
2026-08-27T00:06:58Z,219000811,54.838715,11.491817,0.0,Under way using engine
2026-08-27T00:07:15Z,219002177,54.935973,11.371987,0.0,Under way using engine
2026-08-27T00:07:30Z,219000811,54.838717,11.491818,0.0,Under way using engine
2026-08-27T00:07:54Z,219002177,54.935980,11.371990,0.0,Under way using engine
2026-08-27T00:08:09Z,219000811,54.838717,11.491818,0.0,Under way using engine
2026-08-27T00:08:35Z,219002177,54.935983,11.371990,0.0,Under way using engine
2026-08-27T00:08:39Z,219000811,54.838717,11.491820,0.0,Under way using engine
2026-08-27T00:09:05Z,219002177,54.935980,11.372007,0.0,Under way using engine
2026-08-27T00:09:10Z,219000811,54.838715,11.491822,0.0,Under way using engine
2026-08-27T00:09:35Z,219002177,54.935975,11.372012,0.0,Under way using engine
2026-08-27T00:09:37Z,219000809,54.971917,11.514575,0.0,Moored
2026-08-27T00:09:49Z,219000811,54.838715,11.491823,0.0,Under way using engine
2026-08-27T00:10:05Z,219002177,54.935967,11.372008,0.0,Under way using engine
2026-08-27T00:10:19Z,219000811,54.838713,11.491823,0.0,Under way using engine
2026-08-27T00:10:35Z,219002177,54.935973,11.371997,0.0,Under way using engine
2026-08-27T00:10:49Z,219000811,54.838713,11.491823,0.0,Under way using engine
2026-08-27T00:11:05Z,219002177,54.935993,11.371960,0.0,Under way using engine
2026-08-27T00:11:19Z,219000811,54.838713,11.491822,0.0,Under way using engine
2026-08-27T00:11:35Z,219002177,54.935963,11.371958,0.0,Under way using engine
2026-08-27T00:11:49Z,219000811,54.838713,11.491820,0.0,Under way using engine
2026-08-27T00:12:05Z,219002177,54.935962,11.371977,0.0,Under way using engine
2026-08-27T00:12:19Z,219000811,54.838715,11.491818,0.0,Under way using engine
2026-08-27T00:12:35Z,219002177,54.935967,11.371977,0.0,Under way using engine
2026-08-27T00:12:44Z,219000809,54.971873,11.514608,0.0,Moored
2026-08-27T00:12:49Z,219000811,54.838715,11.491818,0.0,Under way using engine
2026-08-27T00:13:14Z,219002177,54.935978,11.371982,0.0,Under way using engine
2026-08-27T00:13:19Z,219000811,54.838713,11.491815,0.0,Under way using engine
2026-08-27T00:13:44Z,219002177,54.935950,11.371985,0.0,Under way using engine
2026-08-27T00:13:50Z,219000811,54.838713,11.491815,0.0,Under way using engine
2026-08-27T00:14:14Z,219002177,54.935970,11.371972,0.0,Under way using engine
2026-08-27T00:14:29Z,219000811,54.838713,11.491815,0.0,Under way using engine
2026-08-27T00:14:44Z,219002177,54.935980,11.371967,0.0,Under way using engine
2026-08-27T00:15:00Z,219000811,54.838715,11.491817,0.0,Under way using engine
2026-08-27T00:15:14Z,219002177,54.935977,11.371973,0.0,Under way using engine
2026-08-27T00:15:37Z,219000809,54.971873,11.514608,0.0,Moored
2026-08-27T00:15:39Z,219000811,54.838713,11.491812,0.0,Under way using engine
2026-08-27T00:15:44Z,219002177,54.935975,11.371982,0.0,Under way using engine
2026-08-27T00:16:09Z,219000811,54.838713,11.491810,0.0,Under way using engine
2026-08-27T00:16:14Z,219002177,54.935970,11.371982,0.0,Under way using engine
2026-08-27T00:16:39Z,219000811,54.838713,11.491808,0.0,Under way using engine
2026-08-27T00:16:55Z,219002177,54.935970,11.371995,0.0,Under way using engine
2026-08-27T00:17:09Z,219000811,54.838713,11.491807,0.0,Under way using engine
2026-08-27T00:17:25Z,219002177,54.935987,11.371973,0.0,Under way using engine
2026-08-27T00:17:39Z,219000811,54.838715,11.491803,0.0,Under way using engine
2026-08-27T00:17:55Z,219002177,54.935980,11.371980,0.0,Under way using engine
2026-08-27T00:18:09Z,219000811,54.838717,11.491802,0.0,Under way using engine
2026-08-27T00:18:25Z,219002177,54.935975,11.371978,0.0,Under way using engine
2026-08-27T00:18:41Z,219000809,54.971922,11.514575,0.0,Moored
2026-08-27T00:18:50Z,219000811,54.838718,11.491803,0.0,Under way using engine
2026-08-27T00:18:55Z,219002177,54.935965,11.371980,0.0,Under way using engine
2026-08-27T00:19:20Z,219000811,54.838718,11.491805,0.0,Under way using engine
2026-08-27T00:19:35Z,219002177,54.935952,11.371973,0.0,Under way using engine
2026-08-27T00:19:50Z,219000811,54.838718,11.491807,0.0,Under way using engine
2026-08-27T00:20:13Z,219002177,54.935972,11.371965,0.0,Under way using engine
2026-08-27T00:20:29Z,219000811,54.838715,11.491812,0.0,Under way using engine
2026-08-27T00:20:43Z,219002177,54.935972,11.371972,0.0,Under way using engine
2026-08-27T00:21:00Z,219000811,54.838715,11.491813,0.0,Under way using engine
2026-08-27T00:21:13Z,219002177,54.935967,11.371963,0.0,Under way using engine
2026-08-27T00:21:36Z,219000809,54.971922,11.514575,0.0,Moored
2026-08-27T00:21:39Z,219000811,54.838715,11.491813,0.0,Under way using engine
2026-08-27T00:21:43Z,219002177,54.935975,11.371963,0.0,Under way using engine
2026-08-27T00:22:09Z,219000811,54.838715,11.491813,0.0,Under way using engine
2026-08-27T00:22:15Z,219002177,54.935978,11.371973,0.0,Under way using engine
2026-08-27T00:22:39Z,219000811,54.838715,11.491813,0.0,Under way using engine
2026-08-27T00:22:55Z,219002177,54.935965,11.371982,0.0,Under way using engine
2026-08-27T00:23:09Z,219000811,54.838715,11.491812,0.0,Under way using engine
2026-08-27T00:23:35Z,219002177,54.935958,11.372000,0.0,Under way using engine
2026-08-27T00:23:39Z,219000811,54.838715,11.491813,0.0,Under way using engine
2026-08-27T00:24:09Z,219000811,54.838713,11.491815,0.0,Under way using engine
2026-08-27T00:24:15Z,219002177,54.935952,11.371983,0.0,Under way using engine
2026-08-27T00:24:43Z,219000809,54.971967,11.514545,0.0,Moored
2026-08-27T00:24:45Z,219002177,54.935967,11.371965,0.0,Under way using engine
2026-08-27T00:24:50Z,219000811,54.838713,11.491818,0.0,Under way using engine
2026-08-27T00:25:15Z,219002177,54.935968,11.371980,0.0,Under way using engine
2026-08-27T00:25:29Z,219000811,54.838712,11.491825,0.0,Under way using engine
2026-08-27T00:25:45Z,219002177,54.935973,11.371977,0.0,Under way using engine
2026-08-27T00:26:00Z,219000811,54.838712,11.491825,0.0,Under way using engine
2026-08-27T00:26:24Z,219002177,54.935987,11.371948,0.0,Under way using engine
2026-08-27T00:26:38Z,219000811,54.838710,11.491827,0.0,Under way using engine
2026-08-27T00:26:54Z,219002177,54.935987,11.371963,0.0,Under way using engine
2026-08-27T00:27:09Z,219000811,54.838710,11.491827,0.0,Under way using engine
2026-08-27T00:27:25Z,219002177,54.935967,11.371980,0.0,Under way using engine
2026-08-27T00:27:37Z,219000809,54.971967,11.514545,0.0,Moored
2026-08-27T00:27:48Z,219000811,54.838713,11.491827,0.0,Under way using engine
2026-08-27T00:28:05Z,219002177,54.935958,11.371990,0.0,Under way using engine
2026-08-27T00:28:20Z,219000811,54.838713,11.491825,0.0,Under way using engine
2026-08-27T00:28:45Z,219002177,54.935948,11.371978,0.0,Under way using engine
2026-08-27T00:29:00Z,219000811,54.838712,11.491823,0.0,Under way using engine
2026-08-27T00:29:25Z,219002177,54.935977,11.371975,0.0,Under way using engine
2026-08-27T00:29:38Z,219000811,54.838712,11.491823,0.0,Under way using engine
2026-08-27T00:30:05Z,219002177,54.935963,11.371985,0.0,Under way using engine
2026-08-27T00:30:09Z,219000811,54.838713,11.491827,0.0,Under way using engine
2026-08-27T00:30:42Z,219000809,54.971928,11.514578,0.0,Moored
2026-08-27T00:30:45Z,219002177,54.935942,11.371978,0.0,Under way using engine
2026-08-27T00:30:48Z,219000811,54.838712,11.491827,0.0,Under way using engine
2026-08-27T00:31:20Z,219000811,54.838713,11.491820,0.0,Under way using engine
2026-08-27T00:31:25Z,219002177,54.936015,11.371957,0.0,Under way using engine
2026-08-27T00:31:55Z,219002177,54.935973,11.371972,0.0,Under way using engine
2026-08-27T00:32:00Z,219000811,54.838713,11.491817,0.0,Under way using engine
2026-08-27T00:32:25Z,219002177,54.935990,11.371962,0.0,Under way using engine
2026-08-27T00:32:38Z,219000811,54.838713,11.491815,0.0,Under way using engine
2026-08-27T00:32:55Z,219002177,54.936003,11.371965,0.0,Under way using engine
2026-08-27T00:33:09Z,219000811,54.838713,11.491813,0.0,Under way using engine
2026-08-27T00:33:25Z,219002177,54.935990,11.371947,0.0,Under way using engine
2026-08-27T00:33:45Z,219000809,54.971915,11.514577,0.0,Moored
2026-08-27T00:33:49Z,219000811,54.838713,11.491815,0.0,Under way using engine
2026-08-27T00:33:55Z,219002177,54.935988,11.371953,0.0,Under way using engine
2026-08-27T00:34:19Z,219000811,54.838712,11.491815,0.0,Under way using engine
2026-08-27T00:34:25Z,219002177,54.935952,11.371960,0.0,Under way using engine
2026-08-27T00:34:49Z,219000811,54.838712,11.491815,0.0,Under way using engine
2026-08-27T00:34:55Z,219002177,54.935968,11.371982,0.0,Under way using engine
2026-08-27T00:35:19Z,219000811,54.838713,11.491812,0.0,Under way using engine
2026-08-27T00:35:25Z,219002177,54.935987,11.371975,0.0,Under way using engine
2026-08-27T00:35:49Z,219000811,54.838713,11.491812,0.0,Under way using engine
2026-08-27T00:35:55Z,219002177,54.935967,11.371968,0.0,Under way using engine
2026-08-27T00:36:19Z,219000811,54.838713,11.491812,0.0,Under way using engine
2026-08-27T00:36:25Z,219002177,54.935972,11.371967,0.0,Under way using engine
2026-08-27T00:36:44Z,219000809,54.971915,11.514585,0.0,Moored
2026-08-27T00:36:49Z,219000811,54.838712,11.491813,0.0,Under way using engine
2026-08-27T00:36:55Z,219002177,54.935980,11.371980,0.0,Under way using engine
2026-08-27T00:37:19Z,219000811,54.838713,11.491813,0.0,Under way using engine
2026-08-27T00:37:25Z,219002177,54.935938,11.372027,0.1,Under way using engine
2026-08-27T00:37:49Z,219000811,54.838713,11.491817,0.0,Under way using engine
2026-08-27T00:37:55Z,219002177,54.935978,11.372012,0.0,Under way using engine
2026-08-27T00:38:19Z,219000811,54.838713,11.491817,0.0,Under way using engine
2026-08-27T00:38:34Z,219002177,54.935950,11.371990,0.0,Under way using engine
2026-08-27T00:38:49Z,219000811,54.838713,11.491818,0.0,Under way using engine
2026-08-27T00:39:05Z,219002177,54.935962,11.371980,0.0,Under way using engine
2026-08-27T00:39:20Z,219000811,54.838712,11.491817,0.0,Under way using engine
2026-08-27T00:39:37Z,219000809,54.971915,11.514585,0.0,Moored
2026-08-27T00:39:44Z,219002177,54.935987,11.371977,0.0,Under way using engine
2026-08-27T00:39:59Z,219000811,54.838712,11.491817,0.0,Under way using engine
2026-08-27T00:40:14Z,219002177,54.935957,11.371968,0.0,Under way using engine
2026-08-27T00:40:30Z,219000811,54.838712,11.491817,0.0,Under way using engine
2026-08-27T00:40:44Z,219002177,54.935955,11.371968,0.0,Under way using engine
2026-08-27T00:41:00Z,219000811,54.838713,11.491815,0.0,Under way using engine
2026-08-27T00:41:14Z,219002177,54.935953,11.371973,0.0,Under way using engine
2026-08-27T00:41:30Z,219000811,54.838715,11.491815,0.0,Under way using engine
2026-08-27T00:41:44Z,219002177,54.935962,11.371967,0.0,Under way using engine
2026-08-27T00:42:00Z,219000811,54.838715,11.491813,0.0,Under way using engine
2026-08-27T00:42:14Z,219002177,54.935977,11.371980,0.0,Under way using engine
2026-08-27T00:42:30Z,219000811,54.838713,11.491810,0.0,Under way using engine
2026-08-27T00:42:42Z,219000809,54.971933,11.514583,0.0,Moored
2026-08-27T00:42:44Z,219002177,54.935975,11.371985,0.0,Under way using engine
2026-08-27T00:43:00Z,219000811,54.838713,11.491807,0.0,Under way using engine
2026-08-27T00:43:15Z,219002177,54.935970,11.371982,0.0,Under way using engine
2026-08-27T00:43:40Z,219000811,54.838712,11.491808,0.0,Under way using engine
2026-08-27T00:43:45Z,219002177,54.935958,11.371995,0.0,Under way using engine
2026-08-27T00:44:15Z,219002177,54.935995,11.371915,0.0,Under way using engine
2026-08-27T00:44:20Z,219000811,54.838713,11.491810,0.0,Under way using engine
2026-08-27T00:44:45Z,219002177,54.935965,11.371970,0.0,Under way using engine
2026-08-27T00:44:50Z,219000811,54.838717,11.491810,0.0,Under way using engine
2026-08-27T00:45:15Z,219002177,54.935982,11.371997,0.0,Under way using engine
2026-08-27T00:45:20Z,219000811,54.838718,11.491810,0.0,Under way using engine
2026-08-27T00:45:36Z,219000809,54.971933,11.514583,0.0,Moored
2026-08-27T00:45:45Z,219002177,54.935962,11.371982,0.0,Under way using engine
2026-08-27T00:45:50Z,219000811,54.838720,11.491810,0.0,Under way using engine
2026-08-27T00:46:15Z,219002177,54.935965,11.371982,0.0,Under way using engine
2026-08-27T00:46:20Z,219000811,54.838720,11.491810,0.0,Under way using engine
2026-08-27T00:46:45Z,219002177,54.935968,11.371983,0.0,Under way using engine
2026-08-27T00:46:50Z,219000811,54.838718,11.491810,0.0,Under way using engine
2026-08-27T00:47:20Z,219000811,54.838718,11.491810,0.0,Under way using engine
2026-08-27T00:47:25Z,219002177,54.935970,11.371993,0.0,Under way using engine
2026-08-27T00:47:50Z,219000811,54.838717,11.491808,0.0,Under way using engine
2026-08-27T00:47:55Z,219002177,54.935965,11.371993,0.0,Under way using engine
2026-08-27T00:48:20Z,219000811,54.838717,11.491807,0.0,Under way using engine
2026-08-27T00:48:34Z,219002177,54.935925,11.371983,0.1,Under way using engine
2026-08-27T00:48:44Z,219000809,54.971918,11.514565,0.0,Moored
2026-08-27T00:48:50Z,219000811,54.838715,11.491810,0.0,Under way using engine
2026-08-27T00:49:14Z,219002177,54.935955,11.371975,0.0,Under way using engine
2026-08-27T00:49:29Z,219000811,54.838717,11.491812,0.0,Under way using engine
2026-08-27T00:49:44Z,219002177,54.935965,11.371983,0.0,Under way using engine
2026-08-27T00:49:59Z,219000811,54.838717,11.491812,0.0,Under way using engine
2026-08-27T00:50:14Z,219002177,54.935963,11.371997,0.0,Under way using engine
2026-08-27T00:50:29Z,219000811,54.838717,11.491812,0.0,Under way using engine
2026-08-27T00:50:44Z,219002177,54.935953,11.372000,0.0,Under way using engine
2026-08-27T00:50:59Z,219000811,54.838715,11.491817,0.0,Under way using engine
2026-08-27T00:51:14Z,219002177,54.935965,11.372000,0.0,Under way using engine
2026-08-27T00:51:29Z,219000811,54.838715,11.491818,0.0,Under way using engine
2026-08-27T00:51:37Z,219000809,54.971918,11.514565,0.0,Moored
2026-08-27T00:51:44Z,219002177,54.935965,11.372002,0.0,Under way using engine
2026-08-27T00:51:59Z,219000811,54.838715,11.491820,0.0,Under way using engine
2026-08-27T00:52:14Z,219002177,54.935962,11.371992,0.0,Under way using engine
2026-08-27T00:52:29Z,219000811,54.838715,11.491820,0.0,Under way using engine
2026-08-27T00:52:44Z,219002177,54.935963,11.372005,0.0,Under way using engine
2026-08-27T00:52:59Z,219000811,54.838713,11.491823,0.0,Under way using engine
2026-08-27T00:53:24Z,219002177,54.935940,11.372022,0.0,Under way using engine
2026-08-27T00:53:29Z,219000811,54.838712,11.491827,0.0,Under way using engine
2026-08-27T00:53:55Z,219002177,54.935935,11.372003,0.0,Under way using engine
2026-08-27T00:53:59Z,219000811,54.838713,11.491827,0.0,Under way using engine
2026-08-27T00:54:29Z,219000811,54.838715,11.491830,0.0,Under way using engine
2026-08-27T00:54:35Z,219002177,54.935957,11.371978,0.0,Under way using engine
2026-08-27T00:54:43Z,219000809,54.971910,11.514553,0.0,Moored
2026-08-27T00:54:59Z,219000811,54.838715,11.491827,0.0,Under way using engine
2026-08-27T00:55:05Z,219002177,54.935948,11.371977,0.0,Under way using engine
2026-08-27T00:55:29Z,219000811,54.838717,11.491822,0.0,Under way using engine
2026-08-27T00:55:35Z,219002177,54.935962,11.371980,0.0,Under way using engine
2026-08-27T00:55:59Z,219000811,54.838717,11.491818,0.0,Under way using engine
2026-08-27T00:56:05Z,219002177,54.935957,11.371990,0.0,Under way using engine
2026-08-27T00:56:35Z,219002177,54.935950,11.371990,0.0,Under way using engine
2026-08-27T00:56:39Z,219000811,54.838715,11.491818,0.0,Under way using engine
2026-08-27T00:57:05Z,219002177,54.935958,11.371998,0.0,Under way using engine
2026-08-27T00:57:10Z,219000811,54.838715,11.491818,0.0,Under way using engine
2026-08-27T00:57:35Z,219002177,54.935955,11.372022,0.0,Under way using engine
2026-08-27T00:57:37Z,219000809,54.971910,11.514553,0.0,Moored
2026-08-27T00:57:49Z,219000811,54.838715,11.491817,0.0,Under way using engine
2026-08-27T00:58:13Z,219002177,54.935963,11.371992,0.0,Under way using engine
2026-08-27T00:58:20Z,219000811,54.838715,11.491815,0.0,Under way using engine
2026-08-27T00:58:44Z,219002177,54.935977,11.371990,0.0,Under way using engine
2026-08-27T00:59:00Z,219000811,54.838713,11.491815,0.0,Under way using engine
2026-08-27T00:59:15Z,219002177,54.935977,11.371993,0.0,Under way using engine
2026-08-27T00:59:38Z,219000811,54.838715,11.491813,0.0,Under way using engine
2026-08-27T00:59:45Z,219002177,54.935963,11.371995,0.0,Under way using engine
2026-08-27T01:00:10Z,219000811,54.838715,11.491813,0.0,Under way using engine
2026-08-27T01:00:15Z,219002177,54.935963,11.372012,0.0,Under way using engine
2026-08-27T01:00:45Z,219000809,54.971925,11.514617,0.0,Moored
2026-08-27T01:00:45Z,219002177,54.935967,11.372012,0.0,Under way using engine
2026-08-27T01:00:49Z,219000811,54.838715,11.491810,0.0,Under way using engine
2026-08-27T01:01:15Z,219002177,54.935977,11.371990,0.0,Under way using engine
2026-08-27T01:01:20Z,219000811,54.838715,11.491808,0.0,Under way using engine
2026-08-27T01:01:45Z,219002177,54.935962,11.372018,0.0,Under way using engine
2026-08-27T01:01:50Z,219000811,54.838713,11.491810,0.0,Under way using engine
2026-08-27T01:02:15Z,219002177,54.935957,11.372025,0.0,Under way using engine
2026-08-27T01:02:20Z,219000811,54.838713,11.491808,0.0,Under way using engine
2026-08-27T01:02:45Z,219002177,54.935952,11.372023,0.0,Under way using engine
2026-08-27T01:02:50Z,219000811,54.838712,11.491808,0.0,Under way using engine
2026-08-27T01:03:15Z,219002177,54.935955,11.372013,0.0,Under way using engine
2026-08-27T01:03:20Z,219000811,54.838712,11.491805,0.0,Under way using engine
2026-08-27T01:03:36Z,219000809,54.971925,11.514617,0.0,Moored
2026-08-27T01:03:45Z,219002177,54.935957,11.372002,0.0,Under way using engine
2026-08-27T01:03:50Z,219000811,54.838712,11.491805,0.0,Under way using engine
2026-08-27T01:04:15Z,219002177,54.935958,11.371993,0.0,Under way using engine
2026-08-27T01:04:20Z,219000811,54.838712,11.491803,0.0,Under way using engine
2026-08-27T01:04:45Z,219002177,54.935957,11.371988,0.0,Under way using engine
2026-08-27T01:04:50Z,219000811,54.838713,11.491805,0.0,Under way using engine
2026-08-27T01:05:15Z,219002177,54.935952,11.371992,0.0,Under way using engine
2026-08-27T01:05:20Z,219000811,54.838712,11.491808,0.0,Under way using engine
2026-08-27T01:05:45Z,219002177,54.935952,11.372008,0.0,Under way using engine
2026-08-27T01:05:50Z,219000811,54.838713,11.491808,0.0,Under way using engine
2026-08-27T01:06:15Z,219002177,54.935958,11.372013,0.0,Under way using engine
2026-08-27T01:06:20Z,219000811,54.838715,11.491812,0.0,Under way using engine
2026-08-27T01:06:44Z,219000809,54.971940,11.514597,0.0,Moored
2026-08-27T01:06:45Z,219002177,54.935985,11.372017,0.0,Under way using engine
2026-08-27T01:06:50Z,219000811,54.838715,11.491810,0.0,Under way using engine
2026-08-27T01:07:24Z,219002177,54.935978,11.372015,0.0,Under way using engine
2026-08-27T01:07:30Z,219000811,54.838715,11.491808,0.0,Under way using engine
2026-08-27T01:08:03Z,219002177,54.935977,11.372013,0.0,Under way using engine
2026-08-27T01:08:09Z,219000811,54.838720,11.491808,0.0,Under way using engine
2026-08-27T01:08:33Z,219002177,54.935980,11.372007,0.0,Under way using engine
2026-08-27T01:08:40Z,219000811,54.838720,11.491808,0.0,Under way using engine
2026-08-27T01:09:03Z,219002177,54.935960,11.372013,0.0,Under way using engine
2026-08-27T01:09:19Z,219000811,54.838717,11.491813,0.0,Under way using engine
2026-08-27T01:09:33Z,219002177,54.935977,11.371998,0.0,Under way using engine
2026-08-27T01:09:36Z,219000809,54.971940,11.514597,0.0,Moored
2026-08-27T01:09:49Z,219000811,54.838717,11.491813,0.0,Under way using engine
2026-08-27T01:10:03Z,219002177,54.935968,11.372000,0.0,Under way using engine
2026-08-27T01:10:19Z,219000811,54.838717,11.491813,0.0,Under way using engine
2026-08-27T01:10:33Z,219002177,54.935963,11.372007,0.0,Under way using engine
2026-08-27T01:10:49Z,219000811,54.838717,11.491813,0.0,Under way using engine
2026-08-27T01:11:05Z,219002177,54.935973,11.372003,0.0,Under way using engine
2026-08-27T01:11:19Z,219000811,54.838715,11.491813,0.1,Under way using engine
2026-08-27T01:11:45Z,219002177,54.935967,11.372000,0.1,Under way using engine
2026-08-27T01:11:49Z,219000811,54.838712,11.491815,0.0,Under way using engine
2026-08-27T01:12:22Z,219000811,54.838710,11.491815,0.0,Under way using engine
2026-08-27T01:12:25Z,219002177,54.935963,11.372020,0.0,Under way using engine
2026-08-27T01:12:45Z,219000809,54.971917,11.514545,0.0,Moored
2026-08-27T01:12:59Z,219000811,54.838707,11.491815,0.0,Under way using engine
2026-08-27T01:13:05Z,219002177,54.935968,11.372007,0.0,Under way using engine
2026-08-27T01:13:40Z,219000811,54.838708,11.491813,0.0,Under way using engine
2026-08-27T01:13:43Z,219002177,54.935958,11.372017,0.0,Under way using engine
2026-08-27T01:14:10Z,219000811,54.838710,11.491812,0.0,Under way using engine
2026-08-27T01:14:14Z,219002177,54.935968,11.372003,0.0,Under way using engine
2026-08-27T01:14:40Z,219000811,54.838712,11.491812,0.0,Under way using engine
2026-08-27T01:14:54Z,219002177,54.935978,11.371995,0.0,Under way using engine
2026-08-27T01:15:10Z,219000811,54.838712,11.491810,0.0,Under way using engine
2026-08-27T01:15:25Z,219002177,54.935973,11.372010,0.0,Under way using engine
2026-08-27T01:15:36Z,219000809,54.971917,11.514545,0.0,Moored
2026-08-27T01:15:40Z,219000811,54.838713,11.491810,0.0,Under way using engine
2026-08-27T01:16:04Z,219002177,54.935963,11.371997,0.0,Under way using engine
2026-08-27T01:16:10Z,219000811,54.838713,11.491810,0.0,Under way using engine
2026-08-27T01:16:34Z,219002177,54.935975,11.372003,0.0,Under way using engine
2026-08-27T01:16:40Z,219000811,54.838713,11.491812,0.0,Under way using engine
2026-08-27T01:17:04Z,219002177,54.935978,11.372002,0.0,Under way using engine
2026-08-27T01:17:18Z,219000811,54.838715,11.491808,0.0,Under way using engine
2026-08-27T01:17:43Z,219002177,54.935990,11.372017,0.0,Under way using engine
2026-08-27T01:17:50Z,219000811,54.838717,11.491808,0.0,Under way using engine
2026-08-27T01:18:14Z,219002177,54.935997,11.372035,0.0,Under way using engine
2026-08-27T01:18:24Z,219000811,54.838715,11.491810,0.0,Under way using engine
2026-08-27T01:18:43Z,219000809,54.971915,11.514582,0.0,Moored
2026-08-27T01:18:45Z,219002177,54.935988,11.372017,0.0,Under way using engine
2026-08-27T01:18:59Z,219000811,54.838713,11.491812,0.0,Under way using engine
2026-08-27T01:19:25Z,219002177,54.935988,11.372000,0.0,Under way using engine
2026-08-27T01:19:30Z,219000811,54.838713,11.491813,0.0,Under way using engine
2026-08-27T01:20:04Z,219002177,54.935982,11.372032,0.0,Under way using engine
2026-08-27T01:20:09Z,219000811,54.838713,11.491813,0.0,Under way using engine
2026-08-27T01:20:39Z,219000811,54.838713,11.491817,0.0,Under way using engine
2026-08-27T01:20:45Z,219002177,54.935985,11.372012,0.0,Under way using engine
2026-08-27T01:21:09Z,219000811,54.838713,11.491818,0.0,Under way using engine
2026-08-27T01:21:23Z,219002177,54.935968,11.372012,0.0,Under way using engine
2026-08-27T01:21:37Z,219000809,54.971915,11.514582,0.0,Moored
2026-08-27T01:21:39Z,219000811,54.838713,11.491815,0.0,Under way using engine
2026-08-27T01:21:54Z,219002177,54.935952,11.372035,0.0,Under way using engine
2026-08-27T01:22:09Z,219000811,54.838712,11.491813,0.0,Under way using engine
2026-08-27T01:22:24Z,219002177,54.935962,11.372033,0.0,Under way using engine
2026-08-27T01:22:39Z,219000811,54.838712,11.491812,0.0,Under way using engine
2026-08-27T01:22:54Z,219002177,54.935948,11.372020,0.0,Under way using engine
2026-08-27T01:23:09Z,219000811,54.838713,11.491813,0.0,Under way using engine
2026-08-27T01:23:24Z,219002177,54.935987,11.372018,0.0,Under way using engine
2026-08-27T01:23:39Z,219000811,54.838713,11.491810,0.0,Under way using engine
2026-08-27T01:24:04Z,219002177,54.935987,11.371995,0.0,Under way using engine
2026-08-27T01:24:09Z,219000811,54.838713,11.491808,0.0,Under way using engine
2026-08-27T01:24:34Z,219002177,54.935992,11.371993,0.0,Under way using engine
2026-08-27T01:24:39Z,219000811,54.838712,11.491807,0.0,Under way using engine
2026-08-27T01:24:44Z,219000809,54.971913,11.514560,0.0,Moored
2026-08-27T01:25:04Z,219002177,54.935982,11.372013,0.0,Under way using engine
2026-08-27T01:25:09Z,219000811,54.838712,11.491808,0.0,Under way using engine
2026-08-27T01:25:34Z,219002177,54.935965,11.372003,0.0,Under way using engine
2026-08-27T01:25:39Z,219000811,54.838712,11.491812,0.0,Under way using engine
2026-08-27T01:26:04Z,219002177,54.935962,11.372000,0.0,Under way using engine
2026-08-27T01:26:09Z,219000811,54.838710,11.491813,0.0,Under way using engine
2026-08-27T01:26:34Z,219002177,54.935965,11.371978,0.0,Under way using engine
2026-08-27T01:26:39Z,219000811,54.838708,11.491813,0.0,Under way using engine
2026-08-27T01:27:04Z,219002177,54.935982,11.371983,0.0,Under way using engine
2026-08-27T01:27:09Z,219000811,54.838708,11.491813,0.0,Under way using engine
2026-08-27T01:27:34Z,219002177,54.935967,11.372037,0.0,Under way using engine
2026-08-27T01:27:36Z,219000809,54.971913,11.514560,0.0,Moored
2026-08-27T01:27:39Z,219000811,54.838707,11.491813,0.0,Under way using engine
2026-08-27T01:28:09Z,219000811,54.838705,11.491817,0.1,Under way using engine
2026-08-27T01:28:14Z,219002177,54.935967,11.372002,0.0,Under way using engine
2026-08-27T01:28:39Z,219000811,54.838705,11.491818,0.0,Under way using engine
2026-08-27T01:28:53Z,219002177,54.935973,11.371982,0.0,Under way using engine
2026-08-27T01:29:09Z,219000811,54.838705,11.491820,0.0,Under way using engine
2026-08-27T01:29:24Z,219002177,54.935973,11.371977,0.0,Under way using engine
2026-08-27T01:29:39Z,219000811,54.838705,11.491822,0.0,Under way using engine
2026-08-27T01:30:03Z,219002177,54.935965,11.371992,0.0,Under way using engine
2026-08-27T01:30:10Z,219000811,54.838707,11.491827,0.0,Under way using engine
2026-08-27T01:30:34Z,219002177,54.935963,11.371985,0.0,Under way using engine
2026-08-27T01:30:42Z,219000809,54.971915,11.514580,0.0,Moored
2026-08-27T01:30:49Z,219000811,54.838705,11.491827,0.0,Under way using engine
2026-08-27T01:31:14Z,219002177,54.935963,11.371985,0.0,Under way using engine
2026-08-27T01:31:20Z,219000811,54.838707,11.491828,0.0,Under way using engine
2026-08-27T01:31:54Z,219002177,54.935965,11.371985,0.0,Under way using engine
2026-08-27T01:31:59Z,219000811,54.838707,11.491830,0.0,Under way using engine
2026-08-27T01:32:24Z,219002177,54.935968,11.372003,0.0,Under way using engine
2026-08-27T01:32:29Z,219000811,54.838707,11.491828,0.0,Under way using engine
2026-08-27T01:32:54Z,219002177,54.935968,11.371992,0.0,Under way using engine
2026-08-27T01:32:59Z,219000811,54.838707,11.491828,0.0,Under way using engine
2026-08-27T01:33:29Z,219000811,54.838708,11.491828,0.0,Under way using engine
2026-08-27T01:33:34Z,219002177,54.935967,11.372005,0.0,Under way using engine
2026-08-27T01:33:37Z,219000809,54.971915,11.514580,0.0,Moored
2026-08-27T01:33:59Z,219000811,54.838708,11.491827,0.0,Under way using engine
2026-08-27T01:34:05Z,219002177,54.935973,11.372015,0.0,Under way using engine
2026-08-27T01:34:29Z,219000811,54.838708,11.491828,0.0,Under way using engine
2026-08-27T01:34:45Z,219002177,54.935967,11.371993,0.0,Under way using engine
2026-08-27T01:34:59Z,219000811,54.838710,11.491828,0.0,Under way using engine
2026-08-27T01:35:24Z,219002177,54.935965,11.372008,0.0,Under way using engine
2026-08-27T01:35:29Z,219000811,54.838710,11.491825,0.0,Under way using engine
2026-08-27T01:35:54Z,219002177,54.935960,11.372003,0.0,Under way using engine
2026-08-27T01:35:59Z,219000811,54.838710,11.491823,0.0,Under way using engine
2026-08-27T01:36:24Z,219002177,54.935968,11.371993,0.0,Under way using engine
2026-08-27T01:36:29Z,219000811,54.838708,11.491823,0.0,Under way using engine
2026-08-27T01:36:42Z,219000809,54.971928,11.514550,0.0,Moored
2026-08-27T01:36:54Z,219002177,54.935967,11.372020,0.0,Under way using engine
2026-08-27T01:36:59Z,219000811,54.838710,11.491818,0.0,Under way using engine
2026-08-27T01:37:24Z,219002177,54.935962,11.371973,0.0,Under way using engine
2026-08-27T01:37:29Z,219000811,54.838710,11.491815,0.0,Under way using engine
2026-08-27T01:37:54Z,219002177,54.935960,11.371997,0.0,Under way using engine
2026-08-27T01:37:59Z,219000811,54.838712,11.491813,0.0,Under way using engine
2026-08-27T01:38:24Z,219002177,54.935968,11.372003,0.0,Under way using engine
2026-08-27T01:38:29Z,219000811,54.838712,11.491810,0.0,Under way using engine
2026-08-27T01:38:54Z,219002177,54.935972,11.372012,0.0,Under way using engine
2026-08-27T01:39:00Z,219000811,54.838715,11.491808,0.0,Under way using engine
2026-08-27T01:39:24Z,219002177,54.935970,11.372023,0.0,Under way using engine
2026-08-27T01:39:36Z,219000809,54.971928,11.514550,0.0,Moored
2026-08-27T01:39:39Z,219000811,54.838718,11.491810,0.0,Under way using engine
2026-08-27T01:39:55Z,219002177,54.935973,11.372018,0.0,Under way using engine
2026-08-27T01:40:09Z,219000811,54.838718,11.491813,0.0,Under way using engine
2026-08-27T01:40:34Z,219002177,54.935967,11.371983,0.0,Under way using engine
2026-08-27T01:40:49Z,219000811,54.838718,11.491817,0.0,Under way using engine
2026-08-27T01:41:04Z,219002177,54.935968,11.371988,0.0,Under way using engine
2026-08-27T01:41:19Z,219000811,54.838718,11.491818,0.0,Under way using engine
2026-08-27T01:41:34Z,219002177,54.935967,11.372020,0.0,Under way using engine
2026-08-27T01:41:49Z,219000811,54.838717,11.491822,0.0,Under way using engine
2026-08-27T01:42:04Z,219002177,54.935972,11.372003,0.0,Under way using engine
2026-08-27T01:42:19Z,219000811,54.838715,11.491822,0.0,Under way using engine
2026-08-27T01:42:34Z,219002177,54.935975,11.372013,0.0,Under way using engine
2026-08-27T01:42:45Z,219000809,54.971923,11.514553,0.0,Moored
2026-08-27T01:42:49Z,219000811,54.838715,11.491818,0.0,Under way using engine
2026-08-27T01:43:04Z,219002177,54.935973,11.371983,0.0,Under way using engine
2026-08-27T01:43:19Z,219000811,54.838713,11.491818,0.0,Under way using engine
2026-08-27T01:43:34Z,219002177,54.935958,11.371988,0.0,Under way using engine
2026-08-27T01:43:49Z,219000811,54.838713,11.491820,0.0,Under way using engine
2026-08-27T01:44:14Z,219002177,54.935952,11.372010,0.0,Under way using engine
2026-08-27T01:44:19Z,219000811,54.838713,11.491820,0.0,Under way using engine
2026-08-27T01:44:44Z,219002177,54.935957,11.372012,0.0,Under way using engine
2026-08-27T01:44:49Z,219000811,54.838715,11.491827,0.0,Under way using engine
2026-08-27T01:45:14Z,219002177,54.935963,11.372005,0.0,Under way using engine
2026-08-27T01:45:19Z,219000811,54.838713,11.491828,0.0,Under way using engine
2026-08-27T01:45:36Z,219000809,54.971923,11.514553,0.0,Moored
2026-08-27T01:45:44Z,219002177,54.935973,11.371993,0.0,Under way using engine
2026-08-27T01:45:49Z,219000811,54.838717,11.491827,0.0,Under way using engine
2026-08-27T01:46:14Z,219002177,54.935967,11.371995,0.0,Under way using engine
2026-08-27T01:46:19Z,219000811,54.838713,11.491827,0.0,Under way using engine
2026-08-27T01:46:44Z,219002177,54.935963,11.371993,0.0,Under way using engine
2026-08-27T01:46:49Z,219000811,54.838710,11.491827,0.0,Under way using engine
2026-08-27T01:47:14Z,219002177,54.935958,11.371995,0.0,Under way using engine
2026-08-27T01:47:19Z,219000811,54.838708,11.491825,0.0,Under way using engine
2026-08-27T01:47:44Z,219002177,54.935958,11.371988,0.0,Under way using engine
2026-08-27T01:47:49Z,219000811,54.838708,11.491823,0.0,Under way using engine
2026-08-27T01:48:14Z,219002177,54.935952,11.372007,0.0,Under way using engine
2026-08-27T01:48:19Z,219000811,54.838707,11.491823,0.0,Under way using engine
2026-08-27T01:48:42Z,219000809,54.971913,11.514528,0.0,Moored
2026-08-27T01:48:44Z,219002177,54.935958,11.372003,0.0,Under way using engine
2026-08-27T01:48:50Z,219000811,54.838708,11.491823,0.0,Under way using engine
2026-08-27T01:49:14Z,219002177,54.935957,11.371982,0.0,Under way using engine
2026-08-27T01:49:28Z,219000811,54.838708,11.491823,0.0,Under way using engine
2026-08-27T01:49:44Z,219002177,54.935968,11.372003,0.0,Under way using engine
2026-08-27T01:49:59Z,219000811,54.838708,11.491823,0.0,Under way using engine
2026-08-27T01:50:14Z,219002177,54.935958,11.371972,0.0,Under way using engine
2026-08-27T01:50:39Z,219000811,54.838708,11.491820,0.0,Under way using engine
2026-08-27T01:50:44Z,219002177,54.935958,11.371975,0.0,Under way using engine
2026-08-27T01:51:09Z,219000811,54.838710,11.491820,0.0,Under way using engine
2026-08-27T01:51:14Z,219002177,54.935962,11.371990,0.0,Under way using engine
2026-08-27T01:51:36Z,219000809,54.971913,11.514528,0.0,Moored
2026-08-27T01:51:39Z,219000811,54.838710,11.491818,0.0,Under way using engine
2026-08-27T01:51:44Z,219002177,54.935973,11.372008,0.0,Under way using engine
2026-08-27T01:52:09Z,219000811,54.838710,11.491818,0.0,Under way using engine
2026-08-27T01:52:14Z,219002177,54.935972,11.372003,0.0,Under way using engine
2026-08-27T01:52:39Z,219000811,54.838710,11.491815,0.0,Under way using engine
2026-08-27T01:52:44Z,219002177,54.935977,11.371998,0.0,Under way using engine
2026-08-27T01:53:09Z,219000811,54.838710,11.491815,0.0,Under way using engine
2026-08-27T01:53:14Z,219002177,54.935977,11.371983,0.0,Under way using engine
2026-08-27T01:53:39Z,219000811,54.838710,11.491817,0.0,Under way using engine
2026-08-27T01:53:44Z,219002177,54.935973,11.371975,0.0,Under way using engine
2026-08-27T01:54:09Z,219000811,54.838708,11.491815,0.0,Under way using engine
2026-08-27T01:54:15Z,219002177,54.935967,11.371965,0.0,Under way using engine
2026-08-27T01:54:42Z,219000809,54.971917,11.514548,0.0,Moored
2026-08-27T01:54:50Z,219000811,54.838707,11.491815,0.0,Under way using engine
2026-08-27T01:54:54Z,219002177,54.935977,11.371993,0.0,Under way using engine
2026-08-27T01:55:24Z,219002177,54.935980,11.371990,0.0,Under way using engine
2026-08-27T01:55:28Z,219000811,54.838705,11.491817,0.0,Under way using engine
2026-08-27T01:55:54Z,219002177,54.935973,11.371992,0.0,Under way using engine
2026-08-27T01:56:00Z,219000811,54.838707,11.491820,0.0,Under way using engine
2026-08-27T01:56:24Z,219002177,54.935965,11.371988,0.0,Under way using engine
2026-08-27T01:56:38Z,219000811,54.838708,11.491822,0.0,Under way using engine
2026-08-27T01:56:54Z,219002177,54.935973,11.371977,0.0,Under way using engine
2026-08-27T01:57:08Z,219000811,54.838710,11.491820,0.0,Under way using engine
2026-08-27T01:57:24Z,219002177,54.935963,11.371977,0.0,Under way using engine
2026-08-27T01:57:37Z,219000809,54.971917,11.514548,0.0,Moored
2026-08-27T01:57:38Z,219000811,54.838710,11.491818,0.0,Under way using engine
2026-08-27T01:57:54Z,219002177,54.935972,11.371978,0.0,Under way using engine
2026-08-27T01:58:08Z,219000811,54.838710,11.491813,0.0,Under way using engine
2026-08-27T01:58:24Z,219002177,54.935968,11.371978,0.0,Under way using engine
2026-08-27T01:58:38Z,219000811,54.838710,11.491812,0.0,Under way using engine
2026-08-27T01:58:54Z,219002177,54.935975,11.371988,0.0,Under way using engine
2026-08-27T01:59:08Z,219000811,54.838710,11.491810,0.0,Under way using engine
2026-08-27T01:59:24Z,219002177,54.935975,11.371983,0.0,Under way using engine
2026-08-27T01:59:38Z,219000811,54.838708,11.491808,0.0,Under way using engine
2026-08-27T01:59:54Z,219002177,54.935973,11.371980,0.0,Under way using engine
2026-08-27T02:00:10Z,219000811,54.838707,11.491808,0.0,Under way using engine
2026-08-27T02:00:24Z,219002177,54.935970,11.371978,0.0,Under way using engine
2026-08-27T02:00:44Z,219000809,54.971917,11.514555,0.0,Moored
2026-08-27T02:00:50Z,219000811,54.838705,11.491805,0.0,Under way using engine
2026-08-27T02:00:54Z,219002177,54.935963,11.371978,0.0,Under way using engine
2026-08-27T02:01:24Z,219002177,54.935968,11.371970,0.0,Under way using engine
2026-08-27T02:01:28Z,219000811,54.838705,11.491808,0.0,Under way using engine
2026-08-27T02:01:54Z,219002177,54.935960,11.371968,0.0,Under way using engine
2026-08-27T02:02:00Z,219000811,54.838707,11.491808,0.0,Under way using engine
2026-08-27T02:02:24Z,219002177,54.935962,11.371963,0.0,Under way using engine
2026-08-27T02:02:30Z,219000811,54.838710,11.491812,0.0,Under way using engine
2026-08-27T02:02:54Z,219002177,54.935960,11.371968,0.0,Under way using engine
2026-08-27T02:03:00Z,219000811,54.838712,11.491813,0.0,Under way using engine
2026-08-27T02:03:24Z,219002177,54.935973,11.371978,0.0,Under way using engine
2026-08-27T02:03:30Z,219000811,54.838708,11.491818,0.0,Under way using engine
2026-08-27T02:03:37Z,219000809,54.971917,11.514555,0.0,Moored
2026-08-27T02:04:00Z,219000811,54.838708,11.491822,0.0,Under way using engine
2026-08-27T02:04:05Z,219002177,54.935968,11.371965,0.0,Under way using engine
2026-08-27T02:04:30Z,219000811,54.838708,11.491822,0.0,Under way using engine
2026-08-27T02:04:44Z,219002177,54.935968,11.371962,0.0,Under way using engine
2026-08-27T02:05:00Z,219000811,54.838707,11.491823,0.0,Under way using engine
2026-08-27T02:05:14Z,219002177,54.935967,11.371960,0.0,Under way using engine
2026-08-27T02:05:30Z,219000811,54.838708,11.491822,0.0,Under way using engine
2026-08-27T02:05:44Z,219002177,54.935962,11.371962,0.0,Under way using engine
2026-08-27T02:06:00Z,219000811,54.838710,11.491822,0.0,Under way using engine
2026-08-27T02:06:14Z,219002177,54.935958,11.371957,0.0,Under way using engine
2026-08-27T02:06:30Z,219000811,54.838713,11.491822,0.0,Under way using engine
2026-08-27T02:06:43Z,219000809,54.971912,11.514553,0.0,Moored
2026-08-27T02:06:44Z,219002177,54.935962,11.371957,0.0,Under way using engine
2026-08-27T02:07:00Z,219000811,54.838717,11.491822,0.0,Under way using engine
2026-08-27T02:07:14Z,219002177,54.935967,11.371963,0.0,Under way using engine
2026-08-27T02:07:38Z,219000811,54.838718,11.491823,0.0,Under way using engine
2026-08-27T02:07:44Z,219002177,54.935968,11.371972,0.0,Under way using engine
2026-08-27T02:08:09Z,219000811,54.838718,11.491823,0.0,Under way using engine
2026-08-27T02:08:14Z,219002177,54.935977,11.371973,0.0,Under way using engine
2026-08-27T02:08:40Z,219000811,54.838717,11.491823,0.0,Under way using engine
2026-08-27T02:08:44Z,219002177,54.935980,11.371977,0.0,Under way using engine
2026-08-27T02:09:14Z,219002177,54.935980,11.371980,0.0,Under way using engine
2026-08-27T02:09:19Z,219000811,54.838720,11.491822,0.0,Under way using engine
2026-08-27T02:09:37Z,219000809,54.971912,11.514553,0.0,Moored
2026-08-27T02:09:50Z,219000811,54.838718,11.491822,0.0,Under way using engine
2026-08-27T02:09:54Z,219002177,54.935992,11.371982,0.0,Under way using engine
2026-08-27T02:10:25Z,219002177,54.935990,11.371988,0.0,Under way using engine
2026-08-27T02:10:29Z,219000811,54.838717,11.491820,0.0,Under way using engine
2026-08-27T02:10:59Z,219000811,54.838717,11.491818,0.0,Under way using engine
2026-08-27T02:11:04Z,219002177,54.935983,11.371985,0.0,Under way using engine
2026-08-27T02:11:29Z,219000811,54.838718,11.491817,0.0,Under way using engine
2026-08-27T02:11:43Z,219002177,54.935985,11.371982,0.0,Under way using engine
2026-08-27T02:11:59Z,219000811,54.838718,11.491813,0.0,Under way using engine
2026-08-27T02:12:14Z,219002177,54.935983,11.371978,0.0,Under way using engine
2026-08-27T02:12:29Z,219000811,54.838718,11.491812,0.0,Under way using engine
2026-08-27T02:12:44Z,219000809,54.971917,11.514560,0.0,Moored
2026-08-27T02:12:55Z,219002177,54.935990,11.371980,0.0,Under way using engine
2026-08-27T02:12:59Z,219000811,54.838717,11.491812,0.0,Under way using engine
2026-08-27T02:13:25Z,219002177,54.935990,11.371973,0.0,Under way using engine
2026-08-27T02:13:29Z,219000811,54.838717,11.491810,0.0,Under way using engine
2026-08-27T02:13:55Z,219002177,54.935987,11.371977,0.0,Under way using engine
2026-08-27T02:13:59Z,219000811,54.838715,11.491810,0.0,Under way using engine
2026-08-27T02:14:25Z,219002177,54.935980,11.371985,0.0,Under way using engine
2026-08-27T02:14:29Z,219000811,54.838715,11.491812,0.0,Under way using engine
2026-08-27T02:14:55Z,219002177,54.935977,11.371983,0.0,Under way using engine
2026-08-27T02:14:59Z,219000811,54.838710,11.491815,0.0,Under way using engine
2026-08-27T02:15:25Z,219002177,54.935972,11.371975,0.0,Under way using engine
2026-08-27T02:15:30Z,219000811,54.838707,11.491818,0.0,Under way using engine
2026-08-27T02:15:37Z,219000809,54.971917,11.514560,0.0,Moored
2026-08-27T02:15:55Z,219002177,54.935970,11.371970,0.0,Under way using engine
2026-08-27T02:16:10Z,219000811,54.838707,11.491818,0.0,Under way using engine
2026-08-27T02:16:25Z,219002177,54.935970,11.371968,0.0,Under way using engine
2026-08-27T02:16:48Z,219000811,54.838707,11.491817,0.0,Under way using engine
2026-08-27T02:16:55Z,219002177,54.935970,11.371972,0.0,Under way using engine
2026-08-27T02:17:18Z,219000811,54.838707,11.491815,0.0,Under way using engine
2026-08-27T02:17:34Z,219002177,54.935972,11.371970,0.0,Under way using engine
2026-08-27T02:17:48Z,219000811,54.838708,11.491812,0.0,Under way using engine
2026-08-27T02:18:05Z,219002177,54.935977,11.371967,0.0,Under way using engine
2026-08-27T02:18:19Z,219000811,54.838707,11.491810,0.0,Under way using engine
2026-08-27T02:18:41Z,219000809,54.971918,11.514553,0.0,Moored
2026-08-27T02:18:43Z,219002177,54.935978,11.371968,0.0,Under way using engine
2026-08-27T02:18:59Z,219000811,54.838707,11.491807,0.0,Under way using engine
2026-08-27T02:19:15Z,219002177,54.935965,11.371960,0.0,Under way using engine
2026-08-27T02:19:30Z,219000811,54.838705,11.491807,0.0,Under way using engine
2026-08-27T02:19:45Z,219002177,54.935962,11.371957,0.0,Under way using engine
2026-08-27T02:20:10Z,219000811,54.838705,11.491808,0.0,Under way using engine
2026-08-27T02:20:15Z,219002177,54.935963,11.371968,0.0,Under way using engine
2026-08-27T02:20:45Z,219002177,54.935972,11.371985,0.0,Under way using engine
2026-08-27T02:20:48Z,219000811,54.838705,11.491808,0.0,Under way using engine
2026-08-27T02:21:15Z,219002177,54.935970,11.371978,0.0,Under way using engine
2026-08-27T02:21:19Z,219000811,54.838705,11.491812,0.0,Under way using engine
2026-08-27T02:21:36Z,219000809,54.971918,11.514553,0.0,Moored
2026-08-27T02:21:45Z,219002177,54.935965,11.371983,0.0,Under way using engine
2026-08-27T02:21:59Z,219000811,54.838707,11.491813,0.0,Under way using engine
2026-08-27T02:22:15Z,219002177,54.935972,11.371985,0.0,Under way using engine
2026-08-27T02:22:39Z,219000811,54.838708,11.491815,0.0,Under way using engine
2026-08-27T02:22:45Z,219002177,54.935970,11.371992,0.0,Under way using engine
2026-08-27T02:23:15Z,219002177,54.935968,11.371988,0.0,Under way using engine
2026-08-27T02:23:19Z,219000811,54.838712,11.491817,0.0,Under way using engine
2026-08-27T02:23:45Z,219002177,54.935963,11.371993,0.0,Under way using engine
2026-08-27T02:23:50Z,219000811,54.838713,11.491818,0.0,Under way using engine
2026-08-27T02:24:15Z,219002177,54.935963,11.371978,0.0,Under way using engine
2026-08-27T02:24:23Z,219000811,54.838712,11.491818,0.0,Under way using engine
2026-08-27T02:24:43Z,219000809,54.971922,11.514585,0.0,Moored
2026-08-27T02:24:55Z,219002177,54.935970,11.371978,0.0,Under way using engine
2026-08-27T02:25:00Z,219000811,54.838713,11.491818,0.0,Under way using engine
2026-08-27T02:25:30Z,219000811,54.838713,11.491822,0.0,Under way using engine
2026-08-27T02:25:34Z,219002177,54.935972,11.371993,0.0,Under way using engine
2026-08-27T02:26:00Z,219000811,54.838713,11.491825,0.0,Under way using engine
2026-08-27T02:26:04Z,219002177,54.935973,11.371988,0.0,Under way using engine
2026-08-27T02:26:30Z,219000811,54.838713,11.491823,0.0,Under way using engine
2026-08-27T02:26:34Z,219002177,54.935970,11.371987,0.0,Under way using engine
2026-08-27T02:27:00Z,219000811,54.838713,11.491825,0.0,Under way using engine
2026-08-27T02:27:04Z,219002177,54.935972,11.371982,0.0,Under way using engine
2026-08-27T02:27:34Z,219002177,54.935968,11.371975,0.0,Under way using engine
2026-08-27T02:27:36Z,219000809,54.971922,11.514585,0.0,Moored
2026-08-27T02:27:39Z,219000811,54.838713,11.491825,0.0,Under way using engine
2026-08-27T02:28:04Z,219002177,54.935967,11.371977,0.0,Under way using engine
2026-08-27T02:28:20Z,219000811,54.838713,11.491820,0.0,Under way using engine
2026-08-27T02:28:34Z,219002177,54.935965,11.371980,0.0,Under way using engine
2026-08-27T02:28:50Z,219000811,54.838715,11.491815,0.0,Under way using engine
2026-08-27T02:29:04Z,219002177,54.935973,11.371987,0.0,Under way using engine
2026-08-27T02:29:29Z,219000811,54.838715,11.491810,0.0,Under way using engine
2026-08-27T02:29:34Z,219002177,54.935985,11.372000,0.0,Under way using engine
2026-08-27T02:30:04Z,219002177,54.935980,11.371997,0.0,Under way using engine
2026-08-27T02:30:10Z,219000811,54.838713,11.491808,0.0,Under way using engine
2026-08-27T02:30:34Z,219002177,54.935982,11.372012,0.0,Under way using engine
2026-08-27T02:30:41Z,219000809,54.971942,11.514592,0.0,Moored
2026-08-27T02:30:50Z,219000811,54.838712,11.491807,0.0,Under way using engine
2026-08-27T02:31:04Z,219002177,54.935970,11.371997,0.0,Under way using engine
2026-08-27T02:31:29Z,219000811,54.838710,11.491805,0.0,Under way using engine
2026-08-27T02:31:34Z,219002177,54.935977,11.371992,0.0,Under way using engine
2026-08-27T02:32:04Z,219002177,54.935977,11.371992,0.0,Under way using engine
2026-08-27T02:32:10Z,219000811,54.838708,11.491803,0.0,Under way using engine
2026-08-27T02:32:34Z,219002177,54.935963,11.371992,0.0,Under way using engine
2026-08-27T02:32:50Z,219000811,54.838707,11.491803,0.0,Under way using engine
2026-08-27T02:33:04Z,219002177,54.935952,11.372037,0.0,Under way using engine
2026-08-27T02:33:29Z,219000811,54.838708,11.491808,0.0,Under way using engine
2026-08-27T02:33:34Z,219002177,54.935958,11.372015,0.0,Under way using engine
2026-08-27T02:33:37Z,219000809,54.971942,11.514592,0.0,Moored
2026-08-27T02:33:59Z,219000811,54.838710,11.491810,0.0,Under way using engine
2026-08-27T02:34:05Z,219002177,54.935967,11.372017,0.0,Under way using engine
2026-08-27T02:34:39Z,219000811,54.838708,11.491813,0.0,Under way using engine
2026-08-27T02:34:43Z,219002177,54.935968,11.372003,0.0,Under way using engine
2026-08-27T02:35:10Z,219000811,54.838708,11.491817,0.0,Under way using engine
2026-08-27T02:35:14Z,219002177,54.935972,11.371998,0.0,Under way using engine
2026-08-27T02:35:49Z,219000811,54.838708,11.491818,0.0,Under way using engine
2026-08-27T02:36:05Z,219002177,54.935968,11.371975,0.0,Under way using engine
2026-08-27T02:36:20Z,219000811,54.838707,11.491817,0.0,Under way using engine
2026-08-27T02:36:43Z,219000809,54.971915,11.514563,0.0,Moored
2026-08-27T02:36:43Z,219002177,54.935983,11.372003,0.0,Under way using engine
2026-08-27T02:36:59Z,219000811,54.838708,11.491813,0.0,Under way using engine
2026-08-27T02:37:14Z,219002177,54.935975,11.371993,0.0,Under way using engine
2026-08-27T02:37:39Z,219000811,54.838712,11.491812,0.0,Under way using engine
2026-08-27T02:37:44Z,219002177,54.935973,11.372008,0.0,Under way using engine
2026-08-27T02:38:10Z,219000811,54.838715,11.491810,0.0,Under way using engine
2026-08-27T02:38:14Z,219002177,54.935970,11.371998,0.0,Under way using engine
2026-08-27T02:38:44Z,219002177,54.935955,11.372013,0.0,Under way using engine
2026-08-27T02:38:49Z,219000811,54.838717,11.491810,0.0,Under way using engine
2026-08-27T02:39:15Z,219002177,54.935952,11.372012,0.0,Under way using engine
2026-08-27T02:39:20Z,219000811,54.838717,11.491810,0.0,Under way using engine
2026-08-27T02:39:36Z,219000809,54.971915,11.514563,0.0,Moored
2026-08-27T02:39:54Z,219002177,54.935950,11.372012,0.0,Under way using engine
2026-08-27T02:39:59Z,219000811,54.838715,11.491812,0.0,Under way using engine
2026-08-27T02:40:24Z,219002177,54.935960,11.371995,0.0,Under way using engine
2026-08-27T02:40:39Z,219000811,54.838715,11.491812,0.0,Under way using engine
2026-08-27T02:40:54Z,219002177,54.935963,11.371995,0.0,Under way using engine
2026-08-27T02:41:10Z,219000811,54.838713,11.491813,0.0,Under way using engine
2026-08-27T02:41:24Z,219002177,54.935960,11.371987,0.0,Under way using engine
2026-08-27T02:41:49Z,219000811,54.838713,11.491815,0.0,Under way using engine
2026-08-27T02:41:54Z,219002177,54.935958,11.371998,0.0,Under way using engine
2026-08-27T02:42:19Z,219000811,54.838713,11.491812,0.0,Under way using engine
2026-08-27T02:42:24Z,219002177,54.935948,11.372008,0.0,Under way using engine
2026-08-27T02:42:45Z,219000809,54.971917,11.514580,0.0,Moored
2026-08-27T02:42:49Z,219000811,54.838713,11.491812,0.0,Under way using engine
2026-08-27T02:42:54Z,219002177,54.935953,11.372015,0.0,Under way using engine
2026-08-27T02:43:19Z,219000811,54.838713,11.491812,0.0,Under way using engine
2026-08-27T02:43:24Z,219002177,54.935958,11.372015,0.0,Under way using engine
2026-08-27T02:43:49Z,219000811,54.838715,11.491812,0.0,Under way using engine
2026-08-27T02:43:54Z,219002177,54.935972,11.372007,0.0,Under way using engine
2026-08-27T02:44:19Z,219000811,54.838713,11.491807,0.0,Under way using engine
2026-08-27T02:44:24Z,219002177,54.935968,11.372015,0.0,Under way using engine
2026-08-27T02:44:49Z,219000811,54.838715,11.491810,0.0,Under way using engine
2026-08-27T02:44:54Z,219002177,54.935962,11.372022,0.0,Under way using engine
2026-08-27T02:45:19Z,219000811,54.838717,11.491815,0.0,Under way using engine
2026-08-27T02:45:24Z,219002177,54.935955,11.372020,0.0,Under way using engine
2026-08-27T02:45:36Z,219000809,54.971917,11.514580,0.0,Moored
2026-08-27T02:45:49Z,219000811,54.838717,11.491818,0.0,Under way using engine
2026-08-27T02:45:54Z,219002177,54.935943,11.372008,0.0,Under way using engine
2026-08-27T02:46:19Z,219000811,54.838715,11.491818,0.0,Under way using engine
2026-08-27T02:46:25Z,219002177,54.935948,11.371993,0.0,Under way using engine
2026-08-27T02:46:59Z,219000811,54.838715,11.491813,0.0,Under way using engine
2026-08-27T02:47:05Z,219002177,54.935963,11.371985,0.0,Under way using engine
2026-08-27T02:47:39Z,219000811,54.838713,11.491815,0.0,Under way using engine
2026-08-27T02:47:45Z,219002177,54.935953,11.372038,0.0,Under way using engine
2026-08-27T02:48:10Z,219000811,54.838715,11.491818,0.0,Under way using engine
2026-08-27T02:48:25Z,219002177,54.935972,11.372008,0.0,Under way using engine
2026-08-27T02:48:42Z,219000809,54.971912,11.514583,0.0,Moored
2026-08-27T02:48:48Z,219000811,54.838715,11.491823,0.0,Under way using engine
2026-08-27T02:49:05Z,219002177,54.935958,11.371982,0.0,Under way using engine
2026-08-27T02:49:19Z,219000811,54.838715,11.491820,0.0,Under way using engine
2026-08-27T02:49:45Z,219002177,54.935960,11.371988,0.0,Under way using engine
2026-08-27T02:49:59Z,219000811,54.838718,11.491820,0.0,Under way using engine
2026-08-27T02:50:24Z,219002177,54.935963,11.371982,0.0,Under way using engine
2026-08-27T02:50:39Z,219000811,54.838720,11.491822,0.0,Under way using engine
2026-08-27T02:51:04Z,219002177,54.935977,11.371973,0.0,Under way using engine
2026-08-27T02:51:09Z,219000811,54.838720,11.491825,0.0,Under way using engine
2026-08-27T02:51:34Z,219002177,54.935973,11.371982,0.0,Under way using engine
2026-08-27T02:51:36Z,219000809,54.971912,11.514583,0.0,Moored
2026-08-27T02:51:39Z,219000811,54.838717,11.491825,0.0,Under way using engine
2026-08-27T02:52:04Z,219002177,54.935963,11.371967,0.0,Under way using engine
2026-08-27T02:52:09Z,219000811,54.838717,11.491825,0.0,Under way using engine
2026-08-27T02:52:39Z,219000811,54.838717,11.491828,0.0,Under way using engine
2026-08-27T02:52:44Z,219002177,54.935973,11.371962,0.0,Under way using engine
2026-08-27T02:53:09Z,219000811,54.838713,11.491833,0.0,Under way using engine
2026-08-27T02:53:24Z,219002177,54.935963,11.371990,0.0,Under way using engine
2026-08-27T02:53:39Z,219000811,54.838713,11.491833,0.0,Under way using engine
2026-08-27T02:54:04Z,219002177,54.935942,11.372000,0.0,Under way using engine
2026-08-27T02:54:09Z,219000811,54.838712,11.491833,0.0,Under way using engine
2026-08-27T02:54:39Z,219000811,54.838710,11.491830,0.0,Under way using engine
2026-08-27T02:54:43Z,219000809,54.971918,11.514567,0.0,Moored
2026-08-27T02:54:44Z,219002177,54.935948,11.371990,0.0,Under way using engine
2026-08-27T02:55:09Z,219000811,54.838713,11.491825,0.0,Under way using engine
2026-08-27T02:55:25Z,219002177,54.935963,11.371970,0.0,Under way using engine
2026-08-27T02:55:39Z,219000811,54.838713,11.491823,0.0,Under way using engine
2026-08-27T02:56:04Z,219002177,54.935982,11.371968,0.0,Under way using engine
2026-08-27T02:56:09Z,219000811,54.838712,11.491823,0.0,Under way using engine
2026-08-27T02:56:39Z,219000811,54.838713,11.491822,0.0,Under way using engine
2026-08-27T02:56:44Z,219002177,54.935970,11.371950,0.0,Under way using engine
2026-08-27T02:57:09Z,219000811,54.838713,11.491822,0.0,Under way using engine
2026-08-27T02:57:25Z,219002177,54.935973,11.371923,0.0,Under way using engine
2026-08-27T02:57:36Z,219000809,54.971918,11.514567,0.0,Moored
2026-08-27T02:57:39Z,219000811,54.838713,11.491820,0.0,Under way using engine
2026-08-27T02:58:04Z,219002177,54.935960,11.371958,0.0,Under way using engine
2026-08-27T02:58:09Z,219000811,54.838713,11.491818,0.0,Under way using engine
2026-08-27T02:58:39Z,219000811,54.838715,11.491818,0.0,Under way using engine
2026-08-27T02:58:44Z,219002177,54.935962,11.371970,0.0,Under way using engine
2026-08-27T02:59:09Z,219000811,54.838715,11.491818,0.0,Under way using engine
2026-08-27T02:59:23Z,219002177,54.935942,11.371992,0.0,Under way using engine
2026-08-27T02:59:48Z,219000811,54.838713,11.491820,0.0,Under way using engine
2026-08-27T02:59:54Z,219002177,54.935948,11.372002,0.0,Under way using engine
2026-08-27T03:00:19Z,219000811,54.838713,11.491820,0.0,Under way using engine
2026-08-27T03:00:33Z,219002177,54.935968,11.371993,0.0,Under way using engine
2026-08-27T03:00:41Z,219000809,54.971938,11.514572,0.0,Moored
2026-08-27T03:00:59Z,219000811,54.838713,11.491822,0.0,Under way using engine
2026-08-27T03:01:04Z,219002177,54.935955,11.371988,0.0,Under way using engine
2026-08-27T03:01:30Z,219000811,54.838715,11.491823,0.0,Under way using engine
2026-08-27T03:01:44Z,219002177,54.935948,11.371993,0.0,Under way using engine
2026-08-27T03:02:09Z,219000811,54.838717,11.491825,0.0,Under way using engine
2026-08-27T03:02:14Z,219002177,54.935953,11.371988,0.0,Under way using engine
2026-08-27T03:02:39Z,219000811,54.838718,11.491827,0.0,Under way using engine
2026-08-27T03:02:44Z,219002177,54.935960,11.371980,0.0,Under way using engine
2026-08-27T03:03:09Z,219000811,54.838717,11.491827,0.0,Under way using engine
2026-08-27T03:03:14Z,219002177,54.935948,11.371998,0.0,Under way using engine
2026-08-27T03:03:37Z,219000809,54.971938,11.514572,0.0,Moored
2026-08-27T03:03:44Z,219002177,54.935952,11.372000,0.0,Under way using engine
2026-08-27T03:03:48Z,219000811,54.838718,11.491820,0.0,Under way using engine
2026-08-27T03:04:14Z,219002177,54.935960,11.372000,0.0,Under way using engine
2026-08-27T03:04:19Z,219000811,54.838720,11.491818,0.0,Under way using engine
2026-08-27T03:04:44Z,219002177,54.935967,11.371995,0.0,Under way using engine
2026-08-27T03:04:59Z,219000811,54.838718,11.491818,0.0,Under way using engine
2026-08-27T03:05:14Z,219002177,54.935967,11.371990,0.0,Under way using engine
2026-08-27T03:05:30Z,219000811,54.838715,11.491818,0.0,Under way using engine
2026-08-27T03:05:44Z,219002177,54.935963,11.371987,0.0,Under way using engine
2026-08-27T03:06:09Z,219000811,54.838712,11.491817,0.0,Under way using engine
2026-08-27T03:06:14Z,219002177,54.935963,11.371978,0.0,Under way using engine
2026-08-27T03:06:43Z,219000809,54.971917,11.514585,0.0,Moored
2026-08-27T03:06:44Z,219002177,54.935963,11.371977,0.0,Under way using engine
2026-08-27T03:06:50Z,219000811,54.838710,11.491817,0.0,Under way using engine
2026-08-27T03:07:14Z,219002177,54.935968,11.371957,0.0,Under way using engine
2026-08-27T03:07:29Z,219000811,54.838707,11.491818,0.0,Under way using engine
2026-08-27T03:07:44Z,219002177,54.935965,11.371948,0.0,Under way using engine
2026-08-27T03:07:59Z,219000811,54.838705,11.491818,0.0,Under way using engine
2026-08-27T03:08:14Z,219002177,54.935970,11.371952,0.0,Under way using engine
2026-08-27T03:08:29Z,219000811,54.838705,11.491820,0.0,Under way using engine
2026-08-27T03:08:44Z,219002177,54.935970,11.371953,0.0,Under way using engine
2026-08-27T03:08:59Z,219000811,54.838705,11.491820,0.0,Under way using engine
2026-08-27T03:09:14Z,219002177,54.935967,11.371963,0.0,Under way using engine
2026-08-27T03:09:29Z,219000811,54.838710,11.491817,0.0,Under way using engine
2026-08-27T03:09:36Z,219000809,54.971917,11.514585,0.0,Moored
2026-08-27T03:09:45Z,219002177,54.935978,11.371963,0.0,Under way using engine
2026-08-27T03:10:09Z,219000811,54.838713,11.491820,0.0,Under way using engine
2026-08-27T03:10:24Z,219002177,54.935965,11.371978,0.0,Under way using engine
2026-08-27T03:10:50Z,219000811,54.838713,11.491820,0.0,Under way using engine
2026-08-27T03:10:55Z,219002177,54.935963,11.371990,0.0,Under way using engine
2026-08-27T03:11:20Z,219000811,54.838712,11.491820,0.0,Under way using engine
2026-08-27T03:11:35Z,219002177,54.935967,11.371977,0.0,Under way using engine
2026-08-27T03:11:50Z,219000811,54.838712,11.491820,0.0,Under way using engine
2026-08-27T03:12:05Z,219002177,54.935965,11.371970,0.0,Under way using engine
2026-08-27T03:12:20Z,219000811,54.838710,11.491820,0.0,Under way using engine
2026-08-27T03:12:35Z,219002177,54.935977,11.371945,0.0,Under way using engine
2026-08-27T03:12:42Z,219000809,54.971920,11.514560,0.0,Moored
2026-08-27T03:12:50Z,219000811,54.838715,11.491818,0.0,Under way using engine
2026-08-27T03:13:05Z,219002177,54.935953,11.371968,0.0,Under way using engine
2026-08-27T03:13:20Z,219000811,54.838713,11.491817,0.0,Under way using engine
2026-08-27T03:13:35Z,219002177,54.935988,11.371960,0.0,Under way using engine
2026-08-27T03:14:00Z,219000811,54.838715,11.491817,0.0,Under way using engine
2026-08-27T03:14:14Z,219002177,54.935993,11.371983,0.0,Under way using engine
2026-08-27T03:14:40Z,219000811,54.838717,11.491820,0.0,Under way using engine
2026-08-27T03:14:55Z,219002177,54.935982,11.372007,0.0,Under way using engine
2026-08-27T03:15:10Z,219000811,54.838713,11.491820,0.0,Under way using engine
2026-08-27T03:15:26Z,219002177,54.935995,11.371952,0.0,Under way using engine
2026-08-27T03:15:37Z,219000809,54.971920,11.514560,0.0,Moored
2026-08-27T03:15:40Z,219000811,54.838710,11.491822,0.0,Under way using engine
2026-08-27T03:16:03Z,219002177,54.935972,11.371988,0.0,Under way using engine
2026-08-27T03:16:10Z,219000811,54.838708,11.491822,0.0,Under way using engine
2026-08-27T03:16:34Z,219002177,54.935973,11.371988,0.0,Under way using engine
2026-08-27T03:16:40Z,219000811,54.838710,11.491822,0.0,Under way using engine
2026-08-27T03:17:10Z,219000811,54.838710,11.491822,0.0,Under way using engine
2026-08-27T03:17:15Z,219002177,54.935968,11.371997,0.0,Under way using engine
2026-08-27T03:17:40Z,219000811,54.838712,11.491823,0.0,Under way using engine
2026-08-27T03:17:55Z,219002177,54.935970,11.371980,0.0,Under way using engine
2026-08-27T03:18:10Z,219000811,54.838712,11.491823,0.0,Under way using engine
2026-08-27T03:18:34Z,219002177,54.935967,11.371975,0.0,Under way using engine
2026-08-27T03:18:40Z,219000811,54.838710,11.491823,0.0,Under way using engine
2026-08-27T03:18:41Z,219000809,54.971918,11.514558,0.0,Moored
2026-08-27T03:19:04Z,219002177,54.935978,11.371953,0.0,Under way using engine
2026-08-27T03:19:10Z,219000811,54.838713,11.491820,0.0,Under way using engine
2026-08-27T03:19:34Z,219002177,54.935953,11.371973,0.0,Under way using engine
2026-08-27T03:19:40Z,219000811,54.838715,11.491817,0.0,Under way using engine
2026-08-27T03:20:04Z,219002177,54.935968,11.371997,0.0,Under way using engine
2026-08-27T03:20:10Z,219000811,54.838715,11.491818,0.0,Under way using engine
2026-08-27T03:20:34Z,219002177,54.935962,11.371970,0.0,Under way using engine
2026-08-27T03:20:40Z,219000811,54.838717,11.491817,0.0,Under way using engine
2026-08-27T03:21:04Z,219002177,54.935982,11.371973,0.0,Under way using engine
2026-08-27T03:21:10Z,219000811,54.838717,11.491815,0.0,Under way using engine
2026-08-27T03:21:34Z,219002177,54.935973,11.371975,0.0,Under way using engine
2026-08-27T03:21:37Z,219000809,54.971918,11.514558,0.0,Moored
2026-08-27T03:21:40Z,219000811,54.838718,11.491817,0.0,Under way using engine
2026-08-27T03:22:04Z,219002177,54.935965,11.371987,0.0,Under way using engine
2026-08-27T03:22:10Z,219000811,54.838715,11.491817,0.0,Under way using engine
2026-08-27T03:22:34Z,219002177,54.935963,11.371975,0.0,Under way using engine
2026-08-27T03:22:40Z,219000811,54.838713,11.491818,0.0,Under way using engine
2026-08-27T03:23:04Z,219002177,54.935972,11.371983,0.0,Under way using engine
2026-08-27T03:23:19Z,219000811,54.838710,11.491820,0.0,Under way using engine
2026-08-27T03:23:34Z,219002177,54.935958,11.371993,0.0,Under way using engine
2026-08-27T03:23:50Z,219000811,54.838708,11.491820,0.0,Under way using engine
2026-08-27T03:24:04Z,219002177,54.935983,11.371973,0.1,Under way using engine
2026-08-27T03:24:34Z,219002177,54.935953,11.371992,0.0,Under way using engine
2026-08-27T03:24:40Z,219000811,54.838712,11.491817,0.0,Under way using engine
2026-08-27T03:24:44Z,219000809,54.971885,11.514555,0.0,Moored
2026-08-27T03:25:04Z,219002177,54.935947,11.371982,0.0,Under way using engine
2026-08-27T03:25:19Z,219000811,54.838715,11.491815,0.0,Under way using engine
2026-08-27T03:25:34Z,219002177,54.935950,11.371980,0.0,Under way using engine
2026-08-27T03:25:50Z,219000811,54.838717,11.491813,0.0,Under way using engine
2026-08-27T03:26:04Z,219002177,54.935960,11.371992,0.0,Under way using engine
2026-08-27T03:26:30Z,219000811,54.838715,11.491808,0.0,Under way using engine
2026-08-27T03:26:34Z,219002177,54.935952,11.371997,0.0,Under way using engine
2026-08-27T03:27:04Z,219002177,54.935955,11.371980,0.1,Under way using engine
2026-08-27T03:27:09Z,219000811,54.838713,11.491808,0.0,Under way using engine
2026-08-27T03:27:34Z,219002177,54.935953,11.371983,0.0,Under way using engine
2026-08-27T03:27:37Z,219000809,54.971885,11.514555,0.0,Moored
2026-08-27T03:27:39Z,219000811,54.838710,11.491812,0.0,Under way using engine
2026-08-27T03:28:04Z,219002177,54.935932,11.371985,0.1,Under way using engine
2026-08-27T03:28:09Z,219000811,54.838708,11.491815,0.0,Under way using engine
2026-08-27T03:28:34Z,219002177,54.935927,11.371963,0.1,Under way using engine
2026-08-27T03:28:39Z,219000811,54.838710,11.491812,0.0,Under way using engine
2026-08-27T03:29:04Z,219002177,54.935953,11.371958,0.0,Under way using engine
2026-08-27T03:29:09Z,219000811,54.838712,11.491813,0.0,Under way using engine
2026-08-27T03:29:34Z,219002177,54.935953,11.371967,0.0,Under way using engine
2026-08-27T03:29:39Z,219000811,54.838713,11.491815,0.0,Under way using engine
2026-08-27T03:30:04Z,219002177,54.935960,11.371975,0.0,Under way using engine
2026-08-27T03:30:09Z,219000811,54.838712,11.491817,0.0,Under way using engine
2026-08-27T03:30:34Z,219002177,54.935888,11.371918,1.1,Under way using engine
2026-08-27T03:30:39Z,219000811,54.838710,11.491817,0.0,Under way using engine
2026-08-27T03:30:43Z,219000809,54.971915,11.514540,0.0,Moored
2026-08-27T03:31:10Z,219000811,54.838710,11.491815,0.0,Under way using engine
2026-08-27T03:31:14Z,219002177,54.935373,11.371585,4.1,Under way using engine
2026-08-27T03:31:40Z,219000811,54.838710,11.491813,0.0,Under way using engine
2026-08-27T03:31:45Z,219002177,54.934680,11.371235,5.3,Under way using engine
2026-08-27T03:32:10Z,219000811,54.838708,11.491813,0.0,Under way using engine
2026-08-27T03:32:23Z,219002177,54.933678,11.371167,6.1,Under way using engine
2026-08-27T03:32:40Z,219000811,54.838710,11.491812,0.0,Under way using engine
2026-08-27T03:32:54Z,219002177,54.932770,11.371072,6.5,Under way using engine
2026-08-27T03:33:10Z,219000811,54.838712,11.491808,0.0,Under way using engine
2026-08-27T03:33:27Z,219002177,54.931887,11.371013,6.7,Under way using engine
2026-08-27T03:33:36Z,219000809,54.971915,11.514540,0.0,Moored
2026-08-27T03:33:40Z,219000811,54.838710,11.491808,0.0,Under way using engine
2026-08-27T03:34:03Z,219002177,54.930697,11.371065,6.7,Under way using engine
2026-08-27T03:34:10Z,219000811,54.838710,11.491808,0.0,Under way using engine
2026-08-27T03:34:34Z,219002177,54.929780,11.371085,6.7,Under way using engine
2026-08-27T03:34:40Z,219000811,54.838710,11.491810,0.0,Under way using engine
2026-08-27T03:35:15Z,219002177,54.928467,11.371142,6.7,Under way using engine
2026-08-27T03:35:20Z,219000811,54.838712,11.491812,0.0,Under way using engine
2026-08-27T03:35:45Z,219002177,54.927558,11.371108,6.6,Under way using engine
2026-08-27T03:35:59Z,219000811,54.838712,11.491808,0.0,Under way using engine
2026-08-27T03:36:15Z,219002177,54.926658,11.371095,6.4,Under way using engine
2026-08-27T03:36:40Z,219000811,54.838712,11.491808,0.0,Under way using engine
2026-08-27T03:36:45Z,219000809,54.971912,11.514555,0.0,Moored
2026-08-27T03:36:45Z,219002177,54.925740,11.371098,6.5,Under way using engine
2026-08-27T03:37:15Z,219002177,54.924827,11.371070,6.4,Under way using engine
2026-08-27T03:37:20Z,219000811,54.838712,11.491810,0.0,Under way using engine
2026-08-27T03:37:45Z,219002177,54.923957,11.371042,6.3,Under way using engine
2026-08-27T03:37:59Z,219000811,54.838710,11.491810,0.1,Under way using engine
2026-08-27T03:38:15Z,219002177,54.923085,11.371037,6.3,Under way using engine
2026-08-27T03:38:29Z,219000811,54.838708,11.491812,0.0,Under way using engine
2026-08-27T03:38:54Z,219002177,54.921962,11.371070,6.2,Under way using engine
2026-08-27T03:38:59Z,219000811,54.838707,11.491813,0.0,Under way using engine
2026-08-27T03:39:24Z,219002177,54.921122,11.371120,6.0,Under way using engine
2026-08-27T03:39:29Z,219000811,54.838707,11.491815,0.1,Under way using engine
2026-08-27T03:39:37Z,219000809,54.971912,11.514555,0.0,Moored
2026-08-27T03:39:54Z,219002177,54.920287,11.371183,6.1,Under way using engine
2026-08-27T03:39:59Z,219000811,54.838705,11.491818,0.0,Under way using engine
2026-08-27T03:40:24Z,219002177,54.919433,11.371167,6.1,Under way using engine
2026-08-27T03:40:29Z,219000811,54.838705,11.491822,0.0,Under way using engine
2026-08-27T03:40:54Z,219002177,54.918598,11.371118,6.2,Under way using engine
2026-08-27T03:40:59Z,219000811,54.838703,11.491822,0.0,Under way using engine
2026-08-27T03:41:25Z,219002177,54.917753,11.371085,6.2,Under way using engine
2026-08-27T03:41:29Z,219000811,54.838707,11.491820,0.1,Under way using engine
2026-08-27T03:41:59Z,219000811,54.838707,11.491818,0.1,Under way using engine
2026-08-27T03:42:03Z,219002177,54.916892,11.370283,5.4,Under way using engine
2026-08-27T03:42:29Z,219000811,54.838708,11.491820,0.0,Under way using engine
2026-08-27T03:42:34Z,219002177,54.916795,11.368843,6.1,Under way using engine
2026-08-27T03:42:45Z,219000809,54.971907,11.514558,0.0,Moored
2026-08-27T03:42:59Z,219000811,54.838703,11.491823,0.0,Under way using engine
2026-08-27T03:43:04Z,219002177,54.916702,11.367332,6.7,Under way using engine
2026-08-27T03:43:29Z,219000811,54.838702,11.491822,0.0,Under way using engine
2026-08-27T03:43:34Z,219002177,54.916568,11.365625,6.9,Under way using engine
2026-08-27T03:43:59Z,219000811,54.838702,11.491822,0.0,Under way using engine
2026-08-27T03:44:15Z,219002177,54.916370,11.363370,6.7,Under way using engine
2026-08-27T03:44:29Z,219000811,54.838698,11.491822,0.0,Under way using engine
2026-08-27T03:44:54Z,219002177,54.916363,11.361610,4.8,Under way using engine
2026-08-27T03:44:59Z,219000811,54.838700,11.491820,0.0,Under way using engine
2026-08-27T03:45:25Z,219002177,54.916357,11.360922,1.7,Under way using engine
2026-08-27T03:45:29Z,219000811,54.838698,11.491823,0.0,Under way using engine
2026-08-27T03:45:36Z,219000809,54.971907,11.514558,0.0,Moored
2026-08-27T03:45:59Z,219000811,54.838700,11.491823,0.0,Under way using engine
2026-08-27T03:46:03Z,219002177,54.916340,11.360588,1.0,Under way using engine
2026-08-27T03:46:29Z,219000811,54.838697,11.491825,0.1,Under way using engine
2026-08-27T03:46:34Z,219002177,54.916347,11.360535,0.0,Under way using engine
2026-08-27T03:46:59Z,219000811,54.838702,11.491823,0.0,Under way using engine
2026-08-27T03:47:15Z,219002177,54.916338,11.360520,0.0,Under way using engine
2026-08-27T03:47:29Z,219000811,54.838702,11.491822,0.0,Under way using engine
2026-08-27T03:47:54Z,219002177,54.916335,11.360525,0.0,Under way using engine
2026-08-27T03:47:59Z,219000811,54.838703,11.491823,0.0,Under way using engine
2026-08-27T03:48:25Z,219002177,54.916337,11.360523,0.0,Under way using engine
2026-08-27T03:48:29Z,219000811,54.838702,11.491823,0.0,Under way using engine
2026-08-27T03:48:45Z,219000809,54.971918,11.514560,0.0,Moored
2026-08-27T03:48:59Z,219000811,54.838700,11.491832,0.0,Under way using engine
2026-08-27T03:49:03Z,219002177,54.916342,11.360528,0.0,Under way using engine
2026-08-27T03:49:29Z,219000811,54.838705,11.491832,0.0,Under way using engine
2026-08-27T03:49:34Z,219002177,54.916337,11.360512,0.0,Under way using engine
2026-08-27T03:49:59Z,219000811,54.838700,11.491835,0.0,Under way using engine
2026-08-27T03:50:25Z,219002177,54.916335,11.360515,0.0,Under way using engine
2026-08-27T03:50:29Z,219000811,54.838702,11.491833,0.0,Under way using engine
2026-08-27T03:50:59Z,219000811,54.838708,11.491827,0.0,Under way using engine
2026-08-27T03:51:03Z,219000809,54.971920,11.514573,0.0,Under way using engine
2026-08-27T03:51:03Z,219002177,54.916332,11.360537,0.0,Under way using engine
2026-08-27T03:51:29Z,219000811,54.838710,11.491822,0.0,Under way using engine
2026-08-27T03:51:33Z,219000809,54.971920,11.514563,0.0,Under way using engine
2026-08-27T03:51:34Z,219002177,54.916335,11.360525,0.0,Under way using engine
2026-08-27T03:51:59Z,219000811,54.838712,11.491825,0.0,Under way using engine
2026-08-27T03:52:03Z,219000809,54.971913,11.514547,0.0,Under way using engine
2026-08-27T03:52:15Z,219002177,54.916333,11.360510,0.0,Under way using engine
2026-08-27T03:52:29Z,219000811,54.838718,11.491827,0.0,Under way using engine
2026-08-27T03:52:33Z,219000809,54.971903,11.514558,0.0,Under way using engine
2026-08-27T03:52:53Z,219002177,54.916328,11.360517,0.0,Under way using engine
2026-08-27T03:52:59Z,219000811,54.838717,11.491828,0.0,Under way using engine
2026-08-27T03:53:03Z,219000809,54.971907,11.514562,0.0,Under way using engine
2026-08-27T03:53:25Z,219002177,54.916332,11.360537,0.0,Under way using engine
2026-08-27T03:53:29Z,219000811,54.838717,11.491827,0.0,Under way using engine
2026-08-27T03:53:33Z,219000809,54.971912,11.514567,0.0,Under way using engine
2026-08-27T03:53:59Z,219000811,54.838713,11.491823,0.0,Under way using engine
2026-08-27T03:54:03Z,219000809,54.971905,11.514572,0.0,Under way using engine
2026-08-27T03:54:04Z,219002177,54.916328,11.360538,0.0,Under way using engine
2026-08-27T03:54:29Z,219000811,54.838703,11.491825,0.0,Under way using engine
2026-08-27T03:54:33Z,219000809,54.971908,11.514575,0.0,Under way using engine
2026-08-27T03:54:34Z,219002177,54.916333,11.360535,0.0,Under way using engine
2026-08-27T03:54:59Z,219000811,54.838698,11.491827,0.0,Under way using engine
2026-08-27T03:55:03Z,219000809,54.971920,11.514565,0.0,Under way using engine
2026-08-27T03:55:04Z,219002177,54.916338,11.360540,0.0,Under way using engine
2026-08-27T03:55:29Z,219000811,54.838695,11.491832,0.0,Under way using engine
2026-08-27T03:55:33Z,219000809,54.971920,11.514567,0.0,Under way using engine
2026-08-27T03:55:34Z,219002177,54.916330,11.360550,0.0,Under way using engine
2026-08-27T03:55:59Z,219000811,54.838698,11.491832,0.0,Under way using engine
2026-08-27T03:56:03Z,219000809,54.971913,11.514562,0.0,Under way using engine
2026-08-27T03:56:04Z,219002177,54.916340,11.360520,0.0,Under way using engine
2026-08-27T03:56:30Z,219000811,54.838700,11.491828,0.0,Under way using engine
2026-08-27T03:56:33Z,219000809,54.971908,11.514567,0.0,Under way using engine
2026-08-27T03:56:34Z,219002177,54.916325,11.360528,0.0,Under way using engine
2026-08-27T03:57:03Z,219000809,54.971918,11.514572,0.0,Under way using engine
2026-08-27T03:57:04Z,219002177,54.916327,11.360517,0.0,Under way using engine
2026-08-27T03:57:08Z,219000811,54.838700,11.491827,0.0,Under way using engine
2026-08-27T03:57:33Z,219000809,54.971922,11.514583,0.0,Under way using engine
2026-08-27T03:57:34Z,219002177,54.916328,11.360522,0.1,Under way using engine
2026-08-27T03:57:40Z,219000811,54.838702,11.491825,0.0,Under way using engine
2026-08-27T03:58:03Z,219000809,54.971917,11.514575,0.0,Under way using engine
2026-08-27T03:58:04Z,219002177,54.916332,11.360537,0.0,Under way using engine
2026-08-27T03:58:10Z,219000811,54.838700,11.491823,0.0,Under way using engine
2026-08-27T03:58:34Z,219002177,54.916338,11.360558,0.0,Under way using engine
2026-08-27T03:58:35Z,219000809,54.971912,11.514575,0.0,Under way using engine
2026-08-27T03:58:40Z,219000811,54.838698,11.491825,0.0,Under way using engine
2026-08-27T03:59:04Z,219002177,54.916340,11.360602,0.1,Under way using engine
2026-08-27T03:59:10Z,219000811,54.838697,11.491825,0.0,Under way using engine
2026-08-27T03:59:13Z,219000809,54.971913,11.514570,0.0,Under way using engine
2026-08-27T03:59:34Z,219002177,54.916328,11.360533,0.0,Under way using engine
2026-08-27T03:59:40Z,219000811,54.838697,11.491823,0.0,Under way using engine
2026-08-27T03:59:43Z,219000809,54.971907,11.514568,0.0,Under way using engine
2026-08-27T04:00:04Z,219002177,54.916325,11.360582,0.1,Under way using engine
2026-08-27T04:00:10Z,219000811,54.838697,11.491823,0.0,Under way using engine
2026-08-27T04:00:13Z,219000809,54.971903,11.514362,1.7,Under way using engine
2026-08-27T04:00:34Z,219002177,54.916340,11.360562,0.0,Under way using engine
2026-08-27T04:00:40Z,219000811,54.838702,11.491827,0.0,Under way using engine
2026-08-27T04:00:43Z,219000809,54.971903,11.513645,2.7,Under way using engine
2026-08-27T04:01:04Z,219002177,54.916333,11.360543,0.0,Under way using engine
2026-08-27T04:01:10Z,219000811,54.838698,11.491833,0.0,Under way using engine
2026-08-27T04:01:13Z,219000809,54.971827,11.513197,1.8,Under way using engine
2026-08-27T04:01:34Z,219002177,54.916330,11.360530,0.0,Under way using engine
2026-08-27T04:01:40Z,219000811,54.838697,11.491835,0.0,Under way using engine
2026-08-27T04:01:43Z,219000809,54.971748,11.512947,0.9,Under way using engine
2026-08-27T04:02:04Z,219002177,54.916333,11.360517,0.0,Under way using engine
2026-08-27T04:02:10Z,219000811,54.838697,11.491837,0.0,Under way using engine
2026-08-27T04:02:13Z,219000809,54.971870,11.512422,3.2,Under way using engine
2026-08-27T04:02:34Z,219002177,54.916348,11.360532,0.0,Under way using engine
2026-08-27T04:02:40Z,219000811,54.838697,11.491835,0.0,Under way using engine
2026-08-27T04:02:43Z,219000809,54.971962,11.511285,5.6,Under way using engine
2026-08-27T04:03:04Z,219002177,54.916342,11.360532,0.0,Under way using engine
2026-08-27T04:03:10Z,219000811,54.838697,11.491832,0.0,Under way using engine
2026-08-27T04:03:13Z,219000809,54.972082,11.509640,7.3,Under way using engine
2026-08-27T04:03:40Z,219000811,54.838698,11.491828,0.0,Under way using engine
2026-08-27T04:03:43Z,219000809,54.972228,11.507802,7.8,Under way using engine
2026-08-27T04:03:45Z,219002177,54.916342,11.360535,0.0,Under way using engine
2026-08-27T04:04:10Z,219000811,54.838698,11.491827,0.0,Under way using engine
2026-08-27T04:04:13Z,219000809,54.972252,11.505932,7.7,Under way using engine
2026-08-27T04:04:15Z,219002177,54.916350,11.360538,0.0,Under way using engine
2026-08-27T04:04:43Z,219000809,54.971803,11.504122,8.6,Under way using engine
2026-08-27T04:04:45Z,219002177,54.916347,11.360537,0.0,Under way using engine
2026-08-27T04:04:50Z,219000811,54.838698,11.491825,0.0,Under way using engine
2026-08-27T04:05:13Z,219000809,54.970947,11.502537,9.1,Under way using engine
2026-08-27T04:05:15Z,219002177,54.916355,11.360542,0.0,Under way using engine
2026-08-27T04:05:20Z,219000811,54.838700,11.491830,0.0,Under way using engine
2026-08-27T04:05:43Z,219000809,54.969955,11.501133,9.2,Under way using engine
2026-08-27T04:05:45Z,219002177,54.916358,11.360608,1.0,Under way using engine
2026-08-27T04:05:50Z,219000811,54.838700,11.491828,0.0,Under way using engine
2026-08-27T04:06:13Z,219000809,54.968963,11.499718,9.3,Under way using engine
2026-08-27T04:06:20Z,219000811,54.838698,11.491828,0.0,Under way using engine
2026-08-27T04:06:24Z,219002177,54.916350,11.361542,3.8,Under way using engine
2026-08-27T04:06:43Z,219000809,54.967953,11.498260,9.3,Under way using engine
2026-08-27T04:06:50Z,219000811,54.838697,11.491827,0.0,Under way using engine
2026-08-27T04:07:04Z,219002177,54.916347,11.362980,4.9,Under way using engine
2026-08-27T04:07:13Z,219000809,54.966955,11.496885,9.3,Under way using engine
2026-08-27T04:07:20Z,219000811,54.838695,11.491823,0.0,Under way using engine
2026-08-27T04:07:43Z,219000809,54.965953,11.495440,9.4,Under way using engine
2026-08-27T04:07:45Z,219002177,54.916522,11.364703,5.5,Under way using engine
2026-08-27T04:07:50Z,219000811,54.838698,11.491823,0.0,Under way using engine
2026-08-27T04:08:13Z,219000809,54.964983,11.494040,9.1,Under way using engine
2026-08-27T04:08:15Z,219002177,54.916632,11.366018,5.6,Under way using engine
2026-08-27T04:08:29Z,219000811,54.838700,11.491825,0.0,Under way using engine
2026-08-27T04:08:43Z,219000809,54.963985,11.492645,9.2,Under way using engine
2026-08-27T04:08:45Z,219002177,54.916783,11.367343,5.6,Under way using engine
2026-08-27T04:08:59Z,219000811,54.838702,11.491825,0.0,Under way using engine
2026-08-27T04:09:13Z,219000809,54.963023,11.491192,9.2,Under way using engine
2026-08-27T04:09:24Z,219002177,54.916942,11.369133,5.7,Under way using engine
2026-08-27T04:09:29Z,219000811,54.838703,11.491827,0.0,Under way using engine
2026-08-27T04:09:43Z,219000809,54.962045,11.489763,9.2,Under way using engine
2026-08-27T04:09:59Z,219000811,54.838707,11.491827,0.0,Under way using engine
2026-08-27T04:10:04Z,219002177,54.917180,11.370873,5.4,Under way using engine
2026-08-27T04:10:13Z,219000809,54.960987,11.488677,8.9,Under way using engine
2026-08-27T04:10:29Z,219000811,54.838707,11.491827,0.0,Under way using engine
2026-08-27T04:10:34Z,219002177,54.917765,11.371440,5.2,Under way using engine
2026-08-27T04:10:43Z,219000809,54.959815,11.487992,8.9,Under way using engine
2026-08-27T04:10:59Z,219000811,54.838707,11.491827,0.0,Under way using engine
2026-08-27T04:11:04Z,219002177,54.918613,11.371390,6.2,Under way using engine
2026-08-27T04:11:13Z,219000809,54.958635,11.487508,8.9,Under way using engine
2026-08-27T04:11:29Z,219000811,54.838702,11.491827,0.0,Under way using engine
2026-08-27T04:11:34Z,219002177,54.919517,11.371363,6.8,Under way using engine
2026-08-27T04:11:43Z,219000809,54.957425,11.487032,8.7,Under way using engine
2026-08-27T04:11:59Z,219000811,54.838700,11.491828,0.0,Under way using engine
2026-08-27T04:12:04Z,219002177,54.920520,11.371337,7.3,Under way using engine
2026-08-27T04:12:14Z,219000809,54.956235,11.486545,8.6,Under way using engine
2026-08-27T04:12:29Z,219000811,54.838698,11.491828,0.0,Under way using engine
2026-08-27T04:12:34Z,219002177,54.921555,11.371263,7.7,Under way using engine
2026-08-27T04:12:53Z,219000809,54.954662,11.485898,8.9,Under way using engine
2026-08-27T04:12:59Z,219000811,54.838697,11.491827,0.0,Under way using engine
2026-08-27T04:13:04Z,219002177,54.922692,11.371142,8.0,Under way using engine
2026-08-27T04:13:24Z,219000809,54.953443,11.485405,8.8,Under way using engine
2026-08-27T04:13:29Z,219000811,54.838697,11.491827,0.0,Under way using engine
2026-08-27T04:13:34Z,219002177,54.923765,11.371000,8.2,Under way using engine
2026-08-27T04:14:00Z,219000811,54.838697,11.491827,0.0,Under way using engine
2026-08-27T04:14:04Z,219000809,54.951895,11.484710,8.8,Under way using engine
2026-08-27T04:14:04Z,219002177,54.924962,11.370848,8.2,Under way using engine
2026-08-27T04:14:34Z,219002177,54.926078,11.370675,8.3,Under way using engine
2026-08-27T04:14:35Z,219000809,54.950655,11.484205,8.9,Under way using engine
2026-08-27T04:14:39Z,219000811,54.838695,11.491825,0.0,Under way using engine
2026-08-27T04:15:04Z,219002177,54.927247,11.370518,8.2,Under way using engine
2026-08-27T04:15:10Z,219000811,54.838693,11.491823,0.0,Under way using engine
2026-08-27T04:15:14Z,219000809,54.949125,11.483592,8.7,Under way using engine
2026-08-27T04:15:35Z,219002177,54.928425,11.370497,8.2,Under way using engine
2026-08-27T04:15:49Z,219000811,54.838692,11.491822,0.0,Under way using engine
2026-08-27T04:15:53Z,219000809,54.947573,11.482957,8.8,Under way using engine
2026-08-27T04:16:13Z,219002177,54.929853,11.370493,8.1,Under way using engine
2026-08-27T04:16:19Z,219000811,54.838692,11.491818,0.0,Under way using engine
2026-08-27T04:16:24Z,219000809,54.946345,11.482547,8.7,Under way using engine
2026-08-27T04:16:44Z,219002177,54.931000,11.370510,8.0,Under way using engine
2026-08-27T04:16:49Z,219000811,54.838695,11.491817,0.0,Under way using engine
2026-08-27T04:17:04Z,219000809,54.944743,11.481948,8.8,Under way using engine
2026-08-27T04:17:19Z,219000811,54.838697,11.491815,0.0,Under way using engine
2026-08-27T04:17:24Z,219002177,54.932518,11.370527,8.0,Under way using engine
2026-08-27T04:17:35Z,219000809,54.943550,11.481438,8.8,Under way using engine
2026-08-27T04:17:49Z,219000811,54.838702,11.491817,0.0,Under way using engine
2026-08-27T04:17:54Z,219002177,54.933618,11.370568,7.8,Under way using engine
2026-08-27T04:18:07Z,219000809,54.942445,11.480243,8.8,Under way using engine
2026-08-27T04:18:19Z,219000811,54.838705,11.491817,0.0,Under way using engine
2026-08-27T04:18:25Z,219002177,54.934547,11.370920,6.4,Under way using engine
2026-08-27T04:18:37Z,219000809,54.941592,11.478737,8.9,Under way using engine
2026-08-27T04:18:49Z,219000811,54.838707,11.491817,0.0,Under way using engine
2026-08-27T04:19:05Z,219002177,54.935453,11.371497,4.1,Under way using engine
2026-08-27T04:19:14Z,219000809,54.940542,11.476792,9.0,Under way using engine
2026-08-27T04:19:19Z,219000811,54.838708,11.491818,0.0,Under way using engine
2026-08-27T04:19:35Z,219002177,54.935763,11.371810,2.0,Under way using engine
2026-08-27T04:19:44Z,219000809,54.939653,11.475163,8.9,Under way using engine
2026-08-27T04:19:49Z,219000811,54.838708,11.491820,0.0,Under way using engine
2026-08-27T04:20:05Z,219002177,54.935930,11.371935,1.0,Under way using engine
2026-08-27T04:20:14Z,219000809,54.939125,11.473347,9.0,Under way using engine
2026-08-27T04:20:19Z,219000811,54.838710,11.491822,0.0,Under way using engine
2026-08-27T04:20:35Z,219002177,54.936033,11.372002,0.0,Under way using engine
2026-08-27T04:20:44Z,219000809,54.938563,11.471292,9.1,Under way using engine
2026-08-27T04:20:50Z,219000811,54.838710,11.491823,0.0,Under way using engine
2026-08-27T04:21:05Z,219002177,54.936037,11.372012,0.0,Under way using engine
2026-08-27T04:21:14Z,219000809,54.938062,11.469425,9.2,Under way using engine
2026-08-27T04:21:30Z,219000811,54.838708,11.491825,0.0,Under way using engine
2026-08-27T04:21:44Z,219000809,54.937428,11.467357,9.2,Under way using engine
2026-08-27T04:21:44Z,219002177,54.936000,11.372000,0.0,Under way using engine
2026-08-27T04:22:09Z,219000811,54.838707,11.491823,0.0,Under way using engine
2026-08-27T04:22:24Z,219000809,54.936672,11.464772,9.3,Under way using engine
2026-08-27T04:22:25Z,219002177,54.935985,11.371980,0.0,Under way using engine
2026-08-27T04:22:39Z,219000811,54.838705,11.491825,0.0,Under way using engine
2026-08-27T04:22:54Z,219000809,54.936105,11.462762,9.3,Under way using engine
2026-08-27T04:23:05Z,219002177,54.935972,11.371970,0.0,Under way using engine
2026-08-27T04:23:09Z,219000811,54.838705,11.491825,0.0,Under way using engine
2026-08-27T04:23:24Z,219000809,54.935518,11.460778,9.3,Under way using engine
2026-08-27T04:23:39Z,219000811,54.838705,11.491825,0.0,Under way using engine
2026-08-27T04:23:44Z,219002177,54.935983,11.371957,0.0,Under way using engine
2026-08-27T04:23:54Z,219000809,54.934943,11.458757,9.3,Under way using engine
2026-08-27T04:24:09Z,219000811,54.838703,11.491823,0.0,Under way using engine
2026-08-27T04:24:24Z,219000809,54.934358,11.456752,9.3,Under way using engine
2026-08-27T04:24:25Z,219002177,54.935975,11.371968,0.0,Under way using engine
2026-08-27T04:24:39Z,219000811,54.838700,11.491822,0.0,Under way using engine
2026-08-27T04:24:54Z,219000809,54.933785,11.454708,9.4,Under way using engine
2026-08-27T04:25:04Z,219002177,54.935978,11.371965,0.0,Under way using engine
2026-08-27T04:25:09Z,219000811,54.838698,11.491822,0.0,Under way using engine
2026-08-27T04:25:24Z,219000809,54.933218,11.452682,9.4,Under way using engine
2026-08-27T04:25:34Z,219002177,54.935980,11.371978,0.0,Under way using engine
2026-08-27T04:25:39Z,219000811,54.838697,11.491825,0.0,Under way using engine
2026-08-27T04:25:54Z,219000809,54.932583,11.450740,9.2,Under way using engine
2026-08-27T04:26:04Z,219002177,54.935973,11.371983,0.0,Under way using engine
2026-08-27T04:26:09Z,219000811,54.838697,11.491825,0.0,Under way using engine
2026-08-27T04:26:24Z,219000809,54.931765,11.449017,9.3,Under way using engine
2026-08-27T04:26:34Z,219002177,54.935998,11.371983,0.1,Under way using engine
2026-08-27T04:26:39Z,219000811,54.838697,11.491825,0.0,Under way using engine
2026-08-27T04:26:54Z,219000809,54.930940,11.447283,9.3,Under way using engine
2026-08-27T04:27:04Z,219002177,54.935977,11.371975,0.0,Under way using engine
2026-08-27T04:27:09Z,219000811,54.838698,11.491823,0.0,Under way using engine
2026-08-27T04:27:24Z,219000809,54.930100,11.445592,9.0,Under way using engine
2026-08-27T04:27:34Z,219002177,54.935955,11.371973,0.0,Under way using engine
2026-08-27T04:27:39Z,219000811,54.838698,11.491822,0.0,Under way using engine
2026-08-27T04:27:54Z,219000809,54.929303,11.443868,9.3,Under way using engine
2026-08-27T04:28:04Z,219002177,54.935967,11.371978,0.0,Under way using engine
2026-08-27T04:28:09Z,219000811,54.838700,11.491818,0.0,Under way using engine
2026-08-27T04:28:24Z,219000809,54.928477,11.442142,9.3,Under way using engine
2026-08-27T04:28:39Z,219000811,54.838702,11.491817,0.0,Under way using engine
2026-08-27T04:28:44Z,219002177,54.935992,11.371990,0.1,Under way using engine
2026-08-27T04:28:54Z,219000809,54.927645,11.440388,9.4,Under way using engine
2026-08-27T04:29:09Z,219000811,54.838702,11.491817,0.0,Under way using engine
2026-08-27T04:29:15Z,219002177,54.935980,11.371980,0.0,Under way using engine
2026-08-27T04:29:24Z,219000809,54.926845,11.438670,9.3,Under way using engine
2026-08-27T04:29:39Z,219000811,54.838703,11.491817,0.0,Under way using engine
2026-08-27T04:29:54Z,219000809,54.925935,11.436817,9.4,Under way using engine
2026-08-27T04:29:55Z,219002177,54.935923,11.371963,0.1,Under way using engine
2026-08-27T04:30:09Z,219000811,54.838705,11.491815,0.0,Under way using engine
2026-08-27T04:30:33Z,219000809,54.924883,11.434615,9.3,Under way using engine
2026-08-27T04:30:33Z,219002177,54.935963,11.371972,0.0,Under way using engine
2026-08-27T04:30:39Z,219000811,54.838705,11.491815,0.0,Under way using engine
2026-08-27T04:31:03Z,219000809,54.924048,11.432860,9.4,Under way using engine
2026-08-27T04:31:03Z,219002177,54.935950,11.371968,0.1,Under way using engine
2026-08-27T04:31:09Z,219000811,54.838707,11.491817,0.0,Under way using engine
2026-08-27T04:31:33Z,219000809,54.923262,11.431110,9.2,Under way using engine
2026-08-27T04:31:33Z,219002177,54.935970,11.371980,0.0,Under way using engine
2026-08-27T04:31:39Z,219000811,54.838708,11.491818,0.0,Under way using engine
2026-08-27T04:32:03Z,219002177,54.935972,11.371983,0.0,Under way using engine
2026-08-27T04:32:04Z,219000809,54.922370,11.429265,9.5,Under way using engine
2026-08-27T04:32:09Z,219000811,54.838708,11.491817,0.0,Under way using engine
2026-08-27T04:32:33Z,219002177,54.935973,11.371978,0.0,Under way using engine
2026-08-27T04:32:39Z,219000811,54.838708,11.491817,0.0,Under way using engine
2026-08-27T04:32:44Z,219000809,54.921285,11.426980,9.4,Under way using engine
2026-08-27T04:33:03Z,219002177,54.935977,11.371982,0.0,Under way using engine
2026-08-27T04:33:09Z,219000811,54.838707,11.491815,0.0,Under way using engine
2026-08-27T04:33:23Z,219000809,54.920192,11.424693,9.4,Under way using engine
2026-08-27T04:33:33Z,219002177,54.935980,11.371988,0.0,Under way using engine
2026-08-27T04:33:39Z,219000811,54.838705,11.491817,0.0,Under way using engine
2026-08-27T04:33:54Z,219000809,54.919272,11.422865,9.4,Under way using engine
2026-08-27T04:34:05Z,219002177,54.935972,11.371992,0.0,Under way using engine
2026-08-27T04:34:09Z,219000811,54.838703,11.491817,0.0,Under way using engine
2026-08-27T04:34:24Z,219000809,54.918443,11.421195,9.4,Under way using engine
2026-08-27T04:34:39Z,219000811,54.838703,11.491818,0.0,Under way using engine
2026-08-27T04:34:44Z,219002177,54.935968,11.371995,0.0,Under way using engine
2026-08-27T04:35:04Z,219000809,54.917302,11.418800,9.5,Under way using engine
2026-08-27T04:35:09Z,219000811,54.838703,11.491818,0.0,Under way using engine
2026-08-27T04:35:15Z,219002177,54.935965,11.371993,0.0,Under way using engine
2026-08-27T04:35:34Z,219000809,54.916482,11.417127,9.4,Under way using engine
2026-08-27T04:35:49Z,219000811,54.838702,11.491822,0.0,Under way using engine
2026-08-27T04:35:54Z,219002177,54.935728,11.371818,2.9,Under way using engine
2026-08-27T04:36:04Z,219000809,54.915603,11.415333,9.4,Under way using engine
2026-08-27T04:36:20Z,219000811,54.838703,11.491825,0.0,Under way using engine
2026-08-27T04:36:25Z,219002177,54.935153,11.371223,5.4,Under way using engine
2026-08-27T04:36:34Z,219000809,54.914802,11.413617,9.5,Under way using engine
2026-08-27T04:37:00Z,219000811,54.838703,11.491828,0.0,Under way using engine
2026-08-27T04:37:04Z,219000809,54.913950,11.411778,9.5,Under way using engine
2026-08-27T04:37:05Z,219002177,54.934092,11.370698,6.3,Under way using engine
2026-08-27T04:37:34Z,219000809,54.913143,11.410070,9.4,Under way using engine
2026-08-27T04:37:38Z,219000811,54.838705,11.491828,0.0,Under way using engine
2026-08-27T04:37:43Z,219002177,54.932867,11.370763,7.1,Under way using engine
2026-08-27T04:38:04Z,219000809,54.912280,11.408265,9.5,Under way using engine
2026-08-27T04:38:08Z,219000811,54.838703,11.491828,0.0,Under way using engine
2026-08-27T04:38:15Z,219002177,54.931820,11.370793,7.4,Under way using engine
2026-08-27T04:38:34Z,219000809,54.911468,11.406527,9.5,Under way using engine
2026-08-27T04:38:38Z,219000811,54.838705,11.491828,0.0,Under way using engine
2026-08-27T04:38:54Z,219002177,54.930470,11.370830,7.5,Under way using engine
2026-08-27T04:39:04Z,219000809,54.910600,11.404692,9.5,Under way using engine
2026-08-27T04:39:08Z,219000811,54.838705,11.491828,0.0,Under way using engine
2026-08-27T04:39:25Z,219002177,54.929395,11.370837,7.5,Under way using engine
2026-08-27T04:39:34Z,219000809,54.909787,11.402980,9.5,Under way using engine
2026-08-27T04:39:39Z,219000811,54.838703,11.491827,0.0,Under way using engine
2026-08-27T04:40:04Z,219000809,54.909115,11.401015,9.5,Under way using engine
2026-08-27T04:40:04Z,219002177,54.928057,11.370855,7.4,Under way using engine
2026-08-27T04:40:19Z,219000811,54.838703,11.491830,0.0,Under way using engine
2026-08-27T04:40:34Z,219000809,54.908580,11.398895,9.7,Under way using engine
2026-08-27T04:40:35Z,219002177,54.927002,11.370877,7.3,Under way using engine
2026-08-27T04:40:50Z,219000811,54.838705,11.491832,0.0,Under way using engine
2026-08-27T04:41:04Z,219000809,54.908160,11.396670,9.7,Under way using engine
2026-08-27T04:41:15Z,219002177,54.925633,11.370912,7.2,Under way using engine
2026-08-27T04:41:29Z,219000811,54.838707,11.491832,0.0,Under way using engine
2026-08-27T04:41:34Z,219000809,54.908050,11.394343,9.7,Under way using engine
2026-08-27T04:41:54Z,219002177,54.924367,11.370953,7.1,Under way using engine
2026-08-27T04:42:00Z,219000811,54.838707,11.491832,0.0,Under way using engine
2026-08-27T04:42:04Z,219000809,54.908515,11.392180,9.6,Under way using engine
2026-08-27T04:42:25Z,219002177,54.923343,11.370987,7.1,Under way using engine
2026-08-27T04:42:34Z,219000809,54.909372,11.390355,9.9,Under way using engine
2026-08-27T04:42:39Z,219000811,54.838708,11.491830,0.0,Under way using engine
2026-08-27T04:43:04Z,219000809,54.910272,11.388527,10.0,Under way using engine
2026-08-27T04:43:04Z,219002177,54.922087,11.371027,7.0,Under way using engine
2026-08-27T04:43:09Z,219000811,54.838705,11.491827,0.0,Under way using engine
2026-08-27T04:43:34Z,219000809,54.911172,11.386675,10.1,Under way using engine
2026-08-27T04:43:35Z,219002177,54.921103,11.371095,6.8,Under way using engine
2026-08-27T04:43:39Z,219000811,54.838703,11.491822,0.0,Under way using engine
2026-08-27T04:44:04Z,219000809,54.912078,11.384837,10.1,Under way using engine
2026-08-27T04:44:09Z,219000811,54.838702,11.491818,0.0,Under way using engine
2026-08-27T04:44:14Z,219002177,54.919838,11.371140,6.8,Under way using engine
2026-08-27T04:44:34Z,219000809,54.913002,11.383008,10.1,Under way using engine
2026-08-27T04:44:39Z,219000811,54.838700,11.491818,0.0,Under way using engine
2026-08-27T04:44:44Z,219002177,54.918885,11.371077,6.9,Under way using engine
2026-08-27T04:45:04Z,219000809,54.913932,11.381182,10.2,Under way using engine
2026-08-27T04:45:09Z,219000811,54.838698,11.491818,0.0,Under way using engine
2026-08-27T04:45:14Z,219002177,54.917920,11.371058,6.9,Under way using engine
2026-08-27T04:45:34Z,219000809,54.914888,11.379377,10.2,Under way using engine
2026-08-27T04:45:39Z,219000811,54.838697,11.491822,0.0,Under way using engine
2026-08-27T04:45:44Z,219002177,54.917037,11.370640,6.5,Under way using engine
2026-08-27T04:46:04Z,219000809,54.915775,11.377497,10.0,Under way using engine
2026-08-27T04:46:09Z,219000811,54.838697,11.491827,0.0,Under way using engine
2026-08-27T04:46:14Z,219002177,54.916753,11.369217,6.6,Under way using engine
2026-08-27T04:46:34Z,219000809,54.916422,11.375372,9.9,Under way using engine
2026-08-27T04:46:39Z,219000811,54.838697,11.491832,0.0,Under way using engine
2026-08-27T04:46:44Z,219002177,54.916663,11.367488,7.4,Under way using engine
2026-08-27T04:47:04Z,219000809,54.916743,11.373148,9.4,Under way using engine
2026-08-27T04:47:10Z,219000811,54.838697,11.491832,0.0,Under way using engine
2026-08-27T04:47:14Z,219002177,54.916520,11.365680,7.7,Under way using engine
2026-08-27T04:47:40Z,219000809,54.916772,11.370468,9.3,Under way using engine
2026-08-27T04:47:44Z,219002177,54.916388,11.363847,7.5,Under way using engine
2026-08-27T04:47:50Z,219000811,54.838697,11.491830,0.0,Under way using engine
2026-08-27T04:48:13Z,219000809,54.916613,11.368013,9.3,Under way using engine
2026-08-27T04:48:14Z,219002177,54.916295,11.362253,6.2,Under way using engine
2026-08-27T04:48:20Z,219000811,54.838700,11.491830,0.0,Under way using engine
2026-08-27T04:48:44Z,219000809,54.916483,11.365795,8.5,Under way using engine
2026-08-27T04:48:44Z,219002177,54.916327,11.361135,3.5,Under way using engine
2026-08-27T04:48:50Z,219000811,54.838702,11.491832,0.0,Under way using engine
2026-08-27T04:49:14Z,219002177,54.916345,11.360730,1.2,Under way using engine
2026-08-27T04:49:20Z,219000811,54.838703,11.491832,0.0,Under way using engine
2026-08-27T04:49:23Z,219000809,54.916350,11.363572,6.1,Under way using engine
2026-08-27T04:49:44Z,219002177,54.916347,11.360550,0.4,Under way using engine
2026-08-27T04:49:50Z,219000811,54.838703,11.491830,0.0,Under way using engine
2026-08-27T04:49:53Z,219000809,54.916248,11.362328,4.9,Under way using engine
2026-08-27T04:50:14Z,219002177,54.916347,11.360555,0.0,Under way using engine
2026-08-27T04:50:20Z,219000811,54.838703,11.491832,0.0,Under way using engine
2026-08-27T04:50:23Z,219000809,54.916145,11.361250,4.3,Under way using engine
2026-08-27T04:50:44Z,219002177,54.916338,11.360557,0.0,Under way using engine
2026-08-27T04:50:50Z,219000811,54.838703,11.491827,0.0,Under way using engine
2026-08-27T04:50:53Z,219000809,54.915980,11.360842,1.0,Under way using engine
2026-08-27T04:51:14Z,219002177,54.916332,11.360555,0.0,Under way using engine
2026-08-27T04:51:23Z,219000809,54.915970,11.360715,0.5,Under way using engine
2026-08-27T04:51:29Z,219000811,54.838703,11.491827,0.0,Under way using engine
2026-08-27T04:51:44Z,219002177,54.916340,11.360555,0.0,Under way using engine
2026-08-27T04:51:53Z,219000809,54.916017,11.360447,1.2,Under way using engine
2026-08-27T04:52:09Z,219000811,54.838702,11.491827,0.0,Under way using engine
2026-08-27T04:52:14Z,219002177,54.916348,11.360555,0.0,Under way using engine
2026-08-27T04:52:23Z,219000809,54.916035,11.360235,0.9,Under way using engine
2026-08-27T04:52:39Z,219000811,54.838702,11.491827,0.0,Under way using engine
2026-08-27T04:52:44Z,219002177,54.916352,11.360550,0.0,Under way using engine
2026-08-27T04:52:53Z,219000809,54.916067,11.360093,0.4,Under way using engine
2026-08-27T04:53:09Z,219000811,54.838702,11.491827,0.0,Under way using engine
2026-08-27T04:53:15Z,219002177,54.916358,11.360545,0.0,Under way using engine
2026-08-27T04:53:23Z,219000809,54.916067,11.360042,0.1,Under way using engine
2026-08-27T04:53:39Z,219000811,54.838705,11.491825,0.0,Under way using engine
2026-08-27T04:53:53Z,219000809,54.916055,11.360035,0.0,Under way using engine
2026-08-27T04:53:55Z,219002177,54.916347,11.360543,0.0,Under way using engine
2026-08-27T04:54:09Z,219000811,54.838703,11.491825,0.0,Under way using engine
2026-08-27T04:54:23Z,219000809,54.916055,11.360040,0.0,Under way using engine
2026-08-27T04:54:35Z,219002177,54.916337,11.360543,0.0,Under way using engine
2026-08-27T04:54:39Z,219000811,54.838703,11.491825,0.0,Under way using engine
2026-08-27T04:54:53Z,219000809,54.916067,11.360053,0.0,Under way using engine
2026-08-27T04:55:09Z,219000811,54.838705,11.491825,0.0,Under way using engine
2026-08-27T04:55:15Z,219002177,54.916332,11.360552,0.0,Under way using engine
2026-08-27T04:55:23Z,219000809,54.916063,11.360060,0.0,Under way using engine
2026-08-27T04:55:39Z,219000811,54.838707,11.491828,0.0,Under way using engine
2026-08-27T04:55:53Z,219000809,54.916065,11.360067,0.0,Under way using engine
2026-08-27T04:55:55Z,219002177,54.916330,11.360543,0.0,Under way using engine
2026-08-27T04:56:10Z,219000811,54.838707,11.491830,0.0,Under way using engine
2026-08-27T04:56:23Z,219000809,54.916055,11.360063,0.0,Under way using engine
2026-08-27T04:56:35Z,219002177,54.916335,11.360547,0.0,Under way using engine
2026-08-27T04:56:49Z,219000811,54.838705,11.491833,0.0,Under way using engine
2026-08-27T04:56:53Z,219000809,54.916060,11.360065,0.0,Under way using engine
2026-08-27T04:57:14Z,219002177,54.916342,11.360547,0.0,Under way using engine
2026-08-27T04:57:19Z,219000811,54.838702,11.491835,0.0,Under way using engine
2026-08-27T04:57:25Z,219000809,54.916072,11.360053,0.0,Under way using engine
2026-08-27T04:57:44Z,219002177,54.916352,11.360552,0.0,Under way using engine
2026-08-27T04:57:49Z,219000811,54.838702,11.491835,0.0,Under way using engine
2026-08-27T04:58:03Z,219000809,54.916068,11.360052,0.0,Under way using engine
2026-08-27T04:58:14Z,219002177,54.916357,11.360547,0.0,Under way using engine
2026-08-27T04:58:19Z,219000811,54.838705,11.491830,0.0,Under way using engine
2026-08-27T04:58:33Z,219000809,54.916075,11.360055,0.0,Under way using engine
2026-08-27T04:58:44Z,219002177,54.916355,11.360548,0.0,Under way using engine
2026-08-27T04:58:49Z,219000811,54.838705,11.491825,0.0,Under way using engine
2026-08-27T04:59:03Z,219000809,54.916073,11.360067,0.0,Under way using engine
2026-08-27T04:59:14Z,219002177,54.916352,11.360548,0.0,Under way using engine
2026-08-27T04:59:19Z,219000811,54.838705,11.491825,0.0,Under way using engine
2026-08-27T04:59:33Z,219000809,54.916073,11.360063,0.0,Under way using engine
2026-08-27T04:59:44Z,219002177,54.916347,11.360543,0.0,Under way using engine
2026-08-27T04:59:49Z,219000811,54.838705,11.491820,0.0,Under way using engine
2026-08-27T05:00:04Z,219000809,54.916075,11.360063,0.0,Under way using engine
2026-08-27T05:00:14Z,219002177,54.916348,11.360542,0.0,Under way using engine
2026-08-27T05:00:19Z,219000811,54.838702,11.491820,0.0,Under way using engine
2026-08-27T05:00:43Z,219000809,54.916077,11.360057,0.0,Under way using engine
2026-08-27T05:00:49Z,219000811,54.838702,11.491818,0.0,Under way using engine
2026-08-27T05:00:53Z,219002177,54.916347,11.360553,0.0,Under way using engine
2026-08-27T05:01:13Z,219000809,54.916077,11.360045,0.0,Under way using engine
2026-08-27T05:01:19Z,219000811,54.838702,11.491818,0.0,Under way using engine
2026-08-27T05:01:24Z,219002177,54.916358,11.360555,0.0,Under way using engine
2026-08-27T05:01:45Z,219000809,54.916065,11.360040,0.0,Under way using engine
2026-08-27T05:01:49Z,219000811,54.838700,11.491822,0.0,Under way using engine
2026-08-27T05:02:04Z,219002177,54.916352,11.360577,0.0,Under way using engine
2026-08-27T05:02:19Z,219000811,54.838700,11.491825,0.0,Under way using engine
2026-08-27T05:02:25Z,219000809,54.916058,11.360060,0.0,Under way using engine
2026-08-27T05:02:34Z,219002177,54.916360,11.360578,0.0,Under way using engine
2026-08-27T05:02:49Z,219000811,54.838700,11.491827,0.0,Under way using engine
2026-08-27T05:03:04Z,219000809,54.916067,11.360057,0.0,Under way using engine
2026-08-27T05:03:04Z,219002177,54.916360,11.360560,0.0,Under way using engine
2026-08-27T05:03:19Z,219000811,54.838698,11.491823,0.0,Under way using engine
2026-08-27T05:03:34Z,219000809,54.916078,11.360058,0.0,Under way using engine
2026-08-27T05:03:34Z,219002177,54.916350,11.360568,0.0,Under way using engine
2026-08-27T05:03:50Z,219000811,54.838700,11.491820,0.0,Under way using engine
2026-08-27T05:04:04Z,219000809,54.916072,11.360063,0.0,Under way using engine
2026-08-27T05:04:04Z,219002177,54.916345,11.360560,0.0,Under way using engine
2026-08-27T05:04:29Z,219000811,54.838700,11.491820,0.0,Under way using engine
2026-08-27T05:04:34Z,219000809,54.916065,11.360063,0.0,Under way using engine
2026-08-27T05:04:34Z,219002177,54.916352,11.360552,0.0,Under way using engine
2026-08-27T05:04:59Z,219000811,54.838700,11.491820,0.0,Under way using engine
2026-08-27T05:05:04Z,219000809,54.916057,11.360053,0.0,Under way using engine
2026-08-27T05:05:04Z,219002177,54.916347,11.360547,0.0,Under way using engine
2026-08-27T05:05:30Z,219000811,54.838702,11.491822,0.0,Under way using engine
2026-08-27T05:05:34Z,219000809,54.916063,11.360053,0.0,Under way using engine
2026-08-27T05:05:45Z,219002177,54.916348,11.360523,0.0,Under way using engine
2026-08-27T05:06:00Z,219000811,54.838703,11.491822,0.0,Under way using engine
2026-08-27T05:06:04Z,219000809,54.916068,11.360045,0.0,Under way using engine
2026-08-27T05:06:24Z,219002177,54.916342,11.360535,0.0,Under way using engine
2026-08-27T05:06:30Z,219000811,54.838705,11.491818,0.0,Under way using engine
2026-08-27T05:06:45Z,219000809,54.916062,11.360042,0.0,Under way using engine
2026-08-27T05:07:00Z,219000811,54.838705,11.491818,0.0,Under way using engine
2026-08-27T05:07:04Z,219002177,54.916338,11.360620,0.9,Under way using engine
2026-08-27T05:07:25Z,219000809,54.916050,11.360047,0.0,Under way using engine
2026-08-27T05:07:30Z,219000811,54.838703,11.491815,0.0,Under way using engine
2026-08-27T05:07:35Z,219002177,54.916338,11.361437,4.3,Under way using engine
2026-08-27T05:08:00Z,219000811,54.838702,11.491815,0.0,Under way using engine
2026-08-27T05:08:03Z,219000809,54.916050,11.360453,2.1,Under way using engine
2026-08-27T05:08:14Z,219002177,54.916398,11.363260,6.2,Under way using engine
2026-08-27T05:08:30Z,219000811,54.838702,11.491817,0.0,Under way using engine
2026-08-27T05:08:33Z,219000809,54.916170,11.360813,2.6,Under way using engine
2026-08-27T05:08:45Z,219002177,54.916518,11.364848,6.8,Under way using engine
2026-08-27T05:09:00Z,219000811,54.838703,11.491813,0.0,Under way using engine
2026-08-27T05:09:03Z,219000809,54.916217,11.361890,5.5,Under way using engine
2026-08-27T05:09:25Z,219002177,54.916612,11.367130,7.0,Under way using engine
2026-08-27T05:09:33Z,219000809,54.916310,11.363422,6.5,Under way using engine
2026-08-27T05:09:40Z,219000811,54.838703,11.491813,0.0,Under way using engine
2026-08-27T05:10:03Z,219000809,54.916432,11.365003,6.6,Under way using engine
2026-08-27T05:10:05Z,219002177,54.916822,11.369315,7.2,Under way using engine
2026-08-27T05:10:10Z,219000811,54.838703,11.491812,0.0,Under way using engine
2026-08-27T05:10:33Z,219000809,54.916582,11.366590,6.7,Under way using engine
2026-08-27T05:10:35Z,219002177,54.917105,11.370930,6.8,Under way using engine
2026-08-27T05:10:40Z,219000811,54.838702,11.491812,0.0,Under way using engine
2026-08-27T05:11:03Z,219000809,54.916658,11.368160,6.5,Under way using engine
2026-08-27T05:11:05Z,219002177,54.917840,11.371448,5.9,Under way using engine
2026-08-27T05:11:10Z,219000811,54.838702,11.491813,0.0,Under way using engine
2026-08-27T05:11:33Z,219000809,54.916562,11.369723,6.5,Under way using engine
2026-08-27T05:11:35Z,219002177,54.918722,11.371425,6.5,Under way using engine
2026-08-27T05:11:40Z,219000811,54.838700,11.491813,0.0,Under way using engine
2026-08-27T05:12:03Z,219000809,54.916350,11.371223,6.3,Under way using engine
2026-08-27T05:12:05Z,219002177,54.919667,11.371428,6.9,Under way using engine
2026-08-27T05:12:19Z,219000811,54.838695,11.491817,0.0,Under way using engine
2026-08-27T05:12:33Z,219000809,54.915935,11.372518,6.1,Under way using engine
2026-08-27T05:12:35Z,219002177,54.920668,11.371297,7.3,Under way using engine
2026-08-27T05:12:49Z,219000811,54.838695,11.491822,0.0,Under way using engine
2026-08-27T05:13:03Z,219000809,54.915318,11.373285,4.9,Under way using engine
2026-08-27T05:13:05Z,219002177,54.921713,11.371148,7.7,Under way using engine
2026-08-27T05:13:20Z,219000811,54.838697,11.491823,0.0,Under way using engine
2026-08-27T05:13:34Z,219000809,54.914867,11.373977,4.8,Under way using engine
2026-08-27T05:13:44Z,219002177,54.923177,11.370933,8.0,Under way using engine
2026-08-27T05:13:58Z,219000811,54.838700,11.491828,0.0,Under way using engine
2026-08-27T05:14:07Z,219000809,54.914237,11.375340,7.2,Under way using engine
2026-08-27T05:14:25Z,219002177,54.924712,11.370658,8.2,Under way using engine
2026-08-27T05:14:28Z,219000811,54.838698,11.491828,0.0,Under way using engine
2026-08-27T05:14:44Z,219000809,54.913453,11.377208,7.9,Under way using engine
2026-08-27T05:14:58Z,219000811,54.838697,11.491827,0.0,Under way using engine
2026-08-27T05:15:05Z,219002177,54.926180,11.370345,8.2,Under way using engine
2026-08-27T05:15:24Z,219000809,54.912628,11.379255,7.7,Under way using engine
2026-08-27T05:15:28Z,219000811,54.838697,11.491828,0.0,Under way using engine
2026-08-27T05:15:53Z,219002177,54.928028,11.369980,8.2,Under way using engine
2026-08-27T05:15:58Z,219000811,54.838697,11.491828,0.0,Under way using engine
2026-08-27T05:16:04Z,219000809,54.911753,11.381207,7.8,Under way using engine
2026-08-27T05:16:24Z,219002177,54.929178,11.369717,8.2,Under way using engine
2026-08-27T05:16:28Z,219000811,54.838698,11.491828,0.0,Under way using engine
2026-08-27T05:16:34Z,219000809,54.911102,11.382670,7.7,Under way using engine
2026-08-27T05:17:04Z,219000809,54.910438,11.384127,7.8,Under way using engine
2026-08-27T05:17:05Z,219002177,54.930708,11.369360,8.2,Under way using engine
2026-08-27T05:17:08Z,219000811,54.838697,11.491828,0.0,Under way using engine
2026-08-27T05:17:34Z,219000809,54.909770,11.385618,7.8,Under way using engine
2026-08-27T05:17:39Z,219000811,54.838697,11.491828,0.0,Under way using engine
2026-08-27T05:17:44Z,219002177,54.932117,11.369522,7.7,Under way using engine
2026-08-27T05:18:04Z,219000809,54.909082,11.387075,7.8,Under way using engine
2026-08-27T05:18:10Z,219000811,54.838698,11.491830,0.0,Under way using engine
2026-08-27T05:18:15Z,219002177,54.933143,11.370013,7.6,Under way using engine
2026-08-27T05:18:34Z,219000809,54.908377,11.388525,7.8,Under way using engine
2026-08-27T05:18:49Z,219000811,54.838698,11.491830,0.0,Under way using engine
2026-08-27T05:19:04Z,219000809,54.907667,11.389957,7.9,Under way using engine
2026-08-27T05:19:05Z,219002177,54.934713,11.370993,6.3,Under way using engine
2026-08-27T05:19:20Z,219000811,54.838700,11.491828,0.0,Under way using engine
2026-08-27T05:19:34Z,219000809,54.906992,11.391452,7.9,Under way using engine
2026-08-27T05:19:45Z,219002177,54.935530,11.371608,4.0,Under way using engine
2026-08-27T05:19:59Z,219000811,54.838702,11.491828,0.0,Under way using engine
2026-08-27T05:20:04Z,219000809,54.906433,11.393068,7.8,Under way using engine
2026-08-27T05:20:15Z,219002177,54.935788,11.371822,1.5,Under way using engine
2026-08-27T05:20:30Z,219000811,54.838702,11.491825,0.0,Under way using engine
2026-08-27T05:20:34Z,219000809,54.906068,11.394880,8.0,Under way using engine
2026-08-27T05:20:45Z,219002177,54.935913,11.371943,0.9,Under way using engine
2026-08-27T05:21:10Z,219000811,54.838702,11.491827,0.0,Under way using engine
2026-08-27T05:21:13Z,219000809,54.905632,11.397263,8.1,Under way using engine
2026-08-27T05:21:15Z,219002177,54.935958,11.372007,0.1,Under way using engine
2026-08-27T05:21:44Z,219000809,54.905287,11.399188,8.1,Under way using engine
2026-08-27T05:21:45Z,219002177,54.935960,11.372007,0.0,Under way using engine
2026-08-27T05:21:49Z,219000811,54.838705,11.491827,0.0,Under way using engine
2026-08-27T05:22:15Z,219002177,54.935962,11.372020,0.0,Under way using engine
2026-08-27T05:22:20Z,219000811,54.838705,11.491828,0.0,Under way using engine
2026-08-27T05:22:24Z,219000809,54.904838,11.401638,8.0,Under way using engine
2026-08-27T05:22:45Z,219002177,54.935960,11.372008,0.0,Under way using engine
2026-08-27T05:22:54Z,219000809,54.904490,11.403495,8.0,Under way using engine
2026-08-27T05:23:00Z,219000811,54.838703,11.491827,0.0,Under way using engine
2026-08-27T05:23:15Z,219002177,54.935948,11.372005,0.0,Under way using engine
2026-08-27T05:23:24Z,219000809,54.904118,11.405312,8.0,Under way using engine
2026-08-27T05:23:30Z,219000811,54.838703,11.491828,0.0,Under way using engine
2026-08-27T05:23:45Z,219002177,54.935953,11.372003,0.0,Under way using engine
2026-08-27T05:23:54Z,219000809,54.903737,11.407155,8.1,Under way using engine
2026-08-27T05:24:00Z,219000811,54.838707,11.491830,0.0,Under way using engine
2026-08-27T05:24:15Z,219002177,54.935955,11.372003,0.0,Under way using engine
2026-08-27T05:24:24Z,219000809,54.903395,11.409013,8.1,Under way using engine
2026-08-27T05:24:30Z,219000811,54.838708,11.491832,0.0,Under way using engine
2026-08-27T05:24:45Z,219002177,54.935967,11.372005,0.0,Under way using engine
2026-08-27T05:24:54Z,219000809,54.902992,11.410822,8.0,Under way using engine
2026-08-27T05:25:00Z,219000811,54.838707,11.491835,0.0,Under way using engine
2026-08-27T05:25:24Z,219000809,54.902438,11.412507,8.1,Under way using engine
2026-08-27T05:25:25Z,219002177,54.935965,11.371993,0.0,Under way using engine
2026-08-27T05:25:30Z,219000811,54.838705,11.491833,0.0,Under way using engine
2026-08-27T05:25:54Z,219000809,54.901893,11.414200,8.0,Under way using engine
2026-08-27T05:25:55Z,219002177,54.935967,11.371997,0.0,Under way using engine
2026-08-27T05:26:00Z,219000811,54.838703,11.491832,0.0,Under way using engine
2026-08-27T05:26:24Z,219000809,54.901342,11.415890,8.2,Under way using engine
2026-08-27T05:26:25Z,219002177,54.935968,11.371992,0.0,Under way using engine
2026-08-27T05:26:30Z,219000811,54.838702,11.491832,0.0,Under way using engine
2026-08-27T05:26:54Z,219000809,54.900780,11.417603,8.2,Under way using engine
2026-08-27T05:26:55Z,219002177,54.935967,11.371978,0.0,Under way using engine
2026-08-27T05:27:09Z,219000811,54.838700,11.491832,0.0,Under way using engine
2026-08-27T05:27:24Z,219000809,54.900215,11.419308,8.2,Under way using engine
2026-08-27T05:27:25Z,219002177,54.935977,11.371985,0.1,Under way using engine
2026-08-27T05:27:49Z,219000811,54.838702,11.491828,0.0,Under way using engine
2026-08-27T05:27:54Z,219000809,54.899648,11.421017,8.1,Under way using engine
2026-08-27T05:27:55Z,219002177,54.935975,11.371990,0.0,Under way using engine
2026-08-27T05:28:19Z,219000811,54.838703,11.491827,0.0,Under way using engine
2026-08-27T05:28:25Z,219002177,54.935970,11.371982,0.0,Under way using engine
2026-08-27T05:28:34Z,219000809,54.898875,11.423242,8.1,Under way using engine
2026-08-27T05:28:49Z,219000811,54.838703,11.491827,0.0,Under way using engine
2026-08-27T05:28:55Z,219002177,54.935965,11.371990,0.0,Under way using engine
2026-08-27T05:29:15Z,219000809,54.898087,11.425518,8.1,Under way using engine
2026-08-27T05:29:19Z,219000811,54.838705,11.491827,0.0,Under way using engine
2026-08-27T05:29:25Z,219002177,54.935958,11.371977,0.0,Under way using engine
2026-08-27T05:29:49Z,219000811,54.838705,11.491827,0.0,Under way using engine
2026-08-27T05:29:54Z,219000809,54.897362,11.427723,8.1,Under way using engine
2026-08-27T05:29:55Z,219002177,54.935968,11.372005,0.0,Under way using engine
2026-08-27T05:30:19Z,219000811,54.838703,11.491827,0.0,Under way using engine
2026-08-27T05:30:25Z,219002177,54.935910,11.371963,0.9,Under way using engine
2026-08-27T05:30:34Z,219000809,54.896602,11.429948,8.1,Under way using engine
2026-08-27T05:30:49Z,219000811,54.838702,11.491830,0.0,Under way using engine
2026-08-27T05:30:55Z,219002177,54.935547,11.371707,3.6,Under way using engine
2026-08-27T05:31:15Z,219000809,54.895823,11.432230,8.1,Under way using engine
2026-08-27T05:31:19Z,219000811,54.838702,11.491830,0.0,Under way using engine
2026-08-27T05:31:25Z,219002177,54.934978,11.371178,5.1,Under way using engine
2026-08-27T05:31:54Z,219000809,54.895085,11.434380,8.0,Under way using engine
2026-08-27T05:31:55Z,219002177,54.934260,11.370792,5.5,Under way using engine
2026-08-27T05:31:58Z,219000811,54.838702,11.491828,0.0,Under way using engine
2026-08-27T05:32:25Z,219002177,54.933473,11.370793,5.8,Under way using engine
2026-08-27T05:32:28Z,219000811,54.838702,11.491828,0.0,Under way using engine
2026-08-27T05:32:34Z,219000809,54.894368,11.436693,8.0,Under way using engine
2026-08-27T05:32:55Z,219002177,54.932633,11.370835,6.2,Under way using engine
2026-08-27T05:32:58Z,219000811,54.838702,11.491830,0.0,Under way using engine
2026-08-27T05:33:04Z,219000809,54.893808,11.438400,8.1,Under way using engine
2026-08-27T05:33:25Z,219002177,54.931748,11.370840,6.4,Under way using engine
2026-08-27T05:33:28Z,219000811,54.838702,11.491830,0.0,Under way using engine
2026-08-27T05:33:34Z,219000809,54.893242,11.440050,8.2,Under way using engine
2026-08-27T05:33:55Z,219002177,54.930847,11.370837,6.4,Under way using engine
2026-08-27T05:33:59Z,219000811,54.838702,11.491832,0.0,Under way using engine
2026-08-27T05:34:04Z,219000809,54.892700,11.441797,8.2,Under way using engine
2026-08-27T05:34:34Z,219000809,54.892152,11.443522,8.2,Under way using engine
2026-08-27T05:34:34Z,219002177,54.929680,11.370858,6.5,Under way using engine
2026-08-27T05:34:39Z,219000811,54.838705,11.491832,0.0,Under way using engine
2026-08-27T05:35:04Z,219000809,54.891603,11.445248,8.2,Under way using engine
2026-08-27T05:35:05Z,219002177,54.928762,11.370892,6.4,Under way using engine
2026-08-27T05:35:10Z,219000811,54.838708,11.491828,0.0,Under way using engine
2026-08-27T05:35:34Z,219000809,54.891045,11.446945,8.1,Under way using engine
2026-08-27T05:35:44Z,219002177,54.927613,11.370930,6.4,Under way using engine
2026-08-27T05:35:48Z,219000811,54.838708,11.491832,0.0,Under way using engine
2026-08-27T05:36:14Z,219000809,54.890357,11.449227,8.0,Under way using engine
2026-08-27T05:36:14Z,219002177,54.926762,11.370922,6.3,Under way using engine
2026-08-27T05:36:20Z,219000811,54.838708,11.491832,0.0,Under way using engine
2026-08-27T05:36:44Z,219002177,54.925843,11.370917,6.2,Under way using engine
2026-08-27T05:36:53Z,219000809,54.889585,11.451297,7.9,Under way using engine
2026-08-27T05:36:59Z,219000811,54.838710,11.491830,0.0,Under way using engine
2026-08-27T05:37:14Z,219002177,54.925027,11.370963,6.2,Under way using engine
2026-08-27T05:37:25Z,219000809,54.888957,11.452993,7.9,Under way using engine
2026-08-27T05:37:39Z,219000811,54.838708,11.491828,0.0,Under way using engine
2026-08-27T05:37:44Z,219002177,54.924130,11.370993,6.2,Under way using engine
2026-08-27T05:38:10Z,219000811,54.838708,11.491832,0.0,Under way using engine
2026-08-27T05:38:14Z,219000809,54.887993,11.455570,7.8,Under way using engine
2026-08-27T05:38:14Z,219002177,54.923300,11.371015,6.1,Under way using engine
2026-08-27T05:38:44Z,219002177,54.922425,11.371055,6.1,Under way using engine
2026-08-27T05:38:49Z,219000811,54.838707,11.491830,0.0,Under way using engine
2026-08-27T05:38:53Z,219000809,54.887102,11.457450,7.8,Under way using engine
2026-08-27T05:39:15Z,219002177,54.921587,11.371103,6.0,Under way using engine
2026-08-27T05:39:19Z,219000811,54.838705,11.491828,0.0,Under way using engine
2026-08-27T05:39:23Z,219000809,54.886358,11.458843,7.9,Under way using engine
2026-08-27T05:39:49Z,219000811,54.838703,11.491827,0.0,Under way using engine
2026-08-27T05:39:54Z,219000809,54.885592,11.460295,7.9,Under way using engine
2026-08-27T05:39:54Z,219002177,54.920485,11.371180,5.9,Under way using engine
2026-08-27T05:40:29Z,219000811,54.838703,11.491828,0.0,Under way using engine
2026-08-27T05:40:33Z,219000809,54.884605,11.462078,7.9,Under way using engine
2026-08-27T05:40:34Z,219002177,54.919363,11.371320,6.1,Under way using engine
2026-08-27T05:41:00Z,219000811,54.838700,11.491827,0.0,Under way using engine
2026-08-27T05:41:04Z,219000809,54.883827,11.463560,8.1,Under way using engine
2026-08-27T05:41:05Z,219002177,54.918537,11.371310,6.1,Under way using engine
2026-08-27T05:41:40Z,219000811,54.838700,11.491828,0.0,Under way using engine
2026-08-27T05:41:43Z,219002177,54.917447,11.371053,6.1,Under way using engine
2026-08-27T05:41:44Z,219000809,54.882787,11.465427,8.1,Under way using engine
2026-08-27T05:42:14Z,219000809,54.882022,11.466838,8.0,Under way using engine
2026-08-27T05:42:15Z,219002177,54.916783,11.370320,5.2,Under way using engine
2026-08-27T05:42:22Z,219000811,54.838702,11.491833,0.0,Under way using engine
2026-08-27T05:42:44Z,219000809,54.881523,11.468530,8.0,Under way using engine
2026-08-27T05:42:54Z,219002177,54.916658,11.368443,6.2,Under way using engine
2026-08-27T05:43:00Z,219000811,54.838698,11.491828,0.0,Under way using engine
2026-08-27T05:43:14Z,219000809,54.881105,11.470333,8.1,Under way using engine
2026-08-27T05:43:24Z,219002177,54.916558,11.366868,6.7,Under way using engine
2026-08-27T05:43:40Z,219000811,54.838698,11.491825,0.0,Under way using engine
2026-08-27T05:43:44Z,219000809,54.880698,11.472142,8.0,Under way using engine
2026-08-27T05:43:54Z,219002177,54.916448,11.365223,7.0,Under way using engine
2026-08-27T05:44:14Z,219000809,54.880647,11.474063,8.0,Under way using engine
2026-08-27T05:44:19Z,219000811,54.838698,11.491830,0.0,Under way using engine
2026-08-27T05:44:24Z,219002177,54.916360,11.363630,6.5,Under way using engine
2026-08-27T05:44:44Z,219000809,54.880708,11.476000,8.1,Under way using engine
2026-08-27T05:44:49Z,219000811,54.838700,11.491832,0.0,Under way using engine
2026-08-27T05:44:54Z,219002177,54.916335,11.362242,5.5,Under way using engine
2026-08-27T05:45:14Z,219000809,54.880837,11.477950,8.2,Under way using engine
2026-08-27T05:45:19Z,219000811,54.838700,11.491830,0.0,Under way using engine
2026-08-27T05:45:31Z,219002177,54.916348,11.361465,4.6,Under way using engine
2026-08-27T05:45:44Z,219000809,54.881095,11.479850,8.2,Under way using engine
2026-08-27T05:45:49Z,219000811,54.838698,11.491828,0.0,Under way using engine
2026-08-27T05:46:05Z,219002177,54.916353,11.360703,1.0,Under way using engine
2026-08-27T05:46:14Z,219000809,54.881457,11.481752,8.3,Under way using engine
2026-08-27T05:46:19Z,219000811,54.838700,11.491828,0.0,Under way using engine
2026-08-27T05:46:35Z,219002177,54.916358,11.360535,0.5,Under way using engine
2026-08-27T05:46:47Z,219000809,54.882297,11.483128,7.2,Under way using engine
2026-08-27T05:46:49Z,219000811,54.838702,11.491825,0.0,Under way using engine
2026-08-27T05:47:05Z,219002177,54.916350,11.360545,0.0,Under way using engine
2026-08-27T05:47:17Z,219000809,54.883152,11.483360,5.7,Under way using engine
2026-08-27T05:47:19Z,219000811,54.838703,11.491822,0.0,Under way using engine
2026-08-27T05:47:35Z,219002177,54.916352,11.360548,0.0,Under way using engine
2026-08-27T05:47:47Z,219000809,54.883758,11.483280,3.9,Under way using engine
2026-08-27T05:47:49Z,219000811,54.838703,11.491820,0.0,Under way using engine
2026-08-27T05:48:05Z,219002177,54.916363,11.360553,0.0,Under way using engine
2026-08-27T05:48:19Z,219000811,54.838703,11.491818,0.0,Under way using engine
2026-08-27T05:48:23Z,219000809,54.884143,11.483228,1.7,Under way using engine
2026-08-27T05:48:35Z,219002177,54.916365,11.360555,0.0,Under way using engine
2026-08-27T05:48:49Z,219000811,54.838703,11.491818,0.0,Under way using engine
2026-08-27T05:48:55Z,219000809,54.884267,11.483218,0.5,Under way using engine
2026-08-27T05:49:05Z,219002177,54.916365,11.360550,0.0,Under way using engine
2026-08-27T05:49:19Z,219000811,54.838703,11.491820,0.0,Under way using engine
2026-08-27T05:49:34Z,219000809,54.884302,11.483210,0.1,Under way using engine
2026-08-27T05:49:35Z,219002177,54.916368,11.360550,0.0,Under way using engine
2026-08-27T05:49:49Z,219000811,54.838703,11.491822,0.0,Under way using engine
2026-08-27T05:50:04Z,219000809,54.884305,11.483197,0.0,Under way using engine
2026-08-27T05:50:05Z,219002177,54.916353,11.360535,0.0,Under way using engine
2026-08-27T05:50:19Z,219000811,54.838703,11.491823,0.0,Under way using engine
2026-08-27T05:50:34Z,219000809,54.884298,11.483203,0.0,Under way using engine
2026-08-27T05:50:35Z,219002177,54.916355,11.360550,0.0,Under way using engine
2026-08-27T05:50:49Z,219000811,54.838703,11.491823,0.0,Under way using engine
2026-08-27T05:51:04Z,219000809,54.884300,11.483203,0.0,Under way using engine
2026-08-27T05:51:05Z,219002177,54.916372,11.360553,0.0,Under way using engine
2026-08-27T05:51:29Z,219000811,54.838705,11.491830,0.0,Under way using engine
2026-08-27T05:51:35Z,219002177,54.916370,11.360552,0.0,Under way using engine
2026-08-27T05:51:41Z,219000809,54.884305,11.483213,0.0,Under way using engine
2026-08-27T05:51:59Z,219000811,54.838705,11.491833,0.0,Under way using engine
2026-08-27T05:52:05Z,219002177,54.916370,11.360545,0.0,Under way using engine
2026-08-27T05:52:14Z,219000809,54.884307,11.483210,0.0,Under way using engine
2026-08-27T05:52:29Z,219000811,54.838705,11.491835,0.0,Under way using engine
2026-08-27T05:52:35Z,219002177,54.916362,11.360528,0.0,Under way using engine
2026-08-27T05:52:54Z,219000809,54.884308,11.483212,0.0,Under way using engine
2026-08-27T05:52:59Z,219000811,54.838705,11.491835,0.0,Under way using engine
2026-08-27T05:53:14Z,219002177,54.916357,11.360528,0.0,Under way using engine
2026-08-27T05:53:24Z,219000809,54.884308,11.483217,0.0,Under way using engine
2026-08-27T05:53:38Z,219000811,54.838702,11.491838,0.0,Under way using engine
2026-08-27T05:53:45Z,219002177,54.916363,11.360537,0.0,Under way using engine
2026-08-27T05:53:54Z,219000809,54.884310,11.483222,0.0,Under way using engine
2026-08-27T05:54:10Z,219000811,54.838700,11.491837,0.0,Under way using engine
2026-08-27T05:54:24Z,219000809,54.884310,11.483223,0.0,Under way using engine
2026-08-27T05:54:24Z,219002177,54.916372,11.360518,0.0,Under way using engine
2026-08-27T05:54:50Z,219000811,54.838697,11.491837,0.0,Under way using engine
2026-08-27T05:54:54Z,219000809,54.884312,11.483212,0.0,Under way using engine
2026-08-27T05:54:54Z,219002177,54.916368,11.360525,0.0,Under way using engine
2026-08-27T05:55:24Z,219000809,54.884313,11.483208,0.0,Under way using engine
2026-08-27T05:55:24Z,219002177,54.916367,11.360535,0.0,Under way using engine
2026-08-27T05:55:28Z,219000811,54.838695,11.491835,0.0,Under way using engine
2026-08-27T05:55:54Z,219000809,54.884313,11.483207,0.0,Under way using engine
2026-08-27T05:55:54Z,219002177,54.916362,11.360532,0.0,Under way using engine
2026-08-27T05:56:00Z,219000811,54.838695,11.491832,0.0,Under way using engine
2026-08-27T05:56:24Z,219000809,54.884328,11.483197,0.0,Under way using engine
2026-08-27T05:56:33Z,219002177,54.916357,11.360525,0.0,Under way using engine
2026-08-27T05:56:39Z,219000811,54.838697,11.491827,0.0,Under way using engine
2026-08-27T05:56:54Z,219000809,54.884323,11.483197,0.0,Under way using engine
2026-08-27T05:57:15Z,219002177,54.916352,11.360513,0.0,Under way using engine
2026-08-27T05:57:19Z,219000811,54.838698,11.491830,0.0,Under way using engine
2026-08-27T05:57:24Z,219000809,54.884320,11.483180,0.0,Under way using engine
2026-08-27T05:57:45Z,219002177,54.916355,11.360513,0.0,Under way using engine
2026-08-27T05:57:50Z,219000811,54.838702,11.491832,0.0,Under way using engine
2026-08-27T05:57:54Z,219000809,54.884318,11.483182,0.0,Under way using engine
2026-08-27T05:58:15Z,219002177,54.916353,11.360520,0.0,Under way using engine
2026-08-27T05:58:24Z,219000809,54.884220,11.483178,1.6,Under way using engine
2026-08-27T05:58:28Z,219000811,54.838703,11.491832,0.0,Under way using engine
2026-08-27T05:58:45Z,219002177,54.916367,11.360513,0.0,Under way using engine
2026-08-27T05:58:55Z,219000809,54.883780,11.483235,3.3,Under way using engine
2026-08-27T05:59:00Z,219000811,54.838703,11.491830,0.0,Under way using engine
2026-08-27T05:59:23Z,219002177,54.916353,11.360528,0.0,Under way using engine
2026-08-27T05:59:27Z,219000809,54.883352,11.483577,2.9,Under way using engine
2026-08-27T05:59:30Z,219000811,54.838703,11.491827,0.0,Under way using engine
2026-08-27T05:59:54Z,219002177,54.916355,11.360543,0.0,Under way using engine
2026-08-27T05:59:57Z,219000809,54.883178,11.483780,0.9,Under way using engine
2026-08-27T06:00:00Z,219000811,54.838705,11.491828,0.0,Under way using engine
2026-08-27T06:00:24Z,219002177,54.916358,11.360575,0.4,Under way using engine
2026-08-27T06:00:27Z,219000809,54.882808,11.483375,4.5,Under way using engine
2026-08-27T06:00:30Z,219000811,54.838703,11.491825,0.0,Under way using engine
2026-08-27T06:00:54Z,219002177,54.916320,11.361055,2.7,Under way using engine
2026-08-27T06:01:00Z,219000811,54.838700,11.491820,0.0,Under way using engine
2026-08-27T06:01:04Z,219000809,54.881853,11.482430,7.2,Under way using engine
2026-08-27T06:01:24Z,219002177,54.916350,11.361953,4.1,Under way using engine
2026-08-27T06:01:30Z,219000811,54.838698,11.491817,0.0,Under way using engine
2026-08-27T06:01:37Z,219000809,54.881053,11.480840,8.4,Under way using engine
2026-08-27T06:01:54Z,219002177,54.916362,11.363105,4.8,Under way using engine
2026-08-27T06:02:00Z,219000811,54.838695,11.491815,0.0,Under way using engine
2026-08-27T06:02:07Z,219000809,54.880462,11.479032,8.6,Under way using engine
2026-08-27T06:02:24Z,219002177,54.916428,11.364280,5.2,Under way using engine
2026-08-27T06:02:30Z,219000811,54.838692,11.491813,0.0,Under way using engine
2026-08-27T06:02:37Z,219000809,54.880310,11.476972,8.7,Under way using engine
2026-08-27T06:02:54Z,219002177,54.916583,11.365600,5.5,Under way using engine
2026-08-27T06:03:00Z,219000811,54.838690,11.491815,0.0,Under way using engine
2026-08-27T06:03:14Z,219000809,54.880342,11.474322,8.9,Under way using engine
2026-08-27T06:03:24Z,219002177,54.916695,11.366880,5.6,Under way using engine
2026-08-27T06:03:30Z,219000811,54.838690,11.491820,0.0,Under way using engine
2026-08-27T06:03:44Z,219000809,54.880628,11.472242,9.0,Under way using engine
2026-08-27T06:03:54Z,219002177,54.916838,11.368267,5.8,Under way using engine
2026-08-27T06:04:00Z,219000811,54.838692,11.491823,0.0,Under way using engine
2026-08-27T06:04:14Z,219000809,54.881000,11.470120,9.2,Under way using engine
2026-08-27T06:04:24Z,219002177,54.916955,11.369600,5.9,Under way using engine
2026-08-27T06:04:30Z,219000811,54.838693,11.491823,0.0,Under way using engine
2026-08-27T06:04:44Z,219000809,54.881355,11.467998,9.2,Under way using engine
2026-08-27T06:04:54Z,219002177,54.917225,11.370880,5.3,Under way using engine
2026-08-27T06:05:00Z,219000811,54.838690,11.491825,0.0,Under way using engine
2026-08-27T06:05:14Z,219000809,54.881737,11.465862,9.3,Under way using engine
2026-08-27T06:05:25Z,219002177,54.917918,11.371172,5.5,Under way using engine
2026-08-27T06:05:30Z,219000811,54.838690,11.491827,0.0,Under way using engine
2026-08-27T06:05:44Z,219000809,54.882230,11.463842,9.1,Under way using engine
2026-08-27T06:06:00Z,219000811,54.838685,11.491830,0.0,Under way using engine
2026-08-27T06:06:04Z,219002177,54.919045,11.371210,6.4,Under way using engine
2026-08-27T06:06:14Z,219000809,54.883158,11.462327,9.3,Under way using engine
2026-08-27T06:06:30Z,219000811,54.838683,11.491833,0.0,Under way using engine
2026-08-27T06:06:35Z,219002177,54.920008,11.371230,6.9,Under way using engine
2026-08-27T06:06:44Z,219000809,54.884223,11.461082,9.4,Under way using engine
2026-08-27T06:07:10Z,219000811,54.838685,11.491833,0.0,Under way using engine
2026-08-27T06:07:14Z,219000809,54.885332,11.459813,9.5,Under way using engine
2026-08-27T06:07:14Z,219002177,54.921263,11.371235,7.4,Under way using engine
2026-08-27T06:07:44Z,219000809,54.886422,11.458555,9.6,Under way using engine
2026-08-27T06:07:44Z,219002177,54.922307,11.371145,7.8,Under way using engine
2026-08-27T06:07:50Z,219000811,54.838687,11.491838,0.0,Under way using engine
2026-08-27T06:08:14Z,219002177,54.923395,11.371065,7.9,Under way using engine
2026-08-27T06:08:15Z,219000809,54.887597,11.457258,9.7,Under way using engine
2026-08-27T06:08:20Z,219000811,54.838695,11.491843,0.1,Under way using engine
2026-08-27T06:08:44Z,219002177,54.924523,11.370957,8.1,Under way using engine
2026-08-27T06:08:50Z,219000811,54.838698,11.491835,0.0,Under way using engine
2026-08-27T06:08:55Z,219000809,54.889070,11.455592,9.8,Under way using engine
2026-08-27T06:09:14Z,219002177,54.925625,11.370852,8.1,Under way using engine
2026-08-27T06:09:20Z,219000811,54.838695,11.491832,0.0,Under way using engine
2026-08-27T06:09:27Z,219000809,54.890105,11.453788,9.7,Under way using engine
2026-08-27T06:09:44Z,219002177,54.926747,11.370742,8.2,Under way using engine
2026-08-27T06:09:50Z,219000811,54.838692,11.491832,0.0,Under way using engine
2026-08-27T06:09:57Z,219000809,54.890770,11.451847,9.3,Under way using engine
2026-08-27T06:10:14Z,219002177,54.927882,11.370603,8.1,Under way using engine
2026-08-27T06:10:20Z,219000811,54.838693,11.491833,0.0,Under way using engine
2026-08-27T06:10:34Z,219000809,54.891555,11.449465,9.2,Under way using engine
2026-08-27T06:10:44Z,219002177,54.929008,11.370470,8.2,Under way using engine
2026-08-27T06:10:59Z,219000811,54.838697,11.491835,0.0,Under way using engine
2026-08-27T06:11:14Z,219002177,54.930118,11.370343,8.1,Under way using engine
2026-08-27T06:11:15Z,219000809,54.892330,11.446848,9.0,Under way using engine
2026-08-27T06:11:30Z,219000811,54.838695,11.491837,0.0,Under way using engine
2026-08-27T06:11:44Z,219002177,54.931243,11.370190,8.1,Under way using engine
2026-08-27T06:11:53Z,219000809,54.893063,11.444453,8.8,Under way using engine
2026-08-27T06:12:10Z,219000811,54.838693,11.491835,0.0,Under way using engine
2026-08-27T06:12:24Z,219000809,54.893632,11.442532,8.8,Under way using engine
2026-08-27T06:12:24Z,219002177,54.932687,11.370075,7.9,Under way using engine
2026-08-27T06:12:40Z,219000811,54.838695,11.491837,0.0,Under way using engine
2026-08-27T06:13:03Z,219000809,54.894350,11.440098,8.6,Under way using engine
2026-08-27T06:13:04Z,219002177,54.934027,11.370623,7.0,Under way using engine
2026-08-27T06:13:10Z,219000811,54.838697,11.491837,0.0,Under way using engine
2026-08-27T06:13:34Z,219000809,54.894905,11.438175,8.6,Under way using engine
2026-08-27T06:13:35Z,219002177,54.934835,11.371108,5.4,Under way using engine
2026-08-27T06:13:40Z,219000811,54.838695,11.491838,0.0,Under way using engine
2026-08-27T06:14:13Z,219000809,54.895608,11.435758,8.6,Under way using engine
2026-08-27T06:14:15Z,219002177,54.935525,11.371577,3.3,Under way using engine
2026-08-27T06:14:20Z,219000811,54.838693,11.491840,0.0,Under way using engine
2026-08-27T06:14:43Z,219000809,54.896102,11.433915,8.7,Under way using engine
2026-08-27T06:14:53Z,219002177,54.935817,11.371933,1.3,Under way using engine
2026-08-27T06:15:00Z,219000811,54.838692,11.491840,0.0,Under way using engine
2026-08-27T06:15:13Z,219000809,54.896663,11.432093,8.7,Under way using engine
2026-08-27T06:15:25Z,219002177,54.935943,11.372002,0.6,Under way using engine
2026-08-27T06:15:40Z,219000811,54.838690,11.491840,0.0,Under way using engine
2026-08-27T06:15:43Z,219000809,54.897217,11.430185,8.8,Under way using engine
2026-08-27T06:16:05Z,219002177,54.935958,11.372000,0.0,Under way using engine
2026-08-27T06:16:13Z,219000809,54.897808,11.428298,8.8,Under way using engine
2026-08-27T06:16:19Z,219000811,54.838690,11.491835,0.0,Under way using engine
2026-08-27T06:16:35Z,219002177,54.935962,11.372010,0.0,Under way using engine
2026-08-27T06:16:43Z,219000809,54.898370,11.426402,8.9,Under way using engine
2026-08-27T06:16:49Z,219000811,54.838690,11.491830,0.0,Under way using engine
2026-08-27T06:17:05Z,219002177,54.935962,11.372002,0.0,Under way using engine
2026-08-27T06:17:13Z,219000809,54.898920,11.424505,8.8,Under way using engine
2026-08-27T06:17:19Z,219000811,54.838688,11.491827,0.0,Under way using engine
2026-08-27T06:17:35Z,219002177,54.935968,11.372000,0.0,Under way using engine
2026-08-27T06:17:43Z,219000809,54.899467,11.422618,8.8,Under way using engine
2026-08-27T06:17:49Z,219000811,54.838687,11.491827,0.0,Under way using engine
2026-08-27T06:18:05Z,219002177,54.935978,11.371988,0.0,Under way using engine
2026-08-27T06:18:13Z,219000809,54.900012,11.420728,8.7,Under way using engine
2026-08-27T06:18:19Z,219000811,54.838687,11.491828,0.0,Under way using engine
2026-08-27T06:18:43Z,219000809,54.900558,11.418872,8.7,Under way using engine
2026-08-27T06:18:49Z,219000811,54.838688,11.491827,0.0,Under way using engine
2026-08-27T06:18:53Z,219002177,54.935967,11.371978,0.0,Under way using engine
2026-08-27T06:19:13Z,219000809,54.901100,11.416992,8.7,Under way using engine
2026-08-27T06:19:19Z,219000811,54.838690,11.491828,0.0,Under way using engine
2026-08-27T06:19:25Z,219002177,54.935962,11.371982,0.0,Under way using engine
2026-08-27T06:19:43Z,219000809,54.901647,11.415112,8.7,Under way using engine
2026-08-27T06:19:49Z,219000811,54.838692,11.491827,0.0,Under way using engine
2026-08-27T06:20:05Z,219002177,54.935957,11.371983,0.0,Under way using engine
2026-08-27T06:20:14Z,219000809,54.902208,11.413167,8.8,Under way using engine
2026-08-27T06:20:19Z,219000811,54.838695,11.491828,0.0,Under way using engine
2026-08-27T06:20:43Z,219002177,54.935955,11.371993,0.0,Under way using engine
2026-08-27T06:20:49Z,219000811,54.838697,11.491832,0.0,Under way using engine
2026-08-27T06:20:54Z,219000809,54.902942,11.410627,8.8,Under way using engine
2026-08-27T06:21:14Z,219002177,54.935955,11.372008,0.0,Under way using engine
2026-08-27T06:21:19Z,219000811,54.838697,11.491832,0.0,Under way using engine
2026-08-27T06:21:24Z,219000809,54.903425,11.408698,8.7,Under way using engine
2026-08-27T06:21:49Z,219000811,54.838700,11.491830,0.0,Under way using engine
2026-08-27T06:21:54Z,219000809,54.903862,11.406727,8.7,Under way using engine
2026-08-27T06:21:54Z,219002177,54.935958,11.372012,0.0,Under way using engine
2026-08-27T06:22:19Z,219000811,54.838700,11.491828,0.0,Under way using engine
2026-08-27T06:22:24Z,219000809,54.904305,11.404782,8.7,Under way using engine
2026-08-27T06:22:25Z,219002177,54.935965,11.371995,0.0,Under way using engine
2026-08-27T06:22:49Z,219000811,54.838702,11.491827,0.0,Under way using engine
2026-08-27T06:22:54Z,219000809,54.904743,11.402825,8.7,Under way using engine
2026-08-27T06:23:04Z,219002177,54.935963,11.371995,0.0,Under way using engine
2026-08-27T06:23:19Z,219000811,54.838703,11.491825,0.0,Under way using engine
2026-08-27T06:23:24Z,219000809,54.905170,11.400865,8.7,Under way using engine
2026-08-27T06:23:34Z,219002177,54.935957,11.371995,0.0,Under way using engine
2026-08-27T06:23:54Z,219000809,54.905592,11.398920,8.7,Under way using engine
2026-08-27T06:24:00Z,219000811,54.838702,11.491823,0.0,Under way using engine
2026-08-27T06:24:04Z,219002177,54.935952,11.372018,0.0,Under way using engine
2026-08-27T06:24:24Z,219000809,54.906023,11.396928,8.7,Under way using engine
2026-08-27T06:24:34Z,219002177,54.935957,11.372003,0.0,Under way using engine
2026-08-27T06:24:39Z,219000811,54.838702,11.491822,0.0,Under way using engine
2026-08-27T06:24:54Z,219000809,54.906442,11.394967,8.7,Under way using engine
2026-08-27T06:25:04Z,219002177,54.935957,11.371975,0.0,Under way using engine
2026-08-27T06:25:10Z,219000811,54.838700,11.491820,0.0,Under way using engine
2026-08-27T06:25:24Z,219000809,54.907060,11.393243,8.4,Under way using engine
2026-08-27T06:25:34Z,219002177,54.935958,11.371973,0.0,Under way using engine
2026-08-27T06:25:40Z,219000811,54.838700,11.491820,0.0,Under way using engine
2026-08-27T06:25:54Z,219000809,54.907910,11.391792,8.6,Under way using engine
2026-08-27T06:26:04Z,219002177,54.935962,11.371963,0.0,Under way using engine
2026-08-27T06:26:10Z,219000811,54.838698,11.491820,0.0,Under way using engine
2026-08-27T06:26:24Z,219000809,54.908773,11.390312,8.7,Under way using engine
2026-08-27T06:26:34Z,219002177,54.935963,11.371955,0.0,Under way using engine
2026-08-27T06:26:40Z,219000811,54.838698,11.491822,0.0,Under way using engine
2026-08-27T06:26:54Z,219000809,54.909612,11.388775,8.8,Under way using engine
2026-08-27T06:27:04Z,219002177,54.935965,11.371950,0.0,Under way using engine
2026-08-27T06:27:19Z,219000811,54.838698,11.491820,0.0,Under way using engine
2026-08-27T06:27:24Z,219000809,54.910442,11.387247,8.8,Under way using engine
2026-08-27T06:27:34Z,219002177,54.935963,11.371967,0.0,Under way using engine
2026-08-27T06:27:54Z,219000809,54.911302,11.385692,8.9,Under way using engine
2026-08-27T06:28:00Z,219000811,54.838700,11.491820,0.0,Under way using engine
2026-08-27T06:28:05Z,219002177,54.935950,11.371982,0.0,Under way using engine
2026-08-27T06:28:24Z,219000809,54.912180,11.384152,9.0,Under way using engine
2026-08-27T06:28:35Z,219002177,54.935953,11.371973,0.0,Under way using engine
2026-08-27T06:28:40Z,219000811,54.838702,11.491823,0.0,Under way using engine
2026-08-27T06:28:54Z,219000809,54.913057,11.382613,9.0,Under way using engine
2026-08-27T06:29:05Z,219002177,54.935968,11.371987,0.0,Under way using engine
2026-08-27T06:29:19Z,219000811,54.838705,11.491827,0.0,Under way using engine
2026-08-27T06:29:24Z,219000809,54.913945,11.381105,9.0,Under way using engine
2026-08-27T06:29:35Z,219002177,54.935983,11.371957,0.0,Under way using engine
2026-08-27T06:29:54Z,219000809,54.914865,11.379563,9.0,Under way using engine
2026-08-27T06:29:59Z,219000811,54.838707,11.491828,0.0,Under way using engine
2026-08-27T06:30:05Z,219002177,54.935965,11.371953,0.0,Under way using engine
2026-08-27T06:30:24Z,219000809,54.915772,11.378050,9.1,Under way using engine
2026-08-27T06:30:35Z,219002177,54.935968,11.371955,0.0,Under way using engine
2026-08-27T06:30:40Z,219000811,54.838708,11.491828,0.0,Under way using engine
2026-08-27T06:30:54Z,219000809,54.916562,11.376403,8.9,Under way using engine
2026-08-27T06:31:05Z,219002177,54.935868,11.371873,1.4,Under way using engine
2026-08-27T06:31:20Z,219000811,54.838708,11.491832,0.0,Under way using engine
2026-08-27T06:31:24Z,219000809,54.916972,11.374462,8.5,Under way using engine
2026-08-27T06:31:35Z,219002177,54.935438,11.371525,4.3,Under way using engine
2026-08-27T06:31:54Z,219000809,54.916948,11.372465,8.3,Under way using engine
2026-08-27T06:31:59Z,219000811,54.838707,11.491832,0.0,Under way using engine
2026-08-27T06:32:05Z,219002177,54.934770,11.370973,5.6,Under way using engine
2026-08-27T06:32:24Z,219000809,54.916853,11.370507,8.2,Under way using engine
2026-08-27T06:32:29Z,219000811,54.838708,11.491832,0.0,Under way using engine
2026-08-27T06:32:35Z,219002177,54.933947,11.370842,6.1,Under way using engine
2026-08-27T06:32:54Z,219000809,54.916770,11.368542,8.2,Under way using engine
2026-08-27T06:32:59Z,219000811,54.838708,11.491827,0.0,Under way using engine
2026-08-27T06:33:05Z,219002177,54.933040,11.370815,6.7,Under way using engine
2026-08-27T06:33:24Z,219000809,54.916578,11.366583,8.2,Under way using engine
2026-08-27T06:33:29Z,219000811,54.838710,11.491823,0.0,Under way using engine
2026-08-27T06:33:44Z,219002177,54.931800,11.370848,7.0,Under way using engine
2026-08-27T06:33:54Z,219000809,54.916418,11.364755,7.2,Under way using engine
2026-08-27T06:33:59Z,219000811,54.838712,11.491818,0.0,Under way using engine
2026-08-27T06:34:14Z,219002177,54.930812,11.370875,7.2,Under way using engine
2026-08-27T06:34:24Z,219000809,54.916295,11.363308,6.0,Under way using engine
2026-08-27T06:34:29Z,219000811,54.838712,11.491817,0.0,Under way using engine
2026-08-27T06:34:44Z,219002177,54.929818,11.370900,7.2,Under way using engine
2026-08-27T06:34:54Z,219000809,54.916212,11.361875,5.6,Under way using engine
2026-08-27T06:34:59Z,219000811,54.838708,11.491818,0.0,Under way using engine
2026-08-27T06:35:14Z,219002177,54.928820,11.370887,7.1,Under way using engine
2026-08-27T06:35:24Z,219000809,54.916063,11.360903,3.0,Under way using engine
2026-08-27T06:35:29Z,219000811,54.838707,11.491817,0.0,Under way using engine
2026-08-27T06:35:44Z,219002177,54.927838,11.370877,7.1,Under way using engine
2026-08-27T06:35:54Z,219000809,54.916008,11.360685,0.5,Under way using engine
2026-08-27T06:35:59Z,219000811,54.838707,11.491813,0.0,Under way using engine
2026-08-27T06:36:14Z,219002177,54.926870,11.370883,7.0,Under way using engine
2026-08-27T06:36:24Z,219000809,54.916010,11.360617,0.7,Under way using engine
2026-08-27T06:36:29Z,219000811,54.838707,11.491815,0.0,Under way using engine
2026-08-27T06:36:54Z,219000809,54.916047,11.360380,1.2,Under way using engine
2026-08-27T06:36:54Z,219002177,54.925600,11.370893,6.9,Under way using engine
2026-08-27T06:36:59Z,219000811,54.838710,11.491818,0.0,Under way using engine
2026-08-27T06:37:24Z,219000809,54.916055,11.360172,0.7,Under way using engine
2026-08-27T06:37:29Z,219000811,54.838710,11.491817,0.0,Under way using engine
2026-08-27T06:37:33Z,219002177,54.924320,11.370883,6.9,Under way using engine
2026-08-27T06:37:54Z,219000809,54.916065,11.360040,0.4,Under way using engine
2026-08-27T06:38:05Z,219002177,54.923340,11.370872,6.9,Under way using engine
2026-08-27T06:38:10Z,219000811,54.838710,11.491817,0.0,Under way using engine
2026-08-27T06:38:24Z,219000809,54.916052,11.360037,0.0,Under way using engine
2026-08-27T06:38:44Z,219002177,54.922115,11.370878,6.7,Under way using engine
2026-08-27T06:38:54Z,219000809,54.916062,11.360032,0.0,Under way using engine
2026-08-27T06:38:58Z,219000811,54.838710,11.491818,0.0,Under way using engine
2026-08-27T06:39:14Z,219002177,54.921185,11.370920,6.6,Under way using engine
2026-08-27T06:39:24Z,219000809,54.916052,11.360042,0.0,Under way using engine
2026-08-27T06:39:28Z,219000811,54.838710,11.491815,0.0,Under way using engine
2026-08-27T06:39:44Z,219002177,54.920278,11.370970,6.6,Under way using engine
2026-08-27T06:39:54Z,219000809,54.916057,11.360020,0.0,Under way using engine
2026-08-27T06:39:58Z,219000811,54.838710,11.491813,0.0,Under way using engine
2026-08-27T06:40:14Z,219002177,54.919313,11.371043,6.8,Under way using engine
2026-08-27T06:40:24Z,219000809,54.916050,11.360015,0.0,Under way using engine
2026-08-27T06:40:28Z,219000811,54.838715,11.491813,0.0,Under way using engine
2026-08-27T06:40:44Z,219002177,54.918408,11.371175,6.8,Under way using engine
2026-08-27T06:40:54Z,219000809,54.916055,11.360008,0.0,Under way using engine
2026-08-27T06:40:58Z,219000811,54.838713,11.491817,0.0,Under way using engine
2026-08-27T06:41:14Z,219002177,54.917432,11.371100,6.8,Under way using engine
2026-08-27T06:41:24Z,219000809,54.916032,11.360013,0.0,Under way using engine
2026-08-27T06:41:28Z,219000811,54.838713,11.491815,0.0,Under way using engine
2026-08-27T06:41:54Z,219000809,54.916023,11.360047,0.0,Under way using engine
2026-08-27T06:41:55Z,219002177,54.916795,11.369598,6.3,Under way using engine
2026-08-27T06:41:58Z,219000811,54.838708,11.491813,0.0,Under way using engine
2026-08-27T06:42:24Z,219000809,54.916047,11.360027,0.0,Under way using engine
2026-08-27T06:42:29Z,219000811,54.838702,11.491817,0.0,Under way using engine
2026-08-27T06:42:33Z,219002177,54.916697,11.367418,7.2,Under way using engine
2026-08-27T06:42:54Z,219000809,54.916047,11.360025,0.0,Under way using engine
2026-08-27T06:43:00Z,219000811,54.838703,11.491818,0.0,Under way using engine
2026-08-27T06:43:05Z,219002177,54.916568,11.365587,7.5,Under way using engine
2026-08-27T06:43:24Z,219000809,54.916040,11.360013,0.0,Under way using engine
2026-08-27T06:43:40Z,219000811,54.838708,11.491820,0.0,Under way using engine
2026-08-27T06:43:43Z,219002177,54.916402,11.363325,7.0,Under way using engine
2026-08-27T06:43:54Z,219000809,54.916045,11.359998,0.0,Under way using engine
2026-08-27T06:44:14Z,219002177,54.916332,11.361805,5.6,Under way using engine
2026-08-27T06:44:20Z,219000811,54.838710,11.491822,0.0,Under way using engine
2026-08-27T06:44:24Z,219000809,54.916050,11.360020,0.1,Under way using engine
2026-08-27T06:44:54Z,219000809,54.916052,11.360027,0.0,Under way using engine
2026-08-27T06:44:54Z,219002177,54.916368,11.360870,1.5,Under way using engine
2026-08-27T06:45:00Z,219000811,54.838712,11.491825,0.0,Under way using engine
2026-08-27T06:45:24Z,219000809,54.916065,11.360010,0.0,Under way using engine
2026-08-27T06:45:24Z,219002177,54.916363,11.360610,0.9,Under way using engine
2026-08-27T06:45:40Z,219000811,54.838715,11.491827,0.0,Under way using engine
2026-08-27T06:45:54Z,219000809,54.916080,11.360017,0.0,Under way using engine
2026-08-27T06:45:54Z,219002177,54.916353,11.360515,0.1,Under way using engine
2026-08-27T06:46:20Z,219000811,54.838717,11.491822,0.0,Under way using engine
2026-08-27T06:46:35Z,219000809,54.916063,11.360002,0.0,Under way using engine
2026-08-27T06:46:44Z,219002177,54.916348,11.360527,0.0,Under way using engine
2026-08-27T06:47:00Z,219000811,54.838720,11.491823,0.0,Under way using engine
2026-08-27T06:47:13Z,219000809,54.916073,11.360037,0.0,Under way using engine
2026-08-27T06:47:14Z,219002177,54.916343,11.360555,0.0,Under way using engine
2026-08-27T06:47:39Z,219000811,54.838727,11.491822,0.0,Under way using engine
2026-08-27T06:47:43Z,219000809,54.916078,11.360035,0.0,Under way using engine
2026-08-27T06:47:44Z,219002177,54.916332,11.360537,0.0,Under way using engine
2026-08-27T06:48:10Z,219000811,54.838723,11.491818,0.0,Under way using engine
2026-08-27T06:48:13Z,219000809,54.916075,11.360052,0.0,Under way using engine
2026-08-27T06:48:24Z,219002177,54.916337,11.360515,0.0,Under way using engine
2026-08-27T06:48:43Z,219000809,54.916063,11.360033,0.1,Under way using engine
2026-08-27T06:48:49Z,219000811,54.838717,11.491815,0.0,Under way using engine
2026-08-27T06:48:54Z,219002177,54.916332,11.360517,0.0,Under way using engine
2026-08-27T06:49:13Z,219000809,54.916065,11.360013,0.1,Under way using engine
2026-08-27T06:49:20Z,219000811,54.838712,11.491813,0.0,Under way using engine
2026-08-27T06:49:24Z,219002177,54.916335,11.360505,0.0,Under way using engine
2026-08-27T06:49:44Z,219000809,54.916068,11.360010,0.0,Under way using engine
2026-08-27T06:49:50Z,219000811,54.838708,11.491813,0.0,Under way using engine
2026-08-27T06:49:54Z,219002177,54.916340,11.360513,0.0,Under way using engine
2026-08-27T06:50:20Z,219000811,54.838708,11.491815,0.0,Under way using engine
2026-08-27T06:50:23Z,219000809,54.916078,11.360022,0.0,Under way using engine
2026-08-27T06:50:24Z,219002177,54.916348,11.360530,0.0,Under way using engine
2026-08-27T06:50:50Z,219000811,54.838710,11.491813,0.1,Under way using engine
2026-08-27T06:50:54Z,219000809,54.916077,11.360038,0.0,Under way using engine
2026-08-27T06:50:54Z,219002177,54.916353,11.360512,0.0,Under way using engine
2026-08-27T06:51:20Z,219000811,54.838707,11.491810,0.0,Under way using engine
2026-08-27T06:51:24Z,219002177,54.916358,11.360523,0.0,Under way using engine
2026-08-27T06:51:35Z,219000809,54.916075,11.360030,0.0,Under way using engine
2026-08-27T06:51:50Z,219000811,54.838707,11.491812,0.0,Under way using engine
2026-08-27T06:51:54Z,219002177,54.916353,11.360543,0.0,Under way using engine
2026-08-27T06:52:05Z,219000809,54.916085,11.360035,0.0,Under way using engine
2026-08-27T06:52:20Z,219000811,54.838710,11.491815,0.0,Under way using engine
2026-08-27T06:52:24Z,219002177,54.916350,11.360540,0.0,Under way using engine
2026-08-27T06:52:35Z,219000809,54.916072,11.360218,1.7,Under way using engine
2026-08-27T06:52:50Z,219000811,54.838713,11.491822,0.0,Under way using engine
2026-08-27T06:52:54Z,219002177,54.916375,11.360545,0.0,Under way using engine
2026-08-27T06:53:07Z,219000809,54.916072,11.361060,3.8,Under way using engine
2026-08-27T06:53:20Z,219000811,54.838715,11.491825,0.1,Under way using engine
2026-08-27T06:53:24Z,219002177,54.916365,11.360550,0.0,Under way using engine
2026-08-27T06:53:37Z,219000809,54.916233,11.362070,4.6,Under way using engine
2026-08-27T06:53:50Z,219000811,54.838715,11.491825,0.0,Under way using engine
2026-08-27T06:53:54Z,219002177,54.916362,11.360543,0.0,Under way using engine
2026-08-27T06:54:07Z,219000809,54.916352,11.363273,5.6,Under way using engine
2026-08-27T06:54:24Z,219002177,54.916357,11.360513,0.0,Under way using engine
2026-08-27T06:54:30Z,219000811,54.838715,11.491820,0.0,Under way using engine
2026-08-27T06:54:44Z,219000809,54.916448,11.365260,7.1,Under way using engine
2026-08-27T06:54:54Z,219002177,54.916370,11.360525,0.0,Under way using engine
2026-08-27T06:55:09Z,219000811,54.838713,11.491820,0.0,Under way using engine
2026-08-27T06:55:23Z,219000809,54.916547,11.367545,7.5,Under way using engine
2026-08-27T06:55:25Z,219002177,54.916370,11.360538,0.0,Under way using engine
2026-08-27T06:55:40Z,219000811,54.838717,11.491823,0.0,Under way using engine
2026-08-27T06:55:54Z,219000809,54.916625,11.369425,7.6,Under way using engine
2026-08-27T06:56:05Z,219002177,54.916365,11.360512,0.0,Under way using engine
2026-08-27T06:56:18Z,219000811,54.838718,11.491823,0.0,Under way using engine
2026-08-27T06:56:35Z,219000809,54.916677,11.371852,7.5,Under way using engine
2026-08-27T06:56:35Z,219002177,54.916368,11.360512,0.0,Under way using engine
2026-08-27T06:56:48Z,219000811,54.838717,11.491820,0.0,Under way using engine
2026-08-27T06:57:05Z,219002177,54.916368,11.360520,0.0,Under way using engine
2026-08-27T06:57:07Z,219000809,54.916658,11.373248,3.4,Under way using engine
2026-08-27T06:57:18Z,219000811,54.838717,11.491820,0.0,Under way using engine
2026-08-27T06:57:35Z,219002177,54.916362,11.360525,0.0,Under way using engine
2026-08-27T06:57:37Z,219000809,54.916808,11.373393,1.7,Under way using engine
2026-08-27T06:57:48Z,219000811,54.838718,11.491818,0.0,Under way using engine
2026-08-27T06:58:05Z,219002177,54.916368,11.360527,0.0,Under way using engine
2026-08-27T06:58:07Z,219000809,54.917082,11.373782,2.7,Under way using engine
2026-08-27T06:58:18Z,219000811,54.838718,11.491818,0.0,Under way using engine
2026-08-27T06:58:35Z,219002177,54.916348,11.360527,0.0,Under way using engine
2026-08-27T06:58:37Z,219000809,54.917058,11.374362,2.9,Under way using engine
2026-08-27T06:59:00Z,219000811,54.838720,11.491823,0.0,Under way using engine
2026-08-27T06:59:05Z,219002177,54.916355,11.360528,0.0,Under way using engine
2026-08-27T06:59:07Z,219000809,54.916648,11.375232,5.3,Under way using engine
2026-08-27T06:59:30Z,219000811,54.838723,11.491827,0.0,Under way using engine
2026-08-27T06:59:35Z,219002177,54.916380,11.360528,0.0,Under way using engine
2026-08-27T06:59:43Z,219000809,54.916008,11.376530,6.2,Under way using engine
2026-08-27T07:00:00Z,219000811,54.838722,11.491827,0.0,Under way using engine
2026-08-27T07:00:24Z,219000809,54.915138,11.378308,7.5,Under way using engine
2026-08-27T07:00:25Z,219002177,54.916388,11.360532,0.0,Under way using engine
2026-08-27T07:00:30Z,219000811,54.838725,11.491832,0.0,Under way using engine
2026-08-27T07:00:54Z,219000809,54.914445,11.379682,7.7,Under way using engine
2026-08-27T07:01:00Z,219000811,54.838723,11.491833,0.0,Under way using engine
2026-08-27T07:01:04Z,219002177,54.916373,11.360532,0.0,Under way using engine
2026-08-27T07:01:24Z,219000809,54.913730,11.381138,7.9,Under way using engine
2026-08-27T07:01:30Z,219000811,54.838723,11.491832,0.0,Under way using engine
2026-08-27T07:01:35Z,219002177,54.916370,11.360523,0.0,Under way using engine
2026-08-27T07:01:54Z,219000809,54.913017,11.382553,7.9,Under way using engine
2026-08-27T07:02:00Z,219000811,54.838725,11.491828,0.0,Under way using engine
2026-08-27T07:02:15Z,219002177,54.916367,11.360525,0.0,Under way using engine
2026-08-27T07:02:24Z,219000809,54.912292,11.383983,7.9,Under way using engine
2026-08-27T07:02:39Z,219000811,54.838728,11.491827,0.0,Under way using engine
2026-08-27T07:02:45Z,219002177,54.916370,11.360527,0.0,Under way using engine
2026-08-27T07:02:54Z,219000809,54.911573,11.385415,7.9,Under way using engine
2026-08-27T07:03:10Z,219000811,54.838727,11.491827,0.0,Under way using engine
2026-08-27T07:03:23Z,219002177,54.916368,11.360525,0.0,Under way using engine
2026-08-27T07:03:24Z,219000809,54.910820,11.386822,8.0,Under way using engine
2026-08-27T07:03:48Z,219000811,54.838728,11.491828,0.0,Under way using engine
2026-08-27T07:03:54Z,219000809,54.910092,11.388280,8.0,Under way using engine
2026-08-27T07:03:54Z,219002177,54.916367,11.360515,0.0,Under way using engine
2026-08-27T07:04:20Z,219000811,54.838730,11.491832,0.0,Under way using engine
2026-08-27T07:04:24Z,219000809,54.909323,11.389673,8.0,Under way using engine
2026-08-27T07:04:34Z,219002177,54.916367,11.360510,0.0,Under way using engine
2026-08-27T07:04:54Z,219000809,54.908662,11.391200,7.9,Under way using engine
2026-08-27T07:05:00Z,219000811,54.838730,11.491832,0.0,Under way using engine
2026-08-27T07:05:04Z,219002177,54.916368,11.360533,0.0,Under way using engine
2026-08-27T07:05:24Z,219000809,54.908280,11.392977,8.0,Under way using engine
2026-08-27T07:05:34Z,219002177,54.916358,11.360522,0.0,Under way using engine
2026-08-27T07:05:39Z,219000811,54.838727,11.491830,0.0,Under way using engine
2026-08-27T07:05:57Z,219000809,54.908262,11.395090,8.0,Under way using engine
2026-08-27T07:06:04Z,219002177,54.916373,11.360533,0.0,Under way using engine
2026-08-27T07:06:10Z,219000811,54.838725,11.491827,0.0,Under way using engine
2026-08-27T07:06:27Z,219000809,54.908483,11.396942,7.9,Under way using engine
2026-08-27T07:06:34Z,219002177,54.916378,11.360548,0.0,Under way using engine
2026-08-27T07:06:48Z,219000811,54.838722,11.491823,0.0,Under way using engine
2026-08-27T07:06:57Z,219000809,54.909002,11.398688,8.2,Under way using engine
2026-08-27T07:07:04Z,219002177,54.916372,11.360557,0.0,Under way using engine
2026-08-27T07:07:20Z,219000811,54.838722,11.491823,0.0,Under way using engine
2026-08-27T07:07:27Z,219000809,54.909702,11.400242,8.3,Under way using engine
2026-08-27T07:07:34Z,219002177,54.916372,11.360538,0.0,Under way using engine
2026-08-27T07:07:50Z,219000811,54.838717,11.491822,0.0,Under way using engine
2026-08-27T07:08:03Z,219000809,54.910575,11.402128,8.4,Under way using engine
2026-08-27T07:08:04Z,219002177,54.916375,11.360543,0.0,Under way using engine
2026-08-27T07:08:20Z,219000811,54.838720,11.491825,0.0,Under way using engine
2026-08-27T07:08:33Z,219000809,54.911298,11.403717,8.4,Under way using engine
2026-08-27T07:08:34Z,219002177,54.916377,11.360518,0.0,Under way using engine
2026-08-27T07:08:50Z,219000811,54.838723,11.491825,0.0,Under way using engine
2026-08-27T07:09:04Z,219002177,54.916378,11.360527,0.0,Under way using engine
2026-08-27T07:09:05Z,219000809,54.912062,11.405427,8.5,Under way using engine
2026-08-27T07:09:20Z,219000811,54.838722,11.491822,0.0,Under way using engine
2026-08-27T07:09:34Z,219002177,54.916375,11.360537,0.0,Under way using engine
2026-08-27T07:09:38Z,219000809,54.912730,11.406932,8.5,Under way using engine
2026-08-27T07:09:50Z,219000811,54.838723,11.491818,0.0,Under way using engine
2026-08-27T07:10:04Z,219002177,54.916353,11.360942,2.6,Under way using engine
2026-08-27T07:10:15Z,219000809,54.913742,11.409183,8.4,Under way using engine
2026-08-27T07:10:30Z,219000811,54.838728,11.491815,0.0,Under way using engine
2026-08-27T07:10:34Z,219002177,54.916338,11.361880,4.4,Under way using engine
2026-08-27T07:10:45Z,219000809,54.914430,11.410727,8.4,Under way using engine
2026-08-27T07:11:04Z,219002177,54.916333,11.363060,5.1,Under way using engine
2026-08-27T07:11:15Z,219000809,54.915167,11.412362,8.4,Under way using engine
2026-08-27T07:11:19Z,219000811,54.838725,11.491815,0.0,Under way using engine
2026-08-27T07:11:34Z,219002177,54.916458,11.364360,5.7,Under way using engine
2026-08-27T07:11:45Z,219000809,54.915852,11.413923,8.5,Under way using engine
2026-08-27T07:11:50Z,219000811,54.838722,11.491815,0.0,Under way using engine
2026-08-27T07:12:04Z,219002177,54.916598,11.365752,6.0,Under way using engine
2026-08-27T07:12:15Z,219000809,54.916602,11.415572,8.4,Under way using engine
2026-08-27T07:12:23Z,219000811,54.838720,11.491817,0.0,Under way using engine
2026-08-27T07:12:34Z,219002177,54.916723,11.367188,6.1,Under way using engine
2026-08-27T07:12:45Z,219000809,54.917268,11.417132,8.5,Under way using engine
2026-08-27T07:12:59Z,219000811,54.838713,11.491820,0.0,Under way using engine
2026-08-27T07:13:04Z,219002177,54.916875,11.368638,6.2,Under way using engine
2026-08-27T07:13:15Z,219000809,54.918033,11.418808,8.6,Under way using engine
2026-08-27T07:13:30Z,219000811,54.838718,11.491827,0.0,Under way using engine
2026-08-27T07:13:34Z,219002177,54.917037,11.370102,6.1,Under way using engine
2026-08-27T07:13:45Z,219000809,54.918718,11.420368,8.4,Under way using engine
2026-08-27T07:14:04Z,219002177,54.917373,11.371345,5.5,Under way using engine
2026-08-27T07:14:08Z,219000811,54.838713,11.491822,0.0,Under way using engine
2026-08-27T07:14:15Z,219000809,54.919458,11.422022,8.5,Under way using engine
2026-08-27T07:14:34Z,219002177,54.918130,11.371538,6.0,Under way using engine
2026-08-27T07:14:39Z,219000811,54.838715,11.491820,0.0,Under way using engine
2026-08-27T07:14:45Z,219000809,54.920128,11.423580,8.3,Under way using engine
2026-08-27T07:15:04Z,219002177,54.919050,11.371628,6.8,Under way using engine
2026-08-27T07:15:15Z,219000809,54.920888,11.425267,8.6,Under way using engine
2026-08-27T07:15:19Z,219000811,54.838717,11.491828,0.0,Under way using engine
2026-08-27T07:15:34Z,219002177,54.920043,11.371632,7.3,Under way using engine
2026-08-27T07:15:45Z,219000809,54.921577,11.426868,8.6,Under way using engine
2026-08-27T07:15:50Z,219000811,54.838712,11.491827,0.0,Under way using engine
2026-08-27T07:16:04Z,219002177,54.921097,11.371643,7.8,Under way using engine
2026-08-27T07:16:23Z,219000809,54.922513,11.428975,8.5,Under way using engine
2026-08-27T07:16:28Z,219000811,54.838712,11.491827,0.0,Under way using engine
2026-08-27T07:16:34Z,219002177,54.922215,11.371615,8.1,Under way using engine
2026-08-27T07:16:53Z,219000809,54.923215,11.430600,8.4,Under way using engine
2026-08-27T07:16:59Z,219000811,54.838710,11.491825,0.0,Under way using engine
2026-08-27T07:17:05Z,219002177,54.923403,11.371560,8.4,Under way using engine
2026-08-27T07:17:23Z,219000809,54.923915,11.432150,8.3,Under way using engine
2026-08-27T07:17:39Z,219000811,54.838708,11.491828,0.0,Under way using engine
2026-08-27T07:17:44Z,219002177,54.924957,11.371480,8.5,Under way using engine
2026-08-27T07:17:53Z,219000809,54.924603,11.433730,8.5,Under way using engine
2026-08-27T07:18:14Z,219002177,54.926077,11.371347,8.5,Under way using engine
2026-08-27T07:18:19Z,219000811,54.838715,11.491832,0.0,Under way using engine
2026-08-27T07:18:24Z,219000809,54.925367,11.435465,8.5,Under way using engine
2026-08-27T07:18:45Z,219002177,54.927283,11.371332,8.5,Under way using engine
2026-08-27T07:18:50Z,219000811,54.838722,11.491835,0.0,Under way using engine
2026-08-27T07:19:04Z,219000809,54.926303,11.437617,8.6,Under way using engine
2026-08-27T07:19:24Z,219002177,54.928825,11.371247,8.5,Under way using engine
2026-08-27T07:19:29Z,219000811,54.838722,11.491833,0.0,Under way using engine
2026-08-27T07:19:34Z,219000809,54.927032,11.439248,8.6,Under way using engine
2026-08-27T07:19:54Z,219002177,54.930007,11.371182,8.6,Under way using engine
2026-08-27T07:19:59Z,219000811,54.838725,11.491832,0.0,Under way using engine
2026-08-27T07:20:04Z,219000809,54.927752,11.440900,8.5,Under way using engine
2026-08-27T07:20:24Z,219002177,54.931177,11.371073,8.5,Under way using engine
2026-08-27T07:20:29Z,219000811,54.838727,11.491833,0.0,Under way using engine
2026-08-27T07:20:34Z,219000809,54.928518,11.442490,8.5,Under way using engine
2026-08-27T07:20:54Z,219002177,54.932308,11.370962,8.4,Under way using engine
2026-08-27T07:21:04Z,219000809,54.929248,11.444070,8.5,Under way using engine
2026-08-27T07:21:09Z,219000811,54.838725,11.491828,0.0,Under way using engine
2026-08-27T07:21:24Z,219002177,54.933478,11.370877,8.2,Under way using engine
2026-08-27T07:21:34Z,219000809,54.929963,11.445628,8.4,Under way using engine
2026-08-27T07:21:40Z,219000811,54.838718,11.491823,0.0,Under way using engine
2026-08-27T07:21:54Z,219002177,54.934478,11.371110,6.8,Under way using engine
2026-08-27T07:22:04Z,219000809,54.930680,11.447187,8.4,Under way using engine
2026-08-27T07:22:20Z,219000811,54.838718,11.491823,0.0,Under way using engine
2026-08-27T07:22:24Z,219002177,54.935238,11.371472,5.1,Under way using engine
2026-08-27T07:22:34Z,219000809,54.931448,11.448788,8.5,Under way using engine
2026-08-27T07:22:50Z,219000811,54.838713,11.491823,0.0,Under way using engine
2026-08-27T07:22:54Z,219002177,54.935705,11.371775,2.6,Under way using engine
2026-08-27T07:23:04Z,219000809,54.932160,11.450387,8.6,Under way using engine
2026-08-27T07:23:20Z,219000811,54.838713,11.491823,0.0,Under way using engine
2026-08-27T07:23:33Z,219002177,54.935900,11.371943,0.8,Under way using engine
2026-08-27T07:23:34Z,219000809,54.932905,11.452017,8.5,Under way using engine
2026-08-27T07:23:50Z,219000811,54.838713,11.491823,0.0,Under way using engine
2026-08-27T07:24:04Z,219000809,54.933478,11.453787,8.4,Under way using engine
2026-08-27T07:24:04Z,219002177,54.935977,11.372020,0.2,Under way using engine
2026-08-27T07:24:20Z,219000811,54.838713,11.491823,0.0,Under way using engine
2026-08-27T07:24:34Z,219000809,54.934042,11.455590,8.5,Under way using engine
2026-08-27T07:24:35Z,219002177,54.935982,11.372002,0.0,Under way using engine
2026-08-27T07:24:58Z,219000811,54.838715,11.491823,0.0,Under way using engine
2026-08-27T07:25:04Z,219000809,54.934600,11.457383,8.5,Under way using engine
2026-08-27T07:25:14Z,219002177,54.935975,11.371973,0.0,Under way using engine
2026-08-27T07:25:28Z,219000811,54.838713,11.491823,0.0,Under way using engine
2026-08-27T07:25:34Z,219000809,54.935137,11.459178,8.4,Under way using engine
2026-08-27T07:25:45Z,219002177,54.935963,11.371968,0.0,Under way using engine
2026-08-27T07:25:58Z,219000811,54.838715,11.491823,0.0,Under way using engine
2026-08-27T07:26:04Z,219000809,54.935672,11.460893,8.4,Under way using engine
2026-08-27T07:26:24Z,219002177,54.935958,11.371978,0.0,Under way using engine
2026-08-27T07:26:28Z,219000811,54.838717,11.491827,0.0,Under way using engine
2026-08-27T07:26:34Z,219000809,54.936233,11.462752,8.4,Under way using engine
2026-08-27T07:26:54Z,219002177,54.935970,11.372023,0.0,Under way using engine
2026-08-27T07:26:59Z,219000811,54.838718,11.491827,0.0,Under way using engine
2026-08-27T07:27:04Z,219000809,54.936723,11.464485,8.4,Under way using engine
2026-08-27T07:27:34Z,219000809,54.937248,11.466362,8.4,Under way using engine
2026-08-27T07:27:34Z,219002177,54.935972,11.372007,0.1,Under way using engine
2026-08-27T07:27:40Z,219000811,54.838720,11.491830,0.0,Under way using engine
2026-08-27T07:28:04Z,219000809,54.937727,11.468128,8.3,Under way using engine
2026-08-27T07:28:10Z,219000811,54.838718,11.491830,0.0,Under way using engine
2026-08-27T07:28:14Z,219002177,54.935975,11.371998,0.0,Under way using engine
2026-08-27T07:28:34Z,219000809,54.938220,11.469995,8.3,Under way using engine
2026-08-27T07:28:45Z,219002177,54.935977,11.371993,0.0,Under way using engine
2026-08-27T07:28:49Z,219000811,54.838712,11.491828,0.0,Under way using engine
2026-08-27T07:29:04Z,219000809,54.938683,11.471757,8.3,Under way using engine
2026-08-27T07:29:19Z,219000811,54.838708,11.491828,0.0,Under way using engine
2026-08-27T07:29:23Z,219002177,54.935983,11.372035,0.0,Under way using engine
2026-08-27T07:29:34Z,219000809,54.939182,11.473642,8.3,Under way using engine
2026-08-27T07:29:49Z,219000811,54.838712,11.491828,0.0,Under way using engine
2026-08-27T07:29:54Z,219002177,54.935973,11.371990,0.0,Under way using engine
2026-08-27T07:30:04Z,219000809,54.939692,11.475353,8.2,Under way using engine
2026-08-27T07:30:19Z,219000811,54.838708,11.491825,0.0,Under way using engine
2026-08-27T07:30:34Z,219000809,54.940462,11.476868,8.2,Under way using engine
2026-08-27T07:30:35Z,219002177,54.935970,11.371992,0.0,Under way using engine
2026-08-27T07:30:49Z,219000811,54.838707,11.491823,0.0,Under way using engine
2026-08-27T07:31:04Z,219000809,54.941272,11.478177,8.3,Under way using engine
2026-08-27T07:31:14Z,219002177,54.935768,11.371815,2.5,Under way using engine
2026-08-27T07:31:19Z,219000811,54.838705,11.491822,0.0,Under way using engine
2026-08-27T07:31:34Z,219000809,54.942142,11.479590,8.3,Under way using engine
2026-08-27T07:31:44Z,219002177,54.935305,11.371462,4.2,Under way using engine
2026-08-27T07:31:49Z,219000811,54.838703,11.491822,0.0,Under way using engine
2026-08-27T07:32:04Z,219000809,54.942965,11.480927,8.5,Under way using engine
2026-08-27T07:32:14Z,219002177,54.934682,11.370940,5.2,Under way using engine
2026-08-27T07:32:19Z,219000811,54.838703,11.491825,0.0,Under way using engine
2026-08-27T07:32:34Z,219000809,54.943978,11.482037,8.4,Under way using engine
2026-08-27T07:32:44Z,219002177,54.933950,11.370900,5.4,Under way using engine
2026-08-27T07:32:49Z,219000811,54.838705,11.491827,0.0,Under way using engine
2026-08-27T07:33:04Z,219000809,54.945068,11.482740,8.7,Under way using engine
2026-08-27T07:33:14Z,219002177,54.933158,11.370958,5.9,Under way using engine
2026-08-27T07:33:19Z,219000811,54.838705,11.491828,0.0,Under way using engine
2026-08-27T07:33:34Z,219000809,54.946297,11.483302,8.9,Under way using engine
2026-08-27T07:33:44Z,219002177,54.932317,11.371028,6.2,Under way using engine
2026-08-27T07:33:49Z,219000811,54.838705,11.491827,0.0,Under way using engine
2026-08-27T07:34:04Z,219000809,54.947488,11.483808,8.9,Under way using engine
2026-08-27T07:34:15Z,219002177,54.931432,11.371170,6.3,Under way using engine
2026-08-27T07:34:19Z,219000811,54.838707,11.491825,0.0,Under way using engine
2026-08-27T07:34:34Z,219000809,54.948703,11.484363,9.0,Under way using engine
2026-08-27T07:34:49Z,219000811,54.838707,11.491825,0.0,Under way using engine
2026-08-27T07:34:54Z,219002177,54.930273,11.371280,6.4,Under way using engine
2026-08-27T07:35:05Z,219000809,54.949918,11.484873,9.1,Under way using engine
2026-08-27T07:35:19Z,219000811,54.838705,11.491827,0.0,Under way using engine
2026-08-27T07:35:34Z,219002177,54.929058,11.371403,6.4,Under way using engine
2026-08-27T07:35:44Z,219000809,54.951565,11.485533,9.1,Under way using engine
2026-08-27T07:35:49Z,219000811,54.838707,11.491830,0.0,Under way using engine
2026-08-27T07:36:14Z,219000809,54.952800,11.486042,9.2,Under way using engine
2026-08-27T07:36:15Z,219002177,54.927878,11.371523,6.4,Under way using engine
2026-08-27T07:36:19Z,219000811,54.838708,11.491833,0.0,Under way using engine
2026-08-27T07:36:44Z,219000809,54.954042,11.486553,9.2,Under way using engine
2026-08-27T07:36:49Z,219000811,54.838708,11.491833,0.0,Under way using engine
2026-08-27T07:36:54Z,219002177,54.926745,11.371663,6.3,Under way using engine
2026-08-27T07:37:19Z,219000811,54.838708,11.491833,0.0,Under way using engine
2026-08-27T07:37:24Z,219000809,54.955680,11.487223,9.0,Under way using engine
2026-08-27T07:37:33Z,219002177,54.925580,11.371788,6.3,Under way using engine
2026-08-27T07:37:49Z,219000811,54.838708,11.491833,0.0,Under way using engine
2026-08-27T07:38:03Z,219002177,54.924715,11.371922,6.3,Under way using engine
2026-08-27T07:38:05Z,219000809,54.957288,11.487875,9.0,Under way using engine
2026-08-27T07:38:19Z,219000811,54.838710,11.491833,0.0,Under way using engine
2026-08-27T07:38:44Z,219000809,54.958920,11.488543,9.2,Under way using engine
2026-08-27T07:38:44Z,219002177,54.923525,11.372052,6.3,Under way using engine
2026-08-27T07:38:49Z,219000811,54.838708,11.491833,0.0,Under way using engine
2026-08-27T07:39:15Z,219002177,54.922660,11.372190,6.2,Under way using engine
2026-08-27T07:39:19Z,219000811,54.838710,11.491835,0.0,Under way using engine
2026-08-27T07:39:24Z,219000809,54.960540,11.489262,9.0,Under way using engine
2026-08-27T07:39:49Z,219000811,54.838712,11.491832,0.0,Under way using engine
2026-08-27T07:39:55Z,219002177,54.921512,11.372325,6.2,Under way using engine
2026-08-27T07:40:05Z,219000809,54.962175,11.489960,9.0,Under way using engine
2026-08-27T07:40:19Z,219000811,54.838712,11.491828,0.0,Under way using engine
2026-08-27T07:40:33Z,219002177,54.920423,11.372523,6.1,Under way using engine
2026-08-27T07:40:37Z,219000809,54.963407,11.490830,8.6,Under way using engine
2026-08-27T07:40:49Z,219000811,54.838712,11.491827,0.0,Under way using engine
2026-08-27T07:41:04Z,219002177,54.919580,11.372418,6.1,Under way using engine
2026-08-27T07:41:10Z,219000809,54.964558,11.491963,8.8,Under way using engine
2026-08-27T07:41:20Z,219000811,54.838712,11.491828,0.0,Under way using engine
2026-08-27T07:41:44Z,219000809,54.965760,11.493072,8.9,Under way using engine
2026-08-27T07:41:45Z,219002177,54.918418,11.372168,6.2,Under way using engine
2026-08-27T07:41:59Z,219000811,54.838712,11.491830,0.0,Under way using engine
2026-08-27T07:42:17Z,219000809,54.966865,11.494425,8.8,Under way using engine
2026-08-27T07:42:24Z,219002177,54.917343,11.371495,6.3,Under way using engine
2026-08-27T07:42:30Z,219000811,54.838712,11.491832,0.0,Under way using engine
2026-08-27T07:42:54Z,219000809,54.968037,11.496030,8.6,Under way using engine
2026-08-27T07:42:54Z,219002177,54.916907,11.370227,5.9,Under way using engine
2026-08-27T07:43:10Z,219000811,54.838710,11.491828,0.0,Under way using engine
2026-08-27T07:43:24Z,219000809,54.968965,11.497332,8.7,Under way using engine
2026-08-27T07:43:24Z,219002177,54.916848,11.368750,6.5,Under way using engine
2026-08-27T07:43:40Z,219000811,54.838708,11.491827,0.0,Under way using engine
2026-08-27T07:43:54Z,219000809,54.969877,11.498688,8.7,Under way using engine
2026-08-27T07:43:54Z,219002177,54.916698,11.367125,6.7,Under way using engine
2026-08-27T07:44:10Z,219000811,54.838708,11.491827,0.0,Under way using engine
2026-08-27T07:44:24Z,219000809,54.970747,11.500152,8.7,Under way using engine
2026-08-27T07:44:24Z,219002177,54.916550,11.365567,6.8,Under way using engine
2026-08-27T07:44:40Z,219000811,54.838710,11.491827,0.0,Under way using engine
2026-08-27T07:44:54Z,219000809,54.971498,11.501763,8.6,Under way using engine
2026-08-27T07:44:54Z,219002177,54.916403,11.363867,6.8,Under way using engine
2026-08-27T07:45:10Z,219000811,54.838712,11.491825,0.0,Under way using engine
2026-08-27T07:45:24Z,219000809,54.972072,11.503523,8.4,Under way using engine
2026-08-27T07:45:24Z,219002177,54.916393,11.362450,5.7,Under way using engine
2026-08-27T07:45:40Z,219000811,54.838713,11.491823,0.0,Under way using engine
2026-08-27T07:45:54Z,219000809,54.972318,11.505440,8.0,Under way using engine
2026-08-27T07:45:54Z,219002177,54.916355,11.361308,3.9,Under way using engine
2026-08-27T07:46:10Z,219000811,54.838712,11.491823,0.0,Under way using engine
2026-08-27T07:46:24Z,219000809,54.972202,11.507332,8.0,Under way using engine
2026-08-27T07:46:24Z,219002177,54.916365,11.360800,1.4,Under way using engine
2026-08-27T07:46:40Z,219000811,54.838710,11.491823,0.0,Under way using engine
2026-08-27T07:46:54Z,219000809,54.972067,11.509238,7.7,Under way using engine
2026-08-27T07:46:54Z,219002177,54.916360,11.360592,0.7,Under way using engine
2026-08-27T07:47:10Z,219000811,54.838708,11.491823,0.0,Under way using engine
2026-08-27T07:47:24Z,219000809,54.971935,11.510810,6.0,Under way using engine
2026-08-27T07:47:24Z,219002177,54.916358,11.360545,0.0,Under way using engine
2026-08-27T07:47:40Z,219000811,54.838708,11.491823,0.0,Under way using engine
2026-08-27T07:47:54Z,219000809,54.971890,11.512062,5.0,Under way using engine
2026-08-27T07:47:55Z,219002177,54.916367,11.360568,0.1,Under way using engine
2026-08-27T07:48:10Z,219000811,54.838712,11.491823,0.0,Under way using engine
2026-08-27T07:48:24Z,219000809,54.971885,11.513138,4.2,Under way using engine
2026-08-27T07:48:33Z,219002177,54.916355,11.360563,0.0,Under way using engine
2026-08-27T07:48:40Z,219000811,54.838715,11.491822,0.0,Under way using engine
2026-08-27T07:48:54Z,219000809,54.971862,11.513905,3.1,Under way using engine
2026-08-27T07:49:04Z,219002177,54.916360,11.360560,0.0,Under way using engine
2026-08-27T07:49:10Z,219000811,54.838717,11.491823,0.0,Under way using engine
2026-08-27T07:49:24Z,219000809,54.971860,11.514327,1.2,Under way using engine
2026-08-27T07:49:40Z,219000811,54.838718,11.491823,0.0,Under way using engine
2026-08-27T07:49:44Z,219002177,54.916357,11.360557,0.0,Under way using engine
2026-08-27T07:49:54Z,219000809,54.971907,11.514535,0.3,Under way using engine
2026-08-27T07:50:10Z,219000811,54.838717,11.491823,0.0,Under way using engine
2026-08-27T07:50:15Z,219002177,54.916348,11.360553,0.0,Under way using engine
2026-08-27T07:50:24Z,219000809,54.971907,11.514578,0.2,Under way using engine
2026-08-27T07:50:40Z,219000811,54.838713,11.491823,0.0,Under way using engine
2026-08-27T07:50:54Z,219000809,54.971907,11.514598,0.0,Under way using engine
2026-08-27T07:50:55Z,219002177,54.916353,11.360560,0.0,Under way using engine
2026-08-27T07:51:10Z,219000811,54.838710,11.491825,0.0,Under way using engine
2026-08-27T07:51:33Z,219002177,54.916347,11.360567,0.0,Under way using engine
2026-08-27T07:51:35Z,219000809,54.971907,11.514593,0.0,Under way using engine
2026-08-27T07:51:40Z,219000811,54.838708,11.491822,0.0,Under way using engine
2026-08-27T07:52:04Z,219002177,54.916350,11.360562,0.0,Under way using engine
2026-08-27T07:52:10Z,219000811,54.838707,11.491820,0.0,Under way using engine
2026-08-27T07:52:14Z,219000809,54.971912,11.514610,0.0,Under way using engine
2026-08-27T07:52:40Z,219000811,54.838707,11.491820,0.0,Under way using engine
2026-08-27T07:52:44Z,219000809,54.971907,11.514598,0.0,Under way using engine
2026-08-27T07:52:44Z,219002177,54.916345,11.360562,0.0,Under way using engine
2026-08-27T07:53:10Z,219000811,54.838707,11.491817,0.0,Under way using engine
2026-08-27T07:53:14Z,219000809,54.971905,11.514615,0.0,Under way using engine
2026-08-27T07:53:24Z,219002177,54.916342,11.360548,0.0,Under way using engine
2026-08-27T07:53:40Z,219000811,54.838707,11.491818,0.0,Under way using engine
2026-08-27T07:53:44Z,219000809,54.971907,11.514597,0.0,Under way using engine
2026-08-27T07:53:55Z,219002177,54.916342,11.360538,0.0,Under way using engine
2026-08-27T07:54:10Z,219000811,54.838707,11.491820,0.0,Under way using engine
2026-08-27T07:54:14Z,219000809,54.971905,11.514605,0.0,Under way using engine
2026-08-27T07:54:34Z,219002177,54.916355,11.360550,0.0,Under way using engine
2026-08-27T07:54:40Z,219000811,54.838710,11.491822,0.0,Under way using engine
2026-08-27T07:54:44Z,219000809,54.971900,11.514587,0.0,Under way using engine
2026-08-27T07:55:10Z,219000811,54.838710,11.491823,0.0,Under way using engine
2026-08-27T07:55:14Z,219000809,54.971900,11.514603,0.0,Under way using engine
2026-08-27T07:55:15Z,219002177,54.916355,11.360557,0.0,Under way using engine
2026-08-27T07:55:40Z,219000811,54.838708,11.491822,0.0,Under way using engine
2026-08-27T07:55:44Z,219000809,54.971900,11.514623,0.0,Under way using engine
2026-08-27T07:55:53Z,219002177,54.916352,11.360562,0.0,Under way using engine
2026-08-27T07:56:10Z,219000811,54.838710,11.491823,0.0,Under way using engine
2026-08-27T07:56:14Z,219000809,54.971907,11.514620,0.0,Under way using engine
2026-08-27T07:56:25Z,219002177,54.916357,11.360557,0.0,Under way using engine
2026-08-27T07:56:40Z,219000811,54.838710,11.491825,0.0,Under way using engine
2026-08-27T07:56:44Z,219000809,54.971917,11.514622,0.0,Under way using engine
2026-08-27T07:57:03Z,219002177,54.916357,11.360555,0.0,Under way using engine
2026-08-27T07:57:10Z,219000811,54.838710,11.491825,0.0,Under way using engine
2026-08-27T07:57:23Z,219000809,54.971908,11.514610,0.0,Under way using engine
2026-08-27T07:57:34Z,219002177,54.916355,11.360558,0.0,Under way using engine
2026-08-27T07:57:40Z,219000811,54.838710,11.491825,0.0,Under way using engine
2026-08-27T07:57:54Z,219000809,54.971913,11.514603,0.0,Under way using engine
2026-08-27T07:58:10Z,219000811,54.838710,11.491823,0.0,Under way using engine
2026-08-27T07:58:14Z,219002177,54.916350,11.360558,0.0,Under way using engine
2026-08-27T07:58:33Z,219000809,54.971923,11.514577,0.5,Under way using engine
2026-08-27T07:58:40Z,219000811,54.838710,11.491822,0.0,Under way using engine
2026-08-27T07:58:44Z,219002177,54.916345,11.360548,0.0,Under way using engine
2026-08-27T07:59:03Z,219000809,54.971928,11.514072,2.6,Under way using engine
2026-08-27T07:59:10Z,219000811,54.838710,11.491822,0.0,Under way using engine
2026-08-27T07:59:15Z,219002177,54.916350,11.360547,0.0,Under way using engine
2026-08-27T07:59:33Z,219000809,54.971837,11.513380,2.8,Under way using engine
2026-08-27T07:59:40Z,219000811,54.838712,11.491823,0.0,Under way using engine
2026-08-27T07:59:53Z,219002177,54.916353,11.360553,0.0,Under way using engine
2026-08-27T08:00:03Z,219000809,54.971758,11.513058,0.9,Under way using engine
2026-08-27T08:00:10Z,219000811,54.838713,11.491823,0.0,Under way using engine
2026-08-27T08:00:24Z,219002177,54.916358,11.360557,0.0,Under way using engine
2026-08-27T08:00:33Z,219000809,54.971818,11.512723,2.6,Under way using engine
2026-08-27T08:00:40Z,219000811,54.838717,11.491820,0.0,Under way using engine
2026-08-27T08:01:03Z,219000809,54.971947,11.511493,6.2,Under way using engine
2026-08-27T08:01:03Z,219002177,54.916358,11.360558,0.0,Under way using engine
2026-08-27T08:01:10Z,219000811,54.838718,11.491820,0.0,Under way using engine
2026-08-27T08:01:33Z,219000809,54.972087,11.509725,7.8,Under way using engine
2026-08-27T08:01:33Z,219002177,54.916355,11.360557,0.0,Under way using engine
2026-08-27T08:01:40Z,219000811,54.838722,11.491823,0.0,Under way using engine
2026-08-27T08:02:03Z,219000809,54.972280,11.507773,8.2,Under way using engine
2026-08-27T08:02:04Z,219002177,54.916360,11.360567,0.0,Under way using engine
2026-08-27T08:02:19Z,219000811,54.838720,11.491823,0.0,Under way using engine
2026-08-27T08:02:33Z,219000809,54.972207,11.505818,8.2,Under way using engine
2026-08-27T08:02:35Z,219002177,54.916358,11.360573,0.0,Under way using engine
2026-08-27T08:02:49Z,219000811,54.838715,11.491820,0.0,Under way using engine
2026-08-27T08:03:03Z,219000809,54.971662,11.503993,8.6,Under way using engine
2026-08-27T08:03:15Z,219002177,54.916358,11.360568,0.0,Under way using engine
2026-08-27T08:03:19Z,219000811,54.838710,11.491820,0.0,Under way using engine
2026-08-27T08:03:33Z,219000809,54.970862,11.502405,8.8,Under way using engine
2026-08-27T08:03:45Z,219002177,54.916362,11.360568,0.0,Under way using engine
2026-08-27T08:03:49Z,219000811,54.838707,11.491820,0.0,Under way using engine
2026-08-27T08:04:04Z,219000809,54.970015,11.500858,8.8,Under way using engine
2026-08-27T08:04:19Z,219000811,54.838707,11.491820,0.0,Under way using engine
2026-08-27T08:04:24Z,219002177,54.916368,11.360568,0.0,Under way using engine
2026-08-27T08:04:43Z,219000809,54.968857,11.498908,8.9,Under way using engine
2026-08-27T08:04:49Z,219000811,54.838708,11.491822,0.0,Under way using engine
2026-08-27T08:04:54Z,219002177,54.916372,11.360567,0.0,Under way using engine
2026-08-27T08:05:14Z,219000809,54.967907,11.497435,8.8,Under way using engine
2026-08-27T08:05:19Z,219000811,54.838710,11.491825,0.0,Under way using engine
2026-08-27T08:05:24Z,219002177,54.916362,11.360607,0.5,Under way using engine
2026-08-27T08:05:49Z,219000811,54.838710,11.491827,0.0,Under way using engine
2026-08-27T08:05:53Z,219000809,54.966722,11.495583,8.8,Under way using engine
2026-08-27T08:05:54Z,219002177,54.916315,11.361055,2.6,Under way using engine
2026-08-27T08:06:20Z,219000811,54.838708,11.491825,0.0,Under way using engine
2026-08-27T08:06:24Z,219002177,54.916307,11.361910,4.1,Under way using engine
2026-08-27T08:06:25Z,219000809,54.965780,11.494123,8.9,Under way using engine
2026-08-27T08:06:54Z,219002177,54.916362,11.363052,4.8,Under way using engine
2026-08-27T08:07:00Z,219000811,54.838708,11.491823,0.0,Under way using engine
2026-08-27T08:07:04Z,219000809,54.964547,11.492377,8.7,Under way using engine
2026-08-27T08:07:24Z,219002177,54.916410,11.364238,5.2,Under way using engine
2026-08-27T08:07:40Z,219000811,54.838710,11.491827,0.0,Under way using engine
2026-08-27T08:07:44Z,219000809,54.963268,11.490663,8.7,Under way using engine
2026-08-27T08:07:55Z,219002177,54.916473,11.365568,5.5,Under way using engine
2026-08-27T08:08:14Z,219000809,54.962217,11.489530,8.8,Under way using engine
2026-08-27T08:08:20Z,219000811,54.838710,11.491828,0.0,Under way using engine
2026-08-27T08:08:34Z,219002177,54.916613,11.367328,5.6,Under way using engine
2026-08-27T08:08:44Z,219000809,54.961135,11.488775,8.7,Under way using engine
2026-08-27T08:09:00Z,219000811,54.838708,11.491823,0.0,Under way using engine
2026-08-27T08:09:04Z,219002177,54.916740,11.368622,5.6,Under way using engine
2026-08-27T08:09:14Z,219000809,54.959925,11.488207,8.6,Under way using engine
2026-08-27T08:09:30Z,219000811,54.838708,11.491823,0.0,Under way using engine
2026-08-27T08:09:34Z,219002177,54.916883,11.370023,5.7,Under way using engine
2026-08-27T08:09:44Z,219000809,54.958810,11.487738,8.6,Under way using engine
2026-08-27T08:10:00Z,219000811,54.838708,11.491820,0.0,Under way using engine
2026-08-27T08:10:04Z,219002177,54.917168,11.371143,4.9,Under way using engine
2026-08-27T08:10:14Z,219000809,54.957608,11.487245,8.6,Under way using engine
2026-08-27T08:10:30Z,219000811,54.838710,11.491823,0.0,Under way using engine
2026-08-27T08:10:34Z,219002177,54.917835,11.371313,5.3,Under way using engine
2026-08-27T08:10:44Z,219000809,54.956503,11.486782,8.5,Under way using engine
2026-08-27T08:11:00Z,219000811,54.838710,11.491823,0.0,Under way using engine
2026-08-27T08:11:04Z,219002177,54.918652,11.371307,6.1,Under way using engine
2026-08-27T08:11:14Z,219000809,54.955317,11.486313,8.5,Under way using engine
2026-08-27T08:11:30Z,219000811,54.838710,11.491823,0.0,Under way using engine
2026-08-27T08:11:34Z,219002177,54.919557,11.371330,6.6,Under way using engine
2026-08-27T08:11:44Z,219000809,54.954203,11.485843,8.6,Under way using engine
2026-08-27T08:12:04Z,219002177,54.920510,11.371340,7.0,Under way using engine
2026-08-27T08:12:09Z,219000811,54.838713,11.491825,0.0,Under way using engine
2026-08-27T08:12:14Z,219000809,54.953012,11.485353,8.5,Under way using engine
2026-08-27T08:12:34Z,219002177,54.921513,11.371315,7.3,Under way using engine
2026-08-27T08:12:44Z,219000809,54.951902,11.484862,8.6,Under way using engine
2026-08-27T08:12:49Z,219000811,54.838712,11.491825,0.0,Under way using engine
2026-08-27T08:13:04Z,219002177,54.922563,11.371282,7.6,Under way using engine
2026-08-27T08:13:14Z,219000809,54.950715,11.484388,8.5,Under way using engine
2026-08-27T08:13:19Z,219000811,54.838712,11.491825,0.0,Under way using engine
2026-08-27T08:13:35Z,219002177,54.923637,11.371215,7.8,Under way using engine
2026-08-27T08:13:44Z,219000809,54.949608,11.483903,8.5,Under way using engine
2026-08-27T08:13:49Z,219000811,54.838712,11.491828,0.0,Under way using engine
2026-08-27T08:14:14Z,219000809,54.948420,11.483437,8.5,Under way using engine
2026-08-27T08:14:14Z,219002177,54.925088,11.371130,7.9,Under way using engine
2026-08-27T08:14:19Z,219000811,54.838710,11.491828,0.0,Under way using engine
2026-08-27T08:14:44Z,219000809,54.947310,11.483002,8.5,Under way using engine
2026-08-27T08:14:49Z,219000811,54.838710,11.491827,0.0,Under way using engine
2026-08-27T08:14:54Z,219002177,54.926513,11.371058,7.9,Under way using engine
2026-08-27T08:15:14Z,219000809,54.946123,11.482572,8.5,Under way using engine
2026-08-27T08:15:19Z,219000811,54.838710,11.491825,0.0,Under way using engine
2026-08-27T08:15:24Z,219002177,54.927662,11.371003,8.0,Under way using engine
2026-08-27T08:15:44Z,219000809,54.945003,11.482158,8.5,Under way using engine
2026-08-27T08:15:49Z,219000811,54.838710,11.491825,0.0,Under way using engine
2026-08-27T08:15:54Z,219002177,54.928725,11.370923,7.9,Under way using engine
2026-08-27T08:16:14Z,219000809,54.943820,11.481725,8.5,Under way using engine
2026-08-27T08:16:19Z,219000811,54.838712,11.491823,0.0,Under way using engine
2026-08-27T08:16:24Z,219002177,54.929860,11.370848,8.0,Under way using engine
2026-08-27T08:16:44Z,219000809,54.942858,11.480777,8.3,Under way using engine
2026-08-27T08:16:49Z,219000811,54.838713,11.491823,0.0,Under way using engine
2026-08-27T08:16:54Z,219002177,54.930913,11.370757,7.9,Under way using engine
2026-08-27T08:17:14Z,219000809,54.942012,11.479265,8.5,Under way using engine
2026-08-27T08:17:19Z,219000811,54.838712,11.491820,0.0,Under way using engine
2026-08-27T08:17:24Z,219002177,54.932045,11.370670,7.8,Under way using engine
2026-08-27T08:17:44Z,219000809,54.941228,11.477818,8.6,Under way using engine
2026-08-27T08:17:49Z,219000811,54.838712,11.491820,0.0,Under way using engine
2026-08-27T08:17:54Z,219002177,54.933078,11.370598,7.7,Under way using engine
2026-08-27T08:18:19Z,219000811,54.838713,11.491820,0.0,Under way using engine
2026-08-27T08:18:24Z,219000809,54.940107,11.475822,8.7,Under way using engine
2026-08-27T08:18:24Z,219002177,54.934113,11.370565,6.4,Under way using engine
2026-08-27T08:18:54Z,219000809,54.939318,11.474218,8.8,Under way using engine
2026-08-27T08:18:54Z,219002177,54.934750,11.370933,4.8,Under way using engine
2026-08-27T08:18:59Z,219000811,54.838710,11.491818,0.0,Under way using engine
2026-08-27T08:19:24Z,219000809,54.938792,11.472328,8.8,Under way using engine
2026-08-27T08:19:24Z,219002177,54.935315,11.371413,3.9,Under way using engine
2026-08-27T08:19:29Z,219000811,54.838708,11.491820,0.0,Under way using engine
2026-08-27T08:19:54Z,219000809,54.938323,11.470375,8.8,Under way using engine
2026-08-27T08:19:54Z,219002177,54.935672,11.371715,2.4,Under way using engine
2026-08-27T08:19:59Z,219000811,54.838705,11.491820,0.0,Under way using engine
2026-08-27T08:20:24Z,219000809,54.937795,11.468450,8.9,Under way using engine
2026-08-27T08:20:24Z,219002177,54.935863,11.371902,1.2,Under way using engine
2026-08-27T08:20:29Z,219000811,54.838703,11.491818,0.0,Under way using engine
2026-08-27T08:20:54Z,219000809,54.937272,11.466510,8.9,Under way using engine
2026-08-27T08:20:54Z,219002177,54.935957,11.371982,0.5,Under way using engine
2026-08-27T08:20:59Z,219000811,54.838703,11.491818,0.0,Under way using engine
2026-08-27T08:21:24Z,219002177,54.935960,11.372008,0.0,Under way using engine
2026-08-27T08:21:25Z,219000809,54.936725,11.464500,8.9,Under way using engine
2026-08-27T08:21:29Z,219000811,54.838703,11.491818,0.0,Under way using engine
2026-08-27T08:21:55Z,219002177,54.935965,11.371998,0.0,Under way using engine
2026-08-27T08:21:59Z,219000811,54.838705,11.491818,0.0,Under way using engine
2026-08-27T08:22:04Z,219000809,54.936022,11.461920,8.9,Under way using engine
2026-08-27T08:22:29Z,219000811,54.838705,11.491820,0.0,Under way using engine
2026-08-27T08:22:34Z,219002177,54.935983,11.372010,0.1,Under way using engine
2026-08-27T08:22:43Z,219000809,54.935328,11.459405,8.9,Under way using engine
2026-08-27T08:22:59Z,219000811,54.838705,11.491818,0.0,Under way using engine
2026-08-27T08:23:04Z,219002177,54.935973,11.372015,0.0,Under way using engine
2026-08-27T08:23:14Z,219000809,54.934775,11.457408,8.9,Under way using engine
2026-08-27T08:23:29Z,219000811,54.838707,11.491818,0.0,Under way using engine
2026-08-27T08:23:34Z,219002177,54.935967,11.372022,0.0,Under way using engine
2026-08-27T08:23:53Z,219000809,54.934068,11.454900,9.0,Under way using engine
2026-08-27T08:23:59Z,219000811,54.838707,11.491818,0.0,Under way using engine
2026-08-27T08:24:04Z,219002177,54.935958,11.372012,0.0,Under way using engine
2026-08-27T08:24:25Z,219000809,54.933500,11.452893,9.0,Under way using engine
2026-08-27T08:24:29Z,219000811,54.838708,11.491818,0.0,Under way using engine
2026-08-27T08:24:34Z,219002177,54.935962,11.372005,0.0,Under way using engine
2026-08-27T08:24:59Z,219000811,54.838708,11.491817,0.0,Under way using engine
2026-08-27T08:25:04Z,219002177,54.935983,11.372035,0.0,Under way using engine
2026-08-27T08:25:05Z,219000809,54.932760,11.450332,8.9,Under way using engine
2026-08-27T08:25:29Z,219000811,54.838708,11.491818,0.0,Under way using engine
2026-08-27T08:25:34Z,219002177,54.936007,11.372005,0.0,Under way using engine
2026-08-27T08:25:35Z,219000809,54.932045,11.448612,8.8,Under way using engine
2026-08-27T08:25:59Z,219000811,54.838708,11.491818,0.0,Under way using engine
2026-08-27T08:26:04Z,219002177,54.935985,11.371992,0.0,Under way using engine
2026-08-27T08:26:05Z,219000809,54.931278,11.446952,8.8,Under way using engine
2026-08-27T08:26:29Z,219000811,54.838708,11.491818,0.0,Under way using engine
2026-08-27T08:26:34Z,219002177,54.935967,11.371980,0.0,Under way using engine
2026-08-27T08:26:35Z,219000809,54.930518,11.445335,8.5,Under way using engine
2026-08-27T08:26:59Z,219000811,54.838708,11.491818,0.0,Under way using engine
2026-08-27T08:27:04Z,219002177,54.935968,11.371987,0.0,Under way using engine
2026-08-27T08:27:05Z,219000809,54.929742,11.443755,8.8,Under way using engine
2026-08-27T08:27:29Z,219000811,54.838710,11.491817,0.0,Under way using engine
2026-08-27T08:27:34Z,219002177,54.935973,11.371978,0.0,Under way using engine
2026-08-27T08:27:35Z,219000809,54.928922,11.442147,8.9,Under way using engine
2026-08-27T08:27:59Z,219000811,54.838710,11.491815,0.0,Under way using engine
2026-08-27T08:28:04Z,219002177,54.935972,11.371983,0.0,Under way using engine
2026-08-27T08:28:05Z,219000809,54.928113,11.440530,8.9,Under way using engine
2026-08-27T08:28:29Z,219000811,54.838708,11.491817,0.0,Under way using engine
2026-08-27T08:28:34Z,219002177,54.935962,11.371992,0.0,Under way using engine
2026-08-27T08:28:44Z,219000809,54.927067,11.438430,8.9,Under way using engine
2026-08-27T08:28:59Z,219000811,54.838708,11.491817,0.0,Under way using engine
2026-08-27T08:29:04Z,219002177,54.935963,11.371993,0.0,Under way using engine
2026-08-27T08:29:15Z,219000809,54.926243,11.436758,8.9,Under way using engine
2026-08-27T08:29:29Z,219000811,54.838708,11.491820,0.0,Under way using engine
2026-08-27T08:29:34Z,219002177,54.935957,11.372008,0.0,Under way using engine
2026-08-27T08:29:53Z,219000809,54.925185,11.434627,9.0,Under way using engine
2026-08-27T08:29:59Z,219000811,54.838707,11.491820,0.0,Under way using engine
2026-08-27T08:30:04Z,219002177,54.935958,11.371998,0.0,Under way using engine
2026-08-27T08:30:24Z,219000809,54.924345,11.432937,9.0,Under way using engine
2026-08-27T08:30:30Z,219000811,54.838707,11.491822,0.0,Under way using engine
2026-08-27T08:30:34Z,219002177,54.935947,11.371968,0.5,Under way using engine
2026-08-27T08:31:04Z,219002177,54.935667,11.371740,3.0,Under way using engine
2026-08-27T08:31:05Z,219000809,54.923340,11.430710,8.6,Under way using engine
2026-08-27T08:31:10Z,219000811,54.838708,11.491822,0.0,Under way using engine
2026-08-27T08:31:34Z,219002177,54.935162,11.371223,4.6,Under way using engine
2026-08-27T08:31:40Z,219000811,54.838707,11.491825,0.0,Under way using engine
2026-08-27T08:31:44Z,219000809,54.922388,11.428453,9.0,Under way using engine
2026-08-27T08:32:10Z,219000811,54.838705,11.491825,0.0,Under way using engine
2026-08-27T08:32:14Z,219002177,54.934258,11.370945,5.3,Under way using engine
2026-08-27T08:32:15Z,219000809,54.921637,11.426667,8.9,Under way using engine
2026-08-27T08:32:40Z,219000811,54.838707,11.491828,0.0,Under way using engine
2026-08-27T08:32:44Z,219002177,54.933425,11.370943,6.0,Under way using engine
2026-08-27T08:32:53Z,219000809,54.920672,11.424430,8.9,Under way using engine
2026-08-27T08:33:10Z,219000811,54.838707,11.491832,0.0,Under way using engine
2026-08-27T08:33:14Z,219002177,54.932553,11.370955,6.4,Under way using engine
2026-08-27T08:33:24Z,219000809,54.919923,11.422690,8.7,Under way using engine
2026-08-27T08:33:40Z,219000811,54.838707,11.491832,0.0,Under way using engine
2026-08-27T08:33:44Z,219002177,54.931647,11.370957,6.6,Under way using engine
2026-08-27T08:34:03Z,219000809,54.918975,11.420445,8.9,Under way using engine
2026-08-27T08:34:10Z,219000811,54.838708,11.491832,0.0,Under way using engine
2026-08-27T08:34:14Z,219002177,54.930723,11.370993,6.7,Under way using engine
2026-08-27T08:34:34Z,219000809,54.918203,11.418728,8.8,Under way using engine
2026-08-27T08:34:40Z,219000811,54.838708,11.491830,0.0,Under way using engine
2026-08-27T08:34:44Z,219002177,54.929798,11.370985,6.7,Under way using engine
2026-08-27T08:35:10Z,219000811,54.838708,11.491828,0.0,Under way using engine
2026-08-27T08:35:14Z,219002177,54.928870,11.371022,6.6,Under way using engine
2026-08-27T08:35:15Z,219000809,54.917173,11.416495,8.9,Under way using engine
2026-08-27T08:35:40Z,219000811,54.838708,11.491827,0.0,Under way using engine
2026-08-27T08:35:44Z,219002177,54.927962,11.371025,6.6,Under way using engine
2026-08-27T08:35:45Z,219000809,54.916405,11.414845,8.8,Under way using engine
2026-08-27T08:36:14Z,219002177,54.927057,11.371052,6.5,Under way using engine
2026-08-27T08:36:19Z,219000811,54.838710,11.491827,0.0,Under way using engine
2026-08-27T08:36:24Z,219000809,54.915373,11.412613,8.8,Under way using engine
2026-08-27T08:36:44Z,219002177,54.926137,11.371077,6.5,Under way using engine
2026-08-27T08:37:00Z,219000811,54.838712,11.491827,0.0,Under way using engine
2026-08-27T08:37:03Z,219000809,54.914382,11.410437,8.9,Under way using engine
2026-08-27T08:37:14Z,219002177,54.925235,11.371112,6.5,Under way using engine
2026-08-27T08:37:34Z,219000809,54.913593,11.408738,8.8,Under way using engine
2026-08-27T08:37:40Z,219000811,54.838708,11.491827,0.0,Under way using engine
2026-08-27T08:37:44Z,219002177,54.924337,11.371167,6.5,Under way using engine
2026-08-27T08:38:05Z,219000809,54.912813,11.407083,8.9,Under way using engine
2026-08-27T08:38:14Z,219002177,54.923445,11.371187,6.5,Under way using engine
2026-08-27T08:38:18Z,219000811,54.838710,11.491823,0.0,Under way using engine
2026-08-27T08:38:44Z,219002177,54.922557,11.371260,6.4,Under way using engine
2026-08-27T08:38:45Z,219000809,54.911765,11.404872,9.0,Under way using engine
2026-08-27T08:38:48Z,219000811,54.838710,11.491822,0.0,Under way using engine
2026-08-27T08:39:14Z,219002177,54.921668,11.371292,6.4,Under way using engine
2026-08-27T08:39:18Z,219000811,54.838710,11.491820,0.0,Under way using engine
2026-08-27T08:39:24Z,219000809,54.910752,11.402708,9.0,Under way using engine
2026-08-27T08:39:44Z,219002177,54.920825,11.371358,6.3,Under way using engine
2026-08-27T08:39:48Z,219000811,54.838712,11.491818,0.0,Under way using engine
2026-08-27T08:40:05Z,219000809,54.909670,11.400432,9.0,Under way using engine
2026-08-27T08:40:18Z,219000811,54.838712,11.491817,0.0,Under way using engine
2026-08-27T08:40:24Z,219002177,54.919662,11.371427,6.2,Under way using engine
2026-08-27T08:40:40Z,219000809,54.908802,11.398297,9.1,Under way using engine
2026-08-27T08:40:48Z,219000811,54.838712,11.491815,0.0,Under way using engine
2026-08-27T08:40:54Z,219002177,54.918822,11.371465,6.1,Under way using engine
2026-08-27T08:41:10Z,219000809,54.908277,11.396325,8.9,Under way using engine
2026-08-27T08:41:18Z,219000811,54.838710,11.491815,0.0,Under way using engine
2026-08-27T08:41:34Z,219002177,54.917687,11.371163,6.3,Under way using engine
2026-08-27T08:41:40Z,219000809,54.908253,11.394167,9.1,Under way using engine
2026-08-27T08:41:48Z,219000811,54.838710,11.491818,0.0,Under way using engine
2026-08-27T08:42:10Z,219000809,54.908752,11.392137,9.2,Under way using engine
2026-08-27T08:42:13Z,219002177,54.916887,11.369997,5.9,Under way using engine
2026-08-27T08:42:18Z,219000811,54.838712,11.491822,0.0,Under way using engine
2026-08-27T08:42:41Z,219000809,54.909433,11.390232,9.4,Under way using engine
2026-08-27T08:42:44Z,219002177,54.916755,11.368432,6.6,Under way using engine
2026-08-27T08:42:48Z,219000811,54.838712,11.491823,0.0,Under way using engine
2026-08-27T08:43:14Z,219000809,54.910255,11.388085,9.5,Under way using engine
2026-08-27T08:43:18Z,219000811,54.838710,11.491825,0.0,Under way using engine
2026-08-27T08:43:23Z,219002177,54.916612,11.366248,7.0,Under way using engine
2026-08-27T08:43:44Z,219000809,54.910970,11.386173,9.4,Under way using engine
2026-08-27T08:43:48Z,219000811,54.838710,11.491828,0.0,Under way using engine
2026-08-27T08:43:54Z,219002177,54.916460,11.364523,7.0,Under way using engine
2026-08-27T08:44:14Z,219000809,54.911673,11.384355,9.5,Under way using engine
2026-08-27T08:44:18Z,219000811,54.838712,11.491827,0.0,Under way using engine
2026-08-27T08:44:34Z,219002177,54.916365,11.362490,6.2,Under way using engine
2026-08-27T08:44:44Z,219000809,54.912423,11.382407,9.4,Under way using engine
2026-08-27T08:44:50Z,219000811,54.838712,11.491827,0.0,Under way using engine
2026-08-27T08:45:13Z,219002177,54.916365,11.361098,3.0,Under way using engine
2026-08-27T08:45:14Z,219000809,54.913135,11.380600,9.4,Under way using engine
2026-08-27T08:45:30Z,219000811,54.838712,11.491823,0.0,Under way using engine
2026-08-27T08:45:44Z,219000809,54.913898,11.378658,9.4,Under way using engine
2026-08-27T08:45:44Z,219002177,54.916365,11.360728,1.2,Under way using engine
2026-08-27T08:46:08Z,219000811,54.838712,11.491823,0.0,Under way using engine
2026-08-27T08:46:14Z,219000809,54.914623,11.376805,9.4,Under way using engine
2026-08-27T08:46:15Z,219002177,54.916347,11.360550,0.4,Under way using engine
2026-08-27T08:46:39Z,219000811,54.838712,11.491823,0.0,Under way using engine
2026-08-27T08:46:44Z,219000809,54.915372,11.374938,9.3,Under way using engine
2026-08-27T08:46:54Z,219002177,54.916347,11.360555,0.0,Under way using engine
2026-08-27T08:47:14Z,219000809,54.916107,11.373127,9.1,Under way using engine
2026-08-27T08:47:19Z,219000811,54.838712,11.491823,0.0,Under way using engine
2026-08-27T08:47:35Z,219002177,54.916347,11.360553,0.0,Under way using engine
2026-08-27T08:47:44Z,219000809,54.916662,11.371242,8.7,Under way using engine
2026-08-27T08:47:50Z,219000811,54.838710,11.491825,0.0,Under way using engine
2026-08-27T08:48:14Z,219000809,54.916738,11.369133,8.9,Under way using engine
2026-08-27T08:48:15Z,219002177,54.916352,11.360550,0.0,Under way using engine
2026-08-27T08:48:23Z,219000811,54.838712,11.491825,0.0,Under way using engine
2026-08-27T08:48:44Z,219000809,54.916592,11.367040,8.5,Under way using engine
2026-08-27T08:48:54Z,219002177,54.916358,11.360558,0.0,Under way using engine
2026-08-27T08:48:59Z,219000811,54.838713,11.491828,0.0,Under way using engine
2026-08-27T08:49:24Z,219000809,54.916400,11.364593,7.3,Under way using engine
2026-08-27T08:49:30Z,219000811,54.838712,11.491828,0.0,Under way using engine
2026-08-27T08:49:35Z,219002177,54.916367,11.360553,0.0,Under way using engine
2026-08-27T08:50:10Z,219000811,54.838713,11.491827,0.0,Under way using engine
2026-08-27T08:50:13Z,219000809,54.916230,11.362310,5.4,Under way using engine
2026-08-27T08:50:15Z,219002177,54.916367,11.360532,0.0,Under way using engine
2026-08-27T08:50:44Z,219000809,54.916115,11.361082,4.4,Under way using engine
2026-08-27T08:50:50Z,219000811,54.838713,11.491825,0.0,Under way using engine
2026-08-27T08:50:55Z,219002177,54.916353,11.360548,0.0,Under way using engine
2026-08-27T08:51:17Z,219000809,54.916015,11.360733,0.8,Under way using engine
2026-08-27T08:51:25Z,219002177,54.916350,11.360550,0.0,Under way using engine
2026-08-27T08:51:30Z,219000811,54.838712,11.491823,0.0,Under way using engine
2026-08-27T08:51:47Z,219000809,54.915985,11.360617,0.3,Under way using engine
2026-08-27T08:51:55Z,219002177,54.916357,11.360548,0.0,Under way using engine
2026-08-27T08:52:10Z,219000811,54.838710,11.491823,0.0,Under way using engine
2026-08-27T08:52:17Z,219000809,54.916008,11.360485,0.9,Under way using engine
2026-08-27T08:52:25Z,219002177,54.916362,11.360548,0.0,Under way using engine
2026-08-27T08:52:47Z,219000809,54.916058,11.360242,0.9,Under way using engine
2026-08-27T08:52:48Z,219000811,54.838712,11.491822,0.0,Under way using engine
2026-08-27T08:52:55Z,219002177,54.916375,11.360535,0.0,Under way using engine
2026-08-27T08:53:19Z,219000811,54.838712,11.491820,0.0,Under way using engine
2026-08-27T08:53:24Z,219000809,54.916090,11.360077,0.2,Under way using engine
2026-08-27T08:53:25Z,219002177,54.916372,11.360525,0.0,Under way using engine
2026-08-27T08:53:55Z,219002177,54.916355,11.360530,0.0,Under way using engine
2026-08-27T08:53:59Z,219000811,54.838713,11.491817,0.0,Under way using engine
2026-08-27T08:54:04Z,219000809,54.916077,11.360065,0.0,Under way using engine
2026-08-27T08:54:25Z,219002177,54.916358,11.360523,0.0,Under way using engine
2026-08-27T08:54:30Z,219000811,54.838713,11.491815,0.0,Under way using engine
2026-08-27T08:54:34Z,219000809,54.916067,11.360072,0.0,Under way using engine
2026-08-27T08:54:55Z,219002177,54.916355,11.360530,0.0,Under way using engine
2026-08-27T08:55:04Z,219000809,54.916075,11.360058,0.0,Under way using engine
2026-08-27T08:55:10Z,219000811,54.838717,11.491812,0.0,Under way using engine
2026-08-27T08:55:25Z,219002177,54.916365,11.360532,0.0,Under way using engine
2026-08-27T08:55:34Z,219000809,54.916080,11.360048,0.0,Under way using engine
2026-08-27T08:55:48Z,219000811,54.838718,11.491810,0.0,Under way using engine
2026-08-27T08:55:55Z,219002177,54.916370,11.360535,0.0,Under way using engine
2026-08-27T08:56:13Z,219000809,54.916085,11.360043,0.0,Under way using engine
2026-08-27T08:56:19Z,219000811,54.838720,11.491808,0.0,Under way using engine
2026-08-27T08:56:25Z,219002177,54.916360,11.360547,0.0,Under way using engine
2026-08-27T08:56:43Z,219000809,54.916090,11.360032,0.0,Under way using engine
2026-08-27T08:56:55Z,219002177,54.916347,11.360555,0.0,Under way using engine
2026-08-27T08:57:00Z,219000811,54.838720,11.491810,0.0,Under way using engine
2026-08-27T08:57:13Z,219000809,54.916070,11.360042,0.0,Under way using engine
2026-08-27T08:57:25Z,219002177,54.916357,11.360542,0.0,Under way using engine
2026-08-27T08:57:30Z,219000811,54.838720,11.491807,0.0,Under way using engine
2026-08-27T08:57:43Z,219000809,54.916070,11.360048,0.0,Under way using engine
2026-08-27T08:58:00Z,219000811,54.838720,11.491807,0.0,Under way using engine
2026-08-27T08:58:04Z,219002177,54.916370,11.360537,0.0,Under way using engine
2026-08-27T08:58:13Z,219000809,54.916077,11.360042,0.0,Under way using engine
2026-08-27T08:58:30Z,219000811,54.838718,11.491805,0.0,Under way using engine
2026-08-27T08:58:34Z,219002177,54.916375,11.360533,0.0,Under way using engine
2026-08-27T08:58:44Z,219000809,54.916077,11.360050,0.0,Under way using engine
2026-08-27T08:59:00Z,219000811,54.838717,11.491805,0.0,Under way using engine
2026-08-27T08:59:04Z,219002177,54.916357,11.360555,0.0,Under way using engine
2026-08-27T08:59:23Z,219000809,54.916075,11.360043,0.0,Under way using engine
2026-08-27T08:59:30Z,219000811,54.838717,11.491810,0.0,Under way using engine
2026-08-27T08:59:34Z,219002177,54.916355,11.360563,0.0,Under way using engine
2026-08-27T08:59:55Z,219000809,54.916073,11.360043,0.0,Under way using engine
2026-08-27T09:00:04Z,219002177,54.916367,11.360550,0.0,Under way using engine
2026-08-27T09:00:09Z,219000811,54.838718,11.491815,0.0,Under way using engine
2026-08-27T09:00:34Z,219000809,54.916092,11.360043,0.0,Under way using engine
2026-08-27T09:00:34Z,219002177,54.916357,11.360560,0.0,Under way using engine
2026-08-27T09:00:40Z,219000811,54.838718,11.491815,0.0,Under way using engine
2026-08-27T09:01:04Z,219000809,54.916083,11.360065,0.0,Under way using engine
2026-08-27T09:01:04Z,219002177,54.916370,11.360535,0.0,Under way using engine
2026-08-27T09:01:20Z,219000811,54.838717,11.491817,0.0,Under way using engine
2026-08-27T09:01:34Z,219002177,54.916348,11.360548,0.0,Under way using engine
2026-08-27T09:01:44Z,219000809,54.916072,11.360067,0.0,Under way using engine
2026-08-27T09:01:59Z,219000811,54.838715,11.491817,0.0,Under way using engine
2026-08-27T09:02:04Z,219002177,54.916333,11.360540,0.0,Under way using engine
2026-08-27T09:02:23Z,219000809,54.916070,11.360060,0.0,Under way using engine
2026-08-27T09:02:30Z,219000811,54.838713,11.491817,0.0,Under way using engine
2026-08-27T09:02:34Z,219002177,54.916338,11.360540,0.0,Under way using engine
2026-08-27T09:02:53Z,219000809,54.916062,11.360065,0.0,Under way using engine
2026-08-27T09:03:09Z,219000811,54.838713,11.491820,0.1,Under way using engine
2026-08-27T09:03:13Z,219002177,54.916358,11.360545,0.0,Under way using engine
2026-08-27T09:03:23Z,219000809,54.916065,11.360058,0.0,Under way using engine
2026-08-27T09:03:40Z,219000811,54.838712,11.491820,0.0,Under way using engine
2026-08-27T09:03:45Z,219002177,54.916350,11.360553,0.0,Under way using engine
2026-08-27T09:03:53Z,219000809,54.916068,11.360048,0.0,Under way using engine
2026-08-27T09:04:20Z,219000811,54.838712,11.491823,0.0,Under way using engine
2026-08-27T09:04:23Z,219000809,54.916092,11.360035,0.0,Under way using engine
2026-08-27T09:04:24Z,219002177,54.916330,11.360565,0.0,Under way using engine
2026-08-27T09:04:53Z,219000809,54.916092,11.360045,0.0,Under way using engine
2026-08-27T09:04:54Z,219002177,54.916350,11.360542,0.0,Under way using engine
2026-08-27T09:04:59Z,219000811,54.838713,11.491823,0.0,Under way using engine
2026-08-27T09:05:23Z,219000809,54.916073,11.360055,0.0,Under way using engine
2026-08-27T09:05:24Z,219002177,54.916358,11.360540,0.0,Under way using engine
2026-08-27T09:05:30Z,219000811,54.838713,11.491825,0.0,Under way using engine
2026-08-27T09:05:53Z,219000809,54.916070,11.360053,0.0,Under way using engine
2026-08-27T09:05:54Z,219002177,54.916372,11.360518,0.0,Under way using engine
2026-08-27T09:06:09Z,219000811,54.838715,11.491828,0.0,Under way using engine
2026-08-27T09:06:23Z,219000809,54.916068,11.360063,0.0,Under way using engine
2026-08-27T09:06:24Z,219002177,54.916362,11.360543,0.0,Under way using engine
2026-08-27T09:06:40Z,219000811,54.838718,11.491827,0.0,Under way using engine
2026-08-27T09:06:53Z,219000809,54.916073,11.360060,0.0,Under way using engine
2026-08-27T09:06:54Z,219002177,54.916340,11.360565,0.0,Under way using engine
2026-08-27T09:07:10Z,219000811,54.838720,11.491827,0.0,Under way using engine
2026-08-27T09:07:23Z,219000809,54.916065,11.360072,0.0,Under way using engine
2026-08-27T09:07:25Z,219002177,54.916358,11.360548,0.0,Under way using engine
2026-08-27T09:07:40Z,219000811,54.838722,11.491828,0.0,Under way using engine
2026-08-27T09:07:53Z,219000809,54.916060,11.360093,0.0,Under way using engine
2026-08-27T09:08:03Z,219002177,54.916363,11.360548,0.0,Under way using engine
2026-08-27T09:08:10Z,219000811,54.838720,11.491828,0.0,Under way using engine
2026-08-27T09:08:23Z,219000809,54.916060,11.360078,0.0,Under way using engine
2026-08-27T09:08:34Z,219002177,54.916338,11.360565,0.0,Under way using engine
2026-08-27T09:08:40Z,219000811,54.838720,11.491832,0.0,Under way using engine
2026-08-27T09:08:53Z,219000809,54.916063,11.360075,0.0,Under way using engine
2026-08-27T09:09:10Z,219000811,54.838720,11.491832,0.0,Under way using engine
2026-08-27T09:09:13Z,219002177,54.916328,11.360562,0.0,Under way using engine
2026-08-27T09:09:23Z,219000809,54.916082,11.360065,0.0,Under way using engine
2026-08-27T09:09:40Z,219000811,54.838718,11.491832,0.0,Under way using engine
2026-08-27T09:09:45Z,219002177,54.916318,11.360578,0.1,Under way using engine
2026-08-27T09:09:53Z,219000809,54.916073,11.360067,0.0,Under way using engine
2026-08-27T09:10:10Z,219000811,54.838715,11.491832,0.0,Under way using engine
2026-08-27T09:10:23Z,219000809,54.916075,11.360043,0.0,Under way using engine
2026-08-27T09:10:25Z,219002177,54.916350,11.360555,0.1,Under way using engine
2026-08-27T09:10:48Z,219000811,54.838713,11.491830,0.0,Under way using engine
2026-08-27T09:10:53Z,219000809,54.916070,11.360058,0.0,Under way using engine
2026-08-27T09:11:04Z,219002177,54.916353,11.360540,0.0,Under way using engine
2026-08-27T09:11:20Z,219000811,54.838713,11.491830,0.0,Under way using engine
2026-08-27T09:11:23Z,219000809,54.916073,11.360082,0.0,Under way using engine
2026-08-27T09:11:34Z,219002177,54.916352,11.360533,0.0,Under way using engine
2026-08-27T09:11:53Z,219000809,54.916065,11.360082,0.0,Under way using engine
2026-08-27T09:11:59Z,219000811,54.838713,11.491828,0.0,Under way using engine
2026-08-27T09:12:04Z,219002177,54.916348,11.360538,0.0,Under way using engine
2026-08-27T09:12:23Z,219000809,54.916073,11.360060,0.0,Under way using engine
2026-08-27T09:12:29Z,219000811,54.838713,11.491828,0.0,Under way using engine
2026-08-27T09:12:34Z,219002177,54.916345,11.360545,0.1,Under way using engine
2026-08-27T09:12:53Z,219000809,54.916073,11.360062,0.0,Under way using engine
2026-08-27T09:12:59Z,219000811,54.838715,11.491825,0.0,Under way using engine
2026-08-27T09:13:04Z,219002177,54.916337,11.360543,0.0,Under way using engine
2026-08-27T09:13:23Z,219000809,54.916078,11.360060,0.0,Under way using engine
2026-08-27T09:13:29Z,219000811,54.838713,11.491825,0.0,Under way using engine
2026-08-27T09:13:34Z,219002177,54.916340,11.360548,0.0,Under way using engine
2026-08-27T09:13:53Z,219000809,54.916067,11.360077,0.0,Under way using engine
2026-08-27T09:13:59Z,219000811,54.838713,11.491827,0.0,Under way using engine
2026-08-27T09:14:04Z,219002177,54.916332,11.360560,0.0,Under way using engine
2026-08-27T09:14:23Z,219000809,54.916062,11.360083,0.0,Under way using engine
2026-08-27T09:14:29Z,219000811,54.838715,11.491828,0.0,Under way using engine
2026-08-27T09:14:34Z,219002177,54.916350,11.360550,0.0,Under way using engine
2026-08-27T09:14:53Z,219000809,54.916057,11.360068,0.0,Under way using engine
2026-08-27T09:14:59Z,219000811,54.838715,11.491830,0.0,Under way using engine
2026-08-27T09:15:04Z,219002177,54.916343,11.360558,0.0,Under way using engine
2026-08-27T09:15:23Z,219000809,54.916058,11.360078,0.0,Under way using engine
2026-08-27T09:15:29Z,219000811,54.838713,11.491830,0.0,Under way using engine
2026-08-27T09:15:34Z,219002177,54.916322,11.360563,0.0,Under way using engine
2026-08-27T09:15:54Z,219000809,54.916072,11.360058,0.0,Under way using engine
2026-08-27T09:15:59Z,219000811,54.838712,11.491830,0.0,Under way using engine
2026-08-27T09:16:04Z,219002177,54.916382,11.360513,0.0,Under way using engine
2026-08-27T09:16:30Z,219000811,54.838712,11.491830,0.0,Under way using engine
2026-08-27T09:16:34Z,219000809,54.916070,11.360060,0.0,Under way using engine
2026-08-27T09:16:43Z,219002177,54.916362,11.360560,0.0,Under way using engine
2026-08-27T09:17:00Z,219000811,54.838710,11.491832,0.0,Under way using engine
2026-08-27T09:17:04Z,219000809,54.916088,11.360045,0.0,Under way using engine
2026-08-27T09:17:14Z,219002177,54.916325,11.360553,0.0,Under way using engine
2026-08-27T09:17:30Z,219000811,54.838707,11.491832,0.0,Under way using engine
2026-08-27T09:17:44Z,219000809,54.916093,11.360050,0.0,Under way using engine
2026-08-27T09:17:55Z,219002177,54.916345,11.360565,0.0,Under way using engine
2026-08-27T09:18:00Z,219000811,54.838708,11.491830,0.0,Under way using engine
2026-08-27T09:18:24Z,219000809,54.916112,11.359992,0.0,Under way using engine
2026-08-27T09:18:25Z,219002177,54.916323,11.360537,0.0,Under way using engine
2026-08-27T09:18:30Z,219000811,54.838713,11.491830,0.0,Under way using engine
2026-08-27T09:18:54Z,219000809,54.916105,11.360010,0.0,Under way using engine
2026-08-27T09:18:55Z,219002177,54.916332,11.360540,0.0,Under way using engine
2026-08-27T09:19:00Z,219000811,54.838712,11.491830,0.0,Under way using engine
2026-08-27T09:19:24Z,219000809,54.916103,11.360017,0.0,Under way using engine
2026-08-27T09:19:25Z,219002177,54.916347,11.360560,0.0,Under way using engine
2026-08-27T09:19:30Z,219000811,54.838712,11.491830,0.0,Under way using engine
2026-08-27T09:19:54Z,219000809,54.916113,11.360010,0.0,Under way using engine
2026-08-27T09:19:55Z,219002177,54.916323,11.360560,0.0,Under way using engine
2026-08-27T09:20:00Z,219000811,54.838715,11.491827,0.0,Under way using engine
2026-08-27T09:20:24Z,219000809,54.916093,11.360032,0.0,Under way using engine
2026-08-27T09:20:25Z,219002177,54.916335,11.360577,0.0,Under way using engine
2026-08-27T09:20:39Z,219000811,54.838713,11.491830,0.0,Under way using engine
2026-08-27T09:20:55Z,219002177,54.916322,11.360563,0.0,Under way using engine
2026-08-27T09:21:04Z,219000809,54.916072,11.360055,0.0,Under way using engine
2026-08-27T09:21:09Z,219000811,54.838713,11.491828,0.0,Under way using engine
2026-08-27T09:21:25Z,219002177,54.916343,11.360565,0.0,Under way using engine
2026-08-27T09:21:39Z,219000811,54.838715,11.491825,0.0,Under way using engine
2026-08-27T09:21:40Z,219000809,54.916068,11.360067,0.0,Under way using engine
2026-08-27T09:21:55Z,219002177,54.916338,11.360557,0.0,Under way using engine
2026-08-27T09:22:13Z,219000809,54.916082,11.360052,0.0,Under way using engine
2026-08-27T09:22:19Z,219000811,54.838720,11.491820,0.0,Under way using engine
2026-08-27T09:22:25Z,219002177,54.916328,11.360553,0.0,Under way using engine
2026-08-27T09:22:44Z,219000809,54.916102,11.360038,0.0,Under way using engine
2026-08-27T09:22:49Z,219000811,54.838718,11.491820,0.0,Under way using engine
2026-08-27T09:22:55Z,219002177,54.916325,11.360547,0.0,Under way using engine
2026-08-27T09:23:14Z,219000809,54.916078,11.360055,0.0,Under way using engine
2026-08-27T09:23:19Z,219000811,54.838717,11.491822,0.0,Under way using engine
2026-08-27T09:23:25Z,219002177,54.916333,11.360553,0.0,Under way using engine
2026-08-27T09:23:44Z,219000809,54.916077,11.360060,0.0,Under way using engine
2026-08-27T09:23:49Z,219000811,54.838713,11.491823,0.0,Under way using engine
2026-08-27T09:23:55Z,219002177,54.916348,11.360542,0.0,Under way using engine
2026-08-27T09:24:14Z,219000809,54.916080,11.360053,0.0,Under way using engine
2026-08-27T09:24:19Z,219000811,54.838713,11.491822,0.0,Under way using engine
2026-08-27T09:24:34Z,219002177,54.916345,11.360562,0.0,Under way using engine
2026-08-27T09:24:49Z,219000811,54.838715,11.491822,0.0,Under way using engine
2026-08-27T09:24:53Z,219000809,54.916093,11.360038,0.0,Under way using engine
2026-08-27T09:25:15Z,219002177,54.916337,11.360575,0.0,Under way using engine
2026-08-27T09:25:19Z,219000811,54.838715,11.491822,0.0,Under way using engine
2026-08-27T09:25:24Z,219000809,54.916092,11.360048,0.0,Under way using engine
2026-08-27T09:25:49Z,219000811,54.838715,11.491820,0.0,Under way using engine
2026-08-27T09:25:53Z,219002177,54.916352,11.360542,0.0,Under way using engine
2026-08-27T09:26:04Z,219000809,54.916087,11.360055,0.0,Under way using engine
2026-08-27T09:26:19Z,219000811,54.838718,11.491818,0.0,Under way using engine
2026-08-27T09:26:23Z,219002177,54.916365,11.360543,0.0,Under way using engine
2026-08-27T09:26:43Z,219000809,54.916080,11.360058,0.0,Under way using engine
2026-08-27T09:26:49Z,219000811,54.838720,11.491818,0.0,Under way using engine
2026-08-27T09:26:53Z,219002177,54.916353,11.360538,0.0,Under way using engine
2026-08-27T09:27:13Z,219000809,54.916073,11.360060,0.0,Under way using engine
2026-08-27T09:27:23Z,219002177,54.916353,11.360550,0.0,Under way using engine
2026-08-27T09:27:29Z,219000811,54.838718,11.491820,0.0,Under way using engine
2026-08-27T09:27:43Z,219000809,54.916063,11.360057,0.0,Under way using engine
2026-08-27T09:27:53Z,219002177,54.916337,11.360550,0.0,Under way using engine
2026-08-27T09:27:59Z,219000811,54.838718,11.491818,0.0,Under way using engine
2026-08-27T09:28:13Z,219000809,54.916063,11.360075,0.0,Under way using engine
2026-08-27T09:28:23Z,219002177,54.916338,11.360540,0.0,Under way using engine
2026-08-27T09:28:29Z,219000811,54.838718,11.491818,0.0,Under way using engine
2026-08-27T09:28:44Z,219000809,54.916067,11.360070,0.0,Under way using engine
2026-08-27T09:28:53Z,219002177,54.916353,11.360545,0.0,Under way using engine
2026-08-27T09:28:59Z,219000811,54.838718,11.491818,0.0,Under way using engine
2026-08-27T09:29:23Z,219002177,54.916360,11.360545,0.1,Under way using engine
2026-08-27T09:29:25Z,219000809,54.916097,11.360043,0.0,Under way using engine
2026-08-27T09:29:29Z,219000811,54.838717,11.491820,0.0,Under way using engine
2026-08-27T09:29:53Z,219002177,54.916352,11.360543,0.0,Under way using engine
2026-08-27T09:29:59Z,219000811,54.838715,11.491820,0.0,Under way using engine
2026-08-27T09:30:04Z,219000809,54.916075,11.360055,0.0,Under way using engine
2026-08-27T09:30:23Z,219002177,54.916337,11.360547,0.0,Under way using engine
2026-08-27T09:30:29Z,219000811,54.838713,11.491818,0.0,Under way using engine
2026-08-27T09:30:34Z,219000809,54.916070,11.360067,0.0,Under way using engine
2026-08-27T09:30:53Z,219002177,54.916348,11.360555,0.0,Under way using engine
2026-08-27T09:30:59Z,219000811,54.838712,11.491818,0.0,Under way using engine
2026-08-27T09:31:04Z,219000809,54.916070,11.360073,0.0,Under way using engine
2026-08-27T09:31:23Z,219002177,54.916358,11.360558,0.0,Under way using engine
2026-08-27T09:31:29Z,219000811,54.838712,11.491820,0.0,Under way using engine
2026-08-27T09:31:34Z,219000809,54.916078,11.360060,0.0,Under way using engine
2026-08-27T09:31:55Z,219002177,54.916352,11.360552,0.0,Under way using engine
2026-08-27T09:31:59Z,219000811,54.838713,11.491822,0.0,Under way using engine
2026-08-27T09:32:04Z,219000809,54.916078,11.360053,0.0,Under way using engine
2026-08-27T09:32:29Z,219000811,54.838713,11.491822,0.0,Under way using engine
2026-08-27T09:32:34Z,219000809,54.916083,11.360063,0.0,Under way using engine
2026-08-27T09:32:34Z,219002177,54.916343,11.360553,0.0,Under way using engine
2026-08-27T09:32:59Z,219000811,54.838717,11.491822,0.0,Under way using engine
2026-08-27T09:33:04Z,219000809,54.916088,11.360063,0.0,Under way using engine
2026-08-27T09:33:13Z,219002177,54.916340,11.360553,0.0,Under way using engine
2026-08-27T09:33:29Z,219000811,54.838718,11.491822,0.0,Under way using engine
2026-08-27T09:33:34Z,219000809,54.916090,11.360070,0.0,Under way using engine
2026-08-27T09:33:43Z,219002177,54.916342,11.360552,0.0,Under way using engine
2026-08-27T09:33:59Z,219000811,54.838717,11.491822,0.0,Under way using engine
2026-08-27T09:34:04Z,219000809,54.916067,11.360087,0.0,Under way using engine
2026-08-27T09:34:13Z,219002177,54.916350,11.360505,0.0,Under way using engine
2026-08-27T09:34:29Z,219000811,54.838718,11.491820,0.0,Under way using engine
2026-08-27T09:34:43Z,219000809,54.916058,11.360082,0.0,Under way using engine
2026-08-27T09:34:43Z,219002177,54.916345,11.360518,0.0,Under way using engine
2026-08-27T09:34:59Z,219000811,54.838718,11.491823,0.0,Under way using engine
2026-08-27T09:35:13Z,219002177,54.916338,11.360545,0.0,Under way using engine
2026-08-27T09:35:14Z,219000809,54.916068,11.360078,0.0,Under way using engine
2026-08-27T09:35:38Z,219000811,54.838717,11.491827,0.0,Under way using engine
2026-08-27T09:35:43Z,219002177,54.916343,11.360548,0.0,Under way using engine
2026-08-27T09:35:54Z,219000809,54.916058,11.360077,0.0,Under way using engine
2026-08-27T09:36:10Z,219000811,54.838718,11.491827,0.0,Under way using engine
2026-08-27T09:36:13Z,219002177,54.916353,11.360552,0.0,Under way using engine
2026-08-27T09:36:33Z,219000809,54.916077,11.360045,0.0,Under way using engine
2026-08-27T09:36:43Z,219002177,54.916373,11.360527,0.0,Under way using engine
2026-08-27T09:36:49Z,219000811,54.838720,11.491827,0.0,Under way using engine
2026-08-27T09:37:04Z,219000809,54.916075,11.360065,0.0,Under way using engine
2026-08-27T09:37:13Z,219002177,54.916355,11.360542,0.0,Under way using engine
2026-08-27T09:37:19Z,219000811,54.838722,11.491832,0.0,Under way using engine
2026-08-27T09:37:43Z,219000809,54.916078,11.360082,0.0,Under way using engine
2026-08-27T09:37:45Z,219002177,54.916347,11.360543,0.0,Under way using engine
2026-08-27T09:37:49Z,219000811,54.838720,11.491832,0.1,Under way using engine
2026-08-27T09:38:14Z,219000809,54.916092,11.360070,0.0,Under way using engine
2026-08-27T09:38:19Z,219000811,54.838718,11.491832,0.0,Under way using engine
2026-08-27T09:38:24Z,219002177,54.916333,11.360537,0.0,Under way using engine
2026-08-27T09:38:49Z,219000811,54.838718,11.491828,0.0,Under way using engine
2026-08-27T09:38:54Z,219000809,54.916072,11.360085,0.0,Under way using engine
2026-08-27T09:38:54Z,219002177,54.916330,11.360528,0.0,Under way using engine
2026-08-27T09:39:19Z,219000811,54.838718,11.491825,0.0,Under way using engine
2026-08-27T09:39:24Z,219002177,54.916340,11.360533,0.0,Under way using engine
2026-08-27T09:39:33Z,219000809,54.916092,11.360070,0.0,Under way using engine
2026-08-27T09:39:49Z,219000811,54.838720,11.491823,0.0,Under way using engine
2026-08-27T09:39:54Z,219002177,54.916328,11.360525,0.0,Under way using engine
2026-08-27T09:40:05Z,219000809,54.916082,11.360075,0.0,Under way using engine
2026-08-27T09:40:25Z,219002177,54.916358,11.360515,0.0,Under way using engine
2026-08-27T09:40:28Z,219000811,54.838718,11.491822,0.0,Under way using engine
2026-08-27T09:40:44Z,219000809,54.916073,11.360090,0.0,Under way using engine
2026-08-27T09:40:58Z,219000811,54.838720,11.491822,0.0,Under way using engine
2026-08-27T09:41:03Z,219002177,54.916377,11.360532,0.0,Under way using engine
2026-08-27T09:41:14Z,219000809,54.916078,11.360070,0.0,Under way using engine
2026-08-27T09:41:28Z,219000811,54.838720,11.491820,0.0,Under way using engine
2026-08-27T09:41:34Z,219002177,54.916347,11.360530,0.0,Under way using engine
2026-08-27T09:41:44Z,219000809,54.916090,11.360058,0.0,Under way using engine
2026-08-27T09:41:58Z,219000811,54.838720,11.491818,0.0,Under way using engine
2026-08-27T09:42:14Z,219002177,54.916327,11.360548,0.0,Under way using engine
2026-08-27T09:42:15Z,219000809,54.916085,11.360070,0.0,Under way using engine
2026-08-27T09:42:28Z,219000811,54.838720,11.491817,0.0,Under way using engine
2026-08-27T09:42:44Z,219002177,54.916357,11.360530,0.0,Under way using engine
2026-08-27T09:42:53Z,219000809,54.916088,11.360060,0.0,Under way using engine
2026-08-27T09:42:58Z,219000811,54.838720,11.491818,0.0,Under way using engine
2026-08-27T09:43:14Z,219002177,54.916345,11.360527,0.0,Under way using engine
2026-08-27T09:43:24Z,219000809,54.916107,11.360053,0.0,Under way using engine
2026-08-27T09:43:29Z,219000811,54.838720,11.491817,0.0,Under way using engine
2026-08-27T09:43:44Z,219002177,54.916362,11.360527,0.0,Under way using engine
2026-08-27T09:44:03Z,219000809,54.916107,11.360043,0.0,Under way using engine
2026-08-27T09:44:09Z,219000811,54.838717,11.491817,0.0,Under way using engine
2026-08-27T09:44:14Z,219002177,54.916368,11.360540,0.0,Under way using engine
2026-08-27T09:44:33Z,219000809,54.916100,11.360062,0.0,Under way using engine
2026-08-27T09:44:40Z,219000811,54.838717,11.491815,0.0,Under way using engine
2026-08-27T09:44:44Z,219002177,54.916368,11.360530,0.0,Under way using engine
2026-08-27T09:45:03Z,219000809,54.916078,11.360063,0.0,Under way using engine
2026-08-27T09:45:14Z,219002177,54.916420,11.360498,0.0,Under way using engine
2026-08-27T09:45:18Z,219000811,54.838717,11.491817,0.0,Under way using engine
2026-08-27T09:45:33Z,219000809,54.916078,11.360100,0.8,Under way using engine
2026-08-27T09:45:44Z,219002177,54.916375,11.360508,0.0,Under way using engine
2026-08-27T09:45:49Z,219000811,54.838713,11.491817,0.0,Under way using engine
2026-08-27T09:46:03Z,219000809,54.916127,11.361035,5.5,Under way using engine
2026-08-27T09:46:14Z,219002177,54.916390,11.360477,0.0,Under way using engine
2026-08-27T09:46:20Z,219000811,54.838713,11.491815,0.0,Under way using engine
2026-08-27T09:46:34Z,219000809,54.916335,11.362745,7.4,Under way using engine
2026-08-27T09:46:44Z,219002177,54.916357,11.360515,0.0,Under way using engine
2026-08-27T09:47:00Z,219000811,54.838710,11.491818,0.1,Under way using engine
2026-08-27T09:47:13Z,219000809,54.916548,11.365137,7.9,Under way using engine
2026-08-27T09:47:14Z,219002177,54.916378,11.360552,0.0,Under way using engine
2026-08-27T09:47:40Z,219000811,54.838707,11.491822,0.0,Under way using engine
2026-08-27T09:47:43Z,219000809,54.916720,11.367062,8.0,Under way using engine
2026-08-27T09:47:44Z,219002177,54.916368,11.360573,0.0,Under way using engine
2026-08-27T09:48:13Z,219000809,54.916865,11.369030,8.2,Under way using engine
2026-08-27T09:48:14Z,219002177,54.916382,11.360563,0.0,Under way using engine
2026-08-27T09:48:20Z,219000811,54.838707,11.491822,0.0,Under way using engine
2026-08-27T09:48:43Z,219000809,54.916827,11.370833,7.0,Under way using engine
2026-08-27T09:48:44Z,219002177,54.916355,11.360567,0.0,Under way using engine
2026-08-27T09:48:50Z,219000811,54.838707,11.491827,0.0,Under way using engine
2026-08-27T09:49:13Z,219000809,54.916483,11.372388,6.7,Under way using engine
2026-08-27T09:49:14Z,219002177,54.916387,11.360545,0.1,Under way using engine
2026-08-27T09:49:20Z,219000811,54.838707,11.491828,0.1,Under way using engine
2026-08-27T09:49:43Z,219000809,54.915857,11.373823,8.0,Under way using engine
2026-08-27T09:49:45Z,219002177,54.916363,11.360552,0.0,Under way using engine
2026-08-27T09:49:50Z,219000811,54.838705,11.491828,0.0,Under way using engine
2026-08-27T09:50:13Z,219000809,54.915070,11.375298,8.5,Under way using engine
2026-08-27T09:50:20Z,219000811,54.838708,11.491832,0.0,Under way using engine
2026-08-27T09:50:25Z,219002177,54.916380,11.360560,0.0,Under way using engine
2026-08-27T09:50:43Z,219000809,54.914382,11.376987,8.6,Under way using engine
2026-08-27T09:50:50Z,219000811,54.838708,11.491833,0.0,Under way using engine
2026-08-27T09:51:04Z,219002177,54.916370,11.360542,0.0,Under way using engine
2026-08-27T09:51:13Z,219000809,54.913762,11.378660,8.6,Under way using engine
2026-08-27T09:51:20Z,219000811,54.838705,11.491833,0.0,Under way using engine
2026-08-27T09:51:34Z,219002177,54.916357,11.360563,0.0,Under way using engine
2026-08-27T09:51:43Z,219000809,54.913042,11.380480,8.8,Under way using engine
2026-08-27T09:51:50Z,219000811,54.838705,11.491835,0.0,Under way using engine
2026-08-27T09:52:04Z,219002177,54.916353,11.360565,0.0,Under way using engine
2026-08-27T09:52:13Z,219000809,54.912400,11.382167,8.7,Under way using engine
2026-08-27T09:52:20Z,219000811,54.838705,11.491837,0.1,Under way using engine
2026-08-27T09:52:34Z,219002177,54.916362,11.360557,0.1,Under way using engine
2026-08-27T09:52:43Z,219000809,54.911703,11.383952,8.7,Under way using engine
2026-08-27T09:52:50Z,219000811,54.838707,11.491835,0.1,Under way using engine
2026-08-27T09:53:04Z,219002177,54.916370,11.360577,0.0,Under way using engine
2026-08-27T09:53:13Z,219000809,54.911060,11.385653,8.7,Under way using engine
2026-08-27T09:53:20Z,219000811,54.838703,11.491835,0.0,Under way using engine
2026-08-27T09:53:34Z,219002177,54.916380,11.360562,0.0,Under way using engine
2026-08-27T09:53:43Z,219000809,54.910375,11.387475,8.7,Under way using engine
2026-08-27T09:53:50Z,219000811,54.838700,11.491840,0.0,Under way using engine
2026-08-27T09:54:05Z,219002177,54.916362,11.360568,0.0,Under way using engine
2026-08-27T09:54:13Z,219000809,54.909692,11.389122,8.6,Under way using engine
2026-08-27T09:54:20Z,219000811,54.838700,11.491838,0.0,Under way using engine
2026-08-27T09:54:43Z,219000809,54.908995,11.390945,8.7,Under way using engine
2026-08-27T09:54:44Z,219002177,54.916355,11.360563,0.0,Under way using engine
2026-08-27T09:55:00Z,219000811,54.838703,11.491838,0.0,Under way using engine
2026-08-27T09:55:13Z,219000809,54.908333,11.392595,8.7,Under way using engine
2026-08-27T09:55:15Z,219002177,54.916357,11.360572,0.0,Under way using engine
2026-08-27T09:55:39Z,219000811,54.838700,11.491843,0.1,Under way using engine
2026-08-27T09:55:43Z,219000809,54.907632,11.394405,8.8,Under way using engine
2026-08-27T09:55:54Z,219002177,54.916372,11.360590,0.0,Under way using engine
2026-08-27T09:56:09Z,219000811,54.838698,11.491840,0.0,Under way using engine
2026-08-27T09:56:14Z,219000809,54.906920,11.396220,8.8,Under way using engine
2026-08-27T09:56:24Z,219002177,54.916358,11.360577,0.0,Under way using engine
2026-08-27T09:56:39Z,219000811,54.838698,11.491837,0.0,Under way using engine
2026-08-27T09:56:50Z,219000809,54.906215,11.398448,8.7,Under way using engine
2026-08-27T09:56:54Z,219002177,54.916307,11.360813,1.1,Under way using engine
2026-08-27T09:57:09Z,219000811,54.838697,11.491835,0.0,Under way using engine
2026-08-27T09:57:23Z,219000809,54.905695,11.400615,8.8,Under way using engine
2026-08-27T09:57:24Z,219002177,54.916343,11.361240,2.2,Under way using engine
2026-08-27T09:57:39Z,219000811,54.838698,11.491835,0.1,Under way using engine
2026-08-27T09:57:54Z,219000809,54.905203,11.402668,8.7,Under way using engine
2026-08-27T09:57:54Z,219002177,54.916353,11.361925,2.9,Under way using engine
2026-08-27T09:58:09Z,219000811,54.838698,11.491832,0.0,Under way using engine
2026-08-27T09:58:24Z,219002177,54.916373,11.362677,3.4,Under way using engine
2026-08-27T09:58:35Z,219000809,54.904560,11.405225,8.7,Under way using engine
2026-08-27T09:58:39Z,219000811,54.838700,11.491828,0.0,Under way using engine
2026-08-27T09:58:54Z,219002177,54.916388,11.363608,4.0,Under way using engine
2026-08-27T09:59:09Z,219000811,54.838702,11.491827,0.0,Under way using engine
2026-08-27T09:59:14Z,219000809,54.903948,11.407843,8.8,Under way using engine
2026-08-27T09:59:24Z,219002177,54.916435,11.364685,4.6,Under way using engine
2026-08-27T09:59:39Z,219000811,54.838708,11.491827,0.0,Under way using engine
2026-08-27T09:59:44Z,219000809,54.903458,11.409775,8.8,Under way using engine
2026-08-27T09:59:54Z,219002177,54.916515,11.365850,4.9,Under way using engine
2026-08-27T10:00:09Z,219000811,54.838708,11.491825,0.0,Under way using engine
2026-08-27T10:00:14Z,219000809,54.902973,11.411732,8.8,Under way using engine
2026-08-27T10:00:24Z,219002177,54.916655,11.367050,5.2,Under way using engine
2026-08-27T10:00:39Z,219000811,54.838710,11.491827,0.0,Under way using engine
2026-08-27T10:00:44Z,219000809,54.902473,11.413657,8.8,Under way using engine
2026-08-27T10:00:54Z,219002177,54.916777,11.368320,5.3,Under way using engine
2026-08-27T10:01:09Z,219000811,54.838710,11.491827,0.0,Under way using engine
2026-08-27T10:01:14Z,219000809,54.901998,11.415612,8.8,Under way using engine
2026-08-27T10:01:24Z,219002177,54.916880,11.369610,5.4,Under way using engine
2026-08-27T10:01:39Z,219000811,54.838707,11.491828,0.0,Under way using engine
2026-08-27T10:01:44Z,219000809,54.901488,11.417547,8.8,Under way using engine
2026-08-27T10:01:54Z,219002177,54.917025,11.370885,5.2,Under way using engine
2026-08-27T10:02:09Z,219000811,54.838710,11.491830,0.0,Under way using engine
2026-08-27T10:02:14Z,219000809,54.901028,11.419425,8.8,Under way using engine
2026-08-27T10:02:24Z,219002177,54.917480,11.371542,4.3,Under way using engine
2026-08-27T10:02:40Z,219000811,54.838712,11.491823,0.1,Under way using engine
2026-08-27T10:02:44Z,219000809,54.900513,11.421408,8.8,Under way using engine
2026-08-27T10:02:54Z,219002177,54.918168,11.371530,5.3,Under way using engine
2026-08-27T10:03:14Z,219000809,54.900027,11.423262,8.7,Under way using engine
2026-08-27T10:03:18Z,219000811,54.838715,11.491822,0.1,Under way using engine
2026-08-27T10:03:24Z,219002177,54.918967,11.371530,5.9,Under way using engine
2026-08-27T10:03:44Z,219000809,54.899518,11.425243,8.7,Under way using engine
2026-08-27T10:03:50Z,219000811,54.838717,11.491823,0.1,Under way using engine
2026-08-27T10:03:54Z,219002177,54.919843,11.371530,6.4,Under way using engine
2026-08-27T10:04:14Z,219000809,54.899047,11.427100,8.7,Under way using engine
2026-08-27T10:04:24Z,219002177,54.920753,11.371522,6.7,Under way using engine
2026-08-27T10:04:28Z,219000811,54.838715,11.491825,0.1,Under way using engine
2026-08-27T10:04:44Z,219000809,54.898518,11.429077,8.7,Under way using engine
2026-08-27T10:04:54Z,219002177,54.921715,11.371508,6.9,Under way using engine
2026-08-27T10:05:00Z,219000811,54.838708,11.491827,0.0,Under way using engine
2026-08-27T10:05:14Z,219000809,54.898057,11.430895,8.5,Under way using engine
2026-08-27T10:05:24Z,219002177,54.922695,11.371475,7.2,Under way using engine
2026-08-27T10:05:40Z,219000811,54.838707,11.491825,0.1,Under way using engine
2026-08-27T10:05:44Z,219000809,54.897518,11.432812,8.5,Under way using engine
2026-08-27T10:05:54Z,219002177,54.923685,11.371427,7.3,Under way using engine
2026-08-27T10:06:10Z,219000811,54.838703,11.491827,0.0,Under way using engine
2026-08-27T10:06:14Z,219000809,54.896890,11.434480,8.6,Under way using engine
2026-08-27T10:06:35Z,219002177,54.925057,11.371380,7.3,Under way using engine
2026-08-27T10:06:44Z,219000809,54.896188,11.436287,8.8,Under way using engine
2026-08-27T10:06:50Z,219000811,54.838707,11.491827,0.0,Under way using engine
2026-08-27T10:07:05Z,219002177,54.926072,11.371350,7.4,Under way using engine
2026-08-27T10:07:14Z,219000809,54.895515,11.437977,8.8,Under way using engine
2026-08-27T10:07:30Z,219000811,54.838707,11.491823,0.0,Under way using engine
2026-08-27T10:07:44Z,219000809,54.894802,11.439782,8.8,Under way using engine
2026-08-27T10:07:44Z,219002177,54.927392,11.371248,7.4,Under way using engine
2026-08-27T10:08:10Z,219000811,54.838707,11.491825,0.0,Under way using engine
2026-08-27T10:08:14Z,219000809,54.894127,11.441525,8.9,Under way using engine
2026-08-27T10:08:14Z,219002177,54.928418,11.371183,7.3,Under way using engine
2026-08-27T10:08:44Z,219000809,54.893418,11.443400,9.0,Under way using engine
2026-08-27T10:08:44Z,219002177,54.929395,11.371095,7.4,Under way using engine
2026-08-27T10:08:50Z,219000811,54.838705,11.491825,0.0,Under way using engine
2026-08-27T10:09:14Z,219002177,54.930432,11.370985,7.3,Under way using engine
2026-08-27T10:09:23Z,219000809,54.892540,11.445612,8.8,Under way using engine
2026-08-27T10:09:30Z,219000811,54.838705,11.491825,0.0,Under way using engine
2026-08-27T10:09:44Z,219002177,54.931432,11.370915,7.2,Under way using engine
2026-08-27T10:09:54Z,219000809,54.891797,11.447460,8.8,Under way using engine
2026-08-27T10:10:10Z,219000811,54.838708,11.491823,0.0,Under way using engine
2026-08-27T10:10:14Z,219002177,54.932437,11.370828,7.2,Under way using engine
2026-08-27T10:10:34Z,219000809,54.890872,11.449795,8.9,Under way using engine
2026-08-27T10:10:50Z,219000811,54.838708,11.491822,0.0,Under way using engine
2026-08-27T10:10:54Z,219002177,54.933757,11.370987,6.9,Under way using engine
2026-08-27T10:11:13Z,219000809,54.889915,11.452000,8.8,Under way using engine
2026-08-27T10:11:30Z,219000811,54.838712,11.491825,0.0,Under way using engine
2026-08-27T10:11:33Z,219002177,54.934870,11.371467,5.9,Under way using engine
2026-08-27T10:11:44Z,219000809,54.889090,11.453652,8.7,Under way using engine
2026-08-27T10:12:05Z,219002177,54.935513,11.371685,3.9,Under way using engine
2026-08-27T10:12:10Z,219000811,54.838713,11.491822,0.0,Under way using engine
2026-08-27T10:12:23Z,219000809,54.888058,11.455623,8.7,Under way using engine
2026-08-27T10:12:43Z,219002177,54.935860,11.371913,1.4,Under way using engine
2026-08-27T10:12:50Z,219000811,54.838718,11.491822,0.0,Under way using engine
2026-08-27T10:12:53Z,219000809,54.887207,11.457193,8.7,Under way using engine
2026-08-27T10:13:14Z,219002177,54.935955,11.372017,0.3,Under way using engine
2026-08-27T10:13:23Z,219000809,54.886440,11.458752,8.8,Under way using engine
2026-08-27T10:13:29Z,219000811,54.838720,11.491818,0.0,Under way using engine
2026-08-27T10:13:53Z,219000809,54.885593,11.460422,8.8,Under way using engine
2026-08-27T10:13:53Z,219002177,54.935950,11.372020,0.0,Under way using engine
2026-08-27T10:13:59Z,219000811,54.838720,11.491818,0.0,Under way using engine
2026-08-27T10:14:25Z,219000809,54.884757,11.462000,8.7,Under way using engine
2026-08-27T10:14:25Z,219002177,54.935950,11.372032,0.0,Under way using engine
2026-08-27T10:14:29Z,219000811,54.838720,11.491817,0.0,Under way using engine
2026-08-27T10:14:59Z,219000811,54.838720,11.491818,0.0,Under way using engine
2026-08-27T10:15:03Z,219000809,54.883762,11.464150,8.9,Under way using engine
2026-08-27T10:15:03Z,219002177,54.935963,11.371998,0.0,Under way using engine
2026-08-27T10:15:29Z,219000811,54.838722,11.491823,0.0,Under way using engine
2026-08-27T10:15:33Z,219000809,54.882983,11.465720,8.9,Under way using engine
2026-08-27T10:15:35Z,219002177,54.935957,11.372007,0.0,Under way using engine
2026-08-27T10:15:59Z,219000811,54.838723,11.491820,0.0,Under way using engine
2026-08-27T10:16:03Z,219000809,54.882267,11.467522,8.8,Under way using engine
2026-08-27T10:16:14Z,219002177,54.935967,11.372007,0.0,Under way using engine
2026-08-27T10:16:29Z,219000811,54.838723,11.491813,0.0,Under way using engine
2026-08-27T10:16:33Z,219000809,54.881715,11.469327,8.8,Under way using engine
2026-08-27T10:16:53Z,219002177,54.935967,11.372013,0.0,Under way using engine
2026-08-27T10:16:59Z,219000811,54.838727,11.491815,0.0,Under way using engine
2026-08-27T10:17:04Z,219000809,54.881168,11.471295,8.8,Under way using engine
2026-08-27T10:17:24Z,219002177,54.935965,11.372030,0.0,Under way using engine
2026-08-27T10:17:29Z,219000811,54.838722,11.491812,0.0,Under way using engine
2026-08-27T10:17:43Z,219000809,54.880455,11.473812,8.8,Under way using engine
2026-08-27T10:17:59Z,219000811,54.838722,11.491818,0.0,Under way using engine
2026-08-27T10:18:03Z,219002177,54.935970,11.371997,0.0,Under way using engine
2026-08-27T10:18:13Z,219000809,54.880002,11.475785,8.8,Under way using engine
2026-08-27T10:18:30Z,219000811,54.838722,11.491822,0.0,Under way using engine
2026-08-27T10:18:35Z,219002177,54.935907,11.371922,1.1,Under way using engine
2026-08-27T10:18:43Z,219000809,54.879887,11.477882,8.8,Under way using engine
2026-08-27T10:19:05Z,219002177,54.935633,11.371702,2.6,Under way using engine
2026-08-27T10:19:09Z,219000811,54.838722,11.491825,0.0,Under way using engine
2026-08-27T10:19:13Z,219000809,54.880315,11.479850,8.9,Under way using engine
2026-08-27T10:19:35Z,219002177,54.935183,11.371207,4.4,Under way using engine
2026-08-27T10:19:40Z,219000811,54.838725,11.491828,0.0,Under way using engine
2026-08-27T10:19:43Z,219000809,54.881087,11.481477,8.8,Under way using engine
2026-08-27T10:20:05Z,219002177,54.934600,11.370585,5.1,Under way using engine
2026-08-27T10:20:13Z,219000809,54.881997,11.482848,8.2,Under way using engine
2026-08-27T10:20:20Z,219000811,54.838722,11.491825,0.0,Under way using engine
2026-08-27T10:20:35Z,219002177,54.933790,11.370470,6.4,Under way using engine
2026-08-27T10:20:43Z,219000809,54.882947,11.483428,7.0,Under way using engine
2026-08-27T10:20:50Z,219000811,54.838725,11.491833,0.0,Under way using engine
2026-08-27T10:21:05Z,219002177,54.932835,11.370377,7.1,Under way using engine
2026-08-27T10:21:13Z,219000809,54.883708,11.483357,4.5,Under way using engine
2026-08-27T10:21:20Z,219000811,54.838727,11.491832,0.0,Under way using engine
2026-08-27T10:21:35Z,219002177,54.931803,11.370298,7.6,Under way using engine
2026-08-27T10:21:43Z,219000809,54.884067,11.483262,1.8,Under way using engine
2026-08-27T10:21:50Z,219000811,54.838723,11.491832,0.0,Under way using engine
2026-08-27T10:22:05Z,219002177,54.930738,11.370268,7.7,Under way using engine
2026-08-27T10:22:13Z,219000809,54.884205,11.483275,0.9,Under way using engine
2026-08-27T10:22:20Z,219000811,54.838717,11.491825,0.0,Under way using engine
2026-08-27T10:22:44Z,219000809,54.884280,11.483263,0.4,Under way using engine
2026-08-27T10:22:44Z,219002177,54.929323,11.370273,7.8,Under way using engine
2026-08-27T10:22:50Z,219000811,54.838717,11.491827,0.0,Under way using engine
2026-08-27T10:23:20Z,219000811,54.838715,11.491823,0.0,Under way using engine
2026-08-27T10:23:24Z,219000809,54.884313,11.483240,0.1,Under way using engine
2026-08-27T10:23:24Z,219002177,54.927847,11.370265,7.8,Under way using engine
2026-08-27T10:23:50Z,219000811,54.838715,11.491823,0.0,Under way using engine
2026-08-27T10:23:54Z,219002177,54.926805,11.370368,7.7,Under way using engine
2026-08-27T10:24:04Z,219000809,54.884310,11.483243,0.0,Under way using engine
2026-08-27T10:24:20Z,219000811,54.838713,11.491825,0.0,Under way using engine
2026-08-27T10:24:34Z,219000809,54.884312,11.483233,0.0,Under way using engine
2026-08-27T10:24:34Z,219002177,54.925380,11.370502,7.6,Under way using engine
2026-08-27T10:24:50Z,219000811,54.838717,11.491832,0.0,Under way using engine
2026-08-27T10:25:04Z,219002177,54.924300,11.370588,7.6,Under way using engine
2026-08-27T10:25:13Z,219000809,54.884310,11.483250,0.0,Under way using engine
2026-08-27T10:25:20Z,219000811,54.838717,11.491833,0.0,Under way using engine
2026-08-27T10:25:34Z,219002177,54.923287,11.370678,7.5,Under way using engine
2026-08-27T10:25:44Z,219000809,54.884312,11.483228,0.0,Under way using engine
2026-08-27T10:25:50Z,219000811,54.838717,11.491832,0.0,Under way using engine
2026-08-27T10:26:04Z,219002177,54.922222,11.370758,7.4,Under way using engine
2026-08-27T10:26:14Z,219000809,54.884315,11.483245,0.0,Under way using engine
2026-08-27T10:26:30Z,219000811,54.838715,11.491830,0.0,Under way using engine
2026-08-27T10:26:44Z,219000809,54.884320,11.483248,0.0,Under way using engine
2026-08-27T10:26:44Z,219002177,54.920907,11.370910,7.3,Under way using engine
2026-08-27T10:27:14Z,219000809,54.884325,11.483242,0.0,Under way using engine
2026-08-27T10:27:18Z,219000811,54.838717,11.491828,0.0,Under way using engine
2026-08-27T10:27:23Z,219002177,54.919583,11.371087,7.2,Under way using engine
2026-08-27T10:27:44Z,219000809,54.884330,11.483245,0.0,Under way using engine
2026-08-27T10:27:50Z,219000811,54.838717,11.491828,0.0,Under way using engine
2026-08-27T10:27:53Z,219002177,54.918620,11.371230,7.2,Under way using engine
2026-08-27T10:28:14Z,219000809,54.884333,11.483232,0.0,Under way using engine
2026-08-27T10:28:25Z,219002177,54.917553,11.371333,7.1,Under way using engine
2026-08-27T10:28:29Z,219000811,54.838718,11.491828,0.0,Under way using engine
2026-08-27T10:28:53Z,219000809,54.884332,11.483230,0.0,Under way using engine
2026-08-27T10:29:04Z,219002177,54.916822,11.369910,6.5,Under way using engine
2026-08-27T10:29:08Z,219000811,54.838718,11.491833,0.0,Under way using engine
2026-08-27T10:29:24Z,219000809,54.884210,11.483225,2.0,Under way using engine
2026-08-27T10:29:34Z,219002177,54.916685,11.368295,7.2,Under way using engine
2026-08-27T10:29:38Z,219000811,54.838718,11.491833,0.0,Under way using engine
2026-08-27T10:29:57Z,219000809,54.883652,11.483382,3.9,Under way using engine
2026-08-27T10:30:04Z,219002177,54.916515,11.366567,6.9,Under way using engine
2026-08-27T10:30:08Z,219000811,54.838718,11.491837,0.0,Under way using engine
2026-08-27T10:30:27Z,219000809,54.883338,11.483482,1.6,Under way using engine
2026-08-27T10:30:34Z,219002177,54.916408,11.365077,6.3,Under way using engine
2026-08-27T10:30:38Z,219000811,54.838713,11.491837,0.0,Under way using engine
2026-08-27T10:30:57Z,219000809,54.882738,11.483123,6.5,Under way using engine
2026-08-27T10:31:04Z,219002177,54.916298,11.363613,5.8,Under way using engine
2026-08-27T10:31:08Z,219000811,54.838712,11.491833,0.0,Under way using engine
2026-08-27T10:31:27Z,219000809,54.881727,11.482242,8.5,Under way using engine
2026-08-27T10:31:34Z,219002177,54.916305,11.362302,5.4,Under way using engine
2026-08-27T10:31:39Z,219000811,54.838715,11.491835,0.0,Under way using engine
2026-08-27T10:31:57Z,219000809,54.880767,11.480840,9.3,Under way using engine
2026-08-27T10:32:04Z,219002177,54.916340,11.361288,3.5,Under way using engine
2026-08-27T10:32:29Z,219000811,54.838717,11.491830,0.0,Under way using engine
2026-08-27T10:32:31Z,219000809,54.879762,11.479098,9.0,Under way using engine
2026-08-27T10:32:34Z,219002177,54.916348,11.360768,1.7,Under way using engine
2026-08-27T10:33:03Z,219000809,54.879875,11.476827,9.1,Under way using engine
2026-08-27T10:33:04Z,219002177,54.916342,11.360563,0.4,Under way using engine
2026-08-27T10:33:08Z,219000811,54.838720,11.491830,0.0,Under way using engine
2026-08-27T10:33:34Z,219000809,54.880280,11.474688,9.6,Under way using engine
2026-08-27T10:33:34Z,219002177,54.916357,11.360572,0.0,Under way using engine
2026-08-27T10:33:39Z,219000811,54.838720,11.491827,0.0,Under way using engine
2026-08-27T10:34:04Z,219002177,54.916358,11.360577,0.0,Under way using engine
2026-08-27T10:34:14Z,219000809,54.880960,11.471727,9.7,Under way using engine
2026-08-27T10:34:29Z,219000811,54.838717,11.491827,0.0,Under way using engine
2026-08-27T10:34:34Z,219002177,54.916347,11.360565,0.0,Under way using engine
2026-08-27T10:34:45Z,219000809,54.881475,11.469558,9.8,Under way using engine
2026-08-27T10:35:08Z,219000811,54.838718,11.491828,0.0,Under way using engine
2026-08-27T10:35:13Z,219002177,54.916330,11.360563,0.0,Under way using engine
2026-08-27T10:35:24Z,219000809,54.882105,11.466640,9.9,Under way using engine
2026-08-27T10:35:38Z,219000811,54.838718,11.491827,0.0,Under way using engine
2026-08-27T10:35:44Z,219002177,54.916343,11.360568,0.0,Under way using engine
2026-08-27T10:35:57Z,219000809,54.883047,11.464540,9.9,Under way using engine
2026-08-27T10:36:08Z,219000811,54.838722,11.491827,0.0,Under way using engine
2026-08-27T10:36:24Z,219002177,54.916353,11.360572,0.0,Under way using engine
2026-08-27T10:36:27Z,219000809,54.884077,11.462927,10.0,Under way using engine
2026-08-27T10:36:39Z,219000811,54.838720,11.491827,0.0,Under way using engine
2026-08-27T10:37:03Z,219000809,54.885305,11.461025,9.9,Under way using engine
2026-08-27T10:37:04Z,219002177,54.916343,11.360557,0.0,Under way using engine
2026-08-27T10:37:10Z,219000811,54.838722,11.491828,0.0,Under way using engine
2026-08-27T10:37:34Z,219000809,54.886347,11.459390,10.2,Under way using engine
2026-08-27T10:37:34Z,219002177,54.916360,11.360570,0.0,Under way using engine
2026-08-27T10:37:50Z,219000811,54.838722,11.491827,0.0,Under way using engine
2026-08-27T10:38:05Z,219002177,54.916352,11.360565,0.0,Under way using engine
2026-08-27T10:38:07Z,219000809,54.887477,11.457452,10.1,Under way using engine
2026-08-27T10:38:29Z,219000811,54.838717,11.491825,0.0,Under way using engine
2026-08-27T10:38:44Z,219002177,54.916367,11.360567,0.0,Under way using engine
2026-08-27T10:38:45Z,219000809,54.888598,11.455140,10.3,Under way using engine
2026-08-27T10:38:59Z,219000811,54.838717,11.491822,0.0,Under way using engine
2026-08-27T10:39:15Z,219000809,54.889508,11.453247,10.3,Under way using engine
2026-08-27T10:39:24Z,219002177,54.916358,11.360567,0.0,Under way using engine
2026-08-27T10:39:30Z,219000811,54.838717,11.491825,0.0,Under way using engine
2026-08-27T10:39:54Z,219000809,54.890690,11.450697,10.1,Under way using engine
2026-08-27T10:39:54Z,219002177,54.916340,11.360565,0.0,Under way using engine
2026-08-27T10:40:10Z,219000811,54.838720,11.491828,0.0,Under way using engine
2026-08-27T10:40:25Z,219002177,54.916347,11.360565,0.0,Under way using engine
2026-08-27T10:40:34Z,219000809,54.891873,11.448177,10.2,Under way using engine
2026-08-27T10:40:50Z,219000811,54.838723,11.491828,0.0,Under way using engine
2026-08-27T10:41:04Z,219000809,54.892742,11.446265,10.1,Under way using engine
2026-08-27T10:41:05Z,219002177,54.916352,11.360580,0.0,Under way using engine
2026-08-27T10:41:30Z,219000811,54.838725,11.491822,0.0,Under way using engine
2026-08-27T10:41:34Z,219000809,54.893625,11.444380,10.0,Under way using engine
2026-08-27T10:41:44Z,219002177,54.916350,11.360580,0.0,Under way using engine
2026-08-27T10:42:04Z,219000809,54.894458,11.442485,9.9,Under way using engine
2026-08-27T10:42:10Z,219000811,54.838725,11.491823,0.0,Under way using engine
2026-08-27T10:42:24Z,219002177,54.916357,11.360572,0.0,Under way using engine
2026-08-27T10:42:34Z,219000809,54.895293,11.440612,9.9,Under way using engine
2026-08-27T10:42:50Z,219000811,54.838728,11.491827,0.0,Under way using engine
2026-08-27T10:42:54Z,219002177,54.916352,11.360568,0.0,Under way using engine
2026-08-27T10:43:04Z,219000809,54.896025,11.438613,9.9,Under way using engine
2026-08-27T10:43:25Z,219002177,54.916368,11.360580,0.0,Under way using engine
2026-08-27T10:43:30Z,219000811,54.838727,11.491828,0.0,Under way using engine
2026-08-27T10:43:34Z,219000809,54.896758,11.436622,9.9,Under way using engine
2026-08-27T10:44:04Z,219000809,54.897453,11.434567,9.9,Under way using engine
2026-08-27T10:44:04Z,219002177,54.916365,11.360580,0.0,Under way using engine
2026-08-27T10:44:10Z,219000811,54.838727,11.491825,0.0,Under way using engine
2026-08-27T10:44:34Z,219000809,54.898173,11.432525,10.0,Under way using engine
2026-08-27T10:44:35Z,219002177,54.916373,11.360590,0.0,Under way using engine
2026-08-27T10:44:50Z,219000811,54.838728,11.491823,0.0,Under way using engine
2026-08-27T10:45:04Z,219000809,54.898873,11.430447,10.0,Under way using engine
2026-08-27T10:45:13Z,219002177,54.916357,11.360575,0.0,Under way using engine
2026-08-27T10:45:30Z,219000811,54.838730,11.491820,0.0,Under way using engine
2026-08-27T10:45:34Z,219000809,54.899498,11.428298,9.9,Under way using engine
2026-08-27T10:45:44Z,219002177,54.916362,11.360580,0.0,Under way using engine
2026-08-27T10:46:04Z,219000809,54.900025,11.426113,9.9,Under way using engine
2026-08-27T10:46:09Z,219000811,54.838727,11.491823,0.0,Under way using engine
2026-08-27T10:46:14Z,219002177,54.916355,11.360580,0.0,Under way using engine
2026-08-27T10:46:34Z,219000809,54.900525,11.423898,9.9,Under way using engine
2026-08-27T10:46:39Z,219000811,54.838723,11.491823,0.0,Under way using engine
2026-08-27T10:46:44Z,219002177,54.916362,11.360580,0.0,Under way using engine
2026-08-27T10:47:04Z,219000809,54.901012,11.421700,9.8,Under way using engine
2026-08-27T10:47:09Z,219000811,54.838723,11.491823,0.0,Under way using engine
2026-08-27T10:47:25Z,219002177,54.916373,11.360602,0.0,Under way using engine
2026-08-27T10:47:39Z,219000811,54.838725,11.491822,0.0,Under way using engine
2026-08-27T10:47:44Z,219000809,54.901617,11.418858,9.7,Under way using engine
2026-08-27T10:48:05Z,219002177,54.916348,11.360580,0.0,Under way using engine
2026-08-27T10:48:09Z,219000811,54.838725,11.491822,0.0,Under way using engine
2026-08-27T10:48:24Z,219000809,54.902227,11.415942,9.6,Under way using engine
2026-08-27T10:48:39Z,219000811,54.838727,11.491822,0.0,Under way using engine
2026-08-27T10:48:44Z,219002177,54.916345,11.360577,0.0,Under way using engine
2026-08-27T10:49:04Z,219000809,54.902838,11.412950,9.7,Under way using engine
2026-08-27T10:49:09Z,219000811,54.838727,11.491823,0.0,Under way using engine
2026-08-27T10:49:25Z,219002177,54.916353,11.360570,0.0,Under way using engine
2026-08-27T10:49:39Z,219000811,54.838727,11.491825,0.0,Under way using engine
2026-08-27T10:49:44Z,219000809,54.903285,11.410030,9.7,Under way using engine
2026-08-27T10:50:05Z,219002177,54.916352,11.360557,0.2,Under way using engine
2026-08-27T10:50:10Z,219000811,54.838725,11.491830,0.0,Under way using engine
2026-08-27T10:50:24Z,219000809,54.903757,11.407022,9.8,Under way using engine
2026-08-27T10:50:43Z,219002177,54.916357,11.361017,2.1,Under way using engine
2026-08-27T10:50:49Z,219000811,54.838728,11.491827,0.0,Under way using engine
2026-08-27T10:51:03Z,219000809,54.904242,11.404077,9.8,Under way using engine
2026-08-27T10:51:15Z,219002177,54.916352,11.361752,3.3,Under way using engine
2026-08-27T10:51:20Z,219000811,54.838725,11.491827,0.0,Under way using engine
2026-08-27T10:51:33Z,219000809,54.904632,11.401747,9.8,Under way using engine
2026-08-27T10:51:54Z,219002177,54.916343,11.362932,4.0,Under way using engine
2026-08-27T10:51:59Z,219000811,54.838723,11.491823,0.0,Under way using engine
2026-08-27T10:52:03Z,219000809,54.904975,11.399557,9.8,Under way using engine
2026-08-27T10:52:25Z,219002177,54.916347,11.364030,4.6,Under way using engine
2026-08-27T10:52:29Z,219000811,54.838725,11.491822,0.0,Under way using engine
2026-08-27T10:52:33Z,219000809,54.905388,11.397243,9.8,Under way using engine
2026-08-27T10:52:59Z,219000811,54.838728,11.491822,0.0,Under way using engine
2026-08-27T10:53:03Z,219000809,54.906017,11.395278,9.7,Under way using engine
2026-08-27T10:53:05Z,219002177,54.916455,11.365558,5.0,Under way using engine
2026-08-27T10:53:29Z,219000811,54.838730,11.491822,0.0,Under way using engine
2026-08-27T10:53:33Z,219000809,54.906925,11.393435,9.8,Under way using engine
2026-08-27T10:53:43Z,219002177,54.916583,11.367142,5.2,Under way using engine
2026-08-27T10:53:59Z,219000811,54.838732,11.491818,0.0,Under way using engine
2026-08-27T10:54:03Z,219000809,54.907785,11.391738,9.7,Under way using engine
2026-08-27T10:54:15Z,219002177,54.916700,11.368452,5.3,Under way using engine
2026-08-27T10:54:29Z,219000811,54.838730,11.491822,0.0,Under way using engine
2026-08-27T10:54:33Z,219000809,54.908658,11.389943,9.8,Under way using engine
2026-08-27T10:54:54Z,219002177,54.916913,11.370053,5.3,Under way using engine
2026-08-27T10:54:59Z,219000811,54.838728,11.491822,0.0,Under way using engine
2026-08-27T10:55:03Z,219000809,54.909535,11.388150,9.8,Under way using engine
2026-08-27T10:55:24Z,219002177,54.917160,11.371142,4.6,Under way using engine
2026-08-27T10:55:29Z,219000811,54.838725,11.491822,0.0,Under way using engine
2026-08-27T10:55:33Z,219000809,54.910413,11.386352,9.8,Under way using engine
2026-08-27T10:55:59Z,219000811,54.838725,11.491818,0.0,Under way using engine
2026-08-27T10:56:03Z,219000809,54.911280,11.384545,9.8,Under way using engine
2026-08-27T10:56:05Z,219002177,54.918053,11.371292,5.3,Under way using engine
2026-08-27T10:56:30Z,219000811,54.838723,11.491820,0.0,Under way using engine
2026-08-27T10:56:33Z,219000809,54.912215,11.382768,9.9,Under way using engine
2026-08-27T10:56:43Z,219002177,54.919142,11.371332,6.1,Under way using engine
2026-08-27T10:57:03Z,219000809,54.913097,11.380957,9.8,Under way using engine
2026-08-27T10:57:10Z,219000811,54.838722,11.491818,0.0,Under way using engine
2026-08-27T10:57:15Z,219002177,54.920037,11.371353,6.5,Under way using engine
2026-08-27T10:57:33Z,219000809,54.914015,11.379190,9.9,Under way using engine
2026-08-27T10:57:53Z,219002177,54.921280,11.371375,6.9,Under way using engine
2026-08-27T10:57:59Z,219000811,54.838722,11.491820,0.0,Under way using engine
2026-08-27T10:58:05Z,219000809,54.914870,11.377162,9.8,Under way using engine
2026-08-27T10:58:23Z,219002177,54.922238,11.371343,7.1,Under way using engine
2026-08-27T10:58:30Z,219000811,54.838722,11.491820,0.0,Under way using engine
2026-08-27T10:58:43Z,219000809,54.915820,11.374707,9.6,Under way using engine
2026-08-27T10:58:53Z,219002177,54.923258,11.371312,7.2,Under way using engine
2026-08-27T10:59:13Z,219000809,54.916493,11.372662,9.4,Under way using engine
2026-08-27T10:59:19Z,219000811,54.838723,11.491818,0.0,Under way using engine
2026-08-27T10:59:23Z,219002177,54.924283,11.371283,7.3,Under way using engine
2026-08-27T10:59:43Z,219000809,54.916733,11.370582,9.2,Under way using engine
2026-08-27T10:59:49Z,219000811,54.838723,11.491818,0.0,Under way using engine
2026-08-27T10:59:53Z,219002177,54.925303,11.371223,7.4,Under way using engine
2026-08-27T11:00:13Z,219000809,54.916635,11.368253,9.4,Under way using engine
2026-08-27T11:00:19Z,219000811,54.838725,11.491815,0.0,Under way using engine
2026-08-27T11:00:23Z,219002177,54.926332,11.371183,7.4,Under way using engine
2026-08-27T11:00:43Z,219000809,54.916500,11.366148,8.8,Under way using engine
2026-08-27T11:00:49Z,219000811,54.838723,11.491817,0.0,Under way using engine
2026-08-27T11:00:54Z,219002177,54.927357,11.371113,7.4,Under way using engine
2026-08-27T11:01:14Z,219000809,54.916418,11.364125,7.4,Under way using engine
2026-08-27T11:01:19Z,219000811,54.838720,11.491815,0.0,Under way using engine
2026-08-27T11:01:24Z,219002177,54.928383,11.371018,7.3,Under way using engine
2026-08-27T11:01:49Z,219000811,54.838718,11.491815,0.0,Under way using engine
2026-08-27T11:01:54Z,219000809,54.916283,11.362223,5.9,Under way using engine
2026-08-27T11:01:54Z,219002177,54.929393,11.370928,7.4,Under way using engine
2026-08-27T11:02:19Z,219000811,54.838715,11.491820,0.1,Under way using engine
2026-08-27T11:02:24Z,219000809,54.916153,11.360903,5.1,Under way using engine
2026-08-27T11:02:34Z,219002177,54.930725,11.370802,7.3,Under way using engine
2026-08-27T11:02:49Z,219000811,54.838713,11.491823,0.0,Under way using engine
2026-08-27T11:02:54Z,219000809,54.915908,11.360613,0.8,Under way using engine
2026-08-27T11:03:04Z,219002177,54.931725,11.370703,7.2,Under way using engine
2026-08-27T11:03:19Z,219000811,54.838712,11.491823,0.0,Under way using engine
2026-08-27T11:03:24Z,219000809,54.915983,11.360437,1.2,Under way using engine
2026-08-27T11:03:34Z,219002177,54.932720,11.370602,7.2,Under way using engine
2026-08-27T11:03:49Z,219000811,54.838713,11.491822,0.0,Under way using engine
2026-08-27T11:03:54Z,219000809,54.916062,11.360208,0.9,Under way using engine
2026-08-27T11:04:04Z,219002177,54.933723,11.370518,7.0,Under way using engine
2026-08-27T11:04:19Z,219000811,54.838715,11.491823,0.0,Under way using engine
2026-08-27T11:04:24Z,219000809,54.916073,11.360078,0.5,Under way using engine
2026-08-27T11:04:34Z,219002177,54.934578,11.370890,6.1,Under way using engine
2026-08-27T11:04:49Z,219000811,54.838718,11.491827,0.0,Under way using engine
2026-08-27T11:04:54Z,219000809,54.916067,11.360047,0.0,Under way using engine
2026-08-27T11:05:05Z,219002177,54.935263,11.371413,4.6,Under way using engine
2026-08-27T11:05:19Z,219000811,54.838720,11.491827,0.0,Under way using engine
2026-08-27T11:05:24Z,219000809,54.916078,11.360058,0.0,Under way using engine
2026-08-27T11:05:44Z,219002177,54.935770,11.371783,1.7,Under way using engine
2026-08-27T11:05:49Z,219000811,54.838722,11.491828,0.0,Under way using engine
2026-08-27T11:06:03Z,219000809,54.916083,11.360053,0.0,Under way using engine
2026-08-27T11:06:15Z,219002177,54.935890,11.371903,0.9,Under way using engine
2026-08-27T11:06:19Z,219000811,54.838723,11.491827,0.0,Under way using engine
2026-08-27T11:06:35Z,219000809,54.916070,11.360073,0.0,Under way using engine
2026-08-27T11:06:49Z,219000811,54.838723,11.491827,0.0,Under way using engine
2026-08-27T11:06:54Z,219002177,54.935975,11.371965,0.1,Under way using engine
2026-08-27T11:07:14Z,219000809,54.916070,11.360068,0.0,Under way using engine
2026-08-27T11:07:19Z,219000811,54.838720,11.491827,0.0,Under way using engine
2026-08-27T11:07:24Z,219002177,54.935975,11.371972,0.0,Under way using engine
2026-08-27T11:07:44Z,219000809,54.916078,11.360075,0.0,Under way using engine
2026-08-27T11:07:49Z,219000811,54.838718,11.491825,0.0,Under way using engine
2026-08-27T11:07:54Z,219002177,54.935973,11.371973,0.0,Under way using engine
2026-08-27T11:08:14Z,219000809,54.916062,11.360043,0.0,Under way using engine
2026-08-27T11:08:19Z,219000811,54.838717,11.491823,0.0,Under way using engine
2026-08-27T11:08:34Z,219002177,54.935970,11.371972,0.0,Under way using engine
2026-08-27T11:08:44Z,219000809,54.916067,11.360040,0.0,Under way using engine
2026-08-27T11:08:49Z,219000811,54.838717,11.491822,0.0,Under way using engine
2026-08-27T11:09:05Z,219002177,54.935967,11.371967,0.0,Under way using engine
2026-08-27T11:09:19Z,219000811,54.838717,11.491822,0.0,Under way using engine
2026-08-27T11:09:24Z,219000809,54.916050,11.360038,0.0,Under way using engine
2026-08-27T11:09:44Z,219002177,54.935972,11.371965,0.0,Under way using engine
2026-08-27T11:09:49Z,219000811,54.838717,11.491822,0.0,Under way using engine
2026-08-27T11:10:03Z,219000809,54.916053,11.360035,0.0,Under way using engine
2026-08-27T11:10:15Z,219002177,54.935972,11.371975,0.0,Under way using engine
2026-08-27T11:10:19Z,219000811,54.838715,11.491822,0.0,Under way using engine
2026-08-27T11:10:33Z,219000809,54.916057,11.360050,0.0,Under way using engine
2026-08-27T11:10:50Z,219000811,54.838713,11.491822,0.0,Under way using engine
2026-08-27T11:10:54Z,219002177,54.935968,11.371977,0.0,Under way using engine
2026-08-27T11:11:03Z,219000809,54.916053,11.360052,0.0,Under way using engine
2026-08-27T11:11:29Z,219000811,54.838715,11.491820,0.0,Under way using engine
2026-08-27T11:11:33Z,219000809,54.916050,11.360060,0.0,Under way using engine
2026-08-27T11:11:34Z,219002177,54.935968,11.371982,0.0,Under way using engine
2026-08-27T11:11:59Z,219000811,54.838717,11.491820,0.0,Under way using engine
2026-08-27T11:12:03Z,219000809,54.916055,11.360058,0.0,Under way using engine
2026-08-27T11:12:04Z,219002177,54.935970,11.371992,0.0,Under way using engine
2026-08-27T11:12:29Z,219000811,54.838718,11.491817,0.0,Under way using engine
2026-08-27T11:12:33Z,219000809,54.916045,11.360062,0.0,Under way using engine
2026-08-27T11:12:35Z,219002177,54.935965,11.371995,0.0,Under way using engine
2026-08-27T11:12:59Z,219000811,54.838720,11.491815,0.0,Under way using engine
2026-08-27T11:13:03Z,219000809,54.916043,11.360068,0.0,Under way using engine
2026-08-27T11:13:15Z,219002177,54.935973,11.371985,0.0,Under way using engine
2026-08-27T11:13:29Z,219000811,54.838720,11.491815,0.0,Under way using engine
2026-08-27T11:13:34Z,219000809,54.916058,11.360070,0.0,Under way using engine
2026-08-27T11:13:54Z,219002177,54.935968,11.371985,0.0,Under way using engine
2026-08-27T11:13:59Z,219000811,54.838720,11.491812,0.0,Under way using engine
2026-08-27T11:14:04Z,219000809,54.916063,11.360050,0.0,Under way using engine
2026-08-27T11:14:24Z,219002177,54.935962,11.372000,0.0,Under way using engine
2026-08-27T11:14:29Z,219000811,54.838720,11.491812,0.0,Under way using engine
2026-08-27T11:14:34Z,219000809,54.916062,11.360043,0.0,Under way using engine
2026-08-27T11:14:54Z,219002177,54.935963,11.371990,0.0,Under way using engine
2026-08-27T11:15:00Z,219000811,54.838722,11.491812,0.0,Under way using engine
2026-08-27T11:15:04Z,219000809,54.916065,11.360037,0.0,Under way using engine
2026-08-27T11:15:24Z,219002177,54.935965,11.372003,0.0,Under way using engine
2026-08-27T11:15:34Z,219000809,54.916063,11.360028,0.0,Under way using engine
2026-08-27T11:15:39Z,219000811,54.838725,11.491812,0.0,Under way using engine
2026-08-27T11:15:54Z,219002177,54.935947,11.371950,0.6,Under way using engine
2026-08-27T11:16:04Z,219000809,54.916052,11.360037,0.0,Under way using engine
2026-08-27T11:16:19Z,219000811,54.838728,11.491812,0.0,Under way using engine
2026-08-27T11:16:34Z,219000809,54.916057,11.360037,0.0,Under way using engine
2026-08-27T11:16:35Z,219002177,54.935620,11.371698,2.7,Under way using engine
2026-08-27T11:16:49Z,219000811,54.838730,11.491813,0.0,Under way using engine
2026-08-27T11:17:04Z,219000809,54.916052,11.360032,0.0,Under way using engine
2026-08-27T11:17:15Z,219002177,54.935087,11.370963,4.1,Under way using engine
2026-08-27T11:17:19Z,219000811,54.838732,11.491815,0.0,Under way using engine
2026-08-27T11:17:34Z,219000809,54.916063,11.360038,0.0,Under way using engine
2026-08-27T11:17:49Z,219000811,54.838732,11.491815,0.0,Under way using engine
2026-08-27T11:17:54Z,219002177,54.934265,11.370602,5.2,Under way using engine
2026-08-27T11:18:04Z,219000809,54.916085,11.360032,0.0,Under way using engine
2026-08-27T11:18:19Z,219000811,54.838730,11.491817,0.0,Under way using engine
2026-08-27T11:18:24Z,219002177,54.933457,11.370430,6.0,Under way using engine
2026-08-27T11:18:34Z,219000809,54.916093,11.360042,0.0,Under way using engine
2026-08-27T11:18:49Z,219000811,54.838727,11.491818,0.0,Under way using engine
2026-08-27T11:18:54Z,219002177,54.932587,11.370215,6.5,Under way using engine
2026-08-27T11:19:04Z,219000809,54.916097,11.360033,0.0,Under way using engine
2026-08-27T11:19:19Z,219000811,54.838725,11.491817,0.0,Under way using engine
2026-08-27T11:19:24Z,219002177,54.931660,11.369972,6.8,Under way using engine
2026-08-27T11:19:34Z,219000809,54.916088,11.360047,0.0,Under way using engine
2026-08-27T11:19:49Z,219000811,54.838723,11.491817,0.0,Under way using engine
2026-08-27T11:19:54Z,219002177,54.930728,11.369847,6.7,Under way using engine
2026-08-27T11:20:04Z,219000809,54.916092,11.360048,0.0,Under way using engine
2026-08-27T11:20:19Z,219000811,54.838723,11.491815,0.0,Under way using engine
2026-08-27T11:20:24Z,219002177,54.929782,11.369848,6.8,Under way using engine
2026-08-27T11:20:34Z,219000809,54.916080,11.360057,0.0,Under way using engine
2026-08-27T11:20:49Z,219000811,54.838722,11.491817,0.0,Under way using engine
2026-08-27T11:20:54Z,219002177,54.928837,11.369830,6.8,Under way using engine
2026-08-27T11:21:04Z,219000809,54.916067,11.360058,0.0,Under way using engine
2026-08-27T11:21:19Z,219000811,54.838720,11.491818,0.0,Under way using engine
2026-08-27T11:21:24Z,219002177,54.927913,11.369933,6.7,Under way using engine
2026-08-27T11:21:40Z,219000809,54.916055,11.360062,0.0,Under way using engine
2026-08-27T11:21:49Z,219000811,54.838720,11.491818,0.0,Under way using engine
2026-08-27T11:21:54Z,219002177,54.926997,11.370017,6.7,Under way using engine
2026-08-27T11:22:13Z,219000809,54.916085,11.360028,0.0,Under way using engine
2026-08-27T11:22:19Z,219000811,54.838718,11.491820,0.0,Under way using engine
2026-08-27T11:22:24Z,219002177,54.926078,11.370108,6.6,Under way using engine
2026-08-27T11:22:43Z,219000809,54.916080,11.360035,0.0,Under way using engine
2026-08-27T11:22:49Z,219000811,54.838717,11.491822,0.0,Under way using engine
2026-08-27T11:22:54Z,219002177,54.925172,11.370218,6.6,Under way using engine
2026-08-27T11:23:13Z,219000809,54.916087,11.360047,0.0,Under way using engine
2026-08-27T11:23:19Z,219000811,54.838717,11.491820,0.0,Under way using engine
2026-08-27T11:23:24Z,219002177,54.924258,11.370327,6.6,Under way using engine
2026-08-27T11:23:43Z,219000809,54.916082,11.360050,0.0,Under way using engine
2026-08-27T11:23:49Z,219000811,54.838715,11.491822,0.0,Under way using engine
2026-08-27T11:24:04Z,219002177,54.923053,11.370502,6.5,Under way using engine
2026-08-27T11:24:13Z,219000809,54.916070,11.360062,0.0,Under way using engine
2026-08-27T11:24:19Z,219000811,54.838713,11.491827,0.0,Under way using engine
2026-08-27T11:24:43Z,219000809,54.916072,11.360050,0.0,Under way using engine
2026-08-27T11:24:45Z,219002177,54.921835,11.370663,6.4,Under way using engine
2026-08-27T11:24:50Z,219000811,54.838712,11.491827,0.0,Under way using engine
2026-08-27T11:25:13Z,219000809,54.916075,11.360038,0.0,Under way using engine
2026-08-27T11:25:24Z,219002177,54.920700,11.370843,6.3,Under way using engine
2026-08-27T11:25:29Z,219000811,54.838713,11.491828,0.0,Under way using engine
2026-08-27T11:25:45Z,219000809,54.916070,11.360040,0.0,Under way using engine
2026-08-27T11:26:00Z,219000811,54.838713,11.491828,0.0,Under way using engine
2026-08-27T11:26:04Z,219002177,54.919523,11.371037,6.2,Under way using engine
2026-08-27T11:26:24Z,219000809,54.916070,11.360033,0.0,Under way using engine
2026-08-27T11:26:39Z,219000811,54.838717,11.491830,0.0,Under way using engine
2026-08-27T11:26:45Z,219002177,54.918347,11.371230,6.3,Under way using engine
2026-08-27T11:26:54Z,219000809,54.916063,11.360037,0.0,Under way using engine
2026-08-27T11:27:09Z,219000811,54.838717,11.491830,0.0,Under way using engine
2026-08-27T11:27:24Z,219000809,54.916068,11.360023,0.0,Under way using engine
2026-08-27T11:27:24Z,219002177,54.917282,11.371013,5.9,Under way using engine
2026-08-27T11:27:39Z,219000811,54.838717,11.491832,0.1,Under way using engine
2026-08-27T11:27:54Z,219000809,54.916062,11.360030,0.0,Under way using engine
2026-08-27T11:27:55Z,219002177,54.916827,11.369783,6.0,Under way using engine
2026-08-27T11:28:09Z,219000811,54.838717,11.491828,0.0,Under way using engine
2026-08-27T11:28:24Z,219000809,54.916052,11.360052,0.0,Under way using engine
2026-08-27T11:28:33Z,219002177,54.916652,11.367817,6.8,Under way using engine
2026-08-27T11:28:39Z,219000811,54.838717,11.491828,0.0,Under way using engine
2026-08-27T11:28:54Z,219000809,54.916055,11.360055,0.0,Under way using engine
2026-08-27T11:29:04Z,219002177,54.916513,11.366180,6.6,Under way using engine
2026-08-27T11:29:09Z,219000811,54.838717,11.491828,0.0,Under way using engine
2026-08-27T11:29:33Z,219000809,54.916053,11.360042,0.0,Under way using engine
2026-08-27T11:29:40Z,219000811,54.838717,11.491827,0.0,Under way using engine
2026-08-27T11:29:43Z,219002177,54.916383,11.364247,6.0,Under way using engine
2026-08-27T11:30:04Z,219000809,54.916048,11.360040,0.0,Under way using engine
2026-08-27T11:30:14Z,219002177,54.916348,11.362823,5.5,Under way using engine
2026-08-27T11:30:19Z,219000811,54.838718,11.491827,0.0,Under way using engine
2026-08-27T11:30:43Z,219000809,54.916062,11.360042,0.0,Under way using engine
2026-08-27T11:30:50Z,219000811,54.838718,11.491825,0.0,Under way using engine
2026-08-27T11:30:55Z,219002177,54.916332,11.361503,3.3,Under way using engine
2026-08-27T11:31:14Z,219000809,54.916045,11.360083,0.0,Under way using engine
2026-08-27T11:31:29Z,219000811,54.838717,11.491827,0.0,Under way using engine
2026-08-27T11:31:35Z,219002177,54.916340,11.360787,1.7,Under way using engine
2026-08-27T11:31:54Z,219000809,54.916062,11.360508,3.8,Under way using engine
2026-08-27T11:32:00Z,219000811,54.838717,11.491827,0.0,Under way using engine
2026-08-27T11:32:14Z,219002177,54.916345,11.360547,0.1,Under way using engine
2026-08-27T11:32:27Z,219000809,54.916223,11.362122,6.9,Under way using engine
2026-08-27T11:32:40Z,219000811,54.838717,11.491828,0.0,Under way using engine
2026-08-27T11:32:55Z,219002177,54.916345,11.360543,0.0,Under way using engine
2026-08-27T11:33:04Z,219000809,54.916415,11.364295,7.6,Under way using engine
2026-08-27T11:33:10Z,219000811,54.838717,11.491828,0.0,Under way using engine
2026-08-27T11:33:34Z,219000809,54.916522,11.366160,7.8,Under way using engine
2026-08-27T11:33:35Z,219002177,54.916348,11.360552,0.0,Under way using engine
2026-08-27T11:33:40Z,219000811,54.838718,11.491828,0.0,Under way using engine
2026-08-27T11:34:04Z,219000809,54.916688,11.368033,7.9,Under way using engine
2026-08-27T11:34:10Z,219000811,54.838718,11.491832,0.0,Under way using engine
2026-08-27T11:34:15Z,219002177,54.916352,11.360535,0.0,Under way using engine
2026-08-27T11:34:34Z,219000809,54.916828,11.369912,7.9,Under way using engine
2026-08-27T11:34:40Z,219000811,54.838722,11.491830,0.0,Under way using engine
2026-08-27T11:34:45Z,219002177,54.916343,11.360560,0.0,Under way using engine
2026-08-27T11:35:07Z,219000809,54.916840,11.371953,7.5,Under way using engine
2026-08-27T11:35:10Z,219000811,54.838722,11.491832,0.0,Under way using engine
2026-08-27T11:35:15Z,219002177,54.916337,11.360560,0.0,Under way using engine
2026-08-27T11:35:37Z,219000809,54.916310,11.373468,7.3,Under way using engine
2026-08-27T11:35:40Z,219000811,54.838723,11.491832,0.0,Under way using engine
2026-08-27T11:35:45Z,219002177,54.916345,11.360550,0.0,Under way using engine
2026-08-27T11:36:10Z,219000809,54.915643,11.374955,7.0,Under way using engine
2026-08-27T11:36:10Z,219000811,54.838727,11.491830,0.0,Under way using engine
2026-08-27T11:36:15Z,219002177,54.916348,11.360538,0.0,Under way using engine
2026-08-27T11:36:40Z,219000809,54.914925,11.376130,6.7,Under way using engine
2026-08-27T11:36:40Z,219000811,54.838728,11.491827,0.0,Under way using engine
2026-08-27T11:36:45Z,219002177,54.916345,11.360557,0.0,Under way using engine
2026-08-27T11:37:14Z,219000809,54.914345,11.377805,8.2,Under way using engine
2026-08-27T11:37:20Z,219000811,54.838730,11.491825,0.0,Under way using engine
2026-08-27T11:37:24Z,219002177,54.916340,11.360567,0.0,Under way using engine
2026-08-27T11:37:47Z,219000809,54.913600,11.379720,9.0,Under way using engine
2026-08-27T11:37:55Z,219002177,54.916340,11.360560,0.0,Under way using engine
2026-08-27T11:37:58Z,219000811,54.838730,11.491827,0.0,Under way using engine
2026-08-27T11:38:23Z,219000809,54.912632,11.381857,9.2,Under way using engine
2026-08-27T11:38:30Z,219000811,54.838728,11.491825,0.0,Under way using engine
2026-08-27T11:38:35Z,219002177,54.916350,11.360558,0.0,Under way using engine
2026-08-27T11:38:53Z,219000809,54.911852,11.383612,9.2,Under way using engine
2026-08-27T11:39:09Z,219000811,54.838728,11.491827,0.0,Under way using engine
2026-08-27T11:39:15Z,219002177,54.916347,11.360552,0.0,Under way using engine
2026-08-27T11:39:23Z,219000809,54.911065,11.385327,9.1,Under way using engine
2026-08-27T11:39:40Z,219000811,54.838728,11.491828,0.0,Under way using engine
2026-08-27T11:39:45Z,219002177,54.916345,11.360555,0.0,Under way using engine
2026-08-27T11:39:53Z,219000809,54.910275,11.387027,9.0,Under way using engine
2026-08-27T11:40:15Z,219002177,54.916337,11.360572,0.0,Under way using engine
2026-08-27T11:40:20Z,219000811,54.838728,11.491832,0.0,Under way using engine
2026-08-27T11:40:23Z,219000809,54.909563,11.388845,9.2,Under way using engine
2026-08-27T11:40:45Z,219002177,54.916337,11.360565,0.0,Under way using engine
2026-08-27T11:40:53Z,219000809,54.908862,11.390695,9.2,Under way using engine
2026-08-27T11:40:59Z,219000811,54.838725,11.491833,0.0,Under way using engine
2026-08-27T11:41:15Z,219002177,54.916337,11.360543,0.0,Under way using engine
2026-08-27T11:41:24Z,219000809,54.908333,11.392707,9.3,Under way using engine
2026-08-27T11:41:30Z,219000811,54.838722,11.491835,0.0,Under way using engine
2026-08-27T11:41:45Z,219002177,54.916343,11.360557,0.0,Under way using engine
2026-08-27T11:41:54Z,219000809,54.908015,11.394860,9.2,Under way using engine
2026-08-27T11:42:09Z,219000811,54.838718,11.491833,0.0,Under way using engine
2026-08-27T11:42:15Z,219002177,54.916345,11.360568,0.0,Under way using engine
2026-08-27T11:42:24Z,219000809,54.908247,11.396915,8.6,Under way using engine
2026-08-27T11:42:39Z,219000811,54.838720,11.491832,0.1,Under way using engine
2026-08-27T11:42:45Z,219002177,54.916342,11.360570,0.0,Under way using engine
2026-08-27T11:42:54Z,219000809,54.908977,11.398730,9.3,Under way using engine
2026-08-27T11:43:09Z,219000811,54.838723,11.491830,0.1,Under way using engine
2026-08-27T11:43:15Z,219002177,54.916340,11.360562,0.0,Under way using engine
2026-08-27T11:43:24Z,219000809,54.909727,11.400582,9.4,Under way using engine
2026-08-27T11:43:39Z,219000811,54.838725,11.491830,0.1,Under way using engine
2026-08-27T11:43:45Z,219002177,54.916345,11.360565,0.0,Under way using engine
2026-08-27T11:43:54Z,219000809,54.910490,11.402452,9.5,Under way using engine
2026-08-27T11:44:10Z,219000811,54.838725,11.491830,0.1,Under way using engine
2026-08-27T11:44:24Z,219000809,54.911230,11.404327,9.4,Under way using engine
2026-08-27T11:44:24Z,219002177,54.916347,11.360562,0.0,Under way using engine
2026-08-27T11:44:48Z,219000811,54.838723,11.491832,0.1,Under way using engine
2026-08-27T11:44:54Z,219000809,54.912012,11.406175,9.5,Under way using engine
2026-08-27T11:45:05Z,219002177,54.916338,11.360560,0.0,Under way using engine
2026-08-27T11:45:20Z,219000811,54.838723,11.491830,0.0,Under way using engine
2026-08-27T11:45:24Z,219000809,54.912753,11.408042,9.5,Under way using engine
2026-08-27T11:45:35Z,219002177,54.916340,11.360565,0.0,Under way using engine
2026-08-27T11:45:54Z,219000809,54.913532,11.409910,9.5,Under way using engine
2026-08-27T11:45:59Z,219000811,54.838722,11.491828,0.1,Under way using engine
2026-08-27T11:46:05Z,219002177,54.916347,11.360562,0.0,Under way using engine
2026-08-27T11:46:24Z,219000809,54.914333,11.411838,9.6,Under way using engine
2026-08-27T11:46:30Z,219000811,54.838722,11.491827,0.1,Under way using engine
2026-08-27T11:46:35Z,219002177,54.916342,11.360552,0.0,Under way using engine
2026-08-27T11:46:54Z,219000809,54.915082,11.413658,9.6,Under way using engine
2026-08-27T11:47:05Z,219002177,54.916348,11.360558,0.0,Under way using engine
2026-08-27T11:47:10Z,219000811,54.838717,11.491825,0.1,Under way using engine
2026-08-27T11:47:24Z,219000809,54.915875,11.415610,9.6,Under way using engine
2026-08-27T11:47:35Z,219002177,54.916352,11.360563,0.0,Under way using engine
2026-08-27T11:47:40Z,219000811,54.838713,11.491823,0.0,Under way using engine
2026-08-27T11:47:54Z,219000809,54.916592,11.417438,9.6,Under way using engine
2026-08-27T11:48:05Z,219002177,54.916350,11.360550,0.0,Under way using engine
2026-08-27T11:48:20Z,219000811,54.838708,11.491825,0.1,Under way using engine
2026-08-27T11:48:24Z,219000809,54.917425,11.419360,9.7,Under way using engine
2026-08-27T11:48:35Z,219002177,54.916347,11.360555,0.0,Under way using engine
2026-08-27T11:48:54Z,219000809,54.918190,11.421163,9.6,Under way using engine
2026-08-27T11:48:59Z,219000811,54.838712,11.491825,0.1,Under way using engine
2026-08-27T11:49:05Z,219002177,54.916335,11.360560,0.0,Under way using engine
2026-08-27T11:49:24Z,219000809,54.918993,11.423108,9.6,Under way using engine
2026-08-27T11:49:29Z,219000811,54.838713,11.491823,0.1,Under way using engine
2026-08-27T11:49:35Z,219002177,54.916340,11.360560,0.0,Under way using engine
2026-08-27T11:49:54Z,219000809,54.919777,11.424878,9.6,Under way using engine
2026-08-27T11:49:59Z,219000811,54.838717,11.491820,0.0,Under way using engine
2026-08-27T11:50:05Z,219002177,54.916338,11.360565,0.0,Under way using engine
2026-08-27T11:50:24Z,219000809,54.920633,11.426782,9.7,Under way using engine
2026-08-27T11:50:29Z,219000811,54.838718,11.491820,0.0,Under way using engine
2026-08-27T11:50:45Z,219002177,54.916335,11.360572,0.0,Under way using engine
2026-08-27T11:50:54Z,219000809,54.921435,11.428538,9.6,Under way using engine
2026-08-27T11:50:59Z,219000811,54.838720,11.491822,0.0,Under way using engine
2026-08-27T11:51:24Z,219000809,54.922315,11.430365,9.6,Under way using engine
2026-08-27T11:51:24Z,219002177,54.916338,11.360565,0.0,Under way using engine
2026-08-27T11:51:29Z,219000811,54.838722,11.491823,0.1,Under way using engine
2026-08-27T11:51:54Z,219000809,54.923102,11.432117,9.3,Under way using engine
2026-08-27T11:51:54Z,219002177,54.916337,11.360560,0.0,Under way using engine
2026-08-27T11:51:59Z,219000811,54.838722,11.491827,0.0,Under way using engine
2026-08-27T11:52:24Z,219000809,54.923967,11.433953,9.6,Under way using engine
2026-08-27T11:52:24Z,219002177,54.916335,11.360557,0.0,Under way using engine
2026-08-27T11:52:29Z,219000811,54.838720,11.491828,0.0,Under way using engine
2026-08-27T11:52:54Z,219000809,54.924802,11.435637,9.5,Under way using engine
2026-08-27T11:52:54Z,219002177,54.916323,11.360692,1.0,Under way using engine
2026-08-27T11:52:59Z,219000811,54.838720,11.491827,0.1,Under way using engine
2026-08-27T11:53:24Z,219000809,54.925665,11.437492,9.6,Under way using engine
2026-08-27T11:53:24Z,219002177,54.916220,11.361200,2.6,Under way using engine
2026-08-27T11:53:29Z,219000811,54.838718,11.491827,0.0,Under way using engine
2026-08-27T11:53:54Z,219000809,54.926505,11.439195,9.6,Under way using engine
2026-08-27T11:53:59Z,219000811,54.838718,11.491827,0.0,Under way using engine
2026-08-27T11:54:04Z,219002177,54.916157,11.362212,3.6,Under way using engine
2026-08-27T11:54:24Z,219000809,54.927432,11.440938,9.6,Under way using engine
2026-08-27T11:54:29Z,219000811,54.838718,11.491827,0.0,Under way using engine
2026-08-27T11:54:35Z,219002177,54.916227,11.363188,4.1,Under way using engine
2026-08-27T11:54:54Z,219000809,54.928298,11.442592,9.5,Under way using engine
2026-08-27T11:54:59Z,219000811,54.838720,11.491825,0.0,Under way using engine
2026-08-27T11:55:14Z,219002177,54.916332,11.364552,4.6,Under way using engine
2026-08-27T11:55:24Z,219000809,54.929230,11.444338,9.5,Under way using engine
2026-08-27T11:55:29Z,219000811,54.838720,11.491827,0.0,Under way using engine
2026-08-27T11:55:45Z,219002177,54.916457,11.365720,4.9,Under way using engine
2026-08-27T11:55:54Z,219000809,54.930077,11.445935,9.2,Under way using engine
2026-08-27T11:55:59Z,219000811,54.838723,11.491827,0.0,Under way using engine
2026-08-27T11:56:24Z,219000809,54.930918,11.447710,9.5,Under way using engine
2026-08-27T11:56:24Z,219002177,54.916583,11.367305,5.2,Under way using engine
2026-08-27T11:56:29Z,219000811,54.838723,11.491827,0.0,Under way using engine
2026-08-27T11:56:54Z,219000809,54.931725,11.449515,9.5,Under way using engine
2026-08-27T11:56:54Z,219002177,54.916700,11.368552,5.3,Under way using engine
2026-08-27T11:56:59Z,219000811,54.838723,11.491827,0.0,Under way using engine
2026-08-27T11:57:24Z,219000809,54.932523,11.451362,9.5,Under way using engine
2026-08-27T11:57:24Z,219002177,54.916828,11.369825,5.3,Under way using engine
2026-08-27T11:57:29Z,219000811,54.838723,11.491830,0.0,Under way using engine
2026-08-27T11:57:54Z,219000809,54.933175,11.453352,9.5,Under way using engine
2026-08-27T11:57:54Z,219002177,54.917137,11.370830,4.5,Under way using engine
2026-08-27T11:57:59Z,219000811,54.838725,11.491828,0.0,Under way using engine
2026-08-27T11:58:24Z,219002177,54.917785,11.370897,5.0,Under way using engine
2026-08-27T11:58:25Z,219000809,54.933825,11.455330,9.5,Under way using engine
2026-08-27T11:58:29Z,219000811,54.838725,11.491830,0.0,Under way using engine
2026-08-27T11:58:54Z,219002177,54.918563,11.370885,5.9,Under way using engine
2026-08-27T11:58:59Z,219000811,54.838727,11.491828,0.0,Under way using engine
2026-08-27T11:59:04Z,219000809,54.934662,11.457907,9.5,Under way using engine
2026-08-27T11:59:24Z,219002177,54.919432,11.370878,6.3,Under way using engine
2026-08-27T11:59:29Z,219000811,54.838728,11.491827,0.0,Under way using engine
2026-08-27T11:59:34Z,219000809,54.935295,11.459912,9.5,Under way using engine
2026-08-27T11:59:54Z,219002177,54.920347,11.370845,6.7,Under way using engine
2026-08-27T11:59:59Z,219000811,54.838728,11.491827,0.0,Under way using engine
2026-08-27T12:00:04Z,219000809,54.935920,11.461910,9.4,Under way using engine
2026-08-27T12:00:24Z,219002177,54.921303,11.370777,7.0,Under way using engine
2026-08-27T12:00:34Z,219000809,54.936527,11.463908,9.3,Under way using engine
2026-08-27T12:00:40Z,219000811,54.838727,11.491825,0.0,Under way using engine
2026-08-27T12:00:54Z,219002177,54.922293,11.370695,7.3,Under way using engine
2026-08-27T12:01:04Z,219000809,54.937167,11.465957,9.3,Under way using engine
2026-08-27T12:01:10Z,219000811,54.838725,11.491823,0.0,Under way using engine
2026-08-27T12:01:24Z,219002177,54.923303,11.370567,7.4,Under way using engine
2026-08-27T12:01:34Z,219000809,54.937755,11.467842,9.2,Under way using engine
2026-08-27T12:01:40Z,219000811,54.838727,11.491822,0.0,Under way using engine
2026-08-27T12:01:54Z,219002177,54.924340,11.370423,7.5,Under way using engine
2026-08-27T12:02:04Z,219000809,54.938353,11.469865,9.1,Under way using engine
2026-08-27T12:02:10Z,219000811,54.838727,11.491823,0.0,Under way using engine
2026-08-27T12:02:24Z,219002177,54.925383,11.370270,7.5,Under way using engine
2026-08-27T12:02:34Z,219000809,54.938892,11.471753,9.1,Under way using engine
2026-08-27T12:02:40Z,219000811,54.838723,11.491825,0.0,Under way using engine
2026-08-27T12:02:54Z,219002177,54.926427,11.370110,7.5,Under way using engine
2026-08-27T12:03:04Z,219000809,54.939475,11.473760,9.0,Under way using engine
2026-08-27T12:03:10Z,219000811,54.838725,11.491825,0.0,Under way using engine
2026-08-27T12:03:24Z,219002177,54.927468,11.369937,7.5,Under way using engine
2026-08-27T12:03:34Z,219000809,54.940152,11.475453,8.9,Under way using engine
2026-08-27T12:03:40Z,219000811,54.838727,11.491827,0.0,Under way using engine
2026-08-27T12:03:54Z,219002177,54.928528,11.369765,7.8,Under way using engine
2026-08-27T12:04:04Z,219000809,54.941025,11.477075,9.0,Under way using engine
2026-08-27T12:04:10Z,219000811,54.838728,11.491827,0.0,Under way using engine
2026-08-27T12:04:24Z,219002177,54.929650,11.369595,8.2,Under way using engine
2026-08-27T12:04:34Z,219000809,54.941805,11.478710,9.2,Under way using engine
2026-08-27T12:04:40Z,219000811,54.838727,11.491825,0.0,Under way using engine
2026-08-27T12:04:54Z,219002177,54.930797,11.369438,8.3,Under way using engine
2026-08-27T12:05:10Z,219000809,54.943012,11.480402,9.1,Under way using engine
2026-08-27T12:05:10Z,219000811,54.838727,11.491823,0.0,Under way using engine
2026-08-27T12:05:24Z,219002177,54.931938,11.369555,8.2,Under way using engine
2026-08-27T12:05:40Z,219000809,54.944245,11.481087,9.3,Under way using engine
2026-08-27T12:05:40Z,219000811,54.838727,11.491825,0.0,Under way using engine
2026-08-27T12:05:54Z,219002177,54.933062,11.369793,8.2,Under way using engine
2026-08-27T12:06:10Z,219000811,54.838730,11.491828,0.1,Under way using engine
2026-08-27T12:06:13Z,219000809,54.945635,11.481795,9.6,Under way using engine
2026-08-27T12:06:24Z,219002177,54.934095,11.370397,7.8,Under way using engine
2026-08-27T12:06:40Z,219000811,54.838732,11.491832,0.0,Under way using engine
2026-08-27T12:06:43Z,219000809,54.946933,11.482505,9.8,Under way using engine
2026-08-27T12:06:54Z,219002177,54.934923,11.371115,5.9,Under way using engine
2026-08-27T12:07:10Z,219000811,54.838730,11.491828,0.0,Under way using engine
2026-08-27T12:07:13Z,219000809,54.948247,11.483207,9.9,Under way using engine
2026-08-27T12:07:24Z,219002177,54.935497,11.371590,3.9,Under way using engine
2026-08-27T12:07:40Z,219000811,54.838730,11.491827,0.0,Under way using engine
2026-08-27T12:07:43Z,219000809,54.949578,11.483898,10.0,Under way using engine
2026-08-27T12:07:54Z,219002177,54.935785,11.371833,1.7,Under way using engine
2026-08-27T12:08:10Z,219000811,54.838730,11.491823,0.1,Under way using engine
2026-08-27T12:08:13Z,219000809,54.950925,11.484563,10.0,Under way using engine
2026-08-27T12:08:25Z,219002177,54.935917,11.371960,0.8,Under way using engine
2026-08-27T12:08:40Z,219000811,54.838728,11.491820,0.0,Under way using engine
2026-08-27T12:08:43Z,219000809,54.952248,11.485280,9.9,Under way using engine
2026-08-27T12:08:55Z,219002177,54.935943,11.371990,0.0,Under way using engine
2026-08-27T12:09:10Z,219000811,54.838728,11.491818,0.0,Under way using engine
2026-08-27T12:09:13Z,219000809,54.953562,11.485952,9.9,Under way using engine
2026-08-27T12:09:25Z,219002177,54.935945,11.372002,0.0,Under way using engine
2026-08-27T12:09:44Z,219000809,54.954937,11.486645,9.9,Under way using engine
2026-08-27T12:09:49Z,219000811,54.838727,11.491815,0.0,Under way using engine
2026-08-27T12:09:55Z,219002177,54.935933,11.372013,0.0,Under way using engine
2026-08-27T12:10:20Z,219000811,54.838722,11.491817,0.0,Under way using engine
2026-08-27T12:10:25Z,219000809,54.956655,11.487538,9.6,Under way using engine
2026-08-27T12:10:25Z,219002177,54.935933,11.372005,0.0,Under way using engine
2026-08-27T12:10:55Z,219002177,54.935933,11.372002,0.0,Under way using engine
2026-08-27T12:11:00Z,219000811,54.838715,11.491817,0.0,Under way using engine
2026-08-27T12:11:03Z,219000809,54.958298,11.488400,9.9,Under way using engine
2026-08-27T12:11:25Z,219002177,54.935932,11.371998,0.0,Under way using engine
2026-08-27T12:11:30Z,219000811,54.838717,11.491818,0.0,Under way using engine
2026-08-27T12:11:35Z,219000809,54.959660,11.489260,9.7,Under way using engine
2026-08-27T12:11:55Z,219002177,54.935932,11.372005,0.0,Under way using engine
2026-08-27T12:12:00Z,219000811,54.838717,11.491820,0.0,Under way using engine
2026-08-27T12:12:11Z,219000809,54.961112,11.490510,9.8,Under way using engine
2026-08-27T12:12:25Z,219002177,54.935942,11.371997,0.0,Under way using engine
2026-08-27T12:12:39Z,219000811,54.838718,11.491822,0.0,Under way using engine
2026-08-27T12:12:44Z,219000809,54.962477,11.491727,9.6,Under way using engine
2026-08-27T12:12:55Z,219002177,54.935942,11.372015,0.0,Under way using engine
2026-08-27T12:13:09Z,219000811,54.838717,11.491825,0.0,Under way using engine
2026-08-27T12:13:23Z,219000809,54.963955,11.493075,9.5,Under way using engine
2026-08-27T12:13:25Z,219002177,54.935935,11.372003,0.0,Under way using engine
2026-08-27T12:13:39Z,219000811,54.838715,11.491825,0.0,Under way using engine
2026-08-27T12:13:55Z,219000809,54.965148,11.494362,9.5,Under way using engine
2026-08-27T12:13:55Z,219002177,54.935937,11.372000,0.0,Under way using engine
2026-08-27T12:14:09Z,219000811,54.838715,11.491823,0.0,Under way using engine
2026-08-27T12:14:25Z,219002177,54.935937,11.372008,0.0,Under way using engine
2026-08-27T12:14:35Z,219000809,54.966687,11.496030,9.8,Under way using engine
2026-08-27T12:14:39Z,219000811,54.838715,11.491823,0.0,Under way using engine
2026-08-27T12:14:55Z,219002177,54.935957,11.371988,0.1,Under way using engine
2026-08-27T12:15:09Z,219000811,54.838715,11.491825,0.0,Under way using engine
2026-08-27T12:15:13Z,219000809,54.968150,11.497615,9.7,Under way using engine
2026-08-27T12:15:25Z,219002177,54.935947,11.371998,0.0,Under way using engine
2026-08-27T12:15:39Z,219000811,54.838715,11.491825,0.0,Under way using engine
2026-08-27T12:15:43Z,219000809,54.969295,11.498852,9.7,Under way using engine
2026-08-27T12:15:55Z,219002177,54.935947,11.372008,0.0,Under way using engine
2026-08-27T12:16:09Z,219000811,54.838715,11.491825,0.0,Under way using engine
2026-08-27T12:16:13Z,219000809,54.970358,11.500273,9.5,Under way using engine
2026-08-27T12:16:34Z,219002177,54.935827,11.371883,1.4,Under way using engine
2026-08-27T12:16:39Z,219000811,54.838715,11.491827,0.0,Under way using engine
2026-08-27T12:16:43Z,219000809,54.971255,11.501955,9.7,Under way using engine
2026-08-27T12:17:04Z,219002177,54.935527,11.371677,2.8,Under way using engine
2026-08-27T12:17:10Z,219000811,54.838713,11.491827,0.0,Under way using engine
2026-08-27T12:17:13Z,219000809,54.971985,11.503887,9.5,Under way using engine
2026-08-27T12:17:34Z,219002177,54.935092,11.371138,4.3,Under way using engine
2026-08-27T12:17:43Z,219000809,54.972288,11.505943,8.7,Under way using engine
2026-08-27T12:17:49Z,219000811,54.838712,11.491828,0.0,Under way using engine
2026-08-27T12:18:04Z,219002177,54.934530,11.370663,4.6,Under way using engine
2026-08-27T12:18:13Z,219000809,54.972135,11.508013,8.7,Under way using engine
2026-08-27T12:18:20Z,219000811,54.838712,11.491828,0.0,Under way using engine
2026-08-27T12:18:34Z,219002177,54.933822,11.370467,5.5,Under way using engine
2026-08-27T12:18:43Z,219000809,54.971985,11.510023,8.4,Under way using engine
2026-08-27T12:18:59Z,219000811,54.838713,11.491828,0.0,Under way using engine
2026-08-27T12:19:04Z,219002177,54.933013,11.370222,6.1,Under way using engine
2026-08-27T12:19:13Z,219000809,54.971867,11.511867,7.3,Under way using engine
2026-08-27T12:19:30Z,219000811,54.838715,11.491825,0.0,Under way using engine
2026-08-27T12:19:34Z,219002177,54.932147,11.369970,6.4,Under way using engine
2026-08-27T12:19:43Z,219000809,54.971875,11.513345,5.5,Under way using engine
2026-08-27T12:20:00Z,219000811,54.838717,11.491818,0.0,Under way using engine
2026-08-27T12:20:04Z,219002177,54.931243,11.369815,6.6,Under way using engine
2026-08-27T12:20:13Z,219000809,54.971885,11.514238,2.8,Under way using engine
2026-08-27T12:20:30Z,219000811,54.838718,11.491813,0.0,Under way using engine
2026-08-27T12:20:34Z,219002177,54.930293,11.369720,6.8,Under way using engine
2026-08-27T12:20:43Z,219000809,54.971895,11.514532,0.8,Under way using engine
2026-08-27T12:21:00Z,219000811,54.838722,11.491812,0.0,Under way using engine
2026-08-27T12:21:05Z,219002177,54.929308,11.369575,7.0,Under way using engine
2026-08-27T12:21:14Z,219000809,54.971902,11.514577,0.0,Under way using engine
2026-08-27T12:21:30Z,219000811,54.838723,11.491808,0.0,Under way using engine
2026-08-27T12:21:44Z,219002177,54.928390,11.369460,6.9,Under way using engine
2026-08-27T12:21:53Z,219000809,54.971893,11.514585,0.1,Under way using engine
2026-08-27T12:22:00Z,219000811,54.838725,11.491807,0.0,Under way using engine
2026-08-27T12:22:14Z,219002177,54.927123,11.369312,6.9,Under way using engine
2026-08-27T12:22:24Z,219000809,54.971897,11.514578,0.0,Under way using engine
2026-08-27T12:22:30Z,219000811,54.838727,11.491805,0.0,Under way using engine
2026-08-27T12:22:44Z,219002177,54.926170,11.369188,6.9,Under way using engine
2026-08-27T12:23:00Z,219000811,54.838728,11.491803,0.0,Under way using engine
2026-08-27T12:23:04Z,219000809,54.971892,11.514583,0.1,Under way using engine
2026-08-27T12:23:14Z,219002177,54.925225,11.369048,6.8,Under way using engine
2026-08-27T12:23:30Z,219000811,54.838728,11.491803,0.0,Under way using engine
2026-08-27T12:23:34Z,219000809,54.971892,11.514577,0.1,Under way using engine
2026-08-27T12:23:44Z,219002177,54.924298,11.368925,6.7,Under way using engine
2026-08-27T12:24:00Z,219000811,54.838728,11.491802,0.0,Under way using engine
2026-08-27T12:24:04Z,219000809,54.971888,11.514568,0.0,Under way using engine
2026-08-27T12:24:14Z,219002177,54.923398,11.368817,6.4,Under way using engine
2026-08-27T12:24:30Z,219000811,54.838728,11.491802,0.0,Under way using engine
2026-08-27T12:24:34Z,219000809,54.971897,11.514568,0.0,Under way using engine
2026-08-27T12:24:44Z,219002177,54.922535,11.368770,6.1,Under way using engine
2026-08-27T12:25:00Z,219000811,54.838730,11.491800,0.0,Under way using engine
2026-08-27T12:25:04Z,219000809,54.971893,11.514558,0.0,Under way using engine
2026-08-27T12:25:14Z,219002177,54.921722,11.369003,5.8,Under way using engine
2026-08-27T12:25:30Z,219000811,54.838732,11.491798,0.0,Under way using engine
2026-08-27T12:25:34Z,219000809,54.971878,11.514562,0.0,Under way using engine
2026-08-27T12:25:44Z,219002177,54.920957,11.369392,5.8,Under way using engine
2026-08-27T12:26:00Z,219000811,54.838732,11.491795,0.0,Under way using engine
2026-08-27T12:26:04Z,219000809,54.971875,11.514567,0.0,Under way using engine
2026-08-27T12:26:14Z,219002177,54.920180,11.369895,6.0,Under way using engine
2026-08-27T12:26:30Z,219000811,54.838732,11.491795,0.0,Under way using engine
2026-08-27T12:26:34Z,219000809,54.971855,11.514600,0.0,Under way using engine
2026-08-27T12:26:44Z,219002177,54.919412,11.370462,6.1,Under way using engine
2026-08-27T12:27:00Z,219000811,54.838732,11.491795,0.0,Under way using engine
2026-08-27T12:27:04Z,219000809,54.971882,11.514603,0.0,Under way using engine
2026-08-27T12:27:14Z,219002177,54.918623,11.371062,6.1,Under way using engine
2026-08-27T12:27:30Z,219000811,54.838732,11.491795,0.0,Under way using engine
2026-08-27T12:27:34Z,219000809,54.971903,11.514577,0.0,Under way using engine
2026-08-27T12:27:45Z,219002177,54.918077,11.371350,6.2,Under way using engine
2026-08-27T12:28:00Z,219000811,54.838732,11.491793,0.0,Under way using engine
2026-08-27T12:28:04Z,219000809,54.971920,11.514568,0.0,Under way using engine
2026-08-27T12:28:24Z,219002177,54.916863,11.371238,4.5,Under way using engine
2026-08-27T12:28:30Z,219000811,54.838730,11.491793,0.0,Under way using engine
2026-08-27T12:28:34Z,219000809,54.971918,11.514565,0.0,Under way using engine
2026-08-27T12:28:54Z,219002177,54.916710,11.369955,5.7,Under way using engine
2026-08-27T12:29:00Z,219000811,54.838730,11.491795,0.0,Under way using engine
2026-08-27T12:29:04Z,219000809,54.971907,11.514548,0.1,Under way using engine
2026-08-27T12:29:24Z,219002177,54.916635,11.368443,6.5,Under way using engine
2026-08-27T12:29:30Z,219000811,54.838730,11.491798,0.0,Under way using engine
2026-08-27T12:29:34Z,219000809,54.971898,11.513900,3.9,Under way using engine
2026-08-27T12:29:54Z,219002177,54.916560,11.366875,6.6,Under way using engine
2026-08-27T12:30:00Z,219000811,54.838728,11.491798,0.0,Under way using engine
2026-08-27T12:30:04Z,219000809,54.971805,11.513015,3.5,Under way using engine
2026-08-27T12:30:24Z,219002177,54.916490,11.365362,6.2,Under way using engine
2026-08-27T12:30:37Z,219000809,54.971815,11.512472,3.1,Under way using engine
2026-08-27T12:30:40Z,219000811,54.838730,11.491800,0.0,Under way using engine
2026-08-27T12:30:54Z,219002177,54.916423,11.363948,5.9,Under way using engine
2026-08-27T12:31:07Z,219000809,54.972025,11.510920,7.4,Under way using engine
2026-08-27T12:31:19Z,219000811,54.838732,11.491800,0.0,Under way using engine
2026-08-27T12:31:24Z,219002177,54.916335,11.362697,5.0,Under way using engine
2026-08-27T12:31:40Z,219000809,54.972132,11.508730,8.7,Under way using engine
2026-08-27T12:31:49Z,219000811,54.838732,11.491797,0.0,Under way using engine
2026-08-27T12:31:54Z,219002177,54.916325,11.361630,4.0,Under way using engine
2026-08-27T12:32:13Z,219000809,54.972238,11.506500,8.7,Under way using engine
2026-08-27T12:32:19Z,219000811,54.838733,11.491797,0.0,Under way using engine
2026-08-27T12:32:24Z,219002177,54.916350,11.360912,2.4,Under way using engine
2026-08-27T12:32:44Z,219000809,54.972030,11.504302,9.3,Under way using engine
2026-08-27T12:32:49Z,219000811,54.838732,11.491795,0.0,Under way using engine
2026-08-27T12:32:54Z,219002177,54.916353,11.360580,0.9,Under way using engine
2026-08-27T12:33:17Z,219000809,54.971467,11.501908,9.8,Under way using engine
2026-08-27T12:33:19Z,219000811,54.838730,11.491795,0.0,Under way using engine
2026-08-27T12:33:24Z,219002177,54.916342,11.360518,0.0,Under way using engine
2026-08-27T12:33:47Z,219000809,54.970723,11.499918,9.5,Under way using engine
2026-08-27T12:33:49Z,219000811,54.838730,11.491795,0.0,Under way using engine
2026-08-27T12:34:03Z,219002177,54.916342,11.360545,0.0,Under way using engine
2026-08-27T12:34:17Z,219000809,54.969797,11.498418,9.5,Under way using engine
2026-08-27T12:34:19Z,219000811,54.838730,11.491793,0.0,Under way using engine
2026-08-27T12:34:33Z,219002177,54.916345,11.360527,0.0,Under way using engine
2026-08-27T12:34:49Z,219000811,54.838730,11.491793,0.0,Under way using engine
2026-08-27T12:34:53Z,219000809,54.968627,11.496558,9.7,Under way using engine
2026-08-27T12:35:03Z,219002177,54.916355,11.360508,0.0,Under way using engine
2026-08-27T12:35:19Z,219000811,54.838728,11.491793,0.0,Under way using engine
2026-08-27T12:35:24Z,219000809,54.967565,11.494903,9.7,Under way using engine
2026-08-27T12:35:33Z,219002177,54.916347,11.360540,0.0,Under way using engine
2026-08-27T12:35:49Z,219000811,54.838727,11.491793,0.0,Under way using engine
2026-08-27T12:36:03Z,219002177,54.916323,11.360580,0.0,Under way using engine
2026-08-27T12:36:04Z,219000809,54.966142,11.493115,9.6,Under way using engine
2026-08-27T12:36:19Z,219000811,54.838725,11.491798,0.0,Under way using engine
2026-08-27T12:36:33Z,219002177,54.916330,11.360548,0.0,Under way using engine
2026-08-27T12:36:35Z,219000809,54.964970,11.492010,9.3,Under way using engine
2026-08-27T12:36:50Z,219000811,54.838722,11.491803,0.0,Under way using engine
2026-08-27T12:37:03Z,219002177,54.916322,11.360507,0.0,Under way using engine
2026-08-27T12:37:14Z,219000809,54.963410,11.490910,9.4,Under way using engine
2026-08-27T12:37:28Z,219000811,54.838722,11.491805,0.0,Under way using engine
2026-08-27T12:37:34Z,219002177,54.916325,11.360535,0.0,Under way using engine
2026-08-27T12:37:44Z,219000809,54.962185,11.490168,9.5,Under way using engine
2026-08-27T12:37:58Z,219000811,54.838722,11.491807,0.0,Under way using engine
2026-08-27T12:38:13Z,219002177,54.916345,11.360540,0.0,Under way using engine
2026-08-27T12:38:14Z,219000809,54.960925,11.489397,9.6,Under way using engine
2026-08-27T12:38:28Z,219000811,54.838718,11.491807,0.0,Under way using engine
2026-08-27T12:38:45Z,219002177,54.916363,11.360523,0.1,Under way using engine
2026-08-27T12:38:54Z,219000809,54.959257,11.488465,9.5,Under way using engine
2026-08-27T12:39:00Z,219000811,54.838718,11.491808,0.0,Under way using engine
2026-08-27T12:39:24Z,219000809,54.957982,11.487732,9.5,Under way using engine
2026-08-27T12:39:25Z,219002177,54.916357,11.360498,0.0,Under way using engine
2026-08-27T12:39:39Z,219000811,54.838718,11.491812,0.0,Under way using engine
2026-08-27T12:39:54Z,219000809,54.956777,11.487215,9.2,Under way using engine
2026-08-27T12:40:05Z,219002177,54.916358,11.360543,0.0,Under way using engine
2026-08-27T12:40:09Z,219000811,54.838717,11.491815,0.0,Under way using engine
2026-08-27T12:40:24Z,219000809,54.955533,11.486683,9.3,Under way using engine
2026-08-27T12:40:39Z,219000811,54.838715,11.491813,0.0,Under way using engine
2026-08-27T12:40:44Z,219002177,54.916343,11.360512,0.0,Under way using engine
2026-08-27T12:40:54Z,219000809,54.954255,11.486158,9.6,Under way using engine
2026-08-27T12:41:09Z,219000811,54.838713,11.491810,0.0,Under way using engine
2026-08-27T12:41:24Z,219000809,54.952987,11.485588,9.5,Under way using engine
2026-08-27T12:41:25Z,219002177,54.916340,11.360547,0.0,Under way using engine
2026-08-27T12:41:39Z,219000811,54.838715,11.491808,0.0,Under way using engine
2026-08-27T12:41:54Z,219000809,54.951692,11.485080,9.5,Under way using engine
2026-08-27T12:42:05Z,219002177,54.916345,11.360570,0.0,Under way using engine
2026-08-27T12:42:09Z,219000811,54.838715,11.491807,0.0,Under way using engine
2026-08-27T12:42:24Z,219000809,54.950422,11.484555,9.5,Under way using engine
2026-08-27T12:42:39Z,219000811,54.838718,11.491807,0.0,Under way using engine
2026-08-27T12:42:54Z,219000809,54.949183,11.484015,9.4,Under way using engine
2026-08-27T12:42:54Z,219002177,54.916370,11.360543,0.0,Under way using engine
2026-08-27T12:43:09Z,219000811,54.838722,11.491807,0.0,Under way using engine
2026-08-27T12:43:24Z,219000809,54.947912,11.483503,9.3,Under way using engine
2026-08-27T12:43:25Z,219002177,54.916360,11.360543,0.0,Under way using engine
2026-08-27T12:43:39Z,219000811,54.838723,11.491808,0.0,Under way using engine
2026-08-27T12:43:54Z,219000809,54.946668,11.482987,9.3,Under way using engine
2026-08-27T12:44:03Z,219002177,54.916345,11.360552,0.0,Under way using engine
2026-08-27T12:44:09Z,219000811,54.838725,11.491807,0.0,Under way using engine
2026-08-27T12:44:24Z,219000809,54.945403,11.482515,9.3,Under way using engine
2026-08-27T12:44:34Z,219002177,54.916350,11.360545,0.0,Under way using engine
2026-08-27T12:44:39Z,219000811,54.838725,11.491808,0.0,Under way using engine
2026-08-27T12:45:01Z,219000809,54.943988,11.481420,9.2,Under way using engine
2026-08-27T12:45:09Z,219000811,54.838725,11.491808,0.0,Under way using engine
2026-08-27T12:45:14Z,219002177,54.916348,11.360555,0.0,Under way using engine
2026-08-27T12:45:31Z,219000809,54.942912,11.480203,9.2,Under way using engine
2026-08-27T12:45:39Z,219000811,54.838727,11.491808,0.0,Under way using engine
2026-08-27T12:45:45Z,219002177,54.916340,11.360533,0.0,Under way using engine
2026-08-27T12:46:03Z,219000809,54.941868,11.478728,9.2,Under way using engine
2026-08-27T12:46:09Z,219000811,54.838727,11.491808,0.0,Under way using engine
2026-08-27T12:46:23Z,219002177,54.916332,11.360528,0.0,Under way using engine
2026-08-27T12:46:34Z,219000809,54.940812,11.477297,9.3,Under way using engine
2026-08-27T12:46:39Z,219000811,54.838728,11.491805,0.1,Under way using engine
2026-08-27T12:46:54Z,219002177,54.916335,11.360552,0.0,Under way using engine
2026-08-27T12:47:07Z,219000809,54.939863,11.475512,9.2,Under way using engine
2026-08-27T12:47:09Z,219000811,54.838732,11.491803,0.0,Under way using engine
2026-08-27T12:47:35Z,219002177,54.916380,11.360547,0.0,Under way using engine
2026-08-27T12:47:37Z,219000809,54.939293,11.473495,9.4,Under way using engine
2026-08-27T12:47:39Z,219000811,54.838732,11.491805,0.0,Under way using engine
2026-08-27T12:48:10Z,219000811,54.838733,11.491807,0.0,Under way using engine
2026-08-27T12:48:13Z,219000809,54.938558,11.471022,9.6,Under way using engine
2026-08-27T12:48:14Z,219002177,54.916350,11.360518,0.0,Under way using engine
2026-08-27T12:48:44Z,219000809,54.937952,11.468897,9.6,Under way using engine
2026-08-27T12:48:50Z,219000811,54.838735,11.491807,0.0,Under way using engine
2026-08-27T12:48:54Z,219002177,54.916358,11.360535,0.0,Under way using engine
2026-08-27T12:49:25Z,219000809,54.937125,11.466105,9.6,Under way using engine
2026-08-27T12:49:28Z,219000811,54.838735,11.491808,0.0,Under way using engine
2026-08-27T12:49:35Z,219002177,54.916362,11.360560,0.1,Under way using engine
2026-08-27T12:50:00Z,219000811,54.838733,11.491808,0.1,Under way using engine
2026-08-27T12:50:04Z,219000809,54.936317,11.463437,9.6,Under way using engine
2026-08-27T12:50:13Z,219002177,54.916355,11.360545,0.1,Under way using engine
2026-08-27T12:50:34Z,219000809,54.935732,11.461373,9.6,Under way using engine
2026-08-27T12:50:38Z,219000811,54.838732,11.491808,0.0,Under way using engine
2026-08-27T12:50:43Z,219002177,54.916330,11.360798,1.6,Under way using engine
2026-08-27T12:51:04Z,219000809,54.935103,11.459302,9.7,Under way using engine
2026-08-27T12:51:10Z,219000811,54.838732,11.491812,0.0,Under way using engine
2026-08-27T12:51:13Z,219002177,54.916257,11.361412,3.0,Under way using engine
2026-08-27T12:51:34Z,219000809,54.934475,11.457248,9.7,Under way using engine
2026-08-27T12:51:43Z,219002177,54.916228,11.362268,3.8,Under way using engine
2026-08-27T12:51:50Z,219000811,54.838732,11.491810,0.0,Under way using engine
2026-08-27T12:52:04Z,219000809,54.933847,11.455190,9.7,Under way using engine
2026-08-27T12:52:13Z,219002177,54.916258,11.363242,4.1,Under way using engine
2026-08-27T12:52:28Z,219000811,54.838730,11.491812,0.0,Under way using engine
2026-08-27T12:52:34Z,219000809,54.933205,11.453152,9.7,Under way using engine
2026-08-27T12:52:43Z,219002177,54.916328,11.364272,4.5,Under way using engine
2026-08-27T12:53:00Z,219000811,54.838730,11.491812,0.0,Under way using engine
2026-08-27T12:53:04Z,219000809,54.932363,11.451327,9.6,Under way using engine
2026-08-27T12:53:13Z,219002177,54.916390,11.365387,4.7,Under way using engine
2026-08-27T12:53:34Z,219000809,54.931512,11.449543,9.7,Under way using engine
2026-08-27T12:53:39Z,219000811,54.838732,11.491812,0.1,Under way using engine
2026-08-27T12:53:45Z,219002177,54.916490,11.366617,4.9,Under way using engine
2026-08-27T12:54:10Z,219000811,54.838730,11.491810,0.0,Under way using engine
2026-08-27T12:54:14Z,219000809,54.930377,11.447152,9.6,Under way using engine
2026-08-27T12:54:25Z,219002177,54.916612,11.368190,5.0,Under way using engine
2026-08-27T12:54:49Z,219000811,54.838732,11.491810,0.0,Under way using engine
2026-08-27T12:54:53Z,219000809,54.929302,11.444805,9.5,Under way using engine
2026-08-27T12:55:05Z,219002177,54.916782,11.369808,5.0,Under way using engine
2026-08-27T12:55:20Z,219000811,54.838733,11.491808,0.1,Under way using engine
2026-08-27T12:55:23Z,219000809,54.928435,11.442983,9.7,Under way using engine
2026-08-27T12:55:35Z,219002177,54.917092,11.370687,4.1,Under way using engine
2026-08-27T12:55:53Z,219000809,54.927613,11.441153,9.7,Under way using engine
2026-08-27T12:55:59Z,219000811,54.838733,11.491807,0.1,Under way using engine
2026-08-27T12:56:13Z,219002177,54.917913,11.370710,5.1,Under way using engine
2026-08-27T12:56:23Z,219000809,54.926780,11.439305,9.7,Under way using engine
2026-08-27T12:56:29Z,219000811,54.838733,11.491803,0.0,Under way using engine
2026-08-27T12:56:45Z,219002177,54.918763,11.370768,5.9,Under way using engine
2026-08-27T12:56:54Z,219000809,54.925988,11.437452,9.7,Under way using engine
2026-08-27T12:56:59Z,219000811,54.838737,11.491808,0.0,Under way using engine
2026-08-27T12:57:23Z,219002177,54.919883,11.370808,6.5,Under way using engine
2026-08-27T12:57:29Z,219000811,54.838738,11.491808,0.0,Under way using engine
2026-08-27T12:57:34Z,219000809,54.924828,11.435060,9.7,Under way using engine
2026-08-27T12:57:54Z,219002177,54.920847,11.370832,6.9,Under way using engine
2026-08-27T12:57:59Z,219000811,54.838738,11.491810,0.0,Under way using engine
2026-08-27T12:58:13Z,219000809,54.923738,11.432697,9.7,Under way using engine
2026-08-27T12:58:29Z,219000811,54.838737,11.491808,0.1,Under way using engine
2026-08-27T12:58:33Z,219002177,54.922123,11.370807,7.3,Under way using engine
2026-08-27T12:58:44Z,219000809,54.922913,11.430815,9.4,Under way using engine
2026-08-27T12:58:59Z,219000811,54.838737,11.491810,0.1,Under way using engine
2026-08-27T12:59:05Z,219002177,54.923208,11.370782,7.4,Under way using engine
2026-08-27T12:59:23Z,219000809,54.921777,11.428395,9.7,Under way using engine
2026-08-27T12:59:29Z,219000811,54.838738,11.491812,0.1,Under way using engine
2026-08-27T12:59:44Z,219002177,54.924580,11.370713,7.5,Under way using engine
2026-08-27T12:59:54Z,219000809,54.920963,11.426562,9.7,Under way using engine
2026-08-27T12:59:59Z,219000811,54.838740,11.491810,0.1,Under way using engine
2026-08-27T13:00:23Z,219002177,54.925938,11.370630,7.6,Under way using engine
2026-08-27T13:00:29Z,219000811,54.838740,11.491808,0.0,Under way using engine
2026-08-27T13:00:34Z,219000809,54.919825,11.424098,9.7,Under way using engine
2026-08-27T13:00:54Z,219002177,54.926992,11.370558,7.5,Under way using engine
2026-08-27T13:00:59Z,219000811,54.838738,11.491810,0.1,Under way using engine
2026-08-27T13:01:13Z,219000809,54.918770,11.421740,9.7,Under way using engine
2026-08-27T13:01:29Z,219000811,54.838738,11.491813,0.0,Under way using engine
2026-08-27T13:01:33Z,219002177,54.928350,11.370490,7.5,Under way using engine
2026-08-27T13:01:44Z,219000809,54.917905,11.419843,9.7,Under way using engine
2026-08-27T13:01:59Z,219000811,54.838740,11.491813,0.0,Under way using engine
2026-08-27T13:02:05Z,219002177,54.929468,11.370462,7.5,Under way using engine
2026-08-27T13:02:24Z,219000809,54.916810,11.417377,9.7,Under way using engine
2026-08-27T13:02:29Z,219000811,54.838738,11.491815,0.0,Under way using engine
2026-08-27T13:02:44Z,219002177,54.930813,11.370408,7.4,Under way using engine
2026-08-27T13:02:54Z,219000809,54.916008,11.415520,9.6,Under way using engine
2026-08-27T13:02:59Z,219000811,54.838735,11.491817,0.1,Under way using engine
2026-08-27T13:03:24Z,219000809,54.915203,11.413645,9.8,Under way using engine
2026-08-27T13:03:24Z,219002177,54.932172,11.370352,7.3,Under way using engine
2026-08-27T13:03:29Z,219000811,54.838732,11.491817,0.1,Under way using engine
2026-08-27T13:03:59Z,219000811,54.838730,11.491817,0.0,Under way using engine
2026-08-27T13:04:03Z,219000809,54.914150,11.411192,9.8,Under way using engine
2026-08-27T13:04:05Z,219002177,54.933548,11.370323,7.3,Under way using engine
2026-08-27T13:04:29Z,219000811,54.838730,11.491820,0.0,Under way using engine
2026-08-27T13:04:34Z,219000809,54.913303,11.409255,9.7,Under way using engine
2026-08-27T13:04:44Z,219002177,54.934710,11.370880,6.3,Under way using engine
2026-08-27T13:04:59Z,219000811,54.838733,11.491822,0.0,Under way using engine
2026-08-27T13:05:13Z,219000809,54.912233,11.406762,9.8,Under way using engine
2026-08-27T13:05:24Z,219002177,54.935462,11.371560,3.2,Under way using engine
2026-08-27T13:05:29Z,219000811,54.838735,11.491825,0.0,Under way using engine
2026-08-27T13:05:44Z,219000809,54.911408,11.404923,9.8,Under way using engine
2026-08-27T13:05:59Z,219000811,54.838737,11.491827,0.0,Under way using engine
2026-08-27T13:06:03Z,219002177,54.935733,11.371795,1.2,Under way using engine
2026-08-27T13:06:24Z,219000809,54.910352,11.402313,9.9,Under way using engine
2026-08-27T13:06:30Z,219000811,54.838738,11.491830,0.0,Under way using engine
2026-08-27T13:06:34Z,219002177,54.935847,11.371873,0.8,Under way using engine
2026-08-27T13:07:04Z,219000809,54.909327,11.399697,9.9,Under way using engine
2026-08-27T13:07:08Z,219000811,54.838740,11.491833,0.0,Under way using engine
2026-08-27T13:07:13Z,219002177,54.935952,11.371963,0.4,Under way using engine
2026-08-27T13:07:34Z,219000809,54.908632,11.397642,9.9,Under way using engine
2026-08-27T13:07:39Z,219000811,54.838742,11.491837,0.0,Under way using engine
2026-08-27T13:07:45Z,219002177,54.935965,11.371982,0.0,Under way using engine
2026-08-27T13:08:04Z,219000809,54.908175,11.395418,9.9,Under way using engine
2026-08-27T13:08:19Z,219000811,54.838740,11.491835,0.0,Under way using engine
2026-08-27T13:08:24Z,219002177,54.935945,11.371998,0.0,Under way using engine
2026-08-27T13:08:34Z,219000809,54.908233,11.393135,9.5,Under way using engine
2026-08-27T13:08:50Z,219000811,54.838740,11.491832,0.0,Under way using engine
2026-08-27T13:08:54Z,219002177,54.935958,11.372003,0.0,Under way using engine
2026-08-27T13:09:04Z,219000809,54.909048,11.391242,10.0,Under way using engine
2026-08-27T13:09:24Z,219002177,54.935952,11.371990,0.0,Under way using engine
2026-08-27T13:09:30Z,219000811,54.838742,11.491830,0.0,Under way using engine
2026-08-27T13:09:34Z,219000809,54.909933,11.389347,10.1,Under way using engine
2026-08-27T13:09:54Z,219002177,54.935948,11.371980,0.0,Under way using engine
2026-08-27T13:10:04Z,219000809,54.910808,11.387435,10.2,Under way using engine
2026-08-27T13:10:08Z,219000811,54.838747,11.491830,0.0,Under way using engine
2026-08-27T13:10:25Z,219002177,54.935945,11.371980,0.0,Under way using engine
2026-08-27T13:10:34Z,219000809,54.911720,11.385533,10.2,Under way using engine
2026-08-27T13:10:39Z,219000811,54.838748,11.491832,0.1,Under way using engine
2026-08-27T13:11:04Z,219000809,54.912628,11.383647,10.1,Under way using engine
2026-08-27T13:11:04Z,219002177,54.935970,11.371985,0.0,Under way using engine
2026-08-27T13:11:09Z,219000811,54.838748,11.491828,0.0,Under way using engine
2026-08-27T13:11:34Z,219000809,54.913518,11.381785,10.2,Under way using engine
2026-08-27T13:11:34Z,219002177,54.935952,11.371970,0.0,Under way using engine
2026-08-27T13:11:39Z,219000811,54.838750,11.491828,0.0,Under way using engine
2026-08-27T13:12:04Z,219000809,54.914468,11.379923,10.2,Under way using engine
2026-08-27T13:12:04Z,219002177,54.935940,11.371997,0.0,Under way using engine
2026-08-27T13:12:09Z,219000811,54.838748,11.491828,0.0,Under way using engine
2026-08-27T13:12:34Z,219000809,54.915227,11.377937,10.0,Under way using engine
2026-08-27T13:12:39Z,219000811,54.838748,11.491828,0.0,Under way using engine
2026-08-27T13:12:44Z,219002177,54.935950,11.371987,0.0,Under way using engine
2026-08-27T13:13:04Z,219000809,54.915863,11.375810,10.0,Under way using engine
2026-08-27T13:13:09Z,219000811,54.838747,11.491828,0.0,Under way using engine
2026-08-27T13:13:15Z,219002177,54.935947,11.371988,0.0,Under way using engine
2026-08-27T13:13:34Z,219000809,54.916375,11.373620,9.8,Under way using engine
2026-08-27T13:13:39Z,219000811,54.838748,11.491832,0.1,Under way using engine
2026-08-27T13:13:55Z,219002177,54.935942,11.372000,0.0,Under way using engine
2026-08-27T13:14:04Z,219000809,54.916662,11.371395,9.5,Under way using engine
2026-08-27T13:14:09Z,219000811,54.838748,11.491830,0.0,Under way using engine
2026-08-27T13:14:25Z,219002177,54.935935,11.371987,0.0,Under way using engine
2026-08-27T13:14:34Z,219000809,54.916728,11.369135,9.2,Under way using engine
2026-08-27T13:14:39Z,219000811,54.838748,11.491830,0.0,Under way using engine
2026-08-27T13:14:55Z,219002177,54.935947,11.371990,0.0,Under way using engine
2026-08-27T13:15:04Z,219000809,54.916578,11.367070,8.4,Under way using engine
2026-08-27T13:15:09Z,219000811,54.838747,11.491830,0.0,Under way using engine
2026-08-27T13:15:25Z,219002177,54.935945,11.371992,0.0,Under way using engine
2026-08-27T13:15:34Z,219000809,54.916432,11.365158,7.8,Under way using engine
2026-08-27T13:15:39Z,219000811,54.838745,11.491830,0.0,Under way using engine
2026-08-27T13:15:55Z,219002177,54.935950,11.371992,0.1,Under way using engine
2026-08-27T13:16:04Z,219000809,54.916307,11.363462,6.9,Under way using engine
2026-08-27T13:16:09Z,219000811,54.838747,11.491830,0.0,Under way using engine
2026-08-27T13:16:34Z,219000809,54.916200,11.361847,6.6,Under way using engine
2026-08-27T13:16:34Z,219002177,54.935755,11.371827,1.8,Under way using engine
2026-08-27T13:16:39Z,219000811,54.838747,11.491832,0.0,Under way using engine
2026-08-27T13:17:04Z,219000809,54.916020,11.360652,3.7,Under way using engine
2026-08-27T13:17:04Z,219002177,54.935412,11.371545,3.2,Under way using engine
2026-08-27T13:17:09Z,219000811,54.838748,11.491833,0.1,Under way using engine
2026-08-27T13:17:34Z,219000809,54.915937,11.360540,0.4,Under way using engine
2026-08-27T13:17:34Z,219002177,54.934983,11.370943,4.2,Under way using engine
2026-08-27T13:17:39Z,219000811,54.838747,11.491833,0.0,Under way using engine
2026-08-27T13:18:04Z,219000809,54.916003,11.360285,1.2,Under way using engine
2026-08-27T13:18:04Z,219002177,54.934362,11.370740,4.9,Under way using engine
2026-08-27T13:18:09Z,219000811,54.838747,11.491832,0.0,Under way using engine
2026-08-27T13:18:34Z,219000809,54.916032,11.360135,0.6,Under way using engine
2026-08-27T13:18:34Z,219002177,54.933560,11.370738,6.2,Under way using engine
2026-08-27T13:18:39Z,219000811,54.838743,11.491830,0.0,Under way using engine
2026-08-27T13:19:04Z,219000809,54.916045,11.360047,0.3,Under way using engine
2026-08-27T13:19:04Z,219002177,54.932637,11.370747,6.9,Under way using engine
2026-08-27T13:19:09Z,219000811,54.838745,11.491830,0.0,Under way using engine
2026-08-27T13:19:34Z,219000809,54.916047,11.360035,0.0,Under way using engine
2026-08-27T13:19:34Z,219002177,54.931647,11.370772,7.2,Under way using engine
2026-08-27T13:19:39Z,219000811,54.838747,11.491832,0.0,Under way using engine
2026-08-27T13:20:04Z,219000809,54.916050,11.360028,0.0,Under way using engine
2026-08-27T13:20:04Z,219002177,54.930628,11.370783,7.4,Under way using engine
2026-08-27T13:20:09Z,219000811,54.838750,11.491833,0.0,Under way using engine
2026-08-27T13:20:34Z,219000809,54.916040,11.360013,0.0,Under way using engine
2026-08-27T13:20:34Z,219002177,54.929603,11.370820,7.4,Under way using engine
2026-08-27T13:20:39Z,219000811,54.838753,11.491832,0.0,Under way using engine
2026-08-27T13:21:04Z,219000809,54.916053,11.360018,0.0,Under way using engine
2026-08-27T13:21:04Z,219002177,54.928580,11.370848,7.4,Under way using engine
2026-08-27T13:21:18Z,219000811,54.838753,11.491832,0.0,Under way using engine
2026-08-27T13:21:34Z,219000809,54.916055,11.360027,0.0,Under way using engine
2026-08-27T13:21:34Z,219002177,54.927555,11.370878,7.4,Under way using engine
2026-08-27T13:21:50Z,219000811,54.838750,11.491833,0.0,Under way using engine
2026-08-27T13:22:04Z,219000809,54.916055,11.360035,0.0,Under way using engine
2026-08-27T13:22:04Z,219002177,54.926547,11.370910,7.3,Under way using engine
2026-08-27T13:22:29Z,219000811,54.838742,11.491823,0.0,Under way using engine
2026-08-27T13:22:34Z,219000809,54.916065,11.360050,0.0,Under way using engine
2026-08-27T13:22:34Z,219002177,54.925535,11.370935,7.3,Under way using engine
2026-08-27T13:23:04Z,219000809,54.916050,11.360030,0.0,Under way using engine
2026-08-27T13:23:04Z,219002177,54.924532,11.370960,7.2,Under way using engine
2026-08-27T13:23:10Z,219000811,54.838740,11.491820,0.0,Under way using engine
2026-08-27T13:23:34Z,219000809,54.916060,11.360048,0.0,Under way using engine
2026-08-27T13:23:34Z,219002177,54.923543,11.371005,7.1,Under way using engine
2026-08-27T13:23:50Z,219000811,54.838737,11.491815,0.0,Under way using engine
2026-08-27T13:24:04Z,219000809,54.916065,11.360053,0.0,Under way using engine
2026-08-27T13:24:04Z,219002177,54.922578,11.371048,7.1,Under way using engine
2026-08-27T13:24:23Z,219000811,54.838737,11.491813,0.0,Under way using engine
2026-08-27T13:24:34Z,219000809,54.916068,11.360045,0.0,Under way using engine
2026-08-27T13:24:34Z,219002177,54.921622,11.371102,6.9,Under way using engine
2026-08-27T13:24:58Z,219000811,54.838730,11.491813,0.0,Under way using engine
2026-08-27T13:25:04Z,219000809,54.916063,11.360028,0.0,Under way using engine
2026-08-27T13:25:04Z,219002177,54.920662,11.371145,6.7,Under way using engine
2026-08-27T13:25:29Z,219000811,54.838737,11.491815,0.0,Under way using engine
2026-08-27T13:25:34Z,219002177,54.919720,11.371222,6.8,Under way using engine
2026-08-27T13:25:43Z,219000809,54.916075,11.360038,0.0,Under way using engine
2026-08-27T13:26:04Z,219002177,54.918790,11.371325,6.8,Under way using engine
2026-08-27T13:26:09Z,219000811,54.838742,11.491820,0.0,Under way using engine
2026-08-27T13:26:13Z,219000809,54.916078,11.360050,0.0,Under way using engine
2026-08-27T13:26:34Z,219002177,54.917850,11.371363,6.8,Under way using engine
2026-08-27T13:26:43Z,219000809,54.916072,11.360033,0.0,Under way using engine
2026-08-27T13:26:49Z,219000811,54.838740,11.491822,0.0,Under way using engine
2026-08-27T13:27:04Z,219002177,54.917087,11.370678,6.7,Under way using engine
2026-08-27T13:27:13Z,219000809,54.916070,11.360040,0.0,Under way using engine
2026-08-27T13:27:29Z,219000811,54.838737,11.491820,0.0,Under way using engine
2026-08-27T13:27:34Z,219002177,54.916708,11.369133,7.0,Under way using engine
2026-08-27T13:27:44Z,219000809,54.916085,11.360048,0.0,Under way using engine
2026-08-27T13:28:04Z,219002177,54.916540,11.367403,7.2,Under way using engine
2026-08-27T13:28:09Z,219000811,54.838737,11.491822,0.0,Under way using engine
2026-08-27T13:28:24Z,219000809,54.916073,11.360053,0.0,Under way using engine
2026-08-27T13:28:34Z,219002177,54.916452,11.365768,6.6,Under way using engine
2026-08-27T13:28:49Z,219000811,54.838735,11.491820,0.0,Under way using engine
2026-08-27T13:28:54Z,219000809,54.916090,11.360072,0.0,Under way using engine
2026-08-27T13:29:04Z,219002177,54.916395,11.364253,6.2,Under way using engine
2026-08-27T13:29:24Z,219000809,54.916077,11.360058,0.0,Under way using engine
2026-08-27T13:29:29Z,219000811,54.838733,11.491818,0.0,Under way using engine
2026-08-27T13:29:34Z,219002177,54.916332,11.362852,5.5,Under way using engine
2026-08-27T13:29:54Z,219000809,54.916078,11.360062,0.0,Under way using engine
2026-08-27T13:30:00Z,219000811,54.838733,11.491818,0.0,Under way using engine
2026-08-27T13:30:24Z,219000809,54.916077,11.360050,0.0,Under way using engine
2026-08-27T13:30:24Z,219002177,54.916357,11.361263,2.6,Under way using engine
2026-08-27T13:30:40Z,219000811,54.838732,11.491815,0.1,Under way using engine
2026-08-27T13:30:54Z,219000809,54.916073,11.360050,0.0,Under way using engine
2026-08-27T13:31:03Z,219002177,54.916347,11.360737,1.3,Under way using engine
2026-08-27T13:31:18Z,219000811,54.838732,11.491815,0.0,Under way using engine
2026-08-27T13:31:24Z,219000809,54.916058,11.360063,0.0,Under way using engine
2026-08-27T13:31:34Z,219002177,54.916350,11.360585,0.3,Under way using engine
2026-08-27T13:31:49Z,219000811,54.838732,11.491817,0.0,Under way using engine
2026-08-27T13:31:54Z,219000809,54.916070,11.360052,0.0,Under way using engine
2026-08-27T13:32:14Z,219002177,54.916345,11.360597,0.0,Under way using engine
2026-08-27T13:32:20Z,219000811,54.838735,11.491820,0.0,Under way using engine
2026-08-27T13:32:24Z,219000809,54.916077,11.360057,0.1,Under way using engine
2026-08-27T13:32:44Z,219002177,54.916343,11.360583,0.1,Under way using engine
2026-08-27T13:32:54Z,219000809,54.916058,11.360782,4.5,Under way using engine
2026-08-27T13:33:00Z,219000811,54.838735,11.491822,0.0,Under way using engine
2026-08-27T13:33:24Z,219000809,54.916232,11.362305,7.1,Under way using engine
2026-08-27T13:33:24Z,219002177,54.916322,11.360558,0.0,Under way using engine
2026-08-27T13:33:40Z,219000811,54.838733,11.491820,0.0,Under way using engine
2026-08-27T13:34:03Z,219002177,54.916343,11.360563,0.0,Under way using engine
2026-08-27T13:34:05Z,219000809,54.916440,11.364792,7.7,Under way using engine
2026-08-27T13:34:20Z,219000811,54.838737,11.491817,0.0,Under way using engine
2026-08-27T13:34:34Z,219002177,54.916348,11.360585,0.0,Under way using engine
2026-08-27T13:34:44Z,219000809,54.916620,11.367307,8.0,Under way using engine
2026-08-27T13:34:50Z,219000811,54.838737,11.491818,0.0,Under way using engine
2026-08-27T13:35:13Z,219002177,54.916317,11.360577,0.0,Under way using engine
2026-08-27T13:35:14Z,219000809,54.916713,11.369182,8.1,Under way using engine
2026-08-27T13:35:20Z,219000811,54.838738,11.491817,0.0,Under way using engine
2026-08-27T13:35:44Z,219000809,54.916675,11.371137,7.3,Under way using engine
2026-08-27T13:35:45Z,219002177,54.916333,11.360587,0.0,Under way using engine
2026-08-27T13:35:50Z,219000811,54.838740,11.491820,0.0,Under way using engine
2026-08-27T13:36:14Z,219000809,54.916405,11.372678,6.9,Under way using engine
2026-08-27T13:36:20Z,219000811,54.838742,11.491823,0.0,Under way using engine
2026-08-27T13:36:34Z,219002177,54.916355,11.360608,0.0,Under way using engine
2026-08-27T13:36:44Z,219000809,54.915898,11.374178,7.4,Under way using engine
2026-08-27T13:36:50Z,219000811,54.838740,11.491823,0.0,Under way using engine
2026-08-27T13:37:13Z,219002177,54.916345,11.360600,0.0,Under way using engine
2026-08-27T13:37:14Z,219000809,54.915300,11.375710,8.1,Under way using engine
2026-08-27T13:37:20Z,219000811,54.838738,11.491823,0.0,Under way using engine
2026-08-27T13:37:44Z,219000809,54.914663,11.377383,8.3,Under way using engine
2026-08-27T13:37:45Z,219002177,54.916342,11.360583,0.0,Under way using engine
2026-08-27T13:37:50Z,219000811,54.838738,11.491822,0.0,Under way using engine
2026-08-27T13:38:14Z,219000809,54.913998,11.379025,8.4,Under way using engine
2026-08-27T13:38:20Z,219000811,54.838738,11.491823,0.0,Under way using engine
2026-08-27T13:38:34Z,219002177,54.916353,11.360577,0.0,Under way using engine
2026-08-27T13:38:44Z,219000809,54.913275,11.380670,8.5,Under way using engine
2026-08-27T13:38:50Z,219000811,54.838740,11.491822,0.0,Under way using engine
2026-08-27T13:39:13Z,219002177,54.916350,11.360587,0.0,Under way using engine
2026-08-27T13:39:14Z,219000809,54.912588,11.382320,8.5,Under way using engine
2026-08-27T13:39:20Z,219000811,54.838740,11.491822,0.0,Under way using engine
2026-08-27T13:39:44Z,219000809,54.911893,11.383945,8.4,Under way using engine
2026-08-27T13:39:45Z,219002177,54.916357,11.360592,0.0,Under way using engine
2026-08-27T13:39:50Z,219000811,54.838738,11.491820,0.0,Under way using engine
2026-08-27T13:40:14Z,219000809,54.911197,11.385578,8.5,Under way using engine
2026-08-27T13:40:20Z,219000811,54.838737,11.491818,0.0,Under way using engine
2026-08-27T13:40:34Z,219002177,54.916363,11.360585,0.0,Under way using engine
2026-08-27T13:40:44Z,219000809,54.910498,11.387223,8.5,Under way using engine
2026-08-27T13:40:50Z,219000811,54.838733,11.491817,0.0,Under way using engine
2026-08-27T13:41:14Z,219000809,54.909780,11.388845,8.5,Under way using engine
2026-08-27T13:41:14Z,219002177,54.916347,11.360558,0.0,Under way using engine
2026-08-27T13:41:20Z,219000811,54.838733,11.491815,0.0,Under way using engine
2026-08-27T13:41:44Z,219000809,54.909107,11.390505,8.5,Under way using engine
2026-08-27T13:41:45Z,219002177,54.916345,11.360557,0.0,Under way using engine
2026-08-27T13:41:50Z,219000811,54.838733,11.491817,0.0,Under way using engine
2026-08-27T13:42:14Z,219000809,54.908453,11.392217,8.5,Under way using engine
2026-08-27T13:42:20Z,219000811,54.838732,11.491817,0.0,Under way using engine
2026-08-27T13:42:44Z,219000809,54.907775,11.393898,8.5,Under way using engine
2026-08-27T13:42:44Z,219002177,54.916348,11.360580,0.0,Under way using engine
2026-08-27T13:42:50Z,219000811,54.838732,11.491818,0.0,Under way using engine
2026-08-27T13:43:14Z,219000809,54.907097,11.395595,8.6,Under way using engine
2026-08-27T13:43:14Z,219002177,54.916350,11.360578,0.0,Under way using engine
2026-08-27T13:43:20Z,219000811,54.838730,11.491817,0.0,Under way using engine
2026-08-27T13:43:44Z,219000809,54.906520,11.397387,8.5,Under way using engine
2026-08-27T13:43:50Z,219000811,54.838728,11.491817,0.0,Under way using engine
2026-08-27T13:43:53Z,219002177,54.916375,11.360573,0.0,Under way using engine
2026-08-27T13:44:20Z,219000811,54.838727,11.491817,0.0,Under way using engine
2026-08-27T13:44:23Z,219002177,54.916372,11.360583,0.0,Under way using engine
2026-08-27T13:44:24Z,219000809,54.905883,11.399922,8.7,Under way using engine
2026-08-27T13:44:50Z,219000811,54.838725,11.491817,0.0,Under way using engine
2026-08-27T13:44:53Z,219002177,54.916370,11.360590,0.0,Under way using engine
2026-08-27T13:44:55Z,219000809,54.905370,11.401927,8.8,Under way using engine
2026-08-27T13:45:23Z,219002177,54.916370,11.360583,0.0,Under way using engine
2026-08-27T13:45:29Z,219000811,54.838727,11.491813,0.0,Under way using engine
2026-08-27T13:45:33Z,219000809,54.904753,11.404377,8.9,Under way using engine
2026-08-27T13:45:53Z,219002177,54.916370,11.360572,0.0,Under way using engine
2026-08-27T13:46:00Z,219000811,54.838728,11.491813,0.0,Under way using engine
2026-08-27T13:46:03Z,219000809,54.904267,11.406358,8.9,Under way using engine
2026-08-27T13:46:23Z,219002177,54.916360,11.360578,0.0,Under way using engine
2026-08-27T13:46:33Z,219000809,54.903777,11.408317,8.9,Under way using engine
2026-08-27T13:46:40Z,219000811,54.838730,11.491813,0.0,Under way using engine
2026-08-27T13:46:53Z,219002177,54.916353,11.360570,0.0,Under way using engine
2026-08-27T13:47:13Z,219000809,54.903110,11.410915,8.8,Under way using engine
2026-08-27T13:47:19Z,219000811,54.838730,11.491815,0.0,Under way using engine
2026-08-27T13:47:23Z,219002177,54.916360,11.360577,0.0,Under way using engine
2026-08-27T13:47:43Z,219000809,54.902610,11.412850,8.9,Under way using engine
2026-08-27T13:47:50Z,219000811,54.838732,11.491815,0.0,Under way using engine
2026-08-27T13:47:53Z,219002177,54.916353,11.360567,0.0,Under way using engine
2026-08-27T13:48:13Z,219000809,54.902127,11.414818,8.8,Under way using engine
2026-08-27T13:48:23Z,219002177,54.916358,11.360565,0.0,Under way using engine
2026-08-27T13:48:25Z,219000811,54.838733,11.491818,0.0,Under way using engine
2026-08-27T13:48:43Z,219000809,54.901607,11.416762,8.9,Under way using engine
2026-08-27T13:48:53Z,219002177,54.916357,11.360562,0.0,Under way using engine
2026-08-27T13:48:59Z,219000811,54.838733,11.491820,0.0,Under way using engine
2026-08-27T13:49:14Z,219000809,54.901052,11.418755,8.9,Under way using engine
2026-08-27T13:49:23Z,219002177,54.916368,11.360583,0.0,Under way using engine
2026-08-27T13:49:29Z,219000811,54.838737,11.491823,0.0,Under way using engine
2026-08-27T13:49:53Z,219002177,54.916363,11.360593,0.0,Under way using engine
2026-08-27T13:49:54Z,219000809,54.900358,11.421340,8.8,Under way using engine
2026-08-27T13:50:08Z,219000811,54.838737,11.491832,0.0,Under way using engine
2026-08-27T13:50:24Z,219000809,54.899858,11.423258,8.8,Under way using engine
2026-08-27T13:50:25Z,219002177,54.916355,11.360573,0.0,Under way using engine
2026-08-27T13:50:40Z,219000811,54.838737,11.491835,0.0,Under way using engine
2026-08-27T13:50:54Z,219000809,54.899373,11.425218,8.9,Under way using engine
2026-08-27T13:51:05Z,219002177,54.916360,11.360582,0.1,Under way using engine
2026-08-27T13:51:18Z,219000811,54.838737,11.491838,0.0,Under way using engine
2026-08-27T13:51:24Z,219000809,54.898878,11.427198,9.0,Under way using engine
2026-08-27T13:51:44Z,219002177,54.916307,11.360895,1.7,Under way using engine
2026-08-27T13:51:50Z,219000811,54.838737,11.491832,0.1,Under way using engine
2026-08-27T13:51:54Z,219000809,54.898380,11.429142,8.8,Under way using engine
2026-08-27T13:52:15Z,219002177,54.916248,11.361527,3.0,Under way using engine
2026-08-27T13:52:24Z,219000809,54.897887,11.431073,8.8,Under way using engine
2026-08-27T13:52:29Z,219000811,54.838740,11.491830,0.0,Under way using engine
2026-08-27T13:52:53Z,219002177,54.916308,11.362687,4.1,Under way using engine
2026-08-27T13:52:54Z,219000809,54.897363,11.433003,8.8,Under way using engine
2026-08-27T13:52:59Z,219000811,54.838742,11.491828,0.1,Under way using engine
2026-08-27T13:53:24Z,219000809,54.896770,11.434858,8.9,Under way using engine
2026-08-27T13:53:25Z,219002177,54.916352,11.363800,4.5,Under way using engine
2026-08-27T13:53:30Z,219000811,54.838743,11.491830,0.0,Under way using engine
2026-08-27T13:53:54Z,219000809,54.896185,11.436760,9.0,Under way using engine
2026-08-27T13:54:05Z,219002177,54.916515,11.365312,4.9,Under way using engine
2026-08-27T13:54:10Z,219000811,54.838742,11.491832,0.1,Under way using engine
2026-08-27T13:54:24Z,219000809,54.895595,11.438635,8.8,Under way using engine
2026-08-27T13:54:35Z,219002177,54.916613,11.366475,4.9,Under way using engine
2026-08-27T13:54:50Z,219000811,54.838737,11.491832,0.0,Under way using engine
2026-08-27T13:54:54Z,219000809,54.895020,11.440502,8.8,Under way using engine
2026-08-27T13:55:05Z,219002177,54.916723,11.367652,4.9,Under way using engine
2026-08-27T13:55:24Z,219000809,54.894330,11.442235,8.8,Under way using engine
2026-08-27T13:55:30Z,219000811,54.838738,11.491828,0.0,Under way using engine
2026-08-27T13:55:35Z,219002177,54.916830,11.368807,4.9,Under way using engine
2026-08-27T13:55:54Z,219000809,54.893585,11.443892,8.8,Under way using engine
2026-08-27T13:56:05Z,219002177,54.916968,11.369973,4.9,Under way using engine
2026-08-27T13:56:10Z,219000811,54.838737,11.491833,0.0,Under way using engine
2026-08-27T13:56:24Z,219000809,54.892833,11.445525,8.7,Under way using engine
2026-08-27T13:56:35Z,219002177,54.917227,11.370960,4.4,Under way using engine
2026-08-27T13:56:49Z,219000811,54.838733,11.491830,0.0,Under way using engine
2026-08-27T13:56:54Z,219000809,54.892095,11.447172,8.6,Under way using engine
2026-08-27T13:57:15Z,219002177,54.918123,11.371053,5.5,Under way using engine
2026-08-27T13:57:19Z,219000811,54.838733,11.491828,0.0,Under way using engine
2026-08-27T13:57:24Z,219000809,54.891322,11.448738,8.5,Under way using engine
2026-08-27T13:57:47Z,219002177,54.918943,11.371057,6.3,Under way using engine
2026-08-27T13:57:49Z,219000811,54.838737,11.491827,0.0,Under way using engine
2026-08-27T13:57:54Z,219000809,54.890572,11.450327,8.5,Under way using engine
2026-08-27T13:58:19Z,219000811,54.838737,11.491828,0.0,Under way using engine
2026-08-27T13:58:24Z,219000809,54.889812,11.451887,8.4,Under way using engine
2026-08-27T13:58:24Z,219002177,54.920198,11.371040,7.0,Under way using engine
2026-08-27T13:58:49Z,219000811,54.838737,11.491828,0.0,Under way using engine
2026-08-27T13:59:03Z,219002177,54.921515,11.371010,7.5,Under way using engine
2026-08-27T13:59:04Z,219000809,54.888817,11.453955,8.4,Under way using engine
2026-08-27T13:59:19Z,219000811,54.838735,11.491827,0.0,Under way using engine
2026-08-27T13:59:35Z,219002177,54.922650,11.370900,7.8,Under way using engine
2026-08-27T13:59:45Z,219000809,54.887818,11.456077,8.3,Under way using engine
2026-08-27T13:59:49Z,219000811,54.838735,11.491832,0.0,Under way using engine
2026-08-27T14:00:14Z,219002177,54.924067,11.370757,7.9,Under way using engine
2026-08-27T14:00:19Z,219000811,54.838728,11.491830,0.0,Under way using engine
2026-08-27T14:00:24Z,219000809,54.886737,11.457913,8.5,Under way using engine
2026-08-27T14:00:45Z,219002177,54.925163,11.370635,7.9,Under way using engine
2026-08-27T14:00:49Z,219000811,54.838727,11.491818,0.0,Under way using engine
2026-08-27T14:01:04Z,219000809,54.885608,11.459838,8.6,Under way using engine
2026-08-27T14:01:19Z,219000811,54.838720,11.491817,0.0,Under way using engine
2026-08-27T14:01:24Z,219002177,54.926635,11.370437,8.0,Under way using engine
2026-08-27T14:01:45Z,219000809,54.884423,11.461755,8.5,Under way using engine
2026-08-27T14:01:54Z,219002177,54.927720,11.370283,7.9,Under way using engine
2026-08-27T14:01:58Z,219000811,54.838722,11.491817,0.0,Under way using engine
2026-08-27T14:02:24Z,219000809,54.883315,11.463622,8.5,Under way using engine
2026-08-27T14:02:24Z,219002177,54.928810,11.370095,7.9,Under way using engine
2026-08-27T14:02:29Z,219000811,54.838723,11.491818,0.0,Under way using engine
2026-08-27T14:02:54Z,219002177,54.929900,11.369933,7.9,Under way using engine
2026-08-27T14:02:57Z,219000809,54.882582,11.465495,8.6,Under way using engine
2026-08-27T14:03:10Z,219000811,54.838727,11.491818,0.0,Under way using engine
2026-08-27T14:03:25Z,219002177,54.930973,11.369773,7.8,Under way using engine
2026-08-27T14:03:27Z,219000809,54.882082,11.467383,8.7,Under way using engine
2026-08-27T14:03:48Z,219000811,54.838730,11.491823,0.0,Under way using engine
2026-08-27T14:04:03Z,219000809,54.881507,11.469683,8.7,Under way using engine
2026-08-27T14:04:04Z,219002177,54.932407,11.369567,7.7,Under way using engine
2026-08-27T14:04:19Z,219000811,54.838732,11.491827,0.0,Under way using engine
2026-08-27T14:04:33Z,219000809,54.881013,11.471585,8.7,Under way using engine
2026-08-27T14:04:34Z,219002177,54.933392,11.369852,7.1,Under way using engine
2026-08-27T14:04:58Z,219000811,54.838732,11.491827,0.0,Under way using engine
2026-08-27T14:05:03Z,219000809,54.880587,11.473532,8.6,Under way using engine
2026-08-27T14:05:04Z,219002177,54.934285,11.370452,6.8,Under way using engine
2026-08-27T14:05:30Z,219000811,54.838733,11.491828,0.0,Under way using engine
2026-08-27T14:05:33Z,219000809,54.880198,11.475508,8.7,Under way using engine
2026-08-27T14:05:34Z,219002177,54.935040,11.371132,5.4,Under way using engine
2026-08-27T14:06:03Z,219000809,54.879902,11.477540,8.6,Under way using engine
2026-08-27T14:06:04Z,219002177,54.935488,11.371612,3.2,Under way using engine
2026-08-27T14:06:10Z,219000811,54.838733,11.491827,0.0,Under way using engine
2026-08-27T14:06:33Z,219000809,54.880120,11.479557,8.6,Under way using engine
2026-08-27T14:06:34Z,219002177,54.935780,11.371812,1.9,Under way using engine
2026-08-27T14:06:48Z,219000811,54.838732,11.491827,0.0,Under way using engine
2026-08-27T14:07:03Z,219000809,54.880827,11.481248,8.7,Under way using engine
2026-08-27T14:07:04Z,219002177,54.935920,11.371940,0.9,Under way using engine
2026-08-27T14:07:19Z,219000811,54.838732,11.491825,0.0,Under way using engine
2026-08-27T14:07:33Z,219000809,54.881573,11.482790,7.9,Under way using engine
2026-08-27T14:07:45Z,219002177,54.935970,11.371968,0.0,Under way using engine
2026-08-27T14:07:50Z,219000811,54.838733,11.491827,0.0,Under way using engine
2026-08-27T14:08:03Z,219000809,54.882517,11.483425,7.2,Under way using engine
2026-08-27T14:08:23Z,219002177,54.935967,11.371970,0.0,Under way using engine
2026-08-27T14:08:30Z,219000811,54.838735,11.491827,0.0,Under way using engine
2026-08-27T14:08:33Z,219000809,54.883473,11.483387,6.1,Under way using engine
2026-08-27T14:08:55Z,219002177,54.935968,11.371978,0.0,Under way using engine
2026-08-27T14:09:03Z,219000809,54.883998,11.483230,2.8,Under way using engine
2026-08-27T14:09:08Z,219000811,54.838733,11.491830,0.0,Under way using engine
2026-08-27T14:09:33Z,219000809,54.884140,11.483258,0.9,Under way using engine
2026-08-27T14:09:34Z,219002177,54.935972,11.371993,0.0,Under way using engine
2026-08-27T14:09:39Z,219000811,54.838733,11.491827,0.0,Under way using engine
2026-08-27T14:10:03Z,219000809,54.884235,11.483233,0.7,Under way using engine
2026-08-27T14:10:04Z,219002177,54.935970,11.371990,0.0,Under way using engine
2026-08-27T14:10:19Z,219000811,54.838733,11.491825,0.0,Under way using engine
2026-08-27T14:10:34Z,219000809,54.884287,11.483227,0.2,Under way using engine
2026-08-27T14:10:34Z,219002177,54.935962,11.371995,0.0,Under way using engine
2026-08-27T14:10:50Z,219000811,54.838732,11.491823,0.0,Under way using engine
2026-08-27T14:11:04Z,219002177,54.935960,11.371990,0.0,Under way using engine
2026-08-27T14:11:13Z,219000809,54.884310,11.483202,0.0,Under way using engine
2026-08-27T14:11:29Z,219000811,54.838732,11.491817,0.0,Under way using engine
2026-08-27T14:11:34Z,219002177,54.935960,11.371977,0.0,Under way using engine
2026-08-27T14:11:44Z,219000809,54.884308,11.483203,0.0,Under way using engine
2026-08-27T14:11:59Z,219000811,54.838733,11.491813,0.0,Under way using engine
2026-08-27T14:12:04Z,219002177,54.935948,11.371962,0.0,Under way using engine
2026-08-27T14:12:24Z,219000809,54.884307,11.483217,0.0,Under way using engine
2026-08-27T14:12:29Z,219000811,54.838735,11.491813,0.0,Under way using engine
2026-08-27T14:12:34Z,219002177,54.935953,11.371968,0.0,Under way using engine
2026-08-27T14:12:54Z,219000809,54.884308,11.483218,0.0,Under way using engine
2026-08-27T14:12:59Z,219000811,54.838737,11.491813,0.0,Under way using engine
2026-08-27T14:13:05Z,219002177,54.935953,11.371972,0.0,Under way using engine
2026-08-27T14:13:24Z,219000809,54.884305,11.483212,0.0,Under way using engine
2026-08-27T14:13:29Z,219000811,54.838738,11.491815,0.0,Under way using engine
2026-08-27T14:13:44Z,219002177,54.935957,11.371985,0.0,Under way using engine
2026-08-27T14:13:54Z,219000809,54.884307,11.483197,0.1,Under way using engine
2026-08-27T14:13:59Z,219000811,54.838737,11.491813,0.0,Under way using engine
2026-08-27T14:14:14Z,219002177,54.935960,11.371988,0.0,Under way using engine
2026-08-27T14:14:24Z,219000809,54.884315,11.483212,0.0,Under way using engine
2026-08-27T14:14:29Z,219000811,54.838738,11.491812,0.0,Under way using engine
2026-08-27T14:14:44Z,219002177,54.935963,11.371985,0.0,Under way using engine
2026-08-27T14:14:54Z,219000809,54.884318,11.483215,0.0,Under way using engine
2026-08-27T14:14:59Z,219000811,54.838740,11.491808,0.0,Under way using engine
2026-08-27T14:15:14Z,219002177,54.935962,11.371972,0.0,Under way using engine
2026-08-27T14:15:24Z,219000809,54.884315,11.483215,0.0,Under way using engine
2026-08-27T14:15:29Z,219000811,54.838740,11.491807,0.0,Under way using engine
2026-08-27T14:15:44Z,219002177,54.935963,11.371973,0.0,Under way using engine
2026-08-27T14:15:54Z,219000809,54.884317,11.483225,0.0,Under way using engine
2026-08-27T14:15:59Z,219000811,54.838742,11.491808,0.0,Under way using engine
2026-08-27T14:16:14Z,219002177,54.935970,11.371973,0.0,Under way using engine
2026-08-27T14:16:25Z,219000809,54.884312,11.483228,0.0,Under way using engine
2026-08-27T14:16:29Z,219000811,54.838742,11.491810,0.0,Under way using engine
2026-08-27T14:16:44Z,219002177,54.935855,11.371883,1.4,Under way using engine
2026-08-27T14:16:59Z,219000811,54.838743,11.491812,0.0,Under way using engine
2026-08-27T14:17:04Z,219000809,54.884323,11.483218,0.0,Under way using engine
2026-08-27T14:17:14Z,219002177,54.935537,11.371635,2.9,Under way using engine
2026-08-27T14:17:29Z,219000811,54.838742,11.491815,0.0,Under way using engine
2026-08-27T14:17:43Z,219000809,54.884308,11.483228,0.0,Under way using engine
2026-08-27T14:17:44Z,219002177,54.935122,11.371122,4.0,Under way using engine
2026-08-27T14:17:59Z,219000811,54.838742,11.491817,0.0,Under way using engine
2026-08-27T14:18:13Z,219000809,54.884320,11.483220,0.0,Under way using engine
2026-08-27T14:18:14Z,219002177,54.934615,11.370648,4.3,Under way using engine
2026-08-27T14:18:29Z,219000811,54.838743,11.491815,0.0,Under way using engine
2026-08-27T14:18:43Z,219000809,54.884320,11.483227,0.0,Under way using engine
2026-08-27T14:18:44Z,219002177,54.933897,11.370543,5.6,Under way using engine
2026-08-27T14:18:59Z,219000811,54.838743,11.491815,0.0,Under way using engine
2026-08-27T14:19:13Z,219000809,54.884320,11.483213,0.0,Under way using engine
2026-08-27T14:19:23Z,219002177,54.932745,11.370515,6.8,Under way using engine
2026-08-27T14:19:29Z,219000811,54.838742,11.491815,0.0,Under way using engine
2026-08-27T14:19:43Z,219000809,54.884310,11.483223,0.0,Under way using engine
2026-08-27T14:19:54Z,219002177,54.931725,11.370498,7.2,Under way using engine
2026-08-27T14:19:59Z,219000811,54.838742,11.491813,0.0,Under way using engine
2026-08-27T14:20:13Z,219000809,54.884312,11.483220,0.0,Under way using engine
2026-08-27T14:20:24Z,219002177,54.930708,11.370522,7.3,Under way using engine
2026-08-27T14:20:29Z,219000811,54.838743,11.491817,0.0,Under way using engine
2026-08-27T14:20:43Z,219000809,54.884300,11.483215,0.2,Under way using engine
2026-08-27T14:20:54Z,219002177,54.929693,11.370495,7.4,Under way using engine
2026-08-27T14:20:59Z,219000811,54.838742,11.491818,0.0,Under way using engine
2026-08-27T14:21:13Z,219000809,54.883865,11.483277,4.2,Under way using engine
2026-08-27T14:21:24Z,219002177,54.928673,11.370475,7.3,Under way using engine
2026-08-27T14:21:29Z,219000811,54.838740,11.491822,0.0,Under way using engine
2026-08-27T14:21:43Z,219000809,54.883287,11.483375,3.4,Under way using engine
2026-08-27T14:21:54Z,219002177,54.927680,11.370582,7.2,Under way using engine
2026-08-27T14:21:59Z,219000811,54.838738,11.491822,0.0,Under way using engine
2026-08-27T14:22:13Z,219000809,54.882947,11.483045,4.3,Under way using engine
2026-08-27T14:22:24Z,219002177,54.926695,11.370622,7.1,Under way using engine
2026-08-27T14:22:29Z,219000811,54.838738,11.491822,0.0,Under way using engine
2026-08-27T14:22:43Z,219000809,54.882043,11.482155,8.3,Under way using engine
2026-08-27T14:22:54Z,219002177,54.925710,11.370683,7.1,Under way using engine
2026-08-27T14:22:59Z,219000811,54.838737,11.491820,0.0,Under way using engine
2026-08-27T14:23:13Z,219000809,54.881010,11.480903,9.4,Under way using engine
2026-08-27T14:23:24Z,219002177,54.924743,11.370745,7.0,Under way using engine
2026-08-27T14:23:29Z,219000811,54.838738,11.491823,0.0,Under way using engine
2026-08-27T14:23:43Z,219000809,54.880145,11.479168,9.7,Under way using engine
2026-08-27T14:23:54Z,219002177,54.923785,11.370813,6.9,Under way using engine
2026-08-27T14:23:59Z,219000811,54.838740,11.491825,0.0,Under way using engine
2026-08-27T14:24:14Z,219000809,54.879873,11.476895,9.3,Under way using engine
2026-08-27T14:24:24Z,219002177,54.922820,11.370865,6.9,Under way using engine
2026-08-27T14:24:40Z,219000811,54.838740,11.491825,0.0,Under way using engine
2026-08-27T14:24:47Z,219000809,54.880310,11.474518,9.5,Under way using engine
2026-08-27T14:24:54Z,219002177,54.921882,11.370915,6.8,Under way using engine
2026-08-27T14:25:19Z,219000811,54.838738,11.491825,0.0,Under way using engine
2026-08-27T14:25:24Z,219000809,54.880833,11.471875,9.4,Under way using engine
2026-08-27T14:25:24Z,219002177,54.920960,11.371000,6.6,Under way using engine
2026-08-27T14:25:49Z,219000811,54.838737,11.491825,0.0,Under way using engine
2026-08-27T14:25:54Z,219000809,54.881238,11.469773,9.5,Under way using engine
2026-08-27T14:25:54Z,219002177,54.920032,11.371128,6.6,Under way using engine
2026-08-27T14:26:19Z,219000811,54.838733,11.491827,0.0,Under way using engine
2026-08-27T14:26:24Z,219000809,54.881735,11.467622,9.5,Under way using engine
2026-08-27T14:26:24Z,219002177,54.919117,11.371217,6.7,Under way using engine
2026-08-27T14:26:49Z,219000811,54.838730,11.491827,0.0,Under way using engine
2026-08-27T14:26:54Z,219000809,54.882360,11.465650,9.6,Under way using engine
2026-08-27T14:26:54Z,219002177,54.918210,11.371362,6.8,Under way using engine
2026-08-27T14:27:19Z,219000811,54.838730,11.491825,0.0,Under way using engine
2026-08-27T14:27:24Z,219000809,54.883117,11.463698,9.6,Under way using engine
2026-08-27T14:27:24Z,219002177,54.917277,11.371345,6.3,Under way using engine
2026-08-27T14:27:49Z,219000811,54.838728,11.491823,0.0,Under way using engine
2026-08-27T14:27:54Z,219000809,54.884037,11.462078,9.6,Under way using engine
2026-08-27T14:27:54Z,219002177,54.916822,11.370207,6.2,Under way using engine
2026-08-27T14:28:19Z,219000811,54.838728,11.491820,0.0,Under way using engine
2026-08-27T14:28:24Z,219000809,54.885047,11.460558,9.6,Under way using engine
2026-08-27T14:28:25Z,219002177,54.916680,11.368407,7.3,Under way using engine
2026-08-27T14:28:49Z,219000811,54.838730,11.491817,0.0,Under way using engine
2026-08-27T14:28:54Z,219000809,54.886072,11.459048,9.7,Under way using engine
2026-08-27T14:29:04Z,219002177,54.916498,11.366042,7.6,Under way using engine
2026-08-27T14:29:19Z,219000811,54.838730,11.491813,0.0,Under way using engine
2026-08-27T14:29:24Z,219000809,54.887045,11.457592,9.0,Under way using engine
2026-08-27T14:29:44Z,219002177,54.916370,11.363815,6.7,Under way using engine
2026-08-27T14:29:49Z,219000811,54.838728,11.491810,0.0,Under way using engine
2026-08-27T14:29:54Z,219000809,54.887890,11.456077,8.6,Under way using engine
2026-08-27T14:30:15Z,219002177,54.916350,11.362353,5.6,Under way using engine
2026-08-27T14:30:19Z,219000811,54.838727,11.491807,0.0,Under way using engine
2026-08-27T14:30:24Z,219000809,54.888513,11.454220,8.7,Under way using engine
2026-08-27T14:30:49Z,219000811,54.838723,11.491805,0.0,Under way using engine
2026-08-27T14:30:54Z,219000809,54.889167,11.452530,8.8,Under way using engine
2026-08-27T14:30:54Z,219002177,54.916358,11.361035,3.2,Under way using engine
2026-08-27T14:31:19Z,219000811,54.838725,11.491805,0.0,Under way using engine
2026-08-27T14:31:24Z,219000809,54.889923,11.450787,8.9,Under way using engine
2026-08-27T14:31:25Z,219002177,54.916348,11.360625,1.0,Under way using engine
2026-08-27T14:31:50Z,219000811,54.838727,11.491808,0.0,Under way using engine
2026-08-27T14:31:55Z,219000809,54.890613,11.449052,8.7,Under way using engine
2026-08-27T14:32:04Z,219002177,54.916350,11.360563,0.0,Under way using engine
2026-08-27T14:32:25Z,219000809,54.891288,11.447348,8.5,Under way using engine
2026-08-27T14:32:29Z,219000811,54.838728,11.491812,0.0,Under way using engine
2026-08-27T14:32:44Z,219002177,54.916348,11.360563,0.0,Under way using engine
2026-08-27T14:32:55Z,219000809,54.891935,11.445653,8.5,Under way using engine
2026-08-27T14:32:59Z,219000811,54.838730,11.491813,0.0,Under way using engine
2026-08-27T14:33:15Z,219002177,54.916357,11.360567,0.0,Under way using engine
2026-08-27T14:33:25Z,219000809,54.892595,11.443958,8.5,Under way using engine
2026-08-27T14:33:30Z,219000811,54.838730,11.491815,0.0,Under way using engine
2026-08-27T14:33:54Z,219002177,54.916355,11.360553,0.0,Under way using engine
2026-08-27T14:33:55Z,219000809,54.893232,11.442230,8.5,Under way using engine
2026-08-27T14:34:09Z,219000811,54.838728,11.491815,0.0,Under way using engine
2026-08-27T14:34:25Z,219000809,54.893848,11.440505,8.4,Under way using engine
2026-08-27T14:34:34Z,219002177,54.916348,11.360548,0.0,Under way using engine
2026-08-27T14:34:40Z,219000811,54.838728,11.491817,0.0,Under way using engine
2026-08-27T14:34:55Z,219000809,54.894483,11.438822,8.4,Under way using engine
2026-08-27T14:35:04Z,219002177,54.916348,11.360545,0.0,Under way using engine
2026-08-27T14:35:19Z,219000811,54.838732,11.491822,0.0,Under way using engine
2026-08-27T14:35:25Z,219000809,54.895112,11.437123,8.4,Under way using engine
2026-08-27T14:35:34Z,219002177,54.916343,11.360548,0.0,Under way using engine
2026-08-27T14:35:49Z,219000811,54.838732,11.491827,0.0,Under way using engine
2026-08-27T14:35:55Z,219000809,54.895772,11.435470,8.3,Under way using engine
2026-08-27T14:36:04Z,219002177,54.916343,11.360555,0.0,Under way using engine
2026-08-27T14:36:19Z,219000811,54.838735,11.491827,0.0,Under way using engine
2026-08-27T14:36:34Z,219000809,54.896585,11.433265,8.3,Under way using engine
2026-08-27T14:36:34Z,219002177,54.916345,11.360563,0.0,Under way using engine
2026-08-27T14:36:49Z,219000811,54.838737,11.491827,0.0,Under way using engine
2026-08-27T14:37:04Z,219002177,54.916338,11.360560,0.0,Under way using engine
2026-08-27T14:37:14Z,219000809,54.897403,11.431027,8.2,Under way using engine
2026-08-27T14:37:19Z,219000811,54.838737,11.491827,0.0,Under way using engine
2026-08-27T14:37:34Z,219002177,54.916343,11.360558,0.0,Under way using engine
2026-08-27T14:37:49Z,219000811,54.838738,11.491825,0.0,Under way using engine
2026-08-27T14:37:54Z,219000809,54.898178,11.428778,8.2,Under way using engine
2026-08-27T14:38:04Z,219002177,54.916352,11.360548,0.0,Under way using engine
2026-08-27T14:38:19Z,219000811,54.838738,11.491823,0.0,Under way using engine
2026-08-27T14:38:24Z,219000809,54.898783,11.427103,8.2,Under way using engine
2026-08-27T14:38:34Z,219002177,54.916355,11.360547,0.0,Under way using engine
2026-08-27T14:38:49Z,219000811,54.838737,11.491820,0.0,Under way using engine
2026-08-27T14:38:54Z,219000809,54.899418,11.425453,8.2,Under way using engine
2026-08-27T14:39:04Z,219002177,54.916355,11.360545,0.0,Under way using engine
2026-08-27T14:39:19Z,219000811,54.838738,11.491820,0.0,Under way using engine
2026-08-27T14:39:24Z,219000809,54.900030,11.423817,8.2,Under way using engine
2026-08-27T14:39:34Z,219002177,54.916353,11.360552,0.0,Under way using engine
2026-08-27T14:39:49Z,219000811,54.838738,11.491822,0.0,Under way using engine
2026-08-27T14:39:54Z,219000809,54.900545,11.422072,8.2,Under way using engine
2026-08-27T14:40:04Z,219002177,54.916352,11.360550,0.0,Under way using engine
2026-08-27T14:40:19Z,219000811,54.838737,11.491820,0.0,Under way using engine
2026-08-27T14:40:24Z,219000809,54.900990,11.420245,8.3,Under way using engine
2026-08-27T14:40:34Z,219002177,54.916348,11.360550,0.0,Under way using engine
2026-08-27T14:40:49Z,219000811,54.838737,11.491820,0.0,Under way using engine
2026-08-27T14:40:54Z,219000809,54.901442,11.418410,8.3,Under way using engine
2026-08-27T14:41:04Z,219002177,54.916347,11.360552,0.0,Under way using engine
2026-08-27T14:41:19Z,219000811,54.838742,11.491825,0.0,Under way using engine
2026-08-27T14:41:24Z,219000809,54.901895,11.416575,8.3,Under way using engine
2026-08-27T14:41:34Z,219002177,54.916343,11.360562,0.0,Under way using engine
2026-08-27T14:41:49Z,219000811,54.838742,11.491823,0.0,Under way using engine
2026-08-27T14:41:54Z,219000809,54.902353,11.414718,8.4,Under way using engine
2026-08-27T14:42:04Z,219002177,54.916348,11.360562,0.0,Under way using engine
2026-08-27T14:42:19Z,219000811,54.838740,11.491823,0.1,Under way using engine
2026-08-27T14:42:24Z,219000809,54.902808,11.412843,8.4,Under way using engine
2026-08-27T14:42:34Z,219002177,54.916350,11.360565,0.0,Under way using engine
2026-08-27T14:42:49Z,219000811,54.838738,11.491825,0.0,Under way using engine
2026-08-27T14:42:54Z,219000809,54.903217,11.410953,8.4,Under way using engine
2026-08-27T14:43:04Z,219002177,54.916352,11.360563,0.0,Under way using engine
2026-08-27T14:43:19Z,219000811,54.838738,11.491825,0.1,Under way using engine
2026-08-27T14:43:24Z,219000809,54.903552,11.409005,8.5,Under way using engine
2026-08-27T14:43:34Z,219002177,54.916350,11.360560,0.0,Under way using engine
2026-08-27T14:43:50Z,219000811,54.838742,11.491830,0.0,Under way using engine
2026-08-27T14:43:54Z,219000809,54.903903,11.407067,8.4,Under way using engine
2026-08-27T14:44:04Z,219002177,54.916343,11.360562,0.0,Under way using engine
2026-08-27T14:44:24Z,219000809,54.904257,11.405137,8.4,Under way using engine
2026-08-27T14:44:30Z,219000811,54.838742,11.491830,0.0,Under way using engine
2026-08-27T14:44:44Z,219002177,54.916343,11.360553,0.0,Under way using engine
2026-08-27T14:44:54Z,219000809,54.904587,11.403202,8.4,Under way using engine
2026-08-27T14:45:10Z,219000811,54.838740,11.491828,0.0,Under way using engine
2026-08-27T14:45:24Z,219000809,54.904943,11.401280,8.4,Under way using engine
2026-08-27T14:45:25Z,219002177,54.916343,11.360545,0.0,Under way using engine
2026-08-27T14:45:40Z,219000811,54.838740,11.491828,0.0,Under way using engine
2026-08-27T14:46:03Z,219000809,54.905390,11.398763,8.5,Under way using engine
2026-08-27T14:46:04Z,219002177,54.916340,11.360550,0.0,Under way using engine
2026-08-27T14:46:10Z,219000811,54.838743,11.491832,0.0,Under way using engine
2026-08-27T14:46:33Z,219000809,54.905753,11.396822,8.5,Under way using engine
2026-08-27T14:46:40Z,219000811,54.838745,11.491837,0.0,Under way using engine
2026-08-27T14:46:45Z,219002177,54.916345,11.360550,0.0,Under way using engine
2026-08-27T14:47:03Z,219000809,54.906140,11.394908,8.4,Under way using engine
2026-08-27T14:47:10Z,219000811,54.838745,11.491837,0.0,Under way using engine
2026-08-27T14:47:23Z,219002177,54.916348,11.360560,0.0,Under way using engine
2026-08-27T14:47:33Z,219000809,54.906798,11.393310,8.2,Under way using engine
2026-08-27T14:47:40Z,219000811,54.838747,11.491833,0.0,Under way using engine
2026-08-27T14:47:54Z,219002177,54.916340,11.360560,0.0,Under way using engine
2026-08-27T14:48:03Z,219000809,54.907570,11.391867,8.0,Under way using engine
2026-08-27T14:48:10Z,219000811,54.838747,11.491835,0.0,Under way using engine
2026-08-27T14:48:33Z,219000809,54.908265,11.390563,7.2,Under way using engine
2026-08-27T14:48:40Z,219000811,54.838748,11.491833,0.1,Under way using engine
2026-08-27T14:48:45Z,219002177,54.916350,11.360555,0.0,Under way using engine
2026-08-27T14:49:03Z,219000809,54.908925,11.389302,7.0,Under way using engine
2026-08-27T14:49:10Z,219000811,54.838750,11.491832,0.1,Under way using engine
2026-08-27T14:49:23Z,219002177,54.916357,11.360562,0.0,Under way using engine
2026-08-27T14:49:33Z,219000809,54.909605,11.388078,7.0,Under way using engine
2026-08-27T14:49:40Z,219000811,54.838750,11.491828,0.1,Under way using engine
2026-08-27T14:49:53Z,219002177,54.916343,11.360565,0.0,Under way using engine
2026-08-27T14:50:03Z,219000809,54.910268,11.386840,7.1,Under way using engine
2026-08-27T14:50:10Z,219000811,54.838750,11.491830,0.1,Under way using engine
2026-08-27T14:50:23Z,219002177,54.916347,11.360637,0.6,Under way using engine
2026-08-27T14:50:33Z,219000809,54.910958,11.385615,7.1,Under way using engine
2026-08-27T14:50:49Z,219000811,54.838750,11.491827,0.1,Under way using engine
2026-08-27T14:50:53Z,219002177,54.916282,11.361012,2.2,Under way using engine
2026-08-27T14:51:04Z,219000809,54.911675,11.384373,7.1,Under way using engine
2026-08-27T14:51:19Z,219000811,54.838747,11.491828,0.0,Under way using engine
2026-08-27T14:51:23Z,219002177,54.916175,11.361628,2.9,Under way using engine
2026-08-27T14:51:34Z,219000809,54.912310,11.383062,7.1,Under way using engine
2026-08-27T14:51:49Z,219000811,54.838745,11.491827,0.0,Under way using engine
2026-08-27T14:51:53Z,219002177,54.916232,11.362417,3.5,Under way using engine
2026-08-27T14:52:04Z,219000809,54.912892,11.381665,7.2,Under way using engine
2026-08-27T14:52:19Z,219000811,54.838745,11.491830,0.0,Under way using engine
2026-08-27T14:52:23Z,219002177,54.916335,11.363325,4.0,Under way using engine
2026-08-27T14:52:34Z,219000809,54.913452,11.380233,7.2,Under way using engine
2026-08-27T14:52:49Z,219000811,54.838745,11.491832,0.0,Under way using engine
2026-08-27T14:52:54Z,219002177,54.916387,11.364405,4.4,Under way using engine
2026-08-27T14:53:04Z,219000809,54.913940,11.378822,6.7,Under way using engine
2026-08-27T14:53:19Z,219000811,54.838743,11.491832,0.0,Under way using engine
2026-08-27T14:53:34Z,219000809,54.914393,11.377580,5.8,Under way using engine
2026-08-27T14:53:34Z,219002177,54.916503,11.365882,4.8,Under way using engine
2026-08-27T14:53:49Z,219000811,54.838742,11.491828,0.0,Under way using engine
2026-08-27T14:54:04Z,219000809,54.914802,11.376477,5.4,Under way using engine
2026-08-27T14:54:04Z,219002177,54.916610,11.367032,4.9,Under way using engine
2026-08-27T14:54:19Z,219000811,54.838740,11.491822,0.0,Under way using engine
2026-08-27T14:54:34Z,219000809,54.915168,11.375398,5.1,Under way using engine
2026-08-27T14:54:34Z,219002177,54.916708,11.368232,5.1,Under way using engine
2026-08-27T14:54:49Z,219000811,54.838738,11.491818,0.0,Under way using engine
2026-08-27T14:55:04Z,219000809,54.915553,11.374342,5.2,Under way using engine
2026-08-27T14:55:04Z,219002177,54.916867,11.369468,5.3,Under way using engine
2026-08-27T14:55:19Z,219000811,54.838735,11.491815,0.0,Under way using engine
2026-08-27T14:55:34Z,219000809,54.915938,11.372985,7.2,Under way using engine
2026-08-27T14:55:34Z,219002177,54.917058,11.370702,5.1,Under way using engine
2026-08-27T14:55:49Z,219000811,54.838733,11.491810,0.1,Under way using engine
2026-08-27T14:56:04Z,219000809,54.916387,11.371033,8.9,Under way using engine
2026-08-27T14:56:04Z,219002177,54.917640,11.371178,5.0,Under way using engine
2026-08-27T14:56:19Z,219000811,54.838735,11.491808,0.0,Under way using engine
2026-08-27T14:56:34Z,219000809,54.916623,11.368805,9.6,Under way using engine
2026-08-27T14:56:34Z,219002177,54.918443,11.371230,6.1,Under way using engine
2026-08-27T14:56:50Z,219000811,54.838735,11.491808,0.0,Under way using engine
2026-08-27T14:57:04Z,219000809,54.916528,11.366500,9.5,Under way using engine
2026-08-27T14:57:04Z,219002177,54.919337,11.371338,6.7,Under way using engine
2026-08-27T14:57:30Z,219000811,54.838735,11.491803,0.0,Under way using engine
2026-08-27T14:57:34Z,219002177,54.920315,11.371275,7.2,Under way using engine
2026-08-27T14:57:41Z,219000809,54.916392,11.364322,9.5,Under way using engine
2026-08-27T14:58:09Z,219000811,54.838738,11.491800,0.0,Under way using engine
2026-08-27T14:58:14Z,219000809,54.916225,11.361747,7.1,Under way using engine
2026-08-27T14:58:15Z,219002177,54.921712,11.371150,7.8,Under way using engine
2026-08-27T14:58:39Z,219000811,54.838738,11.491798,0.0,Under way using engine
2026-08-27T14:58:47Z,219000809,54.915945,11.360532,3.5,Under way using engine
2026-08-27T14:58:55Z,219002177,54.923233,11.370927,8.2,Under way using engine
2026-08-27T14:59:09Z,219000811,54.838742,11.491797,0.0,Under way using engine
2026-08-27T14:59:17Z,219000809,54.915962,11.360427,1.2,Under way using engine
2026-08-27T14:59:25Z,219002177,54.924363,11.370760,8.3,Under way using engine
2026-08-27T14:59:39Z,219000811,54.838743,11.491798,0.0,Under way using engine
2026-08-27T14:59:47Z,219000809,54.916047,11.360177,0.9,Under way using engine
2026-08-27T14:59:55Z,219002177,54.925512,11.370563,8.3,Under way using engine
2026-08-27T15:00:09Z,219000811,54.838745,11.491802,0.0,Under way using engine
2026-08-27T15:00:21Z,219000809,54.916053,11.360047,0.4,Under way using engine
2026-08-27T15:00:25Z,219002177,54.926648,11.370372,8.3,Under way using engine
2026-08-27T15:00:39Z,219000811,54.838743,11.491803,0.0,Under way using engine
2026-08-27T15:00:55Z,219000809,54.916055,11.360033,0.0,Under way using engine
2026-08-27T15:00:55Z,219002177,54.927758,11.370145,8.3,Under way using engine
2026-08-27T15:01:10Z,219000811,54.838743,11.491807,0.0,Under way using engine
2026-08-27T15:01:25Z,219002177,54.928942,11.369917,8.3,Under way using engine
2026-08-27T15:01:33Z,219000809,54.916062,11.360040,0.0,Under way using engine
2026-08-27T15:01:50Z,219000811,54.838743,11.491815,0.1,Under way using engine
2026-08-27T15:01:55Z,219002177,54.930087,11.369803,8.2,Under way using engine
2026-08-27T15:02:05Z,219000809,54.916062,11.360043,0.0,Under way using engine
2026-08-27T15:02:20Z,219000811,54.838740,11.491820,0.1,Under way using engine
2026-08-27T15:02:25Z,219002177,54.931203,11.369753,8.1,Under way using engine
2026-08-27T15:02:44Z,219000809,54.916063,11.360038,0.0,Under way using engine
2026-08-27T15:02:50Z,219000811,54.838738,11.491822,0.0,Under way using engine
2026-08-27T15:02:55Z,219002177,54.932315,11.369752,7.9,Under way using engine
2026-08-27T15:03:20Z,219000811,54.838738,11.491825,0.0,Under way using engine
2026-08-27T15:03:24Z,219000809,54.916075,11.360045,0.0,Under way using engine
2026-08-27T15:03:25Z,219002177,54.933360,11.370100,7.6,Under way using engine
2026-08-27T15:03:50Z,219000811,54.838738,11.491823,0.0,Under way using engine
2026-08-27T15:03:54Z,219000809,54.916063,11.360053,0.0,Under way using engine
2026-08-27T15:03:55Z,219002177,54.934258,11.370642,6.5,Under way using engine
2026-08-27T15:04:20Z,219000811,54.838740,11.491827,0.0,Under way using engine
2026-08-27T15:04:24Z,219000809,54.916052,11.360063,0.0,Under way using engine
2026-08-27T15:04:33Z,219002177,54.935132,11.371310,4.9,Under way using engine
2026-08-27T15:04:54Z,219000809,54.916053,11.360065,0.0,Under way using engine
2026-08-27T15:04:59Z,219000811,54.838740,11.491825,0.1,Under way using engine
2026-08-27T15:05:05Z,219002177,54.935612,11.371667,2.5,Under way using engine
2026-08-27T15:05:24Z,219000809,54.916057,11.360068,0.0,Under way using engine
2026-08-27T15:05:29Z,219000811,54.838738,11.491820,0.1,Under way using engine
2026-08-27T15:05:45Z,219002177,54.935825,11.371865,1.0,Under way using engine
2026-08-27T15:05:54Z,219000809,54.916070,11.360062,0.0,Under way using engine
2026-08-27T15:05:59Z,219000811,54.838738,11.491820,0.0,Under way using engine
2026-08-27T15:06:23Z,219002177,54.935932,11.371965,0.6,Under way using engine
2026-08-27T15:06:24Z,219000809,54.916072,11.360052,0.0,Under way using engine
2026-08-27T15:06:29Z,219000811,54.838738,11.491820,0.0,Under way using engine
2026-08-27T15:06:54Z,219000809,54.916075,11.360055,0.0,Under way using engine
2026-08-27T15:06:55Z,219002177,54.935955,11.371993,0.0,Under way using engine
2026-08-27T15:06:59Z,219000811,54.838738,11.491825,0.0,Under way using engine
2026-08-27T15:07:24Z,219000809,54.916072,11.360060,0.0,Under way using engine
2026-08-27T15:07:30Z,219000811,54.838737,11.491827,0.0,Under way using engine
2026-08-27T15:07:33Z,219002177,54.935935,11.371997,0.0,Under way using engine
2026-08-27T15:07:54Z,219000809,54.916065,11.360060,0.0,Under way using engine
2026-08-27T15:08:05Z,219002177,54.935955,11.371998,0.0,Under way using engine
2026-08-27T15:08:09Z,219000811,54.838733,11.491828,0.0,Under way using engine
2026-08-27T15:08:24Z,219000809,54.916065,11.360043,0.0,Under way using engine
2026-08-27T15:08:39Z,219000811,54.838732,11.491825,0.1,Under way using engine
2026-08-27T15:08:45Z,219002177,54.935940,11.372012,0.0,Under way using engine
2026-08-27T15:08:54Z,219000809,54.916070,11.360050,0.0,Under way using engine
2026-08-27T15:09:15Z,219002177,54.935955,11.371980,0.0,Under way using engine
2026-08-27T15:09:20Z,219000811,54.838732,11.491825,0.0,Under way using engine
2026-08-27T15:09:24Z,219000809,54.916073,11.360057,0.0,Under way using engine
2026-08-27T15:09:45Z,219002177,54.935943,11.371992,0.0,Under way using engine
2026-08-27T15:09:59Z,219000811,54.838728,11.491825,0.0,Under way using engine
2026-08-27T15:10:03Z,219000809,54.916070,11.360060,0.0,Under way using engine
2026-08-27T15:10:15Z,219002177,54.935942,11.371983,0.0,Under way using engine
2026-08-27T15:10:30Z,219000811,54.838728,11.491827,0.0,Under way using engine
2026-08-27T15:10:34Z,219000809,54.916065,11.360067,0.0,Under way using engine
2026-08-27T15:10:45Z,219002177,54.935943,11.371988,0.0,Under way using engine
2026-08-27T15:11:08Z,219000811,54.838727,11.491830,0.0,Under way using engine
2026-08-27T15:11:14Z,219000809,54.916077,11.360068,0.0,Under way using engine
2026-08-27T15:11:15Z,219002177,54.935952,11.371975,0.0,Under way using engine
2026-08-27T15:11:39Z,219000811,54.838725,11.491828,0.0,Under way using engine
2026-08-27T15:11:45Z,219002177,54.935945,11.371988,0.0,Under way using engine
2026-08-27T15:11:53Z,219000809,54.916085,11.360058,0.0,Under way using engine
2026-08-27T15:12:15Z,219002177,54.935962,11.371993,0.0,Under way using engine
2026-08-27T15:12:20Z,219000811,54.838725,11.491823,0.0,Under way using engine
2026-08-27T15:12:24Z,219000809,54.916072,11.360043,0.0,Under way using engine
2026-08-27T15:12:45Z,219002177,54.935955,11.372000,0.0,Under way using engine
2026-08-27T15:12:59Z,219000811,54.838727,11.491828,0.0,Under way using engine
2026-08-27T15:13:03Z,219000809,54.916063,11.360062,0.0,Under way using engine
2026-08-27T15:13:15Z,219002177,54.935963,11.371988,0.0,Under way using engine
2026-08-27T15:13:30Z,219000811,54.838727,11.491830,0.0,Under way using engine
2026-08-27T15:13:34Z,219000809,54.916052,11.360050,0.1,Under way using engine
2026-08-27T15:13:54Z,219002177,54.935942,11.371992,0.0,Under way using engine
2026-08-27T15:14:00Z,219000811,54.838728,11.491830,0.0,Under way using engine
2026-08-27T15:14:07Z,219000809,54.916063,11.360785,4.7,Under way using engine
2026-08-27T15:14:24Z,219002177,54.935942,11.371997,0.0,Under way using engine
2026-08-27T15:14:30Z,219000811,54.838727,11.491828,0.0,Under way using engine
2026-08-27T15:14:37Z,219000809,54.916238,11.362337,7.1,Under way using engine
2026-08-27T15:14:54Z,219002177,54.935942,11.371995,0.0,Under way using engine
2026-08-27T15:15:00Z,219000811,54.838725,11.491828,0.0,Under way using engine
2026-08-27T15:15:14Z,219000809,54.916437,11.364567,7.7,Under way using engine
2026-08-27T15:15:30Z,219000811,54.838728,11.491827,0.0,Under way using engine
2026-08-27T15:15:35Z,219002177,54.935935,11.372028,0.0,Under way using engine
2026-08-27T15:15:54Z,219000809,54.916647,11.367075,8.0,Under way using engine
2026-08-27T15:16:00Z,219000811,54.838727,11.491825,0.0,Under way using engine
2026-08-27T15:16:14Z,219002177,54.935870,11.371933,1.1,Under way using engine
2026-08-27T15:16:24Z,219000809,54.916773,11.369005,8.0,Under way using engine
2026-08-27T15:16:30Z,219000811,54.838725,11.491825,0.0,Under way using engine
2026-08-27T15:16:44Z,219002177,54.935603,11.371733,2.5,Under way using engine
2026-08-27T15:16:54Z,219000809,54.916802,11.370913,7.9,Under way using engine
2026-08-27T15:17:00Z,219000811,54.838725,11.491825,0.0,Under way using engine
2026-08-27T15:17:14Z,219002177,54.935177,11.371322,4.1,Under way using engine
2026-08-27T15:17:24Z,219000809,54.916513,11.372538,6.5,Under way using engine
2026-08-27T15:17:30Z,219000811,54.838725,11.491828,0.0,Under way using engine
2026-08-27T15:17:44Z,219002177,54.934665,11.370670,4.5,Under way using engine
2026-08-27T15:17:54Z,219000809,54.916082,11.374080,7.3,Under way using engine
2026-08-27T15:18:00Z,219000811,54.838725,11.491833,0.0,Under way using engine
2026-08-27T15:18:14Z,219002177,54.933993,11.370572,5.2,Under way using engine
2026-08-27T15:18:24Z,219000809,54.915592,11.375483,6.9,Under way using engine
2026-08-27T15:18:30Z,219000811,54.838722,11.491827,0.0,Under way using engine
2026-08-27T15:18:44Z,219002177,54.933188,11.370560,6.1,Under way using engine
2026-08-27T15:18:54Z,219000809,54.914938,11.376963,8.0,Under way using engine
2026-08-27T15:19:00Z,219000811,54.838717,11.491827,0.0,Under way using engine
2026-08-27T15:19:14Z,219002177,54.932333,11.370553,6.5,Under way using engine
2026-08-27T15:19:24Z,219000809,54.914312,11.378605,8.2,Under way using engine
2026-08-27T15:19:40Z,219000811,54.838717,11.491830,0.0,Under way using engine
2026-08-27T15:19:44Z,219002177,54.931373,11.370500,6.7,Under way using engine
2026-08-27T15:19:54Z,219000809,54.913655,11.380243,8.3,Under way using engine
2026-08-27T15:20:14Z,219002177,54.930478,11.370565,6.8,Under way using engine
2026-08-27T15:20:19Z,219000811,54.838720,11.491833,0.0,Under way using engine
2026-08-27T15:20:24Z,219000809,54.912997,11.381878,8.2,Under way using engine
2026-08-27T15:20:44Z,219002177,54.929505,11.370618,6.8,Under way using engine
2026-08-27T15:20:49Z,219000811,54.838723,11.491830,0.0,Under way using engine
2026-08-27T15:20:54Z,219000809,54.912340,11.383460,8.1,Under way using engine
2026-08-27T15:21:14Z,219002177,54.928585,11.370630,6.8,Under way using engine
2026-08-27T15:21:19Z,219000811,54.838727,11.491830,0.0,Under way using engine
2026-08-27T15:21:24Z,219000809,54.911673,11.385072,8.2,Under way using engine
2026-08-27T15:21:44Z,219002177,54.927632,11.370662,6.7,Under way using engine
2026-08-27T15:21:49Z,219000811,54.838723,11.491828,0.0,Under way using engine
2026-08-27T15:21:54Z,219000809,54.911000,11.386662,8.2,Under way using engine
2026-08-27T15:22:14Z,219002177,54.926733,11.370685,6.7,Under way using engine
2026-08-27T15:22:19Z,219000811,54.838723,11.491823,0.0,Under way using engine
2026-08-27T15:22:34Z,219000809,54.910073,11.388753,8.3,Under way using engine
2026-08-27T15:22:44Z,219002177,54.925785,11.370695,6.6,Under way using engine
2026-08-27T15:22:49Z,219000811,54.838722,11.491827,0.0,Under way using engine
2026-08-27T15:23:14Z,219000809,54.909128,11.390838,8.3,Under way using engine
2026-08-27T15:23:19Z,219000811,54.838722,11.491827,0.0,Under way using engine
2026-08-27T15:23:25Z,219002177,54.924555,11.370677,6.5,Under way using engine
2026-08-27T15:23:47Z,219000809,54.908517,11.392715,8.2,Under way using engine
2026-08-27T15:23:49Z,219000811,54.838725,11.491828,0.0,Under way using engine
2026-08-27T15:24:04Z,219002177,54.923425,11.370705,6.4,Under way using engine
2026-08-27T15:24:17Z,219000809,54.908092,11.394523,8.1,Under way using engine
2026-08-27T15:24:19Z,219000811,54.838727,11.491823,0.0,Under way using engine
2026-08-27T15:24:34Z,219002177,54.922517,11.370697,6.3,Under way using engine
2026-08-27T15:24:47Z,219000809,54.907887,11.396430,7.8,Under way using engine
2026-08-27T15:24:49Z,219000811,54.838728,11.491822,0.0,Under way using engine
2026-08-27T15:25:04Z,219002177,54.921690,11.370727,6.1,Under way using engine
2026-08-27T15:25:17Z,219000809,54.908467,11.397970,8.1,Under way using engine
2026-08-27T15:25:19Z,219000811,54.838727,11.491823,0.0,Under way using engine
2026-08-27T15:25:34Z,219002177,54.920818,11.370783,6.1,Under way using engine
2026-08-27T15:25:54Z,219000809,54.909350,11.399945,8.4,Under way using engine
2026-08-27T15:26:00Z,219000811,54.838727,11.491823,0.1,Under way using engine
2026-08-27T15:26:04Z,219002177,54.919993,11.370870,6.2,Under way using engine
2026-08-27T15:26:30Z,219000811,54.838727,11.491823,0.0,Under way using engine
2026-08-27T15:26:34Z,219000809,54.910285,11.402170,8.5,Under way using engine
2026-08-27T15:26:34Z,219002177,54.919103,11.370980,6.3,Under way using engine
2026-08-27T15:27:00Z,219000811,54.838727,11.491825,0.0,Under way using engine
2026-08-27T15:27:04Z,219002177,54.918260,11.371092,6.3,Under way using engine
2026-08-27T15:27:14Z,219000809,54.911223,11.404392,8.6,Under way using engine
2026-08-27T15:27:30Z,219000811,54.838727,11.491825,0.0,Under way using engine
2026-08-27T15:27:34Z,219002177,54.917368,11.371138,6.2,Under way using engine
2026-08-27T15:27:54Z,219000809,54.912160,11.406617,8.6,Under way using engine
2026-08-27T15:28:00Z,219000811,54.838728,11.491827,0.0,Under way using engine
2026-08-27T15:28:04Z,219002177,54.916868,11.370165,5.9,Under way using engine
2026-08-27T15:28:30Z,219000811,54.838732,11.491827,0.0,Under way using engine
2026-08-27T15:28:34Z,219000809,54.913113,11.408872,8.7,Under way using engine
2026-08-27T15:28:35Z,219002177,54.916707,11.368557,6.9,Under way using engine
2026-08-27T15:29:00Z,219000811,54.838730,11.491825,0.0,Under way using engine
2026-08-27T15:29:05Z,219002177,54.916553,11.366780,7.4,Under way using engine
2026-08-27T15:29:14Z,219000809,54.914037,11.411130,8.7,Under way using engine
2026-08-27T15:29:30Z,219000811,54.838722,11.491818,0.0,Under way using engine
2026-08-27T15:29:35Z,219002177,54.916440,11.365125,7.0,Under way using engine
2026-08-27T15:29:54Z,219000809,54.914985,11.413375,8.6,Under way using engine
2026-08-27T15:30:00Z,219000811,54.838722,11.491817,0.0,Under way using engine
2026-08-27T15:30:05Z,219002177,54.916350,11.363482,6.4,Under way using engine
2026-08-27T15:30:30Z,219000811,54.838720,11.491815,0.0,Under way using engine
2026-08-27T15:30:34Z,219000809,54.915922,11.415640,8.6,Under way using engine
2026-08-27T15:30:35Z,219002177,54.916315,11.362168,5.3,Under way using engine
2026-08-27T15:31:00Z,219000811,54.838717,11.491813,0.0,Under way using engine
2026-08-27T15:31:14Z,219000809,54.916888,11.417850,8.7,Under way using engine
2026-08-27T15:31:14Z,219002177,54.916345,11.361062,2.0,Under way using engine
2026-08-27T15:31:30Z,219000811,54.838713,11.491813,0.0,Under way using engine
2026-08-27T15:31:44Z,219002177,54.916345,11.360865,0.8,Under way using engine
2026-08-27T15:31:54Z,219000809,54.917885,11.420068,8.8,Under way using engine
2026-08-27T15:32:00Z,219000811,54.838713,11.491815,0.0,Under way using engine
2026-08-27T15:32:14Z,219002177,54.916338,11.360610,0.9,Under way using engine
2026-08-27T15:32:24Z,219000809,54.918640,11.421732,8.7,Under way using engine
2026-08-27T15:32:38Z,219000811,54.838718,11.491820,0.0,Under way using engine
2026-08-27T15:32:44Z,219002177,54.916340,11.360510,0.1,Under way using engine
2026-08-27T15:32:54Z,219000809,54.919403,11.423367,8.7,Under way using engine
2026-08-27T15:33:09Z,219000811,54.838720,11.491825,0.0,Under way using engine
2026-08-27T15:33:14Z,219002177,54.916340,11.360505,0.0,Under way using engine
2026-08-27T15:33:24Z,219000809,54.920147,11.425007,8.8,Under way using engine
2026-08-27T15:33:44Z,219002177,54.916340,11.360532,0.0,Under way using engine
2026-08-27T15:33:50Z,219000811,54.838722,11.491825,0.0,Under way using engine
2026-08-27T15:33:54Z,219000809,54.920898,11.426647,8.7,Under way using engine
2026-08-27T15:34:14Z,219002177,54.916362,11.360545,0.0,Under way using engine
2026-08-27T15:34:24Z,219000809,54.921640,11.428298,8.7,Under way using engine
2026-08-27T15:34:29Z,219000811,54.838722,11.491822,0.0,Under way using engine
2026-08-27T15:34:44Z,219002177,54.916360,11.360547,0.0,Under way using engine
2026-08-27T15:34:54Z,219000809,54.922405,11.429935,8.7,Under way using engine
2026-08-27T15:34:59Z,219000811,54.838722,11.491815,0.0,Under way using engine
2026-08-27T15:35:14Z,219002177,54.916352,11.360517,0.0,Under way using engine
2026-08-27T15:35:24Z,219000809,54.923145,11.431575,8.5,Under way using engine
2026-08-27T15:35:29Z,219000811,54.838723,11.491813,0.0,Under way using engine
2026-08-27T15:35:44Z,219002177,54.916347,11.360542,0.0,Under way using engine
2026-08-27T15:35:54Z,219000809,54.923877,11.433218,8.8,Under way using engine
2026-08-27T15:36:09Z,219000811,54.838727,11.491813,0.0,Under way using engine
2026-08-27T15:36:14Z,219002177,54.916340,11.360518,0.1,Under way using engine
2026-08-27T15:36:24Z,219000809,54.924643,11.434887,8.8,Under way using engine
2026-08-27T15:36:39Z,219000811,54.838722,11.491815,0.0,Under way using engine
2026-08-27T15:36:44Z,219002177,54.916332,11.360537,0.0,Under way using engine
2026-08-27T15:36:54Z,219000809,54.925405,11.436568,8.8,Under way using engine
2026-08-27T15:37:09Z,219000811,54.838722,11.491815,0.0,Under way using engine
2026-08-27T15:37:14Z,219002177,54.916335,11.360503,0.0,Under way using engine
2026-08-27T15:37:34Z,219000809,54.926410,11.438812,8.8,Under way using engine
2026-08-27T15:37:39Z,219000811,54.838718,11.491822,0.0,Under way using engine
2026-08-27T15:37:44Z,219002177,54.916332,11.360535,0.0,Under way using engine
2026-08-27T15:38:04Z,219000809,54.927173,11.440492,8.8,Under way using engine
2026-08-27T15:38:09Z,219000811,54.838718,11.491822,0.0,Under way using engine
2026-08-27T15:38:14Z,219002177,54.916337,11.360527,0.0,Under way using engine
2026-08-27T15:38:34Z,219000809,54.927898,11.442200,8.8,Under way using engine
2026-08-27T15:38:39Z,219000811,54.838720,11.491820,0.0,Under way using engine
2026-08-27T15:38:44Z,219002177,54.916347,11.360548,0.0,Under way using engine
2026-08-27T15:39:09Z,219000811,54.838720,11.491818,0.0,Under way using engine
2026-08-27T15:39:13Z,219000809,54.928920,11.444302,8.9,Under way using engine
2026-08-27T15:39:14Z,219002177,54.916340,11.360537,0.0,Under way using engine
2026-08-27T15:39:39Z,219000811,54.838720,11.491817,0.0,Under way using engine
2026-08-27T15:39:44Z,219000809,54.929722,11.446002,8.6,Under way using engine
2026-08-27T15:39:44Z,219002177,54.916345,11.360547,0.0,Under way using engine
2026-08-27T15:40:09Z,219000811,54.838720,11.491815,0.0,Under way using engine
2026-08-27T15:40:14Z,219000809,54.930495,11.447603,8.7,Under way using engine
2026-08-27T15:40:14Z,219002177,54.916357,11.360548,0.0,Under way using engine
2026-08-27T15:40:40Z,219000811,54.838723,11.491818,0.0,Under way using engine
2026-08-27T15:40:44Z,219000809,54.931307,11.449223,8.9,Under way using engine
2026-08-27T15:40:44Z,219002177,54.916370,11.360560,0.0,Under way using engine
2026-08-27T15:41:14Z,219000809,54.932123,11.450827,8.9,Under way using engine
2026-08-27T15:41:19Z,219000811,54.838725,11.491815,0.0,Under way using engine
2026-08-27T15:41:24Z,219002177,54.916357,11.360542,0.0,Under way using engine
2026-08-27T15:41:44Z,219000809,54.932920,11.452470,8.8,Under way using engine
2026-08-27T15:41:49Z,219000811,54.838722,11.491815,0.0,Under way using engine
2026-08-27T15:42:05Z,219002177,54.916352,11.360537,0.0,Under way using engine
2026-08-27T15:42:14Z,219000809,54.933682,11.454125,8.8,Under way using engine
2026-08-27T15:42:19Z,219000811,54.838722,11.491815,0.0,Under way using engine
2026-08-27T15:42:35Z,219002177,54.916355,11.360552,0.0,Under way using engine
2026-08-27T15:42:44Z,219000809,54.934303,11.455960,8.7,Under way using engine
2026-08-27T15:42:49Z,219000811,54.838720,11.491818,0.0,Under way using engine
2026-08-27T15:43:05Z,219002177,54.916348,11.360525,0.0,Under way using engine
2026-08-27T15:43:14Z,219000809,54.934907,11.457775,8.7,Under way using engine
2026-08-27T15:43:19Z,219000811,54.838717,11.491820,0.0,Under way using engine
2026-08-27T15:43:35Z,219002177,54.916355,11.360522,0.0,Under way using engine
2026-08-27T15:43:49Z,219000811,54.838720,11.491815,0.1,Under way using engine
2026-08-27T15:43:53Z,219000809,54.935697,11.460153,8.7,Under way using engine
2026-08-27T15:44:05Z,219002177,54.916338,11.360517,0.1,Under way using engine
2026-08-27T15:44:19Z,219000811,54.838720,11.491820,0.0,Under way using engine
2026-08-27T15:44:24Z,219000809,54.936272,11.462070,8.7,Under way using engine
2026-08-27T15:44:35Z,219002177,54.916347,11.360540,0.0,Under way using engine
2026-08-27T15:44:49Z,219000811,54.838718,11.491825,0.0,Under way using engine
2026-08-27T15:45:03Z,219000809,54.936968,11.464522,8.6,Under way using engine
2026-08-27T15:45:05Z,219002177,54.916352,11.360552,0.0,Under way using engine
2026-08-27T15:45:20Z,219000811,54.838718,11.491825,0.1,Under way using engine
2026-08-27T15:45:35Z,219000809,54.937523,11.466543,8.6,Under way using engine
2026-08-27T15:45:35Z,219002177,54.916365,11.360553,0.0,Under way using engine
2026-08-27T15:45:59Z,219000811,54.838718,11.491827,0.0,Under way using engine
2026-08-27T15:46:05Z,219002177,54.916352,11.360548,0.0,Under way using engine
2026-08-27T15:46:14Z,219000809,54.938233,11.468942,8.6,Under way using engine
2026-08-27T15:46:29Z,219000811,54.838720,11.491822,0.0,Under way using engine
2026-08-27T15:46:35Z,219002177,54.916368,11.360550,0.0,Under way using engine
2026-08-27T15:46:53Z,219000809,54.938905,11.471317,8.4,Under way using engine
2026-08-27T15:46:59Z,219000811,54.838720,11.491818,0.0,Under way using engine
2026-08-27T15:47:05Z,219002177,54.916370,11.360518,0.0,Under way using engine
2026-08-27T15:47:23Z,219000809,54.939430,11.473150,8.5,Under way using engine
2026-08-27T15:47:35Z,219002177,54.916350,11.360517,0.0,Under way using engine
2026-08-27T15:47:40Z,219000811,54.838718,11.491822,0.0,Under way using engine
2026-08-27T15:47:53Z,219000809,54.940058,11.474885,8.3,Under way using engine
2026-08-27T15:48:05Z,219002177,54.916368,11.360547,0.0,Under way using engine
2026-08-27T15:48:20Z,219000811,54.838718,11.491822,0.1,Under way using engine
2026-08-27T15:48:23Z,219000809,54.940815,11.476403,8.4,Under way using engine
2026-08-27T15:48:35Z,219002177,54.916362,11.360548,0.0,Under way using engine
2026-08-27T15:48:53Z,219000809,54.941638,11.477868,8.7,Under way using engine
2026-08-27T15:48:59Z,219000811,54.838718,11.491820,0.0,Under way using engine
2026-08-27T15:49:05Z,219002177,54.916360,11.360557,0.0,Under way using engine
2026-08-27T15:49:23Z,219000809,54.942460,11.479400,8.6,Under way using engine
2026-08-27T15:49:35Z,219002177,54.916357,11.360565,0.0,Under way using engine
2026-08-27T15:49:40Z,219000811,54.838723,11.491822,0.0,Under way using engine
2026-08-27T15:49:53Z,219000809,54.943282,11.480925,8.7,Under way using engine
2026-08-27T15:50:05Z,219002177,54.916368,11.360547,0.0,Under way using engine
2026-08-27T15:50:19Z,219000811,54.838727,11.491818,0.0,Under way using engine
2026-08-27T15:50:23Z,219000809,54.944347,11.481730,8.8,Under way using engine
2026-08-27T15:50:35Z,219002177,54.916360,11.360558,0.0,Under way using engine
2026-08-27T15:50:49Z,219000811,54.838727,11.491818,0.1,Under way using engine
2026-08-27T15:50:53Z,219000809,54.945573,11.482313,9.3,Under way using engine
2026-08-27T15:51:05Z,219002177,54.916352,11.360543,0.0,Under way using engine
2026-08-27T15:51:19Z,219000811,54.838725,11.491813,0.1,Under way using engine
2026-08-27T15:51:23Z,219000809,54.946863,11.482795,9.5,Under way using engine
2026-08-27T15:51:35Z,219002177,54.916362,11.360598,0.6,Under way using engine
2026-08-27T15:51:49Z,219000811,54.838725,11.491817,0.1,Under way using engine
2026-08-27T15:51:53Z,219000809,54.948140,11.483480,9.6,Under way using engine
2026-08-27T15:52:05Z,219002177,54.916338,11.360980,2.0,Under way using engine
2026-08-27T15:52:19Z,219000811,54.838727,11.491817,0.0,Under way using engine
2026-08-27T15:52:23Z,219000809,54.949430,11.484138,9.7,Under way using engine
2026-08-27T15:52:45Z,219002177,54.916332,11.361935,3.4,Under way using engine
2026-08-27T15:52:49Z,219000811,54.838727,11.491818,0.0,Under way using engine
2026-08-27T15:52:53Z,219000809,54.950730,11.484787,9.8,Under way using engine
2026-08-27T15:53:19Z,219000811,54.838727,11.491820,0.0,Under way using engine
2026-08-27T15:53:23Z,219000809,54.952012,11.485410,9.8,Under way using engine
2026-08-27T15:53:24Z,219002177,54.916375,11.363080,3.8,Under way using engine
2026-08-27T15:53:49Z,219000811,54.838728,11.491822,0.0,Under way using engine
2026-08-27T15:53:53Z,219000809,54.953295,11.486043,9.7,Under way using engine
2026-08-27T15:53:55Z,219002177,54.916380,11.364053,4.4,Under way using engine
2026-08-27T15:54:19Z,219000811,54.838730,11.491827,0.0,Under way using engine
2026-08-27T15:54:23Z,219000809,54.954618,11.486663,9.7,Under way using engine
2026-08-27T15:54:34Z,219002177,54.916507,11.365583,4.9,Under way using engine
2026-08-27T15:54:49Z,219000811,54.838730,11.491823,0.0,Under way using engine
2026-08-27T15:54:54Z,219000809,54.955928,11.487312,9.5,Under way using engine
2026-08-27T15:55:05Z,219002177,54.916547,11.366763,4.9,Under way using engine
2026-08-27T15:55:19Z,219000811,54.838730,11.491822,0.0,Under way using engine
2026-08-27T15:55:34Z,219000809,54.957665,11.488190,9.7,Under way using engine
2026-08-27T15:55:44Z,219002177,54.916667,11.368257,4.8,Under way using engine
2026-08-27T15:55:50Z,219000811,54.838730,11.491825,0.0,Under way using engine
2026-08-27T15:56:04Z,219000809,54.958860,11.488923,9.6,Under way using engine
2026-08-27T15:56:14Z,219002177,54.916785,11.369410,4.8,Under way using engine
2026-08-27T15:56:30Z,219000811,54.838730,11.491822,0.1,Under way using engine
2026-08-27T15:56:35Z,219000809,54.960105,11.489778,9.4,Under way using engine
2026-08-27T15:56:44Z,219002177,54.917000,11.370490,4.8,Under way using engine
2026-08-27T15:57:09Z,219000811,54.838730,11.491823,0.1,Under way using engine
2026-08-27T15:57:14Z,219000809,54.961653,11.491060,9.4,Under way using engine
2026-08-27T15:57:24Z,219002177,54.917778,11.371408,5.6,Under way using engine
2026-08-27T15:57:39Z,219000811,54.838732,11.491825,0.1,Under way using engine
2026-08-27T15:57:54Z,219000809,54.963168,11.492500,9.2,Under way using engine
2026-08-27T15:57:55Z,219002177,54.918598,11.371540,6.4,Under way using engine
2026-08-27T15:58:09Z,219000811,54.838728,11.491822,0.0,Under way using engine
2026-08-27T15:58:25Z,219000809,54.964253,11.493647,9.2,Under way using engine
2026-08-27T15:58:34Z,219002177,54.919778,11.371642,7.1,Under way using engine
2026-08-27T15:58:39Z,219000811,54.838728,11.491822,0.1,Under way using engine
2026-08-27T15:59:04Z,219000809,54.965652,11.495118,9.3,Under way using engine
2026-08-27T15:59:05Z,219002177,54.920885,11.371743,7.3,Under way using engine
2026-08-27T15:59:09Z,219000811,54.838727,11.491815,0.0,Under way using engine
2026-08-27T15:59:35Z,219000809,54.966858,11.496258,9.2,Under way using engine
2026-08-27T15:59:39Z,219000811,54.838725,11.491815,0.0,Under way using engine
2026-08-27T15:59:44Z,219002177,54.922278,11.371783,7.8,Under way using engine
2026-08-27T16:00:09Z,219000811,54.838725,11.491818,0.0,Under way using engine
2026-08-27T16:00:14Z,219000809,54.968277,11.497712,9.2,Under way using engine
2026-08-27T16:00:24Z,219002177,54.923755,11.371760,8.0,Under way using engine
2026-08-27T16:00:39Z,219000811,54.838725,11.491813,0.0,Under way using engine
2026-08-27T16:01:04Z,219000809,54.970012,11.499838,9.1,Under way using engine
2026-08-27T16:01:05Z,219002177,54.925262,11.371713,8.1,Under way using engine
2026-08-27T16:01:09Z,219000811,54.838728,11.491813,0.0,Under way using engine
2026-08-27T16:01:37Z,219000809,54.971047,11.501422,9.0,Under way using engine
2026-08-27T16:01:39Z,219000811,54.838728,11.491813,0.0,Under way using engine
2026-08-27T16:01:44Z,219002177,54.926723,11.371658,8.0,Under way using engine
2026-08-27T16:02:07Z,219000809,54.971803,11.503128,8.9,Under way using engine
2026-08-27T16:02:09Z,219000811,54.838728,11.491813,0.1,Under way using engine
2026-08-27T16:02:24Z,219002177,54.928203,11.371612,8.0,Under way using engine
2026-08-27T16:02:37Z,219000809,54.972282,11.505017,8.4,Under way using engine
2026-08-27T16:02:39Z,219000811,54.838728,11.491818,0.0,Under way using engine
2026-08-27T16:03:05Z,219002177,54.929738,11.371575,8.0,Under way using engine
2026-08-27T16:03:07Z,219000809,54.972190,11.506980,8.2,Under way using engine
2026-08-27T16:03:09Z,219000811,54.838725,11.491825,0.0,Under way using engine
2026-08-27T16:03:35Z,219002177,54.930823,11.371540,7.9,Under way using engine
2026-08-27T16:03:39Z,219000811,54.838725,11.491830,0.0,Under way using engine
2026-08-27T16:03:41Z,219000809,54.972043,11.508585,7.5,Under way using engine
2026-08-27T16:04:05Z,219002177,54.931922,11.371505,7.8,Under way using engine
2026-08-27T16:04:14Z,219000809,54.971967,11.510727,6.2,Under way using engine
2026-08-27T16:04:18Z,219000811,54.838722,11.491830,0.1,Under way using engine
2026-08-27T16:04:35Z,219002177,54.932992,11.371482,7.8,Under way using engine
2026-08-27T16:04:45Z,219000809,54.971887,11.512220,5.9,Under way using engine
2026-08-27T16:04:50Z,219000811,54.838718,11.491822,0.1,Under way using engine
2026-08-27T16:05:05Z,219002177,54.934020,11.371507,7.0,Under way using engine
2026-08-27T16:05:23Z,219000809,54.971872,11.513670,3.8,Under way using engine
2026-08-27T16:05:29Z,219000811,54.838723,11.491820,0.0,Under way using engine
2026-08-27T16:05:35Z,219002177,54.934858,11.371523,5.6,Under way using engine
2026-08-27T16:05:54Z,219000809,54.971870,11.514330,2.0,Under way using engine
2026-08-27T16:05:59Z,219000811,54.838723,11.491817,0.0,Under way using engine
2026-08-27T16:06:05Z,219002177,54.935430,11.371618,3.3,Under way using engine
2026-08-27T16:06:29Z,219000811,54.838722,11.491812,0.0,Under way using engine
2026-08-27T16:06:33Z,219000809,54.971890,11.514548,0.3,Under way using engine
2026-08-27T16:06:44Z,219002177,54.935733,11.371797,1.4,Under way using engine
2026-08-27T16:06:59Z,219000811,54.838720,11.491815,0.0,Under way using engine
2026-08-27T16:07:04Z,219000809,54.971888,11.514565,0.0,Under way using engine
2026-08-27T16:07:24Z,219002177,54.935897,11.371928,0.7,Under way using engine
2026-08-27T16:07:30Z,219000811,54.838717,11.491820,0.0,Under way using engine
2026-08-27T16:07:44Z,219000809,54.971898,11.514577,0.0,Under way using engine
2026-08-27T16:07:55Z,219002177,54.935943,11.371982,0.2,Under way using engine
2026-08-27T16:08:09Z,219000811,54.838715,11.491823,0.0,Under way using engine
2026-08-27T16:08:15Z,219000809,54.971880,11.514572,0.0,Under way using engine
2026-08-27T16:08:34Z,219002177,54.935920,11.371988,0.0,Under way using engine
2026-08-27T16:08:39Z,219000811,54.838717,11.491825,0.0,Under way using engine
2026-08-27T16:08:54Z,219000809,54.971880,11.514563,0.0,Under way using engine
2026-08-27T16:09:04Z,219002177,54.935933,11.371992,0.0,Under way using engine
2026-08-27T16:09:09Z,219000811,54.838720,11.491825,0.0,Under way using engine
2026-08-27T16:09:24Z,219000809,54.971885,11.514565,0.0,Under way using engine
2026-08-27T16:09:34Z,219002177,54.935932,11.371987,0.0,Under way using engine
2026-08-27T16:09:39Z,219000811,54.838723,11.491822,0.1,Under way using engine
2026-08-27T16:09:54Z,219000809,54.971888,11.514563,0.0,Under way using engine
2026-08-27T16:10:04Z,219002177,54.935935,11.371977,0.0,Under way using engine
2026-08-27T16:10:09Z,219000811,54.838723,11.491823,0.0,Under way using engine
2026-08-27T16:10:24Z,219000809,54.971887,11.514558,0.0,Under way using engine
2026-08-27T16:10:34Z,219002177,54.935942,11.371980,0.0,Under way using engine
2026-08-27T16:10:39Z,219000811,54.838723,11.491825,0.0,Under way using engine
2026-08-27T16:10:54Z,219000809,54.971892,11.514572,0.0,Under way using engine
2026-08-27T16:11:04Z,219002177,54.935933,11.371983,0.0,Under way using engine
2026-08-27T16:11:09Z,219000811,54.838723,11.491827,0.0,Under way using engine
2026-08-27T16:11:34Z,219000809,54.971890,11.514573,0.0,Under way using engine
2026-08-27T16:11:34Z,219002177,54.935947,11.371988,0.0,Under way using engine
2026-08-27T16:11:39Z,219000811,54.838722,11.491823,0.1,Under way using engine
2026-08-27T16:12:04Z,219000809,54.971898,11.514568,0.0,Under way using engine
2026-08-27T16:12:04Z,219002177,54.935933,11.371993,0.0,Under way using engine
2026-08-27T16:12:09Z,219000811,54.838723,11.491820,0.0,Under way using engine
2026-08-27T16:12:34Z,219000809,54.971912,11.514573,0.0,Under way using engine
2026-08-27T16:12:34Z,219002177,54.935952,11.371983,0.0,Under way using engine
2026-08-27T16:12:39Z,219000811,54.838725,11.491822,0.0,Under way using engine
2026-08-27T16:13:04Z,219000809,54.971915,11.514582,0.0,Under way using engine
2026-08-27T16:13:04Z,219002177,54.935957,11.371978,0.0,Under way using engine
2026-08-27T16:13:09Z,219000811,54.838728,11.491822,0.0,Under way using engine
2026-08-27T16:13:34Z,219000809,54.971912,11.514573,0.0,Under way using engine
2026-08-27T16:13:34Z,219002177,54.935962,11.371977,0.0,Under way using engine
2026-08-27T16:13:39Z,219000811,54.838727,11.491823,0.0,Under way using engine
2026-08-27T16:14:04Z,219000809,54.971920,11.514578,0.0,Under way using engine
2026-08-27T16:14:04Z,219002177,54.935962,11.371985,0.0,Under way using engine
2026-08-27T16:14:09Z,219000811,54.838725,11.491825,0.0,Under way using engine
2026-08-27T16:14:34Z,219000809,54.971932,11.514590,0.0,Under way using engine
2026-08-27T16:14:34Z,219002177,54.935948,11.371983,0.0,Under way using engine
2026-08-27T16:14:39Z,219000811,54.838725,11.491825,0.0,Under way using engine
2026-08-27T16:15:04Z,219000809,54.971945,11.514602,0.0,Under way using engine
2026-08-27T16:15:04Z,219002177,54.935950,11.371987,0.0,Under way using engine
2026-08-27T16:15:09Z,219000811,54.838727,11.491825,0.0,Under way using engine
2026-08-27T16:15:34Z,219000809,54.971935,11.514592,0.0,Under way using engine
2026-08-27T16:15:34Z,219002177,54.935943,11.371972,0.2,Under way using engine
2026-08-27T16:15:39Z,219000811,54.838728,11.491825,0.0,Under way using engine
2026-08-27T16:16:04Z,219000809,54.971930,11.514585,0.1,Under way using engine
2026-08-27T16:16:04Z,219002177,54.935940,11.371972,0.1,Under way using engine
2026-08-27T16:16:09Z,219000811,54.838730,11.491823,0.0,Under way using engine
2026-08-27T16:16:34Z,219000809,54.971935,11.514595,0.0,Under way using engine
2026-08-27T16:16:34Z,219002177,54.935943,11.371992,0.0,Under way using engine
2026-08-27T16:16:39Z,219000811,54.838727,11.491823,0.1,Under way using engine
2026-08-27T16:17:04Z,219000809,54.971942,11.514595,0.0,Under way using engine
2026-08-27T16:17:04Z,219002177,54.935937,11.371983,0.0,Under way using engine
2026-08-27T16:17:09Z,219000811,54.838725,11.491823,0.0,Under way using engine
2026-08-27T16:17:34Z,219000809,54.971933,11.514585,0.0,Under way using engine
2026-08-27T16:17:34Z,219002177,54.935952,11.371980,0.0,Under way using engine
2026-08-27T16:17:39Z,219000811,54.838725,11.491825,0.1,Under way using engine
2026-08-27T16:18:04Z,219000809,54.971923,11.514572,0.0,Under way using engine
2026-08-27T16:18:04Z,219002177,54.935890,11.371933,0.8,Under way using engine
2026-08-27T16:18:10Z,219000811,54.838727,11.491823,0.0,Under way using engine
2026-08-27T16:18:34Z,219000809,54.971918,11.514563,0.0,Under way using engine
2026-08-27T16:18:34Z,219002177,54.935672,11.371740,2.1,Under way using engine
2026-08-27T16:18:49Z,219000811,54.838727,11.491823,0.0,Under way using engine
2026-08-27T16:19:04Z,219000809,54.971912,11.514158,3.3,Under way using engine
2026-08-27T16:19:04Z,219002177,54.935355,11.371385,3.1,Under way using engine
2026-08-27T16:19:19Z,219000811,54.838728,11.491822,0.0,Under way using engine
2026-08-27T16:19:34Z,219000809,54.971887,11.513263,3.4,Under way using engine
2026-08-27T16:19:34Z,219002177,54.935013,11.370663,4.1,Under way using engine
2026-08-27T16:19:49Z,219000811,54.838728,11.491822,0.0,Under way using engine
2026-08-27T16:20:04Z,219000809,54.971742,11.512770,1.6,Under way using engine
2026-08-27T16:20:04Z,219002177,54.934633,11.369807,4.8,Under way using engine
2026-08-27T16:20:19Z,219000811,54.838727,11.491820,0.0,Under way using engine
2026-08-27T16:20:34Z,219000809,54.971968,11.511708,6.1,Under way using engine
2026-08-27T16:20:34Z,219002177,54.934007,11.369320,4.8,Under way using engine
2026-08-27T16:20:49Z,219000811,54.838723,11.491818,0.0,Under way using engine
2026-08-27T16:21:04Z,219002177,54.933325,11.369182,5.3,Under way using engine
2026-08-27T16:21:11Z,219000809,54.972143,11.509453,8.2,Under way using engine
2026-08-27T16:21:19Z,219000811,54.838723,11.491818,0.0,Under way using engine
2026-08-27T16:21:34Z,219002177,54.932538,11.369100,5.6,Under way using engine
2026-08-27T16:21:43Z,219000809,54.972312,11.507302,8.4,Under way using engine
2026-08-27T16:21:49Z,219000811,54.838723,11.491818,0.0,Under way using engine
2026-08-27T16:22:04Z,219002177,54.931773,11.369025,5.8,Under way using engine
2026-08-27T16:22:15Z,219000809,54.972305,11.505130,8.5,Under way using engine
2026-08-27T16:22:19Z,219000811,54.838727,11.491818,0.0,Under way using engine
2026-08-27T16:22:34Z,219002177,54.930962,11.368945,5.9,Under way using engine
2026-08-27T16:22:47Z,219000809,54.971658,11.503160,9.0,Under way using engine
2026-08-27T16:22:50Z,219000811,54.838725,11.491817,0.0,Under way using engine
2026-08-27T16:23:04Z,219002177,54.930137,11.368848,5.9,Under way using engine
2026-08-27T16:23:17Z,219000809,54.970772,11.501615,9.1,Under way using engine
2026-08-27T16:23:29Z,219000811,54.838722,11.491817,0.0,Under way using engine
2026-08-27T16:23:34Z,219002177,54.929330,11.368933,5.7,Under way using engine
2026-08-27T16:23:54Z,219000809,54.969707,11.499680,9.2,Under way using engine
2026-08-27T16:23:59Z,219000811,54.838722,11.491818,0.0,Under way using engine
2026-08-27T16:24:04Z,219002177,54.928545,11.369080,5.6,Under way using engine
2026-08-27T16:24:24Z,219000809,54.968792,11.498073,9.3,Under way using engine
2026-08-27T16:24:29Z,219000811,54.838720,11.491818,0.0,Under way using engine
2026-08-27T16:24:34Z,219002177,54.927793,11.369243,5.5,Under way using engine
2026-08-27T16:24:54Z,219000809,54.967855,11.496545,9.1,Under way using engine
2026-08-27T16:24:59Z,219000811,54.838720,11.491820,0.0,Under way using engine
2026-08-27T16:25:05Z,219002177,54.927030,11.369375,5.4,Under way using engine
2026-08-27T16:25:24Z,219000809,54.966987,11.494990,9.1,Under way using engine
2026-08-27T16:25:29Z,219000811,54.838717,11.491820,0.0,Under way using engine
2026-08-27T16:25:44Z,219002177,54.926038,11.369530,5.3,Under way using engine
2026-08-27T16:25:54Z,219000809,54.965940,11.493775,9.0,Under way using engine
2026-08-27T16:25:59Z,219000811,54.838722,11.491825,0.0,Under way using engine
2026-08-27T16:26:24Z,219000809,54.964820,11.492918,8.9,Under way using engine
2026-08-27T16:26:25Z,219002177,54.925038,11.369737,5.3,Under way using engine
2026-08-27T16:26:29Z,219000811,54.838727,11.491827,0.0,Under way using engine
2026-08-27T16:26:54Z,219000809,54.963647,11.492145,9.0,Under way using engine
2026-08-27T16:26:59Z,219000811,54.838727,11.491825,0.0,Under way using engine
2026-08-27T16:27:05Z,219002177,54.924112,11.369940,5.2,Under way using engine
2026-08-27T16:27:24Z,219000809,54.962490,11.491433,8.9,Under way using engine
2026-08-27T16:27:29Z,219000811,54.838730,11.491825,0.0,Under way using engine
2026-08-27T16:27:44Z,219002177,54.923183,11.370137,5.1,Under way using engine
2026-08-27T16:27:54Z,219000809,54.961292,11.490700,9.0,Under way using engine
2026-08-27T16:27:59Z,219000811,54.838732,11.491825,0.0,Under way using engine
2026-08-27T16:28:15Z,219002177,54.922430,11.370303,5.1,Under way using engine
2026-08-27T16:28:24Z,219000809,54.960137,11.489977,8.9,Under way using engine
2026-08-27T16:28:29Z,219000811,54.838732,11.491825,0.0,Under way using engine
2026-08-27T16:28:54Z,219000809,54.958982,11.489307,8.8,Under way using engine
2026-08-27T16:28:54Z,219002177,54.921538,11.370588,5.0,Under way using engine
2026-08-27T16:28:59Z,219000811,54.838728,11.491822,0.0,Under way using engine
2026-08-27T16:29:24Z,219000809,54.957802,11.488647,8.8,Under way using engine
2026-08-27T16:29:25Z,219002177,54.920825,11.370870,5.2,Under way using engine
2026-08-27T16:29:29Z,219000811,54.838727,11.491818,0.0,Under way using engine
2026-08-27T16:29:54Z,219000809,54.956678,11.487973,8.6,Under way using engine
2026-08-27T16:29:59Z,219000811,54.838725,11.491817,0.0,Under way using engine
2026-08-27T16:30:03Z,219002177,54.919883,11.370995,5.4,Under way using engine
2026-08-27T16:30:24Z,219000809,54.955560,11.487302,8.6,Under way using engine
2026-08-27T16:30:29Z,219000811,54.838725,11.491817,0.0,Under way using engine
2026-08-27T16:30:33Z,219002177,54.919127,11.371098,5.5,Under way using engine
2026-08-27T16:30:54Z,219000809,54.954410,11.486638,8.8,Under way using engine
2026-08-27T16:30:59Z,219000811,54.838725,11.491817,0.0,Under way using engine
2026-08-27T16:31:03Z,219002177,54.918300,11.371182,6.2,Under way using engine
2026-08-27T16:31:24Z,219000809,54.953248,11.485930,8.8,Under way using engine
2026-08-27T16:31:30Z,219000811,54.838725,11.491815,0.0,Under way using engine
2026-08-27T16:31:44Z,219002177,54.917100,11.371100,6.1,Under way using engine
2026-08-27T16:32:04Z,219000809,54.951710,11.484978,8.7,Under way using engine
2026-08-27T16:32:09Z,219000811,54.838725,11.491815,0.0,Under way using engine
2026-08-27T16:32:14Z,219002177,54.916770,11.369828,6.3,Under way using engine
2026-08-27T16:32:34Z,219000809,54.950557,11.484338,8.7,Under way using engine
2026-08-27T16:32:39Z,219000811,54.838723,11.491815,0.0,Under way using engine
2026-08-27T16:32:44Z,219002177,54.916712,11.368112,7.5,Under way using engine
2026-08-27T16:33:04Z,219000809,54.949398,11.483740,8.7,Under way using engine
2026-08-27T16:33:09Z,219000811,54.838723,11.491813,0.0,Under way using engine
2026-08-27T16:33:14Z,219002177,54.916560,11.366363,7.1,Under way using engine
2026-08-27T16:33:40Z,219000811,54.838722,11.491817,0.0,Under way using engine
2026-08-27T16:33:41Z,219000809,54.948287,11.483220,8.6,Under way using engine
2026-08-27T16:33:44Z,219002177,54.916427,11.364768,6.5,Under way using engine
2026-08-27T16:34:14Z,219000809,54.946723,11.482418,8.5,Under way using engine
2026-08-27T16:34:14Z,219002177,54.916323,11.363358,5.5,Under way using engine
2026-08-27T16:34:19Z,219000811,54.838722,11.491822,0.0,Under way using engine
2026-08-27T16:34:44Z,219002177,54.916327,11.362198,4.5,Under way using engine
2026-08-27T16:34:49Z,219000811,54.838723,11.491827,0.0,Under way using engine
2026-08-27T16:34:53Z,219000809,54.945233,11.481728,8.6,Under way using engine
2026-08-27T16:35:14Z,219002177,54.916355,11.361397,2.8,Under way using engine
2026-08-27T16:35:19Z,219000811,54.838723,11.491828,0.0,Under way using engine
2026-08-27T16:35:24Z,219000809,54.944038,11.481183,8.4,Under way using engine
2026-08-27T16:35:44Z,219002177,54.916362,11.360882,1.8,Under way using engine
2026-08-27T16:35:49Z,219000811,54.838723,11.491830,0.0,Under way using engine
2026-08-27T16:35:54Z,219000809,54.943055,11.480123,8.4,Under way using engine
2026-08-27T16:36:14Z,219002177,54.916345,11.360578,1.0,Under way using engine
2026-08-27T16:36:19Z,219000811,54.838725,11.491830,0.0,Under way using engine
2026-08-27T16:36:24Z,219000809,54.942200,11.478748,8.5,Under way using engine
2026-08-27T16:36:44Z,219002177,54.916343,11.360542,0.0,Under way using engine
2026-08-27T16:36:49Z,219000811,54.838725,11.491827,0.1,Under way using engine
2026-08-27T16:36:54Z,219000809,54.941367,11.477335,8.5,Under way using engine
2026-08-27T16:37:14Z,219002177,54.916367,11.360567,0.0,Under way using engine
2026-08-27T16:37:19Z,219000811,54.838727,11.491825,0.0,Under way using engine
2026-08-27T16:37:33Z,219000809,54.940248,11.475462,8.6,Under way using engine
2026-08-27T16:37:44Z,219002177,54.916370,11.360553,0.0,Under way using engine
2026-08-27T16:37:49Z,219000811,54.838728,11.491827,0.0,Under way using engine
2026-08-27T16:38:03Z,219000809,54.939497,11.473867,8.7,Under way using engine
2026-08-27T16:38:14Z,219002177,54.916353,11.360540,0.0,Under way using engine
2026-08-27T16:38:19Z,219000811,54.838728,11.491827,0.0,Under way using engine
2026-08-27T16:38:33Z,219000809,54.938905,11.471995,8.9,Under way using engine
2026-08-27T16:38:44Z,219002177,54.916360,11.360547,0.1,Under way using engine
2026-08-27T16:38:49Z,219000811,54.838730,11.491827,0.0,Under way using engine
2026-08-27T16:39:03Z,219000809,54.938377,11.470045,8.9,Under way using engine
2026-08-27T16:39:14Z,219002177,54.916345,11.360547,0.0,Under way using engine
2026-08-27T16:39:19Z,219000811,54.838730,11.491828,0.0,Under way using engine
2026-08-27T16:39:33Z,219000809,54.937840,11.468097,9.0,Under way using engine
2026-08-27T16:39:45Z,219002177,54.916345,11.360557,0.0,Under way using engine
2026-08-27T16:39:49Z,219000811,54.838728,11.491828,0.0,Under way using engine
2026-08-27T16:40:03Z,219000809,54.937292,11.466147,9.0,Under way using engine
2026-08-27T16:40:19Z,219000811,54.838730,11.491825,0.0,Under way using engine
2026-08-27T16:40:25Z,219002177,54.916348,11.360552,0.0,Under way using engine
2026-08-27T16:40:33Z,219000809,54.936767,11.464168,9.1,Under way using engine
2026-08-27T16:40:49Z,219000811,54.838732,11.491822,0.0,Under way using engine
2026-08-27T16:41:03Z,219000809,54.936208,11.462212,9.1,Under way using engine
2026-08-27T16:41:03Z,219002177,54.916342,11.360547,0.0,Under way using engine
2026-08-27T16:41:19Z,219000811,54.838733,11.491820,0.0,Under way using engine
2026-08-27T16:41:33Z,219000809,54.935650,11.460230,9.1,Under way using engine
2026-08-27T16:41:34Z,219002177,54.916357,11.360563,0.0,Under way using engine
2026-08-27T16:41:49Z,219000811,54.838733,11.491818,0.0,Under way using engine
2026-08-27T16:42:03Z,219000809,54.935043,11.458297,9.2,Under way using engine
2026-08-27T16:42:04Z,219002177,54.916365,11.360567,0.0,Under way using engine
2026-08-27T16:42:19Z,219000811,54.838732,11.491815,0.0,Under way using engine
2026-08-27T16:42:33Z,219000809,54.934427,11.456353,9.2,Under way using engine
2026-08-27T16:42:34Z,219002177,54.916368,11.360560,0.0,Under way using engine
2026-08-27T16:42:49Z,219000811,54.838730,11.491810,0.0,Under way using engine
2026-08-27T16:43:03Z,219000809,54.933812,11.454392,9.3,Under way using engine
2026-08-27T16:43:04Z,219002177,54.916333,11.360540,0.0,Under way using engine
2026-08-27T16:43:19Z,219000811,54.838730,11.491810,0.1,Under way using engine
2026-08-27T16:43:33Z,219000809,54.933058,11.452593,9.2,Under way using engine
2026-08-27T16:43:34Z,219002177,54.916347,11.360538,0.0,Under way using engine
2026-08-27T16:43:49Z,219000811,54.838728,11.491808,0.0,Under way using engine
2026-08-27T16:44:03Z,219000809,54.932275,11.450833,9.2,Under way using engine
2026-08-27T16:44:04Z,219002177,54.916347,11.360550,0.0,Under way using engine
2026-08-27T16:44:19Z,219000811,54.838728,11.491810,0.0,Under way using engine
2026-08-27T16:44:33Z,219000809,54.931490,11.449070,9.3,Under way using engine
2026-08-27T16:44:34Z,219002177,54.916355,11.360547,0.0,Under way using engine
2026-08-27T16:44:49Z,219000811,54.838730,11.491812,0.0,Under way using engine
2026-08-27T16:45:03Z,219000809,54.930697,11.447333,9.2,Under way using engine
2026-08-27T16:45:04Z,219002177,54.916358,11.360545,0.0,Under way using engine
2026-08-27T16:45:30Z,219000811,54.838730,11.491815,0.0,Under way using engine
2026-08-27T16:45:33Z,219000809,54.929937,11.445607,8.9,Under way using engine
2026-08-27T16:45:34Z,219002177,54.916358,11.360552,0.0,Under way using engine
2026-08-27T16:46:03Z,219000809,54.929162,11.443865,9.2,Under way using engine
2026-08-27T16:46:04Z,219002177,54.916365,11.360552,0.0,Under way using engine
2026-08-27T16:46:09Z,219000811,54.838732,11.491818,0.0,Under way using engine
2026-08-27T16:46:33Z,219000809,54.928367,11.442112,9.3,Under way using engine
2026-08-27T16:46:34Z,219002177,54.916355,11.360547,0.0,Under way using engine
2026-08-27T16:46:40Z,219000811,54.838732,11.491820,0.0,Under way using engine
2026-08-27T16:47:03Z,219000809,54.927555,11.440372,9.3,Under way using engine
2026-08-27T16:47:04Z,219002177,54.916355,11.360540,0.0,Under way using engine
2026-08-27T16:47:19Z,219000811,54.838732,11.491820,0.1,Under way using engine
2026-08-27T16:47:33Z,219000809,54.926785,11.438588,9.3,Under way using engine
2026-08-27T16:47:34Z,219002177,54.916357,11.360545,0.0,Under way using engine
2026-08-27T16:47:59Z,219000811,54.838732,11.491817,0.0,Under way using engine
2026-08-27T16:48:03Z,219000809,54.926000,11.436802,9.3,Under way using engine
2026-08-27T16:48:04Z,219002177,54.916357,11.360552,0.0,Under way using engine
2026-08-27T16:48:29Z,219000811,54.838730,11.491815,0.0,Under way using engine
2026-08-27T16:48:33Z,219000809,54.925227,11.435002,9.2,Under way using engine
2026-08-27T16:48:34Z,219002177,54.916348,11.360542,0.0,Under way using engine
2026-08-27T16:48:59Z,219000811,54.838730,11.491815,0.0,Under way using engine
2026-08-27T16:49:03Z,219000809,54.924452,11.433218,9.3,Under way using engine
2026-08-27T16:49:04Z,219002177,54.916353,11.360547,0.0,Under way using engine
2026-08-27T16:49:29Z,219000811,54.838727,11.491815,0.1,Under way using engine
2026-08-27T16:49:33Z,219000809,54.923673,11.431455,9.2,Under way using engine
2026-08-27T16:49:34Z,219002177,54.916360,11.360553,0.0,Under way using engine
2026-08-27T16:49:59Z,219000811,54.838723,11.491813,0.0,Under way using engine
2026-08-27T16:50:03Z,219000809,54.922908,11.429782,9.0,Under way using engine
2026-08-27T16:50:04Z,219002177,54.916368,11.360542,0.0,Under way using engine
2026-08-27T16:50:29Z,219000811,54.838723,11.491815,0.0,Under way using engine
2026-08-27T16:50:33Z,219000809,54.922130,11.427985,9.3,Under way using engine
2026-08-27T16:50:34Z,219002177,54.916367,11.360548,0.0,Under way using engine
2026-08-27T16:50:59Z,219000811,54.838722,11.491817,0.0,Under way using engine
2026-08-27T16:51:03Z,219000809,54.921350,11.426240,9.2,Under way using engine
2026-08-27T16:51:04Z,219002177,54.916373,11.360543,0.0,Under way using engine
2026-08-27T16:51:29Z,219000811,54.838720,11.491817,0.0,Under way using engine
2026-08-27T16:51:33Z,219000809,54.920585,11.424443,9.3,Under way using engine
2026-08-27T16:51:34Z,219002177,54.916365,11.360613,0.7,Under way using engine
2026-08-27T16:51:59Z,219000811,54.838718,11.491815,0.0,Under way using engine
2026-08-27T16:52:03Z,219000809,54.919803,11.422742,9.0,Under way using engine
2026-08-27T16:52:04Z,219002177,54.916330,11.361035,2.3,Under way using engine
2026-08-27T16:52:29Z,219000811,54.838718,11.491812,0.0,Under way using engine
2026-08-27T16:52:34Z,219000809,54.919018,11.420882,9.3,Under way using engine
2026-08-27T16:52:34Z,219002177,54.916258,11.361793,3.4,Under way using engine
2026-08-27T16:52:59Z,219000811,54.838720,11.491810,0.0,Under way using engine
2026-08-27T16:53:04Z,219002177,54.916297,11.362682,4.0,Under way using engine
2026-08-27T16:53:13Z,219000809,54.917973,11.418655,9.2,Under way using engine
2026-08-27T16:53:29Z,219000811,54.838718,11.491810,0.0,Under way using engine
2026-08-27T16:53:35Z,219002177,54.916357,11.363742,4.3,Under way using engine
2026-08-27T16:53:44Z,219000809,54.917140,11.416852,9.3,Under way using engine
2026-08-27T16:53:59Z,219000811,54.838718,11.491812,0.0,Under way using engine
2026-08-27T16:54:05Z,219002177,54.916405,11.364772,4.5,Under way using engine
2026-08-27T16:54:23Z,219000809,54.916068,11.414645,9.2,Under way using engine
2026-08-27T16:54:29Z,219000811,54.838717,11.491810,0.0,Under way using engine
2026-08-27T16:54:35Z,219002177,54.916475,11.365900,4.6,Under way using engine
2026-08-27T16:54:53Z,219000809,54.915255,11.412880,9.4,Under way using engine
2026-08-27T16:54:59Z,219000811,54.838717,11.491810,0.0,Under way using engine
2026-08-27T16:55:05Z,219002177,54.916535,11.366997,4.6,Under way using engine
2026-08-27T16:55:23Z,219000809,54.914427,11.411127,9.3,Under way using engine
2026-08-27T16:55:29Z,219000811,54.838713,11.491808,0.1,Under way using engine
2026-08-27T16:55:35Z,219002177,54.916603,11.368093,4.6,Under way using engine
2026-08-27T16:55:53Z,219000809,54.913625,11.409385,9.3,Under way using engine
2026-08-27T16:55:59Z,219000811,54.838713,11.491810,0.0,Under way using engine
2026-08-27T16:56:05Z,219002177,54.916722,11.369208,4.8,Under way using engine
2026-08-27T16:56:25Z,219000809,54.912755,11.407532,9.4,Under way using engine
2026-08-27T16:56:29Z,219000811,54.838715,11.491812,0.0,Under way using engine
2026-08-27T16:56:35Z,219002177,54.916910,11.370360,4.8,Under way using engine
2026-08-27T16:56:59Z,219000811,54.838715,11.491812,0.0,Under way using engine
2026-08-27T16:57:03Z,219000809,54.911722,11.405322,9.4,Under way using engine
2026-08-27T16:57:05Z,219002177,54.917382,11.371013,4.8,Under way using engine
2026-08-27T16:57:30Z,219000811,54.838713,11.491813,0.0,Under way using engine
2026-08-27T16:57:34Z,219000809,54.910868,11.403532,9.3,Under way using engine
2026-08-27T16:57:35Z,219002177,54.918152,11.371087,5.6,Under way using engine
2026-08-27T16:58:09Z,219000811,54.838712,11.491810,0.0,Under way using engine
2026-08-27T16:58:13Z,219000809,54.909822,11.401212,9.4,Under way using engine
2026-08-27T16:58:15Z,219002177,54.919233,11.371245,6.2,Under way using engine
2026-08-27T16:58:44Z,219000809,54.909082,11.399243,9.5,Under way using engine
2026-08-27T16:58:50Z,219000811,54.838712,11.491813,0.0,Under way using engine
2026-08-27T16:58:55Z,219002177,54.920410,11.371465,6.6,Under way using engine
2026-08-27T16:59:20Z,219000811,54.838713,11.491813,0.0,Under way using engine
2026-08-27T16:59:25Z,219000809,54.908265,11.396442,9.5,Under way using engine
2026-08-27T16:59:35Z,219002177,54.921730,11.371545,7.1,Under way using engine
2026-08-27T16:59:50Z,219000811,54.838715,11.491815,0.0,Under way using engine
2026-08-27T16:59:57Z,219000809,54.908152,11.394173,8.7,Under way using engine
2026-08-27T17:00:15Z,219002177,54.923055,11.371597,7.5,Under way using engine
2026-08-27T17:00:20Z,219000811,54.838717,11.491817,0.0,Under way using engine
2026-08-27T17:00:27Z,219000809,54.908878,11.392352,9.5,Under way using engine
2026-08-27T17:00:50Z,219000811,54.838720,11.491817,0.0,Under way using engine
2026-08-27T17:00:54Z,219002177,54.924448,11.371620,7.6,Under way using engine
2026-08-27T17:01:03Z,219000809,54.909910,11.390135,10.0,Under way using engine
2026-08-27T17:01:20Z,219000811,54.838725,11.491815,0.0,Under way using engine
2026-08-27T17:01:25Z,219002177,54.925518,11.371608,7.7,Under way using engine
2026-08-27T17:01:35Z,219000809,54.910840,11.388127,10.1,Under way using engine
2026-08-27T17:01:50Z,219000811,54.838727,11.491818,0.0,Under way using engine
2026-08-27T17:02:04Z,219002177,54.926902,11.371582,7.7,Under way using engine
2026-08-27T17:02:13Z,219000809,54.911987,11.385787,10.1,Under way using engine
2026-08-27T17:02:20Z,219000811,54.838725,11.491818,0.0,Under way using engine
2026-08-27T17:02:34Z,219002177,54.927955,11.371537,7.7,Under way using engine
2026-08-27T17:02:44Z,219000809,54.912908,11.383872,10.1,Under way using engine
2026-08-27T17:02:50Z,219000811,54.838725,11.491818,0.0,Under way using engine
2026-08-27T17:03:04Z,219002177,54.929015,11.371498,7.7,Under way using engine
2026-08-27T17:03:14Z,219000809,54.913775,11.381982,10.0,Under way using engine
2026-08-27T17:03:20Z,219000811,54.838723,11.491817,0.0,Under way using engine
2026-08-27T17:03:34Z,219002177,54.930088,11.371463,7.6,Under way using engine
2026-08-27T17:03:44Z,219000809,54.914605,11.380052,10.1,Under way using engine
2026-08-27T17:03:50Z,219000811,54.838722,11.491817,0.0,Under way using engine
2026-08-27T17:04:04Z,219002177,54.931145,11.371443,7.6,Under way using engine
2026-08-27T17:04:14Z,219000809,54.915417,11.378092,10.0,Under way using engine
2026-08-27T17:04:20Z,219000811,54.838722,11.491820,0.0,Under way using engine
2026-08-27T17:04:34Z,219002177,54.932193,11.371430,7.5,Under way using engine
2026-08-27T17:04:44Z,219000809,54.916132,11.376057,9.9,Under way using engine
2026-08-27T17:04:50Z,219000811,54.838725,11.491823,0.0,Under way using engine
2026-08-27T17:05:04Z,219002177,54.933232,11.371447,7.4,Under way using engine
2026-08-27T17:05:14Z,219000809,54.916650,11.373915,9.5,Under way using engine
2026-08-27T17:05:28Z,219000811,54.838727,11.491825,0.0,Under way using engine
2026-08-27T17:05:34Z,219002177,54.934213,11.371428,7.0,Under way using engine
2026-08-27T17:05:47Z,219000809,54.916882,11.371498,9.2,Under way using engine
2026-08-27T17:05:59Z,219000811,54.838727,11.491825,0.0,Under way using engine
2026-08-27T17:06:04Z,219002177,54.935065,11.371473,5.4,Under way using engine
2026-08-27T17:06:17Z,219000809,54.916790,11.369298,9.2,Under way using engine
2026-08-27T17:06:34Z,219002177,54.935550,11.371630,2.6,Under way using engine
2026-08-27T17:06:39Z,219000811,54.838727,11.491823,0.1,Under way using engine
2026-08-27T17:06:55Z,219000809,54.916670,11.366703,8.4,Under way using engine
2026-08-27T17:07:04Z,219002177,54.935765,11.371800,1.5,Under way using engine
2026-08-27T17:07:09Z,219000811,54.838728,11.491820,0.0,Under way using engine
2026-08-27T17:07:33Z,219000809,54.916457,11.364232,7.8,Under way using engine
2026-08-27T17:07:34Z,219002177,54.935895,11.371910,0.9,Under way using engine
2026-08-27T17:07:39Z,219000811,54.838728,11.491822,0.0,Under way using engine
2026-08-27T17:08:03Z,219000809,54.916298,11.362457,7.2,Under way using engine
2026-08-27T17:08:04Z,219002177,54.935965,11.371973,0.2,Under way using engine
2026-08-27T17:08:09Z,219000811,54.838728,11.491822,0.0,Under way using engine
2026-08-27T17:08:33Z,219000809,54.916145,11.360890,6.0,Under way using engine
2026-08-27T17:08:34Z,219002177,54.935970,11.371965,0.0,Under way using engine
2026-08-27T17:08:39Z,219000811,54.838727,11.491820,0.1,Under way using engine
2026-08-27T17:09:03Z,219000809,54.915952,11.360617,0.4,Under way using engine
2026-08-27T17:09:04Z,219002177,54.935967,11.371972,0.0,Under way using engine
2026-08-27T17:09:09Z,219000811,54.838723,11.491820,0.0,Under way using engine
2026-08-27T17:09:33Z,219000809,54.916005,11.360378,1.2,Under way using engine
2026-08-27T17:09:34Z,219002177,54.935962,11.371970,0.0,Under way using engine
2026-08-27T17:09:39Z,219000811,54.838723,11.491820,0.0,Under way using engine
2026-08-27T17:10:03Z,219000809,54.916035,11.360147,0.7,Under way using engine
2026-08-27T17:10:04Z,219002177,54.935960,11.371973,0.0,Under way using engine
2026-08-27T17:10:09Z,219000811,54.838723,11.491822,0.0,Under way using engine
2026-08-27T17:10:33Z,219000809,54.916055,11.360075,0.4,Under way using engine
2026-08-27T17:10:34Z,219002177,54.935963,11.371973,0.0,Under way using engine
2026-08-27T17:10:39Z,219000811,54.838723,11.491822,0.0,Under way using engine
2026-08-27T17:11:03Z,219000809,54.916067,11.360023,0.1,Under way using engine
2026-08-27T17:11:04Z,219002177,54.935968,11.371977,0.0,Under way using engine
2026-08-27T17:11:09Z,219000811,54.838727,11.491820,0.1,Under way using engine
2026-08-27T17:11:33Z,219000809,54.916082,11.360033,0.0,Under way using engine
2026-08-27T17:11:34Z,219002177,54.935973,11.371982,0.0,Under way using engine
2026-08-27T17:11:39Z,219000811,54.838727,11.491820,0.0,Under way using engine
2026-08-27T17:12:03Z,219000809,54.916073,11.360030,0.0,Under way using engine
2026-08-27T17:12:04Z,219002177,54.935970,11.371978,0.0,Under way using engine
2026-08-27T17:12:09Z,219000811,54.838727,11.491820,0.0,Under way using engine
2026-08-27T17:12:33Z,219000809,54.916068,11.360025,0.0,Under way using engine
2026-08-27T17:12:34Z,219002177,54.935967,11.371967,0.0,Under way using engine
2026-08-27T17:12:40Z,219000811,54.838728,11.491817,0.0,Under way using engine
2026-08-27T17:13:03Z,219000809,54.916073,11.360028,0.0,Under way using engine
2026-08-27T17:13:04Z,219002177,54.935967,11.371982,0.0,Under way using engine
2026-08-27T17:13:20Z,219000811,54.838727,11.491817,0.0,Under way using engine
2026-08-27T17:13:33Z,219000809,54.916075,11.360033,0.0,Under way using engine
2026-08-27T17:13:34Z,219002177,54.935972,11.371980,0.0,Under way using engine
2026-08-27T17:13:50Z,219000811,54.838727,11.491817,0.0,Under way using engine
2026-08-27T17:14:03Z,219000809,54.916073,11.360037,0.0,Under way using engine
2026-08-27T17:14:04Z,219002177,54.935972,11.371987,0.0,Under way using engine
2026-08-27T17:14:20Z,219000811,54.838727,11.491820,0.0,Under way using engine
2026-08-27T17:14:33Z,219000809,54.916070,11.360043,0.0,Under way using engine
2026-08-27T17:14:44Z,219002177,54.935965,11.371983,0.0,Under way using engine
2026-08-27T17:14:50Z,219000811,54.838727,11.491822,0.0,Under way using engine
2026-08-27T17:15:03Z,219000809,54.916067,11.360043,0.0,Under way using engine
2026-08-27T17:15:14Z,219002177,54.935903,11.371918,1.0,Under way using engine
2026-08-27T17:15:20Z,219000811,54.838725,11.491822,0.0,Under way using engine
2026-08-27T17:15:33Z,219000809,54.916065,11.360040,0.0,Under way using engine
2026-08-27T17:15:44Z,219002177,54.935660,11.371768,2.2,Under way using engine
2026-08-27T17:15:50Z,219000811,54.838725,11.491820,0.0,Under way using engine
2026-08-27T17:16:04Z,219000809,54.916065,11.360040,0.0,Under way using engine
2026-08-27T17:16:14Z,219002177,54.935275,11.371447,3.5,Under way using engine
2026-08-27T17:16:20Z,219000811,54.838723,11.491822,0.0,Under way using engine
2026-08-27T17:16:44Z,219000809,54.916072,11.360040,0.0,Under way using engine
2026-08-27T17:16:44Z,219002177,54.934788,11.371053,4.0,Under way using engine
2026-08-27T17:16:50Z,219000811,54.838725,11.491822,0.0,Under way using engine
2026-08-27T17:17:14Z,219000809,54.916075,11.360035,0.0,Under way using engine
2026-08-27T17:17:14Z,219002177,54.934135,11.370887,5.1,Under way using engine
2026-08-27T17:17:20Z,219000811,54.838723,11.491822,0.0,Under way using engine
2026-08-27T17:17:44Z,219000809,54.916063,11.360027,0.0,Under way using engine
2026-08-27T17:17:44Z,219002177,54.933382,11.370755,5.8,Under way using engine
2026-08-27T17:17:50Z,219000811,54.838723,11.491820,0.1,Under way using engine
2026-08-27T17:18:14Z,219000809,54.916065,11.360027,0.0,Under way using engine
2026-08-27T17:18:14Z,219002177,54.932500,11.370557,6.3,Under way using engine
2026-08-27T17:18:23Z,219000811,54.838722,11.491820,0.0,Under way using engine
2026-08-27T17:18:44Z,219000809,54.916072,11.360037,0.0,Under way using engine
2026-08-27T17:18:44Z,219002177,54.931648,11.370447,6.4,Under way using engine
2026-08-27T17:18:59Z,219000811,54.838722,11.491820,0.0,Under way using engine
2026-08-27T17:19:14Z,219000809,54.916067,11.360040,0.0,Under way using engine
2026-08-27T17:19:14Z,219002177,54.930735,11.370490,6.4,Under way using engine
2026-08-27T17:19:30Z,219000811,54.838722,11.491820,0.1,Under way using engine
2026-08-27T17:19:44Z,219000809,54.916075,11.360040,0.0,Under way using engine
2026-08-27T17:19:55Z,219002177,54.929552,11.370505,6.4,Under way using engine
2026-08-27T17:20:10Z,219000811,54.838722,11.491823,0.0,Under way using engine
2026-08-27T17:20:14Z,219000809,54.916082,11.360033,0.0,Under way using engine
2026-08-27T17:20:34Z,219002177,54.928392,11.370533,6.4,Under way using engine
2026-08-27T17:20:44Z,219000809,54.916080,11.360030,0.0,Under way using engine
2026-08-27T17:20:50Z,219000811,54.838723,11.491823,0.0,Under way using engine
2026-08-27T17:21:05Z,219002177,54.927493,11.370608,6.3,Under way using engine
2026-08-27T17:21:14Z,219000809,54.916080,11.360030,0.0,Under way using engine
2026-08-27T17:21:30Z,219000811,54.838725,11.491822,0.0,Under way using engine
2026-08-27T17:21:44Z,219000809,54.916087,11.360040,0.0,Under way using engine
2026-08-27T17:21:44Z,219002177,54.926375,11.370690,6.3,Under way using engine
2026-08-27T17:22:10Z,219000811,54.838722,11.491818,0.0,Under way using engine
2026-08-27T17:22:14Z,219000809,54.916080,11.360040,0.0,Under way using engine
2026-08-27T17:22:14Z,219002177,54.925477,11.370713,6.3,Under way using engine
2026-08-27T17:22:44Z,219000809,54.916075,11.360045,0.0,Under way using engine
2026-08-27T17:22:44Z,219002177,54.924647,11.370730,6.2,Under way using engine
2026-08-27T17:22:50Z,219000811,54.838718,11.491820,0.0,Under way using engine
2026-08-27T17:23:14Z,219002177,54.923757,11.370762,6.2,Under way using engine
2026-08-27T17:23:20Z,219000811,54.838718,11.491818,0.0,Under way using engine
2026-08-27T17:23:25Z,219000809,54.916070,11.360053,0.0,Under way using engine
2026-08-27T17:23:44Z,219002177,54.922935,11.370807,6.1,Under way using engine
2026-08-27T17:23:50Z,219000811,54.838717,11.491815,0.0,Under way using engine
2026-08-27T17:24:04Z,219000809,54.916073,11.360048,0.0,Under way using engine
2026-08-27T17:24:14Z,219002177,54.922062,11.370863,6.1,Under way using engine
2026-08-27T17:24:20Z,219000811,54.838717,11.491817,0.0,Under way using engine
2026-08-27T17:24:34Z,219000809,54.916070,11.360042,0.0,Under way using engine
2026-08-27T17:24:44Z,219002177,54.921255,11.370927,6.0,Under way using engine
2026-08-27T17:24:50Z,219000811,54.838715,11.491817,0.0,Under way using engine
2026-08-27T17:25:04Z,219000809,54.916083,11.360047,0.0,Under way using engine
2026-08-27T17:25:14Z,219002177,54.920398,11.371023,6.0,Under way using engine
2026-08-27T17:25:20Z,219000811,54.838715,11.491818,0.0,Under way using engine
2026-08-27T17:25:34Z,219000809,54.916080,11.360055,0.0,Under way using engine
2026-08-27T17:25:44Z,219002177,54.919555,11.371098,6.1,Under way using engine
2026-08-27T17:25:50Z,219000811,54.838715,11.491820,0.0,Under way using engine
2026-08-27T17:26:04Z,219000809,54.916077,11.360052,0.0,Under way using engine
2026-08-27T17:26:14Z,219002177,54.918697,11.371125,6.2,Under way using engine
2026-08-27T17:26:20Z,219000811,54.838713,11.491822,0.0,Under way using engine
2026-08-27T17:26:34Z,219000809,54.916075,11.360055,0.0,Under way using engine
2026-08-27T17:26:44Z,219002177,54.917840,11.371183,6.2,Under way using engine
2026-08-27T17:26:59Z,219000811,54.838713,11.491827,0.0,Under way using engine
2026-08-27T17:27:04Z,219000809,54.916075,11.360043,0.0,Under way using engine
2026-08-27T17:27:14Z,219002177,54.917060,11.370858,5.7,Under way using engine
2026-08-27T17:27:30Z,219000811,54.838712,11.491830,0.0,Under way using engine
2026-08-27T17:27:34Z,219000809,54.916077,11.360038,0.0,Under way using engine
2026-08-27T17:27:44Z,219002177,54.916740,11.369625,5.9,Under way using engine
2026-08-27T17:28:04Z,219000809,54.916078,11.360042,0.0,Under way using engine
2026-08-27T17:28:10Z,219000811,54.838713,11.491830,0.0,Under way using engine
2026-08-27T17:28:14Z,219002177,54.916617,11.368077,6.6,Under way using engine
2026-08-27T17:28:34Z,219000809,54.916073,11.360037,0.0,Under way using engine
2026-08-27T17:28:40Z,219000811,54.838715,11.491830,0.0,Under way using engine
2026-08-27T17:28:44Z,219002177,54.916457,11.366427,7.0,Under way using engine
2026-08-27T17:29:04Z,219000809,54.916072,11.360032,0.0,Under way using engine
2026-08-27T17:29:10Z,219000811,54.838717,11.491832,0.0,Under way using engine
2026-08-27T17:29:14Z,219002177,54.916393,11.364732,7.0,Under way using engine
2026-08-27T17:29:34Z,219000809,54.916072,11.360033,0.0,Under way using engine
2026-08-27T17:29:40Z,219000811,54.838717,11.491835,0.0,Under way using engine
2026-08-27T17:29:44Z,219002177,54.916353,11.363177,6.1,Under way using engine
2026-08-27T17:30:04Z,219000809,54.916072,11.360043,0.0,Under way using engine
2026-08-27T17:30:14Z,219002177,54.916343,11.361875,5.0,Under way using engine
2026-08-27T17:30:20Z,219000811,54.838720,11.491833,0.0,Under way using engine
2026-08-27T17:30:34Z,219000809,54.916068,11.360045,0.0,Under way using engine
2026-08-27T17:30:44Z,219002177,54.916365,11.361032,2.6,Under way using engine
2026-08-27T17:30:59Z,219000811,54.838725,11.491835,0.0,Under way using engine
2026-08-27T17:31:04Z,219000809,54.916063,11.360042,0.0,Under way using engine
2026-08-27T17:31:14Z,219002177,54.916347,11.360617,1.4,Under way using engine
2026-08-27T17:31:29Z,219000811,54.838727,11.491837,0.0,Under way using engine
2026-08-27T17:31:34Z,219000809,54.916062,11.360047,0.0,Under way using engine
2026-08-27T17:31:44Z,219002177,54.916352,11.360537,0.0,Under way using engine
2026-08-27T17:31:59Z,219000811,54.838728,11.491840,0.0,Under way using engine
2026-08-27T17:32:04Z,219000809,54.916047,11.360218,2.1,Under way using engine
2026-08-27T17:32:14Z,219002177,54.916353,11.360545,0.0,Under way using engine
2026-08-27T17:32:29Z,219000811,54.838727,11.491840,0.0,Under way using engine
2026-08-27T17:32:34Z,219000809,54.916148,11.361600,6.9,Under way using engine
2026-08-27T17:32:44Z,219002177,54.916345,11.360548,0.0,Under way using engine
2026-08-27T17:32:59Z,219000811,54.838725,11.491838,0.0,Under way using engine
2026-08-27T17:33:04Z,219000809,54.916353,11.363427,7.8,Under way using engine
2026-08-27T17:33:14Z,219002177,54.916367,11.360542,0.0,Under way using engine
2026-08-27T17:33:30Z,219000811,54.838723,11.491840,0.0,Under way using engine
2026-08-27T17:33:34Z,219000809,54.916452,11.365365,8.2,Under way using engine
2026-08-27T17:33:44Z,219002177,54.916348,11.360533,0.0,Under way using engine
2026-08-27T17:34:09Z,219000811,54.838722,11.491840,0.0,Under way using engine
2026-08-27T17:34:15Z,219000809,54.916653,11.368020,8.4,Under way using engine
2026-08-27T17:34:15Z,219002177,54.916340,11.360542,0.0,Under way using engine
2026-08-27T17:34:39Z,219000811,54.838722,11.491833,0.0,Under way using engine
2026-08-27T17:34:50Z,219000809,54.916773,11.370440,8.3,Under way using engine
2026-08-27T17:34:55Z,219002177,54.916347,11.360543,0.0,Under way using engine
2026-08-27T17:35:09Z,219000811,54.838722,11.491833,0.0,Under way using engine
2026-08-27T17:35:20Z,219000809,54.916672,11.372213,7.1,Under way using engine
2026-08-27T17:35:33Z,219002177,54.916342,11.360535,0.0,Under way using engine
2026-08-27T17:35:39Z,219000811,54.838720,11.491833,0.0,Under way using engine
2026-08-27T17:35:54Z,219000809,54.916388,11.374065,6.9,Under way using engine
2026-08-27T17:36:05Z,219002177,54.916357,11.360538,0.0,Under way using engine
2026-08-27T17:36:09Z,219000811,54.838723,11.491833,0.0,Under way using engine
2026-08-27T17:36:24Z,219000809,54.915852,11.375758,8.4,Under way using engine
2026-08-27T17:36:39Z,219000811,54.838725,11.491830,0.0,Under way using engine
2026-08-27T17:36:44Z,219002177,54.916360,11.360530,0.0,Under way using engine
2026-08-27T17:36:54Z,219000809,54.915195,11.377522,8.8,Under way using engine
2026-08-27T17:37:09Z,219000811,54.838727,11.491827,0.0,Under way using engine
2026-08-27T17:37:15Z,219002177,54.916365,11.360528,0.0,Under way using engine
2026-08-27T17:37:25Z,219000809,54.914455,11.379318,9.0,Under way using engine
2026-08-27T17:37:39Z,219000811,54.838727,11.491825,0.0,Under way using engine
2026-08-27T17:37:55Z,219002177,54.916370,11.360545,0.0,Under way using engine
2026-08-27T17:38:03Z,219000809,54.913510,11.381535,9.1,Under way using engine
2026-08-27T17:38:09Z,219000811,54.838723,11.491822,0.0,Under way using engine
2026-08-27T17:38:35Z,219000809,54.912730,11.383343,9.1,Under way using engine
2026-08-27T17:38:39Z,219000811,54.838723,11.491822,0.0,Under way using engine
2026-08-27T17:38:44Z,219002177,54.916355,11.360543,0.0,Under way using engine
2026-08-27T17:39:09Z,219000811,54.838723,11.491823,0.0,Under way using engine
2026-08-27T17:39:15Z,219000809,54.911700,11.385670,9.1,Under way using engine
2026-08-27T17:39:15Z,219002177,54.916352,11.360543,0.0,Under way using engine
2026-08-27T17:39:45Z,219002177,54.916357,11.360537,0.0,Under way using engine
2026-08-27T17:39:50Z,219000811,54.838722,11.491820,0.1,Under way using engine
2026-08-27T17:39:54Z,219000809,54.910660,11.387978,9.2,Under way using engine
2026-08-27T17:40:24Z,219002177,54.916360,11.360552,0.0,Under way using engine
2026-08-27T17:40:25Z,219000809,54.909840,11.389760,9.2,Under way using engine
2026-08-27T17:40:30Z,219000811,54.838722,11.491822,0.0,Under way using engine
2026-08-27T17:40:55Z,219002177,54.916358,11.360558,0.0,Under way using engine
2026-08-27T17:41:04Z,219000809,54.908813,11.391997,9.1,Under way using engine
2026-08-27T17:41:10Z,219000811,54.838723,11.491820,0.0,Under way using engine
2026-08-27T17:41:35Z,219000809,54.908088,11.393812,9.2,Under way using engine
2026-08-27T17:41:45Z,219002177,54.916348,11.360740,1.0,Under way using engine
2026-08-27T17:41:49Z,219000811,54.838723,11.491817,0.0,Under way using engine
2026-08-27T17:42:13Z,219000809,54.907162,11.396230,9.3,Under way using engine
2026-08-27T17:42:15Z,219002177,54.916307,11.361200,2.3,Under way using engine
2026-08-27T17:42:20Z,219000811,54.838722,11.491815,0.0,Under way using engine
2026-08-27T17:42:44Z,219000809,54.906462,11.398227,9.4,Under way using engine
2026-08-27T17:42:45Z,219002177,54.916305,11.361873,3.2,Under way using engine
2026-08-27T17:42:58Z,219000811,54.838718,11.491817,0.0,Under way using engine
2026-08-27T17:43:15Z,219002177,54.916342,11.362750,3.6,Under way using engine
2026-08-27T17:43:25Z,219000809,54.905652,11.400902,9.4,Under way using engine
2026-08-27T17:43:30Z,219000811,54.838715,11.491822,0.0,Under way using engine
2026-08-27T17:43:45Z,219002177,54.916380,11.363590,3.7,Under way using engine
2026-08-27T17:44:04Z,219000809,54.904868,11.403613,9.5,Under way using engine
2026-08-27T17:44:10Z,219000811,54.838715,11.491823,0.0,Under way using engine
2026-08-27T17:44:15Z,219002177,54.916450,11.364520,3.8,Under way using engine
2026-08-27T17:44:44Z,219000809,54.904148,11.406402,9.6,Under way using engine
2026-08-27T17:44:45Z,219002177,54.916512,11.365408,3.9,Under way using engine
2026-08-27T17:44:49Z,219000811,54.838713,11.491827,0.0,Under way using engine
2026-08-27T17:45:15Z,219002177,54.916573,11.366375,4.0,Under way using engine
2026-08-27T17:45:20Z,219000811,54.838715,11.491823,0.0,Under way using engine
2026-08-27T17:45:24Z,219000809,54.903420,11.409217,9.6,Under way using engine
2026-08-27T17:45:45Z,219002177,54.916650,11.367287,4.0,Under way using engine
2026-08-27T17:45:54Z,219000809,54.902863,11.411333,9.6,Under way using engine
2026-08-27T17:46:00Z,219000811,54.838715,11.491822,0.0,Under way using engine
2026-08-27T17:46:15Z,219002177,54.916718,11.368272,4.0,Under way using engine
2026-08-27T17:46:24Z,219000809,54.902307,11.413430,9.5,Under way using engine
2026-08-27T17:46:30Z,219000811,54.838715,11.491825,0.0,Under way using engine
2026-08-27T17:46:55Z,219002177,54.916840,11.369513,4.0,Under way using engine
2026-08-27T17:47:00Z,219000811,54.838715,11.491823,0.0,Under way using engine
2026-08-27T17:47:04Z,219000809,54.901597,11.416193,9.5,Under way using engine
2026-08-27T17:47:34Z,219002177,54.917123,11.370607,3.8,Under way using engine
2026-08-27T17:47:38Z,219000811,54.838715,11.491820,0.0,Under way using engine
2026-08-27T17:47:44Z,219000809,54.900872,11.418920,9.3,Under way using engine
2026-08-27T17:48:04Z,219002177,54.917695,11.370805,4.7,Under way using engine
2026-08-27T17:48:09Z,219000811,54.838715,11.491822,0.0,Under way using engine
2026-08-27T17:48:14Z,219000809,54.900345,11.420877,9.2,Under way using engine
2026-08-27T17:48:34Z,219002177,54.918430,11.370880,5.6,Under way using engine
2026-08-27T17:48:44Z,219000809,54.899807,11.422887,9.2,Under way using engine
2026-08-27T17:48:48Z,219000811,54.838715,11.491823,0.0,Under way using engine
2026-08-27T17:49:04Z,219002177,54.919268,11.370992,6.1,Under way using engine
2026-08-27T17:49:14Z,219000809,54.899280,11.424918,9.3,Under way using engine
2026-08-27T17:49:20Z,219000811,54.838713,11.491823,0.0,Under way using engine
2026-08-27T17:49:34Z,219002177,54.920190,11.371080,6.5,Under way using engine
2026-08-27T17:49:44Z,219000809,54.898745,11.426938,9.2,Under way using engine
2026-08-27T17:50:00Z,219000811,54.838713,11.491823,0.0,Under way using engine
2026-08-27T17:50:04Z,219002177,54.921100,11.371107,6.9,Under way using engine
2026-08-27T17:50:14Z,219000809,54.898218,11.428957,9.2,Under way using engine
2026-08-27T17:50:34Z,219002177,54.922123,11.371097,7.3,Under way using engine
2026-08-27T17:50:38Z,219000811,54.838713,11.491825,0.0,Under way using engine
2026-08-27T17:50:44Z,219000809,54.897680,11.430975,9.2,Under way using engine
2026-08-27T17:51:04Z,219002177,54.923123,11.371043,7.5,Under way using engine
2026-08-27T17:51:09Z,219000811,54.838717,11.491825,0.0,Under way using engine
2026-08-27T17:51:24Z,219000809,54.896975,11.433763,9.3,Under way using engine
2026-08-27T17:51:34Z,219002177,54.924220,11.370988,7.7,Under way using engine
2026-08-27T17:51:48Z,219000811,54.838718,11.491828,0.0,Under way using engine
2026-08-27T17:51:54Z,219000809,54.896475,11.435822,9.3,Under way using engine
2026-08-27T17:52:04Z,219002177,54.925252,11.370933,7.7,Under way using engine
2026-08-27T17:52:20Z,219000811,54.838720,11.491830,0.0,Under way using engine
2026-08-27T17:52:25Z,219000809,54.895918,11.437805,9.1,Under way using engine
2026-08-27T17:52:34Z,219002177,54.926360,11.370868,7.8,Under way using engine
2026-08-27T17:53:00Z,219000811,54.838718,11.491833,0.0,Under way using engine
2026-08-27T17:53:04Z,219000809,54.894938,11.440220,9.3,Under way using engine
2026-08-27T17:53:04Z,219002177,54.927408,11.370790,7.8,Under way using engine
2026-08-27T17:53:30Z,219000811,54.838717,11.491833,0.0,Under way using engine
2026-08-27T17:53:34Z,219000809,54.894210,11.442040,9.2,Under way using engine
2026-08-27T17:53:34Z,219002177,54.928530,11.370713,7.8,Under way using engine
2026-08-27T17:54:00Z,219000811,54.838717,11.491833,0.0,Under way using engine
2026-08-27T17:54:04Z,219000809,54.893485,11.443875,9.3,Under way using engine
2026-08-27T17:54:14Z,219002177,54.929925,11.370603,7.8,Under way using engine
2026-08-27T17:54:30Z,219000811,54.838718,11.491835,0.0,Under way using engine
2026-08-27T17:54:34Z,219000809,54.892740,11.445707,9.3,Under way using engine
2026-08-27T17:54:45Z,219002177,54.931067,11.370510,7.7,Under way using engine
2026-08-27T17:55:04Z,219000809,54.892015,11.447547,9.3,Under way using engine
2026-08-27T17:55:09Z,219000811,54.838715,11.491833,0.0,Under way using engine
2026-08-27T17:55:24Z,219002177,54.932443,11.370432,7.6,Under way using engine
2026-08-27T17:55:34Z,219000809,54.891257,11.449327,9.2,Under way using engine
2026-08-27T17:55:39Z,219000811,54.838713,11.491835,0.0,Under way using engine
2026-08-27T17:55:55Z,219002177,54.933487,11.370390,7.4,Under way using engine
2026-08-27T17:56:04Z,219000809,54.890498,11.451083,9.1,Under way using engine
2026-08-27T17:56:09Z,219000811,54.838712,11.491833,0.0,Under way using engine
2026-08-27T17:56:34Z,219000809,54.889732,11.452780,8.9,Under way using engine
2026-08-27T17:56:35Z,219002177,54.934633,11.370843,5.7,Under way using engine
2026-08-27T17:56:39Z,219000811,54.838713,11.491832,0.0,Under way using engine
2026-08-27T17:57:04Z,219000809,54.888932,11.454418,9.0,Under way using engine
2026-08-27T17:57:09Z,219000811,54.838713,11.491830,0.0,Under way using engine
2026-08-27T17:57:14Z,219002177,54.935332,11.371445,3.3,Under way using engine
2026-08-27T17:57:34Z,219000809,54.888095,11.456048,9.0,Under way using engine
2026-08-27T17:57:39Z,219000811,54.838715,11.491827,0.0,Under way using engine
2026-08-27T17:57:45Z,219002177,54.935647,11.371722,2.1,Under way using engine
2026-08-27T17:58:04Z,219000809,54.887225,11.457595,9.1,Under way using engine
2026-08-27T17:58:09Z,219000811,54.838717,11.491823,0.0,Under way using engine
2026-08-27T17:58:24Z,219002177,54.935882,11.371893,1.0,Under way using engine
2026-08-27T17:58:34Z,219000809,54.886312,11.459118,9.2,Under way using engine
2026-08-27T17:58:39Z,219000811,54.838718,11.491820,0.1,Under way using engine
2026-08-27T17:58:55Z,219002177,54.935942,11.371978,0.4,Under way using engine
2026-08-27T17:59:04Z,219000809,54.885375,11.460622,9.2,Under way using engine
2026-08-27T17:59:09Z,219000811,54.838720,11.491818,0.0,Under way using engine
2026-08-27T17:59:34Z,219000809,54.884455,11.462130,9.1,Under way using engine
2026-08-27T17:59:35Z,219002177,54.935953,11.371973,0.0,Under way using engine
2026-08-27T17:59:39Z,219000811,54.838722,11.491818,0.0,Under way using engine
2026-08-27T18:00:09Z,219000811,54.838723,11.491820,0.0,Under way using engine
2026-08-27T18:00:13Z,219000809,54.883255,11.464120,9.2,Under way using engine
2026-08-27T18:00:14Z,219002177,54.935952,11.371955,0.0,Under way using engine
2026-08-27T18:00:39Z,219000811,54.838722,11.491820,0.0,Under way using engine
2026-08-27T18:00:44Z,219000809,54.882340,11.465762,9.1,Under way using engine
2026-08-27T18:00:45Z,219002177,54.935952,11.371945,0.0,Under way using engine
2026-08-27T18:01:09Z,219000811,54.838722,11.491818,0.0,Under way using engine
2026-08-27T18:01:17Z,219000809,54.881688,11.467898,9.2,Under way using engine
2026-08-27T18:01:25Z,219002177,54.935957,11.371952,0.0,Under way using engine
2026-08-27T18:01:39Z,219000811,54.838723,11.491817,0.0,Under way using engine
2026-08-27T18:01:54Z,219000809,54.881037,11.470307,9.3,Under way using engine
2026-08-27T18:02:04Z,219002177,54.935945,11.371953,0.0,Under way using engine
2026-08-27T18:02:09Z,219000811,54.838723,11.491820,0.1,Under way using engine
2026-08-27T18:02:34Z,219000809,54.880400,11.473147,9.2,Under way using engine
2026-08-27T18:02:35Z,219002177,54.935950,11.371953,0.0,Under way using engine
2026-08-27T18:02:39Z,219000811,54.838718,11.491827,0.1,Under way using engine
2026-08-27T18:03:09Z,219000811,54.838718,11.491827,0.1,Under way using engine
2026-08-27T18:03:10Z,219000809,54.880000,11.475698,9.3,Under way using engine
2026-08-27T18:03:13Z,219002177,54.935948,11.371958,0.0,Under way using engine
2026-08-27T18:03:39Z,219000811,54.838718,11.491828,0.0,Under way using engine
2026-08-27T18:03:40Z,219000809,54.879995,11.477923,9.3,Under way using engine
2026-08-27T18:03:44Z,219002177,54.935952,11.371958,0.0,Under way using engine
2026-08-27T18:04:09Z,219000811,54.838718,11.491828,0.0,Under way using engine
2026-08-27T18:04:11Z,219000809,54.880300,11.480113,9.4,Under way using engine
2026-08-27T18:04:25Z,219002177,54.935962,11.371950,0.0,Under way using engine
2026-08-27T18:04:39Z,219000811,54.838717,11.491828,0.1,Under way using engine
2026-08-27T18:04:44Z,219000809,54.881143,11.482158,9.2,Under way using engine
2026-08-27T18:05:04Z,219002177,54.935962,11.371963,0.0,Under way using engine
2026-08-27T18:05:09Z,219000811,54.838717,11.491828,0.0,Under way using engine
2026-08-27T18:05:14Z,219000809,54.882035,11.483418,8.1,Under way using engine
2026-08-27T18:05:34Z,219002177,54.935895,11.371910,1.0,Under way using engine
2026-08-27T18:05:39Z,219000811,54.838717,11.491830,0.0,Under way using engine
2026-08-27T18:05:44Z,219000809,54.883150,11.483487,8.0,Under way using engine
2026-08-27T18:06:04Z,219002177,54.935640,11.371710,2.6,Under way using engine
2026-08-27T18:06:09Z,219000811,54.838715,11.491828,0.1,Under way using engine
2026-08-27T18:06:14Z,219000809,54.883885,11.483260,4.1,Under way using engine
2026-08-27T18:06:34Z,219002177,54.935150,11.371393,4.2,Under way using engine
2026-08-27T18:06:39Z,219000811,54.838713,11.491830,0.0,Under way using engine
2026-08-27T18:06:44Z,219000809,54.884150,11.483233,1.3,Under way using engine
2026-08-27T18:07:04Z,219002177,54.934572,11.370853,4.9,Under way using engine
2026-08-27T18:07:10Z,219000811,54.838717,11.491825,0.1,Under way using engine
2026-08-27T18:07:14Z,219000809,54.884255,11.483200,0.3,Under way using engine
2026-08-27T18:07:34Z,219002177,54.933858,11.370588,5.6,Under way using engine
2026-08-27T18:07:40Z,219000811,54.838718,11.491817,0.0,Under way using engine
2026-08-27T18:07:44Z,219000809,54.884292,11.483200,0.3,Under way using engine
2026-08-27T18:08:04Z,219002177,54.933040,11.370273,6.2,Under way using engine
2026-08-27T18:08:10Z,219000811,54.838718,11.491817,0.0,Under way using engine
2026-08-27T18:08:14Z,219000809,54.884310,11.483203,0.0,Under way using engine
2026-08-27T18:08:34Z,219002177,54.932207,11.370037,6.3,Under way using engine
2026-08-27T18:08:40Z,219000811,54.838723,11.491818,0.0,Under way using engine
2026-08-27T18:08:44Z,219000809,54.884312,11.483207,0.0,Under way using engine
2026-08-27T18:09:04Z,219002177,54.931320,11.370118,6.2,Under way using engine
2026-08-27T18:09:10Z,219000811,54.838725,11.491818,0.0,Under way using engine
2026-08-27T18:09:14Z,219000809,54.884308,11.483207,0.0,Under way using engine
2026-08-27T18:09:34Z,219002177,54.930445,11.370217,6.3,Under way using engine
2026-08-27T18:09:40Z,219000811,54.838727,11.491822,0.0,Under way using engine
2026-08-27T18:09:44Z,219000809,54.884305,11.483197,0.0,Under way using engine
2026-08-27T18:10:04Z,219002177,54.929562,11.370300,6.4,Under way using engine
2026-08-27T18:10:10Z,219000811,54.838728,11.491822,0.0,Under way using engine
2026-08-27T18:10:14Z,219000809,54.884305,11.483215,0.0,Under way using engine
2026-08-27T18:10:34Z,219002177,54.928688,11.370363,6.3,Under way using engine
2026-08-27T18:10:40Z,219000811,54.838730,11.491823,0.1,Under way using engine
2026-08-27T18:10:53Z,219000809,54.884278,11.483200,0.7,Under way using engine
2026-08-27T18:11:04Z,219002177,54.927818,11.370443,6.3,Under way using engine
2026-08-27T18:11:19Z,219000811,54.838727,11.491825,0.0,Under way using engine
2026-08-27T18:11:23Z,219000809,54.883723,11.483235,4.9,Under way using engine
2026-08-27T18:11:34Z,219002177,54.926922,11.370473,6.3,Under way using engine
2026-08-27T18:11:50Z,219000811,54.838727,11.491827,0.0,Under way using engine
2026-08-27T18:11:53Z,219000809,54.883238,11.483418,1.9,Under way using engine
2026-08-27T18:12:04Z,219002177,54.926065,11.370545,6.2,Under way using engine
2026-08-27T18:12:23Z,219000809,54.883248,11.483357,0.7,Under way using engine
2026-08-27T18:12:25Z,219000811,54.838727,11.491822,0.1,Under way using engine
2026-08-27T18:12:34Z,219002177,54.925202,11.370587,6.2,Under way using engine
2026-08-27T18:12:53Z,219000809,54.883433,11.483473,1.2,Under way using engine
2026-08-27T18:12:59Z,219000811,54.838727,11.491823,0.0,Under way using engine
2026-08-27T18:13:04Z,219002177,54.924350,11.370650,6.2,Under way using engine
2026-08-27T18:13:23Z,219000809,54.883763,11.483312,2.2,Under way using engine
2026-08-27T18:13:29Z,219000811,54.838727,11.491820,0.0,Under way using engine
2026-08-27T18:13:34Z,219002177,54.923498,11.370690,6.1,Under way using engine
2026-08-27T18:13:53Z,219000809,54.883923,11.483255,1.0,Under way using engine
2026-08-27T18:13:59Z,219000811,54.838727,11.491820,0.0,Under way using engine
2026-08-27T18:14:04Z,219002177,54.922660,11.370750,6.1,Under way using engine
2026-08-27T18:14:23Z,219000809,54.884075,11.483227,1.1,Under way using engine
2026-08-27T18:14:29Z,219000811,54.838728,11.491820,0.0,Under way using engine
2026-08-27T18:14:34Z,219002177,54.921812,11.370807,6.1,Under way using engine
2026-08-27T18:14:53Z,219000809,54.884177,11.483242,0.8,Under way using engine
2026-08-27T18:15:04Z,219002177,54.920987,11.370922,6.0,Under way using engine
2026-08-27T18:15:09Z,219000811,54.838728,11.491820,0.0,Under way using engine
2026-08-27T18:15:23Z,219000809,54.884208,11.483198,0.9,Under way using engine
2026-08-27T18:15:34Z,219002177,54.920155,11.371075,6.1,Under way using engine
2026-08-27T18:15:40Z,219000811,54.838723,11.491818,0.0,Under way using engine
2026-08-27T18:15:53Z,219000809,54.883348,11.483140,7.3,Under way using engine
2026-08-27T18:16:04Z,219002177,54.919310,11.371238,6.1,Under way using engine
2026-08-27T18:16:19Z,219000811,54.838720,11.491817,0.0,Under way using engine
2026-08-27T18:16:23Z,219000809,54.882215,11.482533,8.9,Under way using engine
2026-08-27T18:16:34Z,219002177,54.918467,11.371402,6.2,Under way using engine
2026-08-27T18:16:50Z,219000811,54.838717,11.491813,0.0,Under way using engine
2026-08-27T18:16:53Z,219000809,54.881203,11.481157,9.5,Under way using engine
2026-08-27T18:17:04Z,219002177,54.917588,11.371390,6.4,Under way using engine
2026-08-27T18:17:23Z,219000809,54.880307,11.479377,9.9,Under way using engine
2026-08-27T18:17:29Z,219000811,54.838723,11.491825,0.1,Under way using engine
2026-08-27T18:17:35Z,219002177,54.916863,11.370560,6.3,Under way using engine
2026-08-27T18:17:53Z,219000809,54.880062,11.477140,9.7,Under way using engine
2026-08-27T18:18:00Z,219000811,54.838718,11.491825,0.1,Under way using engine
2026-08-27T18:18:15Z,219002177,54.916557,11.368512,6.8,Under way using engine
2026-08-27T18:18:23Z,219000809,54.880413,11.474848,10.0,Under way using engine
2026-08-27T18:18:39Z,219000811,54.838718,11.491823,0.0,Under way using engine
2026-08-27T18:18:53Z,219000809,54.881017,11.472697,10.0,Under way using engine
2026-08-27T18:18:54Z,219002177,54.916525,11.366242,7.0,Under way using engine
2026-08-27T18:19:09Z,219000811,54.838723,11.491822,0.1,Under way using engine
2026-08-27T18:19:23Z,219000809,54.881610,11.470493,10.2,Under way using engine
2026-08-27T18:19:24Z,219002177,54.916448,11.364650,6.5,Under way using engine
2026-08-27T18:19:39Z,219000811,54.838725,11.491822,0.0,Under way using engine
2026-08-27T18:19:53Z,219000809,54.882167,11.468263,10.2,Under way using engine
2026-08-27T18:19:54Z,219002177,54.916390,11.363288,5.4,Under way using engine
2026-08-27T18:20:09Z,219000811,54.838722,11.491822,0.0,Under way using engine
2026-08-27T18:20:23Z,219000809,54.882832,11.466020,10.6,Under way using engine
2026-08-27T18:20:24Z,219002177,54.916373,11.362173,4.5,Under way using engine
2026-08-27T18:20:39Z,219000811,54.838720,11.491822,0.0,Under way using engine
2026-08-27T18:20:53Z,219000809,54.883768,11.464070,10.8,Under way using engine
2026-08-27T18:20:54Z,219002177,54.916393,11.361255,3.1,Under way using engine
2026-08-27T18:21:09Z,219000811,54.838722,11.491823,0.0,Under way using engine
2026-08-27T18:21:23Z,219000809,54.884795,11.462195,10.7,Under way using engine
2026-08-27T18:21:24Z,219002177,54.916367,11.360788,1.7,Under way using engine
2026-08-27T18:21:39Z,219000811,54.838732,11.491820,0.1,Under way using engine
2026-08-27T18:21:53Z,219000809,54.885803,11.460317,10.9,Under way using engine
2026-08-27T18:21:54Z,219002177,54.916368,11.360568,0.5,Under way using engine
2026-08-27T18:22:09Z,219000811,54.838727,11.491818,0.0,Under way using engine
2026-08-27T18:22:23Z,219000809,54.886817,11.458310,11.0,Under way using engine
2026-08-27T18:22:24Z,219002177,54.916360,11.360563,0.0,Under way using engine
2026-08-27T18:22:39Z,219000811,54.838725,11.491813,0.1,Under way using engine
2026-08-27T18:22:53Z,219000809,54.887798,11.456317,11.0,Under way using engine
2026-08-27T18:22:54Z,219002177,54.916370,11.360547,0.0,Under way using engine
2026-08-27T18:23:09Z,219000811,54.838728,11.491813,0.0,Under way using engine
2026-08-27T18:23:23Z,219000809,54.888743,11.454225,11.1,Under way using engine
2026-08-27T18:23:24Z,219002177,54.916362,11.360555,0.0,Under way using engine
2026-08-27T18:23:39Z,219000811,54.838727,11.491812,0.1,Under way using engine
2026-08-27T18:23:53Z,219000809,54.889713,11.452125,11.1,Under way using engine
2026-08-27T18:23:54Z,219002177,54.916347,11.360573,0.0,Under way using engine
2026-08-27T18:24:09Z,219000811,54.838723,11.491810,0.0,Under way using engine
2026-08-27T18:24:24Z,219000809,54.890682,11.449930,11.1,Under way using engine
2026-08-27T18:24:24Z,219002177,54.916373,11.360543,0.0,Under way using engine
2026-08-27T18:24:39Z,219000811,54.838727,11.491808,0.0,Under way using engine
2026-08-27T18:24:54Z,219002177,54.916365,11.360552,0.0,Under way using engine
2026-08-27T18:25:04Z,219000809,54.891917,11.447165,10.9,Under way using engine
2026-08-27T18:25:09Z,219000811,54.838730,11.491812,0.0,Under way using engine
2026-08-27T18:25:24Z,219002177,54.916358,11.360537,0.0,Under way using engine
2026-08-27T18:25:39Z,219000811,54.838727,11.491813,0.0,Under way using engine
2026-08-27T18:25:44Z,219000809,54.893103,11.444482,10.8,Under way using engine
2026-08-27T18:25:54Z,219002177,54.916360,11.360537,0.0,Under way using engine
2026-08-27T18:26:09Z,219000811,54.838723,11.491810,0.1,Under way using engine
2026-08-27T18:26:24Z,219000809,54.894323,11.441668,10.8,Under way using engine
2026-08-27T18:26:24Z,219002177,54.916367,11.360545,0.0,Under way using engine
2026-08-27T18:26:39Z,219000811,54.838725,11.491812,0.0,Under way using engine
2026-08-27T18:26:54Z,219002177,54.916378,11.360543,0.0,Under way using engine
2026-08-27T18:27:04Z,219000809,54.895532,11.438937,10.8,Under way using engine
2026-08-27T18:27:09Z,219000811,54.838728,11.491810,0.1,Under way using engine
2026-08-27T18:27:24Z,219002177,54.916367,11.360573,0.0,Under way using engine
2026-08-27T18:27:34Z,219000809,54.896362,11.436772,10.7,Under way using engine
2026-08-27T18:27:39Z,219000811,54.838730,11.491812,0.0,Under way using engine
2026-08-27T18:27:54Z,219002177,54.916383,11.360568,0.0,Under way using engine
2026-08-27T18:28:04Z,219000809,54.897128,11.434575,10.7,Under way using engine
2026-08-27T18:28:09Z,219000811,54.838730,11.491812,0.0,Under way using engine
2026-08-27T18:28:24Z,219002177,54.916352,11.360577,0.0,Under way using engine
2026-08-27T18:28:34Z,219000809,54.897828,11.432312,10.7,Under way using engine
2026-08-27T18:28:39Z,219000811,54.838730,11.491810,0.0,Under way using engine
2026-08-27T18:28:55Z,219002177,54.916368,11.360565,0.0,Under way using engine
2026-08-27T18:29:04Z,219000809,54.898437,11.429938,10.8,Under way using engine
2026-08-27T18:29:18Z,219000811,54.838730,11.491815,0.0,Under way using engine
2026-08-27T18:29:34Z,219000809,54.898988,11.427548,10.8,Under way using engine
2026-08-27T18:29:35Z,219002177,54.916362,11.360588,0.0,Under way using engine
2026-08-27T18:29:50Z,219000811,54.838728,11.491817,0.1,Under way using engine
2026-08-27T18:30:04Z,219000809,54.899578,11.425148,10.8,Under way using engine
2026-08-27T18:30:15Z,219002177,54.916367,11.360602,0.4,Under way using engine
2026-08-27T18:30:25Z,219000811,54.838720,11.491818,0.0,Under way using engine
2026-08-27T18:30:34Z,219000809,54.900152,11.422742,10.8,Under way using engine
2026-08-27T18:30:45Z,219002177,54.916353,11.360882,1.7,Under way using engine
2026-08-27T18:31:00Z,219000811,54.838718,11.491820,0.1,Under way using engine
2026-08-27T18:31:04Z,219000809,54.900725,11.420347,10.8,Under way using engine
2026-08-27T18:31:15Z,219002177,54.916307,11.361430,2.6,Under way using engine
2026-08-27T18:31:34Z,219000809,54.901285,11.417990,10.7,Under way using engine
2026-08-27T18:31:39Z,219000811,54.838725,11.491813,0.1,Under way using engine
2026-08-27T18:31:45Z,219002177,54.916315,11.362192,3.3,Under way using engine
2026-08-27T18:32:04Z,219000809,54.901860,11.415648,10.6,Under way using engine
2026-08-27T18:32:15Z,219002177,54.916362,11.363000,3.5,Under way using engine
2026-08-27T18:32:18Z,219000811,54.838725,11.491810,0.0,Under way using engine
2026-08-27T18:32:34Z,219000809,54.902425,11.413303,10.5,Under way using engine
2026-08-27T18:32:45Z,219002177,54.916397,11.363933,3.9,Under way using engine
2026-08-27T18:32:50Z,219000811,54.838727,11.491803,0.1,Under way using engine
2026-08-27T18:33:15Z,219000809,54.903183,11.410187,10.5,Under way using engine
2026-08-27T18:33:15Z,219002177,54.916517,11.364897,4.5,Under way using engine
2026-08-27T18:33:29Z,219000811,54.838728,11.491807,0.0,Under way using engine
2026-08-27T18:33:45Z,219002177,54.916572,11.366075,4.8,Under way using engine
2026-08-27T18:33:55Z,219000809,54.903935,11.407137,10.5,Under way using engine
2026-08-27T18:34:00Z,219000811,54.838733,11.491810,0.0,Under way using engine
2026-08-27T18:34:15Z,219002177,54.916670,11.367213,5.0,Under way using engine
2026-08-27T18:34:34Z,219000809,54.904693,11.404048,10.5,Under way using engine
2026-08-27T18:34:40Z,219000811,54.838737,11.491810,0.0,Under way using engine
2026-08-27T18:34:45Z,219002177,54.916763,11.368460,5.1,Under way using engine
2026-08-27T18:35:15Z,219000809,54.905528,11.401003,10.5,Under way using engine
2026-08-27T18:35:15Z,219002177,54.916867,11.369605,5.0,Under way using engine
2026-08-27T18:35:19Z,219000811,54.838733,11.491800,0.1,Under way using engine
2026-08-27T18:35:45Z,219002177,54.917085,11.370703,4.6,Under way using engine
2026-08-27T18:35:50Z,219000811,54.838732,11.491800,0.0,Under way using engine
2026-08-27T18:35:54Z,219000809,54.906503,11.398130,10.6,Under way using engine
2026-08-27T18:36:15Z,219002177,54.917577,11.371468,5.2,Under way using engine
2026-08-27T18:36:23Z,219000811,54.838730,11.491798,0.0,Under way using engine
2026-08-27T18:36:24Z,219000809,54.907265,11.395963,10.4,Under way using engine
2026-08-27T18:36:45Z,219002177,54.918373,11.371638,5.9,Under way using engine
2026-08-27T18:36:54Z,219000809,54.907995,11.393930,10.5,Under way using engine
2026-08-27T18:36:58Z,219000811,54.838730,11.491803,0.0,Under way using engine
2026-08-27T18:37:24Z,219000809,54.908818,11.391748,10.5,Under way using engine
2026-08-27T18:37:24Z,219002177,54.919495,11.371702,6.7,Under way using engine
2026-08-27T18:37:29Z,219000811,54.838723,11.491803,0.0,Under way using engine
2026-08-27T18:37:54Z,219000809,54.909595,11.389675,10.6,Under way using engine
2026-08-27T18:38:04Z,219002177,54.920792,11.371672,7.1,Under way using engine
2026-08-27T18:38:10Z,219000811,54.838723,11.491807,0.0,Under way using engine
2026-08-27T18:38:24Z,219000809,54.910455,11.387447,10.6,Under way using engine
2026-08-27T18:38:34Z,219002177,54.921813,11.371642,7.4,Under way using engine
2026-08-27T18:38:40Z,219000811,54.838725,11.491815,0.0,Under way using engine
2026-08-27T18:38:54Z,219000809,54.911252,11.385428,10.5,Under way using engine
2026-08-27T18:39:04Z,219002177,54.922858,11.371580,7.6,Under way using engine
2026-08-27T18:39:10Z,219000811,54.838728,11.491812,0.0,Under way using engine
2026-08-27T18:39:24Z,219000809,54.912102,11.383227,10.6,Under way using engine
2026-08-27T18:39:34Z,219002177,54.923933,11.371497,7.7,Under way using engine
2026-08-27T18:39:40Z,219000811,54.838727,11.491815,0.1,Under way using engine
2026-08-27T18:39:54Z,219000809,54.912915,11.381213,10.6,Under way using engine
2026-08-27T18:40:05Z,219002177,54.925020,11.371382,7.8,Under way using engine
2026-08-27T18:40:10Z,219000811,54.838728,11.491817,0.0,Under way using engine
2026-08-27T18:40:24Z,219000809,54.913772,11.379027,10.6,Under way using engine
2026-08-27T18:40:40Z,219000811,54.838727,11.491817,0.1,Under way using engine
2026-08-27T18:40:45Z,219002177,54.926460,11.371233,7.9,Under way using engine
2026-08-27T18:40:54Z,219000809,54.914595,11.377060,10.5,Under way using engine
2026-08-27T18:41:10Z,219000811,54.838730,11.491815,0.0,Under way using engine
2026-08-27T18:41:24Z,219002177,54.927920,11.371073,7.9,Under way using engine
2026-08-27T18:41:34Z,219000809,54.915722,11.374332,10.3,Under way using engine
2026-08-27T18:41:49Z,219000811,54.838730,11.491815,0.1,Under way using engine
2026-08-27T18:41:55Z,219002177,54.928995,11.371035,7.8,Under way using engine
2026-08-27T18:42:04Z,219000809,54.916405,11.372298,9.6,Under way using engine
2026-08-27T18:42:19Z,219000811,54.838732,11.491817,0.0,Under way using engine
2026-08-27T18:42:34Z,219000809,54.916700,11.370077,9.7,Under way using engine
2026-08-27T18:42:34Z,219002177,54.930432,11.370960,7.7,Under way using engine
2026-08-27T18:42:49Z,219000811,54.838728,11.491817,0.0,Under way using engine
2026-08-27T18:43:04Z,219000809,54.916688,11.367693,9.8,Under way using engine
2026-08-27T18:43:05Z,219002177,54.931507,11.370918,7.7,Under way using engine
2026-08-27T18:43:19Z,219000811,54.838727,11.491815,0.0,Under way using engine
2026-08-27T18:43:34Z,219000809,54.916555,11.365403,9.5,Under way using engine
2026-08-27T18:43:45Z,219002177,54.932898,11.371005,7.5,Under way using engine
2026-08-27T18:43:49Z,219000811,54.838728,11.491818,0.1,Under way using engine
2026-08-27T18:44:04Z,219000809,54.916347,11.363478,7.5,Under way using engine
2026-08-27T18:44:19Z,219000811,54.838727,11.491820,0.0,Under way using engine
2026-08-27T18:44:24Z,219002177,54.934237,11.371115,6.9,Under way using engine
2026-08-27T18:44:44Z,219000809,54.916255,11.361300,6.1,Under way using engine
2026-08-27T18:44:49Z,219000811,54.838722,11.491817,0.1,Under way using engine
2026-08-27T18:44:54Z,219002177,54.935040,11.371377,5.5,Under way using engine
2026-08-27T18:45:14Z,219000809,54.915987,11.360528,2.3,Under way using engine
2026-08-27T18:45:19Z,219000811,54.838722,11.491813,0.0,Under way using engine
2026-08-27T18:45:24Z,219002177,54.935567,11.371618,2.9,Under way using engine
2026-08-27T18:45:44Z,219000809,54.916013,11.360405,1.0,Under way using engine
2026-08-27T18:45:49Z,219000811,54.838722,11.491817,0.0,Under way using engine
2026-08-27T18:45:54Z,219002177,54.935783,11.371807,1.4,Under way using engine
2026-08-27T18:46:14Z,219000809,54.916080,11.360180,1.0,Under way using engine
2026-08-27T18:46:19Z,219000811,54.838727,11.491817,0.1,Under way using engine
2026-08-27T18:46:24Z,219002177,54.935898,11.371902,0.9,Under way using engine
2026-08-27T18:46:44Z,219000809,54.916083,11.360042,0.5,Under way using engine
2026-08-27T18:46:49Z,219000811,54.838730,11.491817,0.0,Under way using engine
2026-08-27T18:46:54Z,219002177,54.935963,11.371965,0.5,Under way using engine
2026-08-27T18:47:14Z,219000809,54.916077,11.360032,0.0,Under way using engine
2026-08-27T18:47:19Z,219000811,54.838732,11.491817,0.0,Under way using engine
2026-08-27T18:47:24Z,219002177,54.935965,11.371963,0.0,Under way using engine
2026-08-27T18:47:44Z,219000809,54.916077,11.360032,0.0,Under way using engine
2026-08-27T18:47:49Z,219000811,54.838730,11.491818,0.0,Under way using engine
2026-08-27T18:47:54Z,219002177,54.935967,11.371980,0.0,Under way using engine
2026-08-27T18:48:14Z,219000809,54.916085,11.360040,0.0,Under way using engine
2026-08-27T18:48:19Z,219000811,54.838727,11.491822,0.0,Under way using engine
2026-08-27T18:48:24Z,219002177,54.935970,11.371988,0.0,Under way using engine
2026-08-27T18:48:49Z,219000811,54.838730,11.491817,0.1,Under way using engine
2026-08-27T18:48:53Z,219000809,54.916063,11.360045,0.0,Under way using engine
2026-08-27T18:49:04Z,219002177,54.935968,11.371967,0.0,Under way using engine
2026-08-27T18:49:19Z,219000811,54.838732,11.491817,0.1,Under way using engine
2026-08-27T18:49:24Z,219000809,54.916082,11.360020,0.0,Under way using engine
2026-08-27T18:49:35Z,219002177,54.935943,11.371927,0.1,Under way using engine
2026-08-27T18:49:49Z,219000811,54.838730,11.491822,0.1,Under way using engine
2026-08-27T18:50:04Z,219000809,54.916093,11.360002,0.0,Under way using engine
2026-08-27T18:50:13Z,219002177,54.935943,11.371997,0.0,Under way using engine
2026-08-27T18:50:19Z,219000811,54.838728,11.491823,0.1,Under way using engine
2026-08-27T18:50:43Z,219000809,54.916095,11.360020,0.0,Under way using engine
2026-08-27T18:50:43Z,219002177,54.935958,11.371985,0.0,Under way using engine
2026-08-27T18:50:49Z,219000811,54.838730,11.491825,0.1,Under way using engine
2026-08-27T18:51:13Z,219002177,54.935970,11.371973,0.0,Under way using engine
2026-08-27T18:51:14Z,219000809,54.916093,11.360028,0.0,Under way using engine
2026-08-27T18:51:19Z,219000811,54.838732,11.491827,0.1,Under way using engine
2026-08-27T18:51:43Z,219002177,54.935970,11.371973,0.0,Under way using engine
2026-08-27T18:51:49Z,219000811,54.838718,11.491828,0.1,Under way using engine
2026-08-27T18:51:53Z,219000809,54.916087,11.360030,0.0,Under way using engine
2026-08-27T18:52:14Z,219002177,54.935970,11.371945,0.0,Under way using engine
2026-08-27T18:52:19Z,219000811,54.838718,11.491827,0.1,Under way using engine
2026-08-27T18:52:24Z,219000809,54.916083,11.360022,0.0,Under way using engine
2026-08-27T18:52:49Z,219000811,54.838717,11.491827,0.1,Under way using engine
2026-08-27T18:52:54Z,219002177,54.935975,11.371960,0.0,Under way using engine
2026-08-27T18:53:03Z,219000809,54.916083,11.360022,0.0,Under way using engine
2026-08-27T18:53:19Z,219000811,54.838718,11.491823,0.1,Under way using engine
2026-08-27T18:53:24Z,219002177,54.935978,11.371972,0.0,Under way using engine
2026-08-27T18:53:33Z,219000809,54.916085,11.360015,0.1,Under way using engine
2026-08-27T18:53:49Z,219000811,54.838720,11.491822,0.1,Under way using engine
2026-08-27T18:53:54Z,219002177,54.935967,11.371972,0.0,Under way using engine
2026-08-27T18:54:03Z,219000809,54.916120,11.360007,0.0,Under way using engine
2026-08-27T18:54:20Z,219000811,54.838723,11.491817,0.1,Under way using engine
2026-08-27T18:54:24Z,219002177,54.935965,11.371978,0.0,Under way using engine
2026-08-27T18:54:33Z,219000809,54.916088,11.360013,0.0,Under way using engine
2026-08-27T18:54:54Z,219002177,54.935970,11.371970,0.0,Under way using engine
2026-08-27T18:55:00Z,219000811,54.838732,11.491813,0.1,Under way using engine
2026-08-27T18:55:03Z,219000809,54.916135,11.359992,0.0,Under way using engine
2026-08-27T18:55:24Z,219002177,54.935858,11.371867,1.5,Under way using engine
2026-08-27T18:55:33Z,219000809,54.916157,11.360003,0.0,Under way using engine
2026-08-27T18:55:39Z,219000811,54.838733,11.491815,0.0,Under way using engine
2026-08-27T18:55:55Z,219002177,54.935543,11.371595,3.0,Under way using engine
2026-08-27T18:56:03Z,219000809,54.916128,11.360078,0.8,Under way using engine
2026-08-27T18:56:09Z,219000811,54.838730,11.491820,0.0,Under way using engine
2026-08-27T18:56:33Z,219000809,54.916158,11.360972,5.3,Under way using engine
2026-08-27T18:56:34Z,219002177,54.934940,11.370853,4.6,Under way using engine
2026-08-27T18:56:39Z,219000811,54.838728,11.491823,0.1,Under way using engine
2026-08-27T18:57:04Z,219002177,54.934273,11.370347,5.3,Under way using engine
2026-08-27T18:57:05Z,219000809,54.916370,11.362640,7.0,Under way using engine
2026-08-27T18:57:09Z,219000811,54.838727,11.491827,0.1,Under way using engine
2026-08-27T18:57:34Z,219002177,54.933568,11.370125,5.4,Under way using engine
2026-08-27T18:57:39Z,219000811,54.838725,11.491827,0.1,Under way using engine
2026-08-27T18:57:42Z,219000809,54.916452,11.363653,7.3,Under way using engine
2026-08-27T18:58:04Z,219002177,54.932762,11.370075,5.8,Under way using engine
2026-08-27T18:58:09Z,219000811,54.838723,11.491825,0.1,Under way using engine
2026-08-27T18:58:13Z,219000809,54.916632,11.366793,8.0,Under way using engine
2026-08-27T18:58:34Z,219002177,54.931957,11.369972,6.0,Under way using engine
2026-08-27T18:58:39Z,219000811,54.838723,11.491820,0.1,Under way using engine
2026-08-27T18:58:43Z,219000809,54.916708,11.368832,8.3,Under way using engine
2026-08-27T18:59:04Z,219002177,54.931100,11.369900,6.0,Under way using engine
2026-08-27T18:59:09Z,219000811,54.838728,11.491815,0.1,Under way using engine
2026-08-27T18:59:13Z,219000809,54.916728,11.370757,8.3,Under way using engine
2026-08-27T18:59:34Z,219002177,54.930297,11.369853,6.0,Under way using engine
2026-08-27T18:59:43Z,219000809,54.916525,11.372572,7.2,Under way using engine
2026-08-27T18:59:49Z,219000811,54.838732,11.491812,0.0,Under way using engine
2026-08-27T19:00:04Z,219002177,54.929447,11.369843,5.9,Under way using engine
2026-08-27T19:00:13Z,219000809,54.916068,11.374153,7.6,Under way using engine
2026-08-27T19:00:20Z,219000811,54.838728,11.491812,0.1,Under way using engine
2026-08-27T19:00:34Z,219002177,54.928650,11.369775,5.9,Under way using engine
2026-08-27T19:00:43Z,219000809,54.915492,11.375665,7.5,Under way using engine
2026-08-27T19:01:00Z,219000811,54.838718,11.491817,0.1,Under way using engine
2026-08-27T19:01:04Z,219002177,54.927812,11.369815,5.7,Under way using engine
2026-08-27T19:01:15Z,219000809,54.914715,11.377168,8.2,Under way using engine
2026-08-27T19:01:34Z,219002177,54.927062,11.369900,5.7,Under way using engine
2026-08-27T19:01:38Z,219000811,54.838713,11.491818,0.1,Under way using engine
2026-08-27T19:01:53Z,219000809,54.913840,11.379270,8.3,Under way using engine
2026-08-27T19:02:04Z,219002177,54.926252,11.370028,5.7,Under way using engine
2026-08-27T19:02:10Z,219000811,54.838715,11.491823,0.1,Under way using engine
2026-08-27T19:02:23Z,219000809,54.913238,11.380947,8.2,Under way using engine
2026-08-27T19:02:34Z,219002177,54.925462,11.370122,5.7,Under way using engine
2026-08-27T19:02:49Z,219000811,54.838720,11.491825,0.1,Under way using engine
2026-08-27T19:02:53Z,219000809,54.912650,11.382625,8.3,Under way using engine
2026-08-27T19:03:13Z,219002177,54.924455,11.370308,5.7,Under way using engine
2026-08-27T19:03:20Z,219000811,54.838722,11.491825,0.1,Under way using engine
2026-08-27T19:03:23Z,219000809,54.912008,11.384318,8.3,Under way using engine
2026-08-27T19:03:43Z,219002177,54.923657,11.370358,5.6,Under way using engine
2026-08-27T19:04:00Z,219000811,54.838722,11.491820,0.1,Under way using engine
2026-08-27T19:04:04Z,219000809,54.911188,11.386675,8.3,Under way using engine
2026-08-27T19:04:14Z,219002177,54.922882,11.370427,5.6,Under way using engine
2026-08-27T19:04:34Z,219000809,54.910612,11.388360,8.4,Under way using engine
2026-08-27T19:04:38Z,219000811,54.838720,11.491818,0.1,Under way using engine
2026-08-27T19:04:54Z,219002177,54.921873,11.370540,5.5,Under way using engine
2026-08-27T19:05:04Z,219000809,54.909972,11.390125,8.4,Under way using engine
2026-08-27T19:05:10Z,219000811,54.838720,11.491815,0.1,Under way using engine
2026-08-27T19:05:24Z,219002177,54.921090,11.370668,5.5,Under way using engine
2026-08-27T19:05:34Z,219000809,54.909385,11.391863,8.4,Under way using engine
2026-08-27T19:05:49Z,219000811,54.838718,11.491812,0.1,Under way using engine
2026-08-27T19:05:54Z,219002177,54.920360,11.370805,5.5,Under way using engine
2026-08-27T19:06:04Z,219000809,54.908790,11.393630,8.3,Under way using engine
2026-08-27T19:06:20Z,219000811,54.838720,11.491808,0.1,Under way using engine
2026-08-27T19:06:24Z,219002177,54.919540,11.370947,5.6,Under way using engine
2026-08-27T19:06:34Z,219000809,54.908425,11.395472,8.3,Under way using engine
2026-08-27T19:06:54Z,219002177,54.918783,11.371052,5.6,Under way using engine
2026-08-27T19:06:59Z,219000811,54.838722,11.491810,0.1,Under way using engine
2026-08-27T19:07:04Z,219000809,54.908317,11.397425,8.0,Under way using engine
2026-08-27T19:07:24Z,219002177,54.917965,11.371085,5.7,Under way using engine
2026-08-27T19:07:29Z,219000811,54.838722,11.491807,0.1,Under way using engine
2026-08-27T19:07:34Z,219000809,54.908963,11.399025,8.4,Under way using engine
2026-08-27T19:07:54Z,219002177,54.917227,11.370732,5.7,Under way using engine
2026-08-27T19:07:59Z,219000811,54.838718,11.491808,0.1,Under way using engine
2026-08-27T19:08:04Z,219000809,54.909738,11.400585,8.5,Under way using engine
2026-08-27T19:08:24Z,219002177,54.916760,11.369537,6.0,Under way using engine
2026-08-27T19:08:29Z,219000811,54.838715,11.491808,0.1,Under way using engine
2026-08-27T19:08:34Z,219000809,54.910475,11.402212,8.7,Under way using engine
2026-08-27T19:08:59Z,219000811,54.838717,11.491810,0.1,Under way using engine
2026-08-27T19:09:03Z,219002177,54.916540,11.367557,6.6,Under way using engine
2026-08-27T19:09:04Z,219000809,54.911215,11.403845,8.6,Under way using engine
2026-08-27T19:09:29Z,219000811,54.838718,11.491812,0.1,Under way using engine
2026-08-27T19:09:34Z,219000809,54.911937,11.405520,8.8,Under way using engine
2026-08-27T19:09:34Z,219002177,54.916495,11.365880,6.9,Under way using engine
2026-08-27T19:10:00Z,219000811,54.838722,11.491812,0.1,Under way using engine
2026-08-27T19:10:04Z,219000809,54.912667,11.407205,8.8,Under way using engine
2026-08-27T19:10:14Z,219002177,54.916377,11.363773,6.4,Under way using engine
2026-08-27T19:10:34Z,219000809,54.913368,11.408837,8.7,Under way using engine
2026-08-27T19:10:44Z,219002177,54.916378,11.362463,4.9,Under way using engine
2026-08-27T19:10:49Z,219000811,54.838722,11.491808,0.1,Under way using engine
2026-08-27T19:11:04Z,219000809,54.914118,11.410532,8.7,Under way using engine
2026-08-27T19:11:14Z,219002177,54.916373,11.361607,3.1,Under way using engine
2026-08-27T19:11:19Z,219000811,54.838727,11.491813,0.1,Under way using engine
2026-08-27T19:11:35Z,219000809,54.914860,11.412205,8.8,Under way using engine
2026-08-27T19:11:44Z,219002177,54.916390,11.361012,1.9,Under way using engine
2026-08-27T19:11:49Z,219000811,54.838727,11.491813,0.1,Under way using engine
2026-08-27T19:12:14Z,219000809,54.915853,11.414452,8.9,Under way using engine
2026-08-27T19:12:14Z,219002177,54.916392,11.360752,1.1,Under way using engine
2026-08-27T19:12:19Z,219000811,54.838727,11.491813,0.1,Under way using engine
2026-08-27T19:12:44Z,219002177,54.916392,11.360555,0.5,Under way using engine
2026-08-27T19:12:53Z,219000809,54.916882,11.416625,8.6,Under way using engine
2026-08-27T19:13:00Z,219000811,54.838728,11.491810,0.1,Under way using engine
2026-08-27T19:13:14Z,219002177,54.916388,11.360553,0.0,Under way using engine
2026-08-27T19:13:23Z,219000809,54.917615,11.418267,8.8,Under way using engine
2026-08-27T19:13:30Z,219000811,54.838730,11.491812,0.0,Under way using engine
2026-08-27T19:13:44Z,219002177,54.916378,11.360552,0.0,Under way using engine
2026-08-27T19:13:54Z,219000809,54.918353,11.420007,8.8,Under way using engine
2026-08-27T19:14:00Z,219000811,54.838733,11.491817,0.1,Under way using engine
2026-08-27T19:14:14Z,219002177,54.916377,11.360567,0.0,Under way using engine
2026-08-27T19:14:30Z,219000811,54.838732,11.491818,0.1,Under way using engine
2026-08-27T19:14:35Z,219000809,54.919318,11.422270,8.8,Under way using engine
2026-08-27T19:14:44Z,219002177,54.916372,11.360572,0.1,Under way using engine
2026-08-27T19:15:00Z,219000811,54.838725,11.491818,0.1,Under way using engine
2026-08-27T19:15:05Z,219000809,54.920025,11.423948,8.7,Under way using engine
2026-08-27T19:15:14Z,219002177,54.916372,11.360565,0.0,Under way using engine
2026-08-27T19:15:30Z,219000811,54.838723,11.491818,0.1,Under way using engine
2026-08-27T19:15:35Z,219000809,54.920753,11.425635,8.9,Under way using engine
2026-08-27T19:15:45Z,219002177,54.916383,11.360575,0.1,Under way using engine
2026-08-27T19:16:00Z,219000811,54.838727,11.491815,0.1,Under way using engine
2026-08-27T19:16:05Z,219000809,54.921478,11.427338,8.8,Under way using engine
2026-08-27T19:16:23Z,219002177,54.916362,11.360562,0.1,Under way using engine
2026-08-27T19:16:30Z,219000811,54.838725,11.491813,0.1,Under way using engine
2026-08-27T19:16:35Z,219000809,54.922212,11.428958,8.8,Under way using engine
2026-08-27T19:16:54Z,219002177,54.916358,11.360533,0.1,Under way using engine
2026-08-27T19:17:05Z,219000809,54.922982,11.430623,8.8,Under way using engine
2026-08-27T19:17:09Z,219000811,54.838725,11.491813,0.1,Under way using engine
2026-08-27T19:17:35Z,219000809,54.923705,11.432215,8.6,Under way using engine
2026-08-27T19:17:35Z,219002177,54.916360,11.360565,0.0,Under way using engine
2026-08-27T19:17:39Z,219000811,54.838722,11.491812,0.1,Under way using engine
2026-08-27T19:18:05Z,219000809,54.924490,11.433875,8.8,Under way using engine
2026-08-27T19:18:09Z,219000811,54.838722,11.491810,0.1,Under way using engine
2026-08-27T19:18:14Z,219002177,54.916367,11.360555,0.1,Under way using engine
2026-08-27T19:18:35Z,219000809,54.925265,11.435495,8.7,Under way using engine
2026-08-27T19:18:39Z,219000811,54.838720,11.491810,0.1,Under way using engine
2026-08-27T19:18:45Z,219002177,54.916403,11.360557,0.1,Under way using engine
2026-08-27T19:19:09Z,219000811,54.838720,11.491813,0.1,Under way using engine
2026-08-27T19:19:14Z,219000809,54.926262,11.437682,8.8,Under way using engine
2026-08-27T19:19:23Z,219002177,54.916370,11.360565,0.0,Under way using engine
2026-08-27T19:19:39Z,219000811,54.838720,11.491815,0.1,Under way using engine
2026-08-27T19:19:44Z,219000809,54.926947,11.439257,8.8,Under way using engine
2026-08-27T19:19:54Z,219002177,54.916360,11.360573,0.0,Under way using engine
2026-08-27T19:20:09Z,219000811,54.838717,11.491817,0.1,Under way using engine
2026-08-27T19:20:14Z,219000809,54.927757,11.440962,8.7,Under way using engine
2026-08-27T19:20:24Z,219002177,54.916388,11.360582,0.0,Under way using engine
2026-08-27T19:20:39Z,219000811,54.838715,11.491818,0.1,Under way using engine
2026-08-27T19:20:44Z,219000809,54.928465,11.442618,8.8,Under way using engine
2026-08-27T19:21:03Z,219002177,54.916398,11.360707,0.9,Under way using engine
2026-08-27T19:21:09Z,219000811,54.838717,11.491818,0.0,Under way using engine
2026-08-27T19:21:14Z,219000809,54.929262,11.444308,8.8,Under way using engine
2026-08-27T19:21:34Z,219002177,54.916375,11.361085,2.1,Under way using engine
2026-08-27T19:21:39Z,219000811,54.838720,11.491820,0.1,Under way using engine
2026-08-27T19:21:54Z,219000809,54.930230,11.446432,8.6,Under way using engine
2026-08-27T19:22:09Z,219000811,54.838720,11.491823,0.1,Under way using engine
2026-08-27T19:22:14Z,219002177,54.916380,11.361967,2.9,Under way using engine
2026-08-27T19:22:34Z,219000809,54.931257,11.448648,8.8,Under way using engine
2026-08-27T19:22:39Z,219000811,54.838720,11.491825,0.1,Under way using engine
2026-08-27T19:22:55Z,219002177,54.916420,11.362957,3.2,Under way using engine
2026-08-27T19:23:04Z,219000809,54.932017,11.450300,8.9,Under way using engine
2026-08-27T19:23:09Z,219000811,54.838720,11.491823,0.1,Under way using engine
2026-08-27T19:23:34Z,219000809,54.932788,11.451970,8.8,Under way using engine
2026-08-27T19:23:34Z,219002177,54.916495,11.364007,3.5,Under way using engine
2026-08-27T19:23:40Z,219000811,54.838720,11.491820,0.1,Under way using engine
2026-08-27T19:24:04Z,219000809,54.933390,11.453752,8.7,Under way using engine
2026-08-27T19:24:14Z,219002177,54.916592,11.365205,3.8,Under way using engine
2026-08-27T19:24:19Z,219000811,54.838722,11.491820,0.1,Under way using engine
2026-08-27T19:24:34Z,219000809,54.933965,11.455548,8.7,Under way using engine
2026-08-27T19:24:49Z,219000811,54.838718,11.491818,0.1,Under way using engine
2026-08-27T19:24:55Z,219002177,54.916707,11.366398,3.9,Under way using engine
2026-08-27T19:25:04Z,219000809,54.934558,11.457378,8.6,Under way using engine
2026-08-27T19:25:19Z,219000811,54.838717,11.491818,0.1,Under way using engine
2026-08-27T19:25:34Z,219002177,54.916808,11.367693,4.3,Under way using engine
2026-08-27T19:25:43Z,219000809,54.935328,11.459753,8.7,Under way using engine
2026-08-27T19:25:49Z,219000811,54.838718,11.491818,0.1,Under way using engine
2026-08-27T19:26:14Z,219000809,54.935903,11.461565,8.6,Under way using engine
2026-08-27T19:26:14Z,219002177,54.916922,11.369163,4.6,Under way using engine
2026-08-27T19:26:19Z,219000811,54.838718,11.491817,0.1,Under way using engine
2026-08-27T19:26:49Z,219000811,54.838717,11.491815,0.1,Under way using engine
2026-08-27T19:26:54Z,219000809,54.936698,11.464030,8.6,Under way using engine
2026-08-27T19:26:55Z,219002177,54.917063,11.370643,4.5,Under way using engine
2026-08-27T19:27:19Z,219000811,54.838718,11.491815,0.1,Under way using engine
2026-08-27T19:27:33Z,219000809,54.937382,11.466292,8.6,Under way using engine
2026-08-27T19:27:34Z,219002177,54.917772,11.371137,4.9,Under way using engine
2026-08-27T19:28:00Z,219000811,54.838718,11.491813,0.1,Under way using engine
2026-08-27T19:28:04Z,219000809,54.937947,11.468248,8.5,Under way using engine
2026-08-27T19:28:05Z,219002177,54.918593,11.371170,5.8,Under way using engine
2026-08-27T19:28:40Z,219000811,54.838718,11.491813,0.1,Under way using engine
2026-08-27T19:28:43Z,219000809,54.938632,11.470555,8.5,Under way using engine
2026-08-27T19:28:44Z,219002177,54.919718,11.371235,6.5,Under way using engine
2026-08-27T19:29:10Z,219000811,54.838722,11.491817,0.0,Under way using engine
2026-08-27T19:29:13Z,219000809,54.939155,11.472347,8.3,Under way using engine
2026-08-27T19:29:24Z,219002177,54.920955,11.371278,7.0,Under way using engine
2026-08-27T19:29:43Z,219000809,54.939748,11.474138,8.1,Under way using engine
2026-08-27T19:29:48Z,219000811,54.838722,11.491817,0.1,Under way using engine
2026-08-27T19:29:54Z,219002177,54.921990,11.371280,7.3,Under way using engine
2026-08-27T19:30:13Z,219000809,54.940448,11.475602,8.0,Under way using engine
2026-08-27T19:30:20Z,219000811,54.838718,11.491817,0.1,Under way using engine
2026-08-27T19:30:24Z,219002177,54.922993,11.371243,7.6,Under way using engine
2026-08-27T19:30:43Z,219000809,54.941238,11.476993,8.2,Under way using engine
2026-08-27T19:30:54Z,219002177,54.924102,11.371182,7.8,Under way using engine
2026-08-27T19:31:00Z,219000811,54.838717,11.491817,0.1,Under way using engine
2026-08-27T19:31:13Z,219000809,54.942008,11.478440,8.4,Under way using engine
2026-08-27T19:31:24Z,219002177,54.925132,11.371120,7.8,Under way using engine
2026-08-27T19:31:30Z,219000811,54.838715,11.491817,0.1,Under way using engine
2026-08-27T19:31:43Z,219000809,54.942808,11.479880,8.4,Under way using engine
2026-08-27T19:31:54Z,219002177,54.926245,11.371030,7.8,Under way using engine
2026-08-27T19:32:10Z,219000811,54.838718,11.491813,0.1,Under way using engine
2026-08-27T19:32:13Z,219000809,54.943848,11.480932,8.8,Under way using engine
2026-08-27T19:32:24Z,219002177,54.927282,11.370935,7.8,Under way using engine
2026-08-27T19:32:43Z,219000809,54.944965,11.481808,9.0,Under way using engine
2026-08-27T19:32:49Z,219000811,54.838718,11.491810,0.1,Under way using engine
2026-08-27T19:32:54Z,219002177,54.928410,11.370840,7.8,Under way using engine
2026-08-27T19:33:13Z,219000809,54.946165,11.482627,9.3,Under way using engine
2026-08-27T19:33:20Z,219000811,54.838717,11.491810,0.1,Under way using engine
2026-08-27T19:33:24Z,219002177,54.929452,11.370760,7.7,Under way using engine
2026-08-27T19:33:43Z,219000809,54.947353,11.483495,9.3,Under way using engine
2026-08-27T19:33:54Z,219002177,54.930550,11.370647,7.6,Under way using engine
2026-08-27T19:33:59Z,219000811,54.838720,11.491812,0.1,Under way using engine
2026-08-27T19:34:14Z,219000809,54.948543,11.484332,9.4,Under way using engine
2026-08-27T19:34:25Z,219002177,54.931608,11.370548,7.6,Under way using engine
2026-08-27T19:34:30Z,219000811,54.838725,11.491813,0.1,Under way using engine
2026-08-27T19:34:54Z,219000809,54.950187,11.485288,9.4,Under way using engine
2026-08-27T19:35:05Z,219002177,54.933035,11.370392,7.4,Under way using engine
2026-08-27T19:35:10Z,219000811,54.838730,11.491817,0.1,Under way using engine
2026-08-27T19:35:24Z,219000809,54.951442,11.485945,9.4,Under way using engine
2026-08-27T19:35:43Z,219002177,54.934148,11.370510,5.9,Under way using engine
2026-08-27T19:35:49Z,219000811,54.838727,11.491815,0.1,Under way using engine
2026-08-27T19:35:54Z,219000809,54.952703,11.486595,9.5,Under way using engine
2026-08-27T19:36:14Z,219002177,54.934845,11.370938,5.0,Under way using engine
2026-08-27T19:36:20Z,219000811,54.838725,11.491813,0.1,Under way using engine
2026-08-27T19:36:24Z,219000809,54.953965,11.487252,9.6,Under way using engine
2026-08-27T19:36:54Z,219000809,54.955207,11.487965,9.4,Under way using engine
2026-08-27T19:36:54Z,219002177,54.935463,11.371620,3.0,Under way using engine
2026-08-27T19:37:00Z,219000811,54.838725,11.491815,0.1,Under way using engine
2026-08-27T19:37:24Z,219000809,54.956420,11.488655,9.1,Under way using engine
2026-08-27T19:37:25Z,219002177,54.935712,11.371767,1.6,Under way using engine
2026-08-27T19:37:39Z,219000811,54.838727,11.491815,0.0,Under way using engine
2026-08-27T19:37:54Z,219000809,54.957642,11.489360,9.5,Under way using engine
2026-08-27T19:38:05Z,219002177,54.935900,11.371933,1.0,Under way using engine
2026-08-27T19:38:10Z,219000811,54.838723,11.491810,0.1,Under way using engine
2026-08-27T19:38:25Z,219000809,54.958935,11.490128,9.4,Under way using engine
2026-08-27T19:38:44Z,219002177,54.935950,11.371985,0.0,Under way using engine
2026-08-27T19:39:00Z,219000811,54.838722,11.491813,0.0,Under way using engine
2026-08-27T19:39:04Z,219000809,54.960488,11.491182,9.1,Under way using engine
2026-08-27T19:39:25Z,219002177,54.935947,11.371978,0.0,Under way using engine
2026-08-27T19:39:34Z,219000809,54.961682,11.492082,9.3,Under way using engine
2026-08-27T19:39:39Z,219000811,54.838713,11.491815,0.1,Under way using engine
2026-08-27T19:40:04Z,219000809,54.962845,11.492952,9.0,Under way using engine
2026-08-27T19:40:05Z,219002177,54.935848,11.371885,1.4,Under way using engine
2026-08-27T19:40:19Z,219000811,54.838713,11.491817,0.0,Under way using engine
2026-08-27T19:40:34Z,219000809,54.963988,11.493832,9.1,Under way using engine
2026-08-27T19:40:35Z,219002177,54.935568,11.371665,2.9,Under way using engine
2026-08-27T19:40:50Z,219000811,54.838718,11.491818,0.1,Under way using engine
2026-08-27T19:41:04Z,219000809,54.965157,11.494735,9.1,Under way using engine
2026-08-27T19:41:05Z,219002177,54.935123,11.371147,4.3,Under way using engine
2026-08-27T19:41:29Z,219000811,54.838717,11.491818,0.1,Under way using engine
2026-08-27T19:41:34Z,219000809,54.966313,11.495725,9.4,Under way using engine
2026-08-27T19:41:35Z,219002177,54.934602,11.370575,4.5,Under way using engine
2026-08-27T19:42:00Z,219000811,54.838717,11.491817,0.1,Under way using engine
2026-08-27T19:42:04Z,219000809,54.967432,11.496728,9.0,Under way using engine
2026-08-27T19:42:05Z,219002177,54.933895,11.370480,5.5,Under way using engine
2026-08-27T19:42:34Z,219000809,54.968565,11.497717,9.1,Under way using engine
2026-08-27T19:42:35Z,219002177,54.933040,11.370433,6.3,Under way using engine
2026-08-27T19:42:39Z,219000811,54.838720,11.491807,0.1,Under way using engine
2026-08-27T19:43:04Z,219000809,54.969653,11.498830,9.0,Under way using engine
2026-08-27T19:43:05Z,219002177,54.932152,11.370372,6.6,Under way using engine
2026-08-27T19:43:10Z,219000811,54.838720,11.491803,0.1,Under way using engine
2026-08-27T19:43:34Z,219000809,54.970628,11.500132,8.9,Under way using engine
2026-08-27T19:43:35Z,219002177,54.931228,11.370317,6.7,Under way using engine
2026-08-27T19:43:50Z,219000811,54.838720,11.491810,0.1,Under way using engine
2026-08-27T19:44:05Z,219002177,54.930247,11.370407,7.0,Under way using engine
2026-08-27T19:44:13Z,219000809,54.971737,11.502137,8.9,Under way using engine
2026-08-27T19:44:29Z,219000811,54.838718,11.491812,0.1,Under way using engine
2026-08-27T19:44:35Z,219002177,54.929277,11.370488,7.2,Under way using engine
2026-08-27T19:44:44Z,219000809,54.972368,11.504040,8.7,Under way using engine
2026-08-27T19:45:00Z,219000811,54.838720,11.491813,0.1,Under way using engine
2026-08-27T19:45:05Z,219002177,54.928232,11.370582,7.3,Under way using engine
2026-08-27T19:45:17Z,219000809,54.972350,11.506253,8.4,Under way using engine
2026-08-27T19:45:35Z,219002177,54.927270,11.370677,7.3,Under way using engine
2026-08-27T19:45:40Z,219000811,54.838720,11.491810,0.1,Under way using engine
2026-08-27T19:45:51Z,219000809,54.972202,11.508337,7.7,Under way using engine
2026-08-27T19:46:05Z,219002177,54.926243,11.370778,7.2,Under way using engine
2026-08-27T19:46:10Z,219000811,54.838720,11.491812,0.1,Under way using engine
2026-08-27T19:46:23Z,219000809,54.972048,11.510280,7.2,Under way using engine
2026-08-27T19:46:40Z,219000811,54.838717,11.491810,0.0,Under way using engine
2026-08-27T19:46:45Z,219002177,54.924963,11.370915,7.1,Under way using engine
2026-08-27T19:46:54Z,219000809,54.971922,11.511953,6.5,Under way using engine
2026-08-27T19:47:10Z,219000811,54.838717,11.491808,0.0,Under way using engine
2026-08-27T19:47:24Z,219002177,54.923642,11.371077,7.2,Under way using engine
2026-08-27T19:47:34Z,219000809,54.971907,11.513637,4.0,Under way using engine
2026-08-27T19:47:40Z,219000811,54.838720,11.491808,0.0,Under way using engine
2026-08-27T19:47:54Z,219002177,54.922655,11.371175,7.1,Under way using engine
2026-08-27T19:48:04Z,219000809,54.971923,11.514268,2.2,Under way using engine
2026-08-27T19:48:10Z,219000811,54.838727,11.491803,0.0,Under way using engine
2026-08-27T19:48:24Z,219002177,54.921717,11.371330,7.0,Under way using engine
2026-08-27T19:48:34Z,219000809,54.971943,11.514553,0.8,Under way using engine
2026-08-27T19:48:40Z,219000811,54.838727,11.491807,0.0,Under way using engine
2026-08-27T19:49:03Z,219002177,54.920470,11.371455,6.7,Under way using engine
2026-08-27T19:49:04Z,219000809,54.971930,11.514597,0.2,Under way using engine
2026-08-27T19:49:10Z,219000811,54.838723,11.491808,0.1,Under way using engine
2026-08-27T19:49:34Z,219000809,54.971928,11.514600,0.0,Under way using engine
2026-08-27T19:49:34Z,219002177,54.919518,11.371467,6.9,Under way using engine
2026-08-27T19:49:40Z,219000811,54.838723,11.491812,0.0,Under way using engine
2026-08-27T19:50:04Z,219000809,54.971927,11.514600,0.0,Moored
2026-08-27T19:50:10Z,219000811,54.838718,11.491810,0.1,Under way using engine
2026-08-27T19:50:14Z,219002177,54.918228,11.371365,7.0,Under way using engine
2026-08-27T19:50:34Z,219000809,54.971928,11.514600,0.0,Moored
2026-08-27T19:50:40Z,219000811,54.838718,11.491812,0.0,Under way using engine
2026-08-27T19:50:45Z,219002177,54.917263,11.370932,6.9,Under way using engine
2026-08-27T19:51:10Z,219000811,54.838718,11.491812,0.1,Under way using engine
2026-08-27T19:51:23Z,219002177,54.916727,11.369015,7.4,Under way using engine
2026-08-27T19:51:40Z,219000811,54.838713,11.491812,0.0,Under way using engine
2026-08-27T19:51:54Z,219002177,54.916583,11.367170,7.8,Under way using engine
2026-08-27T19:52:19Z,219000811,54.838715,11.491812,0.0,Under way using engine
2026-08-27T19:52:33Z,219002177,54.916465,11.364847,6.9,Under way using engine
2026-08-27T19:52:46Z,219000809,54.971897,11.514572,0.0,Moored
2026-08-27T19:53:00Z,219000811,54.838717,11.491812,0.0,Under way using engine
2026-08-27T19:53:04Z,219002177,54.916403,11.363270,6.0,Under way using engine
2026-08-27T19:53:30Z,219000811,54.838713,11.491813,0.1,Under way using engine
2026-08-27T19:53:44Z,219002177,54.916382,11.361787,3.7,Under way using engine
2026-08-27T19:54:00Z,219000811,54.838715,11.491810,0.0,Under way using engine
2026-08-27T19:54:14Z,219002177,54.916362,11.361100,2.5,Under way using engine
2026-08-27T19:54:30Z,219000811,54.838717,11.491812,0.0,Under way using engine
2026-08-27T19:54:44Z,219002177,54.916387,11.360757,1.1,Under way using engine
2026-08-27T19:55:00Z,219000811,54.838717,11.491812,0.0,Under way using engine
2026-08-27T19:55:14Z,219002177,54.916380,11.360593,0.5,Under way using engine
2026-08-27T19:55:30Z,219000811,54.838717,11.491815,0.0,Under way using engine
2026-08-27T19:55:44Z,219002177,54.916375,11.360575,0.0,Under way using engine
2026-08-27T19:55:45Z,219000809,54.971922,11.514603,0.0,Moored
2026-08-27T19:56:00Z,219000811,54.838717,11.491817,0.0,Under way using engine
2026-08-27T19:56:14Z,219002177,54.916395,11.360582,0.0,Under way using engine
2026-08-27T19:56:40Z,219000811,54.838715,11.491820,0.0,Under way using engine
2026-08-27T19:56:44Z,219002177,54.916392,11.360573,0.0,Under way using engine
2026-08-27T19:57:14Z,219002177,54.916392,11.360568,0.0,Under way using engine
2026-08-27T19:57:19Z,219000811,54.838715,11.491818,0.0,Under way using engine
2026-08-27T19:57:40Z,219000809,54.971922,11.514603,0.0,Moored
2026-08-27T19:57:50Z,219000811,54.838713,11.491818,0.0,Under way using engine
2026-08-27T19:57:53Z,219002177,54.916383,11.360563,0.0,Under way using engine
2026-08-27T19:58:25Z,219002177,54.916377,11.360558,0.0,Under way using engine
2026-08-27T19:58:30Z,219000811,54.838713,11.491817,0.0,Under way using engine
2026-08-27T19:58:43Z,219000809,54.971918,11.514597,0.0,Moored
2026-08-27T19:59:05Z,219002177,54.916367,11.360567,0.0,Under way using engine
2026-08-27T19:59:10Z,219000811,54.838710,11.491813,0.0,Under way using engine
2026-08-27T19:59:40Z,219000811,54.838710,11.491808,0.1,Under way using engine
2026-08-27T19:59:43Z,219002177,54.916360,11.360567,0.0,Under way using engine
2026-08-27T20:00:10Z,219000811,54.838708,11.491808,0.0,Under way using engine
2026-08-27T20:00:14Z,219002177,54.916360,11.360560,0.0,Under way using engine
2026-08-27T20:00:40Z,219000811,54.838708,11.491807,0.1,Under way using engine
2026-08-27T20:00:54Z,219002177,54.916370,11.360550,0.0,Under way using engine
2026-08-27T20:01:10Z,219000811,54.838707,11.491807,0.0,Under way using engine
2026-08-27T20:01:24Z,219002177,54.916368,11.360563,0.1,Under way using engine
2026-08-27T20:01:40Z,219000811,54.838710,11.491810,0.0,Under way using engine
2026-08-27T20:01:46Z,219000809,54.971915,11.514582,0.0,Moored
2026-08-27T20:01:54Z,219002177,54.916368,11.360825,1.4,Under way using engine
2026-08-27T20:02:10Z,219000811,54.838710,11.491810,0.0,Under way using engine
2026-08-27T20:02:24Z,219002177,54.916350,11.361310,2.3,Under way using engine
2026-08-27T20:02:40Z,219000811,54.838712,11.491807,0.0,Under way using engine
2026-08-27T20:02:54Z,219002177,54.916357,11.362013,3.0,Under way using engine
2026-08-27T20:03:18Z,219000811,54.838708,11.491805,0.0,Under way using engine
2026-08-27T20:03:24Z,219002177,54.916323,11.362760,3.4,Under way using engine
2026-08-27T20:03:40Z,219000809,54.971915,11.514582,0.0,Moored
2026-08-27T20:03:49Z,219000811,54.838712,11.491808,0.0,Under way using engine
2026-08-27T20:03:54Z,219002177,54.916348,11.363710,4.0,Under way using engine
2026-08-27T20:04:24Z,219002177,54.916345,11.364680,4.2,Under way using engine
2026-08-27T20:04:29Z,219000811,54.838710,11.491812,0.0,Under way using engine
2026-08-27T20:04:42Z,219000809,54.971912,11.514555,0.0,Moored
2026-08-27T20:04:54Z,219002177,54.916428,11.365728,4.3,Under way using engine
2026-08-27T20:05:00Z,219000811,54.838708,11.491812,0.0,Under way using engine
2026-08-27T20:05:34Z,219002177,54.916563,11.367072,4.4,Under way using engine
2026-08-27T20:05:40Z,219000811,54.838708,11.491813,0.0,Under way using engine
2026-08-27T20:06:04Z,219002177,54.916703,11.368150,4.6,Under way using engine
2026-08-27T20:06:18Z,219000811,54.838710,11.491818,0.0,Under way using engine
2026-08-27T20:06:34Z,219002177,54.916850,11.369245,4.6,Under way using engine
2026-08-27T20:06:50Z,219000811,54.838712,11.491822,0.0,Under way using engine
2026-08-27T20:07:04Z,219002177,54.916983,11.370315,4.5,Under way using engine
2026-08-27T20:07:30Z,219000811,54.838712,11.491823,0.0,Under way using engine
2026-08-27T20:07:34Z,219002177,54.917343,11.371083,4.1,Under way using engine
2026-08-27T20:07:46Z,219000809,54.971927,11.514593,0.0,Moored
2026-08-27T20:08:00Z,219000811,54.838712,11.491825,0.0,Under way using engine
2026-08-27T20:08:05Z,219002177,54.918022,11.371107,5.0,Under way using engine
2026-08-27T20:08:30Z,219000811,54.838710,11.491823,0.0,Under way using engine
2026-08-27T20:08:44Z,219002177,54.919030,11.371110,5.8,Under way using engine
2026-08-27T20:09:00Z,219000811,54.838708,11.491822,0.0,Under way using engine
2026-08-27T20:09:15Z,219002177,54.919903,11.371112,6.2,Under way using engine
2026-08-27T20:09:30Z,219000811,54.838708,11.491822,0.0,Under way using engine
2026-08-27T20:09:40Z,219000809,54.971927,11.514593,0.0,Moored
2026-08-27T20:09:54Z,219002177,54.921072,11.371063,6.7,Under way using engine
2026-08-27T20:10:00Z,219000811,54.838707,11.491818,0.0,Under way using engine
2026-08-27T20:10:24Z,219002177,54.922060,11.370985,7.0,Under way using engine
2026-08-27T20:10:30Z,219000811,54.838710,11.491818,0.0,Under way using engine
2026-08-27T20:10:45Z,219000809,54.971920,11.514575,0.0,Moored
2026-08-27T20:10:54Z,219002177,54.923010,11.370907,7.2,Under way using engine
2026-08-27T20:11:00Z,219000811,54.838710,11.491818,0.0,Under way using engine
2026-08-27T20:11:24Z,219002177,54.924042,11.370785,7.4,Under way using engine
2026-08-27T20:11:39Z,219000811,54.838710,11.491818,0.0,Under way using engine
2026-08-27T20:11:54Z,219002177,54.925025,11.370717,7.3,Under way using engine
2026-08-27T20:12:20Z,219000811,54.838710,11.491818,0.0,Under way using engine
2026-08-27T20:12:24Z,219002177,54.926075,11.370673,7.3,Under way using engine
2026-08-27T20:12:50Z,219000811,54.838710,11.491818,0.0,Under way using engine
2026-08-27T20:12:54Z,219002177,54.927052,11.370617,7.3,Under way using engine
2026-08-27T20:13:20Z,219000811,54.838712,11.491820,0.0,Under way using engine
2026-08-27T20:13:24Z,219002177,54.928098,11.370562,7.3,Under way using engine
2026-08-27T20:13:43Z,219000809,54.971928,11.514585,0.0,Moored
2026-08-27T20:13:54Z,219002177,54.929068,11.370502,7.3,Under way using engine
2026-08-27T20:13:59Z,219000811,54.838713,11.491820,0.0,Under way using engine
2026-08-27T20:14:24Z,219002177,54.930108,11.370420,7.2,Under way using engine
2026-08-27T20:14:29Z,219000811,54.838715,11.491818,0.0,Under way using engine
2026-08-27T20:14:54Z,219002177,54.931075,11.370350,7.2,Under way using engine
2026-08-27T20:14:59Z,219000811,54.838713,11.491822,0.0,Under way using engine
2026-08-27T20:15:24Z,219002177,54.932073,11.370268,6.8,Under way using engine
2026-08-27T20:15:29Z,219000811,54.838717,11.491825,0.0,Under way using engine
2026-08-27T20:15:40Z,219000809,54.971928,11.514585,0.0,Moored
2026-08-27T20:15:54Z,219002177,54.932912,11.370292,6.0,Under way using engine
2026-08-27T20:15:59Z,219000811,54.838717,11.491825,0.0,Under way using engine
2026-08-27T20:16:24Z,219002177,54.933718,11.370563,5.6,Under way using engine
2026-08-27T20:16:30Z,219000811,54.838718,11.491823,0.0,Under way using engine
2026-08-27T20:16:45Z,219000809,54.971915,11.514578,0.0,Moored
2026-08-27T20:16:54Z,219002177,54.934417,11.370953,5.3,Under way using engine
2026-08-27T20:17:10Z,219000811,54.838722,11.491827,0.0,Under way using engine
2026-08-27T20:17:24Z,219002177,54.935075,11.371428,4.8,Under way using engine
2026-08-27T20:17:48Z,219000811,54.838722,11.491828,0.0,Under way using engine
2026-08-27T20:17:54Z,219002177,54.935565,11.371658,3.2,Under way using engine
2026-08-27T20:18:20Z,219000811,54.838722,11.491827,0.0,Under way using engine
2026-08-27T20:18:24Z,219002177,54.935780,11.371802,1.2,Under way using engine
2026-08-27T20:18:50Z,219000811,54.838722,11.491823,0.0,Under way using engine
2026-08-27T20:18:54Z,219002177,54.935882,11.371897,0.7,Under way using engine
2026-08-27T20:19:20Z,219000811,54.838720,11.491820,0.1,Under way using engine
2026-08-27T20:19:24Z,219002177,54.935943,11.371968,0.4,Under way using engine
2026-08-27T20:19:42Z,219000809,54.971918,11.514567,0.0,Moored
2026-08-27T20:19:50Z,219000811,54.838717,11.491818,0.0,Under way using engine
2026-08-27T20:19:54Z,219002177,54.935965,11.371982,0.0,Under way using engine
2026-08-27T20:20:20Z,219000811,54.838717,11.491820,0.0,Under way using engine
2026-08-27T20:20:24Z,219002177,54.935965,11.371972,0.0,Under way using engine
2026-08-27T20:20:50Z,219000811,54.838715,11.491820,0.0,Under way using engine
2026-08-27T20:20:54Z,219002177,54.935963,11.371968,0.0,Under way using engine
2026-08-27T20:21:20Z,219000811,54.838715,11.491822,0.0,Under way using engine
2026-08-27T20:21:24Z,219002177,54.935968,11.371965,0.0,Under way using engine
2026-08-27T20:21:50Z,219000811,54.838717,11.491822,0.0,Under way using engine
2026-08-27T20:21:54Z,219002177,54.935973,11.371982,0.0,Under way using engine
2026-08-27T20:22:20Z,219000811,54.838717,11.491818,0.0,Under way using engine
2026-08-27T20:22:34Z,219002177,54.935972,11.371975,0.0,Under way using engine
2026-08-27T20:22:43Z,219000809,54.971908,11.514590,0.0,Moored
2026-08-27T20:22:50Z,219000811,54.838718,11.491815,0.0,Under way using engine
2026-08-27T20:23:04Z,219002177,54.935970,11.371972,0.0,Under way using engine
2026-08-27T20:23:20Z,219000811,54.838717,11.491815,0.0,Under way using engine
2026-08-27T20:23:34Z,219002177,54.935975,11.371968,0.0,Under way using engine
2026-08-27T20:23:50Z,219000811,54.838718,11.491820,0.0,Under way using engine
2026-08-27T20:24:04Z,219002177,54.935982,11.371968,0.0,Under way using engine
2026-08-27T20:24:20Z,219000811,54.838718,11.491818,0.0,Under way using engine
2026-08-27T20:24:34Z,219002177,54.935988,11.371977,0.0,Under way using engine
2026-08-27T20:24:59Z,219000811,54.838720,11.491820,0.0,Under way using engine
2026-08-27T20:25:04Z,219002177,54.935985,11.371978,0.0,Under way using engine
2026-08-27T20:25:29Z,219000811,54.838720,11.491818,0.0,Under way using engine
2026-08-27T20:25:34Z,219002177,54.935980,11.371968,0.0,Under way using engine
2026-08-27T20:25:43Z,219000809,54.971923,11.514563,0.0,Moored
2026-08-27T20:25:59Z,219000811,54.838718,11.491818,0.0,Under way using engine
2026-08-27T20:26:04Z,219002177,54.935983,11.371963,0.0,Under way using engine
2026-08-27T20:26:29Z,219000811,54.838720,11.491820,0.0,Under way using engine
2026-08-27T20:26:34Z,219002177,54.935975,11.371972,0.0,Under way using engine
2026-08-27T20:26:59Z,219000811,54.838720,11.491820,0.0,Under way using engine
2026-08-27T20:27:05Z,219002177,54.935970,11.371998,0.0,Under way using engine
2026-08-27T20:27:29Z,219000811,54.838718,11.491820,0.1,Under way using engine
2026-08-27T20:27:41Z,219000809,54.971923,11.514563,0.0,Moored
2026-08-27T20:27:44Z,219002177,54.935967,11.371975,0.0,Under way using engine
2026-08-27T20:27:59Z,219000811,54.838718,11.491822,0.0,Under way using engine
2026-08-27T20:28:14Z,219002177,54.935967,11.371983,0.0,Under way using engine
2026-08-27T20:28:29Z,219000811,54.838718,11.491822,0.0,Under way using engine
2026-08-27T20:28:44Z,219002177,54.935968,11.371993,0.0,Under way using engine
2026-08-27T20:28:46Z,219000809,54.971913,11.514558,0.0,Moored
2026-08-27T20:28:59Z,219000811,54.838718,11.491822,0.0,Under way using engine
2026-08-27T20:29:14Z,219002177,54.935965,11.371993,0.0,Under way using engine
2026-08-27T20:29:29Z,219000811,54.838717,11.491820,0.0,Under way using engine
2026-08-27T20:29:44Z,219002177,54.935967,11.372002,0.0,Under way using engine
2026-08-27T20:29:59Z,219000811,54.838715,11.491818,0.0,Under way using engine
2026-08-27T20:30:25Z,219002177,54.935973,11.371985,0.0,Under way using engine
2026-08-27T20:30:29Z,219000811,54.838713,11.491817,0.0,Under way using engine
2026-08-27T20:30:59Z,219000811,54.838712,11.491818,0.0,Under way using engine
2026-08-27T20:31:05Z,219002177,54.935972,11.371985,0.0,Under way using engine
2026-08-27T20:31:29Z,219000811,54.838712,11.491818,0.0,Under way using engine
2026-08-27T20:31:42Z,219000809,54.971903,11.514585,0.0,Moored
2026-08-27T20:31:44Z,219002177,54.935968,11.372007,0.0,Under way using engine
2026-08-27T20:32:10Z,219000811,54.838713,11.491818,0.0,Under way using engine
2026-08-27T20:32:25Z,219002177,54.935965,11.371992,0.0,Under way using engine
2026-08-27T20:32:49Z,219000811,54.838717,11.491822,0.0,Under way using engine
2026-08-27T20:33:05Z,219002177,54.935973,11.371978,0.0,Under way using engine
2026-08-27T20:33:20Z,219000811,54.838717,11.491823,0.0,Under way using engine
2026-08-27T20:33:41Z,219000809,54.971903,11.514585,0.0,Moored
2026-08-27T20:33:44Z,219002177,54.935972,11.371985,0.0,Under way using engine
2026-08-27T20:33:58Z,219000811,54.838718,11.491822,0.0,Under way using engine
2026-08-27T20:34:25Z,219002177,54.935978,11.371983,0.0,Under way using engine
2026-08-27T20:34:29Z,219000811,54.838717,11.491818,0.0,Under way using engine
2026-08-27T20:34:46Z,219000809,54.971907,11.514592,0.0,Moored
2026-08-27T20:35:05Z,219002177,54.935977,11.371967,0.0,Under way using engine
2026-08-27T20:35:10Z,219000811,54.838715,11.491817,0.0,Under way using engine
2026-08-27T20:35:44Z,219002177,54.935967,11.371990,0.0,Under way using engine
2026-08-27T20:35:50Z,219000811,54.838713,11.491815,0.0,Under way using engine
2026-08-27T20:36:14Z,219002177,54.935973,11.371987,0.0,Under way using engine
2026-08-27T20:36:20Z,219000811,54.838710,11.491813,0.0,Under way using engine
2026-08-27T20:36:44Z,219002177,54.935973,11.371975,0.0,Under way using engine
2026-08-27T20:36:50Z,219000811,54.838708,11.491812,0.0,Under way using engine
2026-08-27T20:37:14Z,219002177,54.935970,11.371987,0.0,Under way using engine
2026-08-27T20:37:20Z,219000811,54.838705,11.491812,0.0,Under way using engine
2026-08-27T20:37:44Z,219002177,54.935968,11.371975,0.0,Under way using engine
2026-08-27T20:37:50Z,219000811,54.838705,11.491812,0.0,Under way using engine
2026-08-27T20:38:14Z,219002177,54.935968,11.371978,0.0,Under way using engine
2026-08-27T20:38:20Z,219000811,54.838708,11.491815,0.0,Under way using engine
2026-08-27T20:38:44Z,219002177,54.935973,11.371977,0.0,Under way using engine
2026-08-27T20:38:50Z,219000811,54.838710,11.491820,0.0,Under way using engine
2026-08-27T20:39:14Z,219002177,54.935975,11.371985,0.0,Under way using engine
2026-08-27T20:39:20Z,219000811,54.838710,11.491820,0.0,Under way using engine
2026-08-27T20:39:42Z,219000809,54.971907,11.514592,0.0,Moored
2026-08-27T20:39:44Z,219002177,54.935973,11.371975,0.0,Under way using engine
2026-08-27T20:39:50Z,219000811,54.838707,11.491815,0.0,Under way using engine
2026-08-27T20:40:14Z,219002177,54.935988,11.371958,0.0,Under way using engine
2026-08-27T20:40:29Z,219000811,54.838708,11.491813,0.0,Under way using engine
2026-08-27T20:40:44Z,219002177,54.935978,11.371970,0.0,Under way using engine
2026-08-27T20:40:45Z,219000809,54.971917,11.514588,0.0,Moored
2026-08-27T20:41:00Z,219000811,54.838708,11.491813,0.0,Under way using engine
2026-08-27T20:41:14Z,219002177,54.935985,11.371970,0.0,Under way using engine
2026-08-27T20:41:44Z,219002177,54.935965,11.371973,0.0,Under way using engine
2026-08-27T20:41:48Z,219000811,54.838712,11.491812,0.0,Under way using engine
2026-08-27T20:42:14Z,219002177,54.935968,11.371983,0.0,Under way using engine
2026-08-27T20:42:19Z,219000811,54.838712,11.491810,0.0,Under way using engine
2026-08-27T20:42:44Z,219002177,54.935965,11.371982,0.0,Under way using engine
2026-08-27T20:43:00Z,219000811,54.838715,11.491812,0.0,Under way using engine
2026-08-27T20:43:15Z,219002177,54.935980,11.371970,0.0,Under way using engine
2026-08-27T20:43:30Z,219000811,54.838713,11.491815,0.0,Under way using engine
2026-08-27T20:43:54Z,219002177,54.935982,11.371975,0.0,Under way using engine
2026-08-27T20:44:00Z,219000811,54.838713,11.491818,0.0,Under way using engine
2026-08-27T20:44:25Z,219002177,54.935992,11.371962,0.0,Under way using engine
2026-08-27T20:44:30Z,219000811,54.838710,11.491820,0.0,Under way using engine
2026-08-27T20:45:04Z,219002177,54.935958,11.371975,0.0,Under way using engine
2026-08-27T20:45:10Z,219000811,54.838707,11.491822,0.0,Under way using engine
2026-08-27T20:45:41Z,219000809,54.971917,11.514588,0.0,Moored
2026-08-27T20:45:44Z,219002177,54.935977,11.371967,0.0,Under way using engine
2026-08-27T20:45:50Z,219000811,54.838707,11.491822,0.0,Under way using engine
2026-08-27T20:46:15Z,219002177,54.935998,11.371958,0.0,Under way using engine
2026-08-27T20:46:30Z,219000811,54.838708,11.491823,0.0,Under way using engine
2026-08-27T20:46:45Z,219000809,54.971925,11.514558,0.0,Moored
2026-08-27T20:46:54Z,219002177,54.935973,11.371992,0.0,Under way using engine
2026-08-27T20:47:10Z,219000811,54.838708,11.491822,0.0,Under way using engine
2026-08-27T20:47:25Z,219002177,54.935975,11.371987,0.0,Under way using engine
2026-08-27T20:47:40Z,219000811,54.838708,11.491820,0.0,Under way using engine
2026-08-27T20:48:04Z,219002177,54.935977,11.371982,0.0,Under way using engine
2026-08-27T20:48:19Z,219000811,54.838705,11.491822,0.0,Under way using engine
2026-08-27T20:48:35Z,219002177,54.935968,11.371992,0.0,Under way using engine
2026-08-27T20:48:50Z,219000811,54.838707,11.491823,0.0,Under way using engine
2026-08-27T20:49:15Z,219002177,54.935967,11.371987,0.0,Under way using engine
2026-08-27T20:49:20Z,219000811,54.838710,11.491823,0.0,Under way using engine
2026-08-27T20:49:50Z,219000811,54.838712,11.491822,0.0,Under way using engine
2026-08-27T20:49:54Z,219002177,54.935967,11.371983,0.0,Under way using engine
2026-08-27T20:50:20Z,219000811,54.838712,11.491820,0.0,Under way using engine
2026-08-27T20:50:24Z,219002177,54.935967,11.371988,0.0,Under way using engine
2026-08-27T20:50:50Z,219000811,54.838712,11.491822,0.0,Under way using engine
2026-08-27T20:50:54Z,219002177,54.935998,11.371967,0.0,Under way using engine
2026-08-27T20:51:20Z,219000811,54.838713,11.491822,0.0,Under way using engine
2026-08-27T20:51:24Z,219002177,54.935988,11.371962,0.0,Under way using engine
2026-08-27T20:51:41Z,219000809,54.971925,11.514558,0.0,Moored
2026-08-27T20:51:50Z,219000811,54.838712,11.491823,0.0,Under way using engine
2026-08-27T20:51:54Z,219002177,54.936002,11.371932,0.0,Under way using engine
2026-08-27T20:52:20Z,219000811,54.838710,11.491822,0.0,Under way using engine
2026-08-27T20:52:24Z,219002177,54.935970,11.371953,0.0,Under way using engine
2026-08-27T20:52:43Z,219000809,54.971913,11.514578,0.0,Moored
2026-08-27T20:52:50Z,219000811,54.838712,11.491820,0.0,Under way using engine
2026-08-27T20:52:54Z,219002177,54.935958,11.371972,0.0,Under way using engine
2026-08-27T20:53:20Z,219000811,54.838708,11.491815,0.0,Under way using engine
2026-08-27T20:53:24Z,219002177,54.935963,11.371992,0.0,Under way using engine
2026-08-27T20:53:50Z,219000811,54.838707,11.491815,0.0,Under way using engine
2026-08-27T20:53:54Z,219002177,54.935975,11.371993,0.0,Under way using engine
2026-08-27T20:54:20Z,219000811,54.838707,11.491813,0.0,Under way using engine
2026-08-27T20:54:24Z,219002177,54.935977,11.371990,0.0,Under way using engine
2026-08-27T20:54:50Z,219000811,54.838705,11.491812,0.1,Under way using engine
2026-08-27T20:54:54Z,219002177,54.935965,11.372002,0.0,Under way using engine
2026-08-27T20:55:20Z,219000811,54.838707,11.491812,0.0,Under way using engine
2026-08-27T20:55:24Z,219002177,54.935973,11.371990,0.0,Under way using engine
2026-08-27T20:55:45Z,219000809,54.971885,11.514573,0.0,Moored
2026-08-27T20:55:50Z,219000811,54.838705,11.491815,0.0,Under way using engine
2026-08-27T20:55:54Z,219002177,54.935983,11.371992,0.0,Under way using engine
2026-08-27T20:56:20Z,219000811,54.838703,11.491818,0.0,Under way using engine
2026-08-27T20:56:24Z,219002177,54.935978,11.371987,0.0,Under way using engine
2026-08-27T20:56:54Z,219002177,54.935963,11.371997,0.0,Under way using engine
2026-08-27T20:57:20Z,219000811,54.838707,11.491818,0.0,Under way using engine
2026-08-27T20:57:24Z,219002177,54.935953,11.371978,0.0,Under way using engine
2026-08-27T20:57:41Z,219000809,54.971885,11.514573,0.0,Moored
2026-08-27T20:57:50Z,219000811,54.838708,11.491817,0.0,Under way using engine
2026-08-27T20:57:54Z,219002177,54.935962,11.371975,0.0,Under way using engine
2026-08-27T20:58:24Z,219002177,54.935945,11.371992,0.0,Under way using engine
2026-08-27T20:58:30Z,219000811,54.838710,11.491818,0.0,Under way using engine
2026-08-27T20:58:43Z,219000809,54.971915,11.514593,0.0,Moored
2026-08-27T20:59:03Z,219002177,54.935983,11.371973,0.0,Under way using engine
2026-08-27T20:59:10Z,219000811,54.838710,11.491818,0.0,Under way using engine
2026-08-27T20:59:33Z,219002177,54.935990,11.371968,0.0,Under way using engine
2026-08-27T20:59:49Z,219000811,54.838710,11.491820,0.0,Under way using engine
2026-08-27T21:00:03Z,219002177,54.935955,11.371975,0.0,Under way using engine
2026-08-27T21:00:20Z,219000811,54.838710,11.491818,0.0,Under way using engine
2026-08-27T21:00:33Z,219002177,54.935970,11.371977,0.0,Under way using engine
2026-08-27T21:01:00Z,219000811,54.838710,11.491822,0.0,Under way using engine
2026-08-27T21:01:03Z,219002177,54.935962,11.371993,0.0,Under way using engine
2026-08-27T21:01:33Z,219002177,54.935988,11.371977,0.0,Under way using engine
2026-08-27T21:01:39Z,219000811,54.838713,11.491825,0.0,Under way using engine
2026-08-27T21:01:46Z,219000809,54.971933,11.514563,0.0,Moored
2026-08-27T21:02:03Z,219002177,54.935965,11.371988,0.0,Under way using engine
2026-08-27T21:02:19Z,219000811,54.838712,11.491823,0.0,Under way using engine
2026-08-27T21:02:35Z,219002177,54.935983,11.371992,0.0,Under way using engine
2026-08-27T21:02:49Z,219000811,54.838710,11.491818,0.0,Under way using engine
2026-08-27T21:03:15Z,219002177,54.936003,11.372030,0.0,Under way using engine
2026-08-27T21:03:29Z,219000811,54.838708,11.491818,0.0,Under way using engine
2026-08-27T21:03:41Z,219000809,54.971933,11.514563,0.0,Moored
2026-08-27T21:03:55Z,219002177,54.935952,11.372063,0.0,Under way using engine
2026-08-27T21:04:00Z,219000811,54.838707,11.491820,0.0,Under way using engine
2026-08-27T21:04:25Z,219002177,54.936005,11.372002,0.1,Under way using engine
2026-08-27T21:04:39Z,219000811,54.838707,11.491818,0.0,Under way using engine
2026-08-27T21:04:46Z,219000809,54.971920,11.514580,0.0,Moored
2026-08-27T21:04:55Z,219002177,54.935982,11.371982,0.0,Under way using engine
2026-08-27T21:05:19Z,219000811,54.838708,11.491817,0.0,Under way using engine
2026-08-27T21:05:25Z,219002177,54.935988,11.371960,0.0,Under way using engine
2026-08-27T21:05:50Z,219000811,54.838710,11.491818,0.1,Under way using engine
2026-08-27T21:05:55Z,219002177,54.936005,11.371948,0.0,Under way using engine
2026-08-27T21:06:25Z,219000811,54.838712,11.491818,0.0,Under way using engine
2026-08-27T21:06:35Z,219002177,54.935978,11.371960,0.0,Under way using engine
2026-08-27T21:06:59Z,219000811,54.838712,11.491820,0.1,Under way using engine
2026-08-27T21:07:15Z,219002177,54.935997,11.371948,0.0,Under way using engine
2026-08-27T21:07:29Z,219000811,54.838710,11.491817,0.1,Under way using engine
2026-08-27T21:07:45Z,219000809,54.971922,11.514567,0.0,Moored
2026-08-27T21:07:54Z,219002177,54.935987,11.371957,0.1,Under way using engine
2026-08-27T21:07:59Z,219000811,54.838708,11.491820,0.0,Under way using engine
2026-08-27T21:08:29Z,219000811,54.838707,11.491822,0.0,Under way using engine
2026-08-27T21:08:35Z,219002177,54.935962,11.371985,0.0,Under way using engine
2026-08-27T21:08:59Z,219000811,54.838707,11.491822,0.0,Under way using engine
2026-08-27T21:09:15Z,219002177,54.935970,11.371995,0.0,Under way using engine
2026-08-27T21:09:29Z,219000811,54.838707,11.491822,0.0,Under way using engine
2026-08-27T21:09:42Z,219000809,54.971922,11.514567,0.0,Moored
2026-08-27T21:09:54Z,219002177,54.935998,11.371968,0.0,Under way using engine
2026-08-27T21:09:59Z,219000811,54.838707,11.491823,0.0,Under way using engine
2026-08-27T21:10:29Z,219000811,54.838703,11.491825,0.0,Under way using engine
2026-08-27T21:10:33Z,219002177,54.935968,11.371988,0.0,Under way using engine
2026-08-27T21:10:44Z,219000809,54.971905,11.514585,0.0,Moored
2026-08-27T21:11:00Z,219000811,54.838703,11.491827,0.1,Under way using engine
2026-08-27T21:11:04Z,219002177,54.935965,11.371990,0.0,Under way using engine
2026-08-27T21:11:40Z,219000811,54.838705,11.491827,0.0,Under way using engine
2026-08-27T21:11:44Z,219002177,54.935985,11.371967,0.0,Under way using engine
2026-08-27T21:12:10Z,219000811,54.838710,11.491823,0.0,Under way using engine
2026-08-27T21:12:15Z,219002177,54.935962,11.371987,0.0,Under way using engine
2026-08-27T21:12:40Z,219000811,54.838710,11.491822,0.0,Under way using engine
2026-08-27T21:12:54Z,219002177,54.935992,11.371953,0.0,Under way using engine
2026-08-27T21:13:10Z,219000811,54.838710,11.491818,0.0,Under way using engine
2026-08-27T21:13:33Z,219002177,54.935968,11.371977,0.1,Under way using engine
2026-08-27T21:13:40Z,219000811,54.838712,11.491817,0.0,Under way using engine
2026-08-27T21:13:43Z,219000809,54.971913,11.514555,0.0,Moored
2026-08-27T21:14:05Z,219002177,54.935967,11.371988,0.0,Under way using engine
2026-08-27T21:14:10Z,219000811,54.838710,11.491817,0.1,Under way using engine
2026-08-27T21:14:40Z,219000811,54.838713,11.491818,0.0,Under way using engine
2026-08-27T21:14:44Z,219002177,54.935977,11.371980,0.0,Under way using engine
2026-08-27T21:15:10Z,219000811,54.838715,11.491820,0.0,Under way using engine
2026-08-27T21:15:23Z,219002177,54.935970,11.371983,0.0,Under way using engine
2026-08-27T21:15:40Z,219000811,54.838715,11.491820,0.0,Under way using engine
2026-08-27T21:15:42Z,219000809,54.971913,11.514555,0.0,Moored
2026-08-27T21:15:54Z,219002177,54.935923,11.372008,0.1,Under way using engine
2026-08-27T21:16:10Z,219000811,54.838717,11.491820,0.0,Under way using engine
2026-08-27T21:16:33Z,219002177,54.935973,11.371965,0.0,Under way using engine
2026-08-27T21:16:40Z,219000811,54.838717,11.491818,0.0,Under way using engine
2026-08-27T21:16:45Z,219000809,54.971897,11.514575,0.0,Moored
2026-08-27T21:17:03Z,219002177,54.935970,11.371973,0.0,Under way using engine
2026-08-27T21:17:10Z,219000811,54.838718,11.491818,0.0,Under way using engine
2026-08-27T21:17:34Z,219002177,54.935983,11.371963,0.0,Under way using engine
2026-08-27T21:17:49Z,219000811,54.838717,11.491820,0.0,Under way using engine
2026-08-27T21:18:14Z,219002177,54.935977,11.371963,0.0,Under way using engine
2026-08-27T21:18:19Z,219000811,54.838717,11.491822,0.1,Under way using engine
2026-08-27T21:18:44Z,219002177,54.935972,11.371973,0.0,Under way using engine
2026-08-27T21:18:49Z,219000811,54.838717,11.491820,0.0,Under way using engine
2026-08-27T21:19:14Z,219002177,54.935970,11.371967,0.0,Under way using engine
2026-08-27T21:19:19Z,219000811,54.838715,11.491822,0.0,Under way using engine
2026-08-27T21:19:44Z,219002177,54.935963,11.371967,0.0,Under way using engine
2026-08-27T21:19:46Z,219000809,54.971903,11.514568,0.0,Moored
2026-08-27T21:19:49Z,219000811,54.838715,11.491825,0.1,Under way using engine
2026-08-27T21:20:14Z,219002177,54.935965,11.371965,0.0,Under way using engine
2026-08-27T21:20:19Z,219000811,54.838713,11.491827,0.0,Under way using engine
2026-08-27T21:20:49Z,219000811,54.838712,11.491825,0.0,Under way using engine
2026-08-27T21:20:53Z,219002177,54.935965,11.371963,0.0,Under way using engine
2026-08-27T21:21:25Z,219002177,54.935953,11.371978,0.0,Under way using engine
2026-08-27T21:21:29Z,219000811,54.838712,11.491825,0.1,Under way using engine
2026-08-27T21:21:41Z,219000809,54.971903,11.514568,0.0,Moored
2026-08-27T21:22:00Z,219000811,54.838708,11.491823,0.1,Under way using engine
2026-08-27T21:22:02Z,219002177,54.935967,11.371965,0.0,Under way using engine
2026-08-27T21:22:34Z,219002177,54.935970,11.371970,0.0,Under way using engine
2026-08-27T21:22:39Z,219000811,54.838707,11.491820,0.0,Under way using engine
2026-08-27T21:22:43Z,219000809,54.971915,11.514562,0.0,Moored
2026-08-27T21:23:09Z,219000811,54.838707,11.491820,0.1,Under way using engine
2026-08-27T21:23:15Z,219002177,54.935958,11.371980,0.0,Under way using engine
2026-08-27T21:23:39Z,219000811,54.838703,11.491820,0.0,Under way using engine
2026-08-27T21:23:53Z,219002177,54.935988,11.371968,0.1,Under way using engine
2026-08-27T21:24:09Z,219000811,54.838705,11.491818,0.0,Under way using engine
2026-08-27T21:24:25Z,219002177,54.935975,11.371975,0.0,Under way using engine
2026-08-27T21:24:39Z,219000811,54.838707,11.491818,0.1,Under way using engine
2026-08-27T21:25:04Z,219002177,54.935978,11.371975,0.0,Under way using engine
2026-08-27T21:25:09Z,219000811,54.838712,11.491818,0.0,Under way using engine
2026-08-27T21:25:34Z,219002177,54.935983,11.371975,0.0,Under way using engine
2026-08-27T21:25:45Z,219000809,54.971907,11.514572,0.0,Moored
2026-08-27T21:25:49Z,219000811,54.838715,11.491818,0.0,Under way using engine
2026-08-27T21:26:04Z,219002177,54.935973,11.372005,0.0,Under way using engine
2026-08-27T21:26:29Z,219000811,54.838717,11.491817,0.0,Under way using engine
2026-08-27T21:26:34Z,219002177,54.935970,11.371997,0.0,Under way using engine
2026-08-27T21:26:59Z,219000811,54.838718,11.491817,0.0,Under way using engine
2026-08-27T21:27:04Z,219002177,54.935962,11.372000,0.0,Under way using engine
2026-08-27T21:27:29Z,219000811,54.838715,11.491813,0.0,Under way using engine
2026-08-27T21:27:34Z,219002177,54.935962,11.371990,0.0,Under way using engine
2026-08-27T21:27:42Z,219000809,54.971907,11.514572,0.0,Moored
2026-08-27T21:27:59Z,219000811,54.838712,11.491812,0.0,Under way using engine
2026-08-27T21:28:05Z,219002177,54.935965,11.371995,0.0,Under way using engine
2026-08-27T21:28:29Z,219000811,54.838713,11.491813,0.0,Under way using engine
2026-08-27T21:28:43Z,219000809,54.971915,11.514595,0.0,Moored
2026-08-27T21:28:44Z,219002177,54.935960,11.371972,0.0,Under way using engine
2026-08-27T21:28:59Z,219000811,54.838713,11.491810,0.0,Under way using engine
2026-08-27T21:29:14Z,219002177,54.935963,11.371975,0.0,Under way using engine
2026-08-27T21:29:29Z,219000811,54.838712,11.491808,0.0,Under way using engine
2026-08-27T21:29:44Z,219002177,54.935960,11.371963,0.0,Under way using engine
2026-08-27T21:29:59Z,219000811,54.838712,11.491810,0.0,Under way using engine
2026-08-27T21:30:14Z,219002177,54.935950,11.371948,0.0,Under way using engine
2026-08-27T21:30:29Z,219000811,54.838715,11.491813,0.0,Under way using engine
2026-08-27T21:30:44Z,219002177,54.935943,11.371967,0.0,Under way using engine
2026-08-27T21:30:59Z,219000811,54.838715,11.491815,0.0,Under way using engine
2026-08-27T21:31:14Z,219002177,54.935937,11.371975,0.0,Under way using engine
2026-08-27T21:31:30Z,219000811,54.838713,11.491815,0.0,Under way using engine
2026-08-27T21:31:42Z,219000809,54.971910,11.514590,0.0,Moored
2026-08-27T21:31:55Z,219002177,54.935943,11.372010,0.0,Under way using engine
2026-08-27T21:32:10Z,219000811,54.838718,11.491820,0.1,Under way using engine
2026-08-27T21:32:35Z,219002177,54.935953,11.372008,0.0,Under way using engine
2026-08-27T21:32:40Z,219000811,54.838720,11.491823,0.0,Under way using engine
2026-08-27T21:33:14Z,219002177,54.935955,11.371997,0.0,Under way using engine
2026-08-27T21:33:19Z,219000811,54.838713,11.491822,0.0,Under way using engine
2026-08-27T21:33:41Z,219000809,54.971910,11.514590,0.0,Moored
2026-08-27T21:33:50Z,219000811,54.838715,11.491820,0.0,Under way using engine
2026-08-27T21:33:55Z,219002177,54.935952,11.372003,0.0,Under way using engine
2026-08-27T21:34:30Z,219000811,54.838715,11.491818,0.0,Under way using engine
2026-08-27T21:34:34Z,219002177,54.935948,11.371995,0.0,Under way using engine
2026-08-27T21:34:45Z,219000809,54.971910,11.514588,0.0,Moored
2026-08-27T21:35:04Z,219002177,54.935947,11.371962,0.0,Under way using engine
2026-08-27T21:35:09Z,219000811,54.838713,11.491815,0.0,Under way using engine
2026-08-27T21:35:34Z,219002177,54.935933,11.371988,0.0,Under way using engine
2026-08-27T21:35:40Z,219000811,54.838718,11.491813,0.0,Under way using engine
2026-08-27T21:36:04Z,219002177,54.935948,11.371982,0.0,Under way using engine
2026-08-27T21:36:19Z,219000811,54.838722,11.491813,0.0,Under way using engine
2026-08-27T21:36:34Z,219002177,54.935943,11.371992,0.0,Under way using engine
2026-08-27T21:36:49Z,219000811,54.838722,11.491813,0.0,Under way using engine
2026-08-27T21:37:04Z,219002177,54.935945,11.371985,0.0,Under way using engine
2026-08-27T21:37:19Z,219000811,54.838723,11.491815,0.0,Under way using engine
2026-08-27T21:37:35Z,219002177,54.935937,11.371987,0.0,Under way using engine
2026-08-27T21:37:46Z,219000809,54.971915,11.514573,0.0,Moored
2026-08-27T21:37:49Z,219000811,54.838720,11.491817,0.0,Under way using engine
2026-08-27T21:38:13Z,219002177,54.935937,11.371970,0.0,Under way using engine
2026-08-27T21:38:19Z,219000811,54.838718,11.491817,0.0,Under way using engine
2026-08-27T21:38:44Z,219002177,54.935942,11.371972,0.0,Under way using engine
2026-08-27T21:38:49Z,219000811,54.838718,11.491818,0.0,Under way using engine
2026-08-27T21:39:19Z,219000811,54.838720,11.491820,0.0,Under way using engine
2026-08-27T21:39:24Z,219002177,54.935940,11.371998,0.0,Under way using engine
2026-08-27T21:39:41Z,219000809,54.971915,11.514573,0.0,Moored
2026-08-27T21:39:55Z,219002177,54.935960,11.372000,0.0,Under way using engine
2026-08-27T21:40:00Z,219000811,54.838720,11.491822,0.0,Under way using engine
2026-08-27T21:40:30Z,219000811,54.838720,11.491818,0.0,Under way using engine
2026-08-27T21:40:35Z,219002177,54.935938,11.372017,0.0,Under way using engine
2026-08-27T21:40:44Z,219000809,54.971903,11.514588,0.0,Moored
2026-08-27T21:41:00Z,219000811,54.838718,11.491818,0.0,Under way using engine
2026-08-27T21:41:05Z,219002177,54.935937,11.372020,0.0,Under way using engine
2026-08-27T21:41:30Z,219000811,54.838717,11.491815,0.0,Under way using engine
2026-08-27T21:41:35Z,219002177,54.935943,11.372015,0.0,Under way using engine
2026-08-27T21:42:00Z,219000811,54.838715,11.491812,0.0,Under way using engine
2026-08-27T21:42:05Z,219002177,54.935937,11.372008,0.1,Under way using engine
2026-08-27T21:42:30Z,219000811,54.838718,11.491813,0.0,Under way using engine
2026-08-27T21:42:35Z,219002177,54.935963,11.372003,0.0,Under way using engine
2026-08-27T21:43:00Z,219000811,54.838718,11.491810,0.0,Under way using engine
2026-08-27T21:43:05Z,219002177,54.935947,11.372017,0.0,Under way using engine
2026-08-27T21:43:30Z,219000811,54.838735,11.491813,0.0,Under way using engine
2026-08-27T21:43:35Z,219002177,54.935948,11.372008,0.0,Under way using engine
2026-08-27T21:43:43Z,219000809,54.971915,11.514578,0.0,Moored
2026-08-27T21:44:00Z,219000811,54.838738,11.491813,0.0,Under way using engine
2026-08-27T21:44:05Z,219002177,54.935957,11.371995,0.0,Under way using engine
2026-08-27T21:44:30Z,219000811,54.838728,11.491805,0.0,Under way using engine
2026-08-27T21:44:35Z,219002177,54.935963,11.371973,0.0,Under way using engine
2026-08-27T21:45:00Z,219000811,54.838725,11.491807,0.0,Under way using engine
2026-08-27T21:45:14Z,219002177,54.935958,11.371975,0.0,Under way using engine
2026-08-27T21:45:38Z,219000811,54.838722,11.491808,0.0,Under way using engine
2026-08-27T21:45:42Z,219000809,54.971915,11.514578,0.0,Moored
2026-08-27T21:45:45Z,219002177,54.935967,11.371967,0.0,Under way using engine
2026-08-27T21:46:10Z,219000811,54.838718,11.491812,0.0,Under way using engine
2026-08-27T21:46:24Z,219002177,54.935942,11.371992,0.0,Under way using engine
2026-08-27T21:46:44Z,219000809,54.971930,11.514567,0.0,Moored
2026-08-27T21:46:54Z,219002177,54.935937,11.371992,0.0,Under way using engine
2026-08-27T21:46:59Z,219000811,54.838717,11.491818,0.0,Under way using engine
2026-08-27T21:47:24Z,219002177,54.935953,11.371967,0.0,Under way using engine
2026-08-27T21:47:29Z,219000811,54.838718,11.491822,0.0,Under way using engine
2026-08-27T21:47:54Z,219002177,54.935962,11.371988,0.0,Under way using engine
2026-08-27T21:47:59Z,219000811,54.838718,11.491823,0.0,Under way using engine
2026-08-27T21:48:24Z,219002177,54.935955,11.371992,0.0,Under way using engine
2026-08-27T21:48:29Z,219000811,54.838715,11.491822,0.0,Under way using engine
2026-08-27T21:48:54Z,219002177,54.935963,11.371997,0.0,Under way using engine
2026-08-27T21:48:59Z,219000811,54.838718,11.491823,0.0,Under way using engine
2026-08-27T21:49:24Z,219002177,54.935952,11.371985,0.0,Under way using engine
2026-08-27T21:49:29Z,219000811,54.838712,11.491823,0.0,Under way using engine
2026-08-27T21:49:44Z,219000809,54.971915,11.514590,0.0,Moored
2026-08-27T21:49:54Z,219002177,54.935962,11.371992,0.0,Under way using engine
2026-08-27T21:49:59Z,219000811,54.838708,11.491827,0.0,Under way using engine
2026-08-27T21:50:24Z,219002177,54.935973,11.372008,0.1,Under way using engine
2026-08-27T21:50:29Z,219000811,54.838703,11.491827,0.0,Under way using engine
2026-08-27T21:50:54Z,219002177,54.935992,11.371993,0.0,Under way using engine
2026-08-27T21:50:59Z,219000811,54.838705,11.491832,0.0,Under way using engine
2026-08-27T21:51:24Z,219002177,54.935980,11.371983,0.1,Under way using engine
2026-08-27T21:51:29Z,219000811,54.838705,11.491835,0.0,Under way using engine
2026-08-27T21:51:41Z,219000809,54.971915,11.514590,0.0,Moored
2026-08-27T21:52:00Z,219000811,54.838705,11.491837,0.0,Under way using engine
2026-08-27T21:52:03Z,219002177,54.935977,11.371998,0.0,Under way using engine
2026-08-27T21:52:34Z,219002177,54.935952,11.371992,0.0,Under way using engine
2026-08-27T21:52:40Z,219000811,54.838708,11.491837,0.0,Under way using engine
2026-08-27T21:52:44Z,219000809,54.971908,11.514572,0.0,Moored
2026-08-27T21:53:05Z,219002177,54.935982,11.372010,0.1,Under way using engine
2026-08-27T21:53:19Z,219000811,54.838710,11.491833,0.0,Under way using engine
2026-08-27T21:53:43Z,219002177,54.935953,11.371987,0.0,Under way using engine
2026-08-27T21:53:49Z,219000811,54.838712,11.491833,0.0,Under way using engine
2026-08-27T21:54:14Z,219002177,54.935995,11.371980,0.0,Under way using engine
2026-08-27T21:54:20Z,219000811,54.838712,11.491830,0.0,Under way using engine
2026-08-27T21:54:45Z,219002177,54.935972,11.371985,0.0,Under way using engine
2026-08-27T21:55:00Z,219000811,54.838712,11.491830,0.0,Under way using engine
2026-08-27T21:55:24Z,219002177,54.935967,11.371985,0.0,Under way using engine
2026-08-27T21:55:30Z,219000811,54.838712,11.491830,0.0,Under way using engine
2026-08-27T21:55:46Z,219000809,54.971932,11.514580,0.0,Moored
2026-08-27T21:56:00Z,219000811,54.838712,11.491823,0.0,Under way using engine
2026-08-27T21:56:04Z,219002177,54.935960,11.371982,0.0,Under way using engine
2026-08-27T21:56:30Z,219000811,54.838710,11.491822,0.0,Under way using engine
2026-08-27T21:56:45Z,219002177,54.935960,11.371990,0.0,Under way using engine
2026-08-27T21:57:00Z,219000811,54.838708,11.491818,0.0,Under way using engine
2026-08-27T21:57:24Z,219002177,54.935970,11.371983,0.0,Under way using engine
2026-08-27T21:57:30Z,219000811,54.838707,11.491817,0.0,Under way using engine
2026-08-27T21:57:42Z,219000809,54.971932,11.514580,0.0,Moored
2026-08-27T21:58:00Z,219000811,54.838708,11.491815,0.0,Under way using engine
2026-08-27T21:58:03Z,219002177,54.935977,11.371985,0.0,Under way using engine
2026-08-27T21:58:30Z,219000811,54.838712,11.491817,0.0,Under way using engine
2026-08-27T21:58:34Z,219002177,54.935977,11.371995,0.0,Under way using engine
2026-08-27T21:58:43Z,219000809,54.971923,11.514580,0.0,Moored
2026-08-27T21:59:00Z,219000811,54.838715,11.491817,0.0,Under way using engine
2026-08-27T21:59:04Z,219002177,54.935983,11.371988,0.0,Under way using engine
2026-08-27T21:59:34Z,219002177,54.935987,11.371995,0.0,Under way using engine
2026-08-27T21:59:39Z,219000811,54.838713,11.491815,0.0,Under way using engine
2026-08-27T22:00:04Z,219002177,54.935960,11.372015,0.0,Under way using engine
2026-08-27T22:00:09Z,219000811,54.838715,11.491818,0.0,Under way using engine
2026-08-27T22:00:34Z,219002177,54.935962,11.372007,0.0,Under way using engine
2026-08-27T22:00:39Z,219000811,54.838713,11.491822,0.0,Under way using engine
2026-08-27T22:01:04Z,219002177,54.935967,11.371997,0.0,Under way using engine
2026-08-27T22:01:09Z,219000811,54.838717,11.491825,0.0,Under way using engine
2026-08-27T22:01:34Z,219002177,54.935960,11.371977,0.0,Under way using engine
2026-08-27T22:01:39Z,219000811,54.838717,11.491825,0.0,Under way using engine
2026-08-27T22:01:45Z,219000809,54.971942,11.514568,0.0,Moored
2026-08-27T22:02:04Z,219002177,54.935980,11.371995,0.0,Under way using engine
2026-08-27T22:02:09Z,219000811,54.838713,11.491823,0.0,Under way using engine
2026-08-27T22:02:34Z,219002177,54.935985,11.372002,0.0,Under way using engine
2026-08-27T22:02:39Z,219000811,54.838717,11.491822,0.0,Under way using engine
2026-08-27T22:03:04Z,219002177,54.935975,11.371993,0.0,Under way using engine
2026-08-27T22:03:09Z,219000811,54.838717,11.491820,0.0,Under way using engine
2026-08-27T22:03:34Z,219002177,54.935985,11.371998,0.0,Under way using engine
2026-08-27T22:03:39Z,219000811,54.838720,11.491822,0.0,Under way using engine
2026-08-27T22:04:04Z,219002177,54.935992,11.371997,0.0,Under way using engine
2026-08-27T22:04:09Z,219000811,54.838720,11.491823,0.0,Under way using engine
2026-08-27T22:04:34Z,219002177,54.935982,11.371990,0.0,Under way using engine
2026-08-27T22:04:39Z,219000811,54.838720,11.491820,0.0,Under way using engine
2026-08-27T22:04:46Z,219000809,54.971957,11.514570,0.0,Moored
2026-08-27T22:05:04Z,219002177,54.936007,11.372005,0.0,Under way using engine
2026-08-27T22:05:09Z,219000811,54.838720,11.491817,0.0,Under way using engine
2026-08-27T22:05:34Z,219002177,54.935993,11.372015,0.0,Under way using engine
2026-08-27T22:05:40Z,219000811,54.838720,11.491817,0.0,Under way using engine
2026-08-27T22:06:04Z,219002177,54.935993,11.372013,0.0,Under way using engine
2026-08-27T22:06:19Z,219000811,54.838718,11.491813,0.0,Under way using engine
2026-08-27T22:06:34Z,219002177,54.935990,11.372013,0.0,Under way using engine
2026-08-27T22:06:50Z,219000811,54.838717,11.491815,0.0,Under way using engine
2026-08-27T22:07:04Z,219002177,54.935983,11.372020,0.0,Under way using engine
2026-08-27T22:07:29Z,219000811,54.838713,11.491815,0.0,Under way using engine
2026-08-27T22:07:43Z,219000809,54.971887,11.514607,0.0,Moored
2026-08-27T22:07:45Z,219002177,54.935972,11.372020,0.0,Under way using engine
2026-08-27T22:08:08Z,219000811,54.838712,11.491817,0.0,Under way using engine
2026-08-27T22:08:24Z,219002177,54.935977,11.372023,0.0,Under way using engine
2026-08-27T22:08:40Z,219000811,54.838715,11.491820,0.0,Under way using engine
2026-08-27T22:08:55Z,219002177,54.935967,11.372017,0.0,Under way using engine
2026-08-27T22:09:19Z,219000811,54.838713,11.491820,0.0,Under way using engine
2026-08-27T22:09:35Z,219002177,54.935973,11.372015,0.0,Under way using engine
2026-08-27T22:09:42Z,219000809,54.971887,11.514607,0.0,Moored
2026-08-27T22:09:50Z,219000811,54.838712,11.491818,0.0,Under way using engine
2026-08-27T22:10:05Z,219002177,54.935967,11.372005,0.0,Under way using engine
2026-08-27T22:10:30Z,219000811,54.838713,11.491818,0.0,Under way using engine
2026-08-27T22:10:35Z,219002177,54.935987,11.372023,0.0,Under way using engine
2026-08-27T22:10:45Z,219000809,54.971953,11.514593,0.0,Moored
2026-08-27T22:11:05Z,219002177,54.935980,11.372018,0.0,Under way using engine
2026-08-27T22:11:08Z,219000811,54.838715,11.491822,0.0,Under way using engine
2026-08-27T22:11:35Z,219002177,54.935967,11.372000,0.0,Under way using engine
2026-08-27T22:11:40Z,219000811,54.838715,11.491823,0.0,Under way using engine
2026-08-27T22:12:05Z,219002177,54.935965,11.371992,0.0,Under way using engine
2026-08-27T22:12:19Z,219000811,54.838715,11.491822,0.0,Under way using engine
2026-08-27T22:12:35Z,219002177,54.935970,11.372008,0.0,Under way using engine
2026-08-27T22:12:50Z,219000811,54.838717,11.491822,0.0,Under way using engine
2026-08-27T22:13:05Z,219002177,54.935968,11.372003,0.0,Under way using engine
2026-08-27T22:13:30Z,219000811,54.838715,11.491822,0.0,Under way using engine
2026-08-27T22:13:35Z,219002177,54.935985,11.372013,0.0,Under way using engine
2026-08-27T22:14:00Z,219000811,54.838713,11.491820,0.0,Under way using engine
2026-08-27T22:14:05Z,219002177,54.935982,11.371993,0.1,Under way using engine
2026-08-27T22:14:35Z,219002177,54.935975,11.371982,0.0,Under way using engine
2026-08-27T22:14:40Z,219000811,54.838708,11.491820,0.0,Under way using engine
2026-08-27T22:15:05Z,219002177,54.935973,11.371992,0.1,Under way using engine
2026-08-27T22:15:19Z,219000811,54.838708,11.491822,0.0,Under way using engine
2026-08-27T22:15:35Z,219002177,54.935972,11.372015,0.0,Under way using engine
2026-08-27T22:15:42Z,219000809,54.971953,11.514593,0.0,Moored
2026-08-27T22:15:49Z,219000811,54.838712,11.491822,0.0,Under way using engine
2026-08-27T22:16:14Z,219002177,54.935972,11.372017,0.0,Under way using engine
2026-08-27T22:16:19Z,219000811,54.838712,11.491822,0.0,Under way using engine
2026-08-27T22:16:45Z,219002177,54.935982,11.372008,0.0,Under way using engine
2026-08-27T22:16:46Z,219000809,54.971908,11.514598,0.0,Moored
2026-08-27T22:16:49Z,219000811,54.838712,11.491822,0.0,Under way using engine
2026-08-27T22:17:19Z,219000811,54.838710,11.491820,0.0,Under way using engine
2026-08-27T22:17:23Z,219002177,54.935948,11.371948,0.1,Under way using engine
2026-08-27T22:17:49Z,219000811,54.838708,11.491822,0.0,Under way using engine
2026-08-27T22:17:55Z,219002177,54.935978,11.371995,0.0,Under way using engine
2026-08-27T22:18:19Z,219000811,54.838708,11.491822,0.0,Under way using engine
2026-08-27T22:18:35Z,219002177,54.935980,11.372003,0.0,Under way using engine
2026-08-27T22:18:49Z,219000811,54.838708,11.491820,0.0,Under way using engine
2026-08-27T22:19:14Z,219002177,54.935970,11.372002,0.0,Under way using engine
2026-08-27T22:19:19Z,219000811,54.838708,11.491817,0.0,Under way using engine
2026-08-27T22:19:45Z,219002177,54.935960,11.371998,0.0,Under way using engine
2026-08-27T22:19:49Z,219000811,54.838705,11.491815,0.0,Under way using engine
2026-08-27T22:20:19Z,219000811,54.838705,11.491815,0.0,Under way using engine
2026-08-27T22:20:23Z,219002177,54.935968,11.371980,0.0,Under way using engine
2026-08-27T22:20:49Z,219000811,54.838703,11.491815,0.0,Under way using engine
2026-08-27T22:20:55Z,219002177,54.935963,11.371985,0.0,Under way using engine
2026-08-27T22:21:19Z,219000811,54.838703,11.491813,0.0,Under way using engine
2026-08-27T22:21:25Z,219002177,54.935963,11.371987,0.0,Under way using engine
2026-08-27T22:21:49Z,219000811,54.838707,11.491813,0.0,Under way using engine
2026-08-27T22:21:55Z,219002177,54.935967,11.371990,0.0,Under way using engine
2026-08-27T22:22:20Z,219000811,54.838707,11.491812,0.0,Under way using engine
2026-08-27T22:22:25Z,219002177,54.935972,11.372002,0.0,Under way using engine
2026-08-27T22:23:00Z,219000811,54.838707,11.491810,0.0,Under way using engine
2026-08-27T22:23:04Z,219002177,54.935973,11.371992,0.0,Under way using engine
2026-08-27T22:23:35Z,219002177,54.935970,11.371988,0.0,Under way using engine
2026-08-27T22:23:39Z,219000811,54.838708,11.491812,0.0,Under way using engine
2026-08-27T22:24:14Z,219002177,54.935978,11.371987,0.0,Under way using engine
2026-08-27T22:24:20Z,219000811,54.838708,11.491812,0.0,Under way using engine
2026-08-27T22:24:45Z,219002177,54.935975,11.371993,0.0,Under way using engine
2026-08-27T22:25:00Z,219000811,54.838712,11.491813,0.0,Under way using engine
2026-08-27T22:25:25Z,219002177,54.935967,11.371997,0.0,Under way using engine
2026-08-27T22:25:39Z,219000811,54.838712,11.491820,0.0,Under way using engine
2026-08-27T22:25:45Z,219000809,54.971930,11.514593,0.0,Moored
2026-08-27T22:26:05Z,219002177,54.935978,11.371978,0.0,Under way using engine
2026-08-27T22:26:10Z,219000811,54.838712,11.491820,0.0,Under way using engine
2026-08-27T22:26:35Z,219002177,54.935968,11.371987,0.0,Under way using engine
2026-08-27T22:26:49Z,219000811,54.838712,11.491817,0.0,Under way using engine
2026-08-27T22:27:05Z,219002177,54.935967,11.371990,0.0,Under way using engine
2026-08-27T22:27:20Z,219000811,54.838713,11.491817,0.0,Under way using engine
2026-08-27T22:27:35Z,219002177,54.935975,11.371985,0.0,Under way using engine
2026-08-27T22:27:41Z,219000809,54.971930,11.514593,0.0,Moored
2026-08-27T22:28:00Z,219000811,54.838710,11.491815,0.0,Under way using engine
2026-08-27T22:28:05Z,219002177,54.935983,11.371993,0.0,Under way using engine
2026-08-27T22:28:35Z,219002177,54.935982,11.371990,0.0,Under way using engine
2026-08-27T22:28:38Z,219000811,54.838708,11.491815,0.0,Under way using engine
2026-08-27T22:28:42Z,219000809,54.971905,11.514573,0.0,Moored
2026-08-27T22:29:05Z,219002177,54.935980,11.371990,0.0,Under way using engine
2026-08-27T22:29:10Z,219000811,54.838707,11.491817,0.0,Under way using engine
2026-08-27T22:29:35Z,219002177,54.935973,11.371983,0.0,Under way using engine
2026-08-27T22:29:49Z,219000811,54.838708,11.491815,0.0,Under way using engine
2026-08-27T22:30:05Z,219002177,54.935965,11.371987,0.0,Under way using engine
2026-08-27T22:30:20Z,219000811,54.838708,11.491812,0.0,Under way using engine
2026-08-27T22:30:35Z,219002177,54.935965,11.371990,0.0,Under way using engine
2026-08-27T22:31:00Z,219000811,54.838707,11.491810,0.0,Under way using engine
2026-08-27T22:31:05Z,219002177,54.935962,11.372000,0.0,Under way using engine
2026-08-27T22:31:35Z,219002177,54.935960,11.371997,0.0,Under way using engine
2026-08-27T22:31:38Z,219000811,54.838708,11.491813,0.0,Under way using engine
2026-08-27T22:31:46Z,219000809,54.971900,11.514558,0.0,Moored
2026-08-27T22:32:05Z,219002177,54.935957,11.371992,0.0,Under way using engine
2026-08-27T22:32:10Z,219000811,54.838710,11.491815,0.0,Under way using engine
2026-08-27T22:32:35Z,219002177,54.935960,11.371992,0.0,Under way using engine
2026-08-27T22:32:49Z,219000811,54.838710,11.491813,0.0,Under way using engine
2026-08-27T22:33:15Z,219002177,54.935967,11.372008,0.0,Under way using engine
2026-08-27T22:33:19Z,219000811,54.838712,11.491813,0.0,Under way using engine
2026-08-27T22:33:49Z,219000811,54.838713,11.491815,0.0,Under way using engine
2026-08-27T22:33:55Z,219002177,54.935970,11.372007,0.0,Under way using engine
2026-08-27T22:34:19Z,219000811,54.838713,11.491817,0.0,Under way using engine
2026-08-27T22:34:35Z,219002177,54.935955,11.371997,0.0,Under way using engine
2026-08-27T22:34:43Z,219000809,54.971908,11.514553,0.0,Moored
2026-08-27T22:34:49Z,219000811,54.838715,11.491820,0.0,Under way using engine
2026-08-27T22:35:14Z,219002177,54.935965,11.372012,0.0,Under way using engine
2026-08-27T22:35:19Z,219000811,54.838713,11.491820,0.0,Under way using engine
2026-08-27T22:35:49Z,219000811,54.838710,11.491823,0.0,Under way using engine
2026-08-27T22:35:54Z,219002177,54.935967,11.372012,0.0,Under way using engine
2026-08-27T22:36:19Z,219000811,54.838707,11.491822,0.0,Under way using engine
2026-08-27T22:36:35Z,219002177,54.935970,11.371993,0.0,Under way using engine
2026-08-27T22:36:49Z,219000811,54.838705,11.491822,0.0,Under way using engine
2026-08-27T22:37:14Z,219002177,54.935965,11.372007,0.0,Under way using engine
2026-08-27T22:37:19Z,219000811,54.838708,11.491820,0.0,Under way using engine
2026-08-27T22:37:43Z,219000809,54.971908,11.514575,0.0,Moored
2026-08-27T22:37:44Z,219002177,54.935960,11.372010,0.0,Under way using engine
2026-08-27T22:37:49Z,219000811,54.838707,11.491820,0.0,Under way using engine
2026-08-27T22:38:14Z,219002177,54.935960,11.372012,0.0,Under way using engine
2026-08-27T22:38:19Z,219000811,54.838707,11.491817,0.0,Under way using engine
2026-08-27T22:38:44Z,219002177,54.935963,11.372007,0.0,Under way using engine
2026-08-27T22:38:49Z,219000811,54.838708,11.491815,0.0,Under way using engine
2026-08-27T22:39:14Z,219002177,54.935972,11.371993,0.0,Under way using engine
2026-08-27T22:39:20Z,219000811,54.838710,11.491817,0.0,Under way using engine
2026-08-27T22:39:41Z,219000809,54.971908,11.514575,0.0,Moored
2026-08-27T22:39:44Z,219002177,54.935983,11.371992,0.0,Under way using engine
2026-08-27T22:39:59Z,219000811,54.838708,11.491815,0.0,Under way using engine
2026-08-27T22:40:14Z,219002177,54.935982,11.371982,0.0,Under way using engine
2026-08-27T22:40:30Z,219000811,54.838708,11.491813,0.0,Under way using engine
2026-08-27T22:40:44Z,219000809,54.971917,11.514562,0.0,Moored
2026-08-27T22:40:44Z,219002177,54.935975,11.371977,0.0,Under way using engine
2026-08-27T22:41:09Z,219000811,54.838705,11.491810,0.0,Under way using engine
2026-08-27T22:41:14Z,219002177,54.935975,11.371975,0.0,Under way using engine
2026-08-27T22:41:39Z,219000811,54.838705,11.491813,0.0,Under way using engine
2026-08-27T22:41:44Z,219002177,54.935957,11.371990,0.0,Under way using engine
2026-08-27T22:42:09Z,219000811,54.838703,11.491818,0.0,Under way using engine
2026-08-27T22:42:14Z,219002177,54.935963,11.371993,0.0,Under way using engine
2026-08-27T22:42:39Z,219000811,54.838703,11.491823,0.0,Under way using engine
2026-08-27T22:42:44Z,219002177,54.935968,11.371998,0.0,Under way using engine
2026-08-27T22:43:09Z,219000811,54.838703,11.491825,0.0,Under way using engine
2026-08-27T22:43:23Z,219002177,54.935967,11.371992,0.0,Under way using engine
2026-08-27T22:43:39Z,219000811,54.838703,11.491828,0.0,Under way using engine
2026-08-27T22:43:46Z,219000809,54.971910,11.514545,0.0,Moored
2026-08-27T22:43:54Z,219002177,54.935968,11.371973,0.1,Under way using engine
2026-08-27T22:44:09Z,219000811,54.838705,11.491827,0.0,Under way using engine
2026-08-27T22:44:39Z,219000811,54.838703,11.491827,0.0,Under way using engine
2026-08-27T22:44:44Z,219002177,54.935972,11.371968,0.0,Under way using engine
2026-08-27T22:45:09Z,219000811,54.838705,11.491823,0.0,Under way using engine
2026-08-27T22:45:23Z,219002177,54.935982,11.372015,0.0,Under way using engine
2026-08-27T22:45:39Z,219000811,54.838707,11.491822,0.0,Under way using engine
2026-08-27T22:45:41Z,219000809,54.971910,11.514545,0.0,Moored
2026-08-27T22:45:54Z,219002177,54.935977,11.371978,0.0,Under way using engine
2026-08-27T22:46:09Z,219000811,54.838708,11.491822,0.0,Under way using engine
2026-08-27T22:46:40Z,219000811,54.838710,11.491822,0.0,Under way using engine
2026-08-27T22:46:44Z,219002177,54.935958,11.372027,0.0,Under way using engine
2026-08-27T22:46:45Z,219000809,54.971910,11.514583,0.0,Moored
2026-08-27T22:47:14Z,219002177,54.935960,11.372005,0.0,Under way using engine
2026-08-27T22:47:18Z,219000811,54.838712,11.491822,0.0,Under way using engine
2026-08-27T22:47:44Z,219002177,54.935963,11.372007,0.0,Under way using engine
2026-08-27T22:47:50Z,219000811,54.838712,11.491823,0.0,Under way using engine
2026-08-27T22:48:15Z,219002177,54.935963,11.372015,0.0,Under way using engine
2026-08-27T22:48:22Z,219000811,54.838713,11.491827,0.0,Under way using engine
2026-08-27T22:48:54Z,219002177,54.935957,11.372007,0.0,Under way using engine
2026-08-27T22:48:58Z,219000811,54.838713,11.491828,0.0,Under way using engine
2026-08-27T22:49:24Z,219002177,54.935970,11.372028,0.0,Under way using engine
2026-08-27T22:49:30Z,219000811,54.838712,11.491830,0.0,Under way using engine
2026-08-27T22:49:43Z,219000809,54.971903,11.514575,0.0,Moored
2026-08-27T22:49:54Z,219002177,54.935977,11.371985,0.0,Under way using engine
2026-08-27T22:50:09Z,219000811,54.838715,11.491827,0.0,Under way using engine
2026-08-27T22:50:24Z,219002177,54.935968,11.372003,0.0,Under way using engine
2026-08-27T22:50:40Z,219000811,54.838715,11.491823,0.0,Under way using engine
2026-08-27T22:50:54Z,219002177,54.935967,11.371998,0.0,Under way using engine
2026-08-27T22:51:19Z,219000811,54.838717,11.491825,0.0,Under way using engine
2026-08-27T22:51:24Z,219002177,54.935963,11.371982,0.0,Under way using engine
2026-08-27T22:51:42Z,219000809,54.971903,11.514575,0.0,Moored
2026-08-27T22:51:50Z,219000811,54.838718,11.491825,0.0,Under way using engine
2026-08-27T22:51:54Z,219002177,54.935973,11.371987,0.0,Under way using engine
2026-08-27T22:52:24Z,219002177,54.935977,11.372018,0.0,Under way using engine
2026-08-27T22:52:29Z,219000811,54.838717,11.491827,0.0,Under way using engine
2026-08-27T22:52:46Z,219000809,54.971905,11.514593,0.0,Moored
2026-08-27T22:52:54Z,219002177,54.935973,11.372075,0.0,Under way using engine
2026-08-27T22:53:00Z,219000811,54.838713,11.491827,0.0,Under way using engine
2026-08-27T22:53:24Z,219002177,54.935965,11.372008,0.0,Under way using engine
2026-08-27T22:53:40Z,219000811,54.838712,11.491823,0.0,Under way using engine
2026-08-27T22:53:54Z,219002177,54.935963,11.372003,0.0,Under way using engine
2026-08-27T22:54:19Z,219000811,54.838713,11.491822,0.0,Under way using engine
2026-08-27T22:54:24Z,219002177,54.935972,11.372005,0.0,Under way using engine
2026-08-27T22:54:50Z,219000811,54.838712,11.491822,0.0,Under way using engine
2026-08-27T22:54:54Z,219002177,54.935967,11.372018,0.0,Under way using engine
2026-08-27T22:55:24Z,219002177,54.935965,11.372020,0.0,Under way using engine
2026-08-27T22:55:30Z,219000811,54.838712,11.491817,0.0,Under way using engine
2026-08-27T22:55:44Z,219000809,54.971905,11.514603,0.0,Moored
2026-08-27T22:55:55Z,219002177,54.935958,11.372017,0.0,Under way using engine
2026-08-27T22:56:10Z,219000811,54.838710,11.491812,0.0,Under way using engine
2026-08-27T22:56:34Z,219002177,54.935958,11.371998,0.0,Under way using engine
2026-08-27T22:56:40Z,219000811,54.838710,11.491813,0.0,Under way using engine
2026-08-27T22:57:05Z,219002177,54.935967,11.372032,0.0,Under way using engine
2026-08-27T22:57:10Z,219000811,54.838710,11.491813,0.0,Under way using engine
2026-08-27T22:57:40Z,219000811,54.838710,11.491813,0.0,Under way using engine
2026-08-27T22:57:41Z,219000809,54.971905,11.514603,0.0,Moored
2026-08-27T22:57:45Z,219002177,54.935967,11.372015,0.0,Under way using engine
2026-08-27T22:58:10Z,219000811,54.838712,11.491813,0.0,Under way using engine
2026-08-27T22:58:24Z,219002177,54.935967,11.372002,0.0,Under way using engine
2026-08-27T22:58:40Z,219000811,54.838713,11.491813,0.0,Under way using engine
2026-08-27T22:58:46Z,219000809,54.971888,11.514587,0.0,Moored
2026-08-27T22:58:55Z,219002177,54.935973,11.372077,0.0,Under way using engine
2026-08-27T22:59:10Z,219000811,54.838713,11.491813,0.0,Under way using engine
2026-08-27T22:59:34Z,219002177,54.935972,11.372058,0.0,Under way using engine
2026-08-27T22:59:40Z,219000811,54.838713,11.491815,0.0,Under way using engine
2026-08-27T23:00:05Z,219002177,54.935960,11.372003,0.0,Under way using engine
2026-08-27T23:00:10Z,219000811,54.838712,11.491817,0.0,Under way using engine
2026-08-27T23:00:40Z,219000811,54.838710,11.491817,0.0,Under way using engine
2026-08-27T23:00:44Z,219002177,54.935962,11.371995,0.0,Under way using engine
2026-08-27T23:01:10Z,219000811,54.838710,11.491818,0.0,Under way using engine
2026-08-27T23:01:15Z,219002177,54.935968,11.372015,0.0,Under way using engine
2026-08-27T23:01:40Z,219000811,54.838710,11.491820,0.0,Under way using engine
2026-08-27T23:01:44Z,219000809,54.971895,11.514588,0.0,Moored
2026-08-27T23:01:55Z,219002177,54.935975,11.372042,0.0,Under way using engine
2026-08-27T23:02:10Z,219000811,54.838707,11.491820,0.0,Under way using engine
2026-08-27T23:02:33Z,219002177,54.935985,11.372022,0.0,Under way using engine
2026-08-27T23:02:40Z,219000811,54.838708,11.491820,0.0,Under way using engine
2026-08-27T23:03:04Z,219002177,54.935977,11.372023,0.0,Under way using engine
2026-08-27T23:03:10Z,219000811,54.838708,11.491820,0.0,Under way using engine
2026-08-27T23:03:40Z,219000811,54.838708,11.491820,0.0,Under way using engine
2026-08-27T23:03:41Z,219000809,54.971895,11.514588,0.0,Moored
2026-08-27T23:03:44Z,219002177,54.935975,11.372020,0.0,Under way using engine
2026-08-27T23:04:10Z,219000811,54.838712,11.491820,0.0,Under way using engine
2026-08-27T23:04:15Z,219002177,54.935968,11.372013,0.0,Under way using engine
2026-08-27T23:04:40Z,219000811,54.838712,11.491820,0.0,Under way using engine
2026-08-27T23:04:44Z,219000809,54.971902,11.514582,0.0,Moored
2026-08-27T23:04:54Z,219002177,54.935945,11.372008,0.0,Under way using engine
2026-08-27T23:05:10Z,219000811,54.838712,11.491822,0.0,Under way using engine
2026-08-27T23:05:24Z,219002177,54.935947,11.371998,0.0,Under way using engine
2026-08-27T23:05:40Z,219000811,54.838710,11.491822,0.0,Under way using engine
2026-08-27T23:05:54Z,219002177,54.935953,11.371997,0.0,Under way using engine
2026-08-27T23:06:10Z,219000811,54.838708,11.491822,0.0,Under way using engine
2026-08-27T23:06:24Z,219002177,54.935958,11.372008,0.0,Under way using engine
2026-08-27T23:06:40Z,219000811,54.838708,11.491822,0.0,Under way using engine
2026-08-27T23:06:54Z,219002177,54.935965,11.371997,0.0,Under way using engine
2026-08-27T23:07:10Z,219000811,54.838707,11.491818,0.0,Under way using engine
2026-08-27T23:07:24Z,219002177,54.935962,11.371998,0.0,Under way using engine
2026-08-27T23:07:43Z,219000809,54.971913,11.514588,0.0,Moored
2026-08-27T23:07:49Z,219000811,54.838705,11.491817,0.0,Under way using engine
2026-08-27T23:07:55Z,219002177,54.935960,11.371995,0.0,Under way using engine
2026-08-27T23:08:20Z,219000811,54.838705,11.491817,0.0,Under way using engine
2026-08-27T23:08:34Z,219002177,54.935965,11.371985,0.0,Under way using engine
2026-08-27T23:09:00Z,219000811,54.838707,11.491817,0.0,Under way using engine
2026-08-27T23:09:05Z,219002177,54.935967,11.371975,0.0,Under way using engine
2026-08-27T23:09:39Z,219000811,54.838708,11.491815,0.0,Under way using engine
2026-08-27T23:09:42Z,219000809,54.971913,11.514588,0.0,Moored
2026-08-27T23:09:44Z,219002177,54.935973,11.371960,0.0,Under way using engine
2026-08-27T23:10:10Z,219000811,54.838708,11.491817,0.0,Under way using engine
2026-08-27T23:10:15Z,219002177,54.935975,11.371973,0.0,Under way using engine
2026-08-27T23:10:44Z,219000809,54.971912,11.514592,0.0,Moored
2026-08-27T23:10:49Z,219000811,54.838712,11.491817,0.0,Under way using engine
2026-08-27T23:10:55Z,219002177,54.935975,11.371988,0.0,Under way using engine
2026-08-27T23:11:20Z,219000811,54.838713,11.491815,0.0,Under way using engine
2026-08-27T23:11:34Z,219002177,54.935980,11.372005,0.0,Under way using engine
2026-08-27T23:11:59Z,219000811,54.838712,11.491813,0.0,Under way using engine
2026-08-27T23:12:05Z,219002177,54.935965,11.372018,0.0,Under way using engine
2026-08-27T23:12:29Z,219000811,54.838712,11.491812,0.0,Under way using engine
2026-08-27T23:12:44Z,219002177,54.935963,11.372018,0.0,Under way using engine
2026-08-27T23:12:59Z,219000811,54.838712,11.491812,0.0,Under way using engine
2026-08-27T23:13:14Z,219002177,54.935960,11.372003,0.0,Under way using engine
2026-08-27T23:13:29Z,219000811,54.838710,11.491810,0.0,Under way using engine
2026-08-27T23:13:43Z,219000809,54.971895,11.514597,0.1,Moored
2026-08-27T23:13:44Z,219002177,54.935960,11.371992,0.0,Under way using engine
2026-08-27T23:13:59Z,219000811,54.838712,11.491812,0.0,Under way using engine
2026-08-27T23:14:14Z,219002177,54.935953,11.371995,0.0,Under way using engine
2026-08-27T23:14:29Z,219000811,54.838712,11.491815,0.0,Under way using engine
2026-08-27T23:14:44Z,219002177,54.935957,11.371992,0.0,Under way using engine
2026-08-27T23:14:59Z,219000811,54.838712,11.491813,0.0,Under way using engine
2026-08-27T23:15:14Z,219002177,54.935953,11.372012,0.0,Under way using engine
2026-08-27T23:15:29Z,219000811,54.838712,11.491812,0.0,Under way using engine
2026-08-27T23:15:42Z,219000809,54.971895,11.514597,0.1,Moored
2026-08-27T23:15:44Z,219002177,54.935953,11.371980,0.0,Under way using engine
2026-08-27T23:15:59Z,219000811,54.838713,11.491815,0.0,Under way using engine
2026-08-27T23:16:14Z,219002177,54.935962,11.371973,0.0,Under way using engine
2026-08-27T23:16:29Z,219000811,54.838713,11.491817,0.0,Under way using engine
2026-08-27T23:16:44Z,219000809,54.971905,11.514567,0.0,Moored
2026-08-27T23:16:44Z,219002177,54.935960,11.371970,0.0,Under way using engine
2026-08-27T23:16:59Z,219000811,54.838713,11.491817,0.0,Under way using engine
2026-08-27T23:17:14Z,219002177,54.935967,11.371977,0.0,Under way using engine
2026-08-27T23:17:29Z,219000811,54.838713,11.491817,0.0,Under way using engine
2026-08-27T23:17:44Z,219002177,54.935968,11.371993,0.0,Under way using engine
2026-08-27T23:17:59Z,219000811,54.838713,11.491820,0.0,Under way using engine
2026-08-27T23:18:15Z,219002177,54.935962,11.371997,0.0,Under way using engine
2026-08-27T23:18:29Z,219000811,54.838712,11.491822,0.0,Under way using engine
2026-08-27T23:18:54Z,219002177,54.935960,11.371990,0.0,Under way using engine
2026-08-27T23:18:59Z,219000811,54.838710,11.491818,0.0,Under way using engine
2026-08-27T23:19:24Z,219002177,54.935967,11.371992,0.0,Under way using engine
2026-08-27T23:19:29Z,219000811,54.838708,11.491818,0.0,Under way using engine
2026-08-27T23:19:45Z,219000809,54.971910,11.514578,0.0,Moored
2026-08-27T23:19:54Z,219002177,54.935967,11.371988,0.0,Under way using engine
2026-08-27T23:19:59Z,219000811,54.838707,11.491818,0.0,Under way using engine
2026-08-27T23:20:24Z,219002177,54.935967,11.371987,0.0,Under way using engine
2026-08-27T23:20:29Z,219000811,54.838705,11.491817,0.0,Under way using engine
2026-08-27T23:20:54Z,219002177,54.935972,11.371985,0.0,Under way using engine
2026-08-27T23:20:59Z,219000811,54.838705,11.491817,0.0,Under way using engine
2026-08-27T23:21:24Z,219002177,54.935967,11.371975,0.0,Under way using engine
2026-08-27T23:21:29Z,219000811,54.838707,11.491817,0.0,Under way using engine
2026-08-27T23:21:42Z,219000809,54.971910,11.514578,0.0,Moored
2026-08-27T23:21:54Z,219002177,54.935962,11.371982,0.0,Under way using engine
2026-08-27T23:21:59Z,219000811,54.838707,11.491817,0.0,Under way using engine
2026-08-27T23:22:24Z,219002177,54.935962,11.371993,0.0,Under way using engine
2026-08-27T23:22:29Z,219000811,54.838707,11.491818,0.0,Under way using engine
2026-08-27T23:22:43Z,219000809,54.971913,11.514580,0.0,Moored
2026-08-27T23:22:54Z,219002177,54.935965,11.371997,0.1,Under way using engine
2026-08-27T23:22:59Z,219000811,54.838705,11.491822,0.0,Under way using engine
2026-08-27T23:23:29Z,219000811,54.838702,11.491818,0.0,Under way using engine
2026-08-27T23:23:34Z,219002177,54.935965,11.371988,0.0,Under way using engine
2026-08-27T23:23:59Z,219000811,54.838700,11.491817,0.0,Under way using engine
2026-08-27T23:24:04Z,219002177,54.935965,11.371983,0.0,Under way using engine
2026-08-27T23:24:29Z,219000811,54.838698,11.491815,0.0,Under way using engine
2026-08-27T23:24:34Z,219002177,54.935960,11.371985,0.0,Under way using engine
2026-08-27T23:24:59Z,219000811,54.838698,11.491818,0.0,Under way using engine
2026-08-27T23:25:04Z,219002177,54.935952,11.371997,0.0,Under way using engine
2026-08-27T23:25:30Z,219000811,54.838697,11.491818,0.0,Under way using engine
2026-08-27T23:25:34Z,219002177,54.935955,11.371992,0.0,Under way using engine
2026-08-27T23:26:04Z,219002177,54.935960,11.371987,0.0,Under way using engine
2026-08-27T23:26:10Z,219000811,54.838697,11.491820,0.0,Under way using engine
2026-08-27T23:26:34Z,219002177,54.935952,11.371983,0.0,Under way using engine
2026-08-27T23:26:48Z,219000811,54.838698,11.491822,0.0,Under way using engine
2026-08-27T23:27:04Z,219002177,54.935955,11.371995,0.0,Under way using engine
2026-08-27T23:27:18Z,219000811,54.838698,11.491820,0.0,Under way using engine
2026-08-27T23:27:34Z,219002177,54.935965,11.372008,0.0,Under way using engine
2026-08-27T23:27:42Z,219000809,54.971913,11.514580,0.0,Moored
2026-08-27T23:27:48Z,219000811,54.838702,11.491822,0.0,Under way using engine
2026-08-27T23:28:04Z,219002177,54.935965,11.371990,0.0,Under way using engine
2026-08-27T23:28:18Z,219000811,54.838703,11.491823,0.0,Under way using engine
2026-08-27T23:28:34Z,219002177,54.935962,11.371980,0.0,Under way using engine
2026-08-27T23:28:44Z,219000809,54.971898,11.514583,0.0,Moored
2026-08-27T23:28:48Z,219000811,54.838705,11.491823,0.0,Under way using engine
2026-08-27T23:29:04Z,219002177,54.935957,11.371985,0.0,Under way using engine
2026-08-27T23:29:18Z,219000811,54.838707,11.491827,0.0,Under way using engine
2026-08-27T23:29:34Z,219002177,54.935953,11.371992,0.0,Under way using engine
2026-08-27T23:29:48Z,219000811,54.838708,11.491827,0.0,Under way using engine
2026-08-27T23:30:04Z,219002177,54.935952,11.371998,0.0,Under way using engine
2026-08-27T23:30:18Z,219000811,54.838710,11.491825,0.0,Under way using engine
2026-08-27T23:30:34Z,219002177,54.935955,11.372002,0.0,Under way using engine
2026-08-27T23:30:48Z,219000811,54.838708,11.491823,0.0,Under way using engine
2026-08-27T23:31:04Z,219002177,54.935950,11.371997,0.0,Under way using engine
2026-08-27T23:31:18Z,219000811,54.838710,11.491820,0.0,Under way using engine
2026-08-27T23:31:34Z,219002177,54.935950,11.371993,0.0,Under way using engine
2026-08-27T23:31:45Z,219000809,54.971902,11.514580,0.0,Moored
2026-08-27T23:31:48Z,219000811,54.838712,11.491820,0.0,Under way using engine
2026-08-27T23:32:04Z,219002177,54.935947,11.372005,0.0,Under way using engine
2026-08-27T23:32:18Z,219000811,54.838712,11.491822,0.0,Under way using engine
2026-08-27T23:32:34Z,219002177,54.935953,11.371998,0.0,Under way using engine
2026-08-27T23:32:48Z,219000811,54.838713,11.491822,0.0,Under way using engine
2026-08-27T23:33:04Z,219002177,54.935965,11.371997,0.0,Under way using engine
2026-08-27T23:33:18Z,219000811,54.838713,11.491823,0.0,Under way using engine
2026-08-27T23:33:34Z,219002177,54.935960,11.372003,0.0,Under way using engine
2026-08-27T23:33:41Z,219000809,54.971902,11.514580,0.0,Moored
2026-08-27T23:33:48Z,219000811,54.838715,11.491825,0.0,Under way using engine
2026-08-27T23:34:04Z,219002177,54.935952,11.371997,0.0,Under way using engine
2026-08-27T23:34:18Z,219000811,54.838717,11.491825,0.0,Under way using engine
2026-08-27T23:34:34Z,219002177,54.935947,11.372010,0.0,Under way using engine
2026-08-27T23:34:45Z,219000809,54.971897,11.514558,0.0,Moored
2026-08-27T23:34:49Z,219000811,54.838718,11.491823,0.0,Under way using engine
2026-08-27T23:35:05Z,219002177,54.935955,11.372010,0.0,Under way using engine
2026-08-27T23:35:20Z,219000811,54.838718,11.491822,0.0,Under way using engine
2026-08-27T23:35:44Z,219002177,54.935957,11.372000,0.0,Under way using engine
2026-08-27T23:35:59Z,219000811,54.838717,11.491822,0.0,Under way using engine
2026-08-27T23:36:14Z,219002177,54.935950,11.371985,0.0,Under way using engine
2026-08-27T23:36:29Z,219000811,54.838718,11.491820,0.0,Under way using engine
2026-08-27T23:36:44Z,219002177,54.935955,11.371982,0.0,Under way using engine
2026-08-27T23:36:59Z,219000811,54.838718,11.491817,0.0,Under way using engine
2026-08-27T23:37:14Z,219002177,54.935958,11.371988,0.0,Under way using engine
2026-08-27T23:37:29Z,219000811,54.838717,11.491817,0.0,Under way using engine
2026-08-27T23:37:42Z,219000809,54.971895,11.514573,0.0,Moored
2026-08-27T23:37:44Z,219002177,54.935955,11.372000,0.0,Under way using engine
2026-08-27T23:37:59Z,219000811,54.838715,11.491818,0.0,Under way using engine
2026-08-27T23:38:14Z,219002177,54.935962,11.371997,0.0,Under way using engine
2026-08-27T23:38:29Z,219000811,54.838713,11.491820,0.0,Under way using engine
2026-08-27T23:38:44Z,219002177,54.935962,11.371992,0.0,Under way using engine
2026-08-27T23:38:59Z,219000811,54.838712,11.491820,0.0,Under way using engine
2026-08-27T23:39:14Z,219002177,54.935972,11.371973,0.0,Under way using engine
2026-08-27T23:39:29Z,219000811,54.838712,11.491820,0.0,Under way using engine
2026-08-27T23:39:41Z,219000809,54.971895,11.514573,0.0,Moored
2026-08-27T23:39:44Z,219002177,54.935970,11.371993,0.0,Under way using engine
2026-08-27T23:39:59Z,219000811,54.838710,11.491820,0.0,Under way using engine
2026-08-27T23:40:14Z,219002177,54.935968,11.371997,0.0,Under way using engine
2026-08-27T23:40:29Z,219000811,54.838712,11.491818,0.0,Under way using engine
2026-08-27T23:40:43Z,219000809,54.971913,11.514577,0.0,Moored
2026-08-27T23:40:44Z,219002177,54.935970,11.371997,0.0,Under way using engine
2026-08-27T23:40:59Z,219000811,54.838712,11.491818,0.0,Under way using engine
2026-08-27T23:41:14Z,219002177,54.935970,11.371995,0.0,Under way using engine
2026-08-27T23:41:29Z,219000811,54.838712,11.491822,0.0,Under way using engine
2026-08-27T23:41:53Z,219002177,54.935963,11.372018,0.0,Under way using engine
2026-08-27T23:41:59Z,219000811,54.838710,11.491823,0.0,Under way using engine
2026-08-27T23:42:25Z,219002177,54.935958,11.372027,0.0,Under way using engine
2026-08-27T23:42:40Z,219000811,54.838710,11.491823,0.0,Under way using engine
2026-08-27T23:43:03Z,219002177,54.935967,11.372007,0.0,Under way using engine
2026-08-27T23:43:18Z,219000811,54.838708,11.491822,0.0,Under way using engine
2026-08-27T23:43:34Z,219002177,54.935968,11.371990,0.0,Under way using engine
2026-08-27T23:43:45Z,219000809,54.971895,11.514585,0.0,Moored
2026-08-27T23:43:50Z,219000811,54.838710,11.491822,0.0,Under way using engine
2026-08-27T23:44:15Z,219002177,54.935965,11.371985,0.0,Under way using engine
2026-08-27T23:44:28Z,219000811,54.838712,11.491820,0.0,Under way using engine
2026-08-27T23:44:53Z,219002177,54.935955,11.371995,0.0,Under way using engine
2026-08-27T23:44:59Z,219000811,54.838712,11.491818,0.0,Under way using engine
2026-08-27T23:45:25Z,219002177,54.935955,11.372017,0.0,Under way using engine
2026-08-27T23:45:40Z,219000811,54.838713,11.491818,0.0,Under way using engine
2026-08-27T23:45:41Z,219000809,54.971895,11.514585,0.0,Moored
2026-08-27T23:46:03Z,219002177,54.935957,11.372003,0.0,Under way using engine
2026-08-27T23:46:18Z,219000811,54.838713,11.491817,0.0,Under way using engine
2026-08-27T23:46:34Z,219002177,54.935955,11.372005,0.0,Under way using engine
2026-08-27T23:46:44Z,219000809,54.971895,11.514595,0.0,Moored
2026-08-27T23:46:50Z,219000811,54.838713,11.491818,0.0,Under way using engine
2026-08-27T23:47:04Z,219002177,54.935958,11.371997,0.0,Under way using engine
2026-08-27T23:47:28Z,219000811,54.838712,11.491820,0.0,Under way using engine
2026-08-27T23:47:34Z,219002177,54.935960,11.371982,0.0,Under way using engine
2026-08-27T23:48:00Z,219000811,54.838712,11.491822,0.0,Under way using engine
2026-08-27T23:48:04Z,219002177,54.935970,11.371988,0.0,Under way using engine
2026-08-27T23:48:34Z,219002177,54.935973,11.371992,0.0,Under way using engine
2026-08-27T23:48:40Z,219000811,54.838712,11.491823,0.0,Under way using engine
2026-08-27T23:49:04Z,219002177,54.935967,11.372007,0.0,Under way using engine
2026-08-27T23:49:18Z,219000811,54.838713,11.491823,0.0,Under way using engine
2026-08-27T23:49:34Z,219002177,54.935978,11.371985,0.0,Under way using engine
2026-08-27T23:49:43Z,219000809,54.971910,11.514578,0.0,Moored
2026-08-27T23:49:48Z,219000811,54.838715,11.491822,0.0,Under way using engine
2026-08-27T23:50:04Z,219002177,54.935963,11.372005,0.0,Under way using engine
2026-08-27T23:50:18Z,219000811,54.838715,11.491822,0.0,Under way using engine
2026-08-27T23:50:34Z,219002177,54.935958,11.372012,0.0,Under way using engine
2026-08-27T23:50:48Z,219000811,54.838712,11.491820,0.0,Under way using engine
2026-08-27T23:51:04Z,219002177,54.935957,11.372002,0.0,Under way using engine
2026-08-27T23:51:18Z,219000811,54.838710,11.491818,0.0,Under way using engine
2026-08-27T23:51:34Z,219002177,54.935962,11.371987,0.0,Under way using engine
2026-08-27T23:51:42Z,219000809,54.971910,11.514578,0.0,Moored
2026-08-27T23:51:48Z,219000811,54.838707,11.491818,0.0,Under way using engine
2026-08-27T23:52:04Z,219002177,54.935960,11.372007,0.0,Under way using engine
2026-08-27T23:52:18Z,219000811,54.838703,11.491820,0.0,Under way using engine
2026-08-27T23:52:34Z,219002177,54.935958,11.372017,0.0,Under way using engine
2026-08-27T23:52:48Z,219000811,54.838703,11.491818,0.0,Under way using engine
2026-08-27T23:53:04Z,219002177,54.935957,11.372012,0.0,Under way using engine
2026-08-27T23:53:18Z,219000811,54.838703,11.491817,0.0,Under way using engine
2026-08-27T23:53:35Z,219002177,54.935953,11.372007,0.0,Under way using engine
2026-08-27T23:53:48Z,219000811,54.838703,11.491815,0.0,Under way using engine
2026-08-27T23:54:14Z,219002177,54.935957,11.372002,0.0,Under way using engine
2026-08-27T23:54:18Z,219000811,54.838703,11.491815,0.0,Under way using engine
2026-08-27T23:54:45Z,219002177,54.935963,11.371972,0.0,Under way using engine
2026-08-27T23:54:48Z,219000811,54.838705,11.491815,0.0,Under way using engine
2026-08-27T23:55:20Z,219000811,54.838707,11.491817,0.0,Under way using engine
2026-08-27T23:55:25Z,219002177,54.935962,11.371965,0.0,Under way using engine
2026-08-27T23:55:46Z,219000809,54.971913,11.514595,0.0,Moored
2026-08-27T23:55:58Z,219000811,54.838708,11.491815,0.0,Under way using engine
2026-08-27T23:56:04Z,219002177,54.935962,11.371995,0.0,Under way using engine
2026-08-27T23:56:28Z,219000811,54.838712,11.491815,0.0,Under way using engine
2026-08-27T23:56:35Z,219002177,54.935975,11.371978,0.0,Under way using engine
2026-08-27T23:56:58Z,219000811,54.838713,11.491815,0.0,Under way using engine
2026-08-27T23:57:14Z,219002177,54.935968,11.371985,0.0,Under way using engine
2026-08-27T23:57:28Z,219000811,54.838713,11.491813,0.0,Under way using engine
2026-08-27T23:57:41Z,219000809,54.971913,11.514595,0.0,Moored
2026-08-27T23:57:44Z,219002177,54.935955,11.371983,0.0,Under way using engine
2026-08-27T23:57:58Z,219000811,54.838715,11.491813,0.0,Under way using engine
2026-08-27T23:58:14Z,219002177,54.935945,11.371982,0.0,Under way using engine
2026-08-27T23:58:28Z,219000811,54.838717,11.491815,0.0,Under way using engine
2026-08-27T23:58:44Z,219002177,54.935968,11.371962,0.0,Under way using engine
2026-08-27T23:58:45Z,219000809,54.971897,11.514590,0.0,Moored
2026-08-27T23:58:58Z,219000811,54.838717,11.491815,0.0,Under way using engine
2026-08-27T23:59:14Z,219002177,54.935977,11.371965,0.0,Under way using engine
2026-08-27T23:59:29Z,219000811,54.838718,11.491817,0.0,Under way using engine
2026-08-27T23:59:44Z,219002177,54.935975,11.371975,0.0,Under way using engine
