ts_utc,mmsi,lat,lon,sog,nav
2026-09-13T00:00:03Z,219002177,54.935975,11.372022,0.0,Under way using engine
2026-09-13T00:00:09Z,219000811,54.838732,11.491812,0.0,Under way using engine
2026-09-13T00:00:34Z,219002177,54.935973,11.372023,0.0,Under way using engine
2026-09-13T00:00:40Z,219000811,54.838730,11.491815,0.0,Under way using engine
2026-09-13T00:01:05Z,219000809,54.971918,11.514543,0.0,Moored
2026-09-13T00:01:14Z,219002177,54.935975,11.372023,0.0,Under way using engine
2026-09-13T00:01:20Z,219000811,54.838727,11.491813,0.0,Under way using engine
2026-09-13T00:01:44Z,219002177,54.935973,11.372008,0.0,Under way using engine
2026-09-13T00:01:59Z,219000811,54.838725,11.491812,0.0,Under way using engine
2026-09-13T00:02:14Z,219002177,54.935970,11.372018,0.0,Under way using engine
2026-09-13T00:02:29Z,219000811,54.838725,11.491810,0.0,Under way using engine
2026-09-13T00:02:44Z,219002177,54.935972,11.372018,0.0,Under way using engine
2026-09-13T00:02:56Z,219000809,54.971918,11.514543,0.0,Moored
2026-09-13T00:02:59Z,219000811,54.838727,11.491810,0.0,Under way using engine
2026-09-13T00:03:14Z,219002177,54.935975,11.372007,0.0,Under way using engine
2026-09-13T00:03:29Z,219000811,54.838727,11.491812,0.0,Under way using engine
2026-09-13T00:03:44Z,219002177,54.935962,11.372012,0.0,Under way using engine
2026-09-13T00:03:59Z,219000811,54.838727,11.491812,0.0,Under way using engine
2026-09-13T00:04:14Z,219002177,54.935975,11.372018,0.0,Under way using engine
2026-09-13T00:04:29Z,219000811,54.838727,11.491812,0.0,Under way using engine
2026-09-13T00:04:44Z,219002177,54.935967,11.372022,0.0,Under way using engine
2026-09-13T00:04:59Z,219000811,54.838725,11.491813,0.0,Under way using engine
2026-09-13T00:05:14Z,219002177,54.935975,11.372018,0.0,Under way using engine
2026-09-13T00:05:30Z,219000811,54.838725,11.491812,0.0,Under way using engine
2026-09-13T00:05:44Z,219002177,54.935982,11.372017,0.0,Under way using engine
2026-09-13T00:06:08Z,219000811,54.838723,11.491812,0.0,Under way using engine
2026-09-13T00:06:14Z,219002177,54.935963,11.372017,0.0,Under way using engine
2026-09-13T00:06:39Z,219000811,54.838723,11.491812,0.0,Under way using engine
2026-09-13T00:06:44Z,219002177,54.935985,11.372028,0.0,Under way using engine
2026-09-13T00:07:02Z,219000809,54.971923,11.514622,0.0,Moored
2026-09-13T00:07:14Z,219002177,54.935972,11.372012,0.0,Under way using engine
2026-09-13T00:07:19Z,219000811,54.838725,11.491817,0.0,Under way using engine
2026-09-13T00:07:44Z,219002177,54.935982,11.372008,0.0,Under way using engine
2026-09-13T00:07:49Z,219000811,54.838723,11.491815,0.0,Under way using engine
2026-09-13T00:08:14Z,219002177,54.935995,11.372013,0.0,Under way using engine
2026-09-13T00:08:19Z,219000811,54.838722,11.491812,0.0,Under way using engine
2026-09-13T00:08:44Z,219002177,54.935983,11.371993,0.0,Under way using engine
2026-09-13T00:08:49Z,219000811,54.838720,11.491817,0.0,Under way using engine
2026-09-13T00:08:56Z,219000809,54.971923,11.514622,0.0,Moored
2026-09-13T00:09:14Z,219002177,54.935977,11.372003,0.0,Under way using engine
2026-09-13T00:09:19Z,219000811,54.838720,11.491818,0.0,Under way using engine
2026-09-13T00:09:44Z,219002177,54.935988,11.372017,0.0,Under way using engine
2026-09-13T00:09:49Z,219000811,54.838722,11.491822,0.0,Under way using engine
2026-09-13T00:10:03Z,219000809,54.971917,11.514567,0.0,Moored
2026-09-13T00:10:14Z,219002177,54.935982,11.372012,0.0,Under way using engine
2026-09-13T00:10:19Z,219000811,54.838725,11.491822,0.0,Under way using engine
2026-09-13T00:10:45Z,219002177,54.935995,11.372050,0.0,Under way using engine
2026-09-13T00:10:49Z,219000811,54.838727,11.491820,0.0,Under way using engine
2026-09-13T00:11:19Z,219000811,54.838730,11.491820,0.0,Under way using engine
2026-09-13T00:11:25Z,219002177,54.935988,11.372022,0.0,Under way using engine
2026-09-13T00:11:49Z,219000811,54.838732,11.491817,0.0,Under way using engine
2026-09-13T00:12:04Z,219002177,54.936002,11.372013,0.0,Under way using engine
2026-09-13T00:12:19Z,219000811,54.838733,11.491817,0.0,Under way using engine
2026-09-13T00:12:45Z,219002177,54.935990,11.372048,0.0,Under way using engine
2026-09-13T00:12:49Z,219000811,54.838733,11.491820,0.0,Under way using engine
2026-09-13T00:13:04Z,219000809,54.971915,11.514562,0.0,Moored
2026-09-13T00:13:19Z,219000811,54.838732,11.491820,0.0,Under way using engine
2026-09-13T00:13:25Z,219002177,54.935997,11.372042,0.0,Under way using engine
2026-09-13T00:13:49Z,219000811,54.838730,11.491818,0.0,Under way using engine
2026-09-13T00:14:04Z,219002177,54.935975,11.372027,0.0,Under way using engine
2026-09-13T00:14:19Z,219000811,54.838730,11.491818,0.0,Under way using engine
2026-09-13T00:14:45Z,219002177,54.935970,11.372022,0.0,Under way using engine
2026-09-13T00:14:49Z,219000811,54.838730,11.491820,0.0,Under way using engine
2026-09-13T00:14:56Z,219000809,54.971915,11.514562,0.0,Moored
2026-09-13T00:15:24Z,219002177,54.935968,11.372010,0.0,Under way using engine
2026-09-13T00:15:30Z,219000811,54.838732,11.491823,0.0,Under way using engine
2026-09-13T00:16:03Z,219000809,54.971918,11.514568,0.0,Moored
2026-09-13T00:16:03Z,219002177,54.935975,11.372027,0.0,Under way using engine
2026-09-13T00:16:09Z,219000811,54.838730,11.491827,0.0,Under way using engine
2026-09-13T00:16:33Z,219002177,54.935972,11.372017,0.0,Under way using engine
2026-09-13T00:16:40Z,219000811,54.838728,11.491827,0.0,Under way using engine
2026-09-13T00:17:03Z,219002177,54.935968,11.371995,0.0,Under way using engine
2026-09-13T00:17:18Z,219000811,54.838733,11.491827,0.0,Under way using engine
2026-09-13T00:17:33Z,219002177,54.935980,11.372017,0.0,Under way using engine
2026-09-13T00:17:49Z,219000811,54.838733,11.491827,0.0,Under way using engine
2026-09-13T00:18:03Z,219002177,54.935970,11.372035,0.0,Under way using engine
2026-09-13T00:18:23Z,219000811,54.838730,11.491827,0.0,Under way using engine
2026-09-13T00:18:33Z,219002177,54.935997,11.372058,0.0,Under way using engine
2026-09-13T00:18:58Z,219000811,54.838733,11.491830,0.0,Under way using engine
2026-09-13T00:19:03Z,219002177,54.935980,11.372003,0.0,Under way using engine
2026-09-13T00:19:04Z,219000809,54.971915,11.514552,0.0,Moored
2026-09-13T00:19:29Z,219000811,54.838735,11.491830,0.0,Under way using engine
2026-09-13T00:19:35Z,219002177,54.935985,11.371998,0.0,Under way using engine
2026-09-13T00:19:59Z,219000811,54.838735,11.491830,0.0,Under way using engine
2026-09-13T00:20:14Z,219002177,54.935970,11.372050,0.0,Under way using engine
2026-09-13T00:20:30Z,219000811,54.838735,11.491828,0.0,Under way using engine
2026-09-13T00:20:44Z,219002177,54.935975,11.372035,0.0,Under way using engine
2026-09-13T00:20:56Z,219000809,54.971915,11.514552,0.0,Moored
2026-09-13T00:21:00Z,219000811,54.838733,11.491828,0.0,Under way using engine
2026-09-13T00:21:14Z,219002177,54.935973,11.372040,0.0,Under way using engine
2026-09-13T00:21:30Z,219000811,54.838732,11.491828,0.0,Under way using engine
2026-09-13T00:21:44Z,219002177,54.935980,11.372045,0.1,Under way using engine
2026-09-13T00:22:00Z,219000811,54.838730,11.491830,0.0,Under way using engine
2026-09-13T00:22:05Z,219000809,54.971907,11.514555,0.0,Moored
2026-09-13T00:22:14Z,219002177,54.935980,11.372013,0.0,Under way using engine
2026-09-13T00:22:30Z,219000811,54.838728,11.491830,0.0,Under way using engine
2026-09-13T00:22:44Z,219002177,54.935972,11.372000,0.0,Under way using engine
2026-09-13T00:23:00Z,219000811,54.838727,11.491832,0.0,Under way using engine
2026-09-13T00:23:14Z,219002177,54.935975,11.372005,0.0,Under way using engine
2026-09-13T00:23:30Z,219000811,54.838727,11.491832,0.0,Under way using engine
2026-09-13T00:23:44Z,219002177,54.935985,11.372037,0.1,Under way using engine
2026-09-13T00:24:00Z,219000811,54.838727,11.491828,0.0,Under way using engine
2026-09-13T00:24:14Z,219002177,54.935973,11.372027,0.0,Under way using engine
2026-09-13T00:24:30Z,219000811,54.838727,11.491825,0.0,Under way using engine
2026-09-13T00:24:44Z,219002177,54.935937,11.371963,0.1,Under way using engine
2026-09-13T00:25:04Z,219000809,54.971915,11.514562,0.0,Moored
2026-09-13T00:25:08Z,219000811,54.838727,11.491822,0.0,Under way using engine
2026-09-13T00:25:23Z,219002177,54.935958,11.371997,0.0,Under way using engine
2026-09-13T00:25:40Z,219000811,54.838728,11.491820,0.0,Under way using engine
2026-09-13T00:25:54Z,219002177,54.935952,11.371983,0.1,Under way using engine
2026-09-13T00:26:20Z,219000811,54.838728,11.491817,0.0,Under way using engine
2026-09-13T00:26:35Z,219002177,54.935963,11.372013,0.0,Under way using engine
2026-09-13T00:26:56Z,219000809,54.971915,11.514562,0.0,Moored
2026-09-13T00:26:59Z,219000811,54.838728,11.491815,0.0,Under way using engine
2026-09-13T00:27:13Z,219002177,54.935958,11.371992,0.0,Under way using engine
2026-09-13T00:27:30Z,219000811,54.838730,11.491813,0.0,Under way using engine
2026-09-13T00:27:44Z,219002177,54.935970,11.371992,0.0,Under way using engine
2026-09-13T00:28:04Z,219000809,54.971920,11.514555,0.0,Moored
2026-09-13T00:28:09Z,219000811,54.838728,11.491815,0.0,Under way using engine
2026-09-13T00:28:23Z,219002177,54.935960,11.372022,0.0,Under way using engine
2026-09-13T00:28:40Z,219000811,54.838728,11.491813,0.0,Under way using engine
2026-09-13T00:29:03Z,219002177,54.935955,11.371988,0.0,Under way using engine
2026-09-13T00:29:10Z,219000811,54.838727,11.491810,0.0,Under way using engine
2026-09-13T00:29:35Z,219002177,54.935960,11.371998,0.0,Under way using engine
2026-09-13T00:29:40Z,219000811,54.838727,11.491810,0.0,Under way using engine
2026-09-13T00:30:15Z,219002177,54.935967,11.371985,0.0,Under way using engine
2026-09-13T00:30:20Z,219000811,54.838727,11.491810,0.0,Under way using engine
2026-09-13T00:30:50Z,219000811,54.838725,11.491810,0.0,Under way using engine
2026-09-13T00:30:54Z,219002177,54.935960,11.372010,0.0,Under way using engine
2026-09-13T00:31:05Z,219000809,54.971928,11.514520,0.0,Moored
2026-09-13T00:31:20Z,219000811,54.838727,11.491813,0.0,Under way using engine
2026-09-13T00:31:24Z,219002177,54.935965,11.371992,0.0,Under way using engine
2026-09-13T00:31:54Z,219002177,54.935965,11.372002,0.0,Under way using engine
2026-09-13T00:32:00Z,219000811,54.838730,11.491817,0.0,Under way using engine
2026-09-13T00:32:24Z,219002177,54.935962,11.371992,0.0,Under way using engine
2026-09-13T00:32:30Z,219000811,54.838732,11.491820,0.0,Under way using engine
2026-09-13T00:32:54Z,219002177,54.935962,11.371983,0.0,Under way using engine
2026-09-13T00:32:56Z,219000809,54.971928,11.514520,0.0,Moored
2026-09-13T00:33:00Z,219000811,54.838735,11.491820,0.0,Under way using engine
2026-09-13T00:33:24Z,219002177,54.935957,11.372020,0.0,Under way using engine
2026-09-13T00:33:30Z,219000811,54.838735,11.491823,0.0,Under way using engine
2026-09-13T00:33:54Z,219002177,54.935965,11.372035,0.0,Under way using engine
2026-09-13T00:34:00Z,219000811,54.838735,11.491823,0.0,Under way using engine
2026-09-13T00:34:02Z,219000809,54.971908,11.514563,0.0,Moored
2026-09-13T00:34:25Z,219002177,54.935967,11.372023,0.0,Under way using engine
2026-09-13T00:34:30Z,219000811,54.838733,11.491825,0.0,Under way using engine
2026-09-13T00:34:55Z,219002177,54.935972,11.372005,0.0,Under way using engine
2026-09-13T00:35:00Z,219000811,54.838730,11.491827,0.0,Under way using engine
2026-09-13T00:35:25Z,219002177,54.935975,11.372002,0.0,Under way using engine
2026-09-13T00:35:30Z,219000811,54.838727,11.491825,0.0,Under way using engine
2026-09-13T00:35:55Z,219002177,54.935975,11.372005,0.0,Under way using engine
2026-09-13T00:36:00Z,219000811,54.838725,11.491825,0.0,Under way using engine
2026-09-13T00:36:25Z,219002177,54.935968,11.372002,0.0,Under way using engine
2026-09-13T00:36:40Z,219000811,54.838722,11.491825,0.0,Under way using engine
2026-09-13T00:36:55Z,219002177,54.935965,11.371988,0.0,Under way using engine
2026-09-13T00:37:04Z,219000809,54.971910,11.514562,0.0,Moored
2026-09-13T00:37:19Z,219000811,54.838720,11.491822,0.0,Under way using engine
2026-09-13T00:37:25Z,219002177,54.935963,11.371973,0.0,Under way using engine
2026-09-13T00:37:50Z,219000811,54.838720,11.491820,0.0,Under way using engine
2026-09-13T00:37:55Z,219002177,54.935965,11.371985,0.0,Under way using engine
2026-09-13T00:38:20Z,219000811,54.838718,11.491820,0.0,Under way using engine
2026-09-13T00:38:25Z,219002177,54.935968,11.371987,0.0,Under way using engine
2026-09-13T00:38:50Z,219000811,54.838717,11.491818,0.0,Under way using engine
2026-09-13T00:38:56Z,219000809,54.971910,11.514562,0.0,Moored
2026-09-13T00:39:05Z,219002177,54.935972,11.371980,0.0,Under way using engine
2026-09-13T00:39:20Z,219000811,54.838715,11.491820,0.0,Under way using engine
2026-09-13T00:39:44Z,219002177,54.935973,11.371968,0.0,Under way using engine
2026-09-13T00:39:59Z,219000811,54.838715,11.491820,0.0,Under way using engine
2026-09-13T00:40:05Z,219000809,54.971923,11.514568,0.0,Moored
2026-09-13T00:40:14Z,219002177,54.935978,11.371975,0.0,Under way using engine
2026-09-13T00:40:39Z,219000811,54.838713,11.491820,0.0,Under way using engine
2026-09-13T00:40:44Z,219002177,54.935983,11.371990,0.0,Under way using engine
2026-09-13T00:41:09Z,219000811,54.838715,11.491823,0.0,Under way using engine
2026-09-13T00:41:14Z,219002177,54.935972,11.371982,0.0,Under way using engine
2026-09-13T00:41:39Z,219000811,54.838717,11.491827,0.0,Under way using engine
2026-09-13T00:41:44Z,219002177,54.935965,11.371983,0.0,Under way using engine
2026-09-13T00:42:09Z,219000811,54.838718,11.491828,0.0,Under way using engine
2026-09-13T00:42:14Z,219002177,54.935972,11.371998,0.0,Under way using engine
2026-09-13T00:42:39Z,219000811,54.838718,11.491828,0.0,Under way using engine
2026-09-13T00:42:44Z,219002177,54.935975,11.371997,0.0,Under way using engine
2026-09-13T00:43:05Z,219000809,54.971915,11.514550,0.0,Moored
2026-09-13T00:43:09Z,219000811,54.838720,11.491827,0.0,Under way using engine
2026-09-13T00:43:14Z,219002177,54.935957,11.371990,0.0,Under way using engine
2026-09-13T00:43:39Z,219000811,54.838722,11.491828,0.0,Under way using engine
2026-09-13T00:43:44Z,219002177,54.935955,11.371987,0.0,Under way using engine
2026-09-13T00:44:09Z,219000811,54.838722,11.491828,0.0,Under way using engine
2026-09-13T00:44:14Z,219002177,54.935958,11.371983,0.0,Under way using engine
2026-09-13T00:44:39Z,219000811,54.838723,11.491828,0.0,Under way using engine
2026-09-13T00:44:44Z,219002177,54.935970,11.371988,0.0,Under way using engine
2026-09-13T00:44:56Z,219000809,54.971915,11.514550,0.0,Moored
2026-09-13T00:45:09Z,219000811,54.838723,11.491825,0.0,Under way using engine
2026-09-13T00:45:15Z,219002177,54.935970,11.371987,0.0,Under way using engine
2026-09-13T00:45:39Z,219000811,54.838723,11.491823,0.0,Under way using engine
2026-09-13T00:45:53Z,219002177,54.935985,11.371975,0.0,Under way using engine
2026-09-13T00:46:04Z,219000809,54.971912,11.514557,0.0,Moored
2026-09-13T00:46:09Z,219000811,54.838723,11.491825,0.0,Under way using engine
2026-09-13T00:46:24Z,219002177,54.935973,11.371963,0.0,Under way using engine
2026-09-13T00:46:40Z,219000811,54.838723,11.491823,0.0,Under way using engine
2026-09-13T00:47:04Z,219002177,54.935987,11.371983,0.0,Under way using engine
2026-09-13T00:47:10Z,219000811,54.838723,11.491825,0.0,Under way using engine
2026-09-13T00:47:34Z,219002177,54.935985,11.371985,0.0,Under way using engine
2026-09-13T00:47:40Z,219000811,54.838722,11.491825,0.0,Under way using engine
2026-09-13T00:48:04Z,219002177,54.935983,11.371973,0.0,Under way using engine
2026-09-13T00:48:10Z,219000811,54.838720,11.491825,0.0,Under way using engine
2026-09-13T00:48:34Z,219002177,54.935975,11.371970,0.0,Under way using engine
2026-09-13T00:48:40Z,219000811,54.838722,11.491823,0.0,Under way using engine
2026-09-13T00:49:04Z,219002177,54.935975,11.371982,0.0,Under way using engine
2026-09-13T00:49:05Z,219000809,54.971913,11.514553,0.0,Moored
2026-09-13T00:49:10Z,219000811,54.838723,11.491822,0.0,Under way using engine
2026-09-13T00:49:35Z,219002177,54.935967,11.371975,0.0,Under way using engine
2026-09-13T00:49:40Z,219000811,54.838723,11.491818,0.0,Under way using engine
2026-09-13T00:50:10Z,219000811,54.838725,11.491817,0.0,Under way using engine
2026-09-13T00:50:15Z,219002177,54.935967,11.371977,0.0,Under way using engine
2026-09-13T00:50:40Z,219000811,54.838725,11.491815,0.0,Under way using engine
2026-09-13T00:50:54Z,219002177,54.935972,11.371995,0.0,Under way using engine
2026-09-13T00:50:56Z,219000809,54.971913,11.514553,0.0,Moored
2026-09-13T00:51:10Z,219000811,54.838725,11.491812,0.0,Under way using engine
2026-09-13T00:51:24Z,219002177,54.935983,11.371988,0.0,Under way using engine
2026-09-13T00:51:40Z,219000811,54.838725,11.491812,0.0,Under way using engine
2026-09-13T00:51:54Z,219002177,54.935973,11.371993,0.0,Under way using engine
2026-09-13T00:52:01Z,219000809,54.971902,11.514565,0.0,Moored
2026-09-13T00:52:10Z,219000811,54.838727,11.491813,0.0,Under way using engine
2026-09-13T00:52:24Z,219002177,54.935972,11.371985,0.0,Under way using engine
2026-09-13T00:52:40Z,219000811,54.838725,11.491813,0.0,Under way using engine
2026-09-13T00:52:54Z,219002177,54.935975,11.371965,0.0,Under way using engine
2026-09-13T00:53:18Z,219000811,54.838725,11.491813,0.0,Under way using engine
2026-09-13T00:53:24Z,219002177,54.935987,11.371967,0.0,Under way using engine
2026-09-13T00:53:50Z,219000811,54.838725,11.491817,0.0,Under way using engine
2026-09-13T00:53:54Z,219002177,54.935983,11.371970,0.0,Under way using engine
2026-09-13T00:54:24Z,219002177,54.935982,11.371973,0.0,Under way using engine
2026-09-13T00:54:25Z,219000811,54.838723,11.491818,0.0,Under way using engine
2026-09-13T00:54:54Z,219002177,54.935970,11.371978,0.0,Under way using engine
2026-09-13T00:55:03Z,219000809,54.971907,11.514550,0.0,Moored
2026-09-13T00:55:09Z,219000811,54.838722,11.491820,0.0,Under way using engine
2026-09-13T00:55:24Z,219002177,54.935973,11.371972,0.0,Under way using engine
2026-09-13T00:55:40Z,219000811,54.838722,11.491818,0.0,Under way using engine
2026-09-13T00:55:55Z,219002177,54.935972,11.371993,0.0,Under way using engine
2026-09-13T00:56:18Z,219000811,54.838720,11.491818,0.0,Under way using engine
2026-09-13T00:56:33Z,219002177,54.935975,11.371987,0.0,Under way using engine
2026-09-13T00:56:50Z,219000811,54.838718,11.491817,0.0,Under way using engine
2026-09-13T00:56:56Z,219000809,54.971907,11.514550,0.0,Moored
2026-09-13T00:57:05Z,219002177,54.935970,11.371993,0.0,Under way using engine
2026-09-13T00:57:29Z,219000811,54.838717,11.491815,0.0,Under way using engine
2026-09-13T00:57:43Z,219002177,54.935968,11.371998,0.0,Under way using engine
2026-09-13T00:58:03Z,219000809,54.971912,11.514562,0.0,Moored
2026-09-13T00:58:09Z,219000811,54.838717,11.491813,0.0,Under way using engine
2026-09-13T00:58:15Z,219002177,54.935965,11.371998,0.1,Under way using engine
2026-09-13T00:58:40Z,219000811,54.838718,11.491813,0.0,Under way using engine
2026-09-13T00:58:55Z,219002177,54.935972,11.372012,0.0,Under way using engine
2026-09-13T00:59:18Z,219000811,54.838718,11.491813,0.0,Under way using engine
2026-09-13T00:59:25Z,219002177,54.935977,11.372013,0.0,Under way using engine
2026-09-13T00:59:50Z,219000811,54.838720,11.491812,0.0,Under way using engine
2026-09-13T00:59:55Z,219002177,54.935972,11.371993,0.0,Under way using engine
2026-09-13T01:00:24Z,219000811,54.838722,11.491812,0.0,Under way using engine
2026-09-13T01:00:25Z,219002177,54.935970,11.371980,0.0,Under way using engine
2026-09-13T01:00:58Z,219000811,54.838720,11.491810,0.0,Under way using engine
2026-09-13T01:01:05Z,219000809,54.971910,11.514560,0.0,Moored
2026-09-13T01:01:05Z,219002177,54.935968,11.371987,0.0,Under way using engine
2026-09-13T01:01:40Z,219000811,54.838718,11.491812,0.0,Under way using engine
2026-09-13T01:01:44Z,219002177,54.935963,11.371978,0.0,Under way using engine
2026-09-13T01:02:19Z,219000811,54.838717,11.491812,0.0,Under way using engine
2026-09-13T01:02:24Z,219002177,54.935968,11.371990,0.0,Under way using engine
2026-09-13T01:02:50Z,219000811,54.838718,11.491812,0.0,Under way using engine
2026-09-13T01:02:55Z,219000809,54.971910,11.514560,0.0,Moored
2026-09-13T01:03:04Z,219002177,54.935970,11.371980,0.0,Under way using engine
2026-09-13T01:03:29Z,219000811,54.838722,11.491813,0.0,Under way using engine
2026-09-13T01:03:34Z,219002177,54.935970,11.371982,0.0,Under way using engine
2026-09-13T01:04:04Z,219000809,54.971915,11.514567,0.0,Moored
2026-09-13T01:04:04Z,219002177,54.935967,11.371985,0.0,Under way using engine
2026-09-13T01:04:09Z,219000811,54.838722,11.491817,0.0,Under way using engine
2026-09-13T01:04:34Z,219002177,54.935967,11.371990,0.0,Under way using engine
2026-09-13T01:04:40Z,219000811,54.838723,11.491817,0.0,Under way using engine
2026-09-13T01:05:04Z,219002177,54.935968,11.371987,0.0,Under way using engine
2026-09-13T01:05:19Z,219000811,54.838725,11.491818,0.0,Under way using engine
2026-09-13T01:05:34Z,219002177,54.935972,11.371995,0.0,Under way using engine
2026-09-13T01:05:49Z,219000811,54.838727,11.491820,0.0,Under way using engine
2026-09-13T01:06:14Z,219002177,54.935972,11.371980,0.0,Under way using engine
2026-09-13T01:06:19Z,219000811,54.838727,11.491818,0.0,Under way using engine
2026-09-13T01:06:45Z,219002177,54.935973,11.371977,0.0,Under way using engine
2026-09-13T01:06:49Z,219000811,54.838725,11.491820,0.0,Under way using engine
2026-09-13T01:07:02Z,219000809,54.971908,11.514568,0.0,Moored
2026-09-13T01:07:19Z,219000811,54.838723,11.491823,0.0,Under way using engine
2026-09-13T01:07:24Z,219002177,54.935972,11.371985,0.0,Under way using engine
2026-09-13T01:07:49Z,219000811,54.838722,11.491827,0.0,Under way using engine
2026-09-13T01:07:55Z,219002177,54.935973,11.372002,0.0,Under way using engine
2026-09-13T01:08:19Z,219000811,54.838720,11.491827,0.0,Under way using engine
2026-09-13T01:08:34Z,219002177,54.935968,11.371997,0.0,Under way using engine
2026-09-13T01:08:49Z,219000811,54.838722,11.491825,0.0,Under way using engine
2026-09-13T01:08:56Z,219000809,54.971908,11.514568,0.0,Moored
2026-09-13T01:09:04Z,219002177,54.935972,11.371985,0.0,Under way using engine
2026-09-13T01:09:19Z,219000811,54.838722,11.491822,0.0,Under way using engine
2026-09-13T01:09:35Z,219002177,54.935975,11.371992,0.0,Under way using engine
2026-09-13T01:09:49Z,219000811,54.838723,11.491820,0.0,Under way using engine
2026-09-13T01:10:05Z,219000809,54.971938,11.514582,0.0,Moored
2026-09-13T01:10:05Z,219002177,54.935973,11.371988,0.0,Under way using engine
2026-09-13T01:10:19Z,219000811,54.838725,11.491825,0.0,Under way using engine
2026-09-13T01:10:35Z,219002177,54.935977,11.371995,0.0,Under way using engine
2026-09-13T01:10:49Z,219000811,54.838723,11.491825,0.0,Under way using engine
2026-09-13T01:11:05Z,219002177,54.935975,11.371993,0.0,Under way using engine
2026-09-13T01:11:19Z,219000811,54.838723,11.491823,0.0,Under way using engine
2026-09-13T01:11:35Z,219002177,54.935977,11.371990,0.0,Under way using engine
2026-09-13T01:11:49Z,219000811,54.838722,11.491823,0.0,Under way using engine
2026-09-13T01:12:05Z,219002177,54.935975,11.371983,0.0,Under way using engine
2026-09-13T01:12:19Z,219000811,54.838720,11.491823,0.0,Under way using engine
2026-09-13T01:12:35Z,219002177,54.935973,11.371980,0.0,Under way using engine
2026-09-13T01:12:49Z,219000811,54.838718,11.491823,0.0,Under way using engine
2026-09-13T01:13:03Z,219000809,54.971917,11.514572,0.0,Moored
2026-09-13T01:13:05Z,219002177,54.935975,11.371980,0.0,Under way using engine
2026-09-13T01:13:19Z,219000811,54.838717,11.491827,0.0,Under way using engine
2026-09-13T01:13:35Z,219002177,54.935972,11.371980,0.0,Under way using engine
2026-09-13T01:13:49Z,219000811,54.838718,11.491825,0.0,Under way using engine
2026-09-13T01:14:05Z,219002177,54.935970,11.371982,0.0,Under way using engine
2026-09-13T01:14:20Z,219000811,54.838718,11.491827,0.0,Under way using engine
2026-09-13T01:14:35Z,219002177,54.935968,11.371988,0.0,Under way using engine
2026-09-13T01:14:56Z,219000809,54.971917,11.514572,0.0,Moored
2026-09-13T01:14:59Z,219000811,54.838720,11.491822,0.0,Under way using engine
2026-09-13T01:15:05Z,219002177,54.935972,11.371993,0.0,Under way using engine
2026-09-13T01:15:30Z,219000811,54.838722,11.491818,0.0,Under way using engine
2026-09-13T01:15:35Z,219002177,54.935967,11.371998,0.0,Under way using engine
2026-09-13T01:16:10Z,219000811,54.838720,11.491818,0.0,Under way using engine
2026-09-13T01:16:15Z,219002177,54.935972,11.371992,0.0,Under way using engine
2026-09-13T01:16:49Z,219000811,54.838720,11.491818,0.0,Under way using engine
2026-09-13T01:16:55Z,219002177,54.935980,11.372008,0.0,Under way using engine
2026-09-13T01:17:20Z,219000811,54.838720,11.491822,0.0,Under way using engine
2026-09-13T01:17:35Z,219002177,54.935977,11.372000,0.0,Under way using engine
2026-09-13T01:17:59Z,219000811,54.838722,11.491827,0.0,Under way using engine
2026-09-13T01:18:15Z,219002177,54.935977,11.372007,0.0,Under way using engine
2026-09-13T01:18:30Z,219000811,54.838723,11.491828,0.0,Under way using engine
2026-09-13T01:18:55Z,219002177,54.935970,11.371988,0.0,Under way using engine
2026-09-13T01:19:03Z,219000809,54.971922,11.514583,0.0,Moored
2026-09-13T01:19:10Z,219000811,54.838725,11.491827,0.0,Under way using engine
2026-09-13T01:19:35Z,219002177,54.935975,11.371993,0.0,Under way using engine
2026-09-13T01:19:49Z,219000811,54.838725,11.491823,0.0,Under way using engine
2026-09-13T01:20:15Z,219002177,54.935972,11.371995,0.0,Under way using engine
2026-09-13T01:20:20Z,219000811,54.838725,11.491818,0.0,Under way using engine
2026-09-13T01:20:54Z,219002177,54.935970,11.372005,0.0,Under way using engine
2026-09-13T01:20:55Z,219000809,54.971922,11.514583,0.0,Moored
2026-09-13T01:20:59Z,219000811,54.838725,11.491815,0.0,Under way using engine
2026-09-13T01:21:29Z,219000811,54.838723,11.491818,0.0,Under way using engine
2026-09-13T01:21:35Z,219002177,54.935980,11.372013,0.0,Under way using engine
2026-09-13T01:21:59Z,219000811,54.838725,11.491822,0.0,Under way using engine
2026-09-13T01:22:05Z,219002177,54.935980,11.372018,0.0,Under way using engine
2026-09-13T01:22:29Z,219000811,54.838727,11.491820,0.0,Under way using engine
2026-09-13T01:22:35Z,219002177,54.935985,11.372023,0.0,Under way using engine
2026-09-13T01:22:59Z,219000811,54.838727,11.491820,0.0,Under way using engine
2026-09-13T01:23:05Z,219002177,54.935973,11.372010,0.0,Under way using engine
2026-09-13T01:23:29Z,219000811,54.838727,11.491818,0.0,Under way using engine
2026-09-13T01:23:44Z,219002177,54.935975,11.372003,0.0,Under way using engine
2026-09-13T01:23:59Z,219000811,54.838727,11.491813,0.0,Under way using engine
2026-09-13T01:24:14Z,219002177,54.935973,11.372025,0.0,Under way using engine
2026-09-13T01:24:29Z,219000811,54.838725,11.491813,0.0,Under way using engine
2026-09-13T01:24:44Z,219002177,54.935973,11.372012,0.0,Under way using engine
2026-09-13T01:24:59Z,219000811,54.838723,11.491813,0.0,Under way using engine
2026-09-13T01:25:02Z,219000809,54.971930,11.514595,0.0,Moored
2026-09-13T01:25:14Z,219002177,54.935965,11.372010,0.0,Under way using engine
2026-09-13T01:25:29Z,219000811,54.838725,11.491810,0.0,Under way using engine
2026-09-13T01:25:44Z,219002177,54.935970,11.372002,0.0,Under way using engine
2026-09-13T01:25:59Z,219000811,54.838727,11.491808,0.0,Under way using engine
2026-09-13T01:26:14Z,219002177,54.935968,11.372013,0.0,Under way using engine
2026-09-13T01:26:38Z,219000811,54.838728,11.491807,0.0,Under way using engine
2026-09-13T01:26:44Z,219002177,54.935970,11.372005,0.0,Under way using engine
2026-09-13T01:26:55Z,219000809,54.971930,11.514595,0.0,Moored
2026-09-13T01:27:08Z,219000811,54.838730,11.491808,0.0,Under way using engine
2026-09-13T01:27:14Z,219002177,54.935970,11.372003,0.0,Under way using engine
2026-09-13T01:27:38Z,219000811,54.838732,11.491808,0.0,Under way using engine
2026-09-13T01:27:44Z,219002177,54.935963,11.371995,0.0,Under way using engine
2026-09-13T01:28:02Z,219000809,54.971920,11.514602,0.0,Moored
2026-09-13T01:28:08Z,219000811,54.838732,11.491807,0.0,Under way using engine
2026-09-13T01:28:14Z,219002177,54.935958,11.372013,0.0,Under way using engine
2026-09-13T01:28:38Z,219000811,54.838733,11.491807,0.0,Under way using engine
2026-09-13T01:28:44Z,219002177,54.935957,11.372022,0.0,Under way using engine
2026-09-13T01:29:09Z,219000811,54.838732,11.491807,0.0,Under way using engine
2026-09-13T01:29:14Z,219002177,54.935960,11.372022,0.0,Under way using engine
2026-09-13T01:29:44Z,219002177,54.935955,11.372005,0.0,Under way using engine
2026-09-13T01:29:50Z,219000811,54.838733,11.491807,0.0,Under way using engine
2026-09-13T01:30:14Z,219002177,54.935960,11.372020,0.0,Under way using engine
2026-09-13T01:30:22Z,219000811,54.838732,11.491808,0.0,Under way using engine
2026-09-13T01:30:44Z,219002177,54.935962,11.372012,0.0,Under way using engine
2026-09-13T01:30:59Z,219000811,54.838730,11.491812,0.0,Under way using engine
2026-09-13T01:31:03Z,219000809,54.971935,11.514588,0.0,Moored
2026-09-13T01:31:14Z,219002177,54.935952,11.371992,0.0,Under way using engine
2026-09-13T01:31:39Z,219000811,54.838727,11.491813,0.0,Under way using engine
2026-09-13T01:31:44Z,219002177,54.935955,11.371987,0.0,Under way using engine
2026-09-13T01:32:09Z,219000811,54.838725,11.491813,0.0,Under way using engine
2026-09-13T01:32:14Z,219002177,54.935960,11.371992,0.0,Under way using engine
2026-09-13T01:32:39Z,219000811,54.838723,11.491813,0.0,Under way using engine
2026-09-13T01:32:45Z,219002177,54.935943,11.372017,0.0,Under way using engine
2026-09-13T01:32:56Z,219000809,54.971935,11.514588,0.0,Moored
2026-09-13T01:33:09Z,219000811,54.838723,11.491812,0.0,Under way using engine
2026-09-13T01:33:25Z,219002177,54.935955,11.372020,0.0,Under way using engine
2026-09-13T01:33:39Z,219000811,54.838723,11.491810,0.0,Under way using engine
2026-09-13T01:34:05Z,219002177,54.935960,11.372010,0.0,Under way using engine
2026-09-13T01:34:09Z,219000811,54.838722,11.491812,0.0,Under way using engine
2026-09-13T01:34:35Z,219002177,54.935967,11.372008,0.0,Under way using engine
2026-09-13T01:34:39Z,219000811,54.838722,11.491813,0.0,Under way using engine
2026-09-13T01:35:05Z,219002177,54.935952,11.371990,0.0,Under way using engine
2026-09-13T01:35:09Z,219000811,54.838723,11.491817,0.0,Under way using engine
2026-09-13T01:35:39Z,219000811,54.838725,11.491820,0.0,Under way using engine
2026-09-13T01:35:45Z,219002177,54.935962,11.371988,0.0,Under way using engine
2026-09-13T01:36:10Z,219000811,54.838727,11.491820,0.0,Under way using engine
2026-09-13T01:36:15Z,219002177,54.935970,11.371993,0.0,Under way using engine
2026-09-13T01:36:45Z,219002177,54.935970,11.372003,0.0,Under way using engine
2026-09-13T01:36:50Z,219000811,54.838727,11.491820,0.0,Under way using engine
2026-09-13T01:37:03Z,219000809,54.971925,11.514605,0.0,Moored
2026-09-13T01:37:15Z,219002177,54.935975,11.372002,0.0,Under way using engine
2026-09-13T01:37:20Z,219000811,54.838725,11.491820,0.0,Under way using engine
2026-09-13T01:37:45Z,219002177,54.935978,11.371998,0.0,Under way using engine
2026-09-13T01:37:50Z,219000811,54.838725,11.491820,0.0,Under way using engine
2026-09-13T01:38:15Z,219002177,54.935963,11.371995,0.0,Under way using engine
2026-09-13T01:38:20Z,219000811,54.838728,11.491818,0.0,Under way using engine
2026-09-13T01:38:45Z,219002177,54.935965,11.371997,0.0,Under way using engine
2026-09-13T01:38:50Z,219000811,54.838728,11.491815,0.0,Under way using engine
2026-09-13T01:38:56Z,219000809,54.971925,11.514605,0.0,Moored
2026-09-13T01:39:15Z,219002177,54.935967,11.372008,0.0,Under way using engine
2026-09-13T01:39:20Z,219000811,54.838730,11.491817,0.0,Under way using engine
2026-09-13T01:39:45Z,219002177,54.935972,11.372033,0.0,Under way using engine
2026-09-13T01:39:50Z,219000811,54.838728,11.491820,0.0,Under way using engine
2026-09-13T01:40:05Z,219000809,54.971927,11.514590,0.0,Moored
2026-09-13T01:40:15Z,219002177,54.935978,11.372018,0.0,Under way using engine
2026-09-13T01:40:20Z,219000811,54.838728,11.491817,0.0,Under way using engine
2026-09-13T01:40:45Z,219002177,54.935972,11.372022,0.0,Under way using engine
2026-09-13T01:40:58Z,219000811,54.838727,11.491820,0.0,Under way using engine
2026-09-13T01:41:15Z,219002177,54.935953,11.372030,0.0,Under way using engine
2026-09-13T01:41:29Z,219000811,54.838725,11.491822,0.0,Under way using engine
2026-09-13T01:41:45Z,219002177,54.935958,11.372010,0.0,Under way using engine
2026-09-13T01:42:10Z,219000811,54.838723,11.491822,0.0,Under way using engine
2026-09-13T01:42:24Z,219002177,54.935965,11.371997,0.0,Under way using engine
2026-09-13T01:42:49Z,219000811,54.838718,11.491822,0.0,Under way using engine
2026-09-13T01:42:54Z,219002177,54.935973,11.372003,0.0,Under way using engine
2026-09-13T01:43:04Z,219000809,54.971938,11.514585,0.0,Moored
2026-09-13T01:43:19Z,219000811,54.838722,11.491823,0.0,Under way using engine
2026-09-13T01:43:24Z,219002177,54.935977,11.372007,0.0,Under way using engine
2026-09-13T01:43:49Z,219000811,54.838723,11.491828,0.0,Under way using engine
2026-09-13T01:43:54Z,219002177,54.935958,11.372025,0.0,Under way using engine
2026-09-13T01:44:19Z,219000811,54.838727,11.491835,0.0,Under way using engine
2026-09-13T01:44:24Z,219002177,54.935955,11.372030,0.0,Under way using engine
2026-09-13T01:44:55Z,219002177,54.935968,11.372008,0.0,Under way using engine
2026-09-13T01:44:56Z,219000809,54.971938,11.514585,0.0,Moored
2026-09-13T01:44:58Z,219000811,54.838723,11.491838,0.0,Under way using engine
2026-09-13T01:45:29Z,219000811,54.838727,11.491835,0.0,Under way using engine
2026-09-13T01:45:33Z,219002177,54.935960,11.372027,0.0,Under way using engine
2026-09-13T01:46:02Z,219000809,54.971915,11.514585,0.0,Moored
2026-09-13T01:46:04Z,219002177,54.935940,11.372055,0.0,Under way using engine
2026-09-13T01:46:09Z,219000811,54.838730,11.491833,0.0,Under way using engine
2026-09-13T01:46:39Z,219000811,54.838730,11.491837,0.0,Under way using engine
2026-09-13T01:46:44Z,219002177,54.935945,11.372063,0.0,Under way using engine
2026-09-13T01:47:09Z,219000811,54.838730,11.491843,0.0,Under way using engine
2026-09-13T01:47:24Z,219002177,54.935962,11.372015,0.0,Under way using engine
2026-09-13T01:47:39Z,219000811,54.838728,11.491838,0.0,Under way using engine
2026-09-13T01:47:55Z,219002177,54.935962,11.372017,0.0,Under way using engine
2026-09-13T01:48:19Z,219000811,54.838725,11.491837,0.0,Under way using engine
2026-09-13T01:48:33Z,219002177,54.935970,11.371992,0.0,Under way using engine
2026-09-13T01:48:50Z,219000811,54.838727,11.491833,0.0,Under way using engine
2026-09-13T01:49:04Z,219002177,54.935972,11.371975,0.0,Under way using engine
2026-09-13T01:49:05Z,219000809,54.971937,11.514570,0.0,Moored
2026-09-13T01:49:30Z,219000811,54.838727,11.491835,0.0,Under way using engine
2026-09-13T01:49:44Z,219002177,54.935965,11.372005,0.0,Under way using engine
2026-09-13T01:50:10Z,219000811,54.838725,11.491833,0.0,Under way using engine
2026-09-13T01:50:15Z,219002177,54.935978,11.371988,0.0,Under way using engine
2026-09-13T01:50:50Z,219000811,54.838727,11.491833,0.0,Under way using engine
2026-09-13T01:50:55Z,219002177,54.935967,11.371973,0.0,Under way using engine
2026-09-13T01:50:56Z,219000809,54.971937,11.514570,0.0,Moored
2026-09-13T01:51:30Z,219000811,54.838723,11.491828,0.0,Under way using engine
2026-09-13T01:51:34Z,219002177,54.935975,11.371975,0.0,Under way using engine
2026-09-13T01:52:00Z,219000811,54.838727,11.491828,0.0,Under way using engine
2026-09-13T01:52:04Z,219000809,54.971953,11.514558,0.0,Moored
2026-09-13T01:52:04Z,219002177,54.935970,11.371995,0.0,Under way using engine
2026-09-13T01:52:30Z,219000811,54.838727,11.491828,0.0,Under way using engine
2026-09-13T01:52:34Z,219002177,54.935973,11.372000,0.0,Under way using engine
2026-09-13T01:53:00Z,219000811,54.838723,11.491828,0.0,Under way using engine
2026-09-13T01:53:04Z,219002177,54.935985,11.371977,0.0,Under way using engine
2026-09-13T01:53:34Z,219002177,54.935985,11.371982,0.0,Under way using engine
2026-09-13T01:53:39Z,219000811,54.838720,11.491832,0.0,Under way using engine
2026-09-13T01:54:04Z,219002177,54.935985,11.371978,0.0,Under way using engine
2026-09-13T01:54:10Z,219000811,54.838720,11.491828,0.0,Under way using engine
2026-09-13T01:54:34Z,219002177,54.935987,11.371968,0.0,Under way using engine
2026-09-13T01:54:50Z,219000811,54.838715,11.491832,0.0,Under way using engine
2026-09-13T01:55:02Z,219000809,54.971918,11.514592,0.0,Moored
2026-09-13T01:55:04Z,219002177,54.935982,11.371973,0.0,Under way using engine
2026-09-13T01:55:20Z,219000811,54.838715,11.491835,0.0,Under way using engine
2026-09-13T01:55:34Z,219002177,54.935982,11.371980,0.0,Under way using engine
2026-09-13T01:56:00Z,219000811,54.838717,11.491838,0.0,Under way using engine
2026-09-13T01:56:04Z,219002177,54.935978,11.371980,0.0,Under way using engine
2026-09-13T01:56:34Z,219002177,54.935983,11.371965,0.0,Under way using engine
2026-09-13T01:56:39Z,219000811,54.838718,11.491837,0.0,Under way using engine
2026-09-13T01:56:56Z,219000809,54.971918,11.514592,0.0,Moored
2026-09-13T01:57:04Z,219002177,54.935993,11.371965,0.0,Under way using engine
2026-09-13T01:57:10Z,219000811,54.838720,11.491835,0.0,Under way using engine
2026-09-13T01:57:49Z,219000811,54.838715,11.491832,0.0,Under way using engine
2026-09-13T01:57:54Z,219002177,54.935978,11.371967,0.0,Under way using engine
2026-09-13T01:58:03Z,219000809,54.971928,11.514580,0.0,Moored
2026-09-13T01:58:20Z,219000811,54.838713,11.491832,0.0,Under way using engine
2026-09-13T01:58:24Z,219002177,54.935987,11.371972,0.0,Under way using engine
2026-09-13T01:58:54Z,219002177,54.935982,11.371975,0.0,Under way using engine
2026-09-13T01:58:59Z,219000811,54.838713,11.491833,0.0,Under way using engine
2026-09-13T01:59:24Z,219002177,54.935977,11.371990,0.0,Under way using engine
2026-09-13T01:59:29Z,219000811,54.838718,11.491830,0.0,Under way using engine
2026-09-13T01:59:54Z,219002177,54.935975,11.372005,0.0,Under way using engine
2026-09-13T01:59:59Z,219000811,54.838720,11.491828,0.0,Under way using engine
2026-09-13T02:00:24Z,219002177,54.935975,11.372018,0.0,Under way using engine
2026-09-13T02:00:29Z,219000811,54.838722,11.491830,0.0,Under way using engine
2026-09-13T02:00:54Z,219002177,54.935975,11.372015,0.0,Under way using engine
2026-09-13T02:00:59Z,219000811,54.838720,11.491835,0.0,Under way using engine
2026-09-13T02:01:03Z,219000809,54.971913,11.514567,0.0,Moored
2026-09-13T02:01:29Z,219000811,54.838722,11.491838,0.0,Under way using engine
2026-09-13T02:01:33Z,219002177,54.935978,11.372028,0.0,Under way using engine
2026-09-13T02:01:59Z,219000811,54.838723,11.491840,0.0,Under way using engine
2026-09-13T02:02:05Z,219002177,54.935975,11.372022,0.0,Under way using engine
2026-09-13T02:02:29Z,219000811,54.838723,11.491843,0.0,Under way using engine
2026-09-13T02:02:44Z,219002177,54.935975,11.372003,0.0,Under way using engine
2026-09-13T02:02:55Z,219000809,54.971913,11.514567,0.0,Moored
2026-09-13T02:02:59Z,219000811,54.838725,11.491845,0.0,Under way using engine
2026-09-13T02:03:24Z,219002177,54.935978,11.372020,0.0,Under way using engine
2026-09-13T02:03:29Z,219000811,54.838725,11.491840,0.0,Under way using engine
2026-09-13T02:03:54Z,219002177,54.935982,11.372000,0.0,Under way using engine
2026-09-13T02:04:00Z,219000811,54.838725,11.491837,0.0,Under way using engine
2026-09-13T02:04:03Z,219000809,54.971927,11.514580,0.0,Moored
2026-09-13T02:04:24Z,219002177,54.935968,11.372022,0.0,Under way using engine
2026-09-13T02:04:30Z,219000811,54.838725,11.491837,0.0,Under way using engine
2026-09-13T02:04:54Z,219002177,54.935972,11.372020,0.0,Under way using engine
2026-09-13T02:05:00Z,219000811,54.838723,11.491837,0.0,Under way using engine
2026-09-13T02:05:24Z,219002177,54.935975,11.372027,0.0,Under way using engine
2026-09-13T02:05:30Z,219000811,54.838723,11.491837,0.0,Under way using engine
2026-09-13T02:05:54Z,219002177,54.935977,11.372005,0.0,Under way using engine
2026-09-13T02:06:00Z,219000811,54.838723,11.491837,0.0,Under way using engine
2026-09-13T02:06:30Z,219000811,54.838723,11.491837,0.0,Under way using engine
2026-09-13T02:06:35Z,219002177,54.936005,11.371965,0.0,Under way using engine
2026-09-13T02:07:00Z,219000811,54.838723,11.491837,0.0,Under way using engine
2026-09-13T02:07:03Z,219000809,54.971917,11.514552,0.0,Moored
2026-09-13T02:07:23Z,219002177,54.935975,11.372020,0.0,Under way using engine
2026-09-13T02:07:30Z,219000811,54.838723,11.491835,0.0,Under way using engine
2026-09-13T02:07:54Z,219002177,54.935977,11.372012,0.0,Under way using engine
2026-09-13T02:08:00Z,219000811,54.838723,11.491835,0.0,Under way using engine
2026-09-13T02:08:30Z,219000811,54.838723,11.491835,0.0,Under way using engine
2026-09-13T02:08:35Z,219002177,54.935988,11.371988,0.0,Under way using engine
2026-09-13T02:08:56Z,219000809,54.971917,11.514552,0.0,Moored
2026-09-13T02:09:00Z,219000811,54.838725,11.491833,0.0,Under way using engine
2026-09-13T02:09:05Z,219002177,54.935993,11.371995,0.0,Under way using engine
2026-09-13T02:09:30Z,219000811,54.838728,11.491833,0.0,Under way using engine
2026-09-13T02:09:35Z,219002177,54.935992,11.371985,0.0,Under way using engine
2026-09-13T02:10:04Z,219000809,54.971925,11.514575,0.0,Moored
2026-09-13T02:10:05Z,219002177,54.935978,11.371995,0.0,Under way using engine
2026-09-13T02:10:09Z,219000811,54.838730,11.491835,0.0,Under way using engine
2026-09-13T02:10:35Z,219002177,54.935982,11.371983,0.0,Under way using engine
2026-09-13T02:10:39Z,219000811,54.838730,11.491835,0.0,Under way using engine
2026-09-13T02:11:05Z,219002177,54.936003,11.371958,0.0,Under way using engine
2026-09-13T02:11:19Z,219000811,54.838730,11.491838,0.0,Under way using engine
2026-09-13T02:11:35Z,219002177,54.935987,11.371988,0.0,Under way using engine
2026-09-13T02:11:59Z,219000811,54.838728,11.491838,0.0,Under way using engine
2026-09-13T02:12:05Z,219002177,54.935978,11.371987,0.0,Under way using engine
2026-09-13T02:12:29Z,219000811,54.838728,11.491837,0.0,Under way using engine
2026-09-13T02:12:45Z,219002177,54.935972,11.371997,0.0,Under way using engine
2026-09-13T02:12:59Z,219000811,54.838728,11.491835,0.0,Under way using engine
2026-09-13T02:13:04Z,219000809,54.971932,11.514553,0.0,Moored
2026-09-13T02:13:15Z,219002177,54.935992,11.371972,0.1,Under way using engine
2026-09-13T02:13:29Z,219000811,54.838727,11.491835,0.0,Under way using engine
2026-09-13T02:13:55Z,219002177,54.935960,11.372002,0.0,Under way using engine
2026-09-13T02:13:59Z,219000811,54.838725,11.491835,0.0,Under way using engine
2026-09-13T02:14:25Z,219002177,54.935957,11.372012,0.1,Under way using engine
2026-09-13T02:14:29Z,219000811,54.838723,11.491837,0.0,Under way using engine
2026-09-13T02:14:55Z,219002177,54.935958,11.372007,0.0,Under way using engine
2026-09-13T02:14:56Z,219000809,54.971932,11.514553,0.0,Moored
2026-09-13T02:14:59Z,219000811,54.838722,11.491837,0.0,Under way using engine
2026-09-13T02:15:25Z,219002177,54.935983,11.372005,0.0,Under way using engine
2026-09-13T02:15:29Z,219000811,54.838722,11.491838,0.0,Under way using engine
2026-09-13T02:15:55Z,219002177,54.935980,11.372015,0.0,Under way using engine
2026-09-13T02:15:59Z,219000811,54.838722,11.491837,0.0,Under way using engine
2026-09-13T02:16:03Z,219000809,54.971947,11.514542,0.1,Moored
2026-09-13T02:16:25Z,219002177,54.935918,11.372018,0.1,Under way using engine
2026-09-13T02:16:29Z,219000811,54.838722,11.491838,0.0,Under way using engine
2026-09-13T02:16:55Z,219002177,54.935948,11.371988,0.0,Under way using engine
2026-09-13T02:16:59Z,219000811,54.838720,11.491840,0.0,Under way using engine
2026-09-13T02:17:25Z,219002177,54.935967,11.371977,0.0,Under way using engine
2026-09-13T02:17:29Z,219000811,54.838718,11.491842,0.0,Under way using engine
2026-09-13T02:17:55Z,219002177,54.935962,11.371985,0.0,Under way using engine
2026-09-13T02:17:59Z,219000811,54.838720,11.491838,0.0,Under way using engine
2026-09-13T02:18:25Z,219002177,54.935968,11.371980,0.0,Under way using engine
2026-09-13T02:18:29Z,219000811,54.838718,11.491838,0.0,Under way using engine
2026-09-13T02:18:55Z,219002177,54.935968,11.372015,0.0,Under way using engine
2026-09-13T02:18:59Z,219000811,54.838717,11.491837,0.0,Under way using engine
2026-09-13T02:19:03Z,219000809,54.971915,11.514580,0.0,Moored
2026-09-13T02:19:25Z,219002177,54.935980,11.372005,0.0,Under way using engine
2026-09-13T02:19:29Z,219000811,54.838718,11.491835,0.0,Under way using engine
2026-09-13T02:19:55Z,219002177,54.935980,11.372003,0.0,Under way using engine
2026-09-13T02:19:59Z,219000811,54.838720,11.491833,0.0,Under way using engine
2026-09-13T02:20:25Z,219002177,54.935985,11.371992,0.0,Under way using engine
2026-09-13T02:20:29Z,219000811,54.838720,11.491833,0.0,Under way using engine
2026-09-13T02:20:55Z,219000809,54.971915,11.514580,0.0,Moored
2026-09-13T02:20:55Z,219002177,54.935983,11.371992,0.0,Under way using engine
2026-09-13T02:20:59Z,219000811,54.838722,11.491832,0.0,Under way using engine
2026-09-13T02:21:29Z,219000811,54.838723,11.491828,0.0,Under way using engine
2026-09-13T02:21:34Z,219002177,54.935975,11.371975,0.0,Under way using engine
2026-09-13T02:22:00Z,219000811,54.838725,11.491827,0.0,Under way using engine
2026-09-13T02:22:03Z,219000809,54.971908,11.514563,0.0,Moored
2026-09-13T02:22:15Z,219002177,54.935963,11.371992,0.0,Under way using engine
2026-09-13T02:22:40Z,219000811,54.838727,11.491825,0.0,Under way using engine
2026-09-13T02:22:45Z,219002177,54.935962,11.372007,0.0,Under way using engine
2026-09-13T02:23:15Z,219002177,54.935972,11.372008,0.0,Under way using engine
2026-09-13T02:23:19Z,219000811,54.838728,11.491825,0.0,Under way using engine
2026-09-13T02:23:55Z,219002177,54.935977,11.372013,0.0,Under way using engine
2026-09-13T02:24:00Z,219000811,54.838728,11.491823,0.0,Under way using engine
2026-09-13T02:24:34Z,219002177,54.935962,11.372000,0.0,Under way using engine
2026-09-13T02:24:40Z,219000811,54.838728,11.491823,0.0,Under way using engine
2026-09-13T02:25:05Z,219000809,54.971930,11.514545,0.0,Moored
2026-09-13T02:25:15Z,219002177,54.935973,11.371993,0.0,Under way using engine
2026-09-13T02:25:19Z,219000811,54.838727,11.491825,0.0,Under way using engine
2026-09-13T02:25:50Z,219000811,54.838725,11.491825,0.0,Under way using engine
2026-09-13T02:25:55Z,219002177,54.935965,11.372017,0.0,Under way using engine
2026-09-13T02:26:25Z,219002177,54.935962,11.372015,0.0,Under way using engine
2026-09-13T02:26:28Z,219000811,54.838723,11.491827,0.0,Under way using engine
2026-09-13T02:26:55Z,219002177,54.935962,11.372000,0.0,Under way using engine
2026-09-13T02:26:56Z,219000809,54.971930,11.514545,0.0,Moored
2026-09-13T02:27:00Z,219000811,54.838723,11.491825,0.0,Under way using engine
2026-09-13T02:27:25Z,219002177,54.935965,11.371988,0.0,Under way using engine
2026-09-13T02:27:40Z,219000811,54.838722,11.491825,0.0,Under way using engine
2026-09-13T02:28:04Z,219002177,54.935977,11.371975,0.0,Under way using engine
2026-09-13T02:28:05Z,219000809,54.971917,11.514568,0.0,Moored
2026-09-13T02:28:19Z,219000811,54.838722,11.491823,0.0,Under way using engine
2026-09-13T02:28:37Z,219002177,54.935975,11.371975,0.0,Under way using engine
2026-09-13T02:28:50Z,219000811,54.838725,11.491825,0.0,Under way using engine
2026-09-13T02:29:14Z,219002177,54.935968,11.371980,0.0,Under way using engine
2026-09-13T02:29:28Z,219000811,54.838725,11.491828,0.0,Under way using engine
2026-09-13T02:29:54Z,219002177,54.935975,11.371977,0.0,Under way using engine
2026-09-13T02:30:00Z,219000811,54.838723,11.491827,0.0,Under way using engine
2026-09-13T02:30:25Z,219002177,54.935980,11.371970,0.0,Under way using engine
2026-09-13T02:30:30Z,219000811,54.838723,11.491823,0.0,Under way using engine
2026-09-13T02:31:00Z,219000811,54.838723,11.491820,0.0,Under way using engine
2026-09-13T02:31:03Z,219000809,54.971910,11.514567,0.0,Moored
2026-09-13T02:31:04Z,219002177,54.935985,11.371978,0.0,Under way using engine
2026-09-13T02:31:39Z,219000811,54.838727,11.491827,0.0,Under way using engine
2026-09-13T02:31:43Z,219002177,54.935972,11.372008,0.0,Under way using engine
2026-09-13T02:32:09Z,219000811,54.838725,11.491827,0.0,Under way using engine
2026-09-13T02:32:14Z,219002177,54.935972,11.371995,0.0,Under way using engine
2026-09-13T02:32:39Z,219000811,54.838723,11.491825,0.0,Under way using engine
2026-09-13T02:32:54Z,219002177,54.935968,11.371975,0.0,Under way using engine
2026-09-13T02:32:56Z,219000809,54.971910,11.514567,0.0,Moored
2026-09-13T02:33:09Z,219000811,54.838723,11.491820,0.0,Under way using engine
2026-09-13T02:33:25Z,219002177,54.935968,11.371990,0.0,Under way using engine
2026-09-13T02:33:39Z,219000811,54.838722,11.491822,0.0,Under way using engine
2026-09-13T02:34:04Z,219000809,54.971922,11.514568,0.0,Moored
2026-09-13T02:34:04Z,219002177,54.935955,11.371995,0.0,Under way using engine
2026-09-13T02:34:09Z,219000811,54.838720,11.491822,0.0,Under way using engine
2026-09-13T02:34:34Z,219002177,54.935953,11.371982,0.0,Under way using engine
2026-09-13T02:34:39Z,219000811,54.838720,11.491825,0.0,Under way using engine
2026-09-13T02:35:04Z,219002177,54.935958,11.371973,0.0,Under way using engine
2026-09-13T02:35:10Z,219000811,54.838720,11.491825,0.0,Under way using engine
2026-09-13T02:35:34Z,219002177,54.935967,11.371968,0.0,Under way using engine
2026-09-13T02:35:49Z,219000811,54.838722,11.491830,0.0,Under way using engine
2026-09-13T02:36:04Z,219002177,54.935953,11.371968,0.0,Under way using engine
2026-09-13T02:36:19Z,219000811,54.838720,11.491828,0.0,Under way using engine
2026-09-13T02:36:34Z,219002177,54.935957,11.371978,0.1,Under way using engine
2026-09-13T02:36:49Z,219000811,54.838720,11.491830,0.0,Under way using engine
2026-09-13T02:37:03Z,219000809,54.971912,11.514572,0.0,Moored
2026-09-13T02:37:04Z,219002177,54.935962,11.371987,0.0,Under way using engine
2026-09-13T02:37:19Z,219000811,54.838720,11.491830,0.0,Under way using engine
2026-09-13T02:37:34Z,219002177,54.935960,11.371980,0.0,Under way using engine
2026-09-13T02:37:49Z,219000811,54.838720,11.491828,0.0,Under way using engine
2026-09-13T02:38:04Z,219002177,54.935958,11.371973,0.0,Under way using engine
2026-09-13T02:38:19Z,219000811,54.838720,11.491825,0.0,Under way using engine
2026-09-13T02:38:34Z,219002177,54.935968,11.371972,0.0,Under way using engine
2026-09-13T02:38:49Z,219000811,54.838720,11.491827,0.0,Under way using engine
2026-09-13T02:38:56Z,219000809,54.971912,11.514572,0.0,Moored
2026-09-13T02:39:04Z,219002177,54.935957,11.371968,0.0,Under way using engine
2026-09-13T02:39:19Z,219000811,54.838720,11.491827,0.0,Under way using engine
2026-09-13T02:39:35Z,219002177,54.935958,11.371973,0.0,Under way using engine
2026-09-13T02:39:49Z,219000811,54.838717,11.491827,0.0,Under way using engine
2026-09-13T02:40:05Z,219000809,54.971922,11.514562,0.0,Moored
2026-09-13T02:40:13Z,219002177,54.935965,11.371973,0.0,Under way using engine
2026-09-13T02:40:19Z,219000811,54.838715,11.491828,0.0,Under way using engine
2026-09-13T02:40:45Z,219002177,54.935975,11.371968,0.0,Under way using engine
2026-09-13T02:40:49Z,219000811,54.838715,11.491827,0.0,Under way using engine
2026-09-13T02:41:19Z,219000811,54.838715,11.491825,0.0,Under way using engine
2026-09-13T02:41:24Z,219002177,54.935972,11.371985,0.0,Under way using engine
2026-09-13T02:41:49Z,219000811,54.838715,11.491827,0.0,Under way using engine
2026-09-13T02:41:55Z,219002177,54.935955,11.371987,0.0,Under way using engine
2026-09-13T02:42:20Z,219000811,54.838717,11.491830,0.0,Under way using engine
2026-09-13T02:42:35Z,219002177,54.935950,11.371988,0.0,Under way using engine
2026-09-13T02:43:00Z,219000811,54.838718,11.491830,0.0,Under way using engine
2026-09-13T02:43:05Z,219000809,54.971930,11.514572,0.0,Moored
2026-09-13T02:43:13Z,219002177,54.935968,11.372000,0.0,Under way using engine
2026-09-13T02:43:39Z,219000811,54.838718,11.491832,0.0,Under way using engine
2026-09-13T02:43:45Z,219002177,54.935945,11.371982,0.0,Under way using engine
2026-09-13T02:44:09Z,219000811,54.838718,11.491832,0.0,Under way using engine
2026-09-13T02:44:24Z,219002177,54.935952,11.371985,0.0,Under way using engine
2026-09-13T02:44:39Z,219000811,54.838717,11.491832,0.0,Under way using engine
2026-09-13T02:44:54Z,219002177,54.935948,11.371990,0.0,Under way using engine
2026-09-13T02:44:56Z,219000809,54.971930,11.514572,0.0,Moored
2026-09-13T02:45:09Z,219000811,54.838717,11.491830,0.0,Under way using engine
2026-09-13T02:45:24Z,219002177,54.935962,11.372002,0.0,Under way using engine
2026-09-13T02:45:39Z,219000811,54.838718,11.491830,0.0,Under way using engine
2026-09-13T02:45:54Z,219002177,54.935967,11.372002,0.1,Under way using engine
2026-09-13T02:46:01Z,219000809,54.971933,11.514568,0.0,Moored
2026-09-13T02:46:09Z,219000811,54.838718,11.491828,0.0,Under way using engine
2026-09-13T02:46:24Z,219002177,54.935958,11.371987,0.0,Under way using engine
2026-09-13T02:46:39Z,219000811,54.838718,11.491832,0.0,Under way using engine
2026-09-13T02:46:54Z,219002177,54.935963,11.371975,0.0,Under way using engine
2026-09-13T02:47:09Z,219000811,54.838720,11.491835,0.0,Under way using engine
2026-09-13T02:47:24Z,219002177,54.935953,11.371970,0.0,Under way using engine
2026-09-13T02:47:39Z,219000811,54.838722,11.491837,0.0,Under way using engine
2026-09-13T02:47:54Z,219002177,54.935953,11.371997,0.0,Under way using engine
2026-09-13T02:48:09Z,219000811,54.838723,11.491835,0.0,Under way using engine
2026-09-13T02:48:24Z,219002177,54.935955,11.371985,0.0,Under way using engine
2026-09-13T02:48:48Z,219000811,54.838723,11.491835,0.0,Under way using engine
2026-09-13T02:48:54Z,219002177,54.935973,11.371992,0.0,Under way using engine
2026-09-13T02:49:02Z,219000809,54.971917,11.514592,0.0,Moored
2026-09-13T02:49:19Z,219000811,54.838723,11.491835,0.0,Under way using engine
2026-09-13T02:49:24Z,219002177,54.935963,11.371998,0.0,Under way using engine
2026-09-13T02:49:54Z,219002177,54.935938,11.371995,0.0,Under way using engine
2026-09-13T02:49:59Z,219000811,54.838723,11.491837,0.0,Under way using engine
2026-09-13T02:50:25Z,219002177,54.935948,11.371993,0.0,Under way using engine
2026-09-13T02:50:30Z,219000811,54.838723,11.491840,0.0,Under way using engine
2026-09-13T02:50:55Z,219000809,54.971917,11.514592,0.0,Moored
2026-09-13T02:51:04Z,219002177,54.935968,11.371988,0.0,Under way using engine
2026-09-13T02:51:10Z,219000811,54.838723,11.491842,0.0,Under way using engine
2026-09-13T02:51:35Z,219002177,54.935968,11.371995,0.0,Under way using engine
2026-09-13T02:51:40Z,219000811,54.838720,11.491843,0.0,Under way using engine
2026-09-13T02:52:03Z,219000809,54.971922,11.514578,0.0,Moored
2026-09-13T02:52:10Z,219000811,54.838722,11.491838,0.0,Under way using engine
2026-09-13T02:52:15Z,219002177,54.935942,11.371968,0.0,Under way using engine
2026-09-13T02:52:40Z,219000811,54.838722,11.491833,0.0,Under way using engine
2026-09-13T02:52:55Z,219002177,54.935950,11.371970,0.0,Under way using engine
2026-09-13T02:53:10Z,219000811,54.838722,11.491833,0.0,Under way using engine
2026-09-13T02:53:25Z,219002177,54.935948,11.371977,0.0,Under way using engine
2026-09-13T02:53:40Z,219000811,54.838722,11.491830,0.0,Under way using engine
2026-09-13T02:53:55Z,219002177,54.935938,11.371980,0.0,Under way using engine
2026-09-13T02:54:10Z,219000811,54.838720,11.491830,0.0,Under way using engine
2026-09-13T02:54:25Z,219002177,54.935947,11.371988,0.0,Under way using engine
2026-09-13T02:54:40Z,219000811,54.838718,11.491828,0.0,Under way using engine
2026-09-13T02:54:55Z,219002177,54.935967,11.371995,0.0,Under way using engine
2026-09-13T02:55:03Z,219000809,54.971917,11.514585,0.0,Moored
2026-09-13T02:55:10Z,219000811,54.838717,11.491828,0.0,Under way using engine
2026-09-13T02:55:25Z,219002177,54.935965,11.371987,0.0,Under way using engine
2026-09-13T02:55:40Z,219000811,54.838720,11.491827,0.0,Under way using engine
2026-09-13T02:55:55Z,219002177,54.935965,11.371988,0.0,Under way using engine
2026-09-13T02:56:10Z,219000811,54.838720,11.491828,0.0,Under way using engine
2026-09-13T02:56:33Z,219002177,54.935975,11.371990,0.0,Under way using engine
2026-09-13T02:56:40Z,219000811,54.838720,11.491830,0.0,Under way using engine
2026-09-13T02:56:56Z,219000809,54.971917,11.514585,0.0,Moored
2026-09-13T02:57:03Z,219002177,54.935967,11.372005,0.0,Under way using engine
2026-09-13T02:57:10Z,219000811,54.838720,11.491832,0.0,Under way using engine
2026-09-13T02:57:33Z,219002177,54.935972,11.371997,0.0,Under way using engine
2026-09-13T02:57:40Z,219000811,54.838720,11.491833,0.0,Under way using engine
2026-09-13T02:58:03Z,219002177,54.935967,11.372000,0.0,Under way using engine
2026-09-13T02:58:05Z,219000809,54.971912,11.514573,0.0,Moored
2026-09-13T02:58:10Z,219000811,54.838722,11.491835,0.0,Under way using engine
2026-09-13T02:58:33Z,219002177,54.935963,11.372002,0.0,Under way using engine
2026-09-13T02:58:40Z,219000811,54.838723,11.491837,0.0,Under way using engine
2026-09-13T02:59:03Z,219002177,54.935942,11.372000,0.0,Under way using engine
2026-09-13T02:59:19Z,219000811,54.838725,11.491838,0.0,Under way using engine
2026-09-13T02:59:33Z,219002177,54.935973,11.372010,0.0,Under way using engine
2026-09-13T02:59:49Z,219000811,54.838725,11.491838,0.0,Under way using engine
2026-09-13T03:00:03Z,219002177,54.935968,11.372012,0.0,Under way using engine
2026-09-13T03:00:19Z,219000811,54.838727,11.491837,0.0,Under way using engine
2026-09-13T03:00:34Z,219002177,54.935962,11.372008,0.0,Under way using engine
2026-09-13T03:00:49Z,219000811,54.838727,11.491837,0.0,Under way using engine
2026-09-13T03:01:05Z,219000809,54.971920,11.514567,0.0,Moored
2026-09-13T03:01:05Z,219002177,54.935957,11.371992,0.0,Under way using engine
2026-09-13T03:01:20Z,219000811,54.838728,11.491837,0.0,Under way using engine
2026-09-13T03:01:44Z,219002177,54.935943,11.372000,0.0,Under way using engine
2026-09-13T03:01:59Z,219000811,54.838728,11.491835,0.0,Under way using engine
2026-09-13T03:02:23Z,219002177,54.935933,11.371992,0.0,Under way using engine
2026-09-13T03:02:29Z,219000811,54.838728,11.491837,0.0,Under way using engine
2026-09-13T03:02:53Z,219002177,54.935985,11.371998,0.0,Under way using engine
2026-09-13T03:02:56Z,219000809,54.971920,11.514567,0.0,Moored
2026-09-13T03:02:59Z,219000811,54.838728,11.491838,0.0,Under way using engine
2026-09-13T03:03:23Z,219002177,54.935968,11.372007,0.0,Under way using engine
2026-09-13T03:03:29Z,219000811,54.838730,11.491838,0.0,Under way using engine
2026-09-13T03:03:53Z,219002177,54.935940,11.372008,0.0,Under way using engine
2026-09-13T03:03:59Z,219000811,54.838728,11.491837,0.0,Under way using engine
2026-09-13T03:04:04Z,219000809,54.971912,11.514587,0.0,Moored
2026-09-13T03:04:23Z,219002177,54.935923,11.372022,0.0,Under way using engine
2026-09-13T03:04:29Z,219000811,54.838728,11.491835,0.0,Under way using engine
2026-09-13T03:04:53Z,219002177,54.935957,11.372005,0.0,Under way using engine
2026-09-13T03:04:59Z,219000811,54.838728,11.491835,0.0,Under way using engine
2026-09-13T03:05:23Z,219002177,54.935965,11.371997,0.0,Under way using engine
2026-09-13T03:05:29Z,219000811,54.838727,11.491835,0.0,Under way using engine
2026-09-13T03:05:55Z,219002177,54.935973,11.371997,0.0,Under way using engine
2026-09-13T03:05:59Z,219000811,54.838728,11.491833,0.0,Under way using engine
2026-09-13T03:06:29Z,219000811,54.838727,11.491833,0.0,Under way using engine
2026-09-13T03:06:35Z,219002177,54.935992,11.371983,0.0,Under way using engine
2026-09-13T03:06:59Z,219000811,54.838728,11.491835,0.0,Under way using engine
2026-09-13T03:07:04Z,219000809,54.971927,11.514535,0.0,Moored
2026-09-13T03:07:05Z,219002177,54.935965,11.371970,0.0,Under way using engine
2026-09-13T03:07:29Z,219000811,54.838728,11.491837,0.0,Under way using engine
2026-09-13T03:07:35Z,219002177,54.935980,11.371978,0.0,Under way using engine
2026-09-13T03:07:59Z,219000811,54.838728,11.491840,0.0,Under way using engine
2026-09-13T03:08:05Z,219002177,54.935958,11.371980,0.0,Under way using engine
2026-09-13T03:08:29Z,219000811,54.838728,11.491843,0.0,Under way using engine
2026-09-13T03:08:35Z,219002177,54.935973,11.371977,0.0,Under way using engine
2026-09-13T03:08:56Z,219000809,54.971927,11.514535,0.0,Moored
2026-09-13T03:08:59Z,219000811,54.838727,11.491845,0.0,Under way using engine
2026-09-13T03:09:05Z,219002177,54.935982,11.371987,0.0,Under way using engine
2026-09-13T03:09:29Z,219000811,54.838727,11.491847,0.0,Under way using engine
2026-09-13T03:09:35Z,219002177,54.935987,11.371997,0.0,Under way using engine
2026-09-13T03:09:59Z,219000811,54.838727,11.491848,0.0,Under way using engine
2026-09-13T03:10:04Z,219000809,54.971935,11.514593,0.0,Moored
2026-09-13T03:10:05Z,219002177,54.935993,11.371990,0.0,Under way using engine
2026-09-13T03:10:29Z,219000811,54.838727,11.491848,0.0,Under way using engine
2026-09-13T03:10:35Z,219002177,54.935980,11.371992,0.0,Under way using engine
2026-09-13T03:10:59Z,219000811,54.838728,11.491848,0.0,Under way using engine
2026-09-13T03:11:05Z,219002177,54.935960,11.371993,0.0,Under way using engine
2026-09-13T03:11:29Z,219000811,54.838727,11.491848,0.0,Under way using engine
2026-09-13T03:11:35Z,219002177,54.935952,11.371985,0.1,Under way using engine
2026-09-13T03:11:59Z,219000811,54.838727,11.491845,0.0,Under way using engine
2026-09-13T03:12:05Z,219002177,54.935955,11.371992,0.0,Under way using engine
2026-09-13T03:12:29Z,219000811,54.838725,11.491843,0.0,Under way using engine
2026-09-13T03:12:35Z,219002177,54.935998,11.372027,0.1,Under way using engine
2026-09-13T03:12:59Z,219000811,54.838723,11.491842,0.0,Under way using engine
2026-09-13T03:13:05Z,219000809,54.971895,11.514592,0.1,Moored
2026-09-13T03:13:05Z,219002177,54.936027,11.372022,0.0,Under way using engine
2026-09-13T03:13:29Z,219000811,54.838722,11.491843,0.0,Under way using engine
2026-09-13T03:13:35Z,219002177,54.935960,11.372000,0.0,Under way using engine
2026-09-13T03:14:00Z,219000811,54.838720,11.491845,0.0,Under way using engine
2026-09-13T03:14:05Z,219002177,54.935973,11.371995,0.0,Under way using engine
2026-09-13T03:14:35Z,219002177,54.935962,11.371975,0.0,Under way using engine
2026-09-13T03:14:39Z,219000811,54.838715,11.491843,0.0,Under way using engine
2026-09-13T03:14:56Z,219000809,54.971895,11.514592,0.1,Moored
2026-09-13T03:15:05Z,219002177,54.935968,11.371995,0.0,Under way using engine
2026-09-13T03:15:10Z,219000811,54.838713,11.491845,0.0,Under way using engine
2026-09-13T03:15:35Z,219002177,54.935940,11.371987,0.3,Under way using engine
2026-09-13T03:15:49Z,219000811,54.838713,11.491848,0.0,Under way using engine
2026-09-13T03:16:05Z,219000809,54.971938,11.514597,0.0,Moored
2026-09-13T03:16:14Z,219002177,54.935613,11.371760,3.0,Under way using engine
2026-09-13T03:16:19Z,219000811,54.838715,11.491848,0.0,Under way using engine
2026-09-13T03:16:45Z,219002177,54.935085,11.371322,4.5,Under way using engine
2026-09-13T03:16:49Z,219000811,54.838717,11.491850,0.0,Under way using engine
2026-09-13T03:17:24Z,219002177,54.934240,11.370508,5.5,Under way using engine
2026-09-13T03:17:29Z,219000811,54.838717,11.491843,0.0,Under way using engine
2026-09-13T03:18:00Z,219000811,54.838715,11.491842,0.0,Under way using engine
2026-09-13T03:18:04Z,219002177,54.933268,11.370355,5.8,Under way using engine
2026-09-13T03:18:30Z,219000811,54.838717,11.491838,0.0,Under way using engine
2026-09-13T03:18:34Z,219002177,54.932387,11.370275,6.2,Under way using engine
2026-09-13T03:19:04Z,219000809,54.971900,11.514590,0.0,Moored
2026-09-13T03:19:04Z,219002177,54.931512,11.370287,6.4,Under way using engine
2026-09-13T03:19:10Z,219000811,54.838718,11.491837,0.0,Under way using engine
2026-09-13T03:19:34Z,219002177,54.930592,11.370253,6.6,Under way using engine
2026-09-13T03:19:49Z,219000811,54.838718,11.491838,0.0,Under way using engine
2026-09-13T03:20:04Z,219002177,54.929685,11.370268,6.7,Under way using engine
2026-09-13T03:20:30Z,219000811,54.838717,11.491840,0.0,Under way using engine
2026-09-13T03:20:34Z,219002177,54.928723,11.370298,6.8,Under way using engine
2026-09-13T03:20:55Z,219000809,54.971900,11.514590,0.0,Moored
2026-09-13T03:21:04Z,219002177,54.927782,11.370287,6.7,Under way using engine
2026-09-13T03:21:10Z,219000811,54.838720,11.491842,0.0,Under way using engine
2026-09-13T03:21:34Z,219002177,54.926842,11.370310,6.7,Under way using engine
2026-09-13T03:21:49Z,219000811,54.838722,11.491842,0.0,Under way using engine
2026-09-13T03:22:03Z,219000809,54.971898,11.514578,0.1,Moored
2026-09-13T03:22:04Z,219002177,54.925925,11.370322,6.6,Under way using engine
2026-09-13T03:22:30Z,219000811,54.838725,11.491838,0.0,Under way using engine
2026-09-13T03:22:38Z,219002177,54.925022,11.370348,6.6,Under way using engine
2026-09-13T03:23:10Z,219000811,54.838728,11.491833,0.0,Under way using engine
2026-09-13T03:23:14Z,219002177,54.923780,11.370392,6.5,Under way using engine
2026-09-13T03:23:49Z,219000811,54.838730,11.491832,0.0,Under way using engine
2026-09-13T03:23:53Z,219002177,54.922620,11.370445,6.5,Under way using engine
2026-09-13T03:24:23Z,219000811,54.838728,11.491830,0.0,Under way using engine
2026-09-13T03:24:24Z,219002177,54.921712,11.370505,6.3,Under way using engine
2026-09-13T03:25:00Z,219000811,54.838725,11.491832,0.0,Under way using engine
2026-09-13T03:25:04Z,219000809,54.971908,11.514580,0.0,Moored
2026-09-13T03:25:04Z,219002177,54.920592,11.370555,6.2,Under way using engine
2026-09-13T03:25:39Z,219000811,54.838723,11.491830,0.0,Under way using engine
2026-09-13T03:25:43Z,219002177,54.919460,11.370792,6.0,Under way using engine
2026-09-13T03:26:10Z,219000811,54.838723,11.491832,0.0,Under way using engine
2026-09-13T03:26:13Z,219002177,54.918693,11.370942,5.3,Under way using engine
2026-09-13T03:26:40Z,219000811,54.838723,11.491835,0.0,Under way using engine
2026-09-13T03:26:44Z,219002177,54.917985,11.371027,4.9,Under way using engine
2026-09-13T03:26:56Z,219000809,54.971908,11.514580,0.0,Moored
2026-09-13T03:27:10Z,219000811,54.838723,11.491838,0.0,Under way using engine
2026-09-13T03:27:24Z,219002177,54.917218,11.370698,4.0,Under way using engine
2026-09-13T03:27:40Z,219000811,54.838723,11.491837,0.0,Under way using engine
2026-09-13T03:28:03Z,219002177,54.916948,11.369718,3.6,Under way using engine
2026-09-13T03:28:04Z,219000809,54.971907,11.514590,0.0,Moored
2026-09-13T03:28:10Z,219000811,54.838723,11.491837,0.0,Under way using engine
2026-09-13T03:28:33Z,219002177,54.916852,11.368818,3.9,Under way using engine
2026-09-13T03:28:40Z,219000811,54.838725,11.491835,0.0,Under way using engine
2026-09-13T03:29:03Z,219002177,54.916695,11.367883,4.0,Under way using engine
2026-09-13T03:29:10Z,219000811,54.838723,11.491835,0.0,Under way using engine
2026-09-13T03:29:33Z,219002177,54.916587,11.366905,4.2,Under way using engine
2026-09-13T03:29:40Z,219000811,54.838720,11.491837,0.0,Under way using engine
2026-09-13T03:30:03Z,219002177,54.916522,11.365882,4.3,Under way using engine
2026-09-13T03:30:10Z,219000811,54.838717,11.491838,0.0,Under way using engine
2026-09-13T03:30:33Z,219002177,54.916445,11.364798,4.6,Under way using engine
2026-09-13T03:30:40Z,219000811,54.838715,11.491840,0.0,Under way using engine
2026-09-13T03:31:03Z,219002177,54.916375,11.363680,4.6,Under way using engine
2026-09-13T03:31:04Z,219000809,54.971905,11.514587,0.0,Moored
2026-09-13T03:31:10Z,219000811,54.838717,11.491845,0.0,Under way using engine
2026-09-13T03:31:33Z,219002177,54.916308,11.362658,3.9,Under way using engine
2026-09-13T03:31:40Z,219000811,54.838715,11.491848,0.0,Under way using engine
2026-09-13T03:32:04Z,219002177,54.916285,11.361997,2.1,Under way using engine
2026-09-13T03:32:10Z,219000811,54.838717,11.491848,0.0,Under way using engine
2026-09-13T03:32:44Z,219002177,54.916310,11.361502,1.3,Under way using engine
2026-09-13T03:32:50Z,219000811,54.838722,11.491848,0.0,Under way using engine
2026-09-13T03:32:56Z,219000809,54.971905,11.514587,0.0,Moored
2026-09-13T03:33:15Z,219002177,54.916317,11.361275,0.8,Under way using engine
2026-09-13T03:33:20Z,219000811,54.838725,11.491847,0.0,Under way using engine
2026-09-13T03:33:50Z,219000811,54.838725,11.491843,0.0,Under way using engine
2026-09-13T03:33:53Z,219002177,54.916348,11.361068,0.6,Under way using engine
2026-09-13T03:34:20Z,219000811,54.838723,11.491840,0.0,Under way using engine
2026-09-13T03:34:25Z,219002177,54.916352,11.360972,0.3,Under way using engine
2026-09-13T03:34:50Z,219000811,54.838722,11.491837,0.0,Under way using engine
2026-09-13T03:35:04Z,219002177,54.916348,11.360843,0.5,Under way using engine
2026-09-13T03:35:20Z,219000811,54.838722,11.491832,0.0,Under way using engine
2026-09-13T03:35:50Z,219000811,54.838722,11.491830,0.0,Under way using engine
2026-09-13T03:35:53Z,219002177,54.916348,11.360648,0.2,Under way using engine
2026-09-13T03:36:20Z,219000811,54.838717,11.491828,0.0,Under way using engine
2026-09-13T03:36:25Z,219002177,54.916345,11.360558,0.3,Under way using engine
2026-09-13T03:36:50Z,219000811,54.838717,11.491832,0.0,Under way using engine
2026-09-13T03:36:55Z,219002177,54.916340,11.360558,0.0,Under way using engine
2026-09-13T03:37:04Z,219000809,54.971905,11.514588,0.0,Moored
2026-09-13T03:37:20Z,219000811,54.838715,11.491835,0.0,Under way using engine
2026-09-13T03:37:25Z,219002177,54.916353,11.360560,0.0,Under way using engine
2026-09-13T03:37:50Z,219000811,54.838713,11.491840,0.0,Under way using engine
2026-09-13T03:37:55Z,219002177,54.916350,11.360565,0.0,Under way using engine
2026-09-13T03:38:25Z,219002177,54.916348,11.360553,0.0,Under way using engine
2026-09-13T03:38:28Z,219000811,54.838713,11.491840,0.0,Under way using engine
2026-09-13T03:38:55Z,219002177,54.916352,11.360558,0.0,Under way using engine
2026-09-13T03:38:56Z,219000809,54.971905,11.514588,0.0,Moored
2026-09-13T03:38:59Z,219000811,54.838713,11.491843,0.0,Under way using engine
2026-09-13T03:39:25Z,219002177,54.916352,11.360563,0.0,Under way using engine
2026-09-13T03:39:39Z,219000811,54.838713,11.491847,0.0,Under way using engine
2026-09-13T03:39:55Z,219002177,54.916347,11.360548,0.0,Under way using engine
2026-09-13T03:40:05Z,219000809,54.971888,11.514585,0.0,Moored
2026-09-13T03:40:09Z,219000811,54.838713,11.491845,0.0,Under way using engine
2026-09-13T03:40:25Z,219002177,54.916357,11.360563,0.0,Under way using engine
2026-09-13T03:40:39Z,219000811,54.838713,11.491842,0.0,Under way using engine
2026-09-13T03:40:55Z,219002177,54.916355,11.360567,0.0,Under way using engine
2026-09-13T03:41:19Z,219000811,54.838710,11.491842,0.0,Under way using engine
2026-09-13T03:41:25Z,219002177,54.916345,11.360555,0.0,Under way using engine
2026-09-13T03:42:03Z,219002177,54.916348,11.360557,0.0,Under way using engine
2026-09-13T03:42:08Z,219000811,54.838710,11.491838,0.0,Under way using engine
2026-09-13T03:42:34Z,219002177,54.916345,11.360553,0.0,Under way using engine
2026-09-13T03:42:39Z,219000811,54.838712,11.491838,0.0,Under way using engine
2026-09-13T03:43:02Z,219000809,54.971895,11.514565,0.0,Moored
2026-09-13T03:43:04Z,219002177,54.916342,11.360552,0.0,Under way using engine
2026-09-13T03:43:19Z,219000811,54.838713,11.491832,0.0,Under way using engine
2026-09-13T03:43:34Z,219002177,54.916342,11.360550,0.0,Under way using engine
2026-09-13T03:44:00Z,219000811,54.838715,11.491828,0.0,Under way using engine
2026-09-13T03:44:04Z,219002177,54.916337,11.360555,0.0,Under way using engine
2026-09-13T03:44:34Z,219002177,54.916337,11.360547,0.0,Under way using engine
2026-09-13T03:44:39Z,219000811,54.838718,11.491830,0.0,Under way using engine
2026-09-13T03:44:56Z,219000809,54.971895,11.514565,0.0,Moored
2026-09-13T03:45:04Z,219002177,54.916332,11.360548,0.0,Under way using engine
2026-09-13T03:45:09Z,219000811,54.838717,11.491832,0.0,Under way using engine
2026-09-13T03:45:34Z,219002177,54.916327,11.360550,0.0,Under way using engine
2026-09-13T03:45:39Z,219000811,54.838715,11.491832,0.0,Under way using engine
2026-09-13T03:46:02Z,219000809,54.971900,11.514578,0.0,Moored
2026-09-13T03:46:04Z,219002177,54.916332,11.360548,0.0,Under way using engine
2026-09-13T03:46:09Z,219000811,54.838715,11.491832,0.0,Under way using engine
2026-09-13T03:46:34Z,219002177,54.916340,11.360557,0.0,Under way using engine
2026-09-13T03:46:40Z,219000811,54.838717,11.491830,0.0,Under way using engine
2026-09-13T03:47:04Z,219002177,54.916347,11.360555,0.0,Under way using engine
2026-09-13T03:47:19Z,219000811,54.838717,11.491823,0.0,Under way using engine
2026-09-13T03:47:34Z,219002177,54.916350,11.360557,0.0,Under way using engine
2026-09-13T03:47:49Z,219000811,54.838718,11.491825,0.0,Under way using engine
2026-09-13T03:48:04Z,219002177,54.916355,11.360558,0.0,Under way using engine
2026-09-13T03:48:19Z,219000811,54.838718,11.491823,0.0,Under way using engine
2026-09-13T03:48:34Z,219002177,54.916353,11.360563,0.0,Under way using engine
2026-09-13T03:48:49Z,219000811,54.838715,11.491823,0.0,Under way using engine
2026-09-13T03:49:03Z,219000809,54.971912,11.514582,0.0,Moored
2026-09-13T03:49:04Z,219002177,54.916353,11.360572,0.0,Under way using engine
2026-09-13T03:49:19Z,219000811,54.838713,11.491825,0.0,Under way using engine
2026-09-13T03:49:34Z,219002177,54.916352,11.360565,0.0,Under way using engine
2026-09-13T03:49:49Z,219000811,54.838713,11.491827,0.0,Under way using engine
2026-09-13T03:50:04Z,219002177,54.916345,11.360560,0.0,Under way using engine
2026-09-13T03:50:19Z,219000811,54.838715,11.491828,0.0,Under way using engine
2026-09-13T03:50:34Z,219002177,54.916337,11.360613,0.6,Under way using engine
2026-09-13T03:50:49Z,219000811,54.838715,11.491832,0.0,Under way using engine
2026-09-13T03:50:56Z,219000809,54.971912,11.514582,0.0,Moored
2026-09-13T03:51:04Z,219002177,54.916313,11.361022,2.1,Under way using engine
2026-09-13T03:51:19Z,219000811,54.838715,11.491833,0.0,Under way using engine
2026-09-13T03:51:34Z,219002177,54.916293,11.361690,3.3,Under way using engine
2026-09-13T03:51:49Z,219000811,54.838715,11.491833,0.0,Under way using engine
2026-09-13T03:52:03Z,219000809,54.971927,11.514617,0.0,Moored
2026-09-13T03:52:04Z,219002177,54.916338,11.362665,4.2,Under way using engine
2026-09-13T03:52:19Z,219000811,54.838715,11.491833,0.0,Under way using engine
2026-09-13T03:52:34Z,219002177,54.916373,11.363723,4.7,Under way using engine
2026-09-13T03:52:49Z,219000811,54.838717,11.491832,0.0,Under way using engine
2026-09-13T03:53:04Z,219002177,54.916452,11.364997,5.1,Under way using engine
2026-09-13T03:53:19Z,219000811,54.838717,11.491830,0.0,Under way using engine
2026-09-13T03:53:34Z,219002177,54.916527,11.366237,5.4,Under way using engine
2026-09-13T03:53:49Z,219000811,54.838715,11.491828,0.0,Under way using engine
2026-09-13T03:54:04Z,219002177,54.916638,11.367587,5.5,Under way using engine
2026-09-13T03:54:19Z,219000811,54.838713,11.491827,0.0,Under way using engine
2026-09-13T03:54:34Z,219002177,54.916738,11.368877,5.6,Under way using engine
2026-09-13T03:54:49Z,219000811,54.838712,11.491827,0.0,Under way using engine
2026-09-13T03:55:04Z,219002177,54.916878,11.370263,5.7,Under way using engine
2026-09-13T03:55:05Z,219000809,54.971915,11.513992,2.5,Moored
2026-09-13T03:55:19Z,219000811,54.838710,11.491828,0.0,Under way using engine
2026-09-13T03:55:34Z,219002177,54.917020,11.371553,5.7,Under way using engine
2026-09-13T03:55:49Z,219000811,54.838712,11.491828,0.0,Under way using engine
2026-09-13T03:56:05Z,219002177,54.917248,11.372855,5.2,Under way using engine
2026-09-13T03:56:19Z,219000811,54.838713,11.491828,0.0,Under way using engine
2026-09-13T03:56:44Z,219000809,54.971810,11.512547,3.2,Moored
2026-09-13T03:56:44Z,219002177,54.918037,11.373437,5.0,Under way using engine
2026-09-13T03:56:50Z,219000811,54.838713,11.491827,0.0,Under way using engine
2026-09-13T03:57:14Z,219002177,54.918787,11.373438,5.6,Under way using engine
2026-09-13T03:57:16Z,219000809,54.971968,11.511115,6.6,Moored
2026-09-13T03:57:29Z,219000811,54.838715,11.491828,0.0,Under way using engine
2026-09-13T03:57:44Z,219002177,54.919590,11.373430,5.9,Under way using engine
2026-09-13T03:57:54Z,219000809,54.972192,11.508805,8.0,Moored
2026-09-13T03:58:00Z,219000811,54.838715,11.491827,0.0,Under way using engine
2026-09-13T03:58:14Z,219002177,54.920457,11.373322,6.2,Under way using engine
2026-09-13T03:58:25Z,219000809,54.972335,11.506813,8.1,Under way using engine
2026-09-13T03:58:40Z,219000811,54.838713,11.491822,0.0,Under way using engine
2026-09-13T03:58:44Z,219002177,54.921345,11.373245,6.4,Under way using engine
2026-09-13T03:59:05Z,219000809,54.972543,11.504187,8.3,Under way using engine
2026-09-13T03:59:14Z,219002177,54.922230,11.373078,6.5,Under way using engine
2026-09-13T03:59:19Z,219000811,54.838715,11.491818,0.0,Under way using engine
2026-09-13T03:59:36Z,219000809,54.972180,11.502527,7.3,Under way using engine
2026-09-13T03:59:44Z,219002177,54.923148,11.372937,6.6,Under way using engine
2026-09-13T03:59:50Z,219000811,54.838717,11.491818,0.0,Under way using engine
2026-09-13T04:00:08Z,219000809,54.971280,11.501342,7.2,Under way using engine
2026-09-13T04:00:14Z,219002177,54.924070,11.372785,6.7,Under way using engine
2026-09-13T04:00:23Z,219000811,54.838718,11.491820,0.0,Under way using engine
2026-09-13T04:00:39Z,219000809,54.970443,11.500557,6.9,Under way using engine
2026-09-13T04:00:44Z,219002177,54.925000,11.372637,6.7,Under way using engine
2026-09-13T04:00:59Z,219000811,54.838718,11.491817,0.0,Under way using engine
2026-09-13T04:01:12Z,219000809,54.969560,11.499295,7.5,Under way using engine
2026-09-13T04:01:14Z,219002177,54.925917,11.372465,6.7,Under way using engine
2026-09-13T04:01:39Z,219000811,54.838717,11.491817,0.0,Under way using engine
2026-09-13T04:01:44Z,219000809,54.968782,11.498177,6.9,Under way using engine
2026-09-13T04:01:44Z,219002177,54.926827,11.372283,6.7,Under way using engine
2026-09-13T04:02:14Z,219002177,54.927737,11.372110,6.6,Under way using engine
2026-09-13T04:02:19Z,219000811,54.838715,11.491812,0.0,Under way using engine
2026-09-13T04:02:22Z,219000809,54.967642,11.496830,8.2,Under way using engine
2026-09-13T04:02:45Z,219002177,54.928642,11.371928,6.6,Under way using engine
2026-09-13T04:02:50Z,219000811,54.838720,11.491818,0.0,Under way using engine
2026-09-13T04:02:54Z,219000809,54.966660,11.495482,8.5,Under way using engine
2026-09-13T04:03:23Z,219002177,54.929823,11.371730,6.5,Under way using engine
2026-09-13T04:03:25Z,219000809,54.965652,11.494095,8.7,Under way using engine
2026-09-13T04:03:28Z,219000811,54.838722,11.491818,0.0,Under way using engine
2026-09-13T04:03:54Z,219002177,54.930730,11.371557,6.4,Under way using engine
2026-09-13T04:03:59Z,219000811,54.838723,11.491822,0.0,Under way using engine
2026-09-13T04:04:05Z,219000809,54.964410,11.492445,8.7,Under way using engine
2026-09-13T04:04:34Z,219002177,54.931895,11.371313,6.4,Under way using engine
2026-09-13T04:04:35Z,219000809,54.963450,11.491212,8.7,Under way using engine
2026-09-13T04:04:39Z,219000811,54.838723,11.491822,0.0,Under way using engine
2026-09-13T04:05:06Z,219000809,54.962337,11.490375,8.5,Under way using engine
2026-09-13T04:05:10Z,219000811,54.838723,11.491823,0.0,Under way using engine
2026-09-13T04:05:14Z,219002177,54.933052,11.371072,6.3,Under way using engine
2026-09-13T04:05:45Z,219000809,54.960792,11.489702,8.8,Under way using engine
2026-09-13T04:05:45Z,219002177,54.933880,11.371002,5.9,Under way using engine
2026-09-13T04:05:49Z,219000811,54.838723,11.491825,0.0,Under way using engine
2026-09-13T04:06:15Z,219000809,54.959620,11.489238,8.6,Under way using engine
2026-09-13T04:06:20Z,219000811,54.838722,11.491828,0.0,Under way using engine
2026-09-13T04:06:23Z,219002177,54.934805,11.371162,4.6,Under way using engine
2026-09-13T04:06:45Z,219000809,54.958458,11.488718,8.6,Under way using engine
2026-09-13T04:06:54Z,219002177,54.935268,11.371442,3.1,Under way using engine
2026-09-13T04:07:00Z,219000811,54.838720,11.491832,0.0,Under way using engine
2026-09-13T04:07:26Z,219000809,54.956902,11.488057,8.2,Under way using engine
2026-09-13T04:07:34Z,219002177,54.935613,11.371673,1.4,Under way using engine
2026-09-13T04:07:40Z,219000811,54.838720,11.491833,0.0,Under way using engine
2026-09-13T04:08:06Z,219000809,54.955452,11.487362,8.2,Under way using engine
2026-09-13T04:08:10Z,219000811,54.838720,11.491838,0.0,Under way using engine
2026-09-13T04:08:14Z,219002177,54.935745,11.371802,0.7,Under way using engine
2026-09-13T04:08:40Z,219000811,54.838720,11.491838,0.0,Under way using engine
2026-09-13T04:08:44Z,219002177,54.935838,11.371887,0.8,Under way using engine
2026-09-13T04:08:45Z,219000809,54.954012,11.486700,8.3,Under way using engine
2026-09-13T04:09:14Z,219002177,54.935898,11.371958,0.4,Under way using engine
2026-09-13T04:09:20Z,219000811,54.838720,11.491838,0.0,Under way using engine
2026-09-13T04:09:25Z,219000809,54.952537,11.485992,8.2,Under way using engine
2026-09-13T04:09:44Z,219002177,54.935952,11.372002,0.4,Under way using engine
2026-09-13T04:09:55Z,219000809,54.951438,11.485477,8.2,Under way using engine
2026-09-13T04:10:00Z,219000811,54.838722,11.491838,0.0,Under way using engine
2026-09-13T04:10:14Z,219002177,54.935945,11.371985,0.2,Under way using engine
2026-09-13T04:10:25Z,219000809,54.950342,11.484980,8.2,Under way using engine
2026-09-13T04:10:40Z,219000811,54.838722,11.491833,0.0,Under way using engine
2026-09-13T04:10:44Z,219002177,54.935953,11.371995,0.0,Under way using engine
2026-09-13T04:10:55Z,219000809,54.949242,11.484467,8.3,Under way using engine
2026-09-13T04:11:14Z,219002177,54.935955,11.372003,0.0,Under way using engine
2026-09-13T04:11:20Z,219000811,54.838723,11.491835,0.0,Under way using engine
2026-09-13T04:11:25Z,219000809,54.948135,11.484000,8.3,Under way using engine
2026-09-13T04:11:44Z,219002177,54.935950,11.371982,0.0,Under way using engine
2026-09-13T04:11:50Z,219000811,54.838725,11.491833,0.0,Under way using engine
2026-09-13T04:11:55Z,219000809,54.947015,11.483508,8.3,Under way using engine
2026-09-13T04:12:14Z,219002177,54.935952,11.371983,0.0,Under way using engine
2026-09-13T04:12:24Z,219000811,54.838727,11.491832,0.0,Under way using engine
2026-09-13T04:12:25Z,219000809,54.945893,11.483035,8.3,Under way using engine
2026-09-13T04:12:44Z,219002177,54.935960,11.371993,0.0,Under way using engine
2026-09-13T04:12:55Z,219000809,54.944753,11.482545,8.6,Under way using engine
2026-09-13T04:13:00Z,219000811,54.838723,11.491828,0.0,Under way using engine
2026-09-13T04:13:14Z,219002177,54.935957,11.371990,0.0,Under way using engine
2026-09-13T04:13:25Z,219000809,54.943705,11.481682,8.4,Under way using engine
2026-09-13T04:13:40Z,219000811,54.838720,11.491825,0.0,Under way using engine
2026-09-13T04:13:44Z,219002177,54.935960,11.371992,0.0,Under way using engine
2026-09-13T04:13:55Z,219000809,54.942870,11.480290,8.7,Under way using engine
2026-09-13T04:14:14Z,219002177,54.935960,11.371993,0.0,Under way using engine
2026-09-13T04:14:19Z,219000811,54.838720,11.491822,0.0,Under way using engine
2026-09-13T04:14:25Z,219000809,54.942033,11.478793,8.5,Under way using engine
2026-09-13T04:14:44Z,219002177,54.935957,11.371998,0.0,Under way using engine
2026-09-13T04:14:50Z,219000811,54.838718,11.491822,0.0,Under way using engine
2026-09-13T04:14:55Z,219000809,54.941220,11.477267,8.5,Under way using engine
2026-09-13T04:15:14Z,219002177,54.935958,11.371995,0.0,Under way using engine
2026-09-13T04:15:25Z,219000809,54.940418,11.475810,8.5,Under way using engine
2026-09-13T04:15:29Z,219000811,54.838718,11.491827,0.0,Under way using engine
2026-09-13T04:15:54Z,219002177,54.935955,11.371983,0.0,Under way using engine
2026-09-13T04:16:00Z,219000811,54.838718,11.491828,0.0,Under way using engine
2026-09-13T04:16:02Z,219000809,54.939458,11.473927,8.5,Under way using engine
2026-09-13T04:16:24Z,219002177,54.935953,11.371975,0.0,Under way using engine
2026-09-13T04:16:32Z,219000809,54.938855,11.472127,8.7,Under way using engine
2026-09-13T04:16:40Z,219000811,54.838715,11.491830,0.0,Under way using engine
2026-09-13T04:17:04Z,219002177,54.935950,11.371965,0.0,Under way using engine
2026-09-13T04:17:06Z,219000809,54.938233,11.470000,8.8,Under way using engine
2026-09-13T04:17:19Z,219000811,54.838717,11.491833,0.0,Under way using engine
2026-09-13T04:17:35Z,219002177,54.935948,11.371967,0.0,Under way using engine
2026-09-13T04:17:46Z,219000809,54.937453,11.467462,9.0,Under way using engine
2026-09-13T04:17:50Z,219000811,54.838717,11.491833,0.0,Under way using engine
2026-09-13T04:18:14Z,219002177,54.935953,11.371970,0.0,Under way using engine
2026-09-13T04:18:16Z,219000809,54.936887,11.465537,9.1,Under way using engine
2026-09-13T04:18:25Z,219000811,54.838718,11.491832,0.0,Under way using engine
2026-09-13T04:18:53Z,219002177,54.935968,11.371980,0.0,Under way using engine
2026-09-13T04:18:55Z,219000809,54.936132,11.463023,9.1,Under way using engine
2026-09-13T04:18:58Z,219000811,54.838718,11.491830,0.0,Under way using engine
2026-09-13T04:19:23Z,219002177,54.935965,11.371982,0.0,Under way using engine
2026-09-13T04:19:25Z,219000809,54.935550,11.461068,9.2,Under way using engine
2026-09-13T04:19:29Z,219000811,54.838720,11.491827,0.0,Under way using engine
2026-09-13T04:19:53Z,219002177,54.935960,11.371983,0.0,Under way using engine
2026-09-13T04:19:55Z,219000809,54.934957,11.459090,9.2,Under way using engine
2026-09-13T04:20:09Z,219000811,54.838720,11.491827,0.0,Under way using engine
2026-09-13T04:20:23Z,219002177,54.935960,11.371978,0.0,Under way using engine
2026-09-13T04:20:25Z,219000809,54.934352,11.457125,9.2,Under way using engine
2026-09-13T04:20:40Z,219000811,54.838717,11.491825,0.0,Under way using engine
2026-09-13T04:20:53Z,219002177,54.935955,11.371975,0.0,Under way using engine
2026-09-13T04:20:55Z,219000809,54.933768,11.455137,9.2,Under way using engine
2026-09-13T04:21:20Z,219000811,54.838713,11.491822,0.0,Under way using engine
2026-09-13T04:21:23Z,219002177,54.935960,11.372000,0.0,Under way using engine
2026-09-13T04:21:26Z,219000809,54.933178,11.453255,9.0,Under way using engine
2026-09-13T04:21:50Z,219000811,54.838712,11.491822,0.0,Under way using engine
2026-09-13T04:21:53Z,219002177,54.935960,11.372002,0.0,Under way using engine
2026-09-13T04:22:15Z,219000809,54.931957,11.450368,8.9,Under way using engine
2026-09-13T04:22:20Z,219000811,54.838712,11.491823,0.0,Under way using engine
2026-09-13T04:22:23Z,219002177,54.935955,11.372003,0.0,Under way using engine
2026-09-13T04:22:46Z,219000809,54.931182,11.448608,8.9,Under way using engine
2026-09-13T04:22:50Z,219000811,54.838713,11.491823,0.0,Under way using engine
2026-09-13T04:22:53Z,219002177,54.935952,11.371983,0.0,Under way using engine
2026-09-13T04:23:20Z,219000811,54.838717,11.491825,0.0,Under way using engine
2026-09-13T04:23:23Z,219002177,54.935947,11.371955,0.0,Under way using engine
2026-09-13T04:23:26Z,219000809,54.930202,11.446388,8.7,Under way using engine
2026-09-13T04:23:50Z,219000811,54.838717,11.491823,0.0,Under way using engine
2026-09-13T04:23:53Z,219002177,54.935975,11.372037,0.0,Under way using engine
2026-09-13T04:24:06Z,219000809,54.929200,11.444115,8.8,Under way using engine
2026-09-13T04:24:20Z,219000811,54.838718,11.491822,0.0,Under way using engine
2026-09-13T04:24:23Z,219002177,54.935972,11.372042,0.0,Under way using engine
2026-09-13T04:24:45Z,219000809,54.928245,11.441878,8.9,Under way using engine
2026-09-13T04:24:58Z,219000811,54.838718,11.491825,0.0,Under way using engine
2026-09-13T04:25:04Z,219002177,54.935962,11.371995,0.0,Under way using engine
2026-09-13T04:25:15Z,219000809,54.927512,11.440153,8.9,Under way using engine
2026-09-13T04:25:29Z,219000811,54.838718,11.491823,0.0,Under way using engine
2026-09-13T04:25:35Z,219002177,54.935960,11.371975,0.0,Under way using engine
2026-09-13T04:25:45Z,219000809,54.926773,11.438453,8.9,Under way using engine
2026-09-13T04:26:10Z,219000811,54.838718,11.491827,0.0,Under way using engine
2026-09-13T04:26:13Z,219002177,54.935955,11.371962,0.0,Under way using engine
2026-09-13T04:26:15Z,219000809,54.926020,11.436742,9.0,Under way using engine
2026-09-13T04:26:40Z,219000811,54.838720,11.491828,0.0,Under way using engine
2026-09-13T04:26:44Z,219002177,54.935962,11.371973,0.0,Under way using engine
2026-09-13T04:26:45Z,219000809,54.925283,11.435015,8.9,Under way using engine
2026-09-13T04:27:10Z,219000811,54.838723,11.491827,0.0,Under way using engine
2026-09-13T04:27:15Z,219000809,54.924525,11.433308,9.0,Under way using engine
2026-09-13T04:27:23Z,219002177,54.935972,11.371978,0.0,Under way using engine
2026-09-13T04:27:40Z,219000811,54.838722,11.491827,0.0,Under way using engine
2026-09-13T04:27:45Z,219000809,54.923780,11.431602,8.9,Under way using engine
2026-09-13T04:28:04Z,219002177,54.935958,11.371985,0.0,Under way using engine
2026-09-13T04:28:10Z,219000811,54.838723,11.491825,0.0,Under way using engine
2026-09-13T04:28:15Z,219000809,54.923008,11.429985,8.8,Under way using engine
2026-09-13T04:28:35Z,219002177,54.935958,11.371982,0.0,Under way using engine
2026-09-13T04:28:48Z,219000811,54.838723,11.491822,0.0,Under way using engine
2026-09-13T04:28:56Z,219000809,54.921928,11.427647,9.0,Under way using engine
2026-09-13T04:29:13Z,219002177,54.935967,11.371982,0.0,Under way using engine
2026-09-13T04:29:19Z,219000811,54.838723,11.491818,0.0,Under way using engine
2026-09-13T04:29:35Z,219000809,54.920905,11.425448,9.0,Under way using engine
2026-09-13T04:29:53Z,219002177,54.935957,11.371972,0.0,Under way using engine
2026-09-13T04:29:58Z,219000811,54.838722,11.491818,0.0,Under way using engine
2026-09-13T04:30:06Z,219000809,54.920088,11.423723,8.9,Under way using engine
2026-09-13T04:30:23Z,219002177,54.935958,11.371972,0.0,Under way using engine
2026-09-13T04:30:29Z,219000811,54.838723,11.491820,0.0,Under way using engine
2026-09-13T04:30:36Z,219000809,54.919300,11.422075,9.0,Under way using engine
2026-09-13T04:30:53Z,219002177,54.935952,11.371965,0.0,Under way using engine
2026-09-13T04:31:06Z,219000809,54.918515,11.420360,9.1,Under way using engine
2026-09-13T04:31:10Z,219000811,54.838725,11.491822,0.0,Under way using engine
2026-09-13T04:31:23Z,219002177,54.935950,11.371952,0.0,Under way using engine
2026-09-13T04:31:36Z,219000809,54.917727,11.418672,9.1,Under way using engine
2026-09-13T04:31:48Z,219000811,54.838727,11.491822,0.0,Under way using engine
2026-09-13T04:31:53Z,219002177,54.935943,11.371947,0.0,Under way using engine
2026-09-13T04:32:06Z,219000809,54.916948,11.416947,9.1,Under way using engine
2026-09-13T04:32:20Z,219000811,54.838727,11.491823,0.0,Under way using engine
2026-09-13T04:32:23Z,219002177,54.935958,11.371958,0.0,Under way using engine
2026-09-13T04:32:36Z,219000809,54.916172,11.415238,9.0,Under way using engine
2026-09-13T04:32:53Z,219002177,54.935960,11.371960,0.0,Under way using engine
2026-09-13T04:33:00Z,219000811,54.838725,11.491823,0.0,Under way using engine
2026-09-13T04:33:06Z,219000809,54.915375,11.413522,9.2,Under way using engine
2026-09-13T04:33:25Z,219002177,54.935960,11.371963,0.0,Under way using engine
2026-09-13T04:33:36Z,219000809,54.914572,11.411798,9.2,Under way using engine
2026-09-13T04:33:40Z,219000811,54.838727,11.491822,0.0,Under way using engine
2026-09-13T04:34:04Z,219002177,54.935962,11.371955,0.0,Under way using engine
2026-09-13T04:34:10Z,219000811,54.838725,11.491820,0.0,Under way using engine
2026-09-13T04:34:16Z,219000809,54.913472,11.409520,9.2,Under way using engine
2026-09-13T04:34:35Z,219002177,54.935957,11.371955,0.0,Under way using engine
2026-09-13T04:34:40Z,219000811,54.838725,11.491822,0.0,Under way using engine
2026-09-13T04:34:46Z,219000809,54.912667,11.407805,9.3,Under way using engine
2026-09-13T04:35:10Z,219000811,54.838725,11.491820,0.0,Under way using engine
2026-09-13T04:35:13Z,219002177,54.935957,11.371963,0.0,Under way using engine
2026-09-13T04:35:16Z,219000809,54.911863,11.406095,9.2,Under way using engine
2026-09-13T04:35:40Z,219000811,54.838723,11.491820,0.0,Under way using engine
2026-09-13T04:35:46Z,219000809,54.911065,11.404377,9.2,Under way using engine
2026-09-13T04:35:54Z,219002177,54.935928,11.371932,0.4,Under way using engine
2026-09-13T04:36:10Z,219000811,54.838723,11.491822,0.0,Under way using engine
2026-09-13T04:36:16Z,219000809,54.910262,11.402658,9.3,Under way using engine
2026-09-13T04:36:25Z,219002177,54.935777,11.371803,2.1,Under way using engine
2026-09-13T04:36:40Z,219000811,54.838723,11.491823,0.0,Under way using engine
2026-09-13T04:36:46Z,219000809,54.909530,11.400832,9.3,Under way using engine
2026-09-13T04:37:03Z,219002177,54.935168,11.371320,4.4,Under way using engine
2026-09-13T04:37:10Z,219000811,54.838723,11.491823,0.0,Under way using engine
2026-09-13T04:37:16Z,219000809,54.908987,11.398788,9.4,Under way using engine
2026-09-13T04:37:35Z,219002177,54.934547,11.370640,4.9,Under way using engine
2026-09-13T04:37:40Z,219000811,54.838722,11.491820,0.0,Under way using engine
2026-09-13T04:37:46Z,219000809,54.908490,11.396700,9.3,Under way using engine
2026-09-13T04:38:15Z,219002177,54.933692,11.370372,5.0,Under way using engine
2026-09-13T04:38:16Z,219000809,54.908353,11.394568,9.4,Under way using engine
2026-09-13T04:38:19Z,219000811,54.838722,11.491817,0.0,Under way using engine
2026-09-13T04:38:46Z,219000809,54.908928,11.392480,9.5,Under way using engine
2026-09-13T04:38:49Z,219000811,54.838722,11.491818,0.0,Under way using engine
2026-09-13T04:38:54Z,219002177,54.932748,11.370220,5.4,Under way using engine
2026-09-13T04:39:16Z,219000809,54.909658,11.390650,9.6,Under way using engine
2026-09-13T04:39:19Z,219000811,54.838720,11.491817,0.0,Under way using engine
2026-09-13T04:39:24Z,219002177,54.931960,11.370180,5.5,Under way using engine
2026-09-13T04:39:46Z,219000809,54.910477,11.388617,9.7,Under way using engine
2026-09-13T04:39:49Z,219000811,54.838718,11.491817,0.0,Under way using engine
2026-09-13T04:39:54Z,219002177,54.931208,11.370223,5.6,Under way using engine
2026-09-13T04:40:16Z,219000809,54.911253,11.386803,9.7,Under way using engine
2026-09-13T04:40:19Z,219000811,54.838718,11.491815,0.0,Under way using engine
2026-09-13T04:40:24Z,219002177,54.930407,11.370263,5.5,Under way using engine
2026-09-13T04:40:46Z,219000809,54.912170,11.384988,9.7,Under way using engine
2026-09-13T04:40:49Z,219000811,54.838717,11.491815,0.0,Under way using engine
2026-09-13T04:40:54Z,219002177,54.929640,11.370288,5.5,Under way using engine
2026-09-13T04:41:19Z,219000811,54.838717,11.491815,0.0,Under way using engine
2026-09-13T04:41:24Z,219000809,54.913277,11.382770,9.6,Under way using engine
2026-09-13T04:41:24Z,219002177,54.928870,11.370298,5.6,Under way using engine
2026-09-13T04:41:49Z,219000811,54.838717,11.491815,0.0,Under way using engine
2026-09-13T04:41:54Z,219002177,54.928108,11.370333,5.5,Under way using engine
2026-09-13T04:41:56Z,219000809,54.914245,11.380905,9.7,Under way using engine
2026-09-13T04:42:19Z,219000811,54.838717,11.491817,0.0,Under way using engine
2026-09-13T04:42:24Z,219002177,54.927357,11.370385,5.4,Under way using engine
2026-09-13T04:42:36Z,219000809,54.915308,11.378512,9.4,Under way using engine
2026-09-13T04:42:49Z,219000811,54.838717,11.491817,0.0,Under way using engine
2026-09-13T04:42:54Z,219002177,54.926603,11.370418,5.4,Under way using engine
2026-09-13T04:43:15Z,219000809,54.916282,11.376153,9.2,Under way using engine
2026-09-13T04:43:19Z,219000811,54.838717,11.491822,0.0,Under way using engine
2026-09-13T04:43:24Z,219002177,54.925847,11.370477,5.4,Under way using engine
2026-09-13T04:43:46Z,219000809,54.916838,11.374135,8.9,Under way using engine
2026-09-13T04:43:54Z,219002177,54.925103,11.370530,5.5,Under way using engine
2026-09-13T04:44:00Z,219000811,54.838717,11.491828,0.0,Under way using engine
2026-09-13T04:44:19Z,219000809,54.916962,11.371927,8.7,Under way using engine
2026-09-13T04:44:24Z,219002177,54.924342,11.370587,5.5,Under way using engine
2026-09-13T04:44:39Z,219000811,54.838718,11.491833,0.0,Under way using engine
2026-09-13T04:44:52Z,219000809,54.916840,11.369623,8.1,Under way using engine
2026-09-13T04:44:54Z,219002177,54.923563,11.370643,5.6,Under way using engine
2026-09-13T04:45:19Z,219000811,54.838720,11.491832,0.0,Under way using engine
2026-09-13T04:45:24Z,219002177,54.922800,11.370700,5.6,Under way using engine
2026-09-13T04:45:25Z,219000809,54.916703,11.367720,7.0,Under way using engine
2026-09-13T04:45:49Z,219000811,54.838722,11.491830,0.0,Under way using engine
2026-09-13T04:45:54Z,219002177,54.922053,11.370815,5.6,Under way using engine
2026-09-13T04:46:04Z,219000809,54.916603,11.365662,6.5,Under way using engine
2026-09-13T04:46:19Z,219000811,54.838722,11.491827,0.0,Under way using engine
2026-09-13T04:46:24Z,219002177,54.921300,11.370935,5.5,Under way using engine
2026-09-13T04:46:36Z,219000809,54.916442,11.364002,6.5,Under way using engine
2026-09-13T04:46:49Z,219000811,54.838720,11.491827,0.0,Under way using engine
2026-09-13T04:46:54Z,219002177,54.920537,11.371042,5.5,Under way using engine
2026-09-13T04:47:15Z,219000809,54.916263,11.362125,5.9,Under way using engine
2026-09-13T04:47:20Z,219000811,54.838718,11.491827,0.0,Under way using engine
2026-09-13T04:47:24Z,219002177,54.919788,11.371145,5.4,Under way using engine
2026-09-13T04:47:46Z,219000809,54.916102,11.360828,4.7,Under way using engine
2026-09-13T04:47:54Z,219002177,54.919042,11.371157,5.3,Under way using engine
2026-09-13T04:47:59Z,219000811,54.838720,11.491827,0.0,Under way using engine
2026-09-13T04:48:18Z,219000809,54.915943,11.360548,0.2,Under way using engine
2026-09-13T04:48:24Z,219002177,54.918298,11.371195,5.3,Under way using engine
2026-09-13T04:48:30Z,219000811,54.838722,11.491825,0.0,Under way using engine
2026-09-13T04:48:48Z,219000809,54.916035,11.360467,0.6,Under way using engine
2026-09-13T04:48:54Z,219002177,54.917583,11.371072,5.2,Under way using engine
2026-09-13T04:49:10Z,219000811,54.838723,11.491825,0.0,Under way using engine
2026-09-13T04:49:19Z,219000809,54.916073,11.360457,0.3,Under way using engine
2026-09-13T04:49:24Z,219002177,54.917057,11.370453,4.5,Under way using engine
2026-09-13T04:49:40Z,219000811,54.838723,11.491832,0.0,Under way using engine
2026-09-13T04:49:52Z,219000809,54.916072,11.360220,1.0,Under way using engine
2026-09-13T04:49:54Z,219002177,54.916910,11.369335,4.9,Under way using engine
2026-09-13T04:50:10Z,219000811,54.838723,11.491837,0.0,Under way using engine
2026-09-13T04:50:24Z,219002177,54.916750,11.368120,5.3,Under way using engine
2026-09-13T04:50:25Z,219000809,54.916072,11.360080,0.3,Under way using engine
2026-09-13T04:50:40Z,219000811,54.838723,11.491837,0.0,Under way using engine
2026-09-13T04:50:54Z,219002177,54.916703,11.366858,5.2,Under way using engine
2026-09-13T04:50:55Z,219000809,54.916088,11.360047,0.0,Under way using engine
2026-09-13T04:51:10Z,219000811,54.838725,11.491835,0.0,Under way using engine
2026-09-13T04:51:24Z,219002177,54.916625,11.365638,5.1,Under way using engine
2026-09-13T04:51:25Z,219000809,54.916080,11.360042,0.0,Under way using engine
2026-09-13T04:51:40Z,219000811,54.838725,11.491833,0.0,Under way using engine
2026-09-13T04:51:54Z,219002177,54.916543,11.364422,5.0,Under way using engine
2026-09-13T04:51:55Z,219000809,54.916078,11.360048,0.0,Under way using engine
2026-09-13T04:52:20Z,219000811,54.838727,11.491830,0.0,Under way using engine
2026-09-13T04:52:25Z,219000809,54.916080,11.360042,0.0,Under way using engine
2026-09-13T04:52:25Z,219002177,54.916408,11.363205,4.9,Under way using engine
2026-09-13T04:52:55Z,219000809,54.916077,11.360042,0.0,Under way using engine
2026-09-13T04:52:59Z,219000811,54.838725,11.491832,0.0,Under way using engine
2026-09-13T04:53:05Z,219002177,54.916288,11.361905,3.1,Under way using engine
2026-09-13T04:53:25Z,219000809,54.916082,11.360043,0.0,Under way using engine
2026-09-13T04:53:40Z,219000811,54.838720,11.491830,0.0,Under way using engine
2026-09-13T04:53:44Z,219002177,54.916328,11.361342,1.2,Under way using engine
2026-09-13T04:53:55Z,219000809,54.916083,11.360035,0.0,Under way using engine
2026-09-13T04:54:20Z,219000811,54.838717,11.491827,0.0,Under way using engine
2026-09-13T04:54:25Z,219000809,54.916090,11.360035,0.0,Under way using engine
2026-09-13T04:54:25Z,219002177,54.916347,11.361098,0.7,Under way using engine
2026-09-13T04:54:55Z,219000809,54.916083,11.360045,0.0,Under way using engine
2026-09-13T04:54:59Z,219000811,54.838712,11.491827,0.0,Under way using engine
2026-09-13T04:55:03Z,219002177,54.916345,11.360953,0.4,Under way using engine
2026-09-13T04:55:25Z,219000809,54.916083,11.360055,0.0,Under way using engine
2026-09-13T04:55:33Z,219002177,54.916378,11.360883,0.3,Under way using engine
2026-09-13T04:55:40Z,219000811,54.838712,11.491825,0.0,Under way using engine
2026-09-13T04:55:55Z,219000809,54.916080,11.360037,0.0,Under way using engine
2026-09-13T04:56:04Z,219002177,54.916362,11.360807,0.5,Under way using engine
2026-09-13T04:56:20Z,219000811,54.838707,11.491832,0.0,Under way using engine
2026-09-13T04:56:25Z,219000809,54.916093,11.360032,0.0,Under way using engine
2026-09-13T04:56:45Z,219002177,54.916363,11.360620,0.3,Under way using engine
2026-09-13T04:56:55Z,219000809,54.916095,11.360043,0.0,Under way using engine
2026-09-13T04:56:59Z,219000811,54.838707,11.491832,0.0,Under way using engine
2026-09-13T04:57:25Z,219000809,54.916090,11.360083,0.5,Under way using engine
2026-09-13T04:57:25Z,219002177,54.916363,11.360527,0.0,Under way using engine
2026-09-13T04:57:40Z,219000811,54.838707,11.491830,0.0,Under way using engine
2026-09-13T04:57:55Z,219000809,54.916087,11.360772,4.7,Under way using engine
2026-09-13T04:58:03Z,219002177,54.916370,11.360528,0.0,Under way using engine
2026-09-13T04:58:25Z,219000809,54.916197,11.362453,7.4,Under way using engine
2026-09-13T04:58:28Z,219000811,54.838703,11.491828,0.0,Under way using engine
2026-09-13T04:58:34Z,219002177,54.916367,11.360530,0.0,Under way using engine
2026-09-13T04:58:55Z,219000809,54.916372,11.364287,8.1,Under way using engine
2026-09-13T04:59:00Z,219000811,54.838702,11.491830,0.0,Under way using engine
2026-09-13T04:59:13Z,219002177,54.916382,11.360510,0.0,Under way using engine
2026-09-13T04:59:25Z,219000809,54.916608,11.366313,8.5,Under way using engine
2026-09-13T04:59:30Z,219000811,54.838702,11.491833,0.0,Under way using engine
2026-09-13T04:59:44Z,219002177,54.916357,11.360530,0.0,Under way using engine
2026-09-13T04:59:55Z,219000809,54.916770,11.368308,8.7,Under way using engine
2026-09-13T05:00:00Z,219000811,54.838705,11.491837,0.0,Under way using engine
2026-09-13T05:00:14Z,219002177,54.916357,11.360538,0.0,Under way using engine
2026-09-13T05:00:25Z,219000809,54.916972,11.370455,8.7,Under way using engine
2026-09-13T05:00:30Z,219000811,54.838707,11.491840,0.0,Under way using engine
2026-09-13T05:00:44Z,219002177,54.916347,11.360537,0.0,Under way using engine
2026-09-13T05:00:55Z,219000809,54.916882,11.372397,8.2,Under way using engine
2026-09-13T05:01:00Z,219000811,54.838710,11.491843,0.0,Under way using engine
2026-09-13T05:01:14Z,219002177,54.916373,11.360518,0.0,Under way using engine
2026-09-13T05:01:25Z,219000809,54.916288,11.374055,8.0,Under way using engine
2026-09-13T05:01:30Z,219000811,54.838710,11.491848,0.0,Under way using engine
2026-09-13T05:01:44Z,219002177,54.916345,11.360518,0.0,Under way using engine
2026-09-13T05:01:55Z,219000809,54.915642,11.375567,8.2,Under way using engine
2026-09-13T05:02:00Z,219000811,54.838710,11.491847,0.0,Under way using engine
2026-09-13T05:02:14Z,219002177,54.916352,11.360518,0.0,Under way using engine
2026-09-13T05:02:25Z,219000809,54.914900,11.377222,8.3,Under way using engine
2026-09-13T05:02:30Z,219000811,54.838710,11.491847,0.0,Under way using engine
2026-09-13T05:02:44Z,219002177,54.916348,11.360532,0.0,Under way using engine
2026-09-13T05:02:55Z,219000809,54.914468,11.378212,8.2,Under way using engine
2026-09-13T05:03:00Z,219000811,54.838710,11.491845,0.0,Under way using engine
2026-09-13T05:03:14Z,219002177,54.916362,11.360528,0.0,Under way using engine
2026-09-13T05:03:25Z,219000809,54.913523,11.380358,8.2,Under way using engine
2026-09-13T05:03:30Z,219000811,54.838710,11.491847,0.0,Under way using engine
2026-09-13T05:03:44Z,219002177,54.916353,11.360530,0.0,Under way using engine
2026-09-13T05:03:56Z,219000809,54.912833,11.381910,8.2,Under way using engine
2026-09-13T05:04:10Z,219000811,54.838708,11.491843,0.0,Under way using engine
2026-09-13T05:04:14Z,219002177,54.916372,11.360503,0.0,Under way using engine
2026-09-13T05:04:35Z,219000809,54.911918,11.383910,8.2,Under way using engine
2026-09-13T05:04:44Z,219002177,54.916345,11.360500,0.0,Under way using engine
2026-09-13T05:04:49Z,219000811,54.838710,11.491835,0.0,Under way using engine
2026-09-13T05:05:05Z,219000809,54.911152,11.385487,8.2,Under way using engine
2026-09-13T05:05:14Z,219002177,54.916325,11.360532,0.1,Under way using engine
2026-09-13T05:05:30Z,219000811,54.838713,11.491828,0.0,Under way using engine
2026-09-13T05:05:35Z,219000809,54.910407,11.386938,8.2,Under way using engine
2026-09-13T05:05:44Z,219002177,54.916342,11.360537,0.2,Under way using engine
2026-09-13T05:06:05Z,219000809,54.909593,11.388358,8.1,Under way using engine
2026-09-13T05:06:10Z,219000811,54.838717,11.491830,0.0,Under way using engine
2026-09-13T05:06:14Z,219002177,54.916310,11.360848,1.8,Under way using engine
2026-09-13T05:06:36Z,219000809,54.908775,11.389813,8.3,Under way using engine
2026-09-13T05:06:44Z,219002177,54.916283,11.361480,3.2,Under way using engine
2026-09-13T05:06:49Z,219000811,54.838718,11.491827,0.0,Under way using engine
2026-09-13T05:07:14Z,219002177,54.916317,11.362423,4.1,Under way using engine
2026-09-13T05:07:15Z,219000809,54.907668,11.391692,8.3,Under way using engine
2026-09-13T05:07:19Z,219000811,54.838722,11.491833,0.0,Under way using engine
2026-09-13T05:07:44Z,219002177,54.916367,11.363533,4.8,Under way using engine
2026-09-13T05:07:45Z,219000809,54.906980,11.393283,8.2,Under way using engine
2026-09-13T05:07:49Z,219000811,54.838727,11.491825,0.0,Under way using engine
2026-09-13T05:08:15Z,219000809,54.906527,11.395102,8.3,Under way using engine
2026-09-13T05:08:19Z,219000811,54.838728,11.491825,0.0,Under way using engine
2026-09-13T05:08:24Z,219002177,54.916457,11.365130,5.4,Under way using engine
2026-09-13T05:08:45Z,219000809,54.906110,11.396985,8.4,Under way using engine
2026-09-13T05:08:49Z,219000811,54.838728,11.491820,0.0,Under way using engine
2026-09-13T05:09:04Z,219002177,54.916605,11.366905,5.8,Under way using engine
2026-09-13T05:09:15Z,219000809,54.905693,11.398895,8.5,Under way using engine
2026-09-13T05:09:19Z,219000811,54.838730,11.491815,0.0,Under way using engine
2026-09-13T05:09:34Z,219002177,54.916708,11.368378,6.0,Under way using engine
2026-09-13T05:09:45Z,219000809,54.905280,11.400813,8.5,Under way using engine
2026-09-13T05:09:49Z,219000811,54.838728,11.491813,0.0,Under way using engine
2026-09-13T05:10:04Z,219002177,54.916900,11.369722,6.0,Under way using engine
2026-09-13T05:10:15Z,219000809,54.904857,11.402730,8.5,Under way using engine
2026-09-13T05:10:28Z,219000811,54.838725,11.491817,0.0,Under way using engine
2026-09-13T05:10:34Z,219002177,54.917288,11.370923,5.3,Under way using engine
2026-09-13T05:10:45Z,219000809,54.904437,11.404657,8.6,Under way using engine
2026-09-13T05:10:59Z,219000811,54.838723,11.491817,0.0,Under way using engine
2026-09-13T05:11:04Z,219002177,54.917932,11.371220,5.0,Under way using engine
2026-09-13T05:11:15Z,219000809,54.904020,11.406573,8.6,Under way using engine
2026-09-13T05:11:34Z,219002177,54.918677,11.371215,5.5,Under way using engine
2026-09-13T05:11:39Z,219000811,54.838722,11.491820,0.0,Under way using engine
2026-09-13T05:11:45Z,219000809,54.903598,11.408505,8.6,Under way using engine
2026-09-13T05:12:04Z,219002177,54.919448,11.371295,5.8,Under way using engine
2026-09-13T05:12:10Z,219000811,54.838715,11.491822,0.0,Under way using engine
2026-09-13T05:12:15Z,219000809,54.903178,11.410450,8.6,Under way using engine
2026-09-13T05:12:34Z,219002177,54.920268,11.371172,5.9,Under way using engine
2026-09-13T05:12:45Z,219000809,54.902762,11.412408,8.7,Under way using engine
2026-09-13T05:12:49Z,219000811,54.838712,11.491822,0.0,Under way using engine
2026-09-13T05:13:05Z,219002177,54.921128,11.371203,6.2,Under way using engine
2026-09-13T05:13:15Z,219000809,54.902355,11.414372,8.7,Under way using engine
2026-09-13T05:13:28Z,219000811,54.838710,11.491827,0.0,Under way using engine
2026-09-13T05:13:44Z,219002177,54.922303,11.371103,6.4,Under way using engine
2026-09-13T05:13:45Z,219000809,54.901955,11.416318,8.6,Under way using engine
2026-09-13T05:13:59Z,219000811,54.838712,11.491833,0.0,Under way using engine
2026-09-13T05:14:24Z,219000809,54.901422,11.418850,8.6,Under way using engine
2026-09-13T05:14:24Z,219002177,54.923478,11.371053,6.6,Under way using engine
2026-09-13T05:14:39Z,219000811,54.838715,11.491837,0.0,Under way using engine
2026-09-13T05:14:55Z,219000809,54.901002,11.420852,8.6,Under way using engine
2026-09-13T05:14:55Z,219002177,54.924433,11.370988,6.7,Under way using engine
2026-09-13T05:15:10Z,219000811,54.838718,11.491840,0.0,Under way using engine
2026-09-13T05:15:34Z,219002177,54.925635,11.370980,6.7,Under way using engine
2026-09-13T05:15:35Z,219000809,54.900447,11.423425,8.6,Under way using engine
2026-09-13T05:15:50Z,219000811,54.838720,11.491838,0.0,Under way using engine
2026-09-13T05:16:05Z,219002177,54.926598,11.370917,6.7,Under way using engine
2026-09-13T05:16:14Z,219000809,54.899917,11.425953,8.6,Under way using engine
2026-09-13T05:16:20Z,219000811,54.838722,11.491840,0.0,Under way using engine
2026-09-13T05:16:42Z,219002177,54.927500,11.370928,6.7,Under way using engine
2026-09-13T05:16:45Z,219000809,54.899483,11.427957,8.6,Under way using engine
2026-09-13T05:16:50Z,219000811,54.838722,11.491837,0.0,Under way using engine
2026-09-13T05:17:14Z,219002177,54.928745,11.370872,6.7,Under way using engine
2026-09-13T05:17:20Z,219000811,54.838722,11.491833,0.0,Under way using engine
2026-09-13T05:17:35Z,219000809,54.898800,11.431205,8.7,Under way using engine
2026-09-13T05:17:45Z,219002177,54.929703,11.370840,6.7,Under way using engine
2026-09-13T05:17:50Z,219000811,54.838720,11.491833,0.0,Under way using engine
2026-09-13T05:18:08Z,219000809,54.898215,11.433227,8.6,Under way using engine
2026-09-13T05:18:15Z,219002177,54.930668,11.370783,6.7,Under way using engine
2026-09-13T05:18:20Z,219000811,54.838720,11.491833,0.0,Under way using engine
2026-09-13T05:18:42Z,219000809,54.897458,11.435148,8.6,Under way using engine
2026-09-13T05:18:45Z,219002177,54.931565,11.370762,6.7,Under way using engine
2026-09-13T05:18:50Z,219000811,54.838720,11.491832,0.0,Under way using engine
2026-09-13T05:19:14Z,219000809,54.896747,11.436983,8.5,Under way using engine
2026-09-13T05:19:15Z,219002177,54.932517,11.370755,6.6,Under way using engine
2026-09-13T05:19:20Z,219000811,54.838720,11.491828,0.0,Under way using engine
2026-09-13T05:19:45Z,219000809,54.896035,11.438680,8.5,Under way using engine
2026-09-13T05:19:45Z,219002177,54.933367,11.370775,6.2,Under way using engine
2026-09-13T05:19:50Z,219000811,54.838722,11.491823,0.0,Under way using engine
2026-09-13T05:20:15Z,219000809,54.895370,11.440295,8.4,Under way using engine
2026-09-13T05:20:15Z,219002177,54.934200,11.370933,5.8,Under way using engine
2026-09-13T05:20:20Z,219000811,54.838722,11.491822,0.0,Under way using engine
2026-09-13T05:20:45Z,219000809,54.894655,11.441933,8.3,Under way using engine
2026-09-13T05:20:45Z,219002177,54.934848,11.371123,4.4,Under way using engine
2026-09-13T05:20:50Z,219000811,54.838725,11.491822,0.0,Under way using engine
2026-09-13T05:21:15Z,219002177,54.935258,11.371390,2.6,Under way using engine
2026-09-13T05:21:20Z,219000811,54.838727,11.491825,0.0,Under way using engine
2026-09-13T05:21:25Z,219000809,54.893740,11.444045,8.4,Under way using engine
2026-09-13T05:21:54Z,219002177,54.935542,11.371632,1.3,Under way using engine
2026-09-13T05:21:58Z,219000811,54.838730,11.491825,0.0,Under way using engine
2026-09-13T05:22:04Z,219000809,54.892815,11.446227,8.4,Under way using engine
2026-09-13T05:22:25Z,219002177,54.935650,11.371692,0.7,Under way using engine
2026-09-13T05:22:30Z,219000811,54.838728,11.491825,0.0,Under way using engine
2026-09-13T05:22:34Z,219000809,54.892128,11.447855,8.4,Under way using engine
2026-09-13T05:23:04Z,219000809,54.891430,11.449518,8.6,Under way using engine
2026-09-13T05:23:04Z,219002177,54.935755,11.371723,0.5,Under way using engine
2026-09-13T05:23:10Z,219000811,54.838730,11.491822,0.0,Under way using engine
2026-09-13T05:23:34Z,219000809,54.890650,11.451085,8.6,Under way using engine
2026-09-13T05:23:35Z,219002177,54.935807,11.371782,0.6,Under way using engine
2026-09-13T05:23:49Z,219000811,54.838730,11.491820,0.0,Under way using engine
2026-09-13T05:24:04Z,219000809,54.889897,11.452705,8.6,Under way using engine
2026-09-13T05:24:15Z,219002177,54.935918,11.371897,0.7,Under way using engine
2026-09-13T05:24:19Z,219000811,54.838732,11.491820,0.0,Under way using engine
2026-09-13T05:24:34Z,219000809,54.889157,11.454240,8.3,Under way using engine
2026-09-13T05:24:49Z,219000811,54.838730,11.491820,0.0,Under way using engine
2026-09-13T05:24:54Z,219002177,54.935955,11.371938,0.3,Under way using engine
2026-09-13T05:25:04Z,219000809,54.888432,11.455758,8.1,Under way using engine
2026-09-13T05:25:19Z,219000811,54.838728,11.491820,0.0,Under way using engine
2026-09-13T05:25:25Z,219002177,54.935948,11.371935,0.0,Under way using engine
2026-09-13T05:25:35Z,219000809,54.887628,11.457148,8.1,Under way using engine
2026-09-13T05:25:50Z,219000811,54.838727,11.491820,0.0,Under way using engine
2026-09-13T05:26:05Z,219000809,54.886807,11.458573,8.2,Under way using engine
2026-09-13T05:26:05Z,219002177,54.935948,11.371957,0.0,Under way using engine
2026-09-13T05:26:30Z,219000811,54.838725,11.491822,0.0,Under way using engine
2026-09-13T05:26:35Z,219000809,54.886015,11.459910,8.2,Under way using engine
2026-09-13T05:26:44Z,219002177,54.935938,11.371968,0.0,Under way using engine
2026-09-13T05:27:05Z,219000809,54.885172,11.461348,8.2,Under way using engine
2026-09-13T05:27:10Z,219000811,54.838722,11.491823,0.0,Under way using engine
2026-09-13T05:27:15Z,219002177,54.935942,11.371963,0.0,Under way using engine
2026-09-13T05:27:35Z,219000809,54.884385,11.462643,8.2,Under way using engine
2026-09-13T05:27:45Z,219002177,54.935938,11.371958,0.0,Under way using engine
2026-09-13T05:27:50Z,219000811,54.838720,11.491823,0.0,Under way using engine
2026-09-13T05:28:05Z,219000809,54.883533,11.464093,8.3,Under way using engine
2026-09-13T05:28:15Z,219002177,54.935942,11.371958,0.0,Under way using engine
2026-09-13T05:28:30Z,219000811,54.838718,11.491822,0.0,Under way using engine
2026-09-13T05:28:35Z,219000809,54.882725,11.465403,8.3,Under way using engine
2026-09-13T05:28:45Z,219002177,54.935932,11.371943,0.0,Under way using engine
2026-09-13T05:29:05Z,219000809,54.882013,11.467035,8.3,Under way using engine
2026-09-13T05:29:08Z,219000811,54.838720,11.491827,0.0,Under way using engine
2026-09-13T05:29:15Z,219002177,54.935945,11.371947,0.0,Under way using engine
2026-09-13T05:29:35Z,219000809,54.881453,11.468702,8.4,Under way using engine
2026-09-13T05:29:39Z,219000811,54.838722,11.491827,0.0,Under way using engine
2026-09-13T05:29:45Z,219002177,54.935963,11.371945,0.0,Under way using engine
2026-09-13T05:30:05Z,219000809,54.880887,11.470565,8.4,Under way using engine
2026-09-13T05:30:15Z,219002177,54.935953,11.371950,0.0,Under way using engine
2026-09-13T05:30:19Z,219000811,54.838723,11.491825,0.0,Under way using engine
2026-09-13T05:30:35Z,219000809,54.880407,11.472292,8.4,Under way using engine
2026-09-13T05:30:45Z,219002177,54.935950,11.371935,0.2,Under way using engine
2026-09-13T05:30:50Z,219000811,54.838727,11.491822,0.0,Under way using engine
2026-09-13T05:31:05Z,219000809,54.879940,11.474108,7.5,Under way using engine
2026-09-13T05:31:15Z,219002177,54.935723,11.371803,2.5,Under way using engine
2026-09-13T05:31:30Z,219000811,54.838732,11.491822,0.0,Under way using engine
2026-09-13T05:31:35Z,219000809,54.879642,11.475627,6.9,Under way using engine
2026-09-13T05:31:45Z,219002177,54.935280,11.371423,3.9,Under way using engine
2026-09-13T05:32:08Z,219000811,54.838735,11.491825,0.0,Under way using engine
2026-09-13T05:32:14Z,219000809,54.879333,11.477710,6.6,Under way using engine
2026-09-13T05:32:15Z,219002177,54.934733,11.370928,4.6,Under way using engine
2026-09-13T05:32:40Z,219000811,54.838735,11.491823,0.0,Under way using engine
2026-09-13T05:32:45Z,219000809,54.879328,11.479333,6.5,Under way using engine
2026-09-13T05:32:45Z,219002177,54.934145,11.370432,4.7,Under way using engine
2026-09-13T05:33:15Z,219002177,54.933482,11.370340,4.9,Under way using engine
2026-09-13T05:33:19Z,219000809,54.879662,11.480953,6.5,Under way using engine
2026-09-13T05:33:20Z,219000811,54.838735,11.491822,0.0,Under way using engine
2026-09-13T05:33:45Z,219002177,54.932785,11.370232,5.2,Under way using engine
2026-09-13T05:33:52Z,219000809,54.880360,11.482232,6.6,Under way using engine
2026-09-13T05:34:00Z,219000811,54.838733,11.491825,0.0,Under way using engine
2026-09-13T05:34:15Z,219002177,54.932055,11.370072,5.3,Under way using engine
2026-09-13T05:34:22Z,219000809,54.881090,11.482998,6.0,Under way using engine
2026-09-13T05:34:30Z,219000811,54.838733,11.491827,0.0,Under way using engine
2026-09-13T05:34:52Z,219000809,54.881857,11.483350,5.5,Under way using engine
2026-09-13T05:34:54Z,219002177,54.931098,11.370037,5.3,Under way using engine
2026-09-13T05:35:00Z,219000811,54.838733,11.491827,0.0,Under way using engine
2026-09-13T05:35:22Z,219000809,54.882588,11.483395,5.4,Under way using engine
2026-09-13T05:35:30Z,219000811,54.838737,11.491828,0.0,Under way using engine
2026-09-13T05:35:34Z,219002177,54.930100,11.370085,5.4,Under way using engine
2026-09-13T05:35:54Z,219000809,54.883393,11.483338,5.0,Under way using engine
2026-09-13T05:36:00Z,219000811,54.838738,11.491830,0.0,Under way using engine
2026-09-13T05:36:15Z,219002177,54.929078,11.370070,5.4,Under way using engine
2026-09-13T05:36:25Z,219000809,54.883937,11.483220,3.0,Under way using engine
2026-09-13T05:36:30Z,219000811,54.838742,11.491832,0.0,Under way using engine
2026-09-13T05:36:54Z,219002177,54.928122,11.370167,5.4,Under way using engine
2026-09-13T05:36:55Z,219000809,54.884127,11.483225,0.9,Under way using engine
2026-09-13T05:37:00Z,219000811,54.838740,11.491830,0.0,Under way using engine
2026-09-13T05:37:25Z,219000809,54.884213,11.483265,0.3,Under way using engine
2026-09-13T05:37:30Z,219000811,54.838740,11.491828,0.0,Under way using engine
2026-09-13T05:37:34Z,219002177,54.927133,11.370237,5.4,Under way using engine
2026-09-13T05:37:56Z,219000809,54.884260,11.483243,0.6,Under way using engine
2026-09-13T05:38:00Z,219000811,54.838740,11.491825,0.0,Under way using engine
2026-09-13T05:38:14Z,219002177,54.926097,11.370308,5.4,Under way using engine
2026-09-13T05:38:30Z,219000811,54.838737,11.491822,0.0,Under way using engine
2026-09-13T05:38:35Z,219000809,54.884323,11.483213,0.1,Under way using engine
2026-09-13T05:38:44Z,219002177,54.925377,11.370342,5.4,Under way using engine
2026-09-13T05:39:00Z,219000811,54.838732,11.491820,0.0,Under way using engine
2026-09-13T05:39:06Z,219000809,54.884307,11.483198,0.0,Under way using engine
2026-09-13T05:39:14Z,219002177,54.924603,11.370422,5.4,Under way using engine
2026-09-13T05:39:30Z,219000811,54.838727,11.491817,0.0,Under way using engine
2026-09-13T05:39:44Z,219002177,54.923885,11.370467,5.4,Under way using engine
2026-09-13T05:39:45Z,219000809,54.884315,11.483205,0.0,Under way using engine
2026-09-13T05:40:00Z,219000811,54.838727,11.491817,0.0,Under way using engine
2026-09-13T05:40:14Z,219002177,54.923102,11.370620,5.4,Under way using engine
2026-09-13T05:40:15Z,219000809,54.884317,11.483222,0.0,Under way using engine
2026-09-13T05:40:30Z,219000811,54.838727,11.491818,0.0,Under way using engine
2026-09-13T05:40:44Z,219002177,54.922393,11.370752,5.4,Under way using engine
2026-09-13T05:40:45Z,219000809,54.884323,11.483213,0.0,Under way using engine
2026-09-13T05:41:09Z,219000811,54.838727,11.491823,0.0,Under way using engine
2026-09-13T05:41:14Z,219002177,54.921627,11.370855,5.4,Under way using engine
2026-09-13T05:41:15Z,219000809,54.884330,11.483218,0.0,Under way using engine
2026-09-13T05:41:39Z,219000811,54.838727,11.491825,0.0,Under way using engine
2026-09-13T05:41:44Z,219002177,54.920925,11.370990,5.4,Under way using engine
2026-09-13T05:41:45Z,219000809,54.884320,11.483213,0.0,Under way using engine
2026-09-13T05:42:09Z,219000811,54.838728,11.491825,0.0,Under way using engine
2026-09-13T05:42:14Z,219002177,54.920173,11.371120,5.3,Under way using engine
2026-09-13T05:42:15Z,219000809,54.884318,11.483212,0.0,Under way using engine
2026-09-13T05:42:39Z,219000811,54.838728,11.491823,0.0,Under way using engine
2026-09-13T05:42:44Z,219002177,54.919468,11.371198,5.3,Under way using engine
2026-09-13T05:42:45Z,219000809,54.884303,11.483215,0.0,Under way using engine
2026-09-13T05:43:09Z,219000811,54.838730,11.491825,0.0,Under way using engine
2026-09-13T05:43:15Z,219000809,54.884308,11.483215,0.0,Under way using engine
2026-09-13T05:43:24Z,219002177,54.918465,11.371315,5.3,Under way using engine
2026-09-13T05:43:39Z,219000811,54.838728,11.491827,0.0,Under way using engine
2026-09-13T05:43:45Z,219000809,54.884320,11.483205,0.0,Under way using engine
2026-09-13T05:43:55Z,219002177,54.917737,11.371182,5.2,Under way using engine
2026-09-13T05:44:09Z,219000811,54.838727,11.491827,0.0,Under way using engine
2026-09-13T05:44:15Z,219000809,54.884328,11.483218,0.0,Under way using engine
2026-09-13T05:44:33Z,219002177,54.916983,11.370378,4.6,Under way using engine
2026-09-13T05:44:39Z,219000811,54.838728,11.491827,0.0,Under way using engine
2026-09-13T05:44:45Z,219000809,54.884348,11.483203,0.0,Under way using engine
2026-09-13T05:45:04Z,219002177,54.916885,11.369268,4.8,Under way using engine
2026-09-13T05:45:09Z,219000811,54.838727,11.491827,0.0,Under way using engine
2026-09-13T05:45:15Z,219000809,54.884357,11.483200,0.0,Under way using engine
2026-09-13T05:45:39Z,219000811,54.838727,11.491827,0.0,Under way using engine
2026-09-13T05:45:44Z,219002177,54.916720,11.367688,5.1,Under way using engine
2026-09-13T05:45:45Z,219000809,54.884347,11.483203,0.0,Under way using engine
2026-09-13T05:46:09Z,219000811,54.838725,11.491830,0.0,Under way using engine
2026-09-13T05:46:25Z,219000809,54.884347,11.483203,0.0,Under way using engine
2026-09-13T05:46:25Z,219002177,54.916573,11.366087,4.8,Under way using engine
2026-09-13T05:46:39Z,219000811,54.838723,11.491830,0.0,Under way using engine
2026-09-13T05:46:55Z,219000809,54.884348,11.483212,0.0,Under way using engine
2026-09-13T05:46:55Z,219002177,54.916465,11.364913,4.7,Under way using engine
2026-09-13T05:47:09Z,219000811,54.838722,11.491830,0.0,Under way using engine
2026-09-13T05:47:25Z,219000809,54.884342,11.483215,0.0,Under way using engine
2026-09-13T05:47:25Z,219002177,54.916378,11.363808,4.8,Under way using engine
2026-09-13T05:47:39Z,219000811,54.838720,11.491832,0.0,Under way using engine
2026-09-13T05:47:55Z,219000809,54.884327,11.483208,0.0,Under way using engine
2026-09-13T05:47:55Z,219002177,54.916307,11.362638,4.6,Under way using engine
2026-09-13T05:48:09Z,219000811,54.838722,11.491830,0.0,Under way using engine
2026-09-13T05:48:25Z,219000809,54.884303,11.483220,0.0,Under way using engine
2026-09-13T05:48:33Z,219002177,54.916322,11.361673,2.3,Under way using engine
2026-09-13T05:48:39Z,219000811,54.838725,11.491828,0.0,Under way using engine
2026-09-13T05:48:55Z,219000809,54.884310,11.483212,0.0,Under way using engine
2026-09-13T05:49:04Z,219002177,54.916343,11.361312,1.2,Under way using engine
2026-09-13T05:49:09Z,219000811,54.838728,11.491830,0.0,Under way using engine
2026-09-13T05:49:25Z,219000809,54.884330,11.483198,0.0,Under way using engine
2026-09-13T05:49:39Z,219000811,54.838732,11.491833,0.0,Under way using engine
2026-09-13T05:49:43Z,219002177,54.916372,11.361052,0.7,Under way using engine
2026-09-13T05:49:55Z,219000809,54.884335,11.483205,0.0,Under way using engine
2026-09-13T05:50:09Z,219000811,54.838732,11.491833,0.0,Under way using engine
2026-09-13T05:50:14Z,219002177,54.916385,11.360942,0.4,Under way using engine
2026-09-13T05:50:25Z,219000809,54.884348,11.483212,0.0,Under way using engine
2026-09-13T05:50:39Z,219000811,54.838730,11.491830,0.0,Under way using engine
2026-09-13T05:50:55Z,219000809,54.884357,11.483215,0.0,Under way using engine
2026-09-13T05:50:55Z,219002177,54.916382,11.360808,0.5,Under way using engine
2026-09-13T05:51:09Z,219000811,54.838730,11.491828,0.0,Under way using engine
2026-09-13T05:51:25Z,219000809,54.884373,11.483220,0.0,Under way using engine
2026-09-13T05:51:33Z,219002177,54.916378,11.360653,0.5,Under way using engine
2026-09-13T05:51:40Z,219000811,54.838730,11.491825,0.0,Under way using engine
2026-09-13T05:51:55Z,219000809,54.884357,11.483213,0.0,Under way using engine
2026-09-13T05:52:04Z,219002177,54.916377,11.360545,0.4,Under way using engine
2026-09-13T05:52:19Z,219000811,54.838728,11.491823,0.0,Under way using engine
2026-09-13T05:52:25Z,219000809,54.884347,11.483202,0.0,Under way using engine
2026-09-13T05:52:43Z,219002177,54.916375,11.360532,0.0,Under way using engine
2026-09-13T05:52:50Z,219000811,54.838728,11.491825,0.0,Under way using engine
2026-09-13T05:52:55Z,219000809,54.884345,11.483193,0.0,Under way using engine
2026-09-13T05:53:14Z,219002177,54.916382,11.360522,0.0,Under way using engine
2026-09-13T05:53:20Z,219000811,54.838723,11.491823,0.0,Under way using engine
2026-09-13T05:53:25Z,219000809,54.884337,11.483200,0.0,Under way using engine
2026-09-13T05:53:55Z,219000809,54.884320,11.483198,0.0,Under way using engine
2026-09-13T05:53:55Z,219002177,54.916380,11.360513,0.0,Under way using engine
2026-09-13T05:54:00Z,219000811,54.838722,11.491820,0.0,Under way using engine
2026-09-13T05:54:25Z,219000809,54.884320,11.483212,0.0,Under way using engine
2026-09-13T05:54:33Z,219002177,54.916380,11.360525,0.0,Under way using engine
2026-09-13T05:54:40Z,219000811,54.838722,11.491818,0.0,Under way using engine
2026-09-13T05:54:55Z,219000809,54.884333,11.483208,0.0,Under way using engine
2026-09-13T05:55:05Z,219002177,54.916367,11.360513,0.0,Under way using engine
2026-09-13T05:55:10Z,219000811,54.838725,11.491820,0.0,Under way using engine
2026-09-13T05:55:25Z,219000809,54.884337,11.483210,0.0,Under way using engine
2026-09-13T05:55:40Z,219000811,54.838725,11.491822,0.0,Under way using engine
2026-09-13T05:55:43Z,219002177,54.916370,11.360503,0.0,Under way using engine
2026-09-13T05:55:55Z,219000809,54.884353,11.483212,0.0,Under way using engine
2026-09-13T05:56:10Z,219000811,54.838722,11.491822,0.0,Under way using engine
2026-09-13T05:56:14Z,219002177,54.916382,11.360515,0.0,Under way using engine
2026-09-13T05:56:25Z,219000809,54.884333,11.483202,0.0,Under way using engine
2026-09-13T05:56:40Z,219000811,54.838722,11.491820,0.0,Under way using engine
2026-09-13T05:56:53Z,219002177,54.916375,11.360517,0.0,Under way using engine
2026-09-13T05:56:55Z,219000809,54.884347,11.483207,0.1,Under way using engine
2026-09-13T05:57:10Z,219000811,54.838722,11.491822,0.0,Under way using engine
2026-09-13T05:57:24Z,219002177,54.916377,11.360530,0.0,Under way using engine
2026-09-13T05:57:25Z,219000809,54.884208,11.483243,1.5,Under way using engine
2026-09-13T05:57:40Z,219000811,54.838720,11.491823,0.0,Under way using engine
2026-09-13T05:57:55Z,219000809,54.883795,11.483428,3.7,Under way using engine
2026-09-13T05:58:05Z,219002177,54.916380,11.360527,0.0,Under way using engine
2026-09-13T05:58:10Z,219000811,54.838720,11.491825,0.0,Under way using engine
2026-09-13T05:58:25Z,219000809,54.883245,11.483930,4.2,Under way using engine
2026-09-13T05:58:40Z,219000811,54.838720,11.491822,0.0,Under way using engine
2026-09-13T05:58:43Z,219002177,54.916380,11.360518,0.0,Under way using engine
2026-09-13T05:58:55Z,219000809,54.882955,11.484158,1.4,Under way using engine
2026-09-13T05:59:14Z,219002177,54.916390,11.360520,0.0,Under way using engine
2026-09-13T05:59:18Z,219000811,54.838720,11.491820,0.0,Under way using engine
2026-09-13T05:59:26Z,219000809,54.882875,11.483863,2.6,Under way using engine
2026-09-13T05:59:44Z,219002177,54.916380,11.360540,0.0,Under way using engine
2026-09-13T05:59:49Z,219000811,54.838718,11.491822,0.0,Under way using engine
2026-09-13T05:59:58Z,219000809,54.882453,11.482617,6.6,Under way using engine
2026-09-13T06:00:15Z,219002177,54.916375,11.360560,0.0,Under way using engine
2026-09-13T06:00:24Z,219000811,54.838717,11.491822,0.0,Under way using engine
2026-09-13T06:00:35Z,219000809,54.881767,11.480728,7.8,Under way using engine
2026-09-13T06:00:53Z,219002177,54.916373,11.360552,0.0,Under way using engine
2026-09-13T06:01:00Z,219000811,54.838713,11.491823,0.0,Under way using engine
2026-09-13T06:01:06Z,219000809,54.881138,11.479158,8.0,Under way using engine
2026-09-13T06:01:25Z,219002177,54.916378,11.360590,0.3,Under way using engine
2026-09-13T06:01:30Z,219000811,54.838712,11.491825,0.0,Under way using engine
2026-09-13T06:01:42Z,219000809,54.880390,11.477167,8.1,Under way using engine
2026-09-13T06:02:00Z,219000811,54.838713,11.491828,0.0,Under way using engine
2026-09-13T06:02:05Z,219002177,54.916328,11.361053,2.2,Under way using engine
2026-09-13T06:02:12Z,219000809,54.880455,11.475210,8.1,Under way using engine
2026-09-13T06:02:30Z,219000811,54.838712,11.491832,0.0,Under way using engine
2026-09-13T06:02:42Z,219000809,54.880692,11.473328,8.4,Under way using engine
2026-09-13T06:02:44Z,219002177,54.916338,11.362082,3.9,Under way using engine
2026-09-13T06:03:00Z,219000811,54.838713,11.491835,0.0,Under way using engine
2026-09-13T06:03:12Z,219000809,54.881107,11.471430,8.6,Under way using engine
2026-09-13T06:03:15Z,219002177,54.916357,11.363133,4.6,Under way using engine
2026-09-13T06:03:30Z,219000811,54.838717,11.491837,0.0,Under way using engine
2026-09-13T06:03:44Z,219000809,54.881627,11.469317,8.7,Under way using engine
2026-09-13T06:03:53Z,219002177,54.916448,11.364685,5.2,Under way using engine
2026-09-13T06:04:00Z,219000811,54.838718,11.491835,0.0,Under way using engine
2026-09-13T06:04:15Z,219000809,54.882097,11.467290,8.8,Under way using engine
2026-09-13T06:04:25Z,219002177,54.916490,11.366040,5.5,Under way using engine
2026-09-13T06:04:40Z,219000811,54.838723,11.491833,0.0,Under way using engine
2026-09-13T06:04:56Z,219000809,54.882813,11.464727,8.8,Under way using engine
2026-09-13T06:05:05Z,219002177,54.916642,11.367850,5.8,Under way using engine
2026-09-13T06:05:10Z,219000811,54.838722,11.491830,0.0,Under way using engine
2026-09-13T06:05:26Z,219000809,54.883692,11.463230,9.0,Under way using engine
2026-09-13T06:05:40Z,219000811,54.838720,11.491830,0.0,Under way using engine
2026-09-13T06:05:44Z,219002177,54.916857,11.369647,5.9,Under way using engine
2026-09-13T06:05:56Z,219000809,54.884665,11.461843,9.1,Under way using engine
2026-09-13T06:06:10Z,219000811,54.838717,11.491833,0.0,Under way using engine
2026-09-13T06:06:15Z,219002177,54.917168,11.370825,5.2,Under way using engine
2026-09-13T06:06:26Z,219000809,54.885635,11.460433,9.2,Under way using engine
2026-09-13T06:06:48Z,219000811,54.838718,11.491837,0.0,Under way using engine
2026-09-13T06:06:53Z,219002177,54.918018,11.371158,5.1,Under way using engine
2026-09-13T06:06:56Z,219000809,54.886623,11.459040,9.2,Under way using engine
2026-09-13T06:07:19Z,219000811,54.838718,11.491833,0.0,Under way using engine
2026-09-13T06:07:25Z,219002177,54.918792,11.371242,5.6,Under way using engine
2026-09-13T06:07:26Z,219000809,54.887522,11.457487,9.2,Under way using engine
2026-09-13T06:08:00Z,219000811,54.838713,11.491830,0.0,Under way using engine
2026-09-13T06:08:04Z,219002177,54.919865,11.371375,6.0,Under way using engine
2026-09-13T06:08:06Z,219000809,54.888700,11.455255,9.2,Under way using engine
2026-09-13T06:08:36Z,219000809,54.889488,11.453625,9.2,Under way using engine
2026-09-13T06:08:39Z,219000811,54.838708,11.491823,0.0,Under way using engine
2026-09-13T06:08:45Z,219002177,54.921025,11.371508,6.4,Under way using engine
2026-09-13T06:09:06Z,219000809,54.890325,11.451883,9.0,Under way using engine
2026-09-13T06:09:10Z,219000811,54.838708,11.491820,0.0,Under way using engine
2026-09-13T06:09:33Z,219002177,54.922507,11.371658,6.7,Under way using engine
2026-09-13T06:09:36Z,219000809,54.891052,11.450278,8.7,Under way using engine
2026-09-13T06:09:48Z,219000811,54.838712,11.491813,0.0,Under way using engine
2026-09-13T06:10:04Z,219002177,54.923458,11.371693,6.8,Under way using engine
2026-09-13T06:10:06Z,219000809,54.891805,11.448670,8.6,Under way using engine
2026-09-13T06:10:19Z,219000811,54.838715,11.491812,0.0,Under way using engine
2026-09-13T06:10:36Z,219000809,54.892555,11.447023,8.7,Under way using engine
2026-09-13T06:10:44Z,219002177,54.924360,11.371732,6.9,Under way using engine
2026-09-13T06:11:00Z,219000811,54.838713,11.491810,0.0,Under way using engine
2026-09-13T06:11:06Z,219000809,54.893325,11.445385,8.9,Under way using engine
2026-09-13T06:11:14Z,219002177,54.925672,11.371785,6.9,Under way using engine
2026-09-13T06:11:30Z,219000811,54.838712,11.491810,0.0,Under way using engine
2026-09-13T06:11:36Z,219000809,54.894093,11.443707,9.0,Under way using engine
2026-09-13T06:11:44Z,219002177,54.926637,11.371823,7.0,Under way using engine
2026-09-13T06:12:00Z,219000811,54.838710,11.491810,0.0,Under way using engine
2026-09-13T06:12:06Z,219000809,54.894852,11.441995,9.0,Under way using engine
2026-09-13T06:12:14Z,219002177,54.927588,11.371837,7.0,Under way using engine
2026-09-13T06:12:30Z,219000811,54.838708,11.491812,0.0,Under way using engine
2026-09-13T06:12:36Z,219000809,54.895617,11.440208,9.0,Under way using engine
2026-09-13T06:12:44Z,219002177,54.928518,11.371805,7.1,Under way using engine
2026-09-13T06:13:00Z,219000811,54.838708,11.491813,0.0,Under way using engine
2026-09-13T06:13:06Z,219000809,54.896338,11.438552,8.9,Under way using engine
2026-09-13T06:13:14Z,219002177,54.929517,11.371817,7.0,Under way using engine
2026-09-13T06:13:30Z,219000811,54.838707,11.491813,0.0,Under way using engine
2026-09-13T06:13:36Z,219000809,54.897087,11.436755,9.0,Under way using engine
2026-09-13T06:13:44Z,219002177,54.930470,11.371827,7.0,Under way using engine
2026-09-13T06:14:00Z,219000811,54.838705,11.491815,0.0,Under way using engine
2026-09-13T06:14:06Z,219000809,54.897817,11.435073,9.0,Under way using engine
2026-09-13T06:14:14Z,219002177,54.931442,11.371757,6.9,Under way using engine
2026-09-13T06:14:30Z,219000811,54.838708,11.491818,0.0,Under way using engine
2026-09-13T06:14:36Z,219000809,54.898545,11.433227,8.9,Under way using engine
2026-09-13T06:14:44Z,219002177,54.932393,11.371678,6.9,Under way using engine
2026-09-13T06:15:00Z,219000811,54.838713,11.491822,0.0,Under way using engine
2026-09-13T06:15:06Z,219000809,54.899132,11.431443,8.8,Under way using engine
2026-09-13T06:15:14Z,219002177,54.933350,11.371620,6.7,Under way using engine
2026-09-13T06:15:30Z,219000811,54.838715,11.491820,0.0,Under way using engine
2026-09-13T06:15:36Z,219000809,54.899735,11.429533,8.8,Under way using engine
2026-09-13T06:15:44Z,219002177,54.934227,11.371512,6.1,Under way using engine
2026-09-13T06:16:00Z,219000811,54.838717,11.491820,0.0,Under way using engine
2026-09-13T06:16:06Z,219000809,54.900185,11.427580,8.7,Under way using engine
2026-09-13T06:16:14Z,219002177,54.934952,11.371493,4.8,Under way using engine
2026-09-13T06:16:30Z,219000811,54.838713,11.491813,0.0,Under way using engine
2026-09-13T06:16:36Z,219000809,54.900588,11.425620,8.7,Under way using engine
2026-09-13T06:16:44Z,219002177,54.935288,11.371555,3.4,Under way using engine
2026-09-13T06:17:00Z,219000811,54.838713,11.491812,0.0,Under way using engine
2026-09-13T06:17:06Z,219000809,54.900988,11.423662,8.7,Under way using engine
2026-09-13T06:17:14Z,219002177,54.935637,11.371737,1.4,Under way using engine
2026-09-13T06:17:30Z,219000811,54.838712,11.491810,0.0,Under way using engine
2026-09-13T06:17:36Z,219000809,54.901390,11.421692,8.7,Under way using engine
2026-09-13T06:17:44Z,219002177,54.935767,11.371840,0.8,Under way using engine
2026-09-13T06:18:06Z,219000809,54.901777,11.419717,8.7,Under way using engine
2026-09-13T06:18:10Z,219000811,54.838715,11.491810,0.0,Under way using engine
2026-09-13T06:18:14Z,219002177,54.935852,11.371867,0.5,Under way using engine
2026-09-13T06:18:36Z,219000809,54.902163,11.417827,8.6,Under way using engine
2026-09-13T06:18:44Z,219002177,54.935905,11.371898,0.4,Under way using engine
2026-09-13T06:18:49Z,219000811,54.838713,11.491813,0.0,Under way using engine
2026-09-13T06:19:06Z,219000809,54.902573,11.415778,8.7,Under way using engine
2026-09-13T06:19:14Z,219002177,54.935957,11.371957,0.5,Under way using engine
2026-09-13T06:19:19Z,219000811,54.838712,11.491813,0.0,Under way using engine
2026-09-13T06:19:36Z,219000809,54.902955,11.413867,8.7,Under way using engine
2026-09-13T06:19:44Z,219002177,54.935972,11.371972,0.0,Under way using engine
2026-09-13T06:19:49Z,219000811,54.838708,11.491810,0.0,Under way using engine
2026-09-13T06:20:06Z,219000809,54.903360,11.411807,8.7,Under way using engine
2026-09-13T06:20:14Z,219002177,54.935975,11.371978,0.0,Under way using engine
2026-09-13T06:20:19Z,219000811,54.838707,11.491812,0.0,Under way using engine
2026-09-13T06:20:36Z,219000809,54.903730,11.409888,8.7,Under way using engine
2026-09-13T06:20:44Z,219002177,54.935982,11.371968,0.0,Under way using engine
2026-09-13T06:20:49Z,219000811,54.838707,11.491813,0.0,Under way using engine
2026-09-13T06:21:06Z,219000809,54.904135,11.407868,8.6,Under way using engine
2026-09-13T06:21:14Z,219002177,54.935977,11.371980,0.0,Under way using engine
2026-09-13T06:21:19Z,219000811,54.838705,11.491813,0.0,Under way using engine
2026-09-13T06:21:36Z,219000809,54.904523,11.405963,8.6,Under way using engine
2026-09-13T06:21:44Z,219002177,54.935968,11.371980,0.0,Under way using engine
2026-09-13T06:21:49Z,219000811,54.838703,11.491812,0.0,Under way using engine
2026-09-13T06:22:06Z,219000809,54.904927,11.403937,8.6,Under way using engine
2026-09-13T06:22:14Z,219002177,54.935967,11.371972,0.0,Under way using engine
2026-09-13T06:22:19Z,219000811,54.838700,11.491810,0.0,Under way using engine
2026-09-13T06:22:36Z,219000809,54.905308,11.402040,8.7,Under way using engine
2026-09-13T06:22:44Z,219002177,54.935962,11.371948,0.0,Under way using engine
2026-09-13T06:22:49Z,219000811,54.838700,11.491808,0.0,Under way using engine
2026-09-13T06:23:06Z,219000809,54.905723,11.399983,8.7,Under way using engine
2026-09-13T06:23:14Z,219002177,54.935963,11.371955,0.0,Under way using engine
2026-09-13T06:23:19Z,219000811,54.838702,11.491808,0.0,Under way using engine
2026-09-13T06:23:36Z,219000809,54.906097,11.398070,8.8,Under way using engine
2026-09-13T06:23:44Z,219002177,54.935972,11.371988,0.0,Under way using engine
2026-09-13T06:23:49Z,219000811,54.838705,11.491810,0.0,Under way using engine
2026-09-13T06:24:06Z,219000809,54.906473,11.395985,8.7,Under way using engine
2026-09-13T06:24:14Z,219002177,54.935970,11.371990,0.0,Under way using engine
2026-09-13T06:24:19Z,219000811,54.838708,11.491810,0.0,Under way using engine
2026-09-13T06:24:36Z,219000809,54.906903,11.394078,8.6,Under way using engine
2026-09-13T06:24:44Z,219002177,54.935975,11.371993,0.0,Under way using engine
2026-09-13T06:24:49Z,219000811,54.838708,11.491812,0.0,Under way using engine
2026-09-13T06:25:06Z,219000809,54.907658,11.392392,8.7,Under way using engine
2026-09-13T06:25:14Z,219002177,54.935975,11.371988,0.0,Under way using engine
2026-09-13T06:25:20Z,219000811,54.838708,11.491810,0.0,Under way using engine
2026-09-13T06:25:36Z,219000809,54.908403,11.390822,8.8,Under way using engine
2026-09-13T06:25:44Z,219002177,54.935977,11.371997,0.0,Under way using engine
2026-09-13T06:25:59Z,219000811,54.838708,11.491810,0.0,Under way using engine
2026-09-13T06:26:06Z,219000809,54.909215,11.389137,8.8,Under way using engine
2026-09-13T06:26:14Z,219002177,54.935973,11.371973,0.0,Under way using engine
2026-09-13T06:26:29Z,219000811,54.838707,11.491808,0.0,Under way using engine
2026-09-13T06:26:44Z,219002177,54.935972,11.371967,0.0,Under way using engine
2026-09-13T06:26:45Z,219000809,54.910233,11.387033,8.8,Under way using engine
2026-09-13T06:26:59Z,219000811,54.838707,11.491810,0.0,Under way using engine
2026-09-13T06:27:14Z,219002177,54.935962,11.371970,0.0,Under way using engine
2026-09-13T06:27:16Z,219000809,54.911065,11.385478,8.9,Under way using engine
2026-09-13T06:27:29Z,219000811,54.838705,11.491813,0.0,Under way using engine
2026-09-13T06:27:44Z,219002177,54.935968,11.372005,0.0,Under way using engine
2026-09-13T06:27:55Z,219000809,54.912167,11.383382,8.8,Under way using engine
2026-09-13T06:27:59Z,219000811,54.838705,11.491818,0.0,Under way using engine
2026-09-13T06:28:14Z,219002177,54.935972,11.371982,0.0,Under way using engine
2026-09-13T06:28:25Z,219000809,54.913000,11.381828,8.8,Under way using engine
2026-09-13T06:28:29Z,219000811,54.838702,11.491818,0.0,Under way using engine
2026-09-13T06:28:44Z,219002177,54.935973,11.372003,0.0,Under way using engine
2026-09-13T06:28:55Z,219000809,54.913833,11.380292,8.8,Under way using engine
2026-09-13T06:28:59Z,219000811,54.838702,11.491825,0.0,Under way using engine
2026-09-13T06:29:25Z,219000809,54.914662,11.378740,8.8,Under way using engine
2026-09-13T06:29:25Z,219002177,54.935975,11.371990,0.0,Under way using engine
2026-09-13T06:29:29Z,219000811,54.838702,11.491825,0.0,Under way using engine
2026-09-13T06:29:55Z,219000809,54.915505,11.377197,8.8,Under way using engine
2026-09-13T06:29:59Z,219000811,54.838703,11.491825,0.0,Under way using engine
2026-09-13T06:30:04Z,219002177,54.935977,11.371990,0.0,Under way using engine
2026-09-13T06:30:26Z,219000809,54.916252,11.375550,8.7,Under way using engine
2026-09-13T06:30:29Z,219000811,54.838700,11.491820,0.0,Under way using engine
2026-09-13T06:30:35Z,219002177,54.935967,11.371987,0.0,Under way using engine
2026-09-13T06:30:59Z,219000809,54.916767,11.373478,8.5,Under way using engine
2026-09-13T06:31:00Z,219000811,54.838705,11.491822,0.0,Under way using engine
2026-09-13T06:31:13Z,219002177,54.935910,11.371955,0.9,Under way using engine
2026-09-13T06:31:32Z,219000809,54.916855,11.371192,8.5,Under way using engine
2026-09-13T06:31:39Z,219000811,54.838705,11.491818,0.0,Under way using engine
2026-09-13T06:31:44Z,219002177,54.935615,11.371733,3.0,Under way using engine
2026-09-13T06:32:06Z,219000809,54.916738,11.368940,8.5,Under way using engine
2026-09-13T06:32:09Z,219000811,54.838707,11.491817,0.0,Under way using engine
2026-09-13T06:32:25Z,219002177,54.934882,11.371083,4.9,Under way using engine
2026-09-13T06:32:39Z,219000811,54.838705,11.491817,0.0,Under way using engine
2026-09-13T06:32:55Z,219000809,54.916468,11.365687,7.5,Under way using engine
2026-09-13T06:33:03Z,219002177,54.934018,11.370667,5.3,Under way using engine
2026-09-13T06:33:10Z,219000811,54.838707,11.491818,0.0,Under way using engine
2026-09-13T06:33:26Z,219000809,54.916365,11.364062,6.5,Under way using engine
2026-09-13T06:33:35Z,219002177,54.933198,11.370632,5.8,Under way using engine
2026-09-13T06:33:50Z,219000811,54.838707,11.491823,0.0,Under way using engine
2026-09-13T06:34:06Z,219000809,54.916245,11.362202,5.5,Under way using engine
2026-09-13T06:34:13Z,219002177,54.932117,11.370522,6.1,Under way using engine
2026-09-13T06:34:29Z,219000811,54.838703,11.491827,0.0,Under way using engine
2026-09-13T06:34:42Z,219000809,54.916085,11.360762,4.3,Under way using engine
2026-09-13T06:34:45Z,219002177,54.931225,11.370470,6.3,Under way using engine
2026-09-13T06:35:00Z,219000811,54.838702,11.491832,0.0,Under way using engine
2026-09-13T06:35:14Z,219000809,54.915940,11.360540,0.2,Under way using engine
2026-09-13T06:35:25Z,219002177,54.930063,11.370407,6.3,Under way using engine
2026-09-13T06:35:40Z,219000811,54.838700,11.491832,0.0,Under way using engine
2026-09-13T06:35:44Z,219000809,54.916018,11.360495,0.5,Under way using engine
2026-09-13T06:36:03Z,219002177,54.928923,11.370348,6.3,Under way using engine
2026-09-13T06:36:10Z,219000811,54.838702,11.491830,0.0,Under way using engine
2026-09-13T06:36:14Z,219000809,54.916062,11.360425,0.3,Under way using engine
2026-09-13T06:36:34Z,219002177,54.928042,11.370347,6.4,Under way using engine
2026-09-13T06:36:40Z,219000811,54.838703,11.491828,0.0,Under way using engine
2026-09-13T06:36:44Z,219000809,54.916063,11.360292,0.8,Under way using engine
2026-09-13T06:37:10Z,219000811,54.838707,11.491827,0.0,Under way using engine
2026-09-13T06:37:14Z,219000809,54.916063,11.360148,0.4,Under way using engine
2026-09-13T06:37:15Z,219002177,54.926928,11.370422,5.5,Under way using engine
2026-09-13T06:37:40Z,219000811,54.838708,11.491828,0.0,Under way using engine
2026-09-13T06:37:44Z,219000809,54.916080,11.360073,0.3,Under way using engine
2026-09-13T06:37:54Z,219002177,54.925998,11.370485,5.1,Under way using engine
2026-09-13T06:38:10Z,219000811,54.838707,11.491832,0.0,Under way using engine
2026-09-13T06:38:16Z,219000809,54.916080,11.360067,0.1,Under way using engine
2026-09-13T06:38:25Z,219002177,54.925253,11.370580,5.3,Under way using engine
2026-09-13T06:38:40Z,219000811,54.838705,11.491833,0.0,Under way using engine
2026-09-13T06:38:54Z,219000809,54.916075,11.360048,0.0,Under way using engine
2026-09-13T06:39:05Z,219002177,54.924270,11.370703,5.4,Under way using engine
2026-09-13T06:39:10Z,219000811,54.838705,11.491835,0.0,Under way using engine
2026-09-13T06:39:25Z,219000809,54.916078,11.360068,0.0,Under way using engine
2026-09-13T06:39:40Z,219000811,54.838707,11.491830,0.0,Under way using engine
2026-09-13T06:39:44Z,219002177,54.923258,11.370853,5.5,Under way using engine
2026-09-13T06:40:05Z,219000809,54.916092,11.360055,0.0,Under way using engine
2026-09-13T06:40:10Z,219000811,54.838708,11.491828,0.0,Under way using engine
2026-09-13T06:40:15Z,219002177,54.922513,11.371013,5.5,Under way using engine
2026-09-13T06:40:35Z,219000809,54.916088,11.360058,0.0,Under way using engine
2026-09-13T06:40:40Z,219000811,54.838708,11.491823,0.0,Under way using engine
2026-09-13T06:40:45Z,219002177,54.921763,11.371160,5.4,Under way using engine
2026-09-13T06:41:05Z,219000809,54.916090,11.360058,0.0,Under way using engine
2026-09-13T06:41:10Z,219000811,54.838707,11.491822,0.0,Under way using engine
2026-09-13T06:41:15Z,219002177,54.921013,11.371263,5.4,Under way using engine
2026-09-13T06:41:40Z,219000811,54.838707,11.491820,0.0,Under way using engine
2026-09-13T06:41:45Z,219000809,54.916095,11.360048,0.0,Under way using engine
2026-09-13T06:41:54Z,219002177,54.920047,11.371408,5.4,Under way using engine
2026-09-13T06:42:10Z,219000811,54.838707,11.491823,0.0,Under way using engine
2026-09-13T06:42:16Z,219000809,54.916093,11.360065,0.0,Under way using engine
2026-09-13T06:42:34Z,219002177,54.919060,11.371432,5.3,Under way using engine
2026-09-13T06:42:40Z,219000811,54.838708,11.491828,0.0,Under way using engine
2026-09-13T06:42:55Z,219000809,54.916088,11.360048,0.0,Under way using engine
2026-09-13T06:43:04Z,219002177,54.918317,11.371367,5.2,Under way using engine
2026-09-13T06:43:10Z,219000811,54.838708,11.491827,0.0,Under way using engine
2026-09-13T06:43:25Z,219000809,54.916080,11.360035,0.0,Under way using engine
2026-09-13T06:43:40Z,219000811,54.838707,11.491825,0.0,Under way using engine
2026-09-13T06:43:43Z,219002177,54.917408,11.371050,5.2,Under way using engine
2026-09-13T06:43:55Z,219000809,54.916077,11.360048,0.0,Under way using engine
2026-09-13T06:44:10Z,219000811,54.838707,11.491823,0.0,Under way using engine
2026-09-13T06:44:14Z,219002177,54.916930,11.370223,4.6,Under way using engine
2026-09-13T06:44:25Z,219000809,54.916077,11.360055,0.0,Under way using engine
2026-09-13T06:44:40Z,219000811,54.838707,11.491822,0.0,Under way using engine
2026-09-13T06:44:54Z,219002177,54.916763,11.368698,5.0,Under way using engine
2026-09-13T06:44:55Z,219000809,54.916072,11.360047,0.0,Under way using engine
2026-09-13T06:45:10Z,219000811,54.838703,11.491822,0.0,Under way using engine
2026-09-13T06:45:25Z,219000809,54.916070,11.360052,0.0,Under way using engine
2026-09-13T06:45:33Z,219002177,54.916585,11.367087,5.4,Under way using engine
2026-09-13T06:45:40Z,219000811,54.838703,11.491820,0.0,Under way using engine
2026-09-13T06:45:55Z,219000809,54.916073,11.360062,0.0,Under way using engine
2026-09-13T06:46:04Z,219002177,54.916543,11.365737,5.5,Under way using engine
2026-09-13T06:46:19Z,219000811,54.838703,11.491818,0.0,Under way using engine
2026-09-13T06:46:25Z,219000809,54.916073,11.360040,0.0,Under way using engine
2026-09-13T06:46:44Z,219002177,54.916437,11.363975,5.5,Under way using engine
2026-09-13T06:46:50Z,219000811,54.838703,11.491817,0.0,Under way using engine
2026-09-13T06:46:55Z,219000809,54.916070,11.360043,0.0,Under way using engine
2026-09-13T06:47:14Z,219002177,54.916345,11.362742,4.8,Under way using engine
2026-09-13T06:47:25Z,219000809,54.916067,11.360032,0.0,Under way using engine
2026-09-13T06:47:30Z,219000811,54.838703,11.491808,0.0,Under way using engine
2026-09-13T06:47:44Z,219002177,54.916325,11.361763,3.6,Under way using engine
2026-09-13T06:47:55Z,219000809,54.916075,11.360028,0.0,Under way using engine
2026-09-13T06:48:09Z,219000811,54.838705,11.491817,0.0,Under way using engine
2026-09-13T06:48:14Z,219002177,54.916348,11.361263,1.5,Under way using engine
2026-09-13T06:48:25Z,219000809,54.916075,11.360028,0.0,Under way using engine
2026-09-13T06:48:39Z,219000811,54.838707,11.491815,0.0,Under way using engine
2026-09-13T06:48:44Z,219002177,54.916348,11.361055,0.7,Under way using engine
2026-09-13T06:48:55Z,219000809,54.916080,11.360032,0.0,Under way using engine
2026-09-13T06:49:09Z,219000811,54.838710,11.491810,0.0,Under way using engine
2026-09-13T06:49:15Z,219002177,54.916357,11.360957,0.4,Under way using engine
2026-09-13T06:49:25Z,219000809,54.916085,11.360040,0.0,Under way using engine
2026-09-13T06:49:39Z,219000811,54.838712,11.491815,0.0,Under way using engine
2026-09-13T06:49:54Z,219002177,54.916357,11.360760,0.8,Under way using engine
2026-09-13T06:49:55Z,219000809,54.916090,11.360048,0.0,Under way using engine
2026-09-13T06:50:09Z,219000811,54.838712,11.491815,0.0,Under way using engine
2026-09-13T06:50:25Z,219000809,54.916082,11.360140,1.0,Under way using engine
2026-09-13T06:50:25Z,219002177,54.916355,11.360610,0.5,Under way using engine
2026-09-13T06:50:39Z,219000811,54.838712,11.491817,0.0,Under way using engine
2026-09-13T06:50:59Z,219000809,54.916088,11.361133,5.8,Under way using engine
2026-09-13T06:51:04Z,219002177,54.916357,11.360547,0.0,Under way using engine
2026-09-13T06:51:09Z,219000811,54.838712,11.491822,0.0,Under way using engine
2026-09-13T06:51:29Z,219000809,54.916257,11.363205,8.1,Under way using engine
2026-09-13T06:51:34Z,219002177,54.916353,11.360548,0.0,Under way using engine
2026-09-13T06:51:40Z,219000811,54.838713,11.491822,0.0,Under way using engine
2026-09-13T06:52:04Z,219002177,54.916363,11.360557,0.0,Under way using engine
2026-09-13T06:52:05Z,219000809,54.916430,11.365635,8.7,Under way using engine
2026-09-13T06:52:20Z,219000811,54.838715,11.491822,0.0,Under way using engine
2026-09-13T06:52:34Z,219002177,54.916367,11.360562,0.0,Under way using engine
2026-09-13T06:52:46Z,219000809,54.916665,11.368540,9.0,Under way using engine
2026-09-13T06:52:50Z,219000811,54.838715,11.491823,0.0,Under way using engine
2026-09-13T06:53:04Z,219002177,54.916372,11.360567,0.0,Under way using engine
2026-09-13T06:53:20Z,219000811,54.838717,11.491825,0.0,Under way using engine
2026-09-13T06:53:25Z,219000809,54.916913,11.371415,9.0,Under way using engine
2026-09-13T06:53:34Z,219002177,54.916370,11.360562,0.0,Under way using engine
2026-09-13T06:53:50Z,219000811,54.838715,11.491825,0.0,Under way using engine
2026-09-13T06:53:58Z,219000809,54.916732,11.373690,8.7,Under way using engine
2026-09-13T06:54:04Z,219002177,54.916358,11.360568,0.0,Under way using engine
2026-09-13T06:54:20Z,219000811,54.838712,11.491825,0.0,Under way using engine
2026-09-13T06:54:28Z,219000809,54.916185,11.375577,8.9,Under way using engine
2026-09-13T06:54:34Z,219002177,54.916350,11.360562,0.0,Under way using engine
2026-09-13T06:54:50Z,219000811,54.838713,11.491827,0.0,Under way using engine
2026-09-13T06:55:04Z,219002177,54.916345,11.360560,0.0,Under way using engine
2026-09-13T06:55:15Z,219000809,54.915065,11.378305,9.1,Under way using engine
2026-09-13T06:55:20Z,219000811,54.838712,11.491827,0.0,Under way using engine
2026-09-13T06:55:34Z,219002177,54.916347,11.360553,0.0,Under way using engine
2026-09-13T06:55:50Z,219000811,54.838712,11.491823,0.0,Under way using engine
2026-09-13T06:55:55Z,219000809,54.914073,11.380665,9.1,Under way using engine
2026-09-13T06:56:05Z,219002177,54.916348,11.360547,0.0,Under way using engine
2026-09-13T06:56:20Z,219000811,54.838712,11.491823,0.0,Under way using engine
2026-09-13T06:56:25Z,219000809,54.913305,11.382410,9.2,Under way using engine
2026-09-13T06:56:44Z,219002177,54.916355,11.360550,0.0,Under way using engine
2026-09-13T06:56:50Z,219000811,54.838712,11.491822,0.0,Under way using engine
2026-09-13T06:56:55Z,219000809,54.912542,11.384197,9.2,Under way using engine
2026-09-13T06:57:15Z,219002177,54.916358,11.360543,0.0,Under way using engine
2026-09-13T06:57:20Z,219000811,54.838713,11.491818,0.0,Under way using engine
2026-09-13T06:57:25Z,219000809,54.911778,11.385993,9.3,Under way using engine
2026-09-13T06:57:50Z,219000811,54.838712,11.491815,0.0,Under way using engine
2026-09-13T06:57:54Z,219002177,54.916357,11.360562,0.0,Under way using engine
2026-09-13T06:57:55Z,219000809,54.910995,11.387775,9.3,Under way using engine
2026-09-13T06:58:24Z,219002177,54.916353,11.360567,0.0,Under way using engine
2026-09-13T06:58:25Z,219000809,54.910213,11.389552,9.3,Under way using engine
2026-09-13T06:58:30Z,219000811,54.838713,11.491818,0.0,Under way using engine
2026-09-13T06:58:54Z,219002177,54.916352,11.360565,0.0,Under way using engine
2026-09-13T06:58:55Z,219000809,54.909433,11.391327,9.3,Under way using engine
2026-09-13T06:59:09Z,219000811,54.838713,11.491820,0.0,Under way using engine
2026-09-13T06:59:24Z,219002177,54.916353,11.360562,0.0,Under way using engine
2026-09-13T06:59:25Z,219000809,54.908638,11.393080,9.3,Under way using engine
2026-09-13T06:59:39Z,219000811,54.838715,11.491822,0.0,Under way using engine
2026-09-13T06:59:54Z,219002177,54.916357,11.360565,0.0,Under way using engine
2026-09-13T06:59:59Z,219000809,54.907893,11.395188,8.9,Under way using engine
2026-09-13T07:00:09Z,219000811,54.838713,11.491820,0.0,Under way using engine
2026-09-13T07:00:24Z,219002177,54.916367,11.360578,0.0,Under way using engine
2026-09-13T07:00:32Z,219000809,54.908150,11.397285,8.4,Under way using engine
2026-09-13T07:00:39Z,219000811,54.838713,11.491817,0.0,Under way using engine
2026-09-13T07:00:54Z,219002177,54.916370,11.360572,0.0,Under way using engine
2026-09-13T07:01:02Z,219000809,54.908918,11.399065,8.9,Under way using engine
2026-09-13T07:01:09Z,219000811,54.838712,11.491817,0.0,Under way using engine
2026-09-13T07:01:24Z,219002177,54.916362,11.360577,0.0,Under way using engine
2026-09-13T07:01:34Z,219000809,54.909730,11.400897,9.0,Under way using engine
2026-09-13T07:01:39Z,219000811,54.838712,11.491818,0.0,Under way using engine
2026-09-13T07:01:55Z,219002177,54.916357,11.360585,0.0,Under way using engine
2026-09-13T07:02:06Z,219000809,54.910510,11.402695,9.1,Under way using engine
2026-09-13T07:02:09Z,219000811,54.838710,11.491820,0.0,Under way using engine
2026-09-13T07:02:35Z,219002177,54.916352,11.360557,0.0,Under way using engine
2026-09-13T07:02:39Z,219000811,54.838708,11.491822,0.0,Under way using engine
2026-09-13T07:02:44Z,219000809,54.911508,11.404935,9.1,Under way using engine
2026-09-13T07:03:09Z,219000811,54.838710,11.491827,0.0,Under way using engine
2026-09-13T07:03:13Z,219002177,54.916347,11.360532,0.0,Under way using engine
2026-09-13T07:03:15Z,219000809,54.912305,11.406737,9.1,Under way using engine
2026-09-13T07:03:39Z,219000811,54.838712,11.491827,0.0,Under way using engine
2026-09-13T07:03:44Z,219002177,54.916357,11.360548,0.0,Under way using engine
2026-09-13T07:03:54Z,219000809,54.913303,11.409010,9.2,Under way using engine
2026-09-13T07:04:09Z,219000811,54.838712,11.491825,0.0,Under way using engine
2026-09-13T07:04:25Z,219002177,54.916357,11.360570,0.0,Under way using engine
2026-09-13T07:04:26Z,219000809,54.914112,11.410870,9.1,Under way using engine
2026-09-13T07:04:39Z,219000811,54.838712,11.491823,0.0,Under way using engine
2026-09-13T07:04:55Z,219002177,54.916347,11.360552,0.0,Under way using engine
2026-09-13T07:05:04Z,219000809,54.915078,11.413083,9.1,Under way using engine
2026-09-13T07:05:09Z,219000811,54.838712,11.491822,0.0,Under way using engine
2026-09-13T07:05:25Z,219002177,54.916352,11.360548,0.1,Under way using engine
2026-09-13T07:05:34Z,219000809,54.915850,11.414820,9.1,Under way using engine
2026-09-13T07:05:40Z,219000811,54.838712,11.491822,0.0,Under way using engine
2026-09-13T07:05:55Z,219002177,54.916317,11.360787,1.7,Under way using engine
2026-09-13T07:06:04Z,219000809,54.916600,11.416542,9.0,Under way using engine
2026-09-13T07:06:10Z,219000811,54.838713,11.491822,0.0,Under way using engine
2026-09-13T07:06:25Z,219002177,54.916297,11.361440,3.1,Under way using engine
2026-09-13T07:06:34Z,219000809,54.917368,11.418283,9.1,Under way using engine
2026-09-13T07:06:40Z,219000811,54.838713,11.491822,0.0,Under way using engine
2026-09-13T07:06:55Z,219002177,54.916330,11.362375,4.2,Under way using engine
2026-09-13T07:07:04Z,219000809,54.918130,11.420053,9.1,Under way using engine
2026-09-13T07:07:10Z,219000811,54.838712,11.491823,0.0,Under way using engine
2026-09-13T07:07:25Z,219002177,54.916365,11.363483,4.8,Under way using engine
2026-09-13T07:07:36Z,219000809,54.918915,11.421855,9.1,Under way using engine
2026-09-13T07:07:40Z,219000811,54.838712,11.491822,0.0,Under way using engine
2026-09-13T07:08:04Z,219002177,54.916420,11.365130,5.3,Under way using engine
2026-09-13T07:08:14Z,219000809,54.919913,11.424128,9.0,Under way using engine
2026-09-13T07:08:20Z,219000811,54.838713,11.491822,0.0,Under way using engine
2026-09-13T07:08:35Z,219002177,54.916508,11.366440,5.6,Under way using engine
2026-09-13T07:08:46Z,219000809,54.920733,11.425992,9.1,Under way using engine
2026-09-13T07:08:50Z,219000811,54.838713,11.491823,0.0,Under way using engine
2026-09-13T07:09:05Z,219002177,54.916618,11.367810,5.7,Under way using engine
2026-09-13T07:09:20Z,219000811,54.838713,11.491822,0.0,Under way using engine
2026-09-13T07:09:26Z,219000809,54.921713,11.428275,9.0,Under way using engine
2026-09-13T07:09:35Z,219002177,54.916725,11.369193,5.8,Under way using engine
2026-09-13T07:09:50Z,219000811,54.838713,11.491820,0.0,Under way using engine
2026-09-13T07:09:56Z,219000809,54.922503,11.430080,9.1,Under way using engine
2026-09-13T07:10:05Z,219002177,54.916852,11.370593,5.9,Under way using engine
2026-09-13T07:10:20Z,219000811,54.838713,11.491820,0.0,Under way using engine
2026-09-13T07:10:26Z,219000809,54.923227,11.431738,8.8,Under way using engine
2026-09-13T07:10:35Z,219002177,54.917007,11.371952,5.8,Under way using engine
2026-09-13T07:10:50Z,219000811,54.838715,11.491822,0.0,Under way using engine
2026-09-13T07:10:56Z,219000809,54.924030,11.433492,9.1,Under way using engine
2026-09-13T07:11:05Z,219002177,54.917337,11.373140,5.2,Under way using engine
2026-09-13T07:11:20Z,219000811,54.838712,11.491820,0.0,Under way using engine
2026-09-13T07:11:26Z,219000809,54.924785,11.435160,9.1,Under way using engine
2026-09-13T07:11:35Z,219002177,54.917943,11.373567,4.6,Under way using engine
2026-09-13T07:11:50Z,219000811,54.838712,11.491818,0.0,Under way using engine
2026-09-13T07:12:05Z,219002177,54.918640,11.373535,5.2,Under way using engine
2026-09-13T07:12:06Z,219000809,54.925812,11.437443,9.1,Under way using engine
2026-09-13T07:12:20Z,219000811,54.838712,11.491818,0.0,Under way using engine
2026-09-13T07:12:35Z,219002177,54.919393,11.373537,5.6,Under way using engine
2026-09-13T07:12:36Z,219000809,54.926597,11.439153,9.1,Under way using engine
2026-09-13T07:12:50Z,219000811,54.838713,11.491818,0.0,Under way using engine
2026-09-13T07:13:05Z,219002177,54.920197,11.373535,5.9,Under way using engine
2026-09-13T07:13:06Z,219000809,54.927377,11.440840,9.0,Under way using engine
2026-09-13T07:13:20Z,219000811,54.838713,11.491818,0.0,Under way using engine
2026-09-13T07:13:35Z,219002177,54.921012,11.373517,5.9,Under way using engine
2026-09-13T07:13:36Z,219000809,54.928152,11.442563,9.0,Under way using engine
2026-09-13T07:13:50Z,219000811,54.838713,11.491818,0.0,Under way using engine
2026-09-13T07:14:05Z,219002177,54.921880,11.373418,6.1,Under way using engine
2026-09-13T07:14:06Z,219000809,54.928937,11.444245,9.0,Under way using engine
2026-09-13T07:14:20Z,219000811,54.838715,11.491818,0.0,Under way using engine
2026-09-13T07:14:45Z,219002177,54.922997,11.373255,6.2,Under way using engine
2026-09-13T07:14:46Z,219000809,54.930000,11.446495,8.7,Under way using engine
2026-09-13T07:14:50Z,219000811,54.838713,11.491818,0.0,Under way using engine
2026-09-13T07:15:20Z,219000811,54.838712,11.491820,0.0,Under way using engine
2026-09-13T07:15:24Z,219000809,54.930987,11.448595,9.1,Under way using engine
2026-09-13T07:15:25Z,219002177,54.924130,11.373093,6.2,Under way using engine
2026-09-13T07:15:50Z,219000811,54.838712,11.491822,0.0,Under way using engine
2026-09-13T07:15:54Z,219000809,54.931773,11.450288,9.0,Under way using engine
2026-09-13T07:16:04Z,219002177,54.925287,11.372948,6.2,Under way using engine
2026-09-13T07:16:24Z,219000809,54.932568,11.451955,9.0,Under way using engine
2026-09-13T07:16:30Z,219000811,54.838710,11.491823,0.0,Under way using engine
2026-09-13T07:16:34Z,219002177,54.926120,11.372808,6.3,Under way using engine
2026-09-13T07:16:56Z,219000809,54.933310,11.453845,8.9,Under way using engine
2026-09-13T07:17:04Z,219002177,54.927020,11.372690,6.3,Under way using engine
2026-09-13T07:17:09Z,219000811,54.838707,11.491823,0.0,Under way using engine
2026-09-13T07:17:34Z,219002177,54.927860,11.372567,6.3,Under way using engine
2026-09-13T07:17:35Z,219000809,54.934107,11.456263,8.9,Under way using engine
2026-09-13T07:17:50Z,219000811,54.838707,11.491822,0.0,Under way using engine
2026-09-13T07:18:04Z,219002177,54.928770,11.372430,6.4,Under way using engine
2026-09-13T07:18:05Z,219000809,54.934695,11.458147,8.9,Under way using engine
2026-09-13T07:18:23Z,219000811,54.838707,11.491820,0.0,Under way using engine
2026-09-13T07:18:34Z,219002177,54.929620,11.372307,6.4,Under way using engine
2026-09-13T07:18:35Z,219000809,54.935288,11.460028,8.9,Under way using engine
2026-09-13T07:19:00Z,219000811,54.838708,11.491815,0.0,Under way using engine
2026-09-13T07:19:04Z,219002177,54.930528,11.372168,6.4,Under way using engine
2026-09-13T07:19:05Z,219000809,54.935892,11.461888,8.9,Under way using engine
2026-09-13T07:19:30Z,219000811,54.838708,11.491817,0.0,Under way using engine
2026-09-13T07:19:35Z,219000809,54.936475,11.463763,8.8,Under way using engine
2026-09-13T07:19:35Z,219002177,54.931412,11.372037,6.4,Under way using engine
2026-09-13T07:20:00Z,219000811,54.838708,11.491815,0.0,Under way using engine
2026-09-13T07:20:06Z,219000809,54.937042,11.465708,8.7,Under way using engine
2026-09-13T07:20:14Z,219002177,54.932552,11.371860,6.3,Under way using engine
2026-09-13T07:20:30Z,219000811,54.838708,11.491813,0.0,Under way using engine
2026-09-13T07:20:44Z,219000809,54.937723,11.468060,8.6,Under way using engine
2026-09-13T07:20:44Z,219002177,54.933433,11.371783,6.1,Under way using engine
2026-09-13T07:21:00Z,219000811,54.838708,11.491812,0.0,Under way using engine
2026-09-13T07:21:14Z,219002177,54.934233,11.371715,5.7,Under way using engine
2026-09-13T07:21:15Z,219000809,54.938258,11.469898,8.5,Under way using engine
2026-09-13T07:21:30Z,219000811,54.838710,11.491810,0.0,Under way using engine
2026-09-13T07:21:44Z,219002177,54.934957,11.371565,4.6,Under way using engine
2026-09-13T07:21:55Z,219000809,54.939000,11.472388,8.5,Under way using engine
2026-09-13T07:22:00Z,219000811,54.838708,11.491813,0.0,Under way using engine
2026-09-13T07:22:14Z,219002177,54.935368,11.371593,2.4,Under way using engine
2026-09-13T07:22:25Z,219000809,54.939520,11.474200,8.3,Under way using engine
2026-09-13T07:22:40Z,219000811,54.838708,11.491815,0.0,Under way using engine
2026-09-13T07:22:46Z,219002177,54.935575,11.371677,1.3,Under way using engine
2026-09-13T07:22:55Z,219000809,54.940193,11.475800,8.2,Under way using engine
2026-09-13T07:23:19Z,219000811,54.838710,11.491820,0.0,Under way using engine
2026-09-13T07:23:24Z,219002177,54.935737,11.371795,0.8,Under way using engine
2026-09-13T07:23:25Z,219000809,54.940963,11.477283,8.4,Under way using engine
2026-09-13T07:23:50Z,219000811,54.838710,11.491825,0.0,Under way using engine
2026-09-13T07:23:55Z,219000809,54.941763,11.478788,8.6,Under way using engine
2026-09-13T07:23:55Z,219002177,54.935817,11.371838,0.4,Under way using engine
2026-09-13T07:24:23Z,219000811,54.838710,11.491828,0.0,Under way using engine
2026-09-13T07:24:25Z,219000809,54.942555,11.480332,8.7,Under way using engine
2026-09-13T07:24:35Z,219002177,54.935898,11.371928,0.5,Under way using engine
2026-09-13T07:24:55Z,219000809,54.943500,11.481507,8.3,Under way using engine
2026-09-13T07:25:00Z,219000811,54.838708,11.491828,0.0,Under way using engine
2026-09-13T07:25:14Z,219002177,54.935967,11.372003,0.3,Under way using engine
2026-09-13T07:25:25Z,219000809,54.944625,11.482095,8.6,Under way using engine
2026-09-13T07:25:30Z,219000811,54.838707,11.491827,0.0,Under way using engine
2026-09-13T07:25:55Z,219000809,54.945802,11.482692,8.9,Under way using engine
2026-09-13T07:25:55Z,219002177,54.935962,11.371983,0.0,Under way using engine
2026-09-13T07:26:09Z,219000811,54.838707,11.491828,0.0,Under way using engine
2026-09-13T07:26:25Z,219000809,54.946995,11.483278,8.9,Under way using engine
2026-09-13T07:26:35Z,219002177,54.935963,11.371977,0.0,Under way using engine
2026-09-13T07:26:40Z,219000811,54.838708,11.491830,0.0,Under way using engine
2026-09-13T07:26:55Z,219000809,54.948190,11.483892,9.0,Under way using engine
2026-09-13T07:27:14Z,219002177,54.935963,11.371973,0.0,Under way using engine
2026-09-13T07:27:19Z,219000811,54.838710,11.491830,0.0,Under way using engine
2026-09-13T07:27:25Z,219000809,54.949388,11.484538,9.0,Under way using engine
2026-09-13T07:27:49Z,219000811,54.838712,11.491828,0.0,Under way using engine
2026-09-13T07:27:53Z,219002177,54.935957,11.371983,0.0,Under way using engine
2026-09-13T07:27:55Z,219000809,54.950583,11.485168,9.0,Under way using engine
2026-09-13T07:28:19Z,219000811,54.838712,11.491830,0.0,Under way using engine
2026-09-13T07:28:24Z,219002177,54.935957,11.371987,0.0,Under way using engine
2026-09-13T07:28:25Z,219000809,54.951777,11.485800,9.0,Under way using engine
2026-09-13T07:28:49Z,219000811,54.838712,11.491828,0.0,Under way using engine
2026-09-13T07:28:55Z,219000809,54.952982,11.486442,9.1,Under way using engine
2026-09-13T07:29:04Z,219002177,54.935957,11.371987,0.0,Under way using engine
2026-09-13T07:29:19Z,219000811,54.838712,11.491828,0.0,Under way using engine
2026-09-13T07:29:25Z,219000809,54.954198,11.487050,9.1,Under way using engine
2026-09-13T07:29:44Z,219002177,54.935973,11.371975,0.0,Under way using engine
2026-09-13T07:29:49Z,219000811,54.838712,11.491828,0.0,Under way using engine
2026-09-13T07:29:55Z,219000809,54.955403,11.487673,9.0,Under way using engine
2026-09-13T07:30:14Z,219002177,54.935970,11.371975,0.0,Under way using engine
2026-09-13T07:30:19Z,219000811,54.838712,11.491830,0.0,Under way using engine
2026-09-13T07:30:25Z,219000809,54.956572,11.488275,8.6,Under way using engine
2026-09-13T07:30:44Z,219002177,54.935850,11.371920,1.7,Under way using engine
2026-09-13T07:30:49Z,219000811,54.838715,11.491830,0.0,Under way using engine
2026-09-13T07:30:55Z,219000809,54.957732,11.488905,8.9,Under way using engine
2026-09-13T07:31:14Z,219002177,54.935455,11.371588,3.6,Under way using engine
2026-09-13T07:31:20Z,219000811,54.838713,11.491827,0.0,Under way using engine
2026-09-13T07:31:25Z,219000809,54.958908,11.489555,8.9,Under way using engine
2026-09-13T07:31:44Z,219002177,54.934878,11.371080,5.2,Under way using engine
2026-09-13T07:31:55Z,219000809,54.960073,11.490185,8.8,Under way using engine
2026-09-13T07:31:58Z,219000811,54.838710,11.491822,0.0,Under way using engine
2026-09-13T07:32:14Z,219002177,54.934095,11.370673,5.9,Under way using engine
2026-09-13T07:32:25Z,219000809,54.961258,11.490800,8.9,Under way using engine
2026-09-13T07:32:30Z,219000811,54.838710,11.491822,0.0,Under way using engine
2026-09-13T07:32:44Z,219002177,54.933227,11.370632,6.7,Under way using engine
2026-09-13T07:32:55Z,219000809,54.962387,11.491613,8.8,Under way using engine
2026-09-13T07:33:09Z,219000811,54.838710,11.491822,0.0,Under way using engine
2026-09-13T07:33:14Z,219002177,54.932215,11.370553,7.1,Under way using engine
2026-09-13T07:33:25Z,219000809,54.963428,11.492677,8.7,Under way using engine
2026-09-13T07:33:40Z,219000811,54.838710,11.491822,0.0,Under way using engine
2026-09-13T07:33:44Z,219002177,54.931223,11.370632,7.4,Under way using engine
2026-09-13T07:33:55Z,219000809,54.964465,11.493763,8.7,Under way using engine
2026-09-13T07:34:20Z,219000811,54.838712,11.491820,0.0,Under way using engine
2026-09-13T07:34:24Z,219002177,54.929810,11.370733,7.5,Under way using engine
2026-09-13T07:34:26Z,219000809,54.965502,11.494860,8.8,Under way using engine
2026-09-13T07:34:54Z,219002177,54.928805,11.370808,7.6,Under way using engine
2026-09-13T07:34:58Z,219000811,54.838712,11.491820,0.0,Under way using engine
2026-09-13T07:35:05Z,219000809,54.966902,11.496305,9.0,Under way using engine
2026-09-13T07:35:25Z,219002177,54.927720,11.370920,7.6,Under way using engine
2026-09-13T07:35:30Z,219000811,54.838712,11.491817,0.0,Under way using engine
2026-09-13T07:35:44Z,219000809,54.968320,11.497775,9.0,Under way using engine
2026-09-13T07:36:09Z,219000811,54.838713,11.491815,0.0,Under way using engine
2026-09-13T07:36:14Z,219000809,54.969393,11.498898,9.1,Under way using engine
2026-09-13T07:36:25Z,219002177,54.925597,11.371158,7.7,Under way using engine
2026-09-13T07:36:39Z,219000811,54.838715,11.491815,0.0,Under way using engine
2026-09-13T07:36:44Z,219000809,54.970460,11.500008,8.9,Under way using engine
2026-09-13T07:37:04Z,219002177,54.924187,11.371282,7.7,Under way using engine
2026-09-13T07:37:10Z,219000811,54.838715,11.491815,0.0,Under way using engine
2026-09-13T07:37:14Z,219000809,54.971437,11.501355,9.0,Under way using engine
2026-09-13T07:37:44Z,219000809,54.972188,11.502963,8.3,Under way using engine
2026-09-13T07:37:45Z,219002177,54.922753,11.371432,7.7,Under way using engine
2026-09-13T07:37:49Z,219000811,54.838717,11.491817,0.0,Under way using engine
2026-09-13T07:38:15Z,219002177,54.921705,11.371498,7.5,Under way using engine
2026-09-13T07:38:16Z,219000809,54.972465,11.504890,7.6,Under way using engine
2026-09-13T07:38:19Z,219000811,54.838717,11.491818,0.0,Under way using engine
2026-09-13T07:38:45Z,219002177,54.920703,11.371593,7.2,Under way using engine
2026-09-13T07:38:46Z,219000809,54.972377,11.506655,7.6,Under way using engine
2026-09-13T07:38:49Z,219000811,54.838717,11.491818,0.0,Under way using engine
2026-09-13T07:39:15Z,219002177,54.919730,11.371633,7.0,Under way using engine
2026-09-13T07:39:16Z,219000809,54.972228,11.508498,7.3,Under way using engine
2026-09-13T07:39:19Z,219000811,54.838715,11.491820,0.0,Under way using engine
2026-09-13T07:39:45Z,219002177,54.918780,11.371643,6.8,Under way using engine
2026-09-13T07:39:46Z,219000809,54.972090,11.510078,6.6,Under way using engine
2026-09-13T07:39:49Z,219000811,54.838713,11.491820,0.0,Under way using engine
2026-09-13T07:40:16Z,219000809,54.971970,11.511558,5.6,Under way using engine
2026-09-13T07:40:19Z,219000811,54.838713,11.491818,0.0,Under way using engine
2026-09-13T07:40:25Z,219002177,54.917542,11.371477,6.6,Under way using engine
2026-09-13T07:40:46Z,219000809,54.971932,11.512605,4.0,Under way using engine
2026-09-13T07:40:49Z,219000811,54.838713,11.491818,0.0,Under way using engine
2026-09-13T07:40:55Z,219002177,54.916915,11.370602,5.6,Under way using engine
2026-09-13T07:41:16Z,219000809,54.971927,11.513430,3.0,Under way using engine
2026-09-13T07:41:19Z,219000811,54.838713,11.491818,0.0,Under way using engine
2026-09-13T07:41:25Z,219002177,54.916778,11.369255,5.8,Under way using engine
2026-09-13T07:41:46Z,219000809,54.971915,11.514012,2.2,Under way using engine
2026-09-13T07:41:49Z,219000811,54.838713,11.491818,0.0,Under way using engine
2026-09-13T07:41:55Z,219002177,54.916622,11.367805,6.2,Under way using engine
2026-09-13T07:42:16Z,219000809,54.971912,11.514402,1.2,Under way using engine
2026-09-13T07:42:19Z,219000811,54.838710,11.491818,0.0,Under way using engine
2026-09-13T07:42:34Z,219002177,54.916462,11.365870,6.0,Under way using engine
2026-09-13T07:42:46Z,219000809,54.971912,11.514527,0.3,Under way using engine
2026-09-13T07:42:49Z,219000811,54.838708,11.491822,0.0,Under way using engine
2026-09-13T07:43:05Z,219002177,54.916348,11.364505,5.5,Under way using engine
2026-09-13T07:43:16Z,219000809,54.971913,11.514573,0.0,Under way using engine
2026-09-13T07:43:20Z,219000811,54.838708,11.491823,0.0,Under way using engine
2026-09-13T07:43:45Z,219002177,54.916277,11.362880,4.9,Under way using engine
2026-09-13T07:43:46Z,219000809,54.971915,11.514570,0.0,Under way using engine
2026-09-13T07:43:58Z,219000811,54.838708,11.491825,0.0,Under way using engine
2026-09-13T07:44:16Z,219000809,54.971918,11.514580,0.0,Under way using engine
2026-09-13T07:44:24Z,219002177,54.916295,11.361715,2.8,Under way using engine
2026-09-13T07:44:29Z,219000811,54.838708,11.491823,0.0,Under way using engine
2026-09-13T07:44:46Z,219000809,54.971923,11.514583,0.0,Under way using engine
2026-09-13T07:45:05Z,219002177,54.916357,11.361200,1.3,Under way using engine
2026-09-13T07:45:08Z,219000811,54.838710,11.491822,0.0,Under way using engine
2026-09-13T07:45:16Z,219000809,54.971917,11.514593,0.0,Under way using engine
2026-09-13T07:45:40Z,219000811,54.838712,11.491822,0.0,Under way using engine
2026-09-13T07:45:45Z,219002177,54.916377,11.360962,0.5,Under way using engine
2026-09-13T07:45:46Z,219000809,54.971923,11.514582,0.0,Under way using engine
2026-09-13T07:46:15Z,219002177,54.916385,11.360865,0.5,Under way using engine
2026-09-13T07:46:20Z,219000811,54.838713,11.491822,0.0,Under way using engine
2026-09-13T07:46:26Z,219000809,54.971925,11.514575,0.0,Under way using engine
2026-09-13T07:46:45Z,219002177,54.916382,11.360725,0.6,Under way using engine
2026-09-13T07:47:06Z,219000809,54.971923,11.514582,0.0,Under way using engine
2026-09-13T07:47:08Z,219000811,54.838713,11.491820,0.0,Under way using engine
2026-09-13T07:47:15Z,219002177,54.916372,11.360593,0.6,Under way using engine
2026-09-13T07:47:36Z,219000809,54.971915,11.514597,0.0,Under way using engine
2026-09-13T07:47:40Z,219000811,54.838712,11.491818,0.0,Under way using engine
2026-09-13T07:47:45Z,219002177,54.916413,11.360503,0.0,Under way using engine
2026-09-13T07:48:06Z,219000809,54.971913,11.514588,0.0,Under way using engine
2026-09-13T07:48:15Z,219002177,54.916402,11.360515,0.0,Under way using engine
2026-09-13T07:48:20Z,219000811,54.838712,11.491815,0.0,Under way using engine
2026-09-13T07:48:36Z,219000809,54.971920,11.514562,0.0,Under way using engine
2026-09-13T07:48:45Z,219002177,54.916370,11.360528,0.0,Under way using engine
2026-09-13T07:49:00Z,219000811,54.838712,11.491815,0.0,Under way using engine
2026-09-13T07:49:06Z,219000809,54.971915,11.514560,0.0,Under way using engine
2026-09-13T07:49:15Z,219002177,54.916365,11.360530,0.0,Under way using engine
2026-09-13T07:49:30Z,219000811,54.838712,11.491815,0.0,Under way using engine
2026-09-13T07:49:44Z,219000809,54.971905,11.514573,0.0,Under way using engine
2026-09-13T07:49:45Z,219002177,54.916373,11.360533,0.0,Under way using engine
2026-09-13T07:50:00Z,219000811,54.838713,11.491813,0.0,Under way using engine
2026-09-13T07:50:14Z,219000809,54.971927,11.514558,0.0,Under way using engine
2026-09-13T07:50:23Z,219002177,54.916373,11.360525,0.0,Under way using engine
2026-09-13T07:50:30Z,219000811,54.838712,11.491815,0.0,Under way using engine
2026-09-13T07:50:44Z,219000809,54.971927,11.514550,0.0,Under way using engine
2026-09-13T07:50:55Z,219002177,54.916362,11.360547,0.0,Under way using engine
2026-09-13T07:51:00Z,219000811,54.838710,11.491815,0.0,Under way using engine
2026-09-13T07:51:14Z,219000809,54.971920,11.514523,0.3,Under way using engine
2026-09-13T07:51:30Z,219000811,54.838710,11.491813,0.0,Under way using engine
2026-09-13T07:51:34Z,219002177,54.916367,11.360538,0.0,Under way using engine
2026-09-13T07:51:44Z,219000809,54.971932,11.514120,2.2,Under way using engine
2026-09-13T07:52:00Z,219000811,54.838712,11.491813,0.0,Under way using engine
2026-09-13T07:52:04Z,219002177,54.916373,11.360533,0.0,Under way using engine
2026-09-13T07:52:15Z,219000809,54.971895,11.513525,2.6,Under way using engine
2026-09-13T07:52:30Z,219000811,54.838712,11.491813,0.0,Under way using engine
2026-09-13T07:52:34Z,219002177,54.916363,11.360545,0.0,Under way using engine
2026-09-13T07:52:48Z,219000809,54.971692,11.513007,1.8,Under way using engine
2026-09-13T07:53:00Z,219000811,54.838713,11.491813,0.0,Under way using engine
2026-09-13T07:53:04Z,219002177,54.916365,11.360543,0.0,Under way using engine
2026-09-13T07:53:18Z,219000809,54.971813,11.512737,2.6,Under way using engine
2026-09-13T07:53:30Z,219000811,54.838713,11.491813,0.0,Under way using engine
2026-09-13T07:53:34Z,219002177,54.916358,11.360543,0.0,Under way using engine
2026-09-13T07:53:48Z,219000809,54.971950,11.511577,6.2,Under way using engine
2026-09-13T07:54:00Z,219000811,54.838712,11.491815,0.0,Under way using engine
2026-09-13T07:54:04Z,219002177,54.916372,11.360532,0.0,Under way using engine
2026-09-13T07:54:24Z,219000809,54.972160,11.509433,7.9,Under way using engine
2026-09-13T07:54:30Z,219000811,54.838713,11.491817,0.0,Under way using engine
2026-09-13T07:54:34Z,219002177,54.916365,11.360545,0.0,Under way using engine
2026-09-13T07:54:55Z,219000809,54.972303,11.507480,7.9,Under way using engine
2026-09-13T07:55:00Z,219000811,54.838713,11.491820,0.0,Under way using engine
2026-09-13T07:55:04Z,219002177,54.916358,11.360547,0.0,Under way using engine
2026-09-13T07:55:25Z,219000809,54.972460,11.505635,8.1,Under way using engine
2026-09-13T07:55:30Z,219000811,54.838712,11.491820,0.0,Under way using engine
2026-09-13T07:55:34Z,219002177,54.916360,11.360545,0.0,Under way using engine
2026-09-13T07:55:55Z,219000809,54.972218,11.503707,8.0,Under way using engine
2026-09-13T07:56:00Z,219000811,54.838712,11.491823,0.0,Under way using engine
2026-09-13T07:56:04Z,219002177,54.916362,11.360538,0.0,Under way using engine
2026-09-13T07:56:25Z,219000809,54.971348,11.502517,8.4,Under way using engine
2026-09-13T07:56:30Z,219000811,54.838712,11.491825,0.0,Under way using engine
2026-09-13T07:56:34Z,219002177,54.916352,11.360540,0.0,Under way using engine
2026-09-13T07:56:55Z,219000809,54.970318,11.501365,8.5,Under way using engine
2026-09-13T07:57:00Z,219000811,54.838713,11.491823,0.0,Under way using engine
2026-09-13T07:57:04Z,219002177,54.916377,11.360522,0.1,Under way using engine
2026-09-13T07:57:25Z,219000809,54.969357,11.500220,8.7,Under way using engine
2026-09-13T07:57:34Z,219002177,54.916368,11.360542,0.0,Under way using engine
2026-09-13T07:57:38Z,219000811,54.838717,11.491820,0.0,Under way using engine
2026-09-13T07:57:55Z,219000809,54.968352,11.499020,8.8,Under way using engine
2026-09-13T07:58:04Z,219002177,54.916368,11.360542,0.0,Under way using engine
2026-09-13T07:58:08Z,219000811,54.838717,11.491823,0.0,Under way using engine
2026-09-13T07:58:34Z,219002177,54.916372,11.360527,0.1,Under way using engine
2026-09-13T07:58:36Z,219000809,54.967000,11.497352,8.8,Under way using engine
2026-09-13T07:58:38Z,219000811,54.838720,11.491822,0.0,Under way using engine
2026-09-13T07:59:05Z,219002177,54.916373,11.360527,0.1,Under way using engine
2026-09-13T07:59:09Z,219000811,54.838720,11.491818,0.0,Under way using engine
2026-09-13T07:59:16Z,219000809,54.965662,11.495735,8.8,Under way using engine
2026-09-13T07:59:44Z,219002177,54.916343,11.360568,0.1,Under way using engine
2026-09-13T07:59:50Z,219000811,54.838722,11.491815,0.0,Under way using engine
2026-09-13T07:59:55Z,219000809,54.964387,11.494183,8.7,Under way using engine
2026-09-13T08:00:14Z,219002177,54.916352,11.360558,0.0,Under way using engine
2026-09-13T08:00:23Z,219000811,54.838720,11.491813,0.0,Under way using engine
2026-09-13T08:00:36Z,219000809,54.963005,11.492512,8.9,Under way using engine
2026-09-13T08:00:45Z,219002177,54.916347,11.360553,0.1,Under way using engine
2026-09-13T08:01:00Z,219000811,54.838717,11.491815,0.0,Under way using engine
2026-09-13T08:01:16Z,219000809,54.961678,11.490802,9.1,Under way using engine
2026-09-13T08:01:23Z,219002177,54.916352,11.360542,0.0,Under way using engine
2026-09-13T08:01:38Z,219000811,54.838717,11.491820,0.0,Under way using engine
2026-09-13T08:01:54Z,219002177,54.916352,11.360545,0.1,Under way using engine
2026-09-13T08:01:55Z,219000809,54.960315,11.489260,8.8,Under way using engine
2026-09-13T08:02:09Z,219000811,54.838717,11.491822,0.0,Under way using engine
2026-09-13T08:02:28Z,219000809,54.958972,11.488548,9.0,Under way using engine
2026-09-13T08:02:34Z,219002177,54.916347,11.360528,0.0,Under way using engine
2026-09-13T08:02:39Z,219000811,54.838717,11.491822,0.0,Under way using engine
2026-09-13T08:03:04Z,219002177,54.916340,11.360528,0.0,Under way using engine
2026-09-13T08:03:05Z,219000809,54.957507,11.487888,9.0,Under way using engine
2026-09-13T08:03:10Z,219000811,54.838717,11.491825,0.0,Under way using engine
2026-09-13T08:03:35Z,219002177,54.916333,11.360530,0.0,Under way using engine
2026-09-13T08:03:36Z,219000809,54.956270,11.487323,8.9,Under way using engine
2026-09-13T08:03:50Z,219000811,54.838717,11.491823,0.0,Under way using engine
2026-09-13T08:04:13Z,219002177,54.916345,11.360548,0.0,Under way using engine
2026-09-13T08:04:16Z,219000809,54.954652,11.486610,9.1,Under way using engine
2026-09-13T08:04:29Z,219000811,54.838717,11.491822,0.0,Under way using engine
2026-09-13T08:04:44Z,219002177,54.916348,11.360547,0.1,Under way using engine
2026-09-13T08:04:54Z,219000809,54.953082,11.485915,8.9,Under way using engine
2026-09-13T08:04:59Z,219000811,54.838718,11.491820,0.0,Under way using engine
2026-09-13T08:05:23Z,219002177,54.916348,11.360547,0.0,Under way using engine
2026-09-13T08:05:24Z,219000809,54.951887,11.485367,8.9,Under way using engine
2026-09-13T08:05:29Z,219000811,54.838717,11.491818,0.0,Under way using engine
2026-09-13T08:05:54Z,219000809,54.950690,11.484808,8.9,Under way using engine
2026-09-13T08:05:54Z,219002177,54.916345,11.360762,1.5,Under way using engine
2026-09-13T08:05:59Z,219000811,54.838717,11.491817,0.0,Under way using engine
2026-09-13T08:06:24Z,219000809,54.949482,11.484288,8.9,Under way using engine
2026-09-13T08:06:29Z,219000811,54.838715,11.491817,0.0,Under way using engine
2026-09-13T08:06:35Z,219002177,54.916342,11.361657,3.6,Under way using engine
2026-09-13T08:06:54Z,219000809,54.948307,11.483702,8.9,Under way using engine
2026-09-13T08:06:59Z,219000811,54.838715,11.491815,0.0,Under way using engine
2026-09-13T08:07:13Z,219002177,54.916310,11.362997,4.7,Under way using engine
2026-09-13T08:07:24Z,219000809,54.947150,11.483052,8.8,Under way using engine
2026-09-13T08:07:29Z,219000811,54.838717,11.491812,0.0,Under way using engine
2026-09-13T08:07:44Z,219002177,54.916335,11.364258,5.2,Under way using engine
2026-09-13T08:07:54Z,219000809,54.945985,11.482445,8.9,Under way using engine
2026-09-13T08:07:59Z,219000811,54.838718,11.491810,0.0,Under way using engine
2026-09-13T08:08:23Z,219002177,54.916427,11.365970,5.7,Under way using engine
2026-09-13T08:08:25Z,219000809,54.944753,11.481840,8.8,Under way using engine
2026-09-13T08:08:29Z,219000811,54.838718,11.491808,0.0,Under way using engine
2026-09-13T08:08:54Z,219002177,54.916522,11.367413,5.9,Under way using engine
2026-09-13T08:08:59Z,219000809,54.943632,11.481228,8.8,Under way using engine
2026-09-13T08:08:59Z,219000811,54.838718,11.491812,0.0,Under way using engine
2026-09-13T08:09:24Z,219002177,54.916598,11.368805,6.0,Under way using engine
2026-09-13T08:09:29Z,219000811,54.838718,11.491813,0.0,Under way using engine
2026-09-13T08:09:32Z,219000809,54.942475,11.479822,8.3,Under way using engine
2026-09-13T08:09:54Z,219002177,54.916793,11.370205,5.9,Under way using engine
2026-09-13T08:09:59Z,219000811,54.838718,11.491815,0.0,Under way using engine
2026-09-13T08:10:02Z,219000809,54.941697,11.478445,7.8,Under way using engine
2026-09-13T08:10:24Z,219002177,54.917257,11.371148,4.8,Under way using engine
2026-09-13T08:10:29Z,219000811,54.838720,11.491818,0.0,Under way using engine
2026-09-13T08:10:34Z,219000809,54.940887,11.476978,7.6,Under way using engine
2026-09-13T08:10:54Z,219002177,54.917910,11.371253,4.9,Under way using engine
2026-09-13T08:10:59Z,219000811,54.838720,11.491820,0.0,Under way using engine
2026-09-13T08:11:04Z,219000809,54.940177,11.475668,7.5,Under way using engine
2026-09-13T08:11:24Z,219002177,54.918627,11.371320,5.3,Under way using engine
2026-09-13T08:11:29Z,219000811,54.838722,11.491818,0.0,Under way using engine
2026-09-13T08:11:36Z,219000809,54.939418,11.474232,7.6,Under way using engine
2026-09-13T08:11:54Z,219002177,54.919375,11.371432,5.5,Under way using engine
2026-09-13T08:11:59Z,219000811,54.838722,11.491815,0.0,Under way using engine
2026-09-13T08:12:06Z,219000809,54.938923,11.472618,8.2,Under way using engine
2026-09-13T08:12:24Z,219002177,54.920157,11.371518,5.7,Under way using engine
2026-09-13T08:12:30Z,219000811,54.838722,11.491810,0.0,Under way using engine
2026-09-13T08:12:36Z,219000809,54.938397,11.470670,8.8,Under way using engine
2026-09-13T08:12:54Z,219002177,54.920943,11.371607,5.8,Under way using engine
2026-09-13T08:13:06Z,219000809,54.937842,11.468837,8.9,Under way using engine
2026-09-13T08:13:10Z,219000811,54.838723,11.491810,0.0,Under way using engine
2026-09-13T08:13:24Z,219002177,54.921753,11.371708,5.9,Under way using engine
2026-09-13T08:13:36Z,219000809,54.937283,11.466843,8.9,Under way using engine
2026-09-13T08:13:49Z,219000811,54.838722,11.491812,0.0,Under way using engine
2026-09-13T08:13:54Z,219002177,54.922568,11.371842,6.0,Under way using engine
2026-09-13T08:14:06Z,219000809,54.936720,11.464987,9.0,Under way using engine
2026-09-13T08:14:20Z,219000811,54.838722,11.491812,0.0,Under way using engine
2026-09-13T08:14:24Z,219002177,54.923392,11.372025,6.0,Under way using engine
2026-09-13T08:14:36Z,219000809,54.936147,11.463005,8.9,Under way using engine
2026-09-13T08:14:54Z,219002177,54.924225,11.372173,6.0,Under way using engine
2026-09-13T08:15:00Z,219000811,54.838720,11.491813,0.0,Under way using engine
2026-09-13T08:15:06Z,219000809,54.935615,11.461157,8.9,Under way using engine
2026-09-13T08:15:24Z,219002177,54.925062,11.372320,6.1,Under way using engine
2026-09-13T08:15:30Z,219000811,54.838718,11.491818,0.0,Under way using engine
2026-09-13T08:15:36Z,219000809,54.935082,11.459160,8.8,Under way using engine
2026-09-13T08:15:55Z,219002177,54.925952,11.372395,6.3,Under way using engine
2026-09-13T08:16:00Z,219000811,54.838720,11.491817,0.0,Under way using engine
2026-09-13T08:16:06Z,219000809,54.934553,11.457325,8.8,Under way using engine
2026-09-13T08:16:30Z,219000811,54.838722,11.491817,0.0,Under way using engine
2026-09-13T08:16:35Z,219002177,54.927128,11.372365,6.5,Under way using engine
2026-09-13T08:16:36Z,219000809,54.934032,11.455407,8.8,Under way using engine
2026-09-13T08:17:00Z,219000811,54.838722,11.491815,0.0,Under way using engine
2026-09-13T08:17:05Z,219002177,54.928042,11.372340,6.6,Under way using engine
2026-09-13T08:17:06Z,219000809,54.933487,11.453502,8.8,Under way using engine
2026-09-13T08:17:30Z,219000811,54.838722,11.491815,0.0,Under way using engine
2026-09-13T08:17:35Z,219002177,54.928967,11.372300,6.7,Under way using engine
2026-09-13T08:17:36Z,219000809,54.932737,11.451832,8.8,Under way using engine
2026-09-13T08:18:01Z,219000811,54.838722,11.491813,0.0,Under way using engine
2026-09-13T08:18:05Z,219002177,54.929895,11.372263,6.7,Under way using engine
2026-09-13T08:18:06Z,219000809,54.932000,11.450153,8.8,Under way using engine
2026-09-13T08:18:35Z,219002177,54.930808,11.372232,6.7,Under way using engine
2026-09-13T08:18:36Z,219000809,54.931258,11.448455,8.8,Under way using engine
2026-09-13T08:18:39Z,219000811,54.838720,11.491813,0.0,Under way using engine
2026-09-13T08:19:05Z,219002177,54.931732,11.372163,6.7,Under way using engine
2026-09-13T08:19:10Z,219000811,54.838718,11.491815,0.0,Under way using engine
2026-09-13T08:19:15Z,219000809,54.930275,11.446228,8.6,Under way using engine
2026-09-13T08:19:35Z,219002177,54.932642,11.372092,6.4,Under way using engine
2026-09-13T08:19:46Z,219000809,54.929568,11.444577,8.7,Under way using engine
2026-09-13T08:19:49Z,219000811,54.838717,11.491817,0.0,Under way using engine
2026-09-13T08:20:05Z,219002177,54.933445,11.371973,5.6,Under way using engine
2026-09-13T08:20:20Z,219000811,54.838713,11.491813,0.0,Under way using engine
2026-09-13T08:20:25Z,219000809,54.928600,11.442418,8.8,Under way using engine
2026-09-13T08:20:35Z,219002177,54.934167,11.371763,5.1,Under way using engine
2026-09-13T08:20:55Z,219000809,54.927885,11.440718,8.8,Under way using engine
2026-09-13T08:20:59Z,219000811,54.838713,11.491812,0.0,Under way using engine
2026-09-13T08:21:14Z,219002177,54.934998,11.371568,4.1,Under way using engine
2026-09-13T08:21:25Z,219000809,54.927142,11.439070,8.7,Under way using engine
2026-09-13T08:21:30Z,219000811,54.838715,11.491813,0.0,Under way using engine
2026-09-13T08:21:45Z,219002177,54.935392,11.371572,2.3,Under way using engine
2026-09-13T08:22:10Z,219000811,54.838712,11.491817,0.0,Under way using engine
2026-09-13T08:22:15Z,219000809,54.925882,11.436240,8.8,Under way using engine
2026-09-13T08:22:15Z,219002177,54.935600,11.371640,1.2,Under way using engine
2026-09-13T08:22:45Z,219000809,54.925150,11.434657,8.7,Under way using engine
2026-09-13T08:22:45Z,219002177,54.935700,11.371720,0.7,Under way using engine
2026-09-13T08:22:49Z,219000811,54.838710,11.491818,0.0,Under way using engine
2026-09-13T08:23:15Z,219000809,54.924333,11.433002,8.8,Under way using engine
2026-09-13T08:23:15Z,219002177,54.935773,11.371762,0.5,Under way using engine
2026-09-13T08:23:20Z,219000811,54.838710,11.491815,0.0,Under way using engine
2026-09-13T08:23:45Z,219000809,54.923608,11.431425,8.6,Under way using engine
2026-09-13T08:23:45Z,219002177,54.935825,11.371820,0.5,Under way using engine
2026-09-13T08:23:59Z,219000811,54.838713,11.491818,0.0,Under way using engine
2026-09-13T08:24:15Z,219000809,54.922862,11.429750,8.6,Under way using engine
2026-09-13T08:24:15Z,219002177,54.935892,11.371875,0.5,Under way using engine
2026-09-13T08:24:29Z,219000811,54.838715,11.491822,0.0,Under way using engine
2026-09-13T08:24:45Z,219000809,54.922137,11.428157,8.7,Under way using engine
2026-09-13T08:24:54Z,219002177,54.935962,11.371948,0.3,Under way using engine
2026-09-13T08:24:59Z,219000811,54.838715,11.491820,0.0,Under way using engine
2026-09-13T08:25:16Z,219000809,54.921360,11.426478,8.6,Under way using engine
2026-09-13T08:25:25Z,219002177,54.935957,11.371952,0.0,Under way using engine
2026-09-13T08:25:29Z,219000811,54.838715,11.491822,0.0,Under way using engine
2026-09-13T08:25:54Z,219000809,54.920365,11.424358,8.7,Under way using engine
2026-09-13T08:25:59Z,219000811,54.838713,11.491818,0.0,Under way using engine
2026-09-13T08:26:03Z,219002177,54.935968,11.371950,0.0,Under way using engine
2026-09-13T08:26:25Z,219000809,54.919607,11.422693,8.5,Under way using engine
2026-09-13T08:26:29Z,219000811,54.838717,11.491815,0.0,Under way using engine
2026-09-13T08:26:35Z,219002177,54.935962,11.371958,0.0,Under way using engine
2026-09-13T08:26:56Z,219000809,54.918873,11.421152,8.7,Under way using engine
2026-09-13T08:26:59Z,219000811,54.838717,11.491817,0.0,Under way using engine
2026-09-13T08:27:05Z,219002177,54.935965,11.371947,0.0,Under way using engine
2026-09-13T08:27:29Z,219000811,54.838713,11.491818,0.0,Under way using engine
2026-09-13T08:27:34Z,219000809,54.917880,11.419017,8.6,Under way using engine
2026-09-13T08:27:35Z,219002177,54.935978,11.371938,0.0,Under way using engine
2026-09-13T08:27:59Z,219000811,54.838715,11.491817,0.0,Under way using engine
2026-09-13T08:28:05Z,219000809,54.917177,11.417360,8.6,Under way using engine
2026-09-13T08:28:05Z,219002177,54.935970,11.371937,0.0,Under way using engine
2026-09-13T08:28:29Z,219000811,54.838712,11.491815,0.0,Under way using engine
2026-09-13T08:28:35Z,219002177,54.935970,11.371960,0.0,Under way using engine
2026-09-13T08:28:45Z,219000809,54.916257,11.415140,8.4,Under way using engine
2026-09-13T08:29:00Z,219000811,54.838715,11.491817,0.0,Under way using engine
2026-09-13T08:29:05Z,219002177,54.935962,11.371958,0.0,Under way using engine
2026-09-13T08:29:16Z,219000809,54.915532,11.413408,8.6,Under way using engine
2026-09-13T08:29:30Z,219000811,54.838710,11.491820,0.0,Under way using engine
2026-09-13T08:29:35Z,219002177,54.935993,11.371938,0.0,Under way using engine
2026-09-13T08:29:55Z,219000809,54.914590,11.411188,8.6,Under way using engine
2026-09-13T08:30:00Z,219000811,54.838703,11.491823,0.0,Under way using engine
2026-09-13T08:30:05Z,219002177,54.935980,11.371940,0.0,Under way using engine
2026-09-13T08:30:30Z,219000811,54.838705,11.491820,0.0,Under way using engine
2026-09-13T08:30:35Z,219000809,54.913685,11.408973,8.5,Under way using engine
2026-09-13T08:30:44Z,219002177,54.935982,11.371950,0.0,Under way using engine
2026-09-13T08:31:00Z,219000811,54.838703,11.491820,0.0,Under way using engine
2026-09-13T08:31:05Z,219000809,54.912940,11.407447,8.5,Under way using engine
2026-09-13T08:31:15Z,219002177,54.935983,11.371935,0.0,Under way using engine
2026-09-13T08:31:30Z,219000811,54.838705,11.491820,0.0,Under way using engine
2026-09-13T08:31:35Z,219000809,54.912207,11.405777,8.5,Under way using engine
2026-09-13T08:31:54Z,219002177,54.935972,11.371955,0.0,Under way using engine
2026-09-13T08:32:00Z,219000811,54.838705,11.491823,0.0,Under way using engine
2026-09-13T08:32:05Z,219000809,54.911515,11.404195,8.5,Under way using engine
2026-09-13T08:32:24Z,219002177,54.935958,11.371967,0.0,Under way using engine
2026-09-13T08:32:30Z,219000811,54.838705,11.491827,0.0,Under way using engine
2026-09-13T08:32:35Z,219000809,54.910812,11.402477,8.5,Under way using engine
2026-09-13T08:32:54Z,219002177,54.935963,11.371938,0.1,Under way using engine
2026-09-13T08:33:00Z,219000811,54.838707,11.491828,0.0,Under way using engine
2026-09-13T08:33:06Z,219000809,54.910145,11.400760,8.6,Under way using engine
2026-09-13T08:33:24Z,219002177,54.935958,11.371948,0.1,Under way using engine
2026-09-13T08:33:40Z,219000811,54.838707,11.491830,0.0,Under way using engine
2026-09-13T08:33:45Z,219000809,54.909225,11.398593,8.7,Under way using engine
2026-09-13T08:34:04Z,219002177,54.935973,11.371930,0.0,Under way using engine
2026-09-13T08:34:16Z,219000809,54.908553,11.396778,8.5,Under way using engine
2026-09-13T08:34:19Z,219000811,54.838705,11.491830,0.0,Under way using engine
2026-09-13T08:34:35Z,219002177,54.935970,11.371938,0.0,Under way using engine
2026-09-13T08:34:48Z,219000809,54.908355,11.394717,7.9,Under way using engine
2026-09-13T08:34:50Z,219000811,54.838703,11.491830,0.0,Under way using engine
2026-09-13T08:35:15Z,219002177,54.935795,11.371855,2.0,Under way using engine
2026-09-13T08:35:18Z,219000809,54.908905,11.393140,7.8,Under way using engine
2026-09-13T08:35:29Z,219000811,54.838700,11.491827,0.0,Under way using engine
2026-09-13T08:35:53Z,219002177,54.935117,11.371330,5.1,Under way using engine
2026-09-13T08:35:56Z,219000809,54.909803,11.391353,8.1,Under way using engine
2026-09-13T08:36:00Z,219000811,54.838702,11.491827,0.0,Under way using engine
2026-09-13T08:36:24Z,219002177,54.934388,11.370652,6.3,Under way using engine
2026-09-13T08:36:35Z,219000809,54.910783,11.389390,8.2,Under way using engine
2026-09-13T08:36:40Z,219000811,54.838705,11.491827,0.0,Under way using engine
2026-09-13T08:37:04Z,219002177,54.933067,11.370518,7.8,Under way using engine
2026-09-13T08:37:06Z,219000809,54.911512,11.387863,8.3,Under way using engine
2026-09-13T08:37:20Z,219000811,54.838707,11.491825,0.0,Under way using engine
2026-09-13T08:37:35Z,219002177,54.931898,11.370437,8.3,Under way using engine
2026-09-13T08:37:44Z,219000809,54.912465,11.385848,8.3,Under way using engine
2026-09-13T08:38:00Z,219000811,54.838710,11.491823,0.0,Under way using engine
2026-09-13T08:38:14Z,219002177,54.930350,11.370345,8.7,Under way using engine
2026-09-13T08:38:16Z,219000809,54.913227,11.384278,8.3,Under way using engine
2026-09-13T08:38:40Z,219000811,54.838710,11.491823,0.0,Under way using engine
2026-09-13T08:38:45Z,219002177,54.929097,11.370312,8.7,Under way using engine
2026-09-13T08:38:56Z,219000809,54.914198,11.382132,8.4,Under way using engine
2026-09-13T08:39:20Z,219000811,54.838712,11.491823,0.0,Under way using engine
2026-09-13T08:39:25Z,219002177,54.927543,11.370432,8.3,Under way using engine
2026-09-13T08:39:35Z,219000809,54.915090,11.379982,8.5,Under way using engine
2026-09-13T08:40:00Z,219000811,54.838712,11.491822,0.0,Under way using engine
2026-09-13T08:40:06Z,219000809,54.915743,11.378300,8.5,Under way using engine
2026-09-13T08:40:14Z,219002177,54.925698,11.370657,8.2,Under way using engine
2026-09-13T08:40:38Z,219000809,54.916367,11.376340,8.4,Under way using engine
2026-09-13T08:40:40Z,219000811,54.838715,11.491823,0.0,Under way using engine
2026-09-13T08:40:45Z,219002177,54.924513,11.370860,8.3,Under way using engine
2026-09-13T08:41:12Z,219000809,54.916762,11.374247,8.3,Under way using engine
2026-09-13T08:41:15Z,219002177,54.923372,11.371077,8.3,Under way using engine
2026-09-13T08:41:19Z,219000811,54.838718,11.491825,0.0,Under way using engine
2026-09-13T08:41:42Z,219000809,54.916797,11.372265,8.4,Under way using engine
2026-09-13T08:41:45Z,219002177,54.922205,11.371270,8.3,Under way using engine
2026-09-13T08:41:49Z,219000811,54.838718,11.491823,0.0,Under way using engine
2026-09-13T08:42:12Z,219000809,54.916692,11.370230,8.6,Under way using engine
2026-09-13T08:42:15Z,219002177,54.921082,11.371438,8.2,Under way using engine
2026-09-13T08:42:19Z,219000811,54.838715,11.491822,0.0,Under way using engine
2026-09-13T08:42:46Z,219000809,54.916535,11.367925,8.3,Under way using engine
2026-09-13T08:42:49Z,219000811,54.838715,11.491823,0.0,Under way using engine
2026-09-13T08:42:54Z,219002177,54.919622,11.371582,7.8,Under way using engine
2026-09-13T08:43:18Z,219000809,54.916602,11.365895,7.5,Under way using engine
2026-09-13T08:43:19Z,219000811,54.838715,11.491823,0.0,Under way using engine
2026-09-13T08:43:24Z,219002177,54.918547,11.371645,7.6,Under way using engine
2026-09-13T08:43:48Z,219000809,54.916432,11.364307,6.4,Under way using engine
2026-09-13T08:43:49Z,219000811,54.838717,11.491822,0.0,Under way using engine
2026-09-13T08:43:54Z,219002177,54.917510,11.371442,7.3,Under way using engine
2026-09-13T08:44:19Z,219000811,54.838720,11.491818,0.0,Under way using engine
2026-09-13T08:44:24Z,219002177,54.916887,11.370445,6.0,Under way using engine
2026-09-13T08:44:25Z,219000809,54.916282,11.362648,5.6,Under way using engine
2026-09-13T08:44:49Z,219000811,54.838722,11.491815,0.0,Under way using engine
2026-09-13T08:44:54Z,219002177,54.916695,11.368982,6.4,Under way using engine
2026-09-13T08:44:56Z,219000809,54.916192,11.361303,5.4,Under way using engine
2026-09-13T08:45:19Z,219000811,54.838723,11.491815,0.0,Under way using engine
2026-09-13T08:45:24Z,219002177,54.916538,11.367405,6.6,Under way using engine
2026-09-13T08:45:29Z,219000809,54.915988,11.360522,1.5,Under way using engine
2026-09-13T08:45:49Z,219000811,54.838723,11.491812,0.0,Under way using engine
2026-09-13T08:45:54Z,219002177,54.916425,11.365888,6.4,Under way using engine
2026-09-13T08:45:59Z,219000809,54.915982,11.360555,0.5,Under way using engine
2026-09-13T08:46:19Z,219000811,54.838725,11.491808,0.0,Under way using engine
2026-09-13T08:46:24Z,219002177,54.916413,11.364413,5.9,Under way using engine
2026-09-13T08:46:29Z,219000809,54.916045,11.360485,0.6,Under way using engine
2026-09-13T08:46:49Z,219000811,54.838723,11.491810,0.0,Under way using engine
2026-09-13T08:46:54Z,219002177,54.916328,11.363097,5.4,Under way using engine
2026-09-13T08:47:01Z,219000809,54.916047,11.360282,1.0,Under way using engine
2026-09-13T08:47:19Z,219000811,54.838722,11.491810,0.0,Under way using engine
2026-09-13T08:47:24Z,219002177,54.916277,11.362027,4.1,Under way using engine
2026-09-13T08:47:35Z,219000809,54.916060,11.360082,0.5,Under way using engine
2026-09-13T08:47:49Z,219000811,54.838723,11.491808,0.0,Under way using engine
2026-09-13T08:47:54Z,219002177,54.916333,11.361382,2.1,Under way using engine
2026-09-13T08:48:05Z,219000809,54.916090,11.360055,0.1,Under way using engine
2026-09-13T08:48:19Z,219000811,54.838722,11.491808,0.0,Under way using engine
2026-09-13T08:48:24Z,219002177,54.916368,11.361083,1.0,Under way using engine
2026-09-13T08:48:44Z,219000809,54.916090,11.360040,0.0,Under way using engine
2026-09-13T08:48:49Z,219000811,54.838722,11.491810,0.0,Under way using engine
2026-09-13T08:48:54Z,219002177,54.916365,11.360917,0.6,Under way using engine
2026-09-13T08:49:16Z,219000809,54.916093,11.360053,0.0,Under way using engine
2026-09-13T08:49:19Z,219000811,54.838718,11.491810,0.0,Under way using engine
2026-09-13T08:49:24Z,219002177,54.916382,11.360843,0.3,Under way using engine
2026-09-13T08:49:49Z,219000811,54.838720,11.491810,0.0,Under way using engine
2026-09-13T08:49:54Z,219002177,54.916387,11.360723,0.6,Under way using engine
2026-09-13T08:49:55Z,219000809,54.916087,11.360050,0.0,Under way using engine
2026-09-13T08:50:19Z,219000811,54.838720,11.491812,0.0,Under way using engine
2026-09-13T08:50:24Z,219002177,54.916397,11.360588,0.5,Under way using engine
2026-09-13T08:50:25Z,219000809,54.916077,11.360043,0.0,Under way using engine
2026-09-13T08:50:49Z,219000811,54.838717,11.491813,0.0,Under way using engine
2026-09-13T08:50:59Z,219000809,54.916080,11.360042,0.0,Under way using engine
2026-09-13T08:51:05Z,219002177,54.916373,11.360533,0.0,Under way using engine
2026-09-13T08:51:19Z,219000811,54.838712,11.491815,0.0,Under way using engine
2026-09-13T08:51:34Z,219000809,54.916083,11.360042,0.0,Under way using engine
2026-09-13T08:51:44Z,219002177,54.916373,11.360528,0.0,Under way using engine
2026-09-13T08:51:49Z,219000811,54.838713,11.491818,0.0,Under way using engine
2026-09-13T08:52:06Z,219000809,54.916090,11.360048,0.0,Under way using engine
2026-09-13T08:52:15Z,219002177,54.916370,11.360533,0.0,Under way using engine
2026-09-13T08:52:19Z,219000811,54.838712,11.491820,0.0,Under way using engine
2026-09-13T08:52:44Z,219000809,54.916092,11.360065,0.0,Under way using engine
2026-09-13T08:52:49Z,219000811,54.838710,11.491822,0.0,Under way using engine
2026-09-13T08:52:49Z,219002177,54.916373,11.360548,0.0,Under way using engine
2026-09-13T08:53:16Z,219000809,54.916088,11.360063,0.0,Under way using engine
2026-09-13T08:53:20Z,219000811,54.838707,11.491823,0.0,Under way using engine
2026-09-13T08:53:25Z,219002177,54.916378,11.360553,0.0,Under way using engine
2026-09-13T08:53:55Z,219000809,54.916090,11.360050,0.0,Under way using engine
2026-09-13T08:53:55Z,219002177,54.916382,11.360552,0.0,Under way using engine
2026-09-13T08:53:59Z,219000811,54.838705,11.491825,0.0,Under way using engine
2026-09-13T08:54:25Z,219002177,54.916383,11.360570,0.0,Under way using engine
2026-09-13T08:54:26Z,219000809,54.916092,11.360045,0.0,Under way using engine
2026-09-13T08:54:29Z,219000811,54.838705,11.491825,0.0,Under way using engine
2026-09-13T08:54:55Z,219002177,54.916375,11.360577,0.0,Under way using engine
2026-09-13T08:55:00Z,219000811,54.838705,11.491823,0.0,Under way using engine
2026-09-13T08:55:06Z,219000809,54.916112,11.360048,0.0,Under way using engine
2026-09-13T08:55:25Z,219002177,54.916367,11.360578,0.0,Under way using engine
2026-09-13T08:55:39Z,219000811,54.838698,11.491815,0.0,Under way using engine
2026-09-13T08:55:44Z,219000809,54.916108,11.360038,0.0,Under way using engine
2026-09-13T08:55:55Z,219002177,54.916360,11.360578,0.0,Under way using engine
2026-09-13T08:56:09Z,219000811,54.838695,11.491807,0.0,Under way using engine
2026-09-13T08:56:16Z,219000809,54.916102,11.360028,0.0,Under way using engine
2026-09-13T08:56:25Z,219002177,54.916358,11.360567,0.0,Under way using engine
2026-09-13T08:56:39Z,219000811,54.838700,11.491805,0.0,Under way using engine
2026-09-13T08:56:55Z,219002177,54.916363,11.360570,0.0,Under way using engine
2026-09-13T08:57:01Z,219000809,54.916092,11.360025,0.0,Under way using engine
2026-09-13T08:57:09Z,219000811,54.838707,11.491807,0.0,Under way using engine
2026-09-13T08:57:25Z,219002177,54.916367,11.360575,0.0,Under way using engine
2026-09-13T08:57:35Z,219000809,54.916097,11.360042,0.0,Under way using engine
2026-09-13T08:57:39Z,219000811,54.838712,11.491807,0.0,Under way using engine
2026-09-13T08:57:55Z,219002177,54.916360,11.360573,0.0,Under way using engine
2026-09-13T08:58:09Z,219000811,54.838713,11.491810,0.0,Under way using engine
2026-09-13T08:58:16Z,219000809,54.916087,11.360040,0.0,Under way using engine
2026-09-13T08:58:25Z,219002177,54.916352,11.360577,0.0,Under way using engine
2026-09-13T08:58:39Z,219000811,54.838717,11.491810,0.0,Under way using engine
2026-09-13T08:58:55Z,219000809,54.916090,11.360050,0.0,Under way using engine
2026-09-13T08:59:05Z,219002177,54.916345,11.360582,0.0,Under way using engine
2026-09-13T08:59:09Z,219000811,54.838713,11.491813,0.0,Under way using engine
2026-09-13T08:59:25Z,219000809,54.916078,11.360063,0.0,Under way using engine
2026-09-13T08:59:39Z,219000811,54.838715,11.491817,0.0,Under way using engine
2026-09-13T08:59:43Z,219002177,54.916363,11.360592,0.0,Under way using engine
2026-09-13T08:59:55Z,219000809,54.916082,11.360067,0.0,Under way using engine
2026-09-13T09:00:09Z,219000811,54.838713,11.491817,0.0,Under way using engine
2026-09-13T09:00:14Z,219002177,54.916358,11.360552,0.0,Under way using engine
2026-09-13T09:00:25Z,219000809,54.916080,11.360060,0.0,Under way using engine
2026-09-13T09:00:50Z,219000811,54.838713,11.491822,0.0,Under way using engine
2026-09-13T09:00:54Z,219002177,54.916353,11.360545,0.0,Under way using engine
2026-09-13T09:00:55Z,219000809,54.916080,11.360047,0.0,Under way using engine
2026-09-13T09:01:20Z,219000811,54.838718,11.491823,0.0,Under way using engine
2026-09-13T09:01:24Z,219002177,54.916348,11.360550,0.0,Under way using engine
2026-09-13T09:01:25Z,219000809,54.916078,11.360040,0.0,Under way using engine
2026-09-13T09:01:50Z,219000811,54.838718,11.491823,0.0,Under way using engine
2026-09-13T09:01:54Z,219002177,54.916363,11.360607,0.0,Under way using engine
2026-09-13T09:01:55Z,219000809,54.916075,11.360050,0.0,Under way using engine
2026-09-13T09:02:20Z,219000811,54.838722,11.491825,0.0,Under way using engine
2026-09-13T09:02:24Z,219002177,54.916358,11.360562,0.0,Under way using engine
2026-09-13T09:02:25Z,219000809,54.916073,11.360058,0.0,Under way using engine
2026-09-13T09:02:54Z,219002177,54.916348,11.360570,0.0,Under way using engine
2026-09-13T09:02:55Z,219000809,54.916070,11.360047,0.0,Under way using engine
2026-09-13T09:02:59Z,219000811,54.838725,11.491825,0.0,Under way using engine
2026-09-13T09:03:24Z,219002177,54.916343,11.360565,0.0,Under way using engine
2026-09-13T09:03:25Z,219000809,54.916075,11.360042,0.0,Under way using engine
2026-09-13T09:03:30Z,219000811,54.838727,11.491825,0.0,Under way using engine
2026-09-13T09:03:54Z,219002177,54.916345,11.360570,0.0,Under way using engine
2026-09-13T09:03:55Z,219000809,54.916080,11.360060,0.0,Under way using engine
2026-09-13T09:04:10Z,219000811,54.838728,11.491825,0.0,Under way using engine
2026-09-13T09:04:24Z,219002177,54.916353,11.360582,0.0,Under way using engine
2026-09-13T09:04:25Z,219000809,54.916095,11.360073,0.0,Under way using engine
2026-09-13T09:04:48Z,219000811,54.838725,11.491822,0.0,Under way using engine
2026-09-13T09:04:54Z,219002177,54.916353,11.360575,0.0,Under way using engine
2026-09-13T09:04:55Z,219000809,54.916093,11.360065,0.0,Under way using engine
2026-09-13T09:05:19Z,219000811,54.838727,11.491820,0.0,Under way using engine
2026-09-13T09:05:25Z,219000809,54.916092,11.360063,0.0,Under way using engine
2026-09-13T09:05:34Z,219002177,54.916357,11.360573,0.0,Under way using engine
2026-09-13T09:05:55Z,219000809,54.916073,11.360060,0.0,Under way using engine
2026-09-13T09:05:59Z,219000811,54.838727,11.491813,0.0,Under way using engine
2026-09-13T09:06:13Z,219002177,54.916355,11.360577,0.0,Under way using engine
2026-09-13T09:06:25Z,219000809,54.916072,11.360045,0.0,Under way using engine
2026-09-13T09:06:30Z,219000811,54.838728,11.491813,0.0,Under way using engine
2026-09-13T09:06:44Z,219002177,54.916352,11.360588,0.0,Under way using engine
2026-09-13T09:06:55Z,219000809,54.916088,11.360045,0.0,Under way using engine
2026-09-13T09:07:10Z,219000811,54.838730,11.491808,0.0,Under way using engine
2026-09-13T09:07:23Z,219002177,54.916360,11.360590,0.0,Under way using engine
2026-09-13T09:07:25Z,219000809,54.916088,11.360057,0.0,Under way using engine
2026-09-13T09:07:48Z,219000811,54.838730,11.491815,0.0,Under way using engine
2026-09-13T09:07:54Z,219002177,54.916362,11.360582,0.0,Under way using engine
2026-09-13T09:07:55Z,219000809,54.916095,11.360068,0.0,Under way using engine
2026-09-13T09:08:19Z,219000811,54.838728,11.491817,0.0,Under way using engine
2026-09-13T09:08:25Z,219000809,54.916092,11.360068,0.0,Under way using engine
2026-09-13T09:08:34Z,219002177,54.916360,11.360595,0.0,Under way using engine
2026-09-13T09:08:55Z,219000809,54.916080,11.360068,0.0,Under way using engine
2026-09-13T09:08:59Z,219000811,54.838727,11.491817,0.0,Under way using engine
2026-09-13T09:09:23Z,219002177,54.916365,11.360570,0.0,Under way using engine
2026-09-13T09:09:25Z,219000809,54.916065,11.360068,0.0,Under way using engine
2026-09-13T09:09:29Z,219000811,54.838723,11.491813,0.0,Under way using engine
2026-09-13T09:09:54Z,219002177,54.916368,11.360587,0.0,Under way using engine
2026-09-13T09:09:55Z,219000809,54.916055,11.360072,0.0,Under way using engine
2026-09-13T09:09:59Z,219000811,54.838722,11.491808,0.0,Under way using engine
2026-09-13T09:10:25Z,219000809,54.916053,11.360072,0.0,Under way using engine
2026-09-13T09:10:29Z,219000811,54.838722,11.491812,0.0,Under way using engine
2026-09-13T09:10:33Z,219002177,54.916360,11.360568,0.0,Under way using engine
2026-09-13T09:10:55Z,219000809,54.916080,11.360048,0.0,Under way using engine
2026-09-13T09:11:00Z,219000811,54.838722,11.491813,0.0,Under way using engine
2026-09-13T09:11:03Z,219002177,54.916360,11.360578,0.0,Under way using engine
2026-09-13T09:11:25Z,219000809,54.916092,11.360043,0.0,Under way using engine
2026-09-13T09:11:33Z,219002177,54.916358,11.360543,0.0,Under way using engine
2026-09-13T09:11:39Z,219000811,54.838727,11.491820,0.0,Under way using engine
2026-09-13T09:11:55Z,219000809,54.916088,11.360052,0.0,Under way using engine
2026-09-13T09:12:03Z,219002177,54.916348,11.360568,0.0,Under way using engine
2026-09-13T09:12:09Z,219000811,54.838730,11.491828,0.0,Under way using engine
2026-09-13T09:12:25Z,219000809,54.916088,11.360048,0.0,Under way using engine
2026-09-13T09:12:33Z,219002177,54.916353,11.360580,0.0,Under way using engine
2026-09-13T09:12:39Z,219000811,54.838725,11.491827,0.0,Under way using engine
2026-09-13T09:12:55Z,219000809,54.916088,11.360052,0.0,Under way using engine
2026-09-13T09:13:04Z,219002177,54.916357,11.360573,0.0,Under way using engine
2026-09-13T09:13:09Z,219000811,54.838722,11.491828,0.0,Under way using engine
2026-09-13T09:13:25Z,219000809,54.916080,11.360067,0.0,Under way using engine
2026-09-13T09:13:43Z,219002177,54.916343,11.360570,0.0,Under way using engine
2026-09-13T09:13:50Z,219000811,54.838720,11.491827,0.0,Under way using engine
2026-09-13T09:13:55Z,219000809,54.916063,11.360073,0.0,Under way using engine
2026-09-13T09:14:14Z,219002177,54.916345,11.360550,0.0,Under way using engine
2026-09-13T09:14:20Z,219000811,54.838720,11.491825,0.0,Under way using engine
2026-09-13T09:14:25Z,219000809,54.916040,11.360068,0.0,Under way using engine
2026-09-13T09:14:50Z,219000811,54.838717,11.491823,0.0,Under way using engine
2026-09-13T09:14:54Z,219002177,54.916345,11.360563,0.0,Under way using engine
2026-09-13T09:14:56Z,219000809,54.916043,11.360058,0.0,Under way using engine
2026-09-13T09:15:20Z,219000811,54.838717,11.491818,0.0,Under way using engine
2026-09-13T09:15:24Z,219002177,54.916353,11.360567,0.0,Under way using engine
2026-09-13T09:15:36Z,219000809,54.916067,11.360050,0.0,Under way using engine
2026-09-13T09:15:50Z,219000811,54.838718,11.491817,0.0,Under way using engine
2026-09-13T09:15:54Z,219002177,54.916358,11.360570,0.0,Under way using engine
2026-09-13T09:16:16Z,219000809,54.916087,11.360045,0.0,Under way using engine
2026-09-13T09:16:29Z,219000811,54.838718,11.491817,0.0,Under way using engine
2026-09-13T09:16:34Z,219002177,54.916355,11.360538,0.0,Under way using engine
2026-09-13T09:16:56Z,219000809,54.916088,11.360040,0.0,Under way using engine
2026-09-13T09:17:04Z,219002177,54.916360,11.360572,0.0,Under way using engine
2026-09-13T09:17:09Z,219000811,54.838717,11.491818,0.0,Under way using engine
2026-09-13T09:17:34Z,219002177,54.916363,11.360588,0.0,Under way using engine
2026-09-13T09:17:36Z,219000809,54.916092,11.360040,0.0,Under way using engine
2026-09-13T09:17:39Z,219000811,54.838717,11.491817,0.0,Under way using engine
2026-09-13T09:18:04Z,219002177,54.916365,11.360565,0.0,Under way using engine
2026-09-13T09:18:09Z,219000811,54.838715,11.491813,0.0,Under way using engine
2026-09-13T09:18:16Z,219000809,54.916085,11.360058,0.0,Under way using engine
2026-09-13T09:18:34Z,219002177,54.916362,11.360582,0.0,Under way using engine
2026-09-13T09:18:39Z,219000811,54.838713,11.491813,0.0,Under way using engine
2026-09-13T09:18:56Z,219000809,54.916090,11.360062,0.0,Under way using engine
2026-09-13T09:19:04Z,219002177,54.916367,11.360575,0.0,Under way using engine
2026-09-13T09:19:09Z,219000811,54.838710,11.491815,0.0,Under way using engine
2026-09-13T09:19:34Z,219002177,54.916360,11.360582,0.0,Under way using engine
2026-09-13T09:19:36Z,219000809,54.916083,11.360065,0.0,Under way using engine
2026-09-13T09:19:39Z,219000811,54.838708,11.491817,0.0,Under way using engine
2026-09-13T09:20:04Z,219002177,54.916362,11.360585,0.0,Under way using engine
2026-09-13T09:20:06Z,219000809,54.916097,11.360083,0.0,Under way using engine
2026-09-13T09:20:09Z,219000811,54.838708,11.491820,0.0,Under way using engine
2026-09-13T09:20:34Z,219002177,54.916362,11.360565,0.0,Under way using engine
2026-09-13T09:20:36Z,219000809,54.916097,11.360077,0.0,Under way using engine
2026-09-13T09:20:39Z,219000811,54.838708,11.491820,0.0,Under way using engine
2026-09-13T09:21:06Z,219000809,54.916102,11.360080,0.0,Under way using engine
2026-09-13T09:21:09Z,219000811,54.838710,11.491823,0.0,Under way using engine
2026-09-13T09:21:15Z,219002177,54.916362,11.360593,0.0,Under way using engine
2026-09-13T09:21:36Z,219000809,54.916085,11.360072,0.0,Under way using engine
2026-09-13T09:21:39Z,219000811,54.838712,11.491827,0.0,Under way using engine
2026-09-13T09:21:53Z,219002177,54.916350,11.360560,0.0,Under way using engine
2026-09-13T09:22:06Z,219000809,54.916083,11.360068,0.0,Under way using engine
2026-09-13T09:22:09Z,219000811,54.838712,11.491830,0.0,Under way using engine
2026-09-13T09:22:23Z,219002177,54.916363,11.360583,0.0,Under way using engine
2026-09-13T09:22:39Z,219000811,54.838713,11.491830,0.0,Under way using engine
2026-09-13T09:22:44Z,219000809,54.916080,11.360062,0.0,Under way using engine
2026-09-13T09:22:53Z,219002177,54.916353,11.360573,0.0,Under way using engine
2026-09-13T09:23:09Z,219000811,54.838713,11.491830,0.0,Under way using engine
2026-09-13T09:23:16Z,219000809,54.916087,11.360060,0.0,Under way using engine
2026-09-13T09:23:23Z,219002177,54.916350,11.360570,0.0,Under way using engine
2026-09-13T09:23:40Z,219000811,54.838712,11.491828,0.0,Under way using engine
2026-09-13T09:23:53Z,219002177,54.916353,11.360565,0.0,Under way using engine
2026-09-13T09:23:56Z,219000809,54.916085,11.360063,0.0,Under way using engine
2026-09-13T09:24:19Z,219000811,54.838708,11.491827,0.0,Under way using engine
2026-09-13T09:24:25Z,219002177,54.916350,11.360573,0.0,Under way using engine
2026-09-13T09:24:26Z,219000809,54.916082,11.360058,0.0,Under way using engine
2026-09-13T09:24:49Z,219000811,54.838708,11.491820,0.0,Under way using engine
2026-09-13T09:24:56Z,219000809,54.916080,11.360057,0.0,Under way using engine
2026-09-13T09:25:03Z,219002177,54.916357,11.360587,0.0,Under way using engine
2026-09-13T09:25:19Z,219000811,54.838708,11.491818,0.0,Under way using engine
2026-09-13T09:25:26Z,219000809,54.916070,11.360065,0.0,Under way using engine
2026-09-13T09:25:35Z,219002177,54.916368,11.360582,0.0,Under way using engine
2026-09-13T09:25:49Z,219000811,54.838707,11.491817,0.0,Under way using engine
2026-09-13T09:25:56Z,219000809,54.916075,11.360075,0.0,Under way using engine
2026-09-13T09:26:14Z,219002177,54.916360,11.360588,0.0,Under way using engine
2026-09-13T09:26:19Z,219000811,54.838707,11.491818,0.0,Under way using engine
2026-09-13T09:26:26Z,219000809,54.916078,11.360073,0.0,Under way using engine
2026-09-13T09:26:45Z,219002177,54.916367,11.360560,0.0,Under way using engine
2026-09-13T09:26:49Z,219000811,54.838705,11.491822,0.0,Under way using engine
2026-09-13T09:26:56Z,219000809,54.916092,11.360065,0.0,Under way using engine
2026-09-13T09:27:19Z,219000811,54.838705,11.491823,0.0,Under way using engine
2026-09-13T09:27:25Z,219002177,54.916363,11.360578,0.0,Under way using engine
2026-09-13T09:27:26Z,219000809,54.916073,11.360070,0.0,Under way using engine
2026-09-13T09:27:49Z,219000811,54.838707,11.491827,0.0,Under way using engine
2026-09-13T09:27:56Z,219000809,54.916072,11.360077,0.0,Under way using engine
2026-09-13T09:28:03Z,219002177,54.916363,11.360565,0.0,Under way using engine
2026-09-13T09:28:19Z,219000811,54.838710,11.491830,0.0,Under way using engine
2026-09-13T09:28:26Z,219000809,54.916063,11.360093,0.0,Under way using engine
2026-09-13T09:28:34Z,219002177,54.916363,11.360577,0.0,Under way using engine
2026-09-13T09:28:49Z,219000811,54.838712,11.491833,0.0,Under way using engine
2026-09-13T09:28:56Z,219000809,54.916060,11.360075,0.0,Under way using engine
2026-09-13T09:29:04Z,219002177,54.916358,11.360560,0.0,Under way using engine
2026-09-13T09:29:19Z,219000811,54.838712,11.491832,0.0,Under way using engine
2026-09-13T09:29:26Z,219000809,54.916062,11.360077,0.0,Under way using engine
2026-09-13T09:29:34Z,219002177,54.916367,11.360567,0.0,Under way using engine
2026-09-13T09:29:49Z,219000811,54.838712,11.491830,0.0,Under way using engine
2026-09-13T09:29:56Z,219000809,54.916062,11.360075,0.0,Under way using engine
2026-09-13T09:30:04Z,219002177,54.916348,11.360567,0.0,Under way using engine
2026-09-13T09:30:19Z,219000811,54.838712,11.491830,0.0,Under way using engine
2026-09-13T09:30:26Z,219000809,54.916063,11.360085,0.0,Under way using engine
2026-09-13T09:30:34Z,219002177,54.916363,11.360567,0.0,Under way using engine
2026-09-13T09:30:49Z,219000811,54.838712,11.491833,0.0,Under way using engine
2026-09-13T09:30:56Z,219000809,54.916072,11.360082,0.0,Under way using engine
2026-09-13T09:31:04Z,219002177,54.916355,11.360572,0.0,Under way using engine
2026-09-13T09:31:19Z,219000811,54.838715,11.491838,0.0,Under way using engine
2026-09-13T09:31:26Z,219000809,54.916073,11.360082,0.0,Under way using engine
2026-09-13T09:31:34Z,219002177,54.916360,11.360562,0.0,Under way using engine
2026-09-13T09:31:49Z,219000811,54.838723,11.491840,0.0,Under way using engine
2026-09-13T09:31:56Z,219000809,54.916068,11.360068,0.0,Under way using engine
2026-09-13T09:32:04Z,219002177,54.916348,11.360552,0.0,Under way using engine
2026-09-13T09:32:19Z,219000811,54.838722,11.491842,0.0,Under way using engine
2026-09-13T09:32:26Z,219000809,54.916083,11.360075,0.0,Under way using engine
2026-09-13T09:32:44Z,219002177,54.916353,11.360577,0.0,Under way using engine
2026-09-13T09:32:49Z,219000811,54.838720,11.491840,0.0,Under way using engine
2026-09-13T09:32:56Z,219000809,54.916092,11.360080,0.0,Under way using engine
2026-09-13T09:33:14Z,219002177,54.916362,11.360557,0.0,Under way using engine
2026-09-13T09:33:19Z,219000811,54.838720,11.491837,0.0,Under way using engine
2026-09-13T09:33:26Z,219000809,54.916095,11.360108,0.0,Under way using engine
2026-09-13T09:33:44Z,219002177,54.916365,11.360578,0.0,Under way using engine
2026-09-13T09:33:50Z,219000811,54.838717,11.491837,0.0,Under way using engine
2026-09-13T09:33:56Z,219000809,54.916088,11.360100,0.0,Under way using engine
2026-09-13T09:34:25Z,219002177,54.916363,11.360577,0.0,Under way using engine
2026-09-13T09:34:26Z,219000809,54.916087,11.360120,0.0,Under way using engine
2026-09-13T09:34:29Z,219000811,54.838713,11.491835,0.0,Under way using engine
2026-09-13T09:34:56Z,219000809,54.916078,11.360102,0.0,Under way using engine
2026-09-13T09:34:59Z,219000811,54.838712,11.491830,0.0,Under way using engine
2026-09-13T09:35:04Z,219002177,54.916342,11.360548,0.0,Under way using engine
2026-09-13T09:35:29Z,219000811,54.838712,11.491825,0.0,Under way using engine
2026-09-13T09:35:36Z,219000809,54.916080,11.360063,0.0,Under way using engine
2026-09-13T09:35:43Z,219002177,54.916368,11.360545,0.0,Under way using engine
2026-09-13T09:35:59Z,219000811,54.838712,11.491823,0.0,Under way using engine
2026-09-13T09:36:15Z,219000809,54.916092,11.360062,0.0,Under way using engine
2026-09-13T09:36:25Z,219002177,54.916365,11.360562,0.0,Under way using engine
2026-09-13T09:36:29Z,219000811,54.838713,11.491822,0.0,Under way using engine
2026-09-13T09:36:45Z,219000809,54.916087,11.360065,0.0,Under way using engine
2026-09-13T09:37:05Z,219002177,54.916363,11.360577,0.0,Under way using engine
2026-09-13T09:37:09Z,219000811,54.838713,11.491823,0.0,Under way using engine
2026-09-13T09:37:15Z,219000809,54.916075,11.360090,0.0,Under way using engine
2026-09-13T09:37:40Z,219000811,54.838713,11.491825,0.0,Under way using engine
2026-09-13T09:37:43Z,219002177,54.916342,11.360570,0.0,Under way using engine
2026-09-13T09:37:45Z,219000809,54.916050,11.360055,0.0,Under way using engine
2026-09-13T09:38:10Z,219000811,54.838713,11.491825,0.0,Under way using engine
2026-09-13T09:38:15Z,219000809,54.916062,11.360070,0.0,Under way using engine
2026-09-13T09:38:25Z,219002177,54.916352,11.360572,0.0,Under way using engine
2026-09-13T09:38:40Z,219000811,54.838713,11.491825,0.0,Under way using engine
2026-09-13T09:38:45Z,219000809,54.916062,11.360063,0.0,Under way using engine
2026-09-13T09:39:05Z,219002177,54.916362,11.360603,0.0,Under way using engine
2026-09-13T09:39:10Z,219000811,54.838713,11.491822,0.0,Under way using engine
2026-09-13T09:39:15Z,219000809,54.916062,11.360065,0.0,Under way using engine
2026-09-13T09:39:40Z,219000811,54.838715,11.491817,0.0,Under way using engine
2026-09-13T09:39:43Z,219002177,54.916352,11.360570,0.0,Under way using engine
2026-09-13T09:39:45Z,219000809,54.916062,11.360057,0.0,Under way using engine
2026-09-13T09:40:10Z,219000811,54.838717,11.491815,0.0,Under way using engine
2026-09-13T09:40:13Z,219002177,54.916342,11.360558,0.0,Under way using engine
2026-09-13T09:40:15Z,219000809,54.916070,11.360053,0.0,Under way using engine
2026-09-13T09:40:40Z,219000811,54.838718,11.491815,0.0,Under way using engine
2026-09-13T09:40:43Z,219002177,54.916348,11.360563,0.0,Under way using engine
2026-09-13T09:40:45Z,219000809,54.916077,11.360050,0.0,Under way using engine
2026-09-13T09:41:10Z,219000811,54.838723,11.491817,0.0,Under way using engine
2026-09-13T09:41:13Z,219002177,54.916355,11.360570,0.0,Under way using engine
2026-09-13T09:41:15Z,219000809,54.916077,11.360060,0.0,Under way using engine
2026-09-13T09:41:43Z,219002177,54.916332,11.360557,0.0,Under way using engine
2026-09-13T09:41:46Z,219000809,54.916065,11.360057,0.0,Under way using engine
2026-09-13T09:41:48Z,219000811,54.838728,11.491817,0.0,Under way using engine
2026-09-13T09:42:13Z,219002177,54.916340,11.360557,0.0,Under way using engine
2026-09-13T09:42:20Z,219000811,54.838733,11.491817,0.0,Under way using engine
2026-09-13T09:42:25Z,219000809,54.916058,11.360067,0.0,Under way using engine
2026-09-13T09:42:43Z,219002177,54.916335,11.360563,0.0,Under way using engine
2026-09-13T09:42:55Z,219000809,54.916037,11.360047,0.0,Under way using engine
2026-09-13T09:43:00Z,219000811,54.838735,11.491820,0.0,Under way using engine
2026-09-13T09:43:13Z,219002177,54.916342,11.360573,0.0,Under way using engine
2026-09-13T09:43:25Z,219000809,54.916052,11.360028,0.0,Under way using engine
2026-09-13T09:43:38Z,219000811,54.838732,11.491822,0.0,Under way using engine
2026-09-13T09:43:43Z,219002177,54.916350,11.360562,0.0,Under way using engine
2026-09-13T09:43:55Z,219000809,54.916067,11.360033,0.0,Under way using engine
2026-09-13T09:44:08Z,219000811,54.838730,11.491827,0.0,Under way using engine
2026-09-13T09:44:13Z,219002177,54.916358,11.360558,0.0,Under way using engine
2026-09-13T09:44:25Z,219000809,54.916073,11.360040,0.0,Under way using engine
2026-09-13T09:44:38Z,219000811,54.838730,11.491828,0.0,Under way using engine
2026-09-13T09:44:53Z,219002177,54.916353,11.360555,0.0,Under way using engine
2026-09-13T09:44:55Z,219000809,54.916057,11.360033,0.0,Under way using engine
2026-09-13T09:45:08Z,219000811,54.838728,11.491827,0.0,Under way using engine
2026-09-13T09:45:25Z,219000809,54.916058,11.360042,0.0,Under way using engine
2026-09-13T09:45:25Z,219002177,54.916358,11.360563,0.0,Under way using engine
2026-09-13T09:45:38Z,219000811,54.838727,11.491827,0.0,Under way using engine
2026-09-13T09:45:55Z,219000809,54.916072,11.360055,0.0,Under way using engine
2026-09-13T09:46:04Z,219002177,54.916352,11.360557,0.0,Under way using engine
2026-09-13T09:46:08Z,219000811,54.838727,11.491825,0.0,Under way using engine
2026-09-13T09:46:25Z,219000809,54.916065,11.360047,0.1,Under way using engine
2026-09-13T09:46:34Z,219002177,54.916355,11.360547,0.0,Under way using engine
2026-09-13T09:46:38Z,219000811,54.838727,11.491825,0.0,Under way using engine
2026-09-13T09:46:55Z,219000809,54.916090,11.360060,0.0,Under way using engine
2026-09-13T09:47:04Z,219002177,54.916345,11.360557,0.0,Under way using engine
2026-09-13T09:47:19Z,219000811,54.838723,11.491825,0.0,Under way using engine
2026-09-13T09:47:25Z,219000809,54.916085,11.360042,0.0,Under way using engine
2026-09-13T09:47:34Z,219002177,54.916337,11.360570,0.0,Under way using engine
2026-09-13T09:47:55Z,219000809,54.916080,11.360027,0.1,Under way using engine
2026-09-13T09:47:59Z,219000811,54.838723,11.491828,0.0,Under way using engine
2026-09-13T09:48:04Z,219002177,54.916355,11.360563,0.0,Under way using engine
2026-09-13T09:48:25Z,219000809,54.916080,11.360045,0.1,Under way using engine
2026-09-13T09:48:30Z,219000811,54.838723,11.491833,0.0,Under way using engine
2026-09-13T09:48:34Z,219002177,54.916347,11.360548,0.0,Under way using engine
2026-09-13T09:48:55Z,219000809,54.916055,11.360040,0.1,Under way using engine
2026-09-13T09:49:04Z,219002177,54.916363,11.360563,0.1,Under way using engine
2026-09-13T09:49:10Z,219000811,54.838720,11.491835,0.0,Under way using engine
2026-09-13T09:49:25Z,219000809,54.916047,11.360042,0.0,Under way using engine
2026-09-13T09:49:34Z,219002177,54.916375,11.360560,0.0,Under way using engine
2026-09-13T09:49:49Z,219000811,54.838720,11.491833,0.0,Under way using engine
2026-09-13T09:49:55Z,219000809,54.916088,11.360067,0.1,Under way using engine
2026-09-13T09:50:04Z,219002177,54.916348,11.360583,0.0,Under way using engine
2026-09-13T09:50:19Z,219000811,54.838720,11.491828,0.0,Under way using engine
2026-09-13T09:50:25Z,219000809,54.916067,11.360050,0.0,Under way using engine
2026-09-13T09:50:34Z,219002177,54.916357,11.360582,0.0,Under way using engine
2026-09-13T09:50:49Z,219000811,54.838720,11.491827,0.0,Under way using engine
2026-09-13T09:51:01Z,219000809,54.916055,11.360068,0.1,Under way using engine
2026-09-13T09:51:04Z,219002177,54.916363,11.360570,0.0,Under way using engine
2026-09-13T09:51:19Z,219000811,54.838722,11.491825,0.0,Under way using engine
2026-09-13T09:51:34Z,219000809,54.916045,11.360043,0.0,Under way using engine
2026-09-13T09:51:44Z,219002177,54.916353,11.360587,0.0,Under way using engine
2026-09-13T09:51:49Z,219000811,54.838723,11.491825,0.0,Under way using engine
2026-09-13T09:52:05Z,219000809,54.916045,11.360042,0.0,Under way using engine
2026-09-13T09:52:15Z,219002177,54.916348,11.360558,0.0,Under way using engine
2026-09-13T09:52:19Z,219000811,54.838723,11.491823,0.0,Under way using engine
2026-09-13T09:52:35Z,219000809,54.916040,11.360057,0.1,Under way using engine
2026-09-13T09:52:49Z,219000811,54.838725,11.491825,0.0,Under way using engine
2026-09-13T09:52:51Z,219002177,54.916367,11.360560,0.0,Under way using engine
2026-09-13T09:53:05Z,219000809,54.916052,11.360035,0.0,Under way using engine
2026-09-13T09:53:19Z,219000811,54.838723,11.491828,0.0,Under way using engine
2026-09-13T09:53:25Z,219002177,54.916357,11.360560,0.0,Under way using engine
2026-09-13T09:53:35Z,219000809,54.916080,11.360040,0.0,Under way using engine
2026-09-13T09:53:49Z,219000811,54.838722,11.491832,0.0,Under way using engine
2026-09-13T09:54:04Z,219002177,54.916338,11.360557,0.0,Under way using engine
2026-09-13T09:54:05Z,219000809,54.916052,11.360512,3.2,Under way using engine
2026-09-13T09:54:19Z,219000811,54.838723,11.491833,0.0,Under way using engine
2026-09-13T09:54:34Z,219002177,54.916335,11.360572,0.0,Under way using engine
2026-09-13T09:54:35Z,219000809,54.916127,11.361820,6.2,Under way using engine
2026-09-13T09:54:49Z,219000811,54.838725,11.491833,0.0,Under way using engine
2026-09-13T09:55:04Z,219002177,54.916343,11.360568,0.0,Under way using engine
2026-09-13T09:55:05Z,219000809,54.916250,11.363555,7.6,Under way using engine
2026-09-13T09:55:19Z,219000811,54.838722,11.491833,0.0,Under way using engine
2026-09-13T09:55:34Z,219002177,54.916377,11.360542,0.0,Under way using engine
2026-09-13T09:55:35Z,219000809,54.916377,11.365485,8.2,Under way using engine
2026-09-13T09:55:49Z,219000811,54.838723,11.491828,0.0,Under way using engine
2026-09-13T09:56:04Z,219002177,54.916370,11.360558,0.0,Under way using engine
2026-09-13T09:56:06Z,219000809,54.916463,11.367520,8.3,Under way using engine
2026-09-13T09:56:19Z,219000811,54.838722,11.491828,0.0,Under way using engine
2026-09-13T09:56:34Z,219002177,54.916347,11.360582,0.0,Under way using engine
2026-09-13T09:56:45Z,219000809,54.916343,11.370188,8.3,Under way using engine
2026-09-13T09:56:49Z,219000811,54.838720,11.491827,0.0,Under way using engine
2026-09-13T09:57:04Z,219002177,54.916347,11.360568,0.0,Under way using engine
2026-09-13T09:57:16Z,219000809,54.916127,11.372163,8.4,Under way using engine
2026-09-13T09:57:19Z,219000811,54.838717,11.491825,0.0,Under way using engine
2026-09-13T09:57:34Z,219002177,54.916350,11.360570,0.0,Under way using engine
2026-09-13T09:57:49Z,219000811,54.838715,11.491827,0.0,Under way using engine
2026-09-13T09:57:52Z,219000809,54.915677,11.374553,8.8,Under way using engine
2026-09-13T09:58:05Z,219002177,54.916353,11.360558,0.0,Under way using engine
2026-09-13T09:58:19Z,219000811,54.838715,11.491827,0.0,Under way using engine
2026-09-13T09:58:22Z,219000809,54.915075,11.376442,9.1,Under way using engine
2026-09-13T09:58:44Z,219002177,54.916352,11.360555,0.0,Under way using engine
2026-09-13T09:58:49Z,219000811,54.838715,11.491823,0.0,Under way using engine
2026-09-13T09:58:56Z,219000809,54.914235,11.378458,9.2,Under way using engine
2026-09-13T09:59:14Z,219002177,54.916372,11.360567,0.0,Under way using engine
2026-09-13T09:59:19Z,219000811,54.838715,11.491823,0.0,Under way using engine
2026-09-13T09:59:35Z,219000809,54.913227,11.380855,9.2,Under way using engine
2026-09-13T09:59:44Z,219002177,54.916360,11.360570,0.0,Under way using engine
2026-09-13T09:59:49Z,219000811,54.838715,11.491820,0.0,Under way using engine
2026-09-13T10:00:06Z,219000809,54.912488,11.382652,9.2,Under way using engine
2026-09-13T10:00:14Z,219002177,54.916362,11.360582,0.0,Under way using engine
2026-09-13T10:00:19Z,219000811,54.838713,11.491825,0.0,Under way using engine
2026-09-13T10:00:45Z,219000809,54.911535,11.385068,9.1,Under way using engine
2026-09-13T10:00:54Z,219002177,54.916355,11.360570,0.0,Under way using engine
2026-09-13T10:01:00Z,219000811,54.838712,11.491828,0.0,Under way using engine
2026-09-13T10:01:16Z,219000809,54.910817,11.386882,9.1,Under way using engine
2026-09-13T10:01:24Z,219002177,54.916353,11.360560,0.0,Under way using engine
2026-09-13T10:01:39Z,219000811,54.838715,11.491822,0.0,Under way using engine
2026-09-13T10:01:54Z,219002177,54.916352,11.360558,0.0,Under way using engine
2026-09-13T10:01:56Z,219000809,54.909952,11.389385,9.1,Under way using engine
2026-09-13T10:02:09Z,219000811,54.838712,11.491823,0.0,Under way using engine
2026-09-13T10:02:24Z,219002177,54.916350,11.360573,0.0,Under way using engine
2026-09-13T10:02:34Z,219000809,54.909178,11.391870,9.1,Under way using engine
2026-09-13T10:02:39Z,219000811,54.838708,11.491828,0.0,Under way using engine
2026-09-13T10:02:54Z,219002177,54.916352,11.360572,0.0,Under way using engine
2026-09-13T10:03:06Z,219000809,54.908748,11.393983,9.0,Under way using engine
2026-09-13T10:03:09Z,219000811,54.838710,11.491828,0.0,Under way using engine
2026-09-13T10:03:24Z,219002177,54.916352,11.360562,0.0,Under way using engine
2026-09-13T10:03:39Z,219000809,54.908542,11.396318,8.8,Under way using engine
2026-09-13T10:03:39Z,219000811,54.838712,11.491828,0.0,Under way using engine
2026-09-13T10:03:54Z,219002177,54.916365,11.360555,0.0,Under way using engine
2026-09-13T10:04:09Z,219000811,54.838713,11.491830,0.0,Under way using engine
2026-09-13T10:04:12Z,219000809,54.908727,11.398607,8.5,Under way using engine
2026-09-13T10:04:24Z,219002177,54.916365,11.360557,0.0,Under way using engine
2026-09-13T10:04:42Z,219000809,54.909283,11.400342,8.2,Under way using engine
2026-09-13T10:04:48Z,219000811,54.838713,11.491832,0.0,Under way using engine
2026-09-13T10:04:54Z,219002177,54.916363,11.360568,0.0,Under way using engine
2026-09-13T10:05:20Z,219000811,54.838713,11.491830,0.0,Under way using engine
2026-09-13T10:05:24Z,219002177,54.916352,11.360598,0.0,Under way using engine
2026-09-13T10:05:25Z,219000809,54.910280,11.402660,8.2,Under way using engine
2026-09-13T10:05:54Z,219002177,54.916353,11.360592,0.0,Under way using engine
2026-09-13T10:05:56Z,219000809,54.910973,11.404222,8.2,Under way using engine
2026-09-13T10:05:59Z,219000811,54.838710,11.491833,0.0,Under way using engine
2026-09-13T10:06:24Z,219002177,54.916355,11.360582,0.0,Under way using engine
2026-09-13T10:06:34Z,219000809,54.911863,11.406260,8.2,Under way using engine
2026-09-13T10:06:39Z,219000811,54.838710,11.491832,0.0,Under way using engine
2026-09-13T10:06:54Z,219002177,54.916350,11.360577,0.0,Under way using engine
2026-09-13T10:07:05Z,219000809,54.912567,11.407883,8.2,Under way using engine
2026-09-13T10:07:09Z,219000811,54.838712,11.491828,0.0,Under way using engine
2026-09-13T10:07:24Z,219002177,54.916355,11.360558,0.0,Under way using engine
2026-09-13T10:07:36Z,219000809,54.913280,11.409430,8.2,Under way using engine
2026-09-13T10:07:39Z,219000811,54.838712,11.491827,0.0,Under way using engine
2026-09-13T10:07:54Z,219002177,54.916355,11.360560,0.0,Under way using engine
2026-09-13T10:08:09Z,219000811,54.838713,11.491822,0.0,Under way using engine
2026-09-13T10:08:15Z,219000809,54.914215,11.411437,8.3,Under way using engine
2026-09-13T10:08:24Z,219002177,54.916358,11.360562,0.0,Under way using engine
2026-09-13T10:08:39Z,219000811,54.838715,11.491817,0.0,Under way using engine
2026-09-13T10:08:45Z,219000809,54.914923,11.413015,8.4,Under way using engine
2026-09-13T10:08:54Z,219002177,54.916355,11.360558,0.0,Under way using engine
2026-09-13T10:09:09Z,219000811,54.838718,11.491817,0.0,Under way using engine
2026-09-13T10:09:15Z,219000809,54.915660,11.414615,8.5,Under way using engine
2026-09-13T10:09:24Z,219002177,54.916352,11.360542,0.0,Under way using engine
2026-09-13T10:09:39Z,219000811,54.838720,11.491818,0.0,Under way using engine
2026-09-13T10:09:54Z,219002177,54.916350,11.360550,0.0,Under way using engine
2026-09-13T10:09:56Z,219000809,54.916637,11.416798,8.5,Under way using engine
2026-09-13T10:10:09Z,219000811,54.838720,11.491818,0.0,Under way using engine
2026-09-13T10:10:34Z,219002177,54.916348,11.360548,0.0,Under way using engine
2026-09-13T10:10:36Z,219000809,54.917635,11.418972,8.8,Under way using engine
2026-09-13T10:10:39Z,219000811,54.838722,11.491820,0.0,Under way using engine
2026-09-13T10:11:04Z,219002177,54.916353,11.360545,0.0,Under way using engine
2026-09-13T10:11:10Z,219000811,54.838723,11.491820,0.0,Under way using engine
2026-09-13T10:11:15Z,219000809,54.918625,11.421180,9.0,Under way using engine
2026-09-13T10:11:34Z,219002177,54.916353,11.360553,0.0,Under way using engine
2026-09-13T10:11:48Z,219000811,54.838725,11.491820,0.0,Under way using engine
2026-09-13T10:11:56Z,219000809,54.919688,11.423498,9.1,Under way using engine
2026-09-13T10:12:04Z,219002177,54.916355,11.360543,0.0,Under way using engine
2026-09-13T10:12:20Z,219000811,54.838725,11.491820,0.0,Under way using engine
2026-09-13T10:12:34Z,219002177,54.916355,11.360547,0.0,Under way using engine
2026-09-13T10:12:36Z,219000809,54.920720,11.425778,9.1,Under way using engine
2026-09-13T10:13:00Z,219000811,54.838725,11.491822,0.0,Under way using engine
2026-09-13T10:13:04Z,219002177,54.916340,11.360570,0.0,Under way using engine
2026-09-13T10:13:15Z,219000809,54.921748,11.428000,9.1,Under way using engine
2026-09-13T10:13:34Z,219002177,54.916335,11.360568,0.0,Under way using engine
2026-09-13T10:13:39Z,219000811,54.838727,11.491818,0.0,Under way using engine
2026-09-13T10:13:56Z,219000809,54.922808,11.430345,9.1,Under way using engine
2026-09-13T10:14:04Z,219002177,54.916345,11.360558,0.0,Under way using engine
2026-09-13T10:14:10Z,219000811,54.838725,11.491822,0.0,Under way using engine
2026-09-13T10:14:34Z,219002177,54.916343,11.360555,0.0,Under way using engine
2026-09-13T10:14:36Z,219000809,54.923810,11.432607,9.0,Under way using engine
2026-09-13T10:14:48Z,219000811,54.838725,11.491823,0.0,Under way using engine
2026-09-13T10:15:04Z,219002177,54.916345,11.360572,0.0,Under way using engine
2026-09-13T10:15:06Z,219000809,54.924572,11.434335,9.1,Under way using engine
2026-09-13T10:15:19Z,219000811,54.838725,11.491823,0.0,Under way using engine
2026-09-13T10:15:34Z,219002177,54.916352,11.360563,0.0,Under way using engine
2026-09-13T10:15:36Z,219000809,54.925357,11.436055,9.0,Under way using engine
2026-09-13T10:15:59Z,219000811,54.838725,11.491823,0.0,Under way using engine
2026-09-13T10:16:04Z,219002177,54.916355,11.360580,0.1,Under way using engine
2026-09-13T10:16:06Z,219000809,54.926125,11.437778,9.0,Under way using engine
2026-09-13T10:16:29Z,219000811,54.838725,11.491822,0.0,Under way using engine
2026-09-13T10:16:34Z,219002177,54.916355,11.360575,0.0,Under way using engine
2026-09-13T10:16:36Z,219000809,54.926895,11.439483,9.0,Under way using engine
2026-09-13T10:16:59Z,219000811,54.838725,11.491822,0.0,Under way using engine
2026-09-13T10:17:04Z,219002177,54.916365,11.360547,0.1,Under way using engine
2026-09-13T10:17:06Z,219000809,54.927663,11.441190,8.9,Under way using engine
2026-09-13T10:17:29Z,219000811,54.838725,11.491822,0.0,Under way using engine
2026-09-13T10:17:34Z,219002177,54.916357,11.360560,0.0,Under way using engine
2026-09-13T10:17:36Z,219000809,54.928428,11.442887,8.9,Under way using engine
2026-09-13T10:17:59Z,219000811,54.838725,11.491822,0.0,Under way using engine
2026-09-13T10:18:06Z,219000809,54.929193,11.444567,8.9,Under way using engine
2026-09-13T10:18:13Z,219002177,54.916352,11.360567,0.0,Under way using engine
2026-09-13T10:18:29Z,219000811,54.838723,11.491822,0.0,Under way using engine
2026-09-13T10:18:36Z,219000809,54.929943,11.446200,8.7,Under way using engine
2026-09-13T10:18:54Z,219002177,54.916348,11.360555,0.1,Under way using engine
2026-09-13T10:18:59Z,219000811,54.838723,11.491822,0.0,Under way using engine
2026-09-13T10:19:06Z,219000809,54.930693,11.447880,8.9,Under way using engine
2026-09-13T10:19:25Z,219002177,54.916337,11.360565,0.0,Under way using engine
2026-09-13T10:19:29Z,219000811,54.838723,11.491822,0.0,Under way using engine
2026-09-13T10:19:44Z,219000809,54.931687,11.450075,8.9,Under way using engine
2026-09-13T10:19:59Z,219000811,54.838723,11.491823,0.0,Under way using engine
2026-09-13T10:20:03Z,219002177,54.916347,11.360558,0.0,Under way using engine
2026-09-13T10:20:16Z,219000809,54.932477,11.451827,8.9,Under way using engine
2026-09-13T10:20:29Z,219000811,54.838722,11.491823,0.0,Under way using engine
2026-09-13T10:20:35Z,219002177,54.916348,11.360572,0.0,Under way using engine
2026-09-13T10:20:55Z,219000809,54.933443,11.454107,8.8,Under way using engine
2026-09-13T10:20:59Z,219000811,54.838722,11.491823,0.0,Under way using engine
2026-09-13T10:21:15Z,219002177,54.916347,11.360572,0.0,Under way using engine
2026-09-13T10:21:25Z,219000809,54.933972,11.455942,8.8,Under way using engine
2026-09-13T10:21:29Z,219000811,54.838722,11.491825,0.0,Under way using engine
2026-09-13T10:21:53Z,219002177,54.916350,11.360570,0.1,Under way using engine
2026-09-13T10:21:55Z,219000809,54.934527,11.457915,8.9,Under way using engine
2026-09-13T10:21:59Z,219000811,54.838723,11.491827,0.0,Under way using engine
2026-09-13T10:22:23Z,219002177,54.916352,11.360563,0.0,Under way using engine
2026-09-13T10:22:25Z,219000809,54.935038,11.459778,8.9,Under way using engine
2026-09-13T10:22:29Z,219000811,54.838723,11.491827,0.0,Under way using engine
2026-09-13T10:22:53Z,219002177,54.916332,11.360610,0.0,Under way using engine
2026-09-13T10:22:55Z,219000809,54.935552,11.461837,8.9,Under way using engine
2026-09-13T10:22:59Z,219000811,54.838723,11.491825,0.0,Under way using engine
2026-09-13T10:23:23Z,219002177,54.916315,11.360628,0.0,Under way using engine
2026-09-13T10:23:25Z,219000809,54.936058,11.463715,8.8,Under way using engine
2026-09-13T10:23:29Z,219000811,54.838723,11.491823,0.0,Under way using engine
2026-09-13T10:23:53Z,219002177,54.916340,11.360592,0.0,Under way using engine
2026-09-13T10:23:55Z,219000809,54.936617,11.465660,8.8,Under way using engine
2026-09-13T10:23:59Z,219000811,54.838725,11.491822,0.0,Under way using engine
2026-09-13T10:24:23Z,219002177,54.916335,11.360595,0.0,Under way using engine
2026-09-13T10:24:29Z,219000811,54.838723,11.491820,0.0,Under way using engine
2026-09-13T10:24:36Z,219000809,54.937300,11.468195,8.7,Under way using engine
2026-09-13T10:24:53Z,219002177,54.916358,11.360565,0.0,Under way using engine
2026-09-13T10:24:59Z,219000811,54.838718,11.491823,0.0,Under way using engine
2026-09-13T10:25:15Z,219000809,54.937988,11.470602,8.5,Under way using engine
2026-09-13T10:25:25Z,219002177,54.916348,11.360572,0.0,Under way using engine
2026-09-13T10:25:29Z,219000811,54.838715,11.491820,0.0,Under way using engine
2026-09-13T10:25:45Z,219000809,54.938595,11.472448,8.5,Under way using engine
2026-09-13T10:25:59Z,219000811,54.838717,11.491817,0.0,Under way using engine
2026-09-13T10:26:03Z,219002177,54.916338,11.360598,0.0,Under way using engine
2026-09-13T10:26:15Z,219000809,54.939215,11.474097,8.5,Under way using engine
2026-09-13T10:26:29Z,219000811,54.838717,11.491817,0.0,Under way using engine
2026-09-13T10:26:35Z,219002177,54.916353,11.360588,0.0,Under way using engine
2026-09-13T10:26:45Z,219000809,54.939962,11.475755,8.5,Under way using engine
2026-09-13T10:26:59Z,219000811,54.838715,11.491818,0.0,Under way using engine
2026-09-13T10:27:14Z,219002177,54.916343,11.360592,0.0,Under way using engine
2026-09-13T10:27:15Z,219000809,54.940718,11.477220,8.5,Under way using engine
2026-09-13T10:27:29Z,219000811,54.838718,11.491818,0.0,Under way using engine
2026-09-13T10:27:44Z,219002177,54.916353,11.360578,0.0,Under way using engine
2026-09-13T10:27:45Z,219000809,54.941562,11.478752,8.5,Under way using engine
2026-09-13T10:27:59Z,219000811,54.838720,11.491817,0.0,Under way using engine
2026-09-13T10:28:14Z,219002177,54.916358,11.360597,0.0,Under way using engine
2026-09-13T10:28:15Z,219000809,54.942363,11.480145,8.5,Under way using engine
2026-09-13T10:28:29Z,219000811,54.838725,11.491815,0.0,Under way using engine
2026-09-13T10:28:44Z,219002177,54.916348,11.360585,0.0,Under way using engine
2026-09-13T10:28:45Z,219000809,54.943383,11.481250,8.4,Under way using engine
2026-09-13T10:28:59Z,219000811,54.838727,11.491820,0.0,Under way using engine
2026-09-13T10:29:14Z,219002177,54.916347,11.360565,0.0,Under way using engine
2026-09-13T10:29:15Z,219000809,54.944463,11.481972,8.3,Under way using engine
2026-09-13T10:29:29Z,219000811,54.838730,11.491825,0.0,Under way using engine
2026-09-13T10:29:44Z,219002177,54.916343,11.360575,0.0,Under way using engine
2026-09-13T10:29:45Z,219000809,54.945563,11.482600,8.4,Under way using engine
2026-09-13T10:29:59Z,219000811,54.838732,11.491828,0.0,Under way using engine
2026-09-13T10:30:14Z,219002177,54.916362,11.360578,0.0,Under way using engine
2026-09-13T10:30:15Z,219000809,54.946667,11.483200,8.3,Under way using engine
2026-09-13T10:30:29Z,219000811,54.838730,11.491828,0.0,Under way using engine
2026-09-13T10:30:44Z,219002177,54.916357,11.360593,0.0,Under way using engine
2026-09-13T10:30:56Z,219000809,54.948130,11.484028,8.3,Under way using engine
2026-09-13T10:30:59Z,219000811,54.838727,11.491830,0.0,Under way using engine
2026-09-13T10:31:14Z,219002177,54.916358,11.360602,0.0,Under way using engine
2026-09-13T10:31:29Z,219000811,54.838727,11.491832,0.0,Under way using engine
2026-09-13T10:31:36Z,219000809,54.949600,11.484878,8.3,Under way using engine
2026-09-13T10:31:44Z,219002177,54.916342,11.360595,0.0,Under way using engine
2026-09-13T10:31:59Z,219000811,54.838727,11.491832,0.0,Under way using engine
2026-09-13T10:32:14Z,219002177,54.916338,11.360580,0.0,Under way using engine
2026-09-13T10:32:15Z,219000809,54.951050,11.485690,8.3,Under way using engine
2026-09-13T10:32:29Z,219000811,54.838727,11.491832,0.0,Under way using engine
2026-09-13T10:32:44Z,219002177,54.916343,11.360577,0.0,Under way using engine
2026-09-13T10:32:46Z,219000809,54.952150,11.486285,8.4,Under way using engine
2026-09-13T10:33:00Z,219000811,54.838728,11.491830,0.0,Under way using engine
2026-09-13T10:33:14Z,219002177,54.916345,11.360588,0.0,Under way using engine
2026-09-13T10:33:16Z,219000809,54.953262,11.486927,8.4,Under way using engine
2026-09-13T10:33:40Z,219000811,54.838723,11.491830,0.0,Under way using engine
2026-09-13T10:33:46Z,219000809,54.954365,11.487543,8.4,Under way using engine
2026-09-13T10:33:55Z,219002177,54.916352,11.360598,0.0,Under way using engine
2026-09-13T10:34:16Z,219000809,54.955450,11.488157,8.3,Under way using engine
2026-09-13T10:34:20Z,219000811,54.838723,11.491825,0.0,Under way using engine
2026-09-13T10:34:34Z,219002177,54.916353,11.360597,0.0,Under way using engine
2026-09-13T10:34:46Z,219000809,54.956520,11.488785,8.0,Under way using engine
2026-09-13T10:35:00Z,219000811,54.838725,11.491823,0.0,Under way using engine
2026-09-13T10:35:04Z,219002177,54.916353,11.360582,0.0,Under way using engine
2026-09-13T10:35:16Z,219000809,54.957592,11.489408,8.3,Under way using engine
2026-09-13T10:35:34Z,219002177,54.916353,11.360572,0.0,Under way using engine
2026-09-13T10:35:40Z,219000811,54.838725,11.491822,0.0,Under way using engine
2026-09-13T10:35:46Z,219000809,54.958675,11.490057,8.3,Under way using engine
2026-09-13T10:36:04Z,219002177,54.916350,11.360563,0.0,Under way using engine
2026-09-13T10:36:16Z,219000809,54.959763,11.490683,8.2,Under way using engine
2026-09-13T10:36:20Z,219000811,54.838727,11.491817,0.0,Under way using engine
2026-09-13T10:36:34Z,219002177,54.916347,11.360572,0.0,Under way using engine
2026-09-13T10:36:46Z,219000809,54.960862,11.491335,8.4,Under way using engine
2026-09-13T10:37:00Z,219000811,54.838727,11.491820,0.0,Under way using engine
2026-09-13T10:37:14Z,219002177,54.916347,11.360583,0.0,Under way using engine
2026-09-13T10:37:16Z,219000809,54.961963,11.492032,8.5,Under way using engine
2026-09-13T10:37:40Z,219000811,54.838727,11.491820,0.0,Under way using engine
2026-09-13T10:37:44Z,219002177,54.916357,11.360588,0.0,Under way using engine
2026-09-13T10:37:46Z,219000809,54.963010,11.492937,8.4,Under way using engine
2026-09-13T10:38:14Z,219002177,54.916353,11.360567,0.0,Under way using engine
2026-09-13T10:38:16Z,219000809,54.963992,11.494065,8.5,Under way using engine
2026-09-13T10:38:20Z,219000811,54.838728,11.491820,0.0,Under way using engine
2026-09-13T10:38:46Z,219000809,54.964960,11.495258,8.6,Under way using engine
2026-09-13T10:38:55Z,219002177,54.916353,11.360560,0.0,Under way using engine
2026-09-13T10:39:00Z,219000811,54.838728,11.491823,0.0,Under way using engine
2026-09-13T10:39:16Z,219000809,54.965957,11.496462,8.8,Under way using engine
2026-09-13T10:39:34Z,219002177,54.916360,11.360563,0.0,Under way using engine
2026-09-13T10:39:39Z,219000811,54.838728,11.491825,0.0,Under way using engine
2026-09-13T10:39:55Z,219000809,54.967287,11.498042,8.9,Under way using engine
2026-09-13T10:40:09Z,219000811,54.838728,11.491823,0.0,Under way using engine
2026-09-13T10:40:14Z,219002177,54.916358,11.360567,0.0,Under way using engine
2026-09-13T10:40:35Z,219000809,54.968677,11.499658,8.9,Under way using engine
2026-09-13T10:40:39Z,219000811,54.838725,11.491823,0.0,Under way using engine
2026-09-13T10:40:44Z,219002177,54.916352,11.360575,0.0,Under way using engine
2026-09-13T10:41:05Z,219000809,54.969663,11.500863,8.8,Under way using engine
2026-09-13T10:41:09Z,219000811,54.838725,11.491823,0.0,Under way using engine
2026-09-13T10:41:14Z,219002177,54.916345,11.360582,0.0,Under way using engine
2026-09-13T10:41:36Z,219000809,54.970680,11.502040,8.7,Under way using engine
2026-09-13T10:41:39Z,219000811,54.838723,11.491823,0.0,Under way using engine
2026-09-13T10:41:44Z,219002177,54.916340,11.360575,0.0,Under way using engine
2026-09-13T10:42:06Z,219000809,54.971602,11.503422,8.8,Under way using engine
2026-09-13T10:42:09Z,219000811,54.838720,11.491825,0.0,Under way using engine
2026-09-13T10:42:14Z,219002177,54.916352,11.360575,0.0,Under way using engine
2026-09-13T10:42:36Z,219000809,54.972175,11.505190,8.5,Under way using engine
2026-09-13T10:42:39Z,219000811,54.838718,11.491828,0.0,Under way using engine
2026-09-13T10:42:44Z,219002177,54.916347,11.360580,0.0,Under way using engine
2026-09-13T10:43:08Z,219000809,54.972257,11.507358,8.5,Under way using engine
2026-09-13T10:43:09Z,219000811,54.838717,11.491828,0.0,Under way using engine
2026-09-13T10:43:14Z,219002177,54.916342,11.360573,0.0,Under way using engine
2026-09-13T10:43:39Z,219000811,54.838717,11.491827,0.0,Under way using engine
2026-09-13T10:43:42Z,219000809,54.972145,11.509620,8.1,Under way using engine
2026-09-13T10:43:44Z,219002177,54.916348,11.360577,0.0,Under way using engine
2026-09-13T10:44:09Z,219000811,54.838718,11.491828,0.0,Under way using engine
2026-09-13T10:44:15Z,219002177,54.916352,11.360580,0.0,Under way using engine
2026-09-13T10:44:16Z,219000809,54.972010,11.511465,6.0,Under way using engine
2026-09-13T10:44:39Z,219000811,54.838722,11.491827,0.0,Under way using engine
2026-09-13T10:44:46Z,219000809,54.971935,11.512685,4.8,Under way using engine
2026-09-13T10:44:55Z,219002177,54.916357,11.360575,0.0,Under way using engine
2026-09-13T10:45:09Z,219000811,54.838727,11.491825,0.0,Under way using engine
2026-09-13T10:45:16Z,219000809,54.971918,11.513682,3.6,Under way using engine
2026-09-13T10:45:35Z,219002177,54.916357,11.360573,0.0,Under way using engine
2026-09-13T10:45:46Z,219000809,54.971910,11.514255,1.8,Under way using engine
2026-09-13T10:45:49Z,219000811,54.838725,11.491823,0.0,Under way using engine
2026-09-13T10:46:15Z,219002177,54.916357,11.360583,0.0,Under way using engine
2026-09-13T10:46:16Z,219000809,54.971907,11.514467,0.6,Under way using engine
2026-09-13T10:46:19Z,219000811,54.838722,11.491825,0.0,Under way using engine
2026-09-13T10:46:46Z,219000809,54.971895,11.514562,0.2,Under way using engine
2026-09-13T10:46:49Z,219000811,54.838720,11.491823,0.0,Under way using engine
2026-09-13T10:46:53Z,219002177,54.916363,11.360590,0.0,Under way using engine
2026-09-13T10:47:16Z,219000809,54.971893,11.514575,0.2,Under way using engine
2026-09-13T10:47:19Z,219000811,54.838717,11.491823,0.0,Under way using engine
2026-09-13T10:47:23Z,219002177,54.916358,11.360572,0.0,Under way using engine
2026-09-13T10:47:46Z,219000809,54.971912,11.514580,0.1,Under way using engine
2026-09-13T10:47:49Z,219000811,54.838717,11.491818,0.0,Under way using engine
2026-09-13T10:47:53Z,219002177,54.916363,11.360573,0.0,Under way using engine
2026-09-13T10:48:16Z,219000809,54.971907,11.514578,0.0,Under way using engine
2026-09-13T10:48:19Z,219000811,54.838717,11.491818,0.0,Under way using engine
2026-09-13T10:48:23Z,219002177,54.916362,11.360588,0.0,Under way using engine
2026-09-13T10:48:46Z,219000809,54.971900,11.514582,0.0,Under way using engine
2026-09-13T10:48:49Z,219000811,54.838718,11.491818,0.0,Under way using engine
2026-09-13T10:48:53Z,219002177,54.916357,11.360603,0.0,Under way using engine
2026-09-13T10:49:16Z,219000809,54.971900,11.514580,0.0,Under way using engine
2026-09-13T10:49:19Z,219000811,54.838720,11.491818,0.0,Under way using engine
2026-09-13T10:49:23Z,219002177,54.916362,11.360607,0.0,Under way using engine
2026-09-13T10:49:46Z,219000809,54.971905,11.514580,0.0,Under way using engine
2026-09-13T10:49:49Z,219000811,54.838720,11.491815,0.0,Under way using engine
2026-09-13T10:49:53Z,219002177,54.916353,11.360597,0.0,Under way using engine
2026-09-13T10:50:16Z,219000809,54.971908,11.514572,0.0,Under way using engine
2026-09-13T10:50:19Z,219000811,54.838720,11.491815,0.0,Under way using engine
2026-09-13T10:50:23Z,219002177,54.916352,11.360587,0.0,Under way using engine
2026-09-13T10:50:46Z,219000809,54.971912,11.514578,0.0,Under way using engine
2026-09-13T10:50:49Z,219000811,54.838718,11.491817,0.0,Under way using engine
2026-09-13T10:50:53Z,219002177,54.916355,11.360592,0.1,Under way using engine
2026-09-13T10:51:19Z,219000811,54.838722,11.491817,0.0,Under way using engine
2026-09-13T10:51:23Z,219002177,54.916323,11.360897,2.2,Under way using engine
2026-09-13T10:51:25Z,219000809,54.971910,11.514578,0.0,Under way using engine
2026-09-13T10:51:50Z,219000811,54.838722,11.491818,0.0,Under way using engine
2026-09-13T10:51:53Z,219002177,54.916287,11.361730,4.1,Under way using engine
2026-09-13T10:52:05Z,219000809,54.971903,11.514587,0.0,Under way using engine
2026-09-13T10:52:25Z,219002177,54.916260,11.362968,5.1,Under way using engine
2026-09-13T10:52:29Z,219000811,54.838720,11.491822,0.0,Under way using engine
2026-09-13T10:52:35Z,219000809,54.971897,11.514573,0.0,Under way using engine
2026-09-13T10:53:00Z,219000811,54.838722,11.491822,0.0,Under way using engine
2026-09-13T10:53:04Z,219002177,54.916320,11.364702,5.8,Under way using engine
2026-09-13T10:53:05Z,219000809,54.971898,11.514580,0.0,Under way using engine
2026-09-13T10:53:34Z,219002177,54.916412,11.366172,6.2,Under way using engine
2026-09-13T10:53:35Z,219000809,54.971902,11.514578,0.0,Under way using engine
2026-09-13T10:53:39Z,219000811,54.838723,11.491825,0.0,Under way using engine
2026-09-13T10:54:04Z,219002177,54.916510,11.367678,6.4,Under way using engine
2026-09-13T10:54:05Z,219000809,54.971908,11.514570,0.0,Under way using engine
2026-09-13T10:54:19Z,219000811,54.838723,11.491823,0.0,Under way using engine
2026-09-13T10:54:36Z,219000809,54.971907,11.514550,0.0,Under way using engine
2026-09-13T10:54:45Z,219002177,54.916760,11.369783,6.6,Under way using engine
2026-09-13T10:54:50Z,219000811,54.838725,11.491823,0.0,Under way using engine
2026-09-13T10:55:15Z,219000809,54.971912,11.514568,0.0,Under way using engine
2026-09-13T10:55:15Z,219002177,54.916917,11.371265,5.9,Under way using engine
2026-09-13T10:55:29Z,219000811,54.838728,11.491822,0.0,Under way using engine
2026-09-13T10:55:45Z,219002177,54.917410,11.371882,4.3,Under way using engine
2026-09-13T10:55:46Z,219000809,54.971915,11.514558,0.0,Under way using engine
2026-09-13T10:56:00Z,219000811,54.838728,11.491820,0.0,Under way using engine
2026-09-13T10:56:15Z,219002177,54.918055,11.372013,4.9,Under way using engine
2026-09-13T10:56:25Z,219000809,54.971917,11.514563,0.0,Under way using engine
2026-09-13T10:56:39Z,219000811,54.838730,11.491822,0.0,Under way using engine
2026-09-13T10:56:45Z,219002177,54.918772,11.372153,5.3,Under way using engine
2026-09-13T10:56:55Z,219000809,54.971908,11.514573,0.0,Under way using engine
2026-09-13T10:57:15Z,219002177,54.919537,11.372288,5.6,Under way using engine
2026-09-13T10:57:20Z,219000811,54.838728,11.491820,0.0,Under way using engine
2026-09-13T10:57:25Z,219000809,54.971907,11.514575,0.0,Under way using engine
2026-09-13T10:57:45Z,219002177,54.920332,11.372455,5.8,Under way using engine
2026-09-13T10:57:56Z,219000809,54.971902,11.514567,0.0,Under way using engine
2026-09-13T10:57:59Z,219000811,54.838728,11.491820,0.0,Under way using engine
2026-09-13T10:58:25Z,219002177,54.921408,11.372700,5.9,Under way using engine
2026-09-13T10:58:30Z,219000811,54.838727,11.491818,0.0,Under way using engine
2026-09-13T10:58:35Z,219000809,54.971898,11.514460,1.1,Under way using engine
2026-09-13T10:59:04Z,219002177,54.922472,11.372933,6.0,Under way using engine
2026-09-13T10:59:05Z,219000809,54.971893,11.513973,2.4,Under way using engine
2026-09-13T10:59:10Z,219000811,54.838725,11.491817,0.0,Under way using engine
2026-09-13T10:59:34Z,219002177,54.923298,11.373143,6.0,Under way using engine
2026-09-13T10:59:35Z,219000809,54.971868,11.513417,2.2,Under way using engine
2026-09-13T10:59:40Z,219000811,54.838725,11.491815,0.0,Under way using engine
2026-09-13T11:00:04Z,219002177,54.924120,11.373345,6.0,Under way using engine
2026-09-13T11:00:05Z,219000809,54.971772,11.513023,1.4,Under way using engine
2026-09-13T11:00:10Z,219000811,54.838727,11.491817,0.0,Under way using engine
2026-09-13T11:00:35Z,219000809,54.971807,11.512795,2.2,Under way using engine
2026-09-13T11:00:40Z,219000811,54.838727,11.491817,0.0,Under way using engine
2026-09-13T11:00:45Z,219002177,54.925258,11.373598,6.1,Under way using engine
2026-09-13T11:01:05Z,219000809,54.971945,11.511693,5.6,Under way using engine
2026-09-13T11:01:10Z,219000811,54.838727,11.491820,0.0,Under way using engine
2026-09-13T11:01:25Z,219002177,54.926378,11.373873,6.1,Under way using engine
2026-09-13T11:01:35Z,219000809,54.972023,11.510058,7.3,Under way using engine
2026-09-13T11:01:40Z,219000811,54.838727,11.491822,0.0,Under way using engine
2026-09-13T11:02:04Z,219002177,54.927495,11.374137,6.2,Under way using engine
2026-09-13T11:02:06Z,219000809,54.972152,11.508148,7.9,Under way using engine
2026-09-13T11:02:10Z,219000811,54.838727,11.491822,0.0,Under way using engine
2026-09-13T11:02:34Z,219002177,54.928353,11.374342,6.2,Under way using engine
2026-09-13T11:02:40Z,219000811,54.838725,11.491822,0.0,Under way using engine
2026-09-13T11:02:46Z,219000809,54.972298,11.505610,8.0,Under way using engine
2026-09-13T11:03:04Z,219002177,54.929200,11.374523,6.1,Under way using engine
2026-09-13T11:03:10Z,219000811,54.838723,11.491823,0.0,Under way using engine
2026-09-13T11:03:16Z,219000809,54.972403,11.503595,8.6,Under way using engine
2026-09-13T11:03:34Z,219002177,54.930015,11.374475,5.7,Under way using engine
2026-09-13T11:03:40Z,219000811,54.838722,11.491823,0.0,Under way using engine
2026-09-13T11:03:46Z,219000809,54.972008,11.501738,8.3,Under way using engine
2026-09-13T11:04:04Z,219002177,54.930757,11.374063,5.7,Under way using engine
2026-09-13T11:04:16Z,219000809,54.971037,11.500548,8.8,Under way using engine
2026-09-13T11:04:20Z,219000811,54.838720,11.491823,0.0,Under way using engine
2026-09-13T11:04:34Z,219002177,54.931522,11.373640,5.9,Under way using engine
2026-09-13T11:04:46Z,219000809,54.969990,11.499413,8.9,Under way using engine
2026-09-13T11:04:59Z,219000811,54.838718,11.491823,0.0,Under way using engine
2026-09-13T11:05:04Z,219002177,54.932300,11.373198,5.9,Under way using engine
2026-09-13T11:05:16Z,219000809,54.968977,11.498152,9.1,Under way using engine
2026-09-13T11:05:29Z,219000811,54.838717,11.491823,0.0,Under way using engine
2026-09-13T11:05:34Z,219002177,54.933087,11.372755,5.9,Under way using engine
2026-09-13T11:05:46Z,219000809,54.967980,11.496870,9.1,Under way using engine
2026-09-13T11:05:59Z,219000811,54.838718,11.491820,0.0,Under way using engine
2026-09-13T11:06:04Z,219002177,54.933830,11.372245,5.7,Under way using engine
2026-09-13T11:06:16Z,219000809,54.966892,11.495792,9.1,Under way using engine
2026-09-13T11:06:29Z,219000811,54.838718,11.491818,0.0,Under way using engine
2026-09-13T11:06:34Z,219002177,54.934582,11.371795,5.8,Under way using engine
2026-09-13T11:06:46Z,219000809,54.965740,11.494803,9.2,Under way using engine
2026-09-13T11:06:59Z,219000811,54.838718,11.491820,0.0,Under way using engine
2026-09-13T11:07:04Z,219002177,54.935312,11.371605,4.7,Under way using engine
2026-09-13T11:07:25Z,219000809,54.964263,11.493463,9.0,Under way using engine
2026-09-13T11:07:29Z,219000811,54.838720,11.491820,0.0,Under way using engine
2026-09-13T11:07:35Z,219002177,54.935720,11.371753,2.0,Under way using engine
2026-09-13T11:07:55Z,219000809,54.963135,11.492467,9.1,Under way using engine
2026-09-13T11:07:59Z,219000811,54.838720,11.491822,0.0,Under way using engine
2026-09-13T11:08:14Z,219002177,54.935898,11.371928,0.9,Under way using engine
2026-09-13T11:08:25Z,219000809,54.962013,11.491445,9.2,Under way using engine
2026-09-13T11:08:29Z,219000811,54.838720,11.491822,0.0,Under way using engine
2026-09-13T11:08:44Z,219002177,54.935945,11.372003,0.1,Under way using engine
2026-09-13T11:08:55Z,219000809,54.960838,11.490545,9.3,Under way using engine
2026-09-13T11:09:09Z,219000811,54.838718,11.491818,0.0,Under way using engine
2026-09-13T11:09:14Z,219002177,54.935945,11.371995,0.0,Under way using engine
2026-09-13T11:09:25Z,219000809,54.959640,11.489803,9.3,Under way using engine
2026-09-13T11:09:40Z,219000811,54.838717,11.491820,0.0,Under way using engine
2026-09-13T11:09:44Z,219002177,54.935953,11.371988,0.0,Under way using engine
2026-09-13T11:09:55Z,219000809,54.958410,11.489070,9.4,Under way using engine
2026-09-13T11:10:14Z,219002177,54.935955,11.371987,0.0,Under way using engine
2026-09-13T11:10:19Z,219000811,54.838700,11.491833,0.1,Under way using engine
2026-09-13T11:10:26Z,219000809,54.957187,11.488355,9.3,Under way using engine
2026-09-13T11:10:44Z,219002177,54.935957,11.371982,0.0,Under way using engine
2026-09-13T11:10:50Z,219000811,54.838508,11.492047,1.9,Under way using engine
2026-09-13T11:11:05Z,219000809,54.955595,11.487415,9.3,Under way using engine
2026-09-13T11:11:14Z,219002177,54.935965,11.371970,0.0,Under way using engine
2026-09-13T11:11:22Z,219000811,54.838368,11.492165,0.9,Under way using engine
2026-09-13T11:11:35Z,219000809,54.954357,11.486703,9.5,Under way using engine
2026-09-13T11:11:44Z,219002177,54.935972,11.371963,0.0,Under way using engine
2026-09-13T11:11:53Z,219000811,54.838512,11.492690,2.4,Under way using engine
2026-09-13T11:12:05Z,219000809,54.953112,11.485983,9.4,Under way using engine
2026-09-13T11:12:14Z,219002177,54.935975,11.371957,0.0,Under way using engine
2026-09-13T11:12:30Z,219000811,54.838978,11.494180,6.1,Under way using engine
2026-09-13T11:12:35Z,219000809,54.951897,11.485258,9.3,Under way using engine
2026-09-13T11:12:44Z,219002177,54.935970,11.371965,0.0,Under way using engine
2026-09-13T11:13:05Z,219000809,54.950663,11.484512,9.4,Under way using engine
2026-09-13T11:13:09Z,219000811,54.839685,11.496120,7.4,Under way using engine
2026-09-13T11:13:14Z,219002177,54.935952,11.371987,0.0,Under way using engine
2026-09-13T11:13:35Z,219000809,54.949417,11.483878,9.4,Under way using engine
2026-09-13T11:13:40Z,219000811,54.840487,11.497485,7.6,Under way using engine
2026-09-13T11:13:44Z,219002177,54.935957,11.371992,0.0,Under way using engine
2026-09-13T11:14:05Z,219000809,54.948173,11.483313,9.3,Under way using engine
2026-09-13T11:14:13Z,219000811,54.841488,11.498315,7.6,Under way using engine
2026-09-13T11:14:14Z,219002177,54.935950,11.372002,0.0,Under way using engine
2026-09-13T11:14:35Z,219000809,54.946957,11.482715,9.2,Under way using engine
2026-09-13T11:14:44Z,219002177,54.935950,11.371993,0.0,Under way using engine
2026-09-13T11:14:50Z,219000811,54.842732,11.498978,7.5,Under way using engine
2026-09-13T11:15:05Z,219000809,54.945720,11.482100,9.3,Under way using engine
2026-09-13T11:15:24Z,219002177,54.935950,11.372003,0.0,Under way using engine
2026-09-13T11:15:30Z,219000811,54.844112,11.499722,7.6,Under way using engine
2026-09-13T11:15:35Z,219000809,54.944472,11.481505,9.3,Under way using engine
2026-09-13T11:15:54Z,219002177,54.935952,11.372003,0.0,Under way using engine
2026-09-13T11:16:05Z,219000809,54.943318,11.480677,8.8,Under way using engine
2026-09-13T11:16:08Z,219000811,54.845323,11.500600,7.6,Under way using engine
2026-09-13T11:16:24Z,219002177,54.935953,11.371995,0.0,Under way using engine
2026-09-13T11:16:35Z,219000809,54.942388,11.479343,8.7,Under way using engine
2026-09-13T11:16:40Z,219000811,54.846295,11.501415,7.5,Under way using engine
2026-09-13T11:16:54Z,219002177,54.935927,11.371983,0.6,Under way using engine
2026-09-13T11:17:05Z,219000809,54.941487,11.477913,8.8,Under way using engine
2026-09-13T11:17:13Z,219000811,54.847388,11.502143,7.4,Under way using engine
2026-09-13T11:17:24Z,219002177,54.935627,11.371758,3.1,Under way using engine
2026-09-13T11:17:35Z,219000809,54.940590,11.476462,8.9,Under way using engine
2026-09-13T11:17:43Z,219000811,54.848420,11.502148,7.5,Under way using engine
2026-09-13T11:18:04Z,219002177,54.934872,11.371193,4.9,Under way using engine
2026-09-13T11:18:05Z,219000809,54.939760,11.474925,8.7,Under way using engine
2026-09-13T11:18:19Z,219000811,54.849673,11.501825,7.4,Under way using engine
2026-09-13T11:18:35Z,219000809,54.939135,11.473093,8.8,Under way using engine
2026-09-13T11:18:35Z,219002177,54.934102,11.371173,5.8,Under way using engine
2026-09-13T11:18:50Z,219000811,54.850707,11.501512,7.4,Under way using engine
2026-09-13T11:19:05Z,219000809,54.938597,11.471173,8.9,Under way using engine
2026-09-13T11:19:14Z,219002177,54.932950,11.371373,6.8,Under way using engine
2026-09-13T11:19:29Z,219000811,54.852005,11.501130,7.5,Under way using engine
2026-09-13T11:19:36Z,219000809,54.938048,11.469168,8.9,Under way using engine
2026-09-13T11:19:44Z,219002177,54.931970,11.371533,7.2,Under way using engine
2026-09-13T11:19:59Z,219000811,54.853042,11.500820,7.4,Under way using engine
2026-09-13T11:20:14Z,219002177,54.930942,11.371715,7.5,Under way using engine
2026-09-13T11:20:15Z,219000809,54.937352,11.466693,8.8,Under way using engine
2026-09-13T11:20:29Z,219000811,54.854097,11.500533,7.5,Under way using engine
2026-09-13T11:20:44Z,219002177,54.929890,11.371900,7.7,Under way using engine
2026-09-13T11:20:46Z,219000809,54.936812,11.464710,8.8,Under way using engine
2026-09-13T11:20:59Z,219000811,54.855137,11.500327,7.9,Under way using engine
2026-09-13T11:21:14Z,219002177,54.928833,11.372083,7.7,Under way using engine
2026-09-13T11:21:24Z,219000809,54.936113,11.462233,8.8,Under way using engine
2026-09-13T11:21:29Z,219000811,54.856273,11.500118,8.0,Under way using engine
2026-09-13T11:21:44Z,219002177,54.927762,11.372293,7.8,Under way using engine
2026-09-13T11:21:55Z,219000809,54.935565,11.460335,8.8,Under way using engine
2026-09-13T11:21:59Z,219000811,54.857357,11.499912,8.0,Under way using engine
2026-09-13T11:22:14Z,219002177,54.926678,11.372505,7.8,Under way using engine
2026-09-13T11:22:29Z,219000811,54.858498,11.499682,8.1,Under way using engine
2026-09-13T11:22:36Z,219000809,54.934818,11.457725,8.8,Under way using engine
2026-09-13T11:22:44Z,219002177,54.925603,11.372717,7.8,Under way using engine
2026-09-13T11:22:59Z,219000811,54.859610,11.499290,8.0,Under way using engine
2026-09-13T11:23:14Z,219002177,54.924583,11.372668,7.4,Under way using engine
2026-09-13T11:23:15Z,219000809,54.934143,11.455217,8.9,Under way using engine
2026-09-13T11:23:29Z,219000811,54.860648,11.498725,7.9,Under way using engine
2026-09-13T11:23:44Z,219002177,54.923570,11.372487,7.5,Under way using engine
2026-09-13T11:23:45Z,219000809,54.933595,11.453292,8.9,Under way using engine
2026-09-13T11:23:59Z,219000811,54.861713,11.498103,7.9,Under way using engine
2026-09-13T11:24:15Z,219000809,54.932988,11.451415,8.9,Under way using engine
2026-09-13T11:24:15Z,219002177,54.922477,11.372380,7.5,Under way using engine
2026-09-13T11:24:29Z,219000811,54.862697,11.497368,7.9,Under way using engine
2026-09-13T11:24:45Z,219000809,54.932137,11.449750,9.4,Under way using engine
2026-09-13T11:24:53Z,219002177,54.921165,11.372188,7.5,Under way using engine
2026-09-13T11:24:59Z,219000811,54.863697,11.496607,7.9,Under way using engine
2026-09-13T11:25:24Z,219000809,54.930990,11.447485,9.5,Under way using engine
2026-09-13T11:25:24Z,219002177,54.920112,11.372025,7.4,Under way using engine
2026-09-13T11:25:29Z,219000811,54.864690,11.495873,7.9,Under way using engine
2026-09-13T11:25:54Z,219000809,54.930072,11.445892,9.2,Under way using engine
2026-09-13T11:25:59Z,219000811,54.865672,11.495162,7.8,Under way using engine
2026-09-13T11:26:04Z,219002177,54.918772,11.371767,7.1,Under way using engine
2026-09-13T11:26:24Z,219000809,54.929217,11.444212,9.5,Under way using engine
2026-09-13T11:26:29Z,219000811,54.866722,11.494492,7.9,Under way using engine
2026-09-13T11:26:34Z,219002177,54.917798,11.371548,7.0,Under way using engine
2026-09-13T11:26:54Z,219000809,54.928292,11.442552,9.5,Under way using engine
2026-09-13T11:26:59Z,219000811,54.867740,11.493858,7.9,Under way using engine
2026-09-13T11:27:04Z,219002177,54.916918,11.371215,6.1,Under way using engine
2026-09-13T11:27:24Z,219000809,54.927425,11.440850,9.5,Under way using engine
2026-09-13T11:27:29Z,219000811,54.868792,11.493205,7.9,Under way using engine
2026-09-13T11:27:34Z,219002177,54.916588,11.370235,4.7,Under way using engine
2026-09-13T11:27:54Z,219000809,54.926483,11.439223,9.5,Under way using engine
2026-09-13T11:27:59Z,219000811,54.869803,11.492577,7.9,Under way using engine
2026-09-13T11:28:04Z,219002177,54.916515,11.368993,5.4,Under way using engine
2026-09-13T11:28:25Z,219000809,54.925583,11.437537,9.5,Under way using engine
2026-09-13T11:28:29Z,219000811,54.870860,11.491927,7.9,Under way using engine
2026-09-13T11:28:34Z,219002177,54.916485,11.367592,5.9,Under way using engine
2026-09-13T11:29:04Z,219002177,54.916495,11.366140,6.1,Under way using engine
2026-09-13T11:29:06Z,219000809,54.924357,11.435292,9.4,Under way using engine
2026-09-13T11:29:09Z,219000811,54.872220,11.491087,8.0,Under way using engine
2026-09-13T11:29:34Z,219002177,54.916440,11.364638,6.2,Under way using engine
2026-09-13T11:29:36Z,219000809,54.923493,11.433567,9.5,Under way using engine
2026-09-13T11:29:40Z,219000811,54.873360,11.490365,8.2,Under way using engine
2026-09-13T11:30:04Z,219002177,54.916355,11.363197,6.0,Under way using engine
2026-09-13T11:30:06Z,219000809,54.922642,11.431850,9.4,Under way using engine
2026-09-13T11:30:10Z,219000811,54.874458,11.489647,8.5,Under way using engine
2026-09-13T11:30:34Z,219002177,54.916330,11.361982,4.5,Under way using engine
2026-09-13T11:30:36Z,219000809,54.921752,11.430150,9.5,Under way using engine
2026-09-13T11:30:40Z,219000811,54.875527,11.488917,8.3,Under way using engine
2026-09-13T11:31:04Z,219002177,54.916362,11.361108,3.1,Under way using engine
2026-09-13T11:31:10Z,219000811,54.876622,11.488163,8.2,Under way using engine
2026-09-13T11:31:15Z,219000809,54.920643,11.427903,9.6,Under way using engine
2026-09-13T11:31:34Z,219002177,54.916358,11.360692,1.1,Under way using engine
2026-09-13T11:31:40Z,219000811,54.877687,11.487380,8.4,Under way using engine
2026-09-13T11:31:45Z,219000809,54.919805,11.426138,9.6,Under way using engine
2026-09-13T11:32:04Z,219002177,54.916355,11.360567,0.1,Under way using engine
2026-09-13T11:32:10Z,219000811,54.878815,11.486427,8.8,Under way using engine
2026-09-13T11:32:15Z,219000809,54.918922,11.424398,9.6,Under way using engine
2026-09-13T11:32:34Z,219002177,54.916360,11.360565,0.0,Under way using engine
2026-09-13T11:32:40Z,219000811,54.879858,11.485508,8.8,Under way using engine
2026-09-13T11:32:55Z,219000809,54.917803,11.422057,9.6,Under way using engine
2026-09-13T11:33:04Z,219002177,54.916380,11.360548,0.0,Under way using engine
2026-09-13T11:33:10Z,219000811,54.880925,11.484510,8.6,Under way using engine
2026-09-13T11:33:25Z,219000809,54.916935,11.420293,9.6,Under way using engine
2026-09-13T11:33:34Z,219002177,54.916378,11.360558,0.1,Under way using engine
2026-09-13T11:33:40Z,219000811,54.881875,11.483665,7.6,Under way using engine
2026-09-13T11:33:55Z,219000809,54.916123,11.418500,9.5,Under way using engine
2026-09-13T11:34:04Z,219002177,54.916375,11.360550,0.0,Under way using engine
2026-09-13T11:34:10Z,219000811,54.882672,11.483403,5.6,Under way using engine
2026-09-13T11:34:25Z,219000809,54.915350,11.416643,9.6,Under way using engine
2026-09-13T11:34:34Z,219002177,54.916372,11.360560,0.0,Under way using engine
2026-09-13T11:34:40Z,219000811,54.883198,11.483383,3.8,Under way using engine
2026-09-13T11:34:55Z,219000809,54.914547,11.414763,9.7,Under way using engine
2026-09-13T11:35:04Z,219002177,54.916355,11.360550,0.0,Under way using engine
2026-09-13T11:35:13Z,219000811,54.883252,11.483867,2.1,Under way using engine
2026-09-13T11:35:25Z,219000809,54.913883,11.412653,9.7,Under way using engine
2026-09-13T11:35:34Z,219002177,54.916358,11.360552,0.1,Under way using engine
2026-09-13T11:35:43Z,219000811,54.883335,11.483568,1.6,Under way using engine
2026-09-13T11:35:55Z,219000809,54.913157,11.410717,9.7,Under way using engine
2026-09-13T11:36:04Z,219002177,54.916347,11.360537,0.0,Under way using engine
2026-09-13T11:36:13Z,219000811,54.883688,11.483203,3.0,Under way using engine
2026-09-13T11:36:34Z,219000809,54.912140,11.408152,9.7,Under way using engine
2026-09-13T11:36:34Z,219002177,54.916360,11.360558,0.0,Under way using engine
2026-09-13T11:36:43Z,219000811,54.884048,11.483212,2.6,Under way using engine
2026-09-13T11:37:05Z,219000809,54.911430,11.406172,9.7,Under way using engine
2026-09-13T11:37:05Z,219002177,54.916337,11.360547,0.0,Under way using engine
2026-09-13T11:37:19Z,219000811,54.884228,11.483177,0.7,Under way using engine
2026-09-13T11:37:35Z,219002177,54.916357,11.360540,0.0,Under way using engine
2026-09-13T11:37:45Z,219000809,54.910500,11.403428,9.7,Under way using engine
2026-09-13T11:37:49Z,219000811,54.884265,11.483168,0.1,Under way using engine
2026-09-13T11:38:05Z,219002177,54.916383,11.360540,0.0,Under way using engine
2026-09-13T11:38:16Z,219000809,54.909843,11.401360,9.8,Under way using engine
2026-09-13T11:38:29Z,219000811,54.884267,11.483172,0.0,Under way using engine
2026-09-13T11:38:35Z,219002177,54.916377,11.360522,0.1,Under way using engine
2026-09-13T11:38:55Z,219000809,54.909073,11.398623,9.8,Under way using engine
2026-09-13T11:38:59Z,219000811,54.884267,11.483172,0.0,Under way using engine
2026-09-13T11:39:05Z,219002177,54.916417,11.360510,0.1,Under way using engine
2026-09-13T11:39:28Z,219000809,54.908615,11.396167,9.2,Under way using engine
2026-09-13T11:39:29Z,219000811,54.884267,11.483173,0.0,Under way using engine
2026-09-13T11:39:35Z,219002177,54.916420,11.360548,0.0,Under way using engine
2026-09-13T11:39:58Z,219000809,54.908675,11.394078,9.1,Under way using engine
2026-09-13T11:40:05Z,219002177,54.916355,11.360543,0.1,Under way using engine
2026-09-13T11:40:09Z,219000811,54.884265,11.483175,0.0,Under way using engine
2026-09-13T11:40:32Z,219000809,54.909092,11.391727,8.9,Under way using engine
2026-09-13T11:40:35Z,219002177,54.916347,11.360530,0.0,Under way using engine
2026-09-13T11:40:40Z,219000811,54.884263,11.483177,0.0,Under way using engine
2026-09-13T11:41:05Z,219000809,54.909573,11.389495,9.0,Under way using engine
2026-09-13T11:41:05Z,219002177,54.916388,11.360562,0.0,Under way using engine
2026-09-13T11:41:18Z,219000811,54.884152,11.483160,0.6,Under way using engine
2026-09-13T11:41:35Z,219002177,54.916372,11.360553,0.0,Under way using engine
2026-09-13T11:41:45Z,219000809,54.910335,11.386865,9.0,Under way using engine
2026-09-13T11:41:50Z,219000811,54.883312,11.483470,6.4,Under way using engine
2026-09-13T11:42:05Z,219002177,54.916358,11.360570,0.0,Under way using engine
2026-09-13T11:42:15Z,219000809,54.910880,11.384978,9.0,Under way using engine
2026-09-13T11:42:23Z,219000811,54.882505,11.484335,6.5,Under way using engine
2026-09-13T11:42:35Z,219002177,54.916377,11.360572,0.0,Under way using engine
2026-09-13T11:42:46Z,219000809,54.911463,11.383003,9.0,Under way using engine
2026-09-13T11:42:56Z,219000811,54.882367,11.483545,3.2,Under way using engine
2026-09-13T11:43:05Z,219002177,54.916332,11.360558,0.0,Under way using engine
2026-09-13T11:43:24Z,219000809,54.912253,11.380610,9.0,Under way using engine
2026-09-13T11:43:26Z,219000811,54.882730,11.483320,2.8,Under way using engine
2026-09-13T11:43:35Z,219002177,54.916350,11.360563,0.0,Under way using engine
2026-09-13T11:43:55Z,219000809,54.912880,11.378677,9.0,Under way using engine
2026-09-13T11:43:56Z,219000811,54.883337,11.483292,4.5,Under way using engine
2026-09-13T11:44:14Z,219002177,54.916350,11.360575,0.0,Under way using engine
2026-09-13T11:44:25Z,219000809,54.913503,11.376775,9.1,Under way using engine
2026-09-13T11:44:29Z,219000811,54.883972,11.483292,3.7,Under way using engine
2026-09-13T11:44:44Z,219002177,54.916355,11.360572,0.0,Under way using engine
2026-09-13T11:44:55Z,219000809,54.914167,11.374933,9.1,Under way using engine
2026-09-13T11:44:59Z,219000811,54.884232,11.483287,1.9,Under way using engine
2026-09-13T11:45:14Z,219002177,54.916360,11.360593,0.0,Under way using engine
2026-09-13T11:45:25Z,219000809,54.914823,11.373077,9.0,Under way using engine
2026-09-13T11:45:29Z,219000811,54.884305,11.483273,0.5,Under way using engine
2026-09-13T11:45:44Z,219002177,54.916347,11.360548,0.0,Under way using engine
2026-09-13T11:45:55Z,219000809,54.915488,11.371273,8.9,Under way using engine
2026-09-13T11:46:09Z,219000811,54.884317,11.483278,0.0,Under way using engine
2026-09-13T11:46:14Z,219002177,54.916330,11.360570,0.0,Under way using engine
2026-09-13T11:46:25Z,219000809,54.916145,11.369460,8.8,Under way using engine
2026-09-13T11:46:39Z,219000811,54.884315,11.483277,0.0,Under way using engine
2026-09-13T11:46:54Z,219002177,54.916355,11.360573,0.0,Under way using engine
2026-09-13T11:46:55Z,219000809,54.916490,11.367457,9.0,Under way using engine
2026-09-13T11:47:09Z,219000811,54.884313,11.483275,0.0,Under way using engine
2026-09-13T11:47:25Z,219000809,54.916417,11.365263,9.0,Under way using engine
2026-09-13T11:47:25Z,219002177,54.916340,11.360585,0.0,Under way using engine
2026-09-13T11:47:39Z,219000811,54.884313,11.483275,0.0,Under way using engine
2026-09-13T11:47:55Z,219000809,54.916255,11.363185,8.4,Under way using engine
2026-09-13T11:48:04Z,219002177,54.916363,11.360587,0.0,Under way using engine
2026-09-13T11:48:09Z,219000811,54.884313,11.483273,0.0,Under way using engine
2026-09-13T11:48:25Z,219000809,54.916130,11.361423,6.9,Under way using engine
2026-09-13T11:48:34Z,219002177,54.916352,11.360558,0.0,Under way using engine
2026-09-13T11:48:40Z,219000811,54.884315,11.483275,0.0,Under way using engine
2026-09-13T11:48:59Z,219000809,54.915855,11.360373,2.1,Under way using engine
2026-09-13T11:49:04Z,219002177,54.916358,11.360563,0.0,Under way using engine
2026-09-13T11:49:19Z,219000811,54.884317,11.483275,0.0,Under way using engine
2026-09-13T11:49:32Z,219000809,54.915928,11.360332,1.0,Under way using engine
2026-09-13T11:49:34Z,219002177,54.916355,11.360557,0.0,Under way using engine
2026-09-13T11:49:50Z,219000811,54.884317,11.483275,0.0,Under way using engine
2026-09-13T11:50:02Z,219000809,54.916060,11.360135,1.2,Under way using engine
2026-09-13T11:50:04Z,219002177,54.916360,11.360560,0.1,Under way using engine
2026-09-13T11:50:29Z,219000811,54.884318,11.483277,0.0,Under way using engine
2026-09-13T11:50:32Z,219000809,54.916083,11.360075,0.2,Under way using engine
2026-09-13T11:50:34Z,219002177,54.916373,11.360613,0.3,Under way using engine
2026-09-13T11:51:00Z,219000811,54.884318,11.483280,0.0,Under way using engine
2026-09-13T11:51:04Z,219002177,54.916297,11.361128,3.1,Under way using engine
2026-09-13T11:51:05Z,219000809,54.916053,11.360002,0.1,Under way using engine
2026-09-13T11:51:34Z,219002177,54.916257,11.362147,4.6,Under way using engine
2026-09-13T11:51:35Z,219000809,54.916052,11.360010,0.0,Under way using engine
2026-09-13T11:51:40Z,219000811,54.884320,11.483282,0.0,Under way using engine
2026-09-13T11:52:04Z,219002177,54.916302,11.363410,5.6,Under way using engine
2026-09-13T11:52:05Z,219000809,54.916037,11.359987,0.0,Under way using engine
2026-09-13T11:52:19Z,219000811,54.884323,11.483283,0.0,Under way using engine
2026-09-13T11:52:34Z,219002177,54.916365,11.364865,6.2,Under way using engine
2026-09-13T11:52:35Z,219000809,54.916035,11.359985,0.0,Under way using engine
2026-09-13T11:52:50Z,219000811,54.884320,11.483283,0.0,Under way using engine
2026-09-13T11:53:04Z,219002177,54.916488,11.366440,6.6,Under way using engine
2026-09-13T11:53:05Z,219000809,54.916052,11.360007,0.0,Under way using engine
2026-09-13T11:53:29Z,219000811,54.884283,11.483287,0.2,Under way using engine
2026-09-13T11:53:34Z,219002177,54.916623,11.368030,6.9,Under way using engine
2026-09-13T11:53:35Z,219000809,54.916075,11.360037,0.0,Under way using engine
2026-09-13T11:54:00Z,219000811,54.883860,11.483358,3.1,Under way using engine
2026-09-13T11:54:04Z,219002177,54.916757,11.369722,7.0,Under way using engine
2026-09-13T11:54:06Z,219000809,54.916065,11.360023,0.0,Under way using engine
2026-09-13T11:54:33Z,219000811,54.883415,11.483638,3.0,Under way using engine
2026-09-13T11:54:34Z,219002177,54.917007,11.371052,5.4,Under way using engine
2026-09-13T11:54:44Z,219000809,54.916055,11.360032,0.1,Under way using engine
2026-09-13T11:55:03Z,219000811,54.883025,11.483522,3.0,Under way using engine
2026-09-13T11:55:04Z,219002177,54.917660,11.371372,5.0,Under way using engine
2026-09-13T11:55:14Z,219000809,54.916037,11.360023,0.0,Under way using engine
2026-09-13T11:55:34Z,219002177,54.918418,11.371472,5.8,Under way using engine
2026-09-13T11:55:40Z,219000811,54.882142,11.482662,6.0,Under way using engine
2026-09-13T11:55:44Z,219000809,54.916042,11.360068,0.0,Under way using engine
2026-09-13T11:56:04Z,219002177,54.919263,11.371608,6.2,Under way using engine
2026-09-13T11:56:13Z,219000811,54.881543,11.481323,6.7,Under way using engine
2026-09-13T11:56:14Z,219000809,54.916053,11.360087,0.0,Under way using engine
2026-09-13T11:56:34Z,219002177,54.920133,11.371777,6.4,Under way using engine
2026-09-13T11:56:44Z,219000809,54.916043,11.360055,0.0,Under way using engine
2026-09-13T11:56:46Z,219000811,54.881307,11.479477,7.2,Under way using engine
2026-09-13T11:57:04Z,219002177,54.921022,11.371962,6.5,Under way using engine
2026-09-13T11:57:14Z,219000809,54.916055,11.360057,0.0,Under way using engine
2026-09-13T11:57:19Z,219000811,54.881210,11.477335,8.2,Under way using engine
2026-09-13T11:57:34Z,219002177,54.921928,11.372163,6.6,Under way using engine
2026-09-13T11:57:44Z,219000809,54.916058,11.360033,0.0,Under way using engine
2026-09-13T11:57:50Z,219000811,54.881235,11.475207,8.3,Under way using engine
2026-09-13T11:58:04Z,219002177,54.922830,11.372353,6.6,Under way using engine
2026-09-13T11:58:14Z,219000809,54.916058,11.360012,0.0,Under way using engine
2026-09-13T11:58:23Z,219000811,54.881590,11.473093,8.3,Under way using engine
2026-09-13T11:58:34Z,219002177,54.923745,11.372548,6.7,Under way using engine
2026-09-13T11:58:44Z,219000809,54.916087,11.360030,0.0,Under way using engine
2026-09-13T11:59:00Z,219000811,54.882192,11.471005,7.7,Under way using engine
2026-09-13T11:59:04Z,219002177,54.924660,11.372740,6.7,Under way using engine
2026-09-13T11:59:14Z,219000809,54.916062,11.360033,0.0,Under way using engine
2026-09-13T11:59:30Z,219000811,54.882723,11.469505,7.3,Under way using engine
2026-09-13T11:59:34Z,219002177,54.925568,11.372933,6.7,Under way using engine
2026-09-13T11:59:45Z,219000809,54.916065,11.360022,0.0,Under way using engine
2026-09-13T12:00:04Z,219002177,54.926502,11.373132,6.7,Under way using engine
2026-09-13T12:00:09Z,219000811,54.883392,11.467573,7.4,Under way using engine
2026-09-13T12:00:25Z,219000809,54.916048,11.360032,0.0,Under way using engine
2026-09-13T12:00:34Z,219002177,54.927425,11.373333,6.7,Under way using engine
2026-09-13T12:00:40Z,219000811,54.883960,11.465905,7.6,Under way using engine
2026-09-13T12:00:55Z,219000809,54.916043,11.360017,0.0,Under way using engine
2026-09-13T12:01:04Z,219002177,54.928347,11.373525,6.6,Under way using engine
2026-09-13T12:01:20Z,219000811,54.884710,11.463687,8.2,Under way using engine
2026-09-13T12:01:25Z,219000809,54.916053,11.360012,0.1,Under way using engine
2026-09-13T12:01:34Z,219002177,54.929200,11.373318,6.3,Under way using engine
2026-09-13T12:01:50Z,219000811,54.885263,11.462010,8.1,Under way using engine
2026-09-13T12:01:55Z,219000809,54.916050,11.360015,0.0,Under way using engine
2026-09-13T12:02:04Z,219002177,54.930087,11.373103,6.4,Under way using engine
2026-09-13T12:02:20Z,219000811,54.885820,11.460328,8.1,Under way using engine
2026-09-13T12:02:25Z,219000809,54.916053,11.360033,0.0,Under way using engine
2026-09-13T12:02:34Z,219002177,54.930985,11.372888,6.5,Under way using engine
2026-09-13T12:02:50Z,219000811,54.886407,11.458590,8.1,Under way using engine
2026-09-13T12:02:55Z,219000809,54.916058,11.360045,0.0,Under way using engine
2026-09-13T12:03:04Z,219002177,54.931890,11.372653,6.6,Under way using engine
2026-09-13T12:03:20Z,219000811,54.886980,11.456905,8.0,Under way using engine
2026-09-13T12:03:25Z,219000809,54.916052,11.360047,0.0,Under way using engine
2026-09-13T12:03:34Z,219002177,54.932783,11.372398,6.6,Under way using engine
2026-09-13T12:03:50Z,219000811,54.887548,11.455357,8.0,Under way using engine
2026-09-13T12:03:55Z,219000809,54.916065,11.360065,0.0,Under way using engine
2026-09-13T12:04:04Z,219002177,54.933673,11.372150,6.5,Under way using engine
2026-09-13T12:04:20Z,219000811,54.888128,11.453648,8.0,Under way using engine
2026-09-13T12:04:26Z,219000809,54.916055,11.360068,0.0,Under way using engine
2026-09-13T12:04:34Z,219002177,54.934550,11.371847,6.4,Under way using engine
2026-09-13T12:04:50Z,219000811,54.888677,11.451963,8.1,Under way using engine
2026-09-13T12:05:04Z,219002177,54.935332,11.371617,5.0,Under way using engine
2026-09-13T12:05:05Z,219000809,54.916072,11.360077,0.0,Under way using engine
2026-09-13T12:05:20Z,219000811,54.889280,11.450252,8.1,Under way using engine
2026-09-13T12:05:34Z,219002177,54.935735,11.371770,2.1,Under way using engine
2026-09-13T12:05:35Z,219000809,54.916052,11.360033,0.0,Under way using engine
2026-09-13T12:05:50Z,219000811,54.889857,11.448560,8.2,Under way using engine
2026-09-13T12:06:04Z,219002177,54.935885,11.371907,1.1,Under way using engine
2026-09-13T12:06:05Z,219000809,54.916055,11.360032,0.0,Under way using engine
2026-09-13T12:06:20Z,219000811,54.890428,11.446928,8.3,Under way using engine
2026-09-13T12:06:34Z,219002177,54.935953,11.371955,0.1,Under way using engine
2026-09-13T12:06:35Z,219000809,54.916055,11.360018,0.0,Under way using engine
2026-09-13T12:06:50Z,219000811,54.891070,11.445120,8.3,Under way using engine
2026-09-13T12:07:04Z,219002177,54.935940,11.371942,0.0,Under way using engine
2026-09-13T12:07:05Z,219000809,54.916045,11.360002,0.0,Under way using engine
2026-09-13T12:07:20Z,219000811,54.891627,11.443455,8.3,Under way using engine
2026-09-13T12:07:34Z,219002177,54.935958,11.371947,0.0,Under way using engine
2026-09-13T12:07:35Z,219000809,54.916077,11.360033,0.0,Under way using engine
2026-09-13T12:07:50Z,219000811,54.892198,11.441723,8.3,Under way using engine
2026-09-13T12:08:04Z,219002177,54.935958,11.371952,0.0,Under way using engine
2026-09-13T12:08:05Z,219000809,54.916060,11.360038,0.0,Under way using engine
2026-09-13T12:08:20Z,219000811,54.892765,11.439920,8.3,Under way using engine
2026-09-13T12:08:34Z,219002177,54.935955,11.371963,0.0,Under way using engine
2026-09-13T12:08:35Z,219000809,54.916060,11.360050,0.0,Under way using engine
2026-09-13T12:08:50Z,219000811,54.893340,11.438180,8.4,Under way using engine
2026-09-13T12:09:04Z,219002177,54.935947,11.371953,0.0,Under way using engine
2026-09-13T12:09:05Z,219000809,54.916052,11.360063,0.4,Under way using engine
2026-09-13T12:09:20Z,219000811,54.893905,11.436442,8.4,Under way using engine
2026-09-13T12:09:34Z,219002177,54.935943,11.371955,0.0,Under way using engine
2026-09-13T12:09:36Z,219000809,54.916018,11.360695,3.8,Under way using engine
2026-09-13T12:09:50Z,219000811,54.894470,11.434685,8.4,Under way using engine
2026-09-13T12:10:08Z,219000809,54.916123,11.362158,6.4,Under way using engine
2026-09-13T12:10:14Z,219002177,54.935940,11.371978,0.0,Under way using engine
2026-09-13T12:10:20Z,219000811,54.895073,11.432887,8.4,Under way using engine
2026-09-13T12:10:44Z,219002177,54.935955,11.371977,0.0,Under way using engine
2026-09-13T12:10:45Z,219000809,54.916283,11.364277,7.7,Under way using engine
2026-09-13T12:10:50Z,219000811,54.895645,11.431137,8.4,Under way using engine
2026-09-13T12:11:14Z,219002177,54.935947,11.371972,0.0,Under way using engine
2026-09-13T12:11:16Z,219000809,54.916330,11.366268,8.1,Under way using engine
2026-09-13T12:11:20Z,219000811,54.896240,11.429337,8.4,Under way using engine
2026-09-13T12:11:44Z,219002177,54.935953,11.371977,0.0,Under way using engine
2026-09-13T12:11:50Z,219000811,54.896848,11.427607,8.4,Under way using engine
2026-09-13T12:11:51Z,219000809,54.916307,11.368615,8.2,Under way using engine
2026-09-13T12:12:15Z,219002177,54.935958,11.371977,0.0,Under way using engine
2026-09-13T12:12:20Z,219000811,54.897420,11.425857,8.4,Under way using engine
2026-09-13T12:12:22Z,219000809,54.915925,11.370465,8.3,Under way using engine
2026-09-13T12:12:52Z,219000809,54.915395,11.372260,8.4,Under way using engine
2026-09-13T12:12:55Z,219002177,54.935957,11.371973,0.0,Under way using engine
2026-09-13T12:12:58Z,219000811,54.898203,11.423638,8.3,Under way using engine
2026-09-13T12:13:25Z,219000809,54.914825,11.374387,8.8,Under way using engine
2026-09-13T12:13:29Z,219000811,54.898813,11.421900,8.2,Under way using engine
2026-09-13T12:13:35Z,219002177,54.935965,11.371982,0.0,Under way using engine
2026-09-13T12:13:55Z,219000809,54.914267,11.376315,9.0,Under way using engine
2026-09-13T12:14:10Z,219000811,54.899528,11.419590,8.1,Under way using engine
2026-09-13T12:14:15Z,219002177,54.935957,11.371968,0.0,Under way using engine
2026-09-13T12:14:25Z,219000809,54.913708,11.378287,9.2,Under way using engine
2026-09-13T12:14:40Z,219000811,54.900062,11.417912,8.1,Under way using engine
2026-09-13T12:14:54Z,219002177,54.935955,11.371953,0.0,Under way using engine
2026-09-13T12:14:55Z,219000809,54.913092,11.380230,9.3,Under way using engine
2026-09-13T12:15:10Z,219000811,54.900527,11.416068,8.1,Under way using engine
2026-09-13T12:15:24Z,219002177,54.935938,11.371938,0.3,Under way using engine
2026-09-13T12:15:25Z,219000809,54.912432,11.382162,9.3,Under way using engine
2026-09-13T12:15:40Z,219000811,54.900952,11.414282,8.1,Under way using engine
2026-09-13T12:15:54Z,219002177,54.935678,11.371763,2.9,Under way using engine
2026-09-13T12:15:55Z,219000809,54.911805,11.384130,9.4,Under way using engine
2026-09-13T12:16:20Z,219000811,54.901512,11.411892,8.0,Under way using engine
2026-09-13T12:16:24Z,219002177,54.935173,11.371333,4.6,Under way using engine
2026-09-13T12:16:25Z,219000809,54.911123,11.386053,9.4,Under way using engine
2026-09-13T12:16:50Z,219000811,54.901933,11.410043,8.1,Under way using engine
2026-09-13T12:16:54Z,219002177,54.934502,11.371025,5.3,Under way using engine
2026-09-13T12:16:56Z,219000809,54.910472,11.388023,9.4,Under way using engine
2026-09-13T12:17:20Z,219000811,54.902340,11.408240,8.1,Under way using engine
2026-09-13T12:17:24Z,219002177,54.933673,11.371142,6.4,Under way using engine
2026-09-13T12:17:26Z,219000809,54.909790,11.389970,9.5,Under way using engine
2026-09-13T12:17:50Z,219000811,54.902740,11.406423,8.1,Under way using engine
2026-09-13T12:17:54Z,219002177,54.932735,11.371273,7.0,Under way using engine
2026-09-13T12:17:56Z,219000809,54.909107,11.391915,9.4,Under way using engine
2026-09-13T12:18:20Z,219000811,54.903133,11.404568,8.3,Under way using engine
2026-09-13T12:18:24Z,219002177,54.931730,11.371443,7.4,Under way using engine
2026-09-13T12:18:26Z,219000809,54.908493,11.393922,9.4,Under way using engine
2026-09-13T12:18:50Z,219000811,54.903553,11.402633,8.4,Under way using engine
2026-09-13T12:18:56Z,219000809,54.908167,11.396007,8.8,Under way using engine
2026-09-13T12:19:03Z,219002177,54.930377,11.371688,7.7,Under way using engine
2026-09-13T12:19:20Z,219000811,54.903947,11.400748,8.4,Under way using engine
2026-09-13T12:19:26Z,219000809,54.908437,11.397967,8.4,Under way using engine
2026-09-13T12:19:34Z,219002177,54.929247,11.371860,7.8,Under way using engine
2026-09-13T12:19:50Z,219000811,54.904392,11.398992,8.3,Under way using engine
2026-09-13T12:19:56Z,219000809,54.909062,11.399630,8.4,Under way using engine
2026-09-13T12:20:15Z,219002177,54.927807,11.372107,7.9,Under way using engine
2026-09-13T12:20:20Z,219000811,54.904965,11.397205,8.2,Under way using engine
2026-09-13T12:20:26Z,219000809,54.909738,11.401268,8.4,Under way using engine
2026-09-13T12:20:50Z,219000811,54.905558,11.395565,8.0,Under way using engine
2026-09-13T12:20:53Z,219002177,54.926397,11.372340,7.9,Under way using engine
2026-09-13T12:20:56Z,219000809,54.910428,11.402888,8.3,Under way using engine
2026-09-13T12:21:20Z,219000811,54.906140,11.393930,7.8,Under way using engine
2026-09-13T12:21:24Z,219002177,54.925270,11.372537,7.9,Under way using engine
2026-09-13T12:21:26Z,219000809,54.911122,11.404495,8.3,Under way using engine
2026-09-13T12:21:50Z,219000811,54.906733,11.392292,8.0,Under way using engine
2026-09-13T12:21:56Z,219000809,54.911802,11.406095,8.3,Under way using engine
2026-09-13T12:22:03Z,219002177,54.923857,11.372775,7.9,Under way using engine
2026-09-13T12:22:20Z,219000811,54.907378,11.390632,8.3,Under way using engine
2026-09-13T12:22:26Z,219000809,54.912483,11.407700,8.3,Under way using engine
2026-09-13T12:22:34Z,219002177,54.922728,11.372957,7.9,Under way using engine
2026-09-13T12:22:50Z,219000811,54.908070,11.388998,8.4,Under way using engine
2026-09-13T12:22:56Z,219000809,54.913168,11.409297,8.3,Under way using engine
2026-09-13T12:23:14Z,219002177,54.921308,11.373118,7.6,Under way using engine
2026-09-13T12:23:20Z,219000811,54.908777,11.387375,8.5,Under way using engine
2026-09-13T12:23:26Z,219000809,54.913852,11.410883,8.3,Under way using engine
2026-09-13T12:23:45Z,219002177,54.920225,11.372968,7.4,Under way using engine
2026-09-13T12:23:56Z,219000809,54.914572,11.412478,8.3,Under way using engine
2026-09-13T12:24:00Z,219000811,54.909702,11.385228,8.6,Under way using engine
2026-09-13T12:24:23Z,219002177,54.919022,11.372328,7.2,Under way using engine
2026-09-13T12:24:26Z,219000809,54.915245,11.414080,8.3,Under way using engine
2026-09-13T12:24:49Z,219000811,54.910947,11.382517,8.6,Under way using engine
2026-09-13T12:24:53Z,219002177,54.918095,11.371783,7.1,Under way using engine
2026-09-13T12:25:06Z,219000809,54.916160,11.416232,8.3,Under way using engine
2026-09-13T12:25:23Z,219002177,54.917167,11.371252,6.8,Under way using engine
2026-09-13T12:25:29Z,219000811,54.911980,11.380360,8.7,Under way using engine
2026-09-13T12:25:46Z,219000809,54.917083,11.418395,8.4,Under way using engine
2026-09-13T12:25:53Z,219002177,54.916698,11.370253,5.0,Under way using engine
2026-09-13T12:25:59Z,219000811,54.912750,11.378757,8.7,Under way using engine
2026-09-13T12:26:16Z,219000809,54.917757,11.420023,8.4,Under way using engine
2026-09-13T12:26:23Z,219002177,54.916612,11.368958,5.7,Under way using engine
2026-09-13T12:26:30Z,219000811,54.913492,11.377238,8.0,Under way using engine
2026-09-13T12:26:46Z,219000809,54.918437,11.421642,8.4,Under way using engine
2026-09-13T12:26:55Z,219002177,54.916565,11.367413,6.2,Under way using engine
2026-09-13T12:27:08Z,219000811,54.914360,11.375463,7.4,Under way using engine
2026-09-13T12:27:16Z,219000809,54.919152,11.423257,8.4,Under way using engine
2026-09-13T12:27:34Z,219002177,54.916495,11.365445,6.4,Under way using engine
2026-09-13T12:27:46Z,219000809,54.919872,11.424837,8.4,Under way using engine
2026-09-13T12:27:49Z,219000811,54.915232,11.373717,7.0,Under way using engine
2026-09-13T12:28:04Z,219002177,54.916377,11.363887,6.5,Under way using engine
2026-09-13T12:28:16Z,219000809,54.920563,11.426472,8.4,Under way using engine
2026-09-13T12:28:26Z,219000811,54.915898,11.372082,6.7,Under way using engine
2026-09-13T12:28:34Z,219002177,54.916315,11.362443,5.6,Under way using engine
2026-09-13T12:28:46Z,219000809,54.921270,11.428073,8.4,Under way using engine
2026-09-13T12:28:56Z,219000811,54.916308,11.370617,6.6,Under way using engine
2026-09-13T12:29:04Z,219002177,54.916348,11.361373,4.0,Under way using engine
2026-09-13T12:29:16Z,219000809,54.921985,11.429698,8.5,Under way using engine
2026-09-13T12:29:26Z,219000811,54.916455,11.369055,6.6,Under way using engine
2026-09-13T12:29:34Z,219002177,54.916368,11.360807,1.7,Under way using engine
2026-09-13T12:29:46Z,219000809,54.922717,11.431322,8.6,Under way using engine
2026-09-13T12:29:59Z,219000811,54.916520,11.367280,6.7,Under way using engine
2026-09-13T12:30:04Z,219002177,54.916372,11.360592,0.4,Under way using engine
2026-09-13T12:30:16Z,219000809,54.923460,11.432963,8.6,Under way using engine
2026-09-13T12:30:30Z,219000811,54.916448,11.365592,6.8,Under way using engine
2026-09-13T12:30:45Z,219002177,54.916345,11.360565,0.0,Under way using engine
2026-09-13T12:30:46Z,219000809,54.924195,11.434568,8.6,Under way using engine
2026-09-13T12:31:08Z,219000811,54.916280,11.363538,6.8,Under way using engine
2026-09-13T12:31:16Z,219000809,54.924923,11.436222,8.6,Under way using engine
2026-09-13T12:31:23Z,219002177,54.916360,11.360583,0.0,Under way using engine
2026-09-13T12:31:40Z,219000811,54.916170,11.362042,5.7,Under way using engine
2026-09-13T12:31:56Z,219000809,54.925913,11.438380,8.6,Under way using engine
2026-09-13T12:32:03Z,219002177,54.916365,11.360582,0.0,Under way using engine
2026-09-13T12:32:16Z,219000811,54.915977,11.360797,4.5,Under way using engine
2026-09-13T12:32:35Z,219002177,54.916362,11.360567,0.0,Under way using engine
2026-09-13T12:32:36Z,219000809,54.926877,11.440550,8.6,Under way using engine
2026-09-13T12:32:46Z,219000811,54.915878,11.360660,0.8,Under way using engine
2026-09-13T12:33:06Z,219000809,54.927647,11.442168,8.6,Under way using engine
2026-09-13T12:33:14Z,219002177,54.916370,11.360578,0.0,Under way using engine
2026-09-13T12:33:16Z,219000811,54.915948,11.360560,0.6,Under way using engine
2026-09-13T12:33:36Z,219000809,54.928398,11.443758,8.5,Under way using engine
2026-09-13T12:33:45Z,219002177,54.916377,11.360585,0.0,Under way using engine
2026-09-13T12:33:46Z,219000811,54.916032,11.360150,1.8,Under way using engine
2026-09-13T12:34:06Z,219000809,54.929145,11.445362,8.5,Under way using engine
2026-09-13T12:34:18Z,219000811,54.916063,11.359992,0.6,Under way using engine
2026-09-13T12:34:23Z,219002177,54.916377,11.360575,0.0,Under way using engine
2026-09-13T12:34:36Z,219000809,54.929880,11.446965,8.4,Under way using engine
2026-09-13T12:34:49Z,219000811,54.916065,11.359970,0.1,Under way using engine
2026-09-13T12:34:54Z,219002177,54.916380,11.360573,0.0,Under way using engine
2026-09-13T12:35:06Z,219000809,54.930600,11.448555,8.5,Under way using engine
2026-09-13T12:35:30Z,219000811,54.916067,11.359973,0.0,Under way using engine
2026-09-13T12:35:35Z,219002177,54.916368,11.360575,0.0,Under way using engine
2026-09-13T12:35:56Z,219000809,54.931848,11.451222,8.6,Under way using engine
2026-09-13T12:36:08Z,219000811,54.916067,11.359972,0.0,Under way using engine
2026-09-13T12:36:14Z,219002177,54.916378,11.360585,0.0,Under way using engine
2026-09-13T12:36:35Z,219000809,54.932693,11.453463,8.6,Under way using engine
2026-09-13T12:36:40Z,219000811,54.916067,11.359970,0.0,Under way using engine
2026-09-13T12:36:45Z,219002177,54.916363,11.360578,0.0,Under way using engine
2026-09-13T12:37:06Z,219000809,54.933288,11.455313,8.6,Under way using engine
2026-09-13T12:37:18Z,219000811,54.916065,11.359968,0.0,Under way using engine
2026-09-13T12:37:23Z,219002177,54.916375,11.360597,0.0,Under way using engine
2026-09-13T12:37:49Z,219000811,54.916067,11.359972,0.0,Under way using engine
2026-09-13T12:37:54Z,219002177,54.916370,11.360597,0.0,Under way using engine
2026-09-13T12:37:56Z,219000809,54.934300,11.458317,8.6,Under way using engine
2026-09-13T12:38:24Z,219002177,54.916363,11.360585,0.0,Under way using engine
2026-09-13T12:38:30Z,219000811,54.916068,11.359973,0.0,Under way using engine
2026-09-13T12:38:35Z,219000809,54.935042,11.460667,8.6,Under way using engine
2026-09-13T12:38:54Z,219002177,54.916362,11.360573,0.0,Under way using engine
2026-09-13T12:39:00Z,219000811,54.916073,11.359975,0.0,Under way using engine
2026-09-13T12:39:05Z,219000809,54.935630,11.462460,8.6,Under way using engine
2026-09-13T12:39:24Z,219002177,54.916378,11.360580,0.0,Under way using engine
2026-09-13T12:39:30Z,219000811,54.916075,11.359978,0.0,Under way using engine
2026-09-13T12:39:35Z,219000809,54.936190,11.464288,8.6,Under way using engine
2026-09-13T12:40:00Z,219000811,54.916075,11.359977,0.0,Under way using engine
2026-09-13T12:40:04Z,219002177,54.916372,11.360577,0.0,Under way using engine
2026-09-13T12:40:05Z,219000809,54.936782,11.466127,8.6,Under way using engine
2026-09-13T12:40:34Z,219002177,54.916372,11.360593,0.0,Under way using engine
2026-09-13T12:40:35Z,219000809,54.937358,11.467922,8.6,Under way using engine
2026-09-13T12:40:40Z,219000811,54.916077,11.359978,0.0,Under way using engine
2026-09-13T12:41:04Z,219002177,54.916360,11.360577,0.0,Under way using engine
2026-09-13T12:41:05Z,219000809,54.937925,11.469693,8.6,Under way using engine
2026-09-13T12:41:20Z,219000811,54.916075,11.359973,0.0,Under way using engine
2026-09-13T12:41:34Z,219002177,54.916358,11.360558,0.1,Under way using engine
2026-09-13T12:41:35Z,219000809,54.938513,11.471502,8.6,Under way using engine
2026-09-13T12:42:00Z,219000811,54.916077,11.359972,0.0,Under way using engine
2026-09-13T12:42:04Z,219002177,54.916352,11.360562,0.0,Under way using engine
2026-09-13T12:42:05Z,219000809,54.939115,11.473315,8.6,Under way using engine
2026-09-13T12:42:34Z,219002177,54.916347,11.360570,0.0,Under way using engine
2026-09-13T12:42:39Z,219000809,54.939810,11.475268,8.4,Under way using engine
2026-09-13T12:42:39Z,219000811,54.916075,11.359968,0.0,Under way using engine
2026-09-13T12:43:04Z,219002177,54.916347,11.360562,0.0,Under way using engine
2026-09-13T12:43:09Z,219000811,54.916070,11.359973,0.0,Under way using engine
2026-09-13T12:43:15Z,219000809,54.940738,11.477102,8.4,Under way using engine
2026-09-13T12:43:34Z,219002177,54.916338,11.360550,0.0,Under way using engine
2026-09-13T12:43:39Z,219000811,54.916058,11.360030,0.2,Under way using engine
2026-09-13T12:43:46Z,219000809,54.941590,11.478620,8.5,Under way using engine
2026-09-13T12:44:04Z,219002177,54.916343,11.360550,0.0,Under way using engine
2026-09-13T12:44:09Z,219000811,54.916052,11.360350,1.3,Under way using engine
2026-09-13T12:44:22Z,219000809,54.942633,11.480270,8.5,Under way using engine
2026-09-13T12:44:34Z,219002177,54.916338,11.360550,0.0,Under way using engine
2026-09-13T12:44:39Z,219000811,54.916085,11.361572,5.2,Under way using engine
2026-09-13T12:44:52Z,219000809,54.943685,11.481075,8.4,Under way using engine
2026-09-13T12:45:04Z,219002177,54.916333,11.360533,0.0,Under way using engine
2026-09-13T12:45:09Z,219000811,54.916222,11.363373,7.4,Under way using engine
2026-09-13T12:45:22Z,219000809,54.944783,11.481700,8.3,Under way using engine
2026-09-13T12:45:34Z,219002177,54.916342,11.360545,0.0,Under way using engine
2026-09-13T12:45:39Z,219000811,54.916395,11.365245,8.2,Under way using engine
2026-09-13T12:45:56Z,219000809,54.946023,11.482435,8.3,Under way using engine
2026-09-13T12:46:04Z,219002177,54.916355,11.360553,0.0,Under way using engine
2026-09-13T12:46:10Z,219000811,54.916400,11.367318,8.3,Under way using engine
2026-09-13T12:46:34Z,219000809,54.947447,11.483290,8.4,Under way using engine
2026-09-13T12:46:34Z,219002177,54.916358,11.360572,0.0,Under way using engine
2026-09-13T12:46:43Z,219000811,54.915702,11.369163,8.1,Under way using engine
2026-09-13T12:47:04Z,219002177,54.916352,11.360595,0.0,Under way using engine
2026-09-13T12:47:06Z,219000809,54.948585,11.483942,8.4,Under way using engine
2026-09-13T12:47:19Z,219000811,54.914912,11.371108,8.5,Under way using engine
2026-09-13T12:47:34Z,219002177,54.916343,11.360583,0.0,Under way using engine
2026-09-13T12:47:46Z,219000809,54.950058,11.484823,8.4,Under way using engine
2026-09-13T12:47:49Z,219000811,54.914200,11.372867,8.6,Under way using engine
2026-09-13T12:48:04Z,219002177,54.916345,11.360573,0.0,Under way using engine
2026-09-13T12:48:19Z,219000811,54.913532,11.374605,8.7,Under way using engine
2026-09-13T12:48:25Z,219000809,54.951485,11.485685,8.4,Under way using engine
2026-09-13T12:48:34Z,219002177,54.916350,11.360572,0.0,Under way using engine
2026-09-13T12:48:49Z,219000811,54.912875,11.376387,8.9,Under way using engine
2026-09-13T12:48:56Z,219000809,54.952617,11.486355,8.3,Under way using engine
2026-09-13T12:49:04Z,219002177,54.916352,11.360572,0.0,Under way using engine
2026-09-13T12:49:19Z,219000811,54.912178,11.378207,8.9,Under way using engine
2026-09-13T12:49:34Z,219000809,54.954000,11.487193,8.3,Under way using engine
2026-09-13T12:49:34Z,219002177,54.916355,11.360567,0.0,Under way using engine
2026-09-13T12:49:49Z,219000811,54.911467,11.380052,9.0,Under way using engine
2026-09-13T12:50:04Z,219002177,54.916350,11.360562,0.0,Under way using engine
2026-09-13T12:50:06Z,219000809,54.955162,11.487892,8.3,Under way using engine
2026-09-13T12:50:19Z,219000811,54.910787,11.381772,9.0,Under way using engine
2026-09-13T12:50:34Z,219002177,54.916360,11.360567,0.0,Under way using engine
2026-09-13T12:50:46Z,219000809,54.956608,11.488723,8.1,Under way using engine
2026-09-13T12:50:49Z,219000811,54.910025,11.383683,9.1,Under way using engine
2026-09-13T12:51:04Z,219002177,54.916340,11.360787,1.9,Under way using engine
2026-09-13T12:51:19Z,219000811,54.909327,11.385403,9.1,Under way using engine
2026-09-13T12:51:25Z,219000809,54.958025,11.489558,8.4,Under way using engine
2026-09-13T12:51:34Z,219002177,54.916275,11.361572,3.8,Under way using engine
2026-09-13T12:51:49Z,219000811,54.908558,11.387237,9.2,Under way using engine
2026-09-13T12:52:04Z,219002177,54.916295,11.362668,4.9,Under way using engine
2026-09-13T12:52:06Z,219000809,54.959530,11.490445,8.4,Under way using engine
2026-09-13T12:52:19Z,219000811,54.907837,11.388988,9.2,Under way using engine
2026-09-13T12:52:34Z,219002177,54.916397,11.363947,5.6,Under way using engine
2026-09-13T12:52:46Z,219000809,54.960987,11.491307,8.5,Under way using engine
2026-09-13T12:52:49Z,219000811,54.907077,11.390828,9.1,Under way using engine
2026-09-13T12:53:04Z,219002177,54.916445,11.365363,6.1,Under way using engine
2026-09-13T12:53:19Z,219000811,54.906453,11.392620,9.0,Under way using engine
2026-09-13T12:53:25Z,219000809,54.962432,11.492162,8.5,Under way using engine
2026-09-13T12:53:35Z,219002177,54.916527,11.366912,6.4,Under way using engine
2026-09-13T12:53:49Z,219000811,54.905862,11.394595,9.0,Under way using engine
2026-09-13T12:53:58Z,219000809,54.963613,11.493123,8.4,Under way using engine
2026-09-13T12:54:14Z,219002177,54.916645,11.368977,6.7,Under way using engine
2026-09-13T12:54:19Z,219000811,54.905335,11.396502,8.8,Under way using engine
2026-09-13T12:54:28Z,219000809,54.964552,11.494237,8.5,Under way using engine
2026-09-13T12:54:44Z,219002177,54.916792,11.370512,6.0,Under way using engine
2026-09-13T12:54:49Z,219000811,54.904842,11.398313,8.7,Under way using engine
2026-09-13T12:55:04Z,219000809,54.965703,11.495692,8.7,Under way using engine
2026-09-13T12:55:14Z,219002177,54.917322,11.371182,4.7,Under way using engine
2026-09-13T12:55:19Z,219000811,54.904358,11.400273,8.6,Under way using engine
2026-09-13T12:55:35Z,219000809,54.966737,11.496930,8.7,Under way using engine
2026-09-13T12:55:44Z,219002177,54.918020,11.371232,5.3,Under way using engine
2026-09-13T12:55:49Z,219000811,54.903907,11.402165,8.6,Under way using engine
2026-09-13T12:56:14Z,219002177,54.918792,11.371292,5.7,Under way using engine
2026-09-13T12:56:15Z,219000809,54.968047,11.498518,8.7,Under way using engine
2026-09-13T12:56:19Z,219000811,54.903442,11.404115,8.7,Under way using engine
2026-09-13T12:56:44Z,219002177,54.919617,11.371350,6.0,Under way using engine
2026-09-13T12:56:45Z,219000809,54.969047,11.499683,8.7,Under way using engine
2026-09-13T12:56:49Z,219000811,54.902973,11.406085,8.7,Under way using engine
2026-09-13T12:57:14Z,219002177,54.920475,11.371425,6.2,Under way using engine
2026-09-13T12:57:15Z,219000809,54.970037,11.500833,8.6,Under way using engine
2026-09-13T12:57:19Z,219000811,54.902512,11.408015,8.8,Under way using engine
2026-09-13T12:57:44Z,219002177,54.921340,11.371505,6.4,Under way using engine
2026-09-13T12:57:45Z,219000809,54.971023,11.501992,8.6,Under way using engine
2026-09-13T12:57:49Z,219000811,54.902050,11.409958,8.8,Under way using engine
2026-09-13T12:58:14Z,219002177,54.922218,11.371595,6.4,Under way using engine
2026-09-13T12:58:15Z,219000809,54.971907,11.503367,8.5,Under way using engine
2026-09-13T12:58:19Z,219000811,54.901592,11.411940,8.7,Under way using engine
2026-09-13T12:58:44Z,219002177,54.923118,11.371707,6.5,Under way using engine
2026-09-13T12:58:45Z,219000809,54.972317,11.505173,8.1,Under way using engine
2026-09-13T12:58:49Z,219000811,54.901133,11.413873,8.7,Under way using engine
2026-09-13T12:59:14Z,219002177,54.924017,11.371810,6.5,Under way using engine
2026-09-13T12:59:15Z,219000809,54.972242,11.507137,8.2,Under way using engine
2026-09-13T12:59:19Z,219000811,54.900652,11.415822,8.8,Under way using engine
2026-09-13T12:59:44Z,219002177,54.924915,11.371912,6.5,Under way using engine
2026-09-13T12:59:49Z,219000811,54.900182,11.417785,8.9,Under way using engine
2026-09-13T12:59:55Z,219000809,54.972088,11.509622,7.5,Under way using engine
2026-09-13T13:00:14Z,219002177,54.925800,11.371997,6.5,Under way using engine
2026-09-13T13:00:19Z,219000811,54.899720,11.419840,8.9,Under way using engine
2026-09-13T13:00:25Z,219000809,54.972002,11.511348,6.5,Under way using engine
2026-09-13T13:00:49Z,219000811,54.899142,11.421698,8.8,Under way using engine
2026-09-13T13:00:53Z,219002177,54.926967,11.372125,6.5,Under way using engine
2026-09-13T13:00:55Z,219000809,54.971932,11.512667,5.3,Under way using engine
2026-09-13T13:01:19Z,219000811,54.898535,11.423572,9.0,Under way using engine
2026-09-13T13:01:25Z,219000809,54.971905,11.513760,3.9,Under way using engine
2026-09-13T13:01:25Z,219002177,54.927932,11.372235,6.5,Under way using engine
2026-09-13T13:01:49Z,219000811,54.897930,11.425447,8.9,Under way using engine
2026-09-13T13:01:55Z,219000809,54.971902,11.514348,1.9,Under way using engine
2026-09-13T13:01:55Z,219002177,54.928828,11.372335,6.5,Under way using engine
2026-09-13T13:02:19Z,219000811,54.897303,11.427362,8.9,Under way using engine
2026-09-13T13:02:25Z,219000809,54.971898,11.514558,0.5,Under way using engine
2026-09-13T13:02:25Z,219002177,54.929718,11.372368,6.4,Under way using engine
2026-09-13T13:02:49Z,219000811,54.896688,11.429165,8.8,Under way using engine
2026-09-13T13:02:55Z,219000809,54.971883,11.514583,0.0,Under way using engine
2026-09-13T13:02:55Z,219002177,54.930595,11.372325,6.4,Under way using engine
2026-09-13T13:03:19Z,219000811,54.896075,11.430957,8.7,Under way using engine
2026-09-13T13:03:25Z,219000809,54.971895,11.514582,0.1,Under way using engine
2026-09-13T13:03:25Z,219002177,54.931470,11.372165,6.4,Under way using engine
2026-09-13T13:03:49Z,219000811,54.895465,11.432748,8.7,Under way using engine
2026-09-13T13:03:55Z,219000809,54.971900,11.514585,0.0,Under way using engine
2026-09-13T13:03:55Z,219002177,54.932352,11.372043,6.4,Under way using engine
2026-09-13T13:04:19Z,219000811,54.894863,11.434522,8.7,Under way using engine
2026-09-13T13:04:25Z,219000809,54.971900,11.514588,0.0,Under way using engine
2026-09-13T13:04:25Z,219002177,54.933238,11.371882,6.4,Under way using engine
2026-09-13T13:04:49Z,219000811,54.894238,11.436367,8.6,Under way using engine
2026-09-13T13:04:55Z,219000809,54.971903,11.514588,0.0,Under way using engine
2026-09-13T13:04:55Z,219002177,54.934118,11.371697,6.4,Under way using engine
2026-09-13T13:05:19Z,219000811,54.893630,11.438170,8.7,Under way using engine
2026-09-13T13:05:25Z,219000809,54.971900,11.514587,0.0,Under way using engine
2026-09-13T13:05:33Z,219002177,54.935168,11.371527,5.5,Under way using engine
2026-09-13T13:05:49Z,219000811,54.893025,11.439927,8.7,Under way using engine
2026-09-13T13:05:55Z,219000809,54.971900,11.514590,0.0,Under way using engine
2026-09-13T13:06:04Z,219002177,54.935705,11.371745,3.0,Under way using engine
2026-09-13T13:06:19Z,219000811,54.892397,11.441743,8.8,Under way using engine
2026-09-13T13:06:25Z,219000809,54.971908,11.514592,0.0,Under way using engine
2026-09-13T13:06:43Z,219002177,54.935910,11.371927,0.8,Under way using engine
2026-09-13T13:06:49Z,219000811,54.891767,11.443623,8.8,Under way using engine
2026-09-13T13:06:55Z,219000809,54.971903,11.514590,0.0,Under way using engine
2026-09-13T13:07:14Z,219002177,54.935952,11.371967,0.1,Under way using engine
2026-09-13T13:07:19Z,219000811,54.891203,11.445418,8.8,Under way using engine
2026-09-13T13:07:25Z,219000809,54.971900,11.514580,0.0,Under way using engine
2026-09-13T13:07:49Z,219000811,54.890600,11.447340,8.9,Under way using engine
2026-09-13T13:07:55Z,219000809,54.971903,11.514583,0.0,Under way using engine
2026-09-13T13:07:55Z,219002177,54.935942,11.371958,0.0,Under way using engine
2026-09-13T13:08:19Z,219000811,54.890020,11.449207,8.9,Under way using engine
2026-09-13T13:08:25Z,219000809,54.971905,11.514588,0.0,Under way using engine
2026-09-13T13:08:33Z,219002177,54.935947,11.371957,0.0,Under way using engine
2026-09-13T13:08:49Z,219000811,54.889400,11.451040,8.9,Under way using engine
2026-09-13T13:08:55Z,219000809,54.971902,11.514587,0.0,Under way using engine
2026-09-13T13:09:04Z,219002177,54.935950,11.371938,0.0,Under way using engine
2026-09-13T13:09:19Z,219000811,54.888767,11.452822,8.9,Under way using engine
2026-09-13T13:09:25Z,219000809,54.971902,11.514578,0.0,Under way using engine
2026-09-13T13:09:43Z,219002177,54.935950,11.371945,0.0,Under way using engine
2026-09-13T13:09:49Z,219000811,54.888073,11.454657,8.8,Under way using engine
2026-09-13T13:09:55Z,219000809,54.971905,11.514578,0.0,Under way using engine
2026-09-13T13:10:13Z,219002177,54.935947,11.371950,0.0,Under way using engine
2026-09-13T13:10:19Z,219000811,54.887248,11.456088,8.7,Under way using engine
2026-09-13T13:10:25Z,219000809,54.971907,11.514582,0.0,Under way using engine
2026-09-13T13:10:43Z,219002177,54.935953,11.371957,0.0,Under way using engine
2026-09-13T13:10:49Z,219000811,54.886337,11.457620,8.9,Under way using engine
2026-09-13T13:10:55Z,219000809,54.971910,11.514582,0.0,Under way using engine
2026-09-13T13:11:19Z,219000811,54.885455,11.459102,8.9,Under way using engine
2026-09-13T13:11:24Z,219002177,54.935957,11.371955,0.0,Under way using engine
2026-09-13T13:11:25Z,219000809,54.971905,11.514587,0.0,Under way using engine
2026-09-13T13:11:49Z,219000811,54.884592,11.460683,8.9,Under way using engine
2026-09-13T13:11:54Z,219002177,54.935965,11.371970,0.0,Under way using engine
2026-09-13T13:11:55Z,219000809,54.971903,11.514588,0.0,Under way using engine
2026-09-13T13:12:19Z,219000811,54.883848,11.462383,8.9,Under way using engine
2026-09-13T13:12:24Z,219002177,54.935950,11.371978,0.0,Under way using engine
2026-09-13T13:12:25Z,219000809,54.971897,11.514313,2.0,Under way using engine
2026-09-13T13:12:50Z,219000811,54.883148,11.464205,8.9,Under way using engine
2026-09-13T13:12:54Z,219002177,54.935950,11.371975,0.0,Under way using engine
2026-09-13T13:12:55Z,219000809,54.971902,11.513648,2.8,Under way using engine
2026-09-13T13:13:24Z,219002177,54.935953,11.371978,0.0,Under way using engine
2026-09-13T13:13:25Z,219000809,54.971870,11.513190,1.8,Under way using engine
2026-09-13T13:13:30Z,219000811,54.882247,11.466688,8.9,Under way using engine
2026-09-13T13:13:54Z,219002177,54.935955,11.371973,0.0,Under way using engine
2026-09-13T13:13:55Z,219000809,54.971732,11.512847,1.4,Under way using engine
2026-09-13T13:14:10Z,219000811,54.881375,11.469100,8.9,Under way using engine
2026-09-13T13:14:24Z,219002177,54.935958,11.371977,0.0,Under way using engine
2026-09-13T13:14:25Z,219000809,54.971775,11.512617,2.1,Under way using engine
2026-09-13T13:14:40Z,219000811,54.880757,11.470827,8.8,Under way using engine
2026-09-13T13:14:54Z,219002177,54.935952,11.371977,0.0,Under way using engine
2026-09-13T13:14:55Z,219000809,54.971967,11.511510,5.7,Under way using engine
2026-09-13T13:15:10Z,219000811,54.880527,11.472908,8.4,Under way using engine
2026-09-13T13:15:24Z,219002177,54.935947,11.371967,0.4,Under way using engine
2026-09-13T13:15:25Z,219000809,54.972020,11.509875,7.2,Under way using engine
2026-09-13T13:15:40Z,219000811,54.880630,11.474812,8.3,Under way using engine
2026-09-13T13:15:54Z,219002177,54.935693,11.371792,2.7,Under way using engine
2026-09-13T13:15:55Z,219000809,54.972210,11.508072,7.8,Under way using engine
2026-09-13T13:16:10Z,219000811,54.880808,11.476870,8.4,Under way using engine
2026-09-13T13:16:24Z,219002177,54.935232,11.371357,4.3,Under way using engine
2026-09-13T13:16:25Z,219000809,54.972372,11.506192,8.1,Under way using engine
2026-09-13T13:16:40Z,219000811,54.881078,11.478828,8.4,Under way using engine
2026-09-13T13:16:54Z,219002177,54.934643,11.370903,4.7,Under way using engine
2026-09-13T13:16:55Z,219000809,54.972178,11.504265,8.1,Under way using engine
2026-09-13T13:17:10Z,219000811,54.881365,11.480778,8.4,Under way using engine
2026-09-13T13:17:24Z,219002177,54.933923,11.370933,5.5,Under way using engine
2026-09-13T13:17:25Z,219000809,54.971418,11.502802,8.3,Under way using engine
2026-09-13T13:17:40Z,219000811,54.881892,11.482302,7.3,Under way using engine
2026-09-13T13:17:54Z,219002177,54.933090,11.371007,6.2,Under way using engine
2026-09-13T13:17:55Z,219000809,54.970492,11.501572,8.4,Under way using engine
2026-09-13T13:18:10Z,219000811,54.882513,11.483218,5.9,Under way using engine
2026-09-13T13:18:24Z,219002177,54.932170,11.371075,6.7,Under way using engine
2026-09-13T13:18:25Z,219000809,54.969522,11.500395,8.6,Under way using engine
2026-09-13T13:18:40Z,219000811,54.883168,11.483303,4.6,Under way using engine
2026-09-13T13:18:54Z,219002177,54.931218,11.371185,7.0,Under way using engine
2026-09-13T13:18:55Z,219000809,54.968547,11.499170,8.8,Under way using engine
2026-09-13T13:19:10Z,219000811,54.883707,11.483255,3.8,Under way using engine
2026-09-13T13:19:24Z,219002177,54.930243,11.371307,7.2,Under way using engine
2026-09-13T13:19:25Z,219000809,54.967560,11.497922,8.7,Under way using engine
2026-09-13T13:19:40Z,219000811,54.884095,11.483293,2.8,Under way using engine
2026-09-13T13:19:54Z,219002177,54.929248,11.371427,7.2,Under way using engine
2026-09-13T13:19:55Z,219000809,54.966577,11.496693,8.8,Under way using engine
2026-09-13T13:20:10Z,219000811,54.884268,11.483288,1.2,Under way using engine
2026-09-13T13:20:24Z,219002177,54.928282,11.371552,7.3,Under way using engine
2026-09-13T13:20:25Z,219000809,54.965582,11.495470,8.7,Under way using engine
2026-09-13T13:20:50Z,219000811,54.884315,11.483290,0.1,Under way using engine
2026-09-13T13:20:54Z,219002177,54.927245,11.371715,7.3,Under way using engine
2026-09-13T13:20:55Z,219000809,54.964598,11.494277,8.6,Under way using engine
2026-09-13T13:21:24Z,219002177,54.926270,11.371862,7.3,Under way using engine
2026-09-13T13:21:25Z,219000809,54.963568,11.493173,8.8,Under way using engine
2026-09-13T13:21:30Z,219000811,54.884318,11.483290,0.0,Under way using engine
2026-09-13T13:21:54Z,219002177,54.925225,11.372015,7.3,Under way using engine
2026-09-13T13:21:55Z,219000809,54.962485,11.492183,8.9,Under way using engine
2026-09-13T13:22:10Z,219000811,54.884320,11.483292,0.0,Under way using engine
2026-09-13T13:22:24Z,219002177,54.924257,11.372158,7.2,Under way using engine
2026-09-13T13:22:25Z,219000809,54.961338,11.491317,9.0,Under way using engine
2026-09-13T13:22:50Z,219000811,54.884322,11.483290,0.0,Under way using engine
2026-09-13T13:22:55Z,219000809,54.960182,11.490547,8.9,Under way using engine
2026-09-13T13:22:55Z,219002177,54.923195,11.372295,7.2,Under way using engine
2026-09-13T13:23:25Z,219000809,54.959000,11.489925,8.9,Under way using engine
2026-09-13T13:23:29Z,219000811,54.884322,11.483292,0.0,Under way using engine
2026-09-13T13:23:34Z,219002177,54.921918,11.372342,7.1,Under way using engine
2026-09-13T13:23:55Z,219000809,54.957808,11.489343,8.9,Under way using engine
2026-09-13T13:23:59Z,219000811,54.884323,11.483292,0.0,Under way using engine
2026-09-13T13:24:14Z,219002177,54.920615,11.372372,7.0,Under way using engine
2026-09-13T13:24:25Z,219000809,54.956627,11.488745,8.8,Under way using engine
2026-09-13T13:24:29Z,219000811,54.884323,11.483292,0.0,Under way using engine
2026-09-13T13:24:44Z,219002177,54.919653,11.372400,6.9,Under way using engine
2026-09-13T13:24:55Z,219000809,54.955472,11.488092,8.9,Under way using engine
2026-09-13T13:25:09Z,219000811,54.884323,11.483288,0.0,Under way using engine
2026-09-13T13:25:14Z,219002177,54.918712,11.372347,6.7,Under way using engine
2026-09-13T13:25:25Z,219000809,54.954270,11.487470,9.0,Under way using engine
2026-09-13T13:25:39Z,219000811,54.884327,11.483285,0.0,Under way using engine
2026-09-13T13:25:44Z,219002177,54.917807,11.372000,6.7,Under way using engine
2026-09-13T13:25:55Z,219000809,54.953077,11.486823,9.0,Under way using engine
2026-09-13T13:26:09Z,219000811,54.884328,11.483285,0.0,Under way using engine
2026-09-13T13:26:15Z,219002177,54.917080,11.371255,5.6,Under way using engine
2026-09-13T13:26:25Z,219000809,54.951888,11.486177,9.0,Under way using engine
2026-09-13T13:26:39Z,219000811,54.884328,11.483285,0.0,Under way using engine
2026-09-13T13:26:55Z,219000809,54.950713,11.485543,8.9,Under way using engine
2026-09-13T13:26:55Z,219002177,54.916858,11.369587,5.5,Under way using engine
2026-09-13T13:27:09Z,219000811,54.884328,11.483287,0.0,Under way using engine
2026-09-13T13:27:25Z,219000809,54.949530,11.484910,8.9,Under way using engine
2026-09-13T13:27:25Z,219002177,54.916695,11.368222,5.9,Under way using engine
2026-09-13T13:27:50Z,219000811,54.884328,11.483287,0.0,Under way using engine
2026-09-13T13:27:55Z,219000809,54.948347,11.484323,8.9,Under way using engine
2026-09-13T13:28:03Z,219002177,54.916572,11.366397,6.1,Under way using engine
2026-09-13T13:28:25Z,219000809,54.947168,11.483742,8.8,Under way using engine
2026-09-13T13:28:29Z,219000811,54.884327,11.483287,0.0,Under way using engine
2026-09-13T13:28:35Z,219002177,54.916448,11.364817,6.2,Under way using engine
2026-09-13T13:28:55Z,219000809,54.945992,11.483148,8.8,Under way using engine
2026-09-13T13:28:59Z,219000811,54.884325,11.483285,0.0,Under way using engine
2026-09-13T13:29:15Z,219002177,54.916363,11.362882,5.8,Under way using engine
2026-09-13T13:29:25Z,219000809,54.944812,11.482558,8.9,Under way using engine
2026-09-13T13:29:29Z,219000811,54.884323,11.483283,0.0,Under way using engine
2026-09-13T13:29:54Z,219002177,54.916362,11.361457,3.8,Under way using engine
2026-09-13T13:29:55Z,219000809,54.943718,11.481680,8.6,Under way using engine
2026-09-13T13:29:59Z,219000811,54.884323,11.483285,0.0,Under way using engine
2026-09-13T13:30:25Z,219000809,54.942832,11.480307,8.6,Under way using engine
2026-09-13T13:30:25Z,219002177,54.916360,11.360863,1.8,Under way using engine
2026-09-13T13:30:29Z,219000811,54.884323,11.483287,0.0,Under way using engine
2026-09-13T13:30:55Z,219000809,54.941998,11.478858,8.5,Under way using engine
2026-09-13T13:30:59Z,219000811,54.884325,11.483288,0.0,Under way using engine
2026-09-13T13:31:03Z,219002177,54.916360,11.360567,0.3,Under way using engine
2026-09-13T13:31:25Z,219000809,54.941142,11.477438,8.5,Under way using engine
2026-09-13T13:31:29Z,219000811,54.884327,11.483290,0.0,Under way using engine
2026-09-13T13:31:35Z,219002177,54.916357,11.360580,0.0,Under way using engine
2026-09-13T13:31:55Z,219000809,54.940298,11.476008,8.5,Under way using engine
2026-09-13T13:31:59Z,219000811,54.884328,11.483292,0.0,Under way using engine
2026-09-13T13:32:15Z,219002177,54.916347,11.360572,0.0,Under way using engine
2026-09-13T13:32:25Z,219000809,54.939528,11.474475,8.5,Under way using engine
2026-09-13T13:32:29Z,219000811,54.884330,11.483293,0.0,Under way using engine
2026-09-13T13:32:54Z,219002177,54.916348,11.360570,0.0,Under way using engine
2026-09-13T13:32:55Z,219000809,54.938925,11.472725,8.5,Under way using engine
2026-09-13T13:32:59Z,219000811,54.884333,11.483295,0.0,Under way using engine
2026-09-13T13:33:25Z,219002177,54.916355,11.360572,0.0,Under way using engine
2026-09-13T13:33:26Z,219000809,54.938363,11.470833,8.5,Under way using engine
2026-09-13T13:33:29Z,219000811,54.884333,11.483297,0.0,Under way using engine
2026-09-13T13:33:56Z,219000809,54.937787,11.469025,8.6,Under way using engine
2026-09-13T13:33:59Z,219000811,54.884335,11.483298,0.0,Under way using engine
2026-09-13T13:34:03Z,219002177,54.916350,11.360565,0.0,Under way using engine
2026-09-13T13:34:26Z,219000809,54.937227,11.467203,8.6,Under way using engine
2026-09-13T13:34:29Z,219000811,54.884337,11.483298,0.0,Under way using engine
2026-09-13T13:34:34Z,219002177,54.916347,11.360572,0.0,Under way using engine
2026-09-13T13:34:56Z,219000809,54.936653,11.465388,8.7,Under way using engine
2026-09-13T13:34:59Z,219000811,54.884337,11.483297,0.0,Under way using engine
2026-09-13T13:35:15Z,219002177,54.916342,11.360570,0.0,Under way using engine
2026-09-13T13:35:26Z,219000809,54.936067,11.463568,8.6,Under way using engine
2026-09-13T13:35:29Z,219000811,54.884335,11.483292,0.0,Under way using engine
2026-09-13T13:35:54Z,219002177,54.916353,11.360577,0.0,Under way using engine
2026-09-13T13:35:56Z,219000809,54.935482,11.461745,8.7,Under way using engine
2026-09-13T13:35:59Z,219000811,54.884335,11.483287,0.0,Under way using engine
2026-09-13T13:36:25Z,219002177,54.916343,11.360570,0.0,Under way using engine
2026-09-13T13:36:26Z,219000809,54.934890,11.459920,8.7,Under way using engine
2026-09-13T13:36:29Z,219000811,54.884333,11.483285,0.0,Under way using engine
2026-09-13T13:36:56Z,219000809,54.934287,11.458082,8.7,Under way using engine
2026-09-13T13:36:59Z,219000811,54.884333,11.483283,0.0,Under way using engine
2026-09-13T13:37:15Z,219002177,54.916353,11.360590,0.0,Under way using engine
2026-09-13T13:37:26Z,219000809,54.933695,11.456257,8.7,Under way using engine
2026-09-13T13:37:29Z,219000811,54.884332,11.483285,0.0,Under way using engine
2026-09-13T13:37:54Z,219002177,54.916350,11.360593,0.0,Under way using engine
2026-09-13T13:37:56Z,219000809,54.933085,11.454420,8.8,Under way using engine
2026-09-13T13:37:59Z,219000811,54.884330,11.483285,0.0,Under way using engine
2026-09-13T13:38:25Z,219002177,54.916337,11.360588,0.0,Under way using engine
2026-09-13T13:38:26Z,219000809,54.932478,11.452593,8.8,Under way using engine
2026-09-13T13:38:29Z,219000811,54.884328,11.483287,0.0,Under way using engine
2026-09-13T13:38:56Z,219000809,54.931770,11.450877,8.8,Under way using engine
2026-09-13T13:38:59Z,219000811,54.884327,11.483288,0.0,Under way using engine
2026-09-13T13:39:04Z,219002177,54.916345,11.360592,0.0,Under way using engine
2026-09-13T13:39:26Z,219000809,54.931027,11.449202,8.8,Under way using engine
2026-09-13T13:39:29Z,219000811,54.884327,11.483290,0.0,Under way using engine
2026-09-13T13:39:34Z,219002177,54.916353,11.360595,0.0,Under way using engine
2026-09-13T13:39:56Z,219000809,54.930293,11.447495,8.8,Under way using engine
2026-09-13T13:39:59Z,219000811,54.884325,11.483288,0.0,Under way using engine
2026-09-13T13:40:04Z,219002177,54.916347,11.360597,0.0,Under way using engine
2026-09-13T13:40:26Z,219000809,54.929555,11.445835,8.7,Under way using engine
2026-09-13T13:40:29Z,219000811,54.884323,11.483290,0.0,Under way using engine
2026-09-13T13:40:34Z,219002177,54.916342,11.360588,0.0,Under way using engine
2026-09-13T13:40:56Z,219000809,54.928837,11.444140,8.9,Under way using engine
2026-09-13T13:40:59Z,219000811,54.884322,11.483290,0.0,Under way using engine
2026-09-13T13:41:14Z,219002177,54.916348,11.360575,0.0,Under way using engine
2026-09-13T13:41:26Z,219000809,54.928097,11.442435,8.9,Under way using engine
2026-09-13T13:41:29Z,219000811,54.884322,11.483290,0.0,Under way using engine
2026-09-13T13:41:55Z,219002177,54.916352,11.360573,0.0,Under way using engine
2026-09-13T13:41:56Z,219000809,54.927350,11.440737,8.9,Under way using engine
2026-09-13T13:41:59Z,219000811,54.884322,11.483288,0.0,Under way using engine
2026-09-13T13:42:25Z,219002177,54.916352,11.360562,0.0,Under way using engine
2026-09-13T13:42:26Z,219000809,54.926582,11.439082,8.8,Under way using engine
2026-09-13T13:42:29Z,219000811,54.884320,11.483285,0.0,Under way using engine
2026-09-13T13:42:55Z,219002177,54.916355,11.360558,0.0,Under way using engine
2026-09-13T13:42:56Z,219000809,54.925820,11.437400,8.8,Under way using engine
2026-09-13T13:42:59Z,219000811,54.884320,11.483283,0.0,Under way using engine
2026-09-13T13:43:25Z,219002177,54.916357,11.360550,0.0,Under way using engine
2026-09-13T13:43:26Z,219000809,54.925073,11.435825,8.9,Under way using engine
2026-09-13T13:43:30Z,219000811,54.884320,11.483282,0.0,Under way using engine
2026-09-13T13:43:55Z,219002177,54.916340,11.360538,0.0,Under way using engine
2026-09-13T13:43:56Z,219000809,54.924258,11.434097,8.9,Under way using engine
2026-09-13T13:44:09Z,219000811,54.884322,11.483283,0.0,Under way using engine
2026-09-13T13:44:26Z,219000809,54.923515,11.432472,8.9,Under way using engine
2026-09-13T13:44:34Z,219002177,54.916337,11.360530,0.0,Under way using engine
2026-09-13T13:44:39Z,219000811,54.884320,11.483285,0.0,Under way using engine
2026-09-13T13:44:56Z,219000809,54.922733,11.430747,8.8,Under way using engine
2026-09-13T13:45:09Z,219000811,54.884318,11.483285,0.0,Under way using engine
2026-09-13T13:45:14Z,219002177,54.916340,11.360528,0.0,Under way using engine
2026-09-13T13:45:26Z,219000809,54.922008,11.429093,9.0,Under way using engine
2026-09-13T13:45:39Z,219000811,54.884318,11.483287,0.0,Under way using engine
2026-09-13T13:45:55Z,219002177,54.916343,11.360538,0.0,Under way using engine
2026-09-13T13:45:56Z,219000809,54.921235,11.427337,8.9,Under way using engine
2026-09-13T13:46:09Z,219000811,54.884318,11.483290,0.0,Under way using engine
2026-09-13T13:46:34Z,219002177,54.916350,11.360575,0.0,Under way using engine
2026-09-13T13:46:36Z,219000809,54.920230,11.425052,9.0,Under way using engine
2026-09-13T13:46:39Z,219000811,54.884318,11.483292,0.0,Under way using engine
2026-09-13T13:47:09Z,219000811,54.884318,11.483288,0.0,Under way using engine
2026-09-13T13:47:14Z,219002177,54.916348,11.360595,0.0,Under way using engine
2026-09-13T13:47:16Z,219000809,54.919213,11.422778,9.0,Under way using engine
2026-09-13T13:47:39Z,219000811,54.884318,11.483290,0.0,Under way using engine
2026-09-13T13:47:44Z,219002177,54.916343,11.360598,0.0,Under way using engine
2026-09-13T13:47:46Z,219000809,54.918435,11.421038,9.1,Under way using engine
2026-09-13T13:48:09Z,219000811,54.884318,11.483290,0.0,Under way using engine
2026-09-13T13:48:14Z,219002177,54.916350,11.360583,0.0,Under way using engine
2026-09-13T13:48:16Z,219000809,54.917637,11.419330,9.1,Under way using engine
2026-09-13T13:48:40Z,219000811,54.884318,11.483288,0.0,Under way using engine
2026-09-13T13:48:44Z,219002177,54.916357,11.360598,0.0,Under way using engine
2026-09-13T13:48:46Z,219000809,54.916862,11.417590,9.2,Under way using engine
2026-09-13T13:49:14Z,219002177,54.916355,11.360605,0.0,Under way using engine
2026-09-13T13:49:16Z,219000809,54.916072,11.415873,9.1,Under way using engine
2026-09-13T13:49:19Z,219000811,54.884315,11.483292,0.0,Under way using engine
2026-09-13T13:49:44Z,219002177,54.916350,11.360635,0.4,Under way using engine
2026-09-13T13:49:46Z,219000809,54.915250,11.414183,9.2,Under way using engine
2026-09-13T13:49:49Z,219000811,54.884252,11.483300,0.4,Under way using engine
2026-09-13T13:50:14Z,219002177,54.916318,11.361163,2.9,Under way using engine
2026-09-13T13:50:19Z,219000811,54.883793,11.483328,3.5,Under way using engine
2026-09-13T13:50:25Z,219000809,54.914235,11.411930,9.2,Under way using engine
2026-09-13T13:50:44Z,219002177,54.916242,11.362037,4.0,Under way using engine
2026-09-13T13:50:49Z,219000811,54.883370,11.483358,2.9,Under way using engine
2026-09-13T13:51:01Z,219000809,54.913445,11.410275,9.2,Under way using engine
2026-09-13T13:51:14Z,219002177,54.916297,11.363082,4.6,Under way using engine
2026-09-13T13:51:19Z,219000811,54.882870,11.482457,5.4,Under way using engine
2026-09-13T13:51:35Z,219000809,54.912372,11.407898,9.2,Under way using engine
2026-09-13T13:51:44Z,219002177,54.916380,11.364272,5.2,Under way using engine
2026-09-13T13:51:49Z,219000811,54.882158,11.481120,7.6,Under way using engine
2026-09-13T13:52:05Z,219000809,54.911585,11.406178,9.2,Under way using engine
2026-09-13T13:52:14Z,219002177,54.916472,11.365578,5.5,Under way using engine
2026-09-13T13:52:19Z,219000811,54.881795,11.479268,8.0,Under way using engine
2026-09-13T13:52:35Z,219000809,54.910797,11.404438,9.2,Under way using engine
2026-09-13T13:52:49Z,219000811,54.881663,11.477253,8.5,Under way using engine
2026-09-13T13:52:54Z,219002177,54.916583,11.367395,5.8,Under way using engine
2026-09-13T13:53:05Z,219000809,54.910003,11.402693,9.2,Under way using engine
2026-09-13T13:53:19Z,219000811,54.881553,11.475190,8.7,Under way using engine
2026-09-13T13:53:24Z,219002177,54.916690,11.368807,5.9,Under way using engine
2026-09-13T13:53:35Z,219000809,54.909290,11.400878,9.2,Under way using engine
2026-09-13T13:53:49Z,219000811,54.881502,11.473108,8.8,Under way using engine
2026-09-13T13:53:54Z,219002177,54.916827,11.370227,5.9,Under way using engine
2026-09-13T13:54:05Z,219000809,54.908585,11.399022,9.2,Under way using engine
2026-09-13T13:54:19Z,219000811,54.881862,11.471125,8.5,Under way using engine
2026-09-13T13:54:24Z,219002177,54.917173,11.371312,4.7,Under way using engine
2026-09-13T13:54:35Z,219000809,54.908000,11.397058,9.1,Under way using engine
2026-09-13T13:54:49Z,219000811,54.882370,11.469340,8.3,Under way using engine
2026-09-13T13:54:54Z,219002177,54.917752,11.371545,4.5,Under way using engine
2026-09-13T13:55:05Z,219000809,54.907838,11.394942,8.8,Under way using engine
2026-09-13T13:55:19Z,219000811,54.883045,11.467653,8.4,Under way using engine
2026-09-13T13:55:24Z,219002177,54.918430,11.371545,5.1,Under way using engine
2026-09-13T13:55:35Z,219000809,54.908170,11.392940,8.9,Under way using engine
2026-09-13T13:55:49Z,219000811,54.883715,11.466017,8.3,Under way using engine
2026-09-13T13:55:54Z,219002177,54.919160,11.371588,5.3,Under way using engine
2026-09-13T13:56:06Z,219000809,54.908732,11.390943,8.9,Under way using engine
2026-09-13T13:56:20Z,219000811,54.884422,11.464233,8.7,Under way using engine
2026-09-13T13:56:24Z,219002177,54.919925,11.371580,5.6,Under way using engine
2026-09-13T13:56:46Z,219000809,54.909562,11.388442,9.0,Under way using engine
2026-09-13T13:56:54Z,219002177,54.920712,11.371617,5.7,Under way using engine
2026-09-13T13:56:59Z,219000811,54.885323,11.461957,8.8,Under way using engine
2026-09-13T13:57:24Z,219002177,54.921517,11.371613,5.9,Under way using engine
2026-09-13T13:57:25Z,219000809,54.910370,11.386043,8.8,Under way using engine
2026-09-13T13:57:29Z,219000811,54.886040,11.460143,8.9,Under way using engine
2026-09-13T13:57:54Z,219002177,54.922348,11.371625,6.0,Under way using engine
2026-09-13T13:58:06Z,219000809,54.911288,11.383672,8.7,Under way using engine
2026-09-13T13:58:20Z,219000811,54.887170,11.457115,9.0,Under way using engine
2026-09-13T13:58:24Z,219002177,54.923183,11.371630,6.1,Under way using engine
2026-09-13T13:58:45Z,219000809,54.912128,11.381383,8.7,Under way using engine
2026-09-13T13:58:54Z,219002177,54.924030,11.371643,6.1,Under way using engine
2026-09-13T13:58:59Z,219000811,54.887987,11.454643,8.9,Under way using engine
2026-09-13T13:59:15Z,219000809,54.912823,11.379667,8.7,Under way using engine
2026-09-13T13:59:24Z,219002177,54.924888,11.371665,6.2,Under way using engine
2026-09-13T13:59:29Z,219000811,54.888610,11.452790,8.9,Under way using engine
2026-09-13T13:59:45Z,219000809,54.913480,11.377938,8.6,Under way using engine
2026-09-13T13:59:54Z,219002177,54.925755,11.371672,6.2,Under way using engine
2026-09-13T13:59:59Z,219000811,54.889212,11.450980,9.0,Under way using engine
2026-09-13T14:00:15Z,219000809,54.914153,11.376227,8.6,Under way using engine
2026-09-13T14:00:25Z,219002177,54.926632,11.371687,6.2,Under way using engine
2026-09-13T14:00:29Z,219000811,54.889853,11.449062,9.0,Under way using engine
2026-09-13T14:00:45Z,219000809,54.914835,11.374515,8.7,Under way using engine
2026-09-13T14:00:59Z,219000811,54.890475,11.447178,9.0,Under way using engine
2026-09-13T14:01:05Z,219002177,54.927775,11.371697,6.2,Under way using engine
2026-09-13T14:01:15Z,219000809,54.915502,11.372800,8.7,Under way using engine
2026-09-13T14:01:30Z,219000811,54.891115,11.445240,9.0,Under way using engine
2026-09-13T14:01:35Z,219002177,54.928638,11.371713,6.1,Under way using engine
2026-09-13T14:01:45Z,219000809,54.916170,11.371073,8.6,Under way using engine
2026-09-13T14:02:05Z,219002177,54.929485,11.371720,6.2,Under way using engine
2026-09-13T14:02:10Z,219000811,54.891975,11.442667,9.0,Under way using engine
2026-09-13T14:02:15Z,219000809,54.916547,11.369115,8.6,Under way using engine
2026-09-13T14:02:40Z,219000811,54.892610,11.440820,9.0,Under way using engine
2026-09-13T14:02:43Z,219002177,54.930567,11.371702,6.1,Under way using engine
2026-09-13T14:02:45Z,219000809,54.916592,11.367010,8.8,Under way using engine
2026-09-13T14:03:10Z,219000811,54.893253,11.438967,9.0,Under way using engine
2026-09-13T14:03:14Z,219002177,54.931445,11.371692,6.1,Under way using engine
2026-09-13T14:03:15Z,219000809,54.916497,11.364908,8.7,Under way using engine
2026-09-13T14:03:40Z,219000811,54.893888,11.437112,9.1,Under way using engine
2026-09-13T14:03:45Z,219000809,54.916323,11.362957,7.8,Under way using engine
2026-09-13T14:03:55Z,219002177,54.932603,11.371675,6.2,Under way using engine
2026-09-13T14:04:10Z,219000811,54.894532,11.435248,9.1,Under way using engine
2026-09-13T14:04:15Z,219000809,54.916223,11.361355,6.3,Under way using engine
2026-09-13T14:04:25Z,219002177,54.933455,11.371657,6.1,Under way using engine
2026-09-13T14:04:40Z,219000811,54.895175,11.433378,9.1,Under way using engine
2026-09-13T14:04:45Z,219000809,54.915985,11.360527,2.4,Under way using engine
2026-09-13T14:04:55Z,219002177,54.934293,11.371613,6.1,Under way using engine
2026-09-13T14:05:10Z,219000811,54.895837,11.431443,9.1,Under way using engine
2026-09-13T14:05:15Z,219000809,54.915918,11.360450,0.4,Under way using engine
2026-09-13T14:05:25Z,219002177,54.935095,11.371560,5.5,Under way using engine
2026-09-13T14:05:45Z,219000809,54.915963,11.360250,0.9,Under way using engine
2026-09-13T14:05:49Z,219000811,54.896687,11.428992,9.1,Under way using engine
2026-09-13T14:05:55Z,219002177,54.935608,11.371698,2.6,Under way using engine
2026-09-13T14:06:15Z,219000809,54.916027,11.360105,0.6,Under way using engine
2026-09-13T14:06:20Z,219000811,54.897355,11.427070,9.1,Under way using engine
2026-09-13T14:06:25Z,219002177,54.935802,11.371867,1.3,Under way using engine
2026-09-13T14:06:45Z,219000809,54.916065,11.360067,0.1,Under way using engine
2026-09-13T14:06:55Z,219002177,54.935923,11.371977,0.7,Under way using engine
2026-09-13T14:06:58Z,219000811,54.898178,11.424690,9.2,Under way using engine
2026-09-13T14:07:15Z,219000809,54.916060,11.360065,0.0,Under way using engine
2026-09-13T14:07:25Z,219002177,54.935948,11.371978,0.0,Under way using engine
2026-09-13T14:07:30Z,219000811,54.898882,11.422680,9.2,Under way using engine
2026-09-13T14:07:45Z,219000809,54.916063,11.360083,0.0,Under way using engine
2026-09-13T14:07:55Z,219002177,54.935958,11.371983,0.0,Under way using engine
2026-09-13T14:08:09Z,219000811,54.899692,11.420182,9.1,Under way using engine
2026-09-13T14:08:15Z,219000809,54.916057,11.360070,0.0,Under way using engine
2026-09-13T14:08:25Z,219002177,54.935957,11.371990,0.0,Under way using engine
2026-09-13T14:08:39Z,219000811,54.900227,11.418233,9.1,Under way using engine
2026-09-13T14:08:46Z,219000809,54.916060,11.360075,0.0,Under way using engine
2026-09-13T14:08:55Z,219002177,54.935935,11.371982,0.0,Under way using engine
2026-09-13T14:09:09Z,219000811,54.900775,11.416212,9.1,Under way using engine
2026-09-13T14:09:25Z,219000809,54.916060,11.360035,0.0,Under way using engine
2026-09-13T14:09:25Z,219002177,54.935930,11.371972,0.0,Under way using engine
2026-09-13T14:09:39Z,219000811,54.901270,11.414240,9.0,Under way using engine
2026-09-13T14:09:56Z,219000809,54.916052,11.360053,0.0,Under way using engine
2026-09-13T14:10:03Z,219002177,54.935940,11.371960,0.0,Under way using engine
2026-09-13T14:10:09Z,219000811,54.901745,11.412325,9.0,Under way using engine
2026-09-13T14:10:34Z,219002177,54.935948,11.371968,0.0,Under way using engine
2026-09-13T14:10:36Z,219000809,54.916055,11.360057,0.0,Under way using engine
2026-09-13T14:10:39Z,219000811,54.902235,11.410238,9.0,Under way using engine
2026-09-13T14:11:06Z,219000809,54.916062,11.360070,0.0,Under way using engine
2026-09-13T14:11:09Z,219000811,54.902693,11.408222,9.0,Under way using engine
2026-09-13T14:11:13Z,219002177,54.935947,11.371980,0.0,Under way using engine
2026-09-13T14:11:36Z,219000809,54.916068,11.360053,0.0,Under way using engine
2026-09-13T14:11:39Z,219000811,54.903167,11.406127,9.0,Under way using engine
2026-09-13T14:11:45Z,219002177,54.935937,11.371958,0.0,Under way using engine
2026-09-13T14:12:09Z,219000811,54.903592,11.404250,9.1,Under way using engine
2026-09-13T14:12:15Z,219000809,54.916070,11.360075,0.4,Under way using engine
2026-09-13T14:12:25Z,219002177,54.935943,11.371970,0.0,Under way using engine
2026-09-13T14:12:39Z,219000811,54.904068,11.402087,9.1,Under way using engine
2026-09-13T14:12:46Z,219000809,54.916063,11.360657,3.2,Under way using engine
2026-09-13T14:13:09Z,219000811,54.904505,11.400123,9.1,Under way using engine
2026-09-13T14:13:13Z,219002177,54.935940,11.371993,0.0,Under way using engine
2026-09-13T14:13:25Z,219000809,54.916178,11.362267,6.1,Under way using engine
2026-09-13T14:13:39Z,219000811,54.904982,11.397933,9.2,Under way using engine
2026-09-13T14:13:45Z,219002177,54.935938,11.371983,0.0,Under way using engine
2026-09-13T14:13:56Z,219000809,54.916362,11.363947,7.3,Under way using engine
2026-09-13T14:14:09Z,219000811,54.905420,11.395942,9.2,Under way using engine
2026-09-13T14:14:25Z,219002177,54.935920,11.371972,0.0,Under way using engine
2026-09-13T14:14:36Z,219000809,54.916555,11.366378,7.9,Under way using engine
2026-09-13T14:14:39Z,219000811,54.905890,11.393900,9.2,Under way using engine
2026-09-13T14:14:55Z,219002177,54.935933,11.371958,0.0,Under way using engine
2026-09-13T14:15:09Z,219000809,54.916565,11.368542,8.4,Under way using engine
2026-09-13T14:15:09Z,219000811,54.906362,11.391830,9.3,Under way using engine
2026-09-13T14:15:25Z,219002177,54.935940,11.371960,0.0,Under way using engine
2026-09-13T14:15:39Z,219000811,54.906878,11.389652,9.2,Under way using engine
2026-09-13T14:15:42Z,219000809,54.916395,11.370690,8.5,Under way using engine
2026-09-13T14:15:55Z,219002177,54.935850,11.371905,1.5,Under way using engine
2026-09-13T14:16:09Z,219000811,54.907560,11.387932,9.0,Under way using engine
2026-09-13T14:16:16Z,219000809,54.916138,11.373073,8.7,Under way using engine
2026-09-13T14:16:25Z,219002177,54.935477,11.371625,3.4,Under way using engine
2026-09-13T14:16:40Z,219000811,54.908347,11.386142,9.1,Under way using engine
2026-09-13T14:16:54Z,219000809,54.915738,11.375673,8.9,Under way using engine
2026-09-13T14:16:55Z,219002177,54.934998,11.371123,4.4,Under way using engine
2026-09-13T14:17:19Z,219000811,54.909357,11.383798,9.1,Under way using engine
2026-09-13T14:17:25Z,219000809,54.915243,11.377723,9.0,Under way using engine
2026-09-13T14:17:25Z,219002177,54.934388,11.370847,4.7,Under way using engine
2026-09-13T14:17:49Z,219000811,54.910115,11.382073,9.1,Under way using engine
2026-09-13T14:17:55Z,219002177,54.933687,11.370828,5.4,Under way using engine
2026-09-13T14:18:02Z,219000809,54.914437,11.379995,8.9,Under way using engine
2026-09-13T14:18:19Z,219000811,54.910880,11.380365,9.1,Under way using engine
2026-09-13T14:18:25Z,219002177,54.932868,11.370830,5.9,Under way using engine
2026-09-13T14:18:36Z,219000809,54.913633,11.382000,8.9,Under way using engine
2026-09-13T14:18:49Z,219000811,54.911650,11.378675,9.0,Under way using engine
2026-09-13T14:18:55Z,219002177,54.932047,11.370838,6.3,Under way using engine
2026-09-13T14:19:16Z,219000809,54.912702,11.384362,8.9,Under way using engine
2026-09-13T14:19:19Z,219000811,54.912483,11.377087,9.0,Under way using engine
2026-09-13T14:19:25Z,219002177,54.931157,11.370862,6.5,Under way using engine
2026-09-13T14:19:46Z,219000809,54.912005,11.386137,8.8,Under way using engine
2026-09-13T14:19:49Z,219000811,54.913300,11.375538,8.9,Under way using engine
2026-09-13T14:19:55Z,219002177,54.930245,11.370890,6.6,Under way using engine
2026-09-13T14:20:16Z,219000809,54.911503,11.387332,5.2,Under way using engine
2026-09-13T14:20:19Z,219000811,54.914182,11.373907,9.0,Under way using engine
2026-09-13T14:20:25Z,219002177,54.929295,11.370912,6.6,Under way using engine
2026-09-13T14:20:46Z,219000809,54.911040,11.387483,3.1,Under way using engine
2026-09-13T14:20:49Z,219000811,54.915012,11.372385,8.9,Under way using engine
2026-09-13T14:20:55Z,219002177,54.928410,11.370958,6.6,Under way using engine
2026-09-13T14:21:19Z,219000809,54.910953,11.386775,3.2,Under way using engine
2026-09-13T14:21:19Z,219000811,54.915872,11.370682,8.9,Under way using engine
2026-09-13T14:21:34Z,219002177,54.927190,11.371045,6.6,Under way using engine
2026-09-13T14:21:49Z,219000809,54.911337,11.385972,4.7,Under way using engine
2026-09-13T14:21:53Z,219000811,54.916450,11.368608,8.7,Under way using engine
2026-09-13T14:22:05Z,219002177,54.926247,11.371112,6.6,Under way using engine
2026-09-13T14:22:23Z,219000811,54.916580,11.366497,8.9,Under way using engine
2026-09-13T14:22:25Z,219000809,54.911838,11.385092,3.9,Under way using engine
2026-09-13T14:22:45Z,219002177,54.925043,11.371167,6.5,Under way using engine
2026-09-13T14:22:53Z,219000811,54.916453,11.364417,8.8,Under way using engine
2026-09-13T14:22:56Z,219000809,54.912070,11.384573,2.0,Under way using engine
2026-09-13T14:23:24Z,219002177,54.923907,11.371237,6.5,Under way using engine
2026-09-13T14:23:28Z,219000809,54.912177,11.384560,0.5,Under way using engine
2026-09-13T14:23:28Z,219000811,54.916260,11.362283,7.0,Under way using engine
2026-09-13T14:23:55Z,219002177,54.922953,11.371273,6.5,Under way using engine
2026-09-13T14:23:59Z,219000811,54.916098,11.361043,5.0,Under way using engine
2026-09-13T14:24:05Z,219000809,54.912147,11.384797,1.0,Under way using engine
2026-09-13T14:24:30Z,219000811,54.915900,11.360587,2.2,Under way using engine
2026-09-13T14:24:34Z,219002177,54.921773,11.371325,6.4,Under way using engine
2026-09-13T14:24:35Z,219000809,54.912052,11.385080,1.6,Under way using engine
2026-09-13T14:25:03Z,219000811,54.915852,11.360628,0.5,Under way using engine
2026-09-13T14:25:05Z,219002177,54.920872,11.371388,6.3,Under way using engine
2026-09-13T14:25:06Z,219000809,54.911910,11.385502,2.0,Under way using engine
2026-09-13T14:25:33Z,219000811,54.915940,11.360252,1.8,Under way using engine
2026-09-13T14:25:35Z,219002177,54.919997,11.371417,6.3,Under way using engine
2026-09-13T14:25:42Z,219000809,54.911753,11.386062,2.1,Under way using engine
2026-09-13T14:26:05Z,219002177,54.919155,11.371473,6.3,Under way using engine
2026-09-13T14:26:06Z,219000811,54.916055,11.360020,1.0,Under way using engine
2026-09-13T14:26:12Z,219000809,54.911613,11.386017,1.9,Under way using engine
2026-09-13T14:26:35Z,219002177,54.918257,11.371497,6.2,Under way using engine
2026-09-13T14:26:36Z,219000811,54.916062,11.359980,0.1,Under way using engine
2026-09-13T14:26:42Z,219000809,54.911145,11.386130,4.7,Under way using engine
2026-09-13T14:27:05Z,219002177,54.917437,11.371408,5.9,Under way using engine
2026-09-13T14:27:10Z,219000811,54.916063,11.359982,0.0,Under way using engine
2026-09-13T14:27:12Z,219000809,54.910518,11.387435,7.9,Under way using engine
2026-09-13T14:27:40Z,219000811,54.916062,11.359982,0.0,Under way using engine
2026-09-13T14:27:45Z,219000809,54.909778,11.389288,8.6,Under way using engine
2026-09-13T14:27:45Z,219002177,54.916897,11.370268,4.6,Under way using engine
2026-09-13T14:28:10Z,219000811,54.916062,11.359982,0.0,Under way using engine
2026-09-13T14:28:16Z,219000809,54.909212,11.391172,8.5,Under way using engine
2026-09-13T14:28:23Z,219002177,54.916813,11.368708,5.4,Under way using engine
2026-09-13T14:28:40Z,219000811,54.916062,11.359980,0.0,Under way using engine
2026-09-13T14:28:54Z,219002177,54.916715,11.367345,5.9,Under way using engine
2026-09-13T14:28:55Z,219000809,54.908482,11.393523,8.6,Under way using engine
2026-09-13T14:29:10Z,219000811,54.916062,11.359978,0.0,Under way using engine
2026-09-13T14:29:28Z,219000809,54.908037,11.395600,8.2,Under way using engine
2026-09-13T14:29:35Z,219002177,54.916560,11.365333,6.1,Under way using engine
2026-09-13T14:29:40Z,219000811,54.916063,11.359977,0.0,Under way using engine
2026-09-13T14:29:58Z,219000809,54.908287,11.397437,8.0,Under way using engine
2026-09-13T14:30:05Z,219002177,54.916455,11.363927,6.1,Under way using engine
2026-09-13T14:30:10Z,219000811,54.916065,11.359977,0.0,Under way using engine
2026-09-13T14:30:29Z,219000809,54.908943,11.399112,8.3,Under way using engine
2026-09-13T14:30:35Z,219002177,54.916332,11.362537,5.2,Under way using engine
2026-09-13T14:30:40Z,219000811,54.916068,11.359980,0.0,Under way using engine
2026-09-13T14:31:05Z,219002177,54.916322,11.361532,3.8,Under way using engine
2026-09-13T14:31:06Z,219000809,54.909787,11.401125,8.3,Under way using engine
2026-09-13T14:31:10Z,219000811,54.916070,11.359982,0.0,Under way using engine
2026-09-13T14:31:35Z,219002177,54.916352,11.360893,1.8,Under way using engine
2026-09-13T14:31:45Z,219000809,54.910662,11.403227,8.3,Under way using engine
2026-09-13T14:31:49Z,219000811,54.916070,11.359980,0.0,Under way using engine
2026-09-13T14:32:05Z,219002177,54.916352,11.360628,0.9,Under way using engine
2026-09-13T14:32:16Z,219000809,54.911368,11.404885,8.3,Under way using engine
2026-09-13T14:32:19Z,219000811,54.916070,11.359980,0.0,Under way using engine
2026-09-13T14:32:35Z,219002177,54.916363,11.360548,0.1,Under way using engine
2026-09-13T14:32:46Z,219000809,54.912043,11.406510,8.3,Under way using engine
2026-09-13T14:32:49Z,219000811,54.916070,11.359978,0.0,Under way using engine
2026-09-13T14:33:05Z,219002177,54.916373,11.360547,0.0,Under way using engine
2026-09-13T14:33:16Z,219000809,54.912752,11.408083,8.3,Under way using engine
2026-09-13T14:33:19Z,219000811,54.916068,11.359977,0.0,Under way using engine
2026-09-13T14:33:35Z,219002177,54.916355,11.360528,0.0,Under way using engine
2026-09-13T14:33:46Z,219000809,54.913463,11.409612,8.2,Under way using engine
2026-09-13T14:33:49Z,219000811,54.916068,11.359973,0.0,Under way using engine
2026-09-13T14:34:05Z,219002177,54.916362,11.360537,0.0,Under way using engine
2026-09-13T14:34:16Z,219000809,54.914157,11.411192,8.2,Under way using engine
2026-09-13T14:34:19Z,219000811,54.916068,11.359977,0.0,Under way using engine
2026-09-13T14:34:35Z,219002177,54.916358,11.360542,0.0,Under way using engine
2026-09-13T14:34:46Z,219000809,54.914865,11.412743,8.3,Under way using engine
2026-09-13T14:34:49Z,219000811,54.916065,11.359977,0.0,Under way using engine
2026-09-13T14:35:05Z,219002177,54.916392,11.360567,0.0,Under way using engine
2026-09-13T14:35:16Z,219000809,54.915583,11.414325,8.3,Under way using engine
2026-09-13T14:35:19Z,219000811,54.916065,11.359975,0.0,Under way using engine
2026-09-13T14:35:35Z,219002177,54.916380,11.360563,0.0,Under way using engine
2026-09-13T14:35:46Z,219000809,54.916283,11.415905,8.2,Under way using engine
2026-09-13T14:35:58Z,219000811,54.916068,11.359972,0.0,Under way using engine
2026-09-13T14:36:05Z,219002177,54.916373,11.360570,0.0,Under way using engine
2026-09-13T14:36:16Z,219000809,54.916972,11.417513,8.4,Under way using engine
2026-09-13T14:36:29Z,219000811,54.916070,11.359973,0.0,Under way using engine
2026-09-13T14:36:35Z,219002177,54.916352,11.360548,0.0,Under way using engine
2026-09-13T14:36:46Z,219000809,54.917687,11.419113,8.4,Under way using engine
2026-09-13T14:37:05Z,219002177,54.916372,11.360565,0.0,Under way using engine
2026-09-13T14:37:09Z,219000811,54.916073,11.359972,0.0,Under way using engine
2026-09-13T14:37:25Z,219000809,54.918595,11.421250,8.4,Under way using engine
2026-09-13T14:37:35Z,219002177,54.916382,11.360573,0.0,Under way using engine
2026-09-13T14:37:49Z,219000811,54.916072,11.359972,0.0,Under way using engine
2026-09-13T14:37:56Z,219000809,54.919345,11.422912,8.5,Under way using engine
2026-09-13T14:38:05Z,219002177,54.916387,11.360582,0.0,Under way using engine
2026-09-13T14:38:19Z,219000811,54.916068,11.359970,0.0,Under way using engine
2026-09-13T14:38:35Z,219002177,54.916365,11.360567,0.0,Under way using engine
2026-09-13T14:38:36Z,219000809,54.920265,11.425040,8.5,Under way using engine
2026-09-13T14:38:49Z,219000811,54.916063,11.359968,0.0,Under way using engine
2026-09-13T14:39:05Z,219002177,54.916370,11.360577,0.0,Under way using engine
2026-09-13T14:39:06Z,219000809,54.920988,11.426730,8.6,Under way using engine
2026-09-13T14:39:19Z,219000811,54.916063,11.359967,0.0,Under way using engine
2026-09-13T14:39:35Z,219002177,54.916387,11.360575,0.1,Under way using engine
2026-09-13T14:39:45Z,219000809,54.921927,11.428880,8.6,Under way using engine
2026-09-13T14:39:49Z,219000811,54.916063,11.359967,0.0,Under way using engine
2026-09-13T14:40:15Z,219000809,54.922637,11.430572,8.6,Under way using engine
2026-09-13T14:40:15Z,219002177,54.916390,11.360580,0.0,Under way using engine
2026-09-13T14:40:29Z,219000811,54.916067,11.359967,0.0,Under way using engine
2026-09-13T14:40:45Z,219000809,54.923333,11.432270,8.5,Under way using engine
2026-09-13T14:40:54Z,219002177,54.916397,11.360627,0.1,Under way using engine
2026-09-13T14:40:59Z,219000811,54.916070,11.359972,0.0,Under way using engine
2026-09-13T14:41:15Z,219000809,54.924042,11.433845,8.7,Under way using engine
2026-09-13T14:41:24Z,219002177,54.916370,11.360582,0.0,Under way using engine
2026-09-13T14:41:29Z,219000811,54.916073,11.359973,0.0,Under way using engine
2026-09-13T14:41:45Z,219000809,54.924827,11.435522,8.6,Under way using engine
2026-09-13T14:41:59Z,219000811,54.916075,11.359977,0.0,Under way using engine
2026-09-13T14:42:04Z,219002177,54.916362,11.360560,0.0,Under way using engine
2026-09-13T14:42:15Z,219000809,54.925517,11.437168,8.7,Under way using engine
2026-09-13T14:42:29Z,219000811,54.916073,11.359977,0.0,Under way using engine
2026-09-13T14:42:44Z,219002177,54.916368,11.360562,0.0,Under way using engine
2026-09-13T14:42:45Z,219000809,54.926292,11.438780,8.7,Under way using engine
2026-09-13T14:42:59Z,219000811,54.916073,11.359980,0.0,Under way using engine
2026-09-13T14:43:15Z,219000809,54.927008,11.440453,8.7,Under way using engine
2026-09-13T14:43:23Z,219002177,54.916343,11.360552,0.0,Under way using engine
2026-09-13T14:43:29Z,219000811,54.916075,11.359980,0.0,Under way using engine
2026-09-13T14:43:45Z,219000809,54.927758,11.442087,8.7,Under way using engine
2026-09-13T14:43:53Z,219002177,54.916350,11.360550,0.1,Under way using engine
2026-09-13T14:43:59Z,219000811,54.916080,11.359978,0.0,Under way using engine
2026-09-13T14:44:15Z,219000809,54.928478,11.443743,8.6,Under way using engine
2026-09-13T14:44:23Z,219002177,54.916362,11.360558,0.0,Under way using engine
2026-09-13T14:44:29Z,219000811,54.916078,11.359978,0.0,Under way using engine
2026-09-13T14:44:46Z,219000809,54.929253,11.445465,8.7,Under way using engine
2026-09-13T14:44:53Z,219002177,54.916340,11.360555,0.0,Under way using engine
2026-09-13T14:44:59Z,219000811,54.916077,11.359993,0.0,Under way using engine
2026-09-13T14:45:23Z,219002177,54.916363,11.360550,0.0,Under way using engine
2026-09-13T14:45:26Z,219000809,54.930218,11.447705,8.6,Under way using engine
2026-09-13T14:45:29Z,219000811,54.916070,11.360032,0.1,Under way using engine
2026-09-13T14:45:53Z,219002177,54.916332,11.360543,0.1,Under way using engine
2026-09-13T14:45:56Z,219000809,54.930933,11.449367,8.7,Under way using engine
2026-09-13T14:45:59Z,219000811,54.916068,11.360393,1.5,Under way using engine
2026-09-13T14:46:23Z,219002177,54.916355,11.360555,0.0,Under way using engine
2026-09-13T14:46:26Z,219000809,54.931650,11.451075,8.7,Under way using engine
2026-09-13T14:46:29Z,219000811,54.916085,11.361635,5.4,Under way using engine
2026-09-13T14:46:53Z,219002177,54.916342,11.360547,0.0,Under way using engine
2026-09-13T14:46:56Z,219000809,54.932380,11.452758,8.8,Under way using engine
2026-09-13T14:46:59Z,219000811,54.916278,11.363365,7.3,Under way using engine
2026-09-13T14:47:23Z,219002177,54.916375,11.360547,0.0,Under way using engine
2026-09-13T14:47:28Z,219000809,54.932998,11.454690,8.7,Under way using engine
2026-09-13T14:47:30Z,219000811,54.916508,11.365377,8.2,Under way using engine
2026-09-13T14:47:54Z,219002177,54.916365,11.360558,0.0,Under way using engine
2026-09-13T14:48:05Z,219000809,54.933657,11.456940,8.8,Under way using engine
2026-09-13T14:48:06Z,219000811,54.916322,11.367603,7.7,Under way using engine
2026-09-13T14:48:25Z,219002177,54.916322,11.360560,0.1,Under way using engine
2026-09-13T14:48:36Z,219000811,54.915715,11.369103,7.8,Under way using engine
2026-09-13T14:48:46Z,219000809,54.934402,11.459565,8.8,Under way using engine
2026-09-13T14:49:04Z,219002177,54.916312,11.360558,0.0,Under way using engine
2026-09-13T14:49:09Z,219000811,54.914997,11.370902,8.1,Under way using engine
2026-09-13T14:49:24Z,219000809,54.935127,11.461957,8.8,Under way using engine
2026-09-13T14:49:34Z,219002177,54.916317,11.360558,0.1,Under way using engine
2026-09-13T14:49:39Z,219000811,54.914353,11.372522,8.2,Under way using engine
2026-09-13T14:49:55Z,219000809,54.935695,11.463867,8.7,Under way using engine
2026-09-13T14:50:04Z,219002177,54.916340,11.360567,0.1,Under way using engine
2026-09-13T14:50:09Z,219000811,54.913718,11.374152,8.2,Under way using engine
2026-09-13T14:50:34Z,219000809,54.936393,11.466313,8.7,Under way using engine
2026-09-13T14:50:34Z,219002177,54.916337,11.360570,0.0,Under way using engine
2026-09-13T14:50:39Z,219000811,54.913050,11.375832,8.2,Under way using engine
2026-09-13T14:51:04Z,219000809,54.936935,11.468188,8.7,Under way using engine
2026-09-13T14:51:04Z,219002177,54.916338,11.360725,1.3,Under way using engine
2026-09-13T14:51:09Z,219000811,54.912387,11.377488,8.3,Under way using engine
2026-09-13T14:51:34Z,219002177,54.916282,11.361418,3.6,Under way using engine
2026-09-13T14:51:35Z,219000809,54.937532,11.470053,8.6,Under way using engine
2026-09-13T14:51:39Z,219000811,54.911740,11.379060,8.4,Under way using engine
2026-09-13T14:52:05Z,219002177,54.916275,11.362493,4.5,Under way using engine
2026-09-13T14:52:09Z,219000811,54.911063,11.380722,8.3,Under way using engine
2026-09-13T14:52:15Z,219000809,54.938452,11.472292,8.6,Under way using engine
2026-09-13T14:52:39Z,219000811,54.910422,11.382317,8.1,Under way using engine
2026-09-13T14:52:46Z,219000809,54.939232,11.473897,8.8,Under way using engine
2026-09-13T14:52:54Z,219002177,54.916342,11.364522,5.6,Under way using engine
2026-09-13T14:53:09Z,219000811,54.909783,11.383887,8.0,Under way using engine
2026-09-13T14:53:25Z,219000809,54.940333,11.475968,8.8,Under way using engine
2026-09-13T14:53:25Z,219002177,54.916427,11.365923,6.0,Under way using engine
2026-09-13T14:53:39Z,219000811,54.909133,11.385467,7.9,Under way using engine
2026-09-13T14:53:55Z,219000809,54.941145,11.477485,8.9,Under way using engine
2026-09-13T14:54:05Z,219002177,54.916580,11.367933,6.2,Under way using engine
2026-09-13T14:54:10Z,219000811,54.908528,11.387113,7.9,Under way using engine
2026-09-13T14:54:25Z,219000809,54.942018,11.479112,8.9,Under way using engine
2026-09-13T14:54:35Z,219002177,54.916712,11.369388,6.4,Under way using engine
2026-09-13T14:54:40Z,219000811,54.907962,11.388743,7.9,Under way using engine
2026-09-13T14:54:55Z,219000809,54.942880,11.480530,8.8,Under way using engine
2026-09-13T14:55:05Z,219002177,54.916957,11.370865,5.9,Under way using engine
2026-09-13T14:55:10Z,219000811,54.907352,11.390397,7.9,Under way using engine
2026-09-13T14:55:25Z,219000809,54.944027,11.481403,8.8,Under way using engine
2026-09-13T14:55:35Z,219002177,54.917530,11.371450,4.9,Under way using engine
2026-09-13T14:55:40Z,219000811,54.906767,11.392023,8.0,Under way using engine
2026-09-13T14:55:55Z,219000809,54.945147,11.482060,8.9,Under way using engine
2026-09-13T14:56:05Z,219002177,54.918283,11.371550,5.5,Under way using engine
2026-09-13T14:56:10Z,219000811,54.906253,11.393615,8.0,Under way using engine
2026-09-13T14:56:25Z,219000809,54.946365,11.482795,9.0,Under way using engine
2026-09-13T14:56:35Z,219002177,54.919043,11.371680,5.8,Under way using engine
2026-09-13T14:56:40Z,219000811,54.905762,11.395400,8.0,Under way using engine
2026-09-13T14:56:55Z,219000809,54.947488,11.483482,8.9,Under way using engine
2026-09-13T14:57:05Z,219002177,54.919888,11.371813,6.0,Under way using engine
2026-09-13T14:57:10Z,219000811,54.905300,11.397163,8.0,Under way using engine
2026-09-13T14:57:25Z,219000809,54.948677,11.484193,8.8,Under way using engine
2026-09-13T14:57:35Z,219002177,54.920717,11.371943,6.1,Under way using engine
2026-09-13T14:57:40Z,219000811,54.904837,11.398992,8.1,Under way using engine
2026-09-13T14:57:55Z,219000809,54.949808,11.484882,8.8,Under way using engine
2026-09-13T14:58:05Z,219002177,54.921602,11.372090,6.1,Under way using engine
2026-09-13T14:58:10Z,219000811,54.904392,11.400698,8.1,Under way using engine
2026-09-13T14:58:25Z,219000809,54.950988,11.485568,8.8,Under way using engine
2026-09-13T14:58:35Z,219002177,54.922430,11.372213,6.2,Under way using engine
2026-09-13T14:58:40Z,219000811,54.903897,11.402602,8.2,Under way using engine
2026-09-13T14:58:55Z,219000809,54.952100,11.486273,8.8,Under way using engine
2026-09-13T14:59:10Z,219000811,54.903455,11.404337,8.2,Under way using engine
2026-09-13T14:59:13Z,219002177,54.923510,11.372387,6.2,Under way using engine
2026-09-13T14:59:25Z,219000809,54.953302,11.486985,8.8,Under way using engine
2026-09-13T14:59:40Z,219000811,54.902988,11.406190,8.3,Under way using engine
2026-09-13T14:59:54Z,219002177,54.924690,11.372552,6.3,Under way using engine
2026-09-13T14:59:55Z,219000809,54.954427,11.487600,8.9,Under way using engine
2026-09-13T15:00:20Z,219000811,54.902410,11.408668,8.3,Under way using engine
2026-09-13T15:00:24Z,219002177,54.925560,11.372683,6.3,Under way using engine
2026-09-13T15:00:36Z,219000809,54.956055,11.488485,8.7,Under way using engine
2026-09-13T15:00:54Z,219002177,54.926402,11.372800,6.3,Under way using engine
2026-09-13T15:00:59Z,219000811,54.901853,11.411152,8.3,Under way using engine
2026-09-13T15:01:06Z,219000809,54.957205,11.489113,8.8,Under way using engine
2026-09-13T15:01:24Z,219002177,54.927280,11.372938,6.3,Under way using engine
2026-09-13T15:01:30Z,219000811,54.901440,11.412977,8.2,Under way using engine
2026-09-13T15:01:36Z,219000809,54.958388,11.489772,8.9,Under way using engine
2026-09-13T15:01:54Z,219002177,54.928135,11.373055,6.3,Under way using engine
2026-09-13T15:02:06Z,219000809,54.959537,11.490462,8.8,Under way using engine
2026-09-13T15:02:09Z,219000811,54.900842,11.415315,8.1,Under way using engine
2026-09-13T15:02:24Z,219002177,54.929038,11.373185,6.3,Under way using engine
2026-09-13T15:02:36Z,219000809,54.960707,11.491130,8.8,Under way using engine
2026-09-13T15:02:39Z,219000811,54.900290,11.417048,8.2,Under way using engine
2026-09-13T15:02:54Z,219002177,54.929868,11.373308,6.3,Under way using engine
2026-09-13T15:03:06Z,219000809,54.961828,11.491813,8.8,Under way using engine
2026-09-13T15:03:09Z,219000811,54.899742,11.418722,8.2,Under way using engine
2026-09-13T15:03:24Z,219002177,54.930767,11.373458,6.3,Under way using engine
2026-09-13T15:03:36Z,219000809,54.962978,11.492583,8.7,Under way using engine
2026-09-13T15:03:39Z,219000811,54.899200,11.420442,8.1,Under way using engine
2026-09-13T15:04:04Z,219002177,54.931855,11.373360,5.8,Under way using engine
2026-09-13T15:04:06Z,219000809,54.963988,11.493645,8.7,Under way using engine
2026-09-13T15:04:09Z,219000811,54.898632,11.422198,8.1,Under way using engine
2026-09-13T15:04:34Z,219002177,54.932625,11.373000,5.8,Under way using engine
2026-09-13T15:04:36Z,219000809,54.964997,11.494760,8.7,Under way using engine
2026-09-13T15:04:40Z,219000811,54.898053,11.423968,8.2,Under way using engine
2026-09-13T15:05:04Z,219002177,54.933365,11.372477,5.8,Under way using engine
2026-09-13T15:05:06Z,219000809,54.966025,11.495935,8.9,Under way using engine
2026-09-13T15:05:18Z,219000811,54.897335,11.426143,8.2,Under way using engine
2026-09-13T15:05:34Z,219002177,54.934128,11.371912,5.9,Under way using engine
2026-09-13T15:05:45Z,219000809,54.967338,11.497448,8.8,Under way using engine
2026-09-13T15:05:50Z,219000811,54.896740,11.427965,8.2,Under way using engine
2026-09-13T15:06:14Z,219002177,54.935093,11.371452,5.0,Under way using engine
2026-09-13T15:06:15Z,219000809,54.968377,11.498575,8.9,Under way using engine
2026-09-13T15:06:25Z,219000811,54.896200,11.429610,8.2,Under way using engine
2026-09-13T15:06:45Z,219000809,54.969415,11.499700,8.8,Under way using engine
2026-09-13T15:06:45Z,219002177,54.935572,11.371647,2.5,Under way using engine
2026-09-13T15:06:59Z,219000811,54.895437,11.431898,8.2,Under way using engine
2026-09-13T15:07:15Z,219000809,54.970437,11.500838,8.8,Under way using engine
2026-09-13T15:07:23Z,219002177,54.935810,11.371862,1.2,Under way using engine
2026-09-13T15:07:30Z,219000811,54.894860,11.433658,8.2,Under way using engine
2026-09-13T15:07:46Z,219000809,54.971443,11.502042,8.7,Under way using engine
2026-09-13T15:07:53Z,219002177,54.935890,11.371947,0.7,Under way using engine
2026-09-13T15:08:09Z,219000811,54.894120,11.435887,8.1,Under way using engine
2026-09-13T15:08:18Z,219000809,54.972238,11.503838,8.6,Under way using engine
2026-09-13T15:08:23Z,219002177,54.935933,11.371983,0.1,Under way using engine
2026-09-13T15:08:40Z,219000811,54.893555,11.437733,8.2,Under way using engine
2026-09-13T15:08:48Z,219000809,54.972357,11.505775,8.2,Under way using engine
2026-09-13T15:08:53Z,219002177,54.935942,11.371967,0.0,Under way using engine
2026-09-13T15:09:18Z,219000809,54.972238,11.507750,8.1,Under way using engine
2026-09-13T15:09:19Z,219000811,54.892877,11.439885,8.2,Under way using engine
2026-09-13T15:09:23Z,219002177,54.935953,11.371973,0.0,Under way using engine
2026-09-13T15:09:50Z,219000811,54.892290,11.441758,8.2,Under way using engine
2026-09-13T15:09:53Z,219002177,54.935963,11.371970,0.0,Under way using engine
2026-09-13T15:09:55Z,219000809,54.972062,11.509948,7.6,Under way using engine
2026-09-13T15:10:23Z,219002177,54.935952,11.371977,0.0,Under way using engine
2026-09-13T15:10:26Z,219000809,54.971938,11.511762,6.8,Under way using engine
2026-09-13T15:10:29Z,219000811,54.891562,11.444003,8.3,Under way using engine
2026-09-13T15:10:55Z,219002177,54.935965,11.371975,0.1,Under way using engine
2026-09-13T15:10:59Z,219000811,54.890998,11.445795,8.2,Under way using engine
2026-09-13T15:11:05Z,219000809,54.971903,11.513428,4.4,Under way using engine
2026-09-13T15:11:29Z,219000811,54.890465,11.447462,8.2,Under way using engine
2026-09-13T15:11:34Z,219002177,54.935937,11.371992,0.0,Under way using engine
2026-09-13T15:11:35Z,219000809,54.971908,11.514198,2.6,Under way using engine
2026-09-13T15:11:59Z,219000811,54.889907,11.449223,8.3,Under way using engine
2026-09-13T15:12:04Z,219002177,54.935950,11.371985,0.0,Under way using engine
2026-09-13T15:12:05Z,219000809,54.971898,11.514490,0.9,Under way using engine
2026-09-13T15:12:29Z,219000811,54.889358,11.450952,8.3,Under way using engine
2026-09-13T15:12:34Z,219002177,54.935930,11.371990,0.0,Under way using engine
2026-09-13T15:12:35Z,219000809,54.971893,11.514570,0.3,Under way using engine
2026-09-13T15:12:59Z,219000811,54.888768,11.452703,8.2,Under way using engine
2026-09-13T15:13:04Z,219002177,54.935952,11.371972,0.0,Under way using engine
2026-09-13T15:13:05Z,219000809,54.971887,11.514575,0.2,Under way using engine
2026-09-13T15:13:29Z,219000811,54.888208,11.454338,8.2,Under way using engine
2026-09-13T15:13:34Z,219002177,54.935952,11.371965,0.0,Under way using engine
2026-09-13T15:13:35Z,219000809,54.971907,11.514585,0.0,Under way using engine
2026-09-13T15:13:59Z,219000811,54.887587,11.455953,8.1,Under way using engine
2026-09-13T15:14:04Z,219002177,54.935950,11.371965,0.0,Under way using engine
2026-09-13T15:14:05Z,219000809,54.971922,11.514600,0.1,Under way using engine
2026-09-13T15:14:29Z,219000811,54.886812,11.457487,8.2,Under way using engine
2026-09-13T15:14:34Z,219002177,54.935947,11.371965,0.0,Under way using engine
2026-09-13T15:14:35Z,219000809,54.971903,11.514585,0.0,Under way using engine
2026-09-13T15:14:59Z,219000811,54.886078,11.458978,8.2,Under way using engine
2026-09-13T15:15:04Z,219002177,54.935938,11.371970,0.0,Under way using engine
2026-09-13T15:15:05Z,219000809,54.971883,11.514573,0.0,Under way using engine
2026-09-13T15:15:29Z,219000811,54.885318,11.460518,8.2,Under way using engine
2026-09-13T15:15:34Z,219002177,54.935943,11.371985,0.0,Under way using engine
2026-09-13T15:15:35Z,219000809,54.971888,11.514575,0.0,Under way using engine
2026-09-13T15:16:00Z,219000811,54.884582,11.461952,8.1,Under way using engine
2026-09-13T15:16:04Z,219002177,54.935953,11.371987,0.0,Under way using engine
2026-09-13T15:16:05Z,219000809,54.971898,11.514585,0.0,Under way using engine
2026-09-13T15:16:35Z,219000809,54.971927,11.514605,0.0,Under way using engine
2026-09-13T15:16:39Z,219000811,54.883590,11.463942,8.1,Under way using engine
2026-09-13T15:16:45Z,219002177,54.935912,11.371945,0.5,Under way using engine
2026-09-13T15:17:05Z,219000809,54.971893,11.514560,0.0,Under way using engine
2026-09-13T15:17:09Z,219000811,54.882865,11.465405,8.1,Under way using engine
2026-09-13T15:17:24Z,219002177,54.935447,11.371653,4.0,Under way using engine
2026-09-13T15:17:36Z,219000809,54.971932,11.514600,0.0,Under way using engine
2026-09-13T15:17:39Z,219000811,54.882135,11.466867,8.1,Under way using engine
2026-09-13T15:17:55Z,219002177,54.934738,11.371188,5.6,Under way using engine
2026-09-13T15:18:09Z,219000811,54.881400,11.468368,8.1,Under way using engine
2026-09-13T15:18:15Z,219000809,54.971935,11.514605,0.0,Under way using engine
2026-09-13T15:18:33Z,219002177,54.933667,11.371093,6.6,Under way using engine
2026-09-13T15:18:40Z,219000811,54.881158,11.470277,7.8,Under way using engine
2026-09-13T15:18:45Z,219000809,54.971922,11.514600,0.0,Under way using engine
2026-09-13T15:19:04Z,219002177,54.932680,11.371083,7.0,Under way using engine
2026-09-13T15:19:13Z,219000811,54.881163,11.472290,7.9,Under way using engine
2026-09-13T15:19:24Z,219000809,54.971897,11.514585,0.0,Under way using engine
2026-09-13T15:19:44Z,219002177,54.931352,11.371110,7.2,Under way using engine
2026-09-13T15:19:48Z,219000811,54.881198,11.474592,8.0,Under way using engine
2026-09-13T15:19:55Z,219000809,54.971930,11.514615,0.0,Under way using engine
2026-09-13T15:20:15Z,219002177,54.930338,11.371145,7.3,Under way using engine
2026-09-13T15:20:19Z,219000811,54.881212,11.476478,7.9,Under way using engine
2026-09-13T15:20:25Z,219000809,54.971905,11.514587,0.0,Under way using engine
2026-09-13T15:20:55Z,219000809,54.971898,11.514557,0.0,Under way using engine
2026-09-13T15:20:55Z,219002177,54.928953,11.371210,7.4,Under way using engine
2026-09-13T15:21:00Z,219000811,54.881225,11.479130,8.1,Under way using engine
2026-09-13T15:21:25Z,219002177,54.927923,11.371235,7.4,Under way using engine
2026-09-13T15:21:33Z,219000811,54.881512,11.481155,7.6,Under way using engine
2026-09-13T15:21:36Z,219000809,54.971910,11.514582,0.0,Under way using engine
2026-09-13T15:21:55Z,219002177,54.926920,11.371283,7.3,Under way using engine
2026-09-13T15:22:03Z,219000811,54.881983,11.482437,6.2,Under way using engine
2026-09-13T15:22:15Z,219000809,54.971893,11.514570,0.0,Under way using engine
2026-09-13T15:22:25Z,219002177,54.925897,11.371313,7.3,Under way using engine
2026-09-13T15:22:33Z,219000811,54.882558,11.483050,4.9,Under way using engine
2026-09-13T15:22:46Z,219000809,54.971908,11.514585,0.0,Under way using engine
2026-09-13T15:22:55Z,219002177,54.924888,11.371350,7.3,Under way using engine
2026-09-13T15:23:03Z,219000811,54.883110,11.483233,4.2,Under way using engine
2026-09-13T15:23:24Z,219000809,54.971918,11.514595,0.0,Under way using engine
2026-09-13T15:23:25Z,219002177,54.923877,11.371380,7.3,Under way using engine
2026-09-13T15:23:33Z,219000811,54.883658,11.483260,3.9,Under way using engine
2026-09-13T15:23:55Z,219000809,54.971930,11.514603,0.0,Under way using engine
2026-09-13T15:23:55Z,219002177,54.922868,11.371402,7.2,Under way using engine
2026-09-13T15:24:09Z,219000811,54.884105,11.483295,2.5,Under way using engine
2026-09-13T15:24:25Z,219002177,54.921860,11.371413,7.2,Under way using engine
2026-09-13T15:24:36Z,219000809,54.971913,11.514582,0.0,Under way using engine
2026-09-13T15:24:40Z,219000811,54.884277,11.483287,1.2,Under way using engine
2026-09-13T15:24:55Z,219002177,54.920867,11.371435,7.1,Under way using engine
2026-09-13T15:25:06Z,219000809,54.971918,11.514578,0.0,Under way using engine
2026-09-13T15:25:19Z,219000811,54.884325,11.483282,0.2,Under way using engine
2026-09-13T15:25:25Z,219002177,54.919935,11.371472,7.0,Under way using engine
2026-09-13T15:25:36Z,219000809,54.971927,11.514595,0.0,Under way using engine
2026-09-13T15:26:00Z,219000811,54.884325,11.483282,0.0,Under way using engine
2026-09-13T15:26:05Z,219002177,54.918628,11.371505,6.8,Under way using engine
2026-09-13T15:26:06Z,219000809,54.971917,11.514587,0.0,Under way using engine
2026-09-13T15:26:36Z,219000809,54.971943,11.514603,0.0,Under way using engine
2026-09-13T15:26:40Z,219000811,54.884325,11.483282,0.0,Under way using engine
2026-09-13T15:26:45Z,219002177,54.917375,11.371535,6.6,Under way using engine
2026-09-13T15:27:06Z,219000809,54.971918,11.514568,0.0,Under way using engine
2026-09-13T15:27:20Z,219000811,54.884327,11.483280,0.0,Under way using engine
2026-09-13T15:27:25Z,219002177,54.916770,11.370455,4.9,Under way using engine
2026-09-13T15:27:36Z,219000809,54.971923,11.514575,0.0,Under way using engine
2026-09-13T15:27:58Z,219000811,54.884325,11.483285,0.0,Under way using engine
2026-09-13T15:28:04Z,219002177,54.916682,11.368658,6.0,Under way using engine
2026-09-13T15:28:06Z,219000809,54.971913,11.514560,0.0,Under way using engine
2026-09-13T15:28:29Z,219000811,54.884317,11.483287,0.0,Under way using engine
2026-09-13T15:28:45Z,219002177,54.916608,11.366575,6.5,Under way using engine
2026-09-13T15:28:46Z,219000809,54.971920,11.514573,0.0,Under way using engine
2026-09-13T15:29:09Z,219000811,54.883862,11.483320,3.3,Under way using engine
2026-09-13T15:29:25Z,219002177,54.916480,11.364497,6.7,Under way using engine
2026-09-13T15:29:26Z,219000809,54.971923,11.514577,0.0,Under way using engine
2026-09-13T15:29:40Z,219000811,54.883340,11.483435,3.6,Under way using engine
2026-09-13T15:30:04Z,219002177,54.916300,11.362497,5.5,Under way using engine
2026-09-13T15:30:05Z,219000809,54.971912,11.514582,0.0,Under way using engine
2026-09-13T15:30:13Z,219000811,54.882832,11.482615,4.8,Under way using engine
2026-09-13T15:30:35Z,219000809,54.971940,11.514597,0.0,Under way using engine
2026-09-13T15:30:44Z,219002177,54.916350,11.361230,3.3,Under way using engine
2026-09-13T15:30:48Z,219000811,54.882133,11.481025,7.3,Under way using engine
2026-09-13T15:31:05Z,219000809,54.971917,11.514575,0.0,Under way using engine
2026-09-13T15:31:20Z,219000811,54.881647,11.479192,7.9,Under way using engine
2026-09-13T15:31:25Z,219002177,54.916367,11.360655,1.0,Under way using engine
2026-09-13T15:31:35Z,219000809,54.971945,11.514613,0.0,Under way using engine
2026-09-13T15:31:53Z,219000811,54.881328,11.477192,7.9,Under way using engine
2026-09-13T15:32:04Z,219002177,54.916365,11.360558,0.0,Under way using engine
2026-09-13T15:32:05Z,219000809,54.971915,11.514588,0.0,Under way using engine
2026-09-13T15:32:23Z,219000811,54.881437,11.475240,7.9,Under way using engine
2026-09-13T15:32:34Z,219002177,54.916372,11.360572,0.0,Under way using engine
2026-09-13T15:32:35Z,219000809,54.971912,11.514575,0.0,Under way using engine
2026-09-13T15:32:58Z,219000811,54.881682,11.473003,8.2,Under way using engine
2026-09-13T15:33:04Z,219002177,54.916363,11.360568,0.0,Under way using engine
2026-09-13T15:33:05Z,219000809,54.971913,11.514577,0.0,Under way using engine
2026-09-13T15:33:28Z,219000811,54.882097,11.471253,7.7,Under way using engine
2026-09-13T15:33:34Z,219002177,54.916362,11.360565,0.0,Under way using engine
2026-09-13T15:33:35Z,219000809,54.971928,11.514588,0.0,Under way using engine
2026-09-13T15:34:00Z,219000811,54.882657,11.469618,7.4,Under way using engine
2026-09-13T15:34:04Z,219002177,54.916365,11.360560,0.0,Under way using engine
2026-09-13T15:34:05Z,219000809,54.971923,11.514585,0.0,Under way using engine
2026-09-13T15:34:34Z,219002177,54.916362,11.360557,0.0,Under way using engine
2026-09-13T15:34:35Z,219000809,54.971907,11.514567,0.0,Under way using engine
2026-09-13T15:34:40Z,219000811,54.883382,11.467598,7.6,Under way using engine
2026-09-13T15:35:04Z,219002177,54.916360,11.360558,0.0,Under way using engine
2026-09-13T15:35:05Z,219000809,54.971900,11.514567,0.0,Under way using engine
2026-09-13T15:35:20Z,219000811,54.884158,11.465455,8.0,Under way using engine
2026-09-13T15:35:35Z,219000809,54.971908,11.514568,0.0,Under way using engine
2026-09-13T15:35:44Z,219002177,54.916375,11.360567,0.0,Under way using engine
2026-09-13T15:36:00Z,219000811,54.884993,11.463123,8.4,Under way using engine
2026-09-13T15:36:05Z,219000809,54.971917,11.514575,0.1,Under way using engine
2026-09-13T15:36:15Z,219002177,54.916373,11.360562,0.0,Under way using engine
2026-09-13T15:36:36Z,219000809,54.971912,11.514568,0.0,Under way using engine
2026-09-13T15:36:40Z,219000811,54.885773,11.460907,8.2,Under way using engine
2026-09-13T15:36:53Z,219002177,54.916365,11.360568,0.0,Under way using engine
2026-09-13T15:37:10Z,219000811,54.886382,11.459202,8.3,Under way using engine
2026-09-13T15:37:16Z,219000809,54.971872,11.514520,0.0,Under way using engine
2026-09-13T15:37:24Z,219002177,54.916360,11.360560,0.0,Under way using engine
2026-09-13T15:37:40Z,219000811,54.886973,11.457503,8.3,Under way using engine
2026-09-13T15:37:46Z,219000809,54.971893,11.514548,0.0,Under way using engine
2026-09-13T15:38:04Z,219002177,54.916353,11.360558,0.0,Under way using engine
2026-09-13T15:38:10Z,219000811,54.887547,11.455780,8.3,Under way using engine
2026-09-13T15:38:16Z,219000809,54.971877,11.514528,0.1,Under way using engine
2026-09-13T15:38:40Z,219000811,54.888122,11.453970,8.3,Under way using engine
2026-09-13T15:38:46Z,219000809,54.971905,11.514558,0.0,Under way using engine
2026-09-13T15:38:53Z,219002177,54.916358,11.360557,0.0,Under way using engine
2026-09-13T15:39:10Z,219000811,54.888670,11.452312,8.3,Under way using engine
2026-09-13T15:39:16Z,219000809,54.971908,11.514563,0.0,Under way using engine
2026-09-13T15:39:23Z,219002177,54.916355,11.360563,0.0,Under way using engine
2026-09-13T15:39:40Z,219000811,54.889282,11.450568,8.3,Under way using engine
2026-09-13T15:39:53Z,219002177,54.916362,11.360553,0.0,Under way using engine
2026-09-13T15:39:55Z,219000809,54.971908,11.514568,0.0,Under way using engine
2026-09-13T15:40:10Z,219000811,54.889863,11.448888,8.2,Under way using engine
2026-09-13T15:40:23Z,219002177,54.916365,11.360550,0.0,Under way using engine
2026-09-13T15:40:36Z,219000809,54.971910,11.514568,0.0,Under way using engine
2026-09-13T15:40:40Z,219000811,54.890478,11.447175,8.2,Under way using engine
2026-09-13T15:40:53Z,219002177,54.916368,11.360547,0.0,Under way using engine
2026-09-13T15:41:10Z,219000811,54.891037,11.445562,8.2,Under way using engine
2026-09-13T15:41:15Z,219000809,54.971910,11.514570,0.0,Under way using engine
2026-09-13T15:41:23Z,219002177,54.916367,11.360547,0.0,Under way using engine
2026-09-13T15:41:40Z,219000811,54.891675,11.443770,8.2,Under way using engine
2026-09-13T15:41:45Z,219000809,54.971902,11.514345,1.8,Under way using engine
2026-09-13T15:41:53Z,219002177,54.916368,11.360562,0.0,Under way using engine
2026-09-13T15:42:10Z,219000811,54.892260,11.442153,8.2,Under way using engine
2026-09-13T15:42:15Z,219000809,54.971888,11.513703,2.7,Under way using engine
2026-09-13T15:42:23Z,219002177,54.916367,11.360563,0.0,Under way using engine
2026-09-13T15:42:40Z,219000811,54.892857,11.440467,8.2,Under way using engine
2026-09-13T15:42:45Z,219000809,54.971832,11.513202,2.0,Under way using engine
2026-09-13T15:42:53Z,219002177,54.916370,11.360558,0.0,Under way using engine
2026-09-13T15:43:15Z,219000809,54.971680,11.512900,1.2,Under way using engine
2026-09-13T15:43:20Z,219000811,54.893673,11.438133,8.3,Under way using engine
2026-09-13T15:43:23Z,219002177,54.916367,11.360552,0.0,Under way using engine
2026-09-13T15:43:46Z,219000809,54.971772,11.512600,2.8,Under way using engine
2026-09-13T15:43:50Z,219000811,54.894232,11.436482,8.3,Under way using engine
2026-09-13T15:43:53Z,219002177,54.916362,11.360542,0.0,Under way using engine
2026-09-13T15:44:19Z,219000809,54.971997,11.511268,6.4,Under way using engine
2026-09-13T15:44:20Z,219000811,54.894800,11.434795,8.3,Under way using engine
2026-09-13T15:44:24Z,219002177,54.916360,11.360550,0.0,Under way using engine
2026-09-13T15:44:50Z,219000811,54.895390,11.433015,8.3,Under way using engine
2026-09-13T15:44:52Z,219000809,54.972180,11.509258,7.8,Under way using engine
2026-09-13T15:44:55Z,219002177,54.916363,11.360535,0.0,Under way using engine
2026-09-13T15:45:20Z,219000811,54.895993,11.431252,8.3,Under way using engine
2026-09-13T15:45:26Z,219000809,54.972373,11.507100,8.0,Under way using engine
2026-09-13T15:45:35Z,219002177,54.916357,11.360537,0.0,Under way using engine
2026-09-13T15:45:56Z,219000809,54.972342,11.505113,8.3,Under way using engine
2026-09-13T15:46:00Z,219000811,54.896757,11.428963,8.3,Under way using engine
2026-09-13T15:46:15Z,219002177,54.916363,11.360550,0.0,Under way using engine
2026-09-13T15:46:26Z,219000809,54.971915,11.503200,8.6,Under way using engine
2026-09-13T15:46:39Z,219000811,54.897512,11.426745,8.3,Under way using engine
2026-09-13T15:46:55Z,219002177,54.916370,11.360552,0.0,Under way using engine
2026-09-13T15:46:56Z,219000809,54.971103,11.501733,8.5,Under way using engine
2026-09-13T15:47:09Z,219000811,54.898112,11.424990,8.3,Under way using engine
2026-09-13T15:47:26Z,219000809,54.970175,11.500473,8.5,Under way using engine
2026-09-13T15:47:35Z,219002177,54.916370,11.360550,0.0,Under way using engine
2026-09-13T15:47:39Z,219000811,54.898703,11.423292,8.3,Under way using engine
2026-09-13T15:47:56Z,219000809,54.969220,11.499298,8.6,Under way using engine
2026-09-13T15:48:09Z,219000811,54.899278,11.421597,8.3,Under way using engine
2026-09-13T15:48:15Z,219002177,54.916367,11.360553,0.0,Under way using engine
2026-09-13T15:48:26Z,219000809,54.968257,11.498067,8.6,Under way using engine
2026-09-13T15:48:39Z,219000811,54.899775,11.419865,8.3,Under way using engine
2026-09-13T15:48:55Z,219002177,54.916368,11.360547,0.0,Under way using engine
2026-09-13T15:48:56Z,219000809,54.967302,11.496850,8.5,Under way using engine
2026-09-13T15:49:09Z,219000811,54.900307,11.417973,8.2,Under way using engine
2026-09-13T15:49:26Z,219000809,54.966355,11.495612,8.6,Under way using engine
2026-09-13T15:49:35Z,219002177,54.916385,11.360562,0.0,Under way using engine
2026-09-13T15:49:39Z,219000811,54.900777,11.416282,8.2,Under way using engine
2026-09-13T15:49:56Z,219000809,54.965390,11.494405,8.5,Under way using engine
2026-09-13T15:50:10Z,219000811,54.901275,11.414368,8.2,Under way using engine
2026-09-13T15:50:15Z,219002177,54.916315,11.361017,2.7,Under way using engine
2026-09-13T15:50:26Z,219000809,54.964447,11.493228,8.5,Under way using engine
2026-09-13T15:50:45Z,219002177,54.916247,11.361933,4.5,Under way using engine
2026-09-13T15:50:49Z,219000811,54.901875,11.412000,8.2,Under way using engine
2026-09-13T15:50:56Z,219000809,54.963493,11.492013,8.5,Under way using engine
2026-09-13T15:51:15Z,219002177,54.916303,11.363207,5.4,Under way using engine
2026-09-13T15:51:20Z,219000811,54.902357,11.410103,8.2,Under way using engine
2026-09-13T15:51:26Z,219000809,54.962490,11.490947,8.4,Under way using engine
2026-09-13T15:51:45Z,219002177,54.916393,11.364577,6.1,Under way using engine
2026-09-13T15:51:50Z,219000811,54.902785,11.408373,8.2,Under way using engine
2026-09-13T15:51:56Z,219000809,54.961370,11.490300,8.5,Under way using engine
2026-09-13T15:52:20Z,219000811,54.903240,11.406537,8.2,Under way using engine
2026-09-13T15:52:23Z,219002177,54.916525,11.366603,6.6,Under way using engine
2026-09-13T15:52:26Z,219000809,54.960225,11.489738,8.6,Under way using engine
2026-09-13T15:52:50Z,219000811,54.903683,11.404728,8.2,Under way using engine
2026-09-13T15:52:54Z,219002177,54.916632,11.368283,6.9,Under way using engine
2026-09-13T15:53:04Z,219000809,54.958783,11.489047,8.5,Under way using engine
2026-09-13T15:53:20Z,219000811,54.904170,11.402885,8.2,Under way using engine
2026-09-13T15:53:34Z,219002177,54.916813,11.370477,6.7,Under way using engine
2026-09-13T15:53:35Z,219000809,54.957615,11.488452,8.4,Under way using engine
2026-09-13T15:53:50Z,219000811,54.904618,11.401152,8.2,Under way using engine
2026-09-13T15:54:14Z,219002177,54.917575,11.371347,4.9,Under way using engine
2026-09-13T15:54:15Z,219000809,54.956183,11.487697,8.2,Under way using engine
2026-09-13T15:54:22Z,219000811,54.905057,11.399327,8.2,Under way using engine
2026-09-13T15:54:45Z,219000809,54.955073,11.487107,8.5,Under way using engine
2026-09-13T15:54:45Z,219002177,54.918322,11.371338,5.6,Under way using engine
2026-09-13T15:54:58Z,219000811,54.905615,11.396915,8.3,Under way using engine
2026-09-13T15:55:15Z,219000809,54.953953,11.486503,8.5,Under way using engine
2026-09-13T15:55:24Z,219002177,54.919377,11.371365,6.1,Under way using engine
2026-09-13T15:55:30Z,219000811,54.906103,11.394980,8.2,Under way using engine
2026-09-13T15:55:45Z,219000809,54.952820,11.485918,8.5,Under way using engine
2026-09-13T15:55:55Z,219002177,54.920270,11.371350,6.3,Under way using engine
2026-09-13T15:56:03Z,219000811,54.906770,11.393208,8.2,Under way using engine
2026-09-13T15:56:15Z,219000809,54.951678,11.485345,8.5,Under way using engine
2026-09-13T15:56:34Z,219002177,54.921467,11.371298,6.6,Under way using engine
2026-09-13T15:56:39Z,219000811,54.907548,11.391202,8.4,Under way using engine
2026-09-13T15:56:45Z,219000809,54.950538,11.484752,8.6,Under way using engine
2026-09-13T15:57:10Z,219000811,54.908240,11.389463,8.5,Under way using engine
2026-09-13T15:57:14Z,219002177,54.922700,11.371255,6.8,Under way using engine
2026-09-13T15:57:15Z,219000809,54.949397,11.484185,8.6,Under way using engine
2026-09-13T15:57:45Z,219000809,54.948257,11.483633,8.5,Under way using engine
2026-09-13T15:57:50Z,219000811,54.909217,11.387232,8.6,Under way using engine
2026-09-13T15:57:55Z,219002177,54.923965,11.371222,6.9,Under way using engine
2026-09-13T15:58:15Z,219000809,54.947115,11.483093,8.5,Under way using engine
2026-09-13T15:58:30Z,219000811,54.910227,11.385053,8.7,Under way using engine
2026-09-13T15:58:34Z,219002177,54.925242,11.371168,6.9,Under way using engine
2026-09-13T15:58:45Z,219000809,54.945985,11.482550,8.5,Under way using engine
2026-09-13T15:59:10Z,219000811,54.911237,11.382932,8.6,Under way using engine
2026-09-13T15:59:14Z,219002177,54.926520,11.371110,6.9,Under way using engine
2026-09-13T15:59:15Z,219000809,54.944850,11.482007,8.5,Under way using engine
2026-09-13T15:59:45Z,219000809,54.943755,11.481207,8.3,Under way using engine
2026-09-13T15:59:49Z,219000811,54.912233,11.380887,8.5,Under way using engine
2026-09-13T15:59:55Z,219002177,54.927792,11.371043,6.9,Under way using engine
2026-09-13T16:00:15Z,219000809,54.942880,11.480055,8.2,Under way using engine
2026-09-13T16:00:19Z,219000811,54.912998,11.379343,8.5,Under way using engine
2026-09-13T16:00:34Z,219002177,54.929068,11.370972,6.9,Under way using engine
2026-09-13T16:00:45Z,219000809,54.941995,11.478708,8.2,Under way using engine
2026-09-13T16:00:49Z,219000811,54.913760,11.377818,8.5,Under way using engine
2026-09-13T16:01:15Z,219000809,54.941165,11.477440,8.2,Under way using engine
2026-09-13T16:01:19Z,219000811,54.914552,11.376227,8.5,Under way using engine
2026-09-13T16:01:23Z,219002177,54.930630,11.370898,6.9,Under way using engine
2026-09-13T16:01:45Z,219000809,54.940295,11.476062,8.2,Under way using engine
2026-09-13T16:01:49Z,219000811,54.915202,11.374632,8.5,Under way using engine
2026-09-13T16:01:55Z,219002177,54.931607,11.370953,6.8,Under way using engine
2026-09-13T16:02:19Z,219000811,54.915817,11.372813,8.5,Under way using engine
2026-09-13T16:02:22Z,219000809,54.939380,11.474222,8.2,Under way using engine
2026-09-13T16:02:34Z,219002177,54.932863,11.370967,6.8,Under way using engine
2026-09-13T16:02:49Z,219000811,54.916352,11.370978,8.5,Under way using engine
2026-09-13T16:02:52Z,219000809,54.938825,11.472485,8.2,Under way using engine
2026-09-13T16:03:14Z,219002177,54.934102,11.371060,6.7,Under way using engine
2026-09-13T16:03:19Z,219000811,54.916598,11.369037,8.4,Under way using engine
2026-09-13T16:03:25Z,219000809,54.938248,11.470537,8.3,Under way using engine
2026-09-13T16:03:44Z,219002177,54.934958,11.371245,5.7,Under way using engine
2026-09-13T16:03:49Z,219000811,54.916573,11.367113,8.3,Under way using engine
2026-09-13T16:04:05Z,219000809,54.937533,11.468157,8.4,Under way using engine
2026-09-13T16:04:15Z,219002177,54.935522,11.371565,3.7,Under way using engine
2026-09-13T16:04:19Z,219000811,54.916467,11.365078,8.2,Under way using engine
2026-09-13T16:04:35Z,219000809,54.936998,11.466340,8.5,Under way using engine
2026-09-13T16:04:49Z,219000811,54.916372,11.363280,7.5,Under way using engine
2026-09-13T16:05:05Z,219000809,54.936467,11.464518,8.5,Under way using engine
2026-09-13T16:05:05Z,219002177,54.935910,11.371908,1.1,Under way using engine
2026-09-13T16:05:19Z,219000811,54.916228,11.361932,5.6,Under way using engine
2026-09-13T16:05:35Z,219000809,54.935933,11.462698,8.5,Under way using engine
2026-09-13T16:05:44Z,219002177,54.935963,11.371957,0.0,Under way using engine
2026-09-13T16:05:49Z,219000811,54.916103,11.360907,4.4,Under way using engine
2026-09-13T16:06:05Z,219000809,54.935403,11.460870,8.5,Under way using engine
2026-09-13T16:06:15Z,219002177,54.935962,11.371957,0.0,Under way using engine
2026-09-13T16:06:19Z,219000811,54.915873,11.360575,1.9,Under way using engine
2026-09-13T16:06:35Z,219000809,54.934855,11.459047,8.6,Under way using engine
2026-09-13T16:06:49Z,219000811,54.915848,11.360623,0.5,Under way using engine
2026-09-13T16:07:05Z,219000809,54.934297,11.457202,8.6,Under way using engine
2026-09-13T16:07:05Z,219002177,54.935958,11.371963,0.0,Under way using engine
2026-09-13T16:07:19Z,219000811,54.915953,11.360260,1.7,Under way using engine
2026-09-13T16:07:35Z,219000809,54.933728,11.455358,8.6,Under way using engine
2026-09-13T16:07:44Z,219002177,54.935958,11.371972,0.0,Under way using engine
2026-09-13T16:07:49Z,219000811,54.916045,11.360035,1.0,Under way using engine
2026-09-13T16:08:05Z,219000809,54.933057,11.453718,8.7,Under way using engine
2026-09-13T16:08:15Z,219002177,54.935963,11.371967,0.0,Under way using engine
2026-09-13T16:08:19Z,219000811,54.916057,11.359970,0.2,Under way using engine
2026-09-13T16:08:35Z,219000809,54.932262,11.452052,8.7,Under way using engine
2026-09-13T16:08:49Z,219000811,54.916057,11.359968,0.0,Under way using engine
2026-09-13T16:08:55Z,219002177,54.935957,11.371967,0.0,Under way using engine
2026-09-13T16:09:05Z,219000809,54.931528,11.450482,8.7,Under way using engine
2026-09-13T16:09:19Z,219000811,54.916058,11.359968,0.0,Under way using engine
2026-09-13T16:09:25Z,219002177,54.935958,11.371958,0.0,Under way using engine
2026-09-13T16:09:46Z,219000809,54.930498,11.448153,8.7,Under way using engine
2026-09-13T16:09:49Z,219000811,54.916058,11.359970,0.0,Under way using engine
2026-09-13T16:09:55Z,219002177,54.935922,11.371930,0.6,Under way using engine
2026-09-13T16:10:16Z,219000809,54.929802,11.446553,8.5,Under way using engine
2026-09-13T16:10:19Z,219000811,54.916058,11.359970,0.0,Under way using engine
2026-09-13T16:10:25Z,219002177,54.935647,11.371732,2.9,Under way using engine
2026-09-13T16:10:46Z,219000809,54.929048,11.444850,8.7,Under way using engine
2026-09-13T16:10:49Z,219000811,54.916057,11.359973,0.0,Under way using engine
2026-09-13T16:10:55Z,219002177,54.935147,11.371287,4.5,Under way using engine
2026-09-13T16:11:16Z,219000809,54.928340,11.443215,8.8,Under way using engine
2026-09-13T16:11:20Z,219000811,54.916058,11.359973,0.0,Under way using engine
2026-09-13T16:11:25Z,219002177,54.934530,11.370900,4.8,Under way using engine
2026-09-13T16:11:46Z,219000809,54.927588,11.441465,8.8,Under way using engine
2026-09-13T16:11:55Z,219002177,54.933800,11.370935,5.5,Under way using engine
2026-09-13T16:12:00Z,219000811,54.916058,11.359970,0.0,Under way using engine
2026-09-13T16:12:16Z,219000809,54.926863,11.439855,8.8,Under way using engine
2026-09-13T16:12:25Z,219002177,54.932987,11.370965,6.1,Under way using engine
2026-09-13T16:12:40Z,219000811,54.916057,11.359968,0.0,Under way using engine
2026-09-13T16:12:46Z,219000809,54.926100,11.438110,8.8,Under way using engine
2026-09-13T16:13:05Z,219002177,54.931805,11.371033,6.5,Under way using engine
2026-09-13T16:13:16Z,219000809,54.925373,11.436507,8.8,Under way using engine
2026-09-13T16:13:20Z,219000811,54.916055,11.359967,0.0,Under way using engine
2026-09-13T16:13:44Z,219002177,54.930660,11.371107,6.5,Under way using engine
2026-09-13T16:13:46Z,219000809,54.924570,11.434830,8.8,Under way using engine
2026-09-13T16:14:00Z,219000811,54.916053,11.359963,0.0,Under way using engine
2026-09-13T16:14:14Z,219002177,54.929750,11.371162,6.3,Under way using engine
2026-09-13T16:14:24Z,219000809,54.923605,11.432710,8.8,Under way using engine
2026-09-13T16:14:40Z,219000811,54.916055,11.359963,0.0,Under way using engine
2026-09-13T16:14:44Z,219002177,54.928908,11.371217,6.2,Under way using engine
2026-09-13T16:14:55Z,219000809,54.922817,11.431028,8.6,Under way using engine
2026-09-13T16:15:14Z,219002177,54.928030,11.371280,6.1,Under way using engine
2026-09-13T16:15:20Z,219000811,54.916057,11.359963,0.0,Under way using engine
2026-09-13T16:15:34Z,219000809,54.921820,11.428852,8.8,Under way using engine
2026-09-13T16:15:44Z,219002177,54.927217,11.371335,6.1,Under way using engine
2026-09-13T16:16:00Z,219000811,54.916058,11.359963,0.0,Under way using engine
2026-09-13T16:16:05Z,219000809,54.921028,11.427133,8.9,Under way using engine
2026-09-13T16:16:14Z,219002177,54.926353,11.371398,6.0,Under way using engine
2026-09-13T16:16:44Z,219002177,54.925553,11.371463,6.0,Under way using engine
2026-09-13T16:16:45Z,219000809,54.920002,11.424918,8.9,Under way using engine
2026-09-13T16:16:49Z,219000811,54.916058,11.359960,0.0,Under way using engine
2026-09-13T16:17:14Z,219002177,54.924688,11.371532,5.9,Under way using engine
2026-09-13T16:17:20Z,219000811,54.916058,11.359958,0.0,Under way using engine
2026-09-13T16:17:24Z,219000809,54.919010,11.422748,8.9,Under way using engine
2026-09-13T16:17:44Z,219002177,54.923893,11.371590,5.9,Under way using engine
2026-09-13T16:17:55Z,219000809,54.918205,11.421040,8.9,Under way using engine
2026-09-13T16:18:00Z,219000811,54.916058,11.359958,0.0,Under way using engine
2026-09-13T16:18:14Z,219002177,54.923062,11.371655,5.8,Under way using engine
2026-09-13T16:18:34Z,219000809,54.917195,11.418857,9.0,Under way using engine
2026-09-13T16:18:44Z,219002177,54.922285,11.371717,5.7,Under way using engine
2026-09-13T16:18:49Z,219000811,54.916057,11.359958,0.0,Under way using engine
2026-09-13T16:19:05Z,219000809,54.916402,11.417125,8.9,Under way using engine
2026-09-13T16:19:14Z,219002177,54.921467,11.371790,5.7,Under way using engine
2026-09-13T16:19:20Z,219000811,54.916053,11.359962,0.0,Under way using engine
2026-09-13T16:19:35Z,219000809,54.915653,11.415512,8.9,Under way using engine
2026-09-13T16:19:44Z,219002177,54.920702,11.371845,5.6,Under way using engine
2026-09-13T16:20:00Z,219000811,54.916052,11.359962,0.0,Under way using engine
2026-09-13T16:20:05Z,219000809,54.914867,11.413747,9.0,Under way using engine
2026-09-13T16:20:15Z,219002177,54.919905,11.371692,5.7,Under way using engine
2026-09-13T16:20:35Z,219000809,54.914128,11.412085,9.0,Under way using engine
2026-09-13T16:20:40Z,219000811,54.916050,11.359962,0.0,Under way using engine
2026-09-13T16:20:54Z,219002177,54.918862,11.371513,5.8,Under way using engine
2026-09-13T16:21:06Z,219000809,54.913335,11.410310,9.0,Under way using engine
2026-09-13T16:21:20Z,219000811,54.916047,11.359977,0.1,Under way using engine
2026-09-13T16:21:25Z,219002177,54.918055,11.371368,5.9,Under way using engine
2026-09-13T16:21:46Z,219000809,54.912318,11.408002,9.1,Under way using engine
2026-09-13T16:21:50Z,219000811,54.916042,11.359975,0.0,Under way using engine
2026-09-13T16:22:04Z,219002177,54.917097,11.370818,5.3,Under way using engine
2026-09-13T16:22:20Z,219000811,54.916052,11.359968,0.1,Under way using engine
2026-09-13T16:22:26Z,219000809,54.911258,11.405632,9.1,Under way using engine
2026-09-13T16:22:34Z,219002177,54.916878,11.369733,5.0,Under way using engine
2026-09-13T16:22:50Z,219000811,54.916053,11.359965,0.0,Under way using engine
2026-09-13T16:23:04Z,219002177,54.916862,11.368882,5.4,Under way using engine
2026-09-13T16:23:06Z,219000809,54.910253,11.403355,9.2,Under way using engine
2026-09-13T16:23:20Z,219000811,54.916053,11.359968,0.0,Under way using engine
2026-09-13T16:23:34Z,219002177,54.916702,11.367067,5.8,Under way using engine
2026-09-13T16:23:46Z,219000809,54.909198,11.401007,9.3,Under way using engine
2026-09-13T16:23:50Z,219000811,54.916052,11.359970,0.0,Under way using engine
2026-09-13T16:24:15Z,219002177,54.916487,11.365142,6.1,Under way using engine
2026-09-13T16:24:20Z,219000811,54.916053,11.359972,0.0,Under way using engine
2026-09-13T16:24:22Z,219000809,54.908283,11.398745,9.3,Under way using engine
2026-09-13T16:24:50Z,219000811,54.916053,11.359972,0.0,Under way using engine
2026-09-13T16:24:52Z,219000809,54.908032,11.396625,9.0,Under way using engine
2026-09-13T16:24:54Z,219002177,54.916353,11.363287,5.9,Under way using engine
2026-09-13T16:25:20Z,219000811,54.916053,11.359973,0.0,Under way using engine
2026-09-13T16:25:25Z,219000809,54.908428,11.394410,8.8,Under way using engine
2026-09-13T16:25:25Z,219002177,54.916333,11.362153,4.1,Under way using engine
2026-09-13T16:25:50Z,219000811,54.916055,11.359975,0.0,Under way using engine
2026-09-13T16:25:55Z,219000809,54.909108,11.392653,8.9,Under way using engine
2026-09-13T16:26:04Z,219002177,54.916358,11.361198,2.5,Under way using engine
2026-09-13T16:26:20Z,219000811,54.916055,11.359978,0.0,Under way using engine
2026-09-13T16:26:25Z,219000809,54.909842,11.390948,8.9,Under way using engine
2026-09-13T16:26:35Z,219002177,54.916355,11.360778,1.4,Under way using engine
2026-09-13T16:26:50Z,219000811,54.916053,11.359978,0.0,Under way using engine
2026-09-13T16:26:56Z,219000809,54.910578,11.389262,8.8,Under way using engine
2026-09-13T16:27:15Z,219002177,54.916357,11.360545,0.1,Under way using engine
2026-09-13T16:27:20Z,219000811,54.916053,11.359982,0.0,Under way using engine
2026-09-13T16:27:35Z,219000809,54.911617,11.387067,8.8,Under way using engine
2026-09-13T16:27:50Z,219000811,54.916042,11.360107,0.5,Under way using engine
2026-09-13T16:28:04Z,219002177,54.916358,11.360553,0.0,Under way using engine
2026-09-13T16:28:06Z,219000809,54.912388,11.385415,8.8,Under way using engine
2026-09-13T16:28:20Z,219000811,54.916060,11.360847,3.0,Under way using engine
2026-09-13T16:28:35Z,219002177,54.916362,11.360553,0.0,Under way using engine
2026-09-13T16:28:45Z,219000809,54.913323,11.383448,7.6,Under way using engine
2026-09-13T16:28:50Z,219000811,54.916193,11.362272,6.3,Under way using engine
2026-09-13T16:29:14Z,219002177,54.916362,11.360555,0.0,Under way using engine
2026-09-13T16:29:15Z,219000809,54.913980,11.382125,7.4,Under way using engine
2026-09-13T16:29:20Z,219000811,54.916323,11.364253,8.3,Under way using engine
2026-09-13T16:29:50Z,219000811,54.916373,11.366478,9.0,Under way using engine
2026-09-13T16:29:54Z,219002177,54.916362,11.360558,0.0,Under way using engine
2026-09-13T16:29:56Z,219000809,54.914870,11.380270,7.3,Under way using engine
2026-09-13T16:30:20Z,219000811,54.915930,11.368307,8.3,Under way using engine
2026-09-13T16:30:24Z,219002177,54.916362,11.360560,0.0,Under way using engine
2026-09-13T16:30:32Z,219000809,54.915690,11.378458,8.4,Under way using engine
2026-09-13T16:30:50Z,219000811,54.915253,11.369977,8.3,Under way using engine
2026-09-13T16:30:54Z,219002177,54.916357,11.360563,0.0,Under way using engine
2026-09-13T16:31:02Z,219000809,54.916198,11.376607,8.6,Under way using engine
2026-09-13T16:31:20Z,219000811,54.914605,11.371608,8.5,Under way using engine
2026-09-13T16:31:24Z,219002177,54.916352,11.360573,0.0,Under way using engine
2026-09-13T16:31:32Z,219000809,54.916527,11.374617,8.6,Under way using engine
2026-09-13T16:31:50Z,219000811,54.913945,11.373268,8.4,Under way using engine
2026-09-13T16:31:54Z,219002177,54.916352,11.360567,0.0,Under way using engine
2026-09-13T16:32:06Z,219000809,54.916758,11.372318,8.5,Under way using engine
2026-09-13T16:32:20Z,219000811,54.913275,11.374933,8.1,Under way using engine
2026-09-13T16:32:24Z,219002177,54.916353,11.360558,0.0,Under way using engine
2026-09-13T16:32:44Z,219000809,54.916800,11.369622,8.7,Under way using engine
2026-09-13T16:32:50Z,219000811,54.912638,11.376527,8.1,Under way using engine
2026-09-13T16:32:54Z,219002177,54.916348,11.360553,0.0,Under way using engine
2026-09-13T16:33:15Z,219000809,54.916717,11.367560,8.6,Under way using engine
2026-09-13T16:33:20Z,219000811,54.911987,11.378150,8.1,Under way using engine
2026-09-13T16:33:24Z,219002177,54.916357,11.360553,0.0,Under way using engine
2026-09-13T16:33:50Z,219000811,54.911373,11.379768,8.1,Under way using engine
2026-09-13T16:33:54Z,219002177,54.916367,11.360555,0.0,Under way using engine
2026-09-13T16:33:55Z,219000809,54.916517,11.364810,8.4,Under way using engine
2026-09-13T16:34:20Z,219000811,54.910815,11.381413,8.0,Under way using engine
2026-09-13T16:34:24Z,219002177,54.916370,11.360550,0.0,Under way using engine
2026-09-13T16:34:26Z,219000809,54.916308,11.362908,7.5,Under way using engine
2026-09-13T16:34:54Z,219002177,54.916368,11.360542,0.0,Under way using engine
2026-09-13T16:34:59Z,219000811,54.910057,11.383545,8.0,Under way using engine
2026-09-13T16:35:04Z,219000809,54.916065,11.361038,5.5,Under way using engine
2026-09-13T16:35:24Z,219002177,54.916363,11.360532,0.0,Under way using engine
2026-09-13T16:35:30Z,219000811,54.909410,11.385255,8.0,Under way using engine
2026-09-13T16:35:35Z,219000809,54.915870,11.360407,1.2,Under way using engine
2026-09-13T16:36:04Z,219002177,54.916367,11.360540,0.0,Under way using engine
2026-09-13T16:36:09Z,219000809,54.915923,11.360428,0.7,Under way using engine
2026-09-13T16:36:09Z,219000811,54.908643,11.387367,7.9,Under way using engine
2026-09-13T16:36:40Z,219000811,54.908022,11.388988,7.9,Under way using engine
2026-09-13T16:36:42Z,219000809,54.916057,11.360190,1.1,Under way using engine
2026-09-13T16:36:44Z,219002177,54.916370,11.360538,0.0,Under way using engine
2026-09-13T16:37:12Z,219000809,54.916078,11.360048,0.4,Under way using engine
2026-09-13T16:37:15Z,219002177,54.916370,11.360540,0.0,Under way using engine
2026-09-13T16:37:20Z,219000811,54.907220,11.391105,7.9,Under way using engine
2026-09-13T16:37:44Z,219000809,54.916075,11.360033,0.0,Under way using engine
2026-09-13T16:37:50Z,219000811,54.906667,11.392757,8.0,Under way using engine
2026-09-13T16:37:53Z,219002177,54.916362,11.360537,0.0,Under way using engine
2026-09-13T16:38:14Z,219000809,54.916070,11.360035,0.0,Under way using engine
2026-09-13T16:38:20Z,219000811,54.906198,11.394522,7.9,Under way using engine
2026-09-13T16:38:24Z,219002177,54.916365,11.360542,0.0,Under way using engine
2026-09-13T16:38:44Z,219000809,54.916075,11.360040,0.0,Under way using engine
2026-09-13T16:38:50Z,219000811,54.905780,11.396200,7.9,Under way using engine
2026-09-13T16:39:04Z,219002177,54.916360,11.360543,0.0,Under way using engine
2026-09-13T16:39:14Z,219000809,54.916075,11.360047,0.0,Under way using engine
2026-09-13T16:39:20Z,219000811,54.905343,11.398027,8.0,Under way using engine
2026-09-13T16:39:35Z,219002177,54.916360,11.360540,0.0,Under way using engine
2026-09-13T16:39:44Z,219000809,54.916063,11.360050,0.0,Under way using engine
2026-09-13T16:39:50Z,219000811,54.904925,11.399822,8.1,Under way using engine
2026-09-13T16:40:15Z,219000809,54.916068,11.360047,0.0,Under way using engine
2026-09-13T16:40:15Z,219002177,54.916362,11.360542,0.0,Under way using engine
2026-09-13T16:40:20Z,219000811,54.904507,11.401620,8.2,Under way using engine
2026-09-13T16:40:50Z,219000811,54.904040,11.403575,8.3,Under way using engine
2026-09-13T16:40:53Z,219002177,54.916372,11.360540,0.0,Under way using engine
2026-09-13T16:40:56Z,219000809,54.916080,11.360027,0.0,Under way using engine
2026-09-13T16:41:20Z,219000811,54.903613,11.405425,8.3,Under way using engine
2026-09-13T16:41:24Z,219002177,54.916375,11.360535,0.0,Under way using engine
2026-09-13T16:41:36Z,219000809,54.916093,11.360020,0.0,Under way using engine
2026-09-13T16:41:50Z,219000811,54.903202,11.407205,8.3,Under way using engine
2026-09-13T16:42:04Z,219002177,54.916363,11.360542,0.0,Under way using engine
2026-09-13T16:42:15Z,219000809,54.916098,11.360022,0.0,Under way using engine
2026-09-13T16:42:20Z,219000811,54.902732,11.409117,8.3,Under way using engine
2026-09-13T16:42:35Z,219002177,54.916358,11.360538,0.0,Under way using engine
2026-09-13T16:42:50Z,219000811,54.902273,11.410940,8.3,Under way using engine
2026-09-13T16:42:56Z,219000809,54.916088,11.360023,0.0,Under way using engine
2026-09-13T16:43:15Z,219002177,54.916363,11.360538,0.0,Under way using engine
2026-09-13T16:43:30Z,219000811,54.901615,11.413352,8.2,Under way using engine
2026-09-13T16:43:36Z,219000809,54.916082,11.360032,0.0,Under way using engine
2026-09-13T16:43:53Z,219002177,54.916368,11.360547,0.0,Under way using engine
2026-09-13T16:44:08Z,219000811,54.900925,11.415560,8.2,Under way using engine
2026-09-13T16:44:15Z,219000809,54.916090,11.360032,0.0,Under way using engine
2026-09-13T16:44:23Z,219002177,54.916365,11.360547,0.0,Under way using engine
2026-09-13T16:44:40Z,219000811,54.900335,11.417358,8.2,Under way using engine
2026-09-13T16:44:45Z,219000809,54.916100,11.360028,0.0,Under way using engine
2026-09-13T16:44:53Z,219002177,54.916367,11.360555,0.0,Under way using engine
2026-09-13T16:45:15Z,219000809,54.916093,11.360040,0.0,Under way using engine
2026-09-13T16:45:19Z,219000811,54.899597,11.419643,8.2,Under way using engine
2026-09-13T16:45:23Z,219002177,54.916367,11.360557,0.0,Under way using engine
2026-09-13T16:45:45Z,219000809,54.916080,11.360060,0.2,Under way using engine
2026-09-13T16:45:50Z,219000811,54.899015,11.421425,8.2,Under way using engine
2026-09-13T16:45:53Z,219002177,54.916367,11.360548,0.0,Under way using engine
2026-09-13T16:46:15Z,219000809,54.916053,11.360565,3.2,Under way using engine
2026-09-13T16:46:23Z,219002177,54.916360,11.360538,0.0,Under way using engine
2026-09-13T16:46:30Z,219000811,54.898248,11.423770,8.2,Under way using engine
2026-09-13T16:46:45Z,219000809,54.916107,11.361727,5.6,Under way using engine
2026-09-13T16:46:54Z,219002177,54.916357,11.360535,0.0,Under way using engine
2026-09-13T16:47:09Z,219000811,54.897513,11.425995,8.2,Under way using engine
2026-09-13T16:47:15Z,219000809,54.916258,11.363382,7.3,Under way using engine
2026-09-13T16:47:34Z,219002177,54.916373,11.360545,0.0,Under way using engine
2026-09-13T16:47:40Z,219000811,54.896952,11.427688,8.2,Under way using engine
2026-09-13T16:47:45Z,219000809,54.916403,11.365210,8.1,Under way using engine
2026-09-13T16:48:04Z,219002177,54.916370,11.360553,0.0,Under way using engine
2026-09-13T16:48:15Z,219000809,54.916447,11.367225,8.0,Under way using engine
2026-09-13T16:48:19Z,219000811,54.896190,11.429967,8.2,Under way using engine
2026-09-13T16:48:34Z,219002177,54.916365,11.360545,0.0,Under way using engine
2026-09-13T16:48:48Z,219000809,54.916065,11.369192,7.8,Under way using engine
2026-09-13T16:48:50Z,219000811,54.895627,11.431645,8.2,Under way using engine
2026-09-13T16:49:04Z,219002177,54.916355,11.360538,0.0,Under way using engine
2026-09-13T16:49:25Z,219000809,54.915535,11.371350,8.0,Under way using engine
2026-09-13T16:49:28Z,219000811,54.894893,11.433875,8.2,Under way using engine
2026-09-13T16:49:34Z,219002177,54.916357,11.360552,0.0,Under way using engine
2026-09-13T16:49:58Z,219000811,54.894300,11.435635,8.2,Under way using engine
2026-09-13T16:50:04Z,219002177,54.916365,11.360550,0.1,Under way using engine
2026-09-13T16:50:05Z,219000809,54.914922,11.373615,8.1,Under way using engine
2026-09-13T16:50:28Z,219000811,54.893730,11.437337,8.2,Under way using engine
2026-09-13T16:50:34Z,219002177,54.916343,11.360813,2.1,Under way using engine
2026-09-13T16:50:35Z,219000809,54.914458,11.375408,8.2,Under way using engine
2026-09-13T16:50:58Z,219000811,54.893183,11.438982,8.2,Under way using engine
2026-09-13T16:51:04Z,219002177,54.916293,11.361707,4.2,Under way using engine
2026-09-13T16:51:05Z,219000809,54.913983,11.377202,8.2,Under way using engine
2026-09-13T16:51:28Z,219000811,54.892610,11.440732,8.2,Under way using engine
2026-09-13T16:51:35Z,219000809,54.913470,11.378975,8.2,Under way using engine
2026-09-13T16:51:35Z,219002177,54.916333,11.362913,5.3,Under way using engine
2026-09-13T16:51:58Z,219000811,54.892032,11.442502,8.2,Under way using engine
2026-09-13T16:52:05Z,219000809,54.912922,11.380728,8.3,Under way using engine
2026-09-13T16:52:14Z,219002177,54.916450,11.364788,6.1,Under way using engine
2026-09-13T16:52:28Z,219000811,54.891460,11.444240,8.3,Under way using engine
2026-09-13T16:52:35Z,219000809,54.912363,11.382552,8.3,Under way using engine
2026-09-13T16:52:44Z,219002177,54.916557,11.366293,6.5,Under way using engine
2026-09-13T16:52:58Z,219000811,54.890917,11.445898,8.2,Under way using engine
2026-09-13T16:53:05Z,219000809,54.911835,11.384250,8.3,Under way using engine
2026-09-13T16:53:14Z,219002177,54.916677,11.367870,6.6,Under way using engine
2026-09-13T16:53:28Z,219000811,54.890350,11.447625,8.2,Under way using engine
2026-09-13T16:53:35Z,219000809,54.911265,11.386067,8.3,Under way using engine
2026-09-13T16:53:44Z,219002177,54.916793,11.369472,6.7,Under way using engine
2026-09-13T16:53:59Z,219000811,54.889755,11.449452,8.2,Under way using engine
2026-09-13T16:54:05Z,219000809,54.910722,11.387765,8.4,Under way using engine
2026-09-13T16:54:15Z,219002177,54.917117,11.370793,5.5,Under way using engine
2026-09-13T16:54:35Z,219000809,54.910108,11.389560,8.4,Under way using engine
2026-09-13T16:54:39Z,219000811,54.889040,11.451645,8.1,Under way using engine
2026-09-13T16:54:54Z,219002177,54.918095,11.371252,5.9,Under way using engine
2026-09-13T16:55:05Z,219000809,54.909527,11.391228,8.3,Under way using engine
2026-09-13T16:55:09Z,219000811,54.888472,11.453382,8.1,Under way using engine
2026-09-13T16:55:25Z,219002177,54.918957,11.371382,6.2,Under way using engine
2026-09-13T16:55:39Z,219000811,54.887893,11.455025,8.0,Under way using engine
2026-09-13T16:55:44Z,219000809,54.908735,11.393428,8.0,Under way using engine
2026-09-13T16:56:05Z,219002177,54.920172,11.371308,6.7,Under way using engine
2026-09-13T16:56:09Z,219000811,54.887230,11.456632,8.0,Under way using engine
2026-09-13T16:56:16Z,219000809,54.908440,11.395288,7.6,Under way using engine
2026-09-13T16:56:35Z,219002177,54.921092,11.371243,6.9,Under way using engine
2026-09-13T16:56:39Z,219000811,54.886620,11.458120,7.9,Under way using engine
2026-09-13T16:56:52Z,219000809,54.908733,11.397347,7.5,Under way using engine
2026-09-13T16:57:05Z,219002177,54.922107,11.371147,7.1,Under way using engine
2026-09-13T16:57:09Z,219000811,54.885958,11.459627,7.9,Under way using engine
2026-09-13T16:57:22Z,219000809,54.909327,11.398875,7.8,Under way using engine
2026-09-13T16:57:35Z,219002177,54.923067,11.371070,7.3,Under way using engine
2026-09-13T16:57:39Z,219000811,54.885270,11.461170,7.9,Under way using engine
2026-09-13T16:57:55Z,219000809,54.910073,11.400473,7.8,Under way using engine
2026-09-13T16:58:05Z,219002177,54.924100,11.370955,7.3,Under way using engine
2026-09-13T16:58:09Z,219000811,54.884588,11.462693,7.9,Under way using engine
2026-09-13T16:58:26Z,219000809,54.910742,11.402013,7.8,Under way using engine
2026-09-13T16:58:35Z,219002177,54.925083,11.370855,7.4,Under way using engine
2026-09-13T16:58:39Z,219000811,54.883935,11.464175,8.0,Under way using engine
2026-09-13T16:59:05Z,219000809,54.911627,11.404010,7.9,Under way using engine
2026-09-13T16:59:05Z,219002177,54.926142,11.370727,7.5,Under way using engine
2026-09-13T16:59:09Z,219000811,54.883243,11.465683,8.0,Under way using engine
2026-09-13T16:59:39Z,219000811,54.882527,11.467217,7.9,Under way using engine
2026-09-13T16:59:44Z,219002177,54.927445,11.370573,7.5,Under way using engine
2026-09-13T16:59:45Z,219000809,54.912510,11.406032,7.9,Under way using engine
2026-09-13T17:00:09Z,219000811,54.881828,11.468688,7.9,Under way using engine
2026-09-13T17:00:14Z,219002177,54.928508,11.370490,7.4,Under way using engine
2026-09-13T17:00:16Z,219000809,54.913192,11.407558,8.0,Under way using engine
2026-09-13T17:00:39Z,219000811,54.881102,11.470182,8.0,Under way using engine
2026-09-13T17:00:45Z,219002177,54.929567,11.370412,7.4,Under way using engine
2026-09-13T17:00:55Z,219000809,54.914082,11.409520,8.0,Under way using engine
2026-09-13T17:01:09Z,219000811,54.880587,11.471793,7.9,Under way using engine
2026-09-13T17:01:24Z,219002177,54.930842,11.370460,7.2,Under way using engine
2026-09-13T17:01:26Z,219000809,54.914773,11.411110,8.0,Under way using engine
2026-09-13T17:01:39Z,219000811,54.880713,11.473592,7.5,Under way using engine
2026-09-13T17:01:54Z,219002177,54.931865,11.370557,7.2,Under way using engine
2026-09-13T17:02:05Z,219000809,54.915680,11.413140,8.0,Under way using engine
2026-09-13T17:02:09Z,219000811,54.880875,11.475428,7.8,Under way using engine
2026-09-13T17:02:24Z,219002177,54.932812,11.370743,7.1,Under way using engine
2026-09-13T17:02:35Z,219000809,54.916332,11.414715,8.1,Under way using engine
2026-09-13T17:02:39Z,219000811,54.881037,11.477352,7.9,Under way using engine
2026-09-13T17:02:54Z,219002177,54.933812,11.371013,6.9,Under way using engine
2026-09-13T17:03:09Z,219000811,54.881225,11.479233,8.0,Under way using engine
2026-09-13T17:03:14Z,219000809,54.917197,11.416703,8.0,Under way using engine
2026-09-13T17:03:24Z,219002177,54.934667,11.371248,6.2,Under way using engine
2026-09-13T17:03:39Z,219000811,54.881393,11.481163,8.0,Under way using engine
2026-09-13T17:03:45Z,219000809,54.917888,11.418337,8.1,Under way using engine
2026-09-13T17:03:54Z,219002177,54.935420,11.371518,4.7,Under way using engine
2026-09-13T17:04:09Z,219000811,54.881957,11.482427,6.7,Under way using engine
2026-09-13T17:04:25Z,219002177,54.935765,11.371765,1.9,Under way using engine
2026-09-13T17:04:26Z,219000809,54.918782,11.420440,8.1,Under way using engine
2026-09-13T17:04:39Z,219000811,54.882642,11.483068,5.3,Under way using engine
2026-09-13T17:05:03Z,219002177,54.935937,11.371932,0.9,Under way using engine
2026-09-13T17:05:04Z,219000809,54.919657,11.422490,8.1,Under way using engine
2026-09-13T17:05:09Z,219000811,54.883238,11.483243,4.5,Under way using engine
2026-09-13T17:05:34Z,219002177,54.935962,11.371958,0.0,Under way using engine
2026-09-13T17:05:35Z,219000809,54.920355,11.424093,8.0,Under way using engine
2026-09-13T17:05:39Z,219000811,54.883763,11.483283,3.8,Under way using engine
2026-09-13T17:06:09Z,219000811,54.884130,11.483272,2.6,Under way using engine
2026-09-13T17:06:14Z,219000809,54.921240,11.426137,8.2,Under way using engine
2026-09-13T17:06:14Z,219002177,54.935982,11.371938,0.0,Under way using engine
2026-09-13T17:06:39Z,219000811,54.884282,11.483270,0.9,Under way using engine
2026-09-13T17:06:44Z,219002177,54.935975,11.371940,0.0,Under way using engine
2026-09-13T17:06:45Z,219000809,54.921930,11.427780,8.1,Under way using engine
2026-09-13T17:07:09Z,219000811,54.884313,11.483273,0.2,Under way using engine
2026-09-13T17:07:14Z,219002177,54.935987,11.371940,0.0,Under way using engine
2026-09-13T17:07:16Z,219000809,54.922630,11.429428,8.2,Under way using engine
2026-09-13T17:07:39Z,219000811,54.884312,11.483277,0.0,Under way using engine
2026-09-13T17:07:44Z,219002177,54.935985,11.371945,0.0,Under way using engine
2026-09-13T17:07:54Z,219000809,54.923467,11.431452,8.1,Under way using engine
2026-09-13T17:08:09Z,219000811,54.884310,11.483277,0.0,Under way using engine
2026-09-13T17:08:14Z,219002177,54.935978,11.371948,0.0,Under way using engine
2026-09-13T17:08:24Z,219000809,54.924133,11.433035,8.2,Under way using engine
2026-09-13T17:08:39Z,219000811,54.884310,11.483278,0.0,Under way using engine
2026-09-13T17:08:44Z,219002177,54.935957,11.371922,0.3,Under way using engine
2026-09-13T17:08:54Z,219000809,54.924825,11.434613,8.3,Under way using engine
2026-09-13T17:09:09Z,219000811,54.884268,11.483287,0.2,Under way using engine
2026-09-13T17:09:14Z,219002177,54.935797,11.371813,1.8,Under way using engine
2026-09-13T17:09:24Z,219000809,54.925513,11.436205,8.3,Under way using engine
2026-09-13T17:09:40Z,219000811,54.883780,11.483418,3.5,Under way using engine
2026-09-13T17:09:44Z,219002177,54.935457,11.371493,3.1,Under way using engine
2026-09-13T17:09:54Z,219000809,54.926188,11.437812,8.3,Under way using engine
2026-09-13T17:10:13Z,219000811,54.883370,11.483550,2.6,Under way using engine
2026-09-13T17:10:15Z,219002177,54.935030,11.371032,3.8,Under way using engine
2026-09-13T17:10:24Z,219000809,54.926885,11.439412,8.3,Under way using engine
2026-09-13T17:10:46Z,219000811,54.882718,11.482337,6.6,Under way using engine
2026-09-13T17:10:54Z,219002177,54.934350,11.370758,3.9,Under way using engine
2026-09-13T17:10:55Z,219000809,54.927577,11.441062,8.3,Under way using engine
2026-09-13T17:11:19Z,219000811,54.881883,11.480695,8.2,Under way using engine
2026-09-13T17:11:24Z,219002177,54.933762,11.370765,4.4,Under way using engine
2026-09-13T17:11:34Z,219000809,54.928478,11.443122,8.3,Under way using engine
2026-09-13T17:11:50Z,219000811,54.881105,11.479117,8.7,Under way using engine
2026-09-13T17:11:54Z,219002177,54.933125,11.370710,4.7,Under way using engine
2026-09-13T17:12:05Z,219000809,54.929152,11.444740,8.3,Under way using engine
2026-09-13T17:12:24Z,219002177,54.932457,11.370668,4.9,Under way using engine
2026-09-13T17:12:25Z,219000811,54.880303,11.477490,9.0,Under way using engine
2026-09-13T17:12:45Z,219000809,54.930087,11.446867,8.2,Under way using engine
2026-09-13T17:12:54Z,219002177,54.931760,11.370647,5.1,Under way using engine
2026-09-13T17:12:56Z,219000811,54.879900,11.475203,8.2,Under way using engine
2026-09-13T17:13:16Z,219000809,54.930783,11.448538,8.4,Under way using engine
2026-09-13T17:13:24Z,219002177,54.931053,11.370615,5.1,Under way using engine
2026-09-13T17:13:26Z,219000811,54.880395,11.473342,8.6,Under way using engine
2026-09-13T17:13:54Z,219002177,54.930340,11.370602,5.2,Under way using engine
2026-09-13T17:13:55Z,219000809,54.931688,11.450632,8.3,Under way using engine
2026-09-13T17:14:00Z,219000811,54.881228,11.471263,9.0,Under way using engine
2026-09-13T17:14:24Z,219002177,54.929612,11.370583,5.2,Under way using engine
2026-09-13T17:14:25Z,219000809,54.932298,11.452323,8.3,Under way using engine
2026-09-13T17:14:40Z,219000811,54.882258,11.468972,9.1,Under way using engine
2026-09-13T17:14:54Z,219002177,54.928892,11.370578,5.2,Under way using engine
2026-09-13T17:14:55Z,219000809,54.932863,11.454067,8.3,Under way using engine
2026-09-13T17:15:19Z,219000811,54.883250,11.466802,8.8,Under way using engine
2026-09-13T17:15:24Z,219002177,54.928155,11.370580,5.2,Under way using engine
2026-09-13T17:15:25Z,219000809,54.933412,11.455825,8.3,Under way using engine
2026-09-13T17:15:50Z,219000811,54.884057,11.465003,9.0,Under way using engine
2026-09-13T17:15:54Z,219002177,54.927437,11.370575,5.2,Under way using engine
2026-09-13T17:15:55Z,219000809,54.933952,11.457597,8.4,Under way using engine
2026-09-13T17:16:24Z,219002177,54.926687,11.370560,5.2,Under way using engine
2026-09-13T17:16:25Z,219000809,54.934518,11.459345,8.4,Under way using engine
2026-09-13T17:16:40Z,219000811,54.885342,11.462013,9.3,Under way using engine
2026-09-13T17:16:54Z,219002177,54.925965,11.370537,5.2,Under way using engine
2026-09-13T17:16:55Z,219000809,54.935073,11.461120,8.4,Under way using engine
2026-09-13T17:17:10Z,219000811,54.886120,11.460150,9.3,Under way using engine
2026-09-13T17:17:24Z,219002177,54.925248,11.370512,5.2,Under way using engine
2026-09-13T17:17:25Z,219000809,54.935638,11.462885,8.3,Under way using engine
2026-09-13T17:17:50Z,219000811,54.887118,11.457740,9.4,Under way using engine
2026-09-13T17:17:54Z,219002177,54.924517,11.370517,5.2,Under way using engine
2026-09-13T17:17:55Z,219000809,54.936190,11.464668,8.3,Under way using engine
2026-09-13T17:18:24Z,219000811,54.887812,11.455932,9.4,Under way using engine
2026-09-13T17:18:24Z,219002177,54.923820,11.370518,5.2,Under way using engine
2026-09-13T17:18:25Z,219000809,54.936742,11.466422,8.4,Under way using engine
2026-09-13T17:18:54Z,219002177,54.923087,11.370513,5.1,Under way using engine
2026-09-13T17:19:00Z,219000811,54.888757,11.453250,9.3,Under way using engine
2026-09-13T17:19:05Z,219000809,54.937455,11.468713,8.3,Under way using engine
2026-09-13T17:19:24Z,219002177,54.922397,11.370492,5.1,Under way using engine
2026-09-13T17:19:36Z,219000809,54.938035,11.470515,8.3,Under way using engine
2026-09-13T17:19:39Z,219000811,54.889622,11.450737,9.3,Under way using engine
2026-09-13T17:19:54Z,219002177,54.921675,11.370487,5.0,Under way using engine
2026-09-13T17:20:10Z,219000811,54.890287,11.448767,9.3,Under way using engine
2026-09-13T17:20:15Z,219000809,54.938832,11.472708,8.4,Under way using engine
2026-09-13T17:20:24Z,219002177,54.921007,11.370472,5.0,Under way using engine
2026-09-13T17:20:46Z,219000809,54.939580,11.474438,8.4,Under way using engine
2026-09-13T17:20:50Z,219000811,54.891128,11.446195,9.2,Under way using engine
2026-09-13T17:20:54Z,219002177,54.920315,11.370583,4.8,Under way using engine
2026-09-13T17:21:24Z,219002177,54.919688,11.370787,4.8,Under way using engine
2026-09-13T17:21:25Z,219000809,54.940593,11.476425,8.4,Under way using engine
2026-09-13T17:21:28Z,219000811,54.891935,11.443760,9.2,Under way using engine
2026-09-13T17:21:54Z,219002177,54.919003,11.370930,4.8,Under way using engine
2026-09-13T17:21:56Z,219000809,54.941393,11.477872,8.5,Under way using engine
2026-09-13T17:21:58Z,219000811,54.892572,11.441868,9.2,Under way using engine
2026-09-13T17:22:24Z,219002177,54.918372,11.371102,4.8,Under way using engine
2026-09-13T17:22:28Z,219000811,54.893208,11.439903,9.2,Under way using engine
2026-09-13T17:22:34Z,219000809,54.942570,11.479588,8.5,Under way using engine
2026-09-13T17:22:54Z,219002177,54.917703,11.371280,4.7,Under way using engine
2026-09-13T17:22:58Z,219000811,54.893862,11.437965,9.2,Under way using engine
2026-09-13T17:23:05Z,219000809,54.943650,11.480477,8.4,Under way using engine
2026-09-13T17:23:24Z,219002177,54.917143,11.371120,3.9,Under way using engine
2026-09-13T17:23:28Z,219000811,54.894463,11.436120,9.2,Under way using engine
2026-09-13T17:23:46Z,219000809,54.945143,11.481420,8.4,Under way using engine
2026-09-13T17:23:54Z,219002177,54.916882,11.370372,3.6,Under way using engine
2026-09-13T17:23:58Z,219000811,54.895098,11.434180,9.2,Under way using engine
2026-09-13T17:24:24Z,219002177,54.916875,11.369472,4.1,Under way using engine
2026-09-13T17:24:25Z,219000809,54.946580,11.482342,8.5,Under way using engine
2026-09-13T17:24:28Z,219000811,54.895757,11.432218,9.2,Under way using engine
2026-09-13T17:24:54Z,219002177,54.916815,11.368402,4.4,Under way using engine
2026-09-13T17:24:56Z,219000809,54.947705,11.483008,8.5,Under way using engine
2026-09-13T17:24:58Z,219000811,54.896387,11.430313,9.2,Under way using engine
2026-09-13T17:25:28Z,219000811,54.897035,11.428367,9.2,Under way using engine
2026-09-13T17:25:34Z,219000809,54.949152,11.483838,8.5,Under way using engine
2026-09-13T17:25:34Z,219002177,54.916690,11.366930,4.7,Under way using engine
2026-09-13T17:25:58Z,219000811,54.897653,11.426543,9.2,Under way using engine
2026-09-13T17:26:05Z,219000809,54.950263,11.484510,8.5,Under way using engine
2026-09-13T17:26:15Z,219002177,54.916560,11.365343,4.9,Under way using engine
2026-09-13T17:26:28Z,219000811,54.898308,11.424605,9.2,Under way using engine
2026-09-13T17:26:46Z,219000809,54.951782,11.485390,8.5,Under way using engine
2026-09-13T17:26:53Z,219002177,54.916442,11.363862,4.9,Under way using engine
2026-09-13T17:26:58Z,219000811,54.898937,11.422693,9.2,Under way using engine
2026-09-13T17:27:24Z,219000809,54.953235,11.486203,8.5,Under way using engine
2026-09-13T17:27:25Z,219002177,54.916358,11.362643,4.9,Under way using engine
2026-09-13T17:27:30Z,219000811,54.899570,11.420638,9.2,Under way using engine
2026-09-13T17:27:55Z,219000809,54.954353,11.486877,8.5,Under way using engine
2026-09-13T17:28:03Z,219002177,54.916333,11.361425,3.1,Under way using engine
2026-09-13T17:28:08Z,219000811,54.900345,11.418142,9.2,Under way using engine
2026-09-13T17:28:34Z,219002177,54.916373,11.360932,1.7,Under way using engine
2026-09-13T17:28:36Z,219000809,54.955933,11.487733,8.5,Under way using engine
2026-09-13T17:28:39Z,219000811,54.900952,11.416152,9.2,Under way using engine
2026-09-13T17:29:04Z,219002177,54.916370,11.360628,1.0,Under way using engine
2026-09-13T17:29:09Z,219000811,54.901565,11.414223,9.1,Under way using engine
2026-09-13T17:29:14Z,219000809,54.957352,11.488507,8.6,Under way using engine
2026-09-13T17:29:34Z,219002177,54.916370,11.360518,0.1,Under way using engine
2026-09-13T17:29:39Z,219000811,54.902165,11.412277,9.2,Under way using engine
2026-09-13T17:29:55Z,219000809,54.958875,11.489357,8.6,Under way using engine
2026-09-13T17:30:04Z,219002177,54.916370,11.360518,0.0,Under way using engine
2026-09-13T17:30:09Z,219000811,54.902768,11.410355,9.2,Under way using engine
2026-09-13T17:30:34Z,219002177,54.916375,11.360518,0.0,Under way using engine
2026-09-13T17:30:36Z,219000809,54.960415,11.490367,8.4,Under way using engine
2026-09-13T17:30:39Z,219000811,54.903398,11.408403,9.1,Under way using engine
2026-09-13T17:31:04Z,219002177,54.916368,11.360535,0.0,Under way using engine
2026-09-13T17:31:09Z,219000811,54.903995,11.406498,9.1,Under way using engine
2026-09-13T17:31:14Z,219000809,54.961702,11.491590,8.4,Under way using engine
2026-09-13T17:31:34Z,219002177,54.916367,11.360530,0.0,Under way using engine
2026-09-13T17:31:40Z,219000811,54.904613,11.404538,9.1,Under way using engine
2026-09-13T17:31:46Z,219000809,54.962743,11.492580,8.3,Under way using engine
2026-09-13T17:32:04Z,219002177,54.916367,11.360537,0.0,Under way using engine
2026-09-13T17:32:20Z,219000811,54.905422,11.401970,9.1,Under way using engine
2026-09-13T17:32:24Z,219000809,54.964057,11.493818,8.3,Under way using engine
2026-09-13T17:32:34Z,219002177,54.916367,11.360528,0.0,Under way using engine
2026-09-13T17:32:55Z,219000809,54.965062,11.494770,8.3,Under way using engine
2026-09-13T17:32:59Z,219000811,54.906190,11.399415,9.2,Under way using engine
2026-09-13T17:33:04Z,219002177,54.916367,11.360525,0.0,Under way using engine
2026-09-13T17:33:34Z,219002177,54.916363,11.360525,0.0,Under way using engine
2026-09-13T17:33:36Z,219000809,54.966470,11.496200,8.4,Under way using engine
2026-09-13T17:33:40Z,219000811,54.907095,11.396765,9.3,Under way using engine
2026-09-13T17:34:04Z,219002177,54.916363,11.360523,0.0,Under way using engine
2026-09-13T17:34:14Z,219000809,54.967743,11.497420,8.3,Under way using engine
2026-09-13T17:34:20Z,219000811,54.907992,11.394180,9.4,Under way using engine
2026-09-13T17:34:34Z,219002177,54.916362,11.360518,0.0,Under way using engine
2026-09-13T17:34:45Z,219000809,54.968767,11.498390,8.4,Under way using engine
2026-09-13T17:34:59Z,219000811,54.908888,11.391680,9.3,Under way using engine
2026-09-13T17:35:04Z,219002177,54.916365,11.360528,0.0,Under way using engine
2026-09-13T17:35:24Z,219000809,54.970107,11.499692,8.3,Under way using engine
2026-09-13T17:35:34Z,219002177,54.916370,11.360540,0.0,Under way using engine
2026-09-13T17:35:40Z,219000811,54.909825,11.389148,9.4,Under way using engine
2026-09-13T17:35:55Z,219000809,54.971113,11.500788,8.2,Under way using engine
2026-09-13T17:36:04Z,219002177,54.916368,11.360540,0.0,Under way using engine
2026-09-13T17:36:20Z,219000811,54.910788,11.386663,9.2,Under way using engine
2026-09-13T17:36:28Z,219000809,54.971847,11.502503,8.2,Under way using engine
2026-09-13T17:36:34Z,219002177,54.916363,11.360542,0.0,Under way using engine
2026-09-13T17:36:58Z,219000809,54.972277,11.504315,8.1,Under way using engine
2026-09-13T17:36:58Z,219000811,54.911715,11.384323,9.1,Under way using engine
2026-09-13T17:37:04Z,219002177,54.916355,11.360552,0.0,Under way using engine
2026-09-13T17:37:28Z,219000809,54.972303,11.506182,7.9,Under way using engine
2026-09-13T17:37:30Z,219000811,54.912457,11.382467,9.1,Under way using engine
2026-09-13T17:37:34Z,219002177,54.916347,11.360533,0.0,Under way using engine
2026-09-13T17:37:59Z,219000809,54.972125,11.508088,8.0,Under way using engine
2026-09-13T17:38:04Z,219002177,54.916342,11.360523,0.0,Under way using engine
2026-09-13T17:38:10Z,219000811,54.913428,11.380053,9.1,Under way using engine
2026-09-13T17:38:34Z,219002177,54.916343,11.360520,0.0,Under way using engine
2026-09-13T17:38:35Z,219000809,54.972015,11.510263,7.1,Under way using engine
2026-09-13T17:38:40Z,219000811,54.914180,11.378233,9.1,Under way using engine
2026-09-13T17:39:04Z,219002177,54.916343,11.360527,0.0,Under way using engine
2026-09-13T17:39:05Z,219000809,54.971962,11.511842,6.1,Under way using engine
2026-09-13T17:39:10Z,219000811,54.914898,11.376457,9.1,Under way using engine
2026-09-13T17:39:34Z,219002177,54.916347,11.360510,0.0,Under way using engine
2026-09-13T17:39:35Z,219000809,54.971913,11.513052,4.7,Under way using engine
2026-09-13T17:39:40Z,219000811,54.915558,11.374615,9.1,Under way using engine
2026-09-13T17:40:04Z,219002177,54.916348,11.360520,0.0,Under way using engine
2026-09-13T17:40:05Z,219000809,54.971895,11.513780,2.1,Under way using engine
2026-09-13T17:40:10Z,219000811,54.916192,11.372740,9.0,Under way using engine
2026-09-13T17:40:34Z,219002177,54.916358,11.360530,0.0,Under way using engine
2026-09-13T17:40:35Z,219000809,54.971917,11.514123,1.4,Under way using engine
2026-09-13T17:40:40Z,219000811,54.916593,11.370783,8.8,Under way using engine
2026-09-13T17:41:04Z,219002177,54.916358,11.360530,0.0,Under way using engine
2026-09-13T17:41:05Z,219000809,54.971893,11.514288,0.5,Under way using engine
2026-09-13T17:41:10Z,219000811,54.916678,11.368595,8.9,Under way using engine
2026-09-13T17:41:34Z,219002177,54.916358,11.360537,0.0,Under way using engine
2026-09-13T17:41:35Z,219000809,54.971892,11.514425,0.3,Under way using engine
2026-09-13T17:41:40Z,219000811,54.916575,11.366487,8.9,Under way using engine
2026-09-13T17:42:04Z,219002177,54.916352,11.360527,0.0,Under way using engine
2026-09-13T17:42:05Z,219000809,54.971907,11.514478,0.3,Under way using engine
2026-09-13T17:42:10Z,219000811,54.916405,11.364435,8.6,Under way using engine
2026-09-13T17:42:34Z,219002177,54.916357,11.360523,0.0,Under way using engine
2026-09-13T17:42:35Z,219000809,54.971902,11.514512,0.1,Under way using engine
2026-09-13T17:42:40Z,219000811,54.916275,11.362793,6.6,Under way using engine
2026-09-13T17:43:04Z,219002177,54.916367,11.360532,0.0,Under way using engine
2026-09-13T17:43:10Z,219000811,54.916123,11.361642,4.9,Under way using engine
2026-09-13T17:43:26Z,219000809,54.971895,11.514535,0.1,Under way using engine
2026-09-13T17:43:34Z,219002177,54.916363,11.360537,0.0,Under way using engine
2026-09-13T17:43:40Z,219000811,54.915923,11.361030,2.9,Under way using engine
2026-09-13T17:44:04Z,219000809,54.971895,11.514552,0.0,Under way using engine
2026-09-13T17:44:04Z,219002177,54.916353,11.360520,0.0,Under way using engine
2026-09-13T17:44:10Z,219000811,54.915862,11.361120,0.8,Under way using engine
2026-09-13T17:44:34Z,219002177,54.916355,11.360562,0.0,Under way using engine
2026-09-13T17:44:35Z,219000809,54.971902,11.514550,0.1,Under way using engine
2026-09-13T17:44:40Z,219000811,54.915855,11.360832,1.5,Under way using engine
2026-09-13T17:45:04Z,219002177,54.916363,11.360552,0.0,Under way using engine
2026-09-13T17:45:10Z,219000811,54.915988,11.360240,2.6,Under way using engine
2026-09-13T17:45:14Z,219000809,54.971912,11.514565,0.0,Under way using engine
2026-09-13T17:45:34Z,219002177,54.916367,11.360538,0.0,Under way using engine
2026-09-13T17:45:40Z,219000811,54.916050,11.360023,0.9,Under way using engine
2026-09-13T17:45:45Z,219000809,54.971915,11.514515,0.0,Under way using engine
2026-09-13T17:46:04Z,219002177,54.916363,11.360540,0.0,Under way using engine
2026-09-13T17:46:10Z,219000811,54.916057,11.359972,0.2,Under way using engine
2026-09-13T17:46:16Z,219000809,54.971898,11.514540,0.0,Under way using engine
2026-09-13T17:46:35Z,219002177,54.916360,11.360547,0.0,Under way using engine
2026-09-13T17:46:40Z,219000811,54.916057,11.359973,0.0,Under way using engine
2026-09-13T17:46:55Z,219000809,54.971910,11.514557,0.0,Under way using engine
2026-09-13T17:47:06Z,219002177,54.916358,11.360528,0.0,Under way using engine
2026-09-13T17:47:10Z,219000811,54.916057,11.359970,0.0,Under way using engine
2026-09-13T17:47:25Z,219000809,54.971902,11.514562,0.0,Under way using engine
2026-09-13T17:47:40Z,219000811,54.916053,11.359968,0.0,Under way using engine
2026-09-13T17:47:44Z,219002177,54.916367,11.360528,0.0,Under way using engine
2026-09-13T17:47:55Z,219000809,54.971908,11.514545,0.0,Under way using engine
2026-09-13T17:48:10Z,219000811,54.916053,11.359978,0.0,Under way using engine
2026-09-13T17:48:24Z,219002177,54.916363,11.360525,0.0,Under way using engine
2026-09-13T17:48:25Z,219000809,54.971918,11.514547,0.0,Under way using engine
2026-09-13T17:48:40Z,219000811,54.916047,11.360408,1.8,Under way using engine
2026-09-13T17:48:54Z,219002177,54.916352,11.360522,0.0,Under way using engine
2026-09-13T17:48:55Z,219000809,54.971923,11.514523,0.0,Under way using engine
2026-09-13T17:49:10Z,219000811,54.916150,11.361963,6.7,Under way using engine
2026-09-13T17:49:25Z,219000809,54.971912,11.514535,0.0,Under way using engine
2026-09-13T17:49:25Z,219002177,54.916355,11.360527,0.0,Under way using engine
2026-09-13T17:49:40Z,219000811,54.916358,11.363902,8.2,Under way using engine
2026-09-13T17:49:55Z,219000809,54.971890,11.514542,0.0,Under way using engine
2026-09-13T17:50:04Z,219002177,54.916355,11.360525,0.0,Under way using engine
2026-09-13T17:50:10Z,219000811,54.916545,11.366042,8.7,Under way using engine
2026-09-13T17:50:25Z,219000809,54.971880,11.514553,0.0,Under way using engine
2026-09-13T17:50:35Z,219002177,54.916357,11.360528,0.0,Under way using engine
2026-09-13T17:50:40Z,219000811,54.916185,11.367853,8.4,Under way using engine
2026-09-13T17:50:55Z,219000809,54.971882,11.514563,0.0,Under way using engine
2026-09-13T17:51:10Z,219000811,54.915575,11.369548,8.1,Under way using engine
2026-09-13T17:51:14Z,219002177,54.916355,11.360533,0.0,Under way using engine
2026-09-13T17:51:25Z,219000809,54.971895,11.514560,0.0,Under way using engine
2026-09-13T17:51:40Z,219000811,54.914960,11.371240,8.4,Under way using engine
2026-09-13T17:51:44Z,219002177,54.916357,11.360538,0.0,Under way using engine
2026-09-13T17:51:55Z,219000809,54.971915,11.514560,0.0,Under way using engine
2026-09-13T17:52:10Z,219000811,54.914337,11.373065,8.5,Under way using engine
2026-09-13T17:52:14Z,219002177,54.916360,11.360527,0.0,Under way using engine
2026-09-13T17:52:25Z,219000809,54.971903,11.514557,0.0,Under way using engine
2026-09-13T17:52:40Z,219000811,54.913758,11.374810,8.7,Under way using engine
2026-09-13T17:52:44Z,219002177,54.916355,11.360532,0.0,Under way using engine
2026-09-13T17:52:55Z,219000809,54.971890,11.514562,0.0,Under way using engine
2026-09-13T17:53:10Z,219000811,54.913125,11.376795,8.9,Under way using engine
2026-09-13T17:53:14Z,219002177,54.916352,11.360545,0.1,Under way using engine
2026-09-13T17:53:25Z,219000809,54.971875,11.514548,0.0,Under way using engine
2026-09-13T17:53:49Z,219000811,54.912340,11.379200,9.0,Under way using engine
2026-09-13T17:53:54Z,219002177,54.916308,11.361290,3.5,Under way using engine
2026-09-13T17:53:55Z,219000809,54.971877,11.514557,0.0,Under way using engine
2026-09-13T17:54:22Z,219000811,54.911742,11.381023,9.1,Under way using engine
2026-09-13T17:54:24Z,219002177,54.916305,11.362357,4.9,Under way using engine
2026-09-13T17:54:25Z,219000809,54.971895,11.514552,0.0,Under way using engine
2026-09-13T17:54:54Z,219002177,54.916377,11.363703,5.6,Under way using engine
2026-09-13T17:54:55Z,219000809,54.971920,11.514538,0.2,Under way using engine
2026-09-13T17:54:59Z,219000811,54.910885,11.383630,9.2,Under way using engine
2026-09-13T17:55:24Z,219002177,54.916460,11.365087,6.1,Under way using engine
2026-09-13T17:55:25Z,219000809,54.971915,11.514148,2.2,Under way using engine
2026-09-13T17:55:30Z,219000811,54.910235,11.385605,9.2,Under way using engine
2026-09-13T17:55:54Z,219002177,54.916585,11.366663,6.5,Under way using engine
2026-09-13T17:55:55Z,219000809,54.971915,11.513470,2.7,Under way using engine
2026-09-13T17:56:09Z,219000811,54.909430,11.388093,9.0,Under way using engine
2026-09-13T17:56:24Z,219002177,54.916663,11.368195,6.7,Under way using engine
2026-09-13T17:56:25Z,219000809,54.971922,11.512972,1.5,Under way using engine
2026-09-13T17:56:39Z,219000811,54.908838,11.389980,9.0,Under way using engine
2026-09-13T17:56:54Z,219002177,54.916807,11.369850,6.8,Under way using engine
2026-09-13T17:56:55Z,219000809,54.971958,11.512977,0.1,Under way using engine
2026-09-13T17:57:09Z,219000811,54.908215,11.391910,9.0,Under way using engine
2026-09-13T17:57:24Z,219002177,54.917193,11.371053,5.5,Under way using engine
2026-09-13T17:57:26Z,219000809,54.971792,11.512815,1.5,Under way using engine
2026-09-13T17:57:39Z,219000811,54.907622,11.393812,9.1,Under way using engine
2026-09-13T17:57:54Z,219002177,54.917947,11.371267,5.7,Under way using engine
2026-09-13T17:57:58Z,219000809,54.971768,11.512665,1.1,Under way using engine
2026-09-13T17:58:09Z,219000811,54.907038,11.395737,9.0,Under way using engine
2026-09-13T17:58:24Z,219002177,54.918745,11.371362,6.2,Under way using engine
2026-09-13T17:58:28Z,219000809,54.971885,11.511738,5.1,Under way using engine
2026-09-13T17:58:39Z,219000811,54.906440,11.397712,9.0,Under way using engine
2026-09-13T17:58:54Z,219002177,54.919647,11.371458,6.5,Under way using engine
2026-09-13T17:59:06Z,219000809,54.972042,11.509730,7.5,Under way using engine
2026-09-13T17:59:09Z,219000811,54.905882,11.399655,9.1,Under way using engine
2026-09-13T17:59:24Z,219002177,54.920558,11.371542,6.8,Under way using engine
2026-09-13T17:59:39Z,219000811,54.905350,11.401538,9.1,Under way using engine
2026-09-13T17:59:45Z,219000809,54.972232,11.507213,8.0,Under way using engine
2026-09-13T17:59:54Z,219002177,54.921537,11.371600,7.1,Under way using engine
2026-09-13T18:00:09Z,219000811,54.904770,11.403663,9.2,Under way using engine
2026-09-13T18:00:15Z,219000809,54.972232,11.505272,8.1,Under way using engine
2026-09-13T18:00:24Z,219002177,54.922537,11.371663,7.2,Under way using engine
2026-09-13T18:00:40Z,219000811,54.904232,11.405680,9.2,Under way using engine
2026-09-13T18:00:45Z,219000809,54.971907,11.503368,8.3,Under way using engine
2026-09-13T18:00:54Z,219002177,54.923560,11.371727,7.3,Under way using engine
2026-09-13T18:01:15Z,219000809,54.971307,11.501678,8.4,Under way using engine
2026-09-13T18:01:20Z,219000811,54.903520,11.408365,9.2,Under way using engine
2026-09-13T18:01:24Z,219002177,54.924578,11.371823,7.4,Under way using engine
2026-09-13T18:01:45Z,219000809,54.970468,11.500288,8.4,Under way using engine
2026-09-13T18:01:54Z,219002177,54.925595,11.371915,7.4,Under way using engine
2026-09-13T18:01:58Z,219000811,54.902848,11.410943,9.2,Under way using engine
2026-09-13T18:02:15Z,219000809,54.969510,11.499063,8.5,Under way using engine
2026-09-13T18:02:24Z,219002177,54.926615,11.371997,7.3,Under way using engine
2026-09-13T18:02:40Z,219000811,54.902122,11.413740,9.2,Under way using engine
2026-09-13T18:02:45Z,219000809,54.968585,11.497888,8.5,Under way using engine
2026-09-13T18:02:54Z,219002177,54.927630,11.372065,7.3,Under way using engine
2026-09-13T18:03:20Z,219000811,54.901358,11.416423,9.1,Under way using engine
2026-09-13T18:03:24Z,219002177,54.928670,11.372145,7.3,Under way using engine
2026-09-13T18:03:26Z,219000809,54.967298,11.496238,8.4,Under way using engine
2026-09-13T18:03:54Z,219002177,54.929637,11.372240,7.2,Under way using engine
2026-09-13T18:03:56Z,219000809,54.966353,11.495060,8.5,Under way using engine
2026-09-13T18:03:58Z,219000811,54.900563,11.418863,9.2,Under way using engine
2026-09-13T18:04:24Z,219002177,54.930668,11.372312,7.2,Under way using engine
2026-09-13T18:04:26Z,219000809,54.965365,11.493950,8.4,Under way using engine
2026-09-13T18:04:29Z,219000811,54.899908,11.420830,9.2,Under way using engine
2026-09-13T18:04:54Z,219002177,54.931632,11.372348,7.0,Under way using engine
2026-09-13T18:04:56Z,219000809,54.964352,11.492988,8.4,Under way using engine
2026-09-13T18:05:09Z,219000811,54.899093,11.423338,9.2,Under way using engine
2026-09-13T18:05:24Z,219002177,54.932608,11.372128,7.0,Under way using engine
2026-09-13T18:05:26Z,219000809,54.963312,11.491953,8.5,Under way using engine
2026-09-13T18:05:40Z,219000811,54.898398,11.425432,9.1,Under way using engine
2026-09-13T18:05:54Z,219002177,54.933558,11.371920,6.9,Under way using engine
2026-09-13T18:05:56Z,219000809,54.962300,11.490960,8.5,Under way using engine
2026-09-13T18:06:24Z,219002177,54.934502,11.371707,6.7,Under way using engine
2026-09-13T18:06:26Z,219000809,54.961268,11.489952,8.6,Under way using engine
2026-09-13T18:06:29Z,219000811,54.897398,11.428440,9.1,Under way using engine
2026-09-13T18:06:54Z,219002177,54.935333,11.371578,5.4,Under way using engine
2026-09-13T18:06:56Z,219000809,54.960197,11.489197,8.5,Under way using engine
2026-09-13T18:07:09Z,219000811,54.896540,11.430972,9.1,Under way using engine
2026-09-13T18:07:24Z,219002177,54.935797,11.371793,2.5,Under way using engine
2026-09-13T18:07:26Z,219000809,54.959047,11.488638,8.5,Under way using engine
2026-09-13T18:07:40Z,219000811,54.895838,11.432957,9.2,Under way using engine
2026-09-13T18:07:54Z,219002177,54.935962,11.371965,1.2,Under way using engine
2026-09-13T18:08:06Z,219000809,54.957473,11.487822,8.3,Under way using engine
2026-09-13T18:08:24Z,219002177,54.935963,11.371970,0.1,Under way using engine
2026-09-13T18:08:29Z,219000811,54.894785,11.436013,9.2,Under way using engine
2026-09-13T18:08:44Z,219000809,54.956098,11.487115,8.2,Under way using engine
2026-09-13T18:08:54Z,219002177,54.935973,11.371977,0.0,Under way using engine
2026-09-13T18:09:00Z,219000811,54.894108,11.437967,9.2,Under way using engine
2026-09-13T18:09:16Z,219000809,54.954965,11.486505,8.3,Under way using engine
2026-09-13T18:09:24Z,219002177,54.935983,11.371965,0.1,Under way using engine
2026-09-13T18:09:40Z,219000811,54.893210,11.440548,9.2,Under way using engine
2026-09-13T18:09:54Z,219000809,54.953523,11.485775,8.4,Under way using engine
2026-09-13T18:09:54Z,219002177,54.935970,11.371983,0.0,Under way using engine
2026-09-13T18:10:20Z,219000811,54.892343,11.442998,9.2,Under way using engine
2026-09-13T18:10:25Z,219002177,54.935908,11.371968,0.1,Under way using engine
2026-09-13T18:10:26Z,219000809,54.952288,11.485185,8.3,Under way using engine
2026-09-13T18:11:00Z,219000811,54.891470,11.445515,9.1,Under way using engine
2026-09-13T18:11:03Z,219002177,54.935940,11.371978,0.0,Under way using engine
2026-09-13T18:11:05Z,219000809,54.950808,11.484467,8.3,Under way using engine
2026-09-13T18:11:35Z,219000809,54.949693,11.483858,8.3,Under way using engine
2026-09-13T18:11:35Z,219002177,54.935933,11.371957,0.1,Under way using engine
2026-09-13T18:11:40Z,219000811,54.890603,11.448033,9.1,Under way using engine
2026-09-13T18:12:05Z,219000809,54.948600,11.483343,8.4,Under way using engine
2026-09-13T18:12:14Z,219002177,54.935963,11.371968,0.2,Under way using engine
2026-09-13T18:12:19Z,219000811,54.889790,11.450535,9.2,Under way using engine
2026-09-13T18:12:35Z,219000809,54.947478,11.482792,8.3,Under way using engine
2026-09-13T18:12:44Z,219002177,54.935753,11.371810,2.1,Under way using engine
2026-09-13T18:12:49Z,219000811,54.889163,11.452473,9.2,Under way using engine
2026-09-13T18:13:05Z,219000809,54.946372,11.482260,8.4,Under way using engine
2026-09-13T18:13:14Z,219002177,54.935372,11.371478,3.7,Under way using engine
2026-09-13T18:13:19Z,219000811,54.888463,11.454275,8.9,Under way using engine
2026-09-13T18:13:35Z,219000809,54.945250,11.481748,8.4,Under way using engine
2026-09-13T18:13:44Z,219002177,54.934857,11.371075,4.3,Under way using engine
2026-09-13T18:13:49Z,219000811,54.887580,11.455770,9.0,Under way using engine
2026-09-13T18:14:05Z,219000809,54.944133,11.481243,8.3,Under way using engine
2026-09-13T18:14:14Z,219002177,54.934200,11.371065,4.9,Under way using engine
2026-09-13T18:14:29Z,219000811,54.886395,11.457815,9.1,Under way using engine
2026-09-13T18:14:35Z,219000809,54.943090,11.480455,8.2,Under way using engine
2026-09-13T18:14:44Z,219002177,54.933460,11.371097,5.5,Under way using engine
2026-09-13T18:14:59Z,219000811,54.885513,11.459340,9.0,Under way using engine
2026-09-13T18:15:05Z,219000809,54.942228,11.479168,8.1,Under way using engine
2026-09-13T18:15:15Z,219002177,54.932637,11.371140,6.0,Under way using engine
2026-09-13T18:15:29Z,219000811,54.884657,11.461015,9.0,Under way using engine
2026-09-13T18:15:35Z,219000809,54.941398,11.477815,8.2,Under way using engine
2026-09-13T18:15:55Z,219002177,54.931513,11.371225,6.2,Under way using engine
2026-09-13T18:15:59Z,219000811,54.883870,11.462642,9.0,Under way using engine
2026-09-13T18:16:05Z,219000809,54.940657,11.476343,8.2,Under way using engine
2026-09-13T18:16:25Z,219002177,54.930652,11.371308,6.3,Under way using engine
2026-09-13T18:16:29Z,219000811,54.883175,11.464463,9.0,Under way using engine
2026-09-13T18:16:36Z,219000809,54.939902,11.474757,8.2,Under way using engine
2026-09-13T18:16:55Z,219002177,54.929788,11.371398,6.3,Under way using engine
2026-09-13T18:17:00Z,219000811,54.882755,11.466443,8.9,Under way using engine
2026-09-13T18:17:12Z,219000809,54.939110,11.472907,8.4,Under way using engine
2026-09-13T18:17:25Z,219002177,54.928915,11.371473,6.4,Under way using engine
2026-09-13T18:17:32Z,219000811,54.882423,11.468695,8.5,Under way using engine
2026-09-13T18:17:44Z,219000809,54.938392,11.470880,8.4,Under way using engine
2026-09-13T18:17:55Z,219002177,54.928000,11.371513,6.4,Under way using engine
2026-09-13T18:18:09Z,219000811,54.882000,11.470882,7.8,Under way using engine
2026-09-13T18:18:15Z,219000809,54.937830,11.469237,8.4,Under way using engine
2026-09-13T18:18:25Z,219002177,54.927123,11.371580,6.4,Under way using engine
2026-09-13T18:18:39Z,219000811,54.881662,11.472653,7.8,Under way using engine
2026-09-13T18:18:54Z,219000809,54.937022,11.466887,8.3,Under way using engine
2026-09-13T18:18:55Z,219002177,54.926257,11.371743,6.4,Under way using engine
2026-09-13T18:19:09Z,219000811,54.881305,11.474640,8.4,Under way using engine
2026-09-13T18:19:25Z,219000809,54.936420,11.465168,8.4,Under way using engine
2026-09-13T18:19:25Z,219002177,54.925390,11.371837,6.4,Under way using engine
2026-09-13T18:19:39Z,219000811,54.881123,11.476577,8.5,Under way using engine
2026-09-13T18:19:55Z,219002177,54.924505,11.371950,6.3,Under way using engine
2026-09-13T18:20:06Z,219000809,54.935597,11.462798,8.4,Under way using engine
2026-09-13T18:20:09Z,219000811,54.881193,11.478613,8.6,Under way using engine
2026-09-13T18:20:34Z,219002177,54.923360,11.372097,6.3,Under way using engine
2026-09-13T18:20:36Z,219000809,54.935045,11.461067,8.4,Under way using engine
2026-09-13T18:20:39Z,219000811,54.881478,11.480538,8.0,Under way using engine
2026-09-13T18:21:04Z,219002177,54.922478,11.372198,6.3,Under way using engine
2026-09-13T18:21:06Z,219000809,54.934452,11.459310,8.5,Under way using engine
2026-09-13T18:21:09Z,219000811,54.881930,11.482022,7.0,Under way using engine
2026-09-13T18:21:34Z,219002177,54.921630,11.372287,6.3,Under way using engine
2026-09-13T18:21:39Z,219000811,54.882523,11.482853,5.3,Under way using engine
2026-09-13T18:21:45Z,219000809,54.933677,11.457032,8.4,Under way using engine
2026-09-13T18:22:04Z,219002177,54.920730,11.372395,6.2,Under way using engine
2026-09-13T18:22:09Z,219000811,54.883092,11.483297,4.5,Under way using engine
2026-09-13T18:22:15Z,219000809,54.933092,11.455273,8.4,Under way using engine
2026-09-13T18:22:35Z,219002177,54.919920,11.372360,5.8,Under way using engine
2026-09-13T18:22:39Z,219000811,54.883640,11.483372,4.1,Under way using engine
2026-09-13T18:22:45Z,219000809,54.932588,11.453448,8.4,Under way using engine
2026-09-13T18:23:08Z,219002177,54.919153,11.371985,5.8,Under way using engine
2026-09-13T18:23:09Z,219000811,54.884137,11.483303,3.5,Under way using engine
2026-09-13T18:23:15Z,219000809,54.932000,11.451717,8.4,Under way using engine
2026-09-13T18:23:39Z,219000811,54.884293,11.483280,1.0,Under way using engine
2026-09-13T18:23:44Z,219002177,54.918120,11.371568,5.9,Under way using engine
2026-09-13T18:23:45Z,219000809,54.931300,11.450082,8.5,Under way using engine
2026-09-13T18:24:09Z,219000811,54.884310,11.483270,0.1,Under way using engine
2026-09-13T18:24:15Z,219000809,54.930595,11.448450,8.5,Under way using engine
2026-09-13T18:24:15Z,219002177,54.917303,11.371202,5.8,Under way using engine
2026-09-13T18:24:39Z,219000811,54.884310,11.483272,0.0,Under way using engine
2026-09-13T18:24:45Z,219000809,54.929892,11.446835,8.4,Under way using engine
2026-09-13T18:24:54Z,219002177,54.916753,11.370225,4.3,Under way using engine
2026-09-13T18:25:09Z,219000811,54.884308,11.483272,0.0,Under way using engine
2026-09-13T18:25:15Z,219000809,54.929188,11.445202,8.5,Under way using engine
2026-09-13T18:25:35Z,219002177,54.916713,11.368655,5.1,Under way using engine
2026-09-13T18:25:39Z,219000811,54.884310,11.483275,0.0,Under way using engine
2026-09-13T18:25:45Z,219000809,54.928470,11.443572,8.6,Under way using engine
2026-09-13T18:26:09Z,219000811,54.884312,11.483273,0.0,Under way using engine
2026-09-13T18:26:15Z,219000809,54.927742,11.441952,8.6,Under way using engine
2026-09-13T18:26:15Z,219002177,54.916615,11.366940,5.5,Under way using engine
2026-09-13T18:26:39Z,219000811,54.884313,11.483277,0.0,Under way using engine
2026-09-13T18:26:45Z,219000809,54.927027,11.440300,8.6,Under way using engine
2026-09-13T18:26:54Z,219002177,54.916535,11.365192,5.6,Under way using engine
2026-09-13T18:27:09Z,219000811,54.884313,11.483275,0.0,Under way using engine
2026-09-13T18:27:15Z,219000809,54.926293,11.438672,8.6,Under way using engine
2026-09-13T18:27:35Z,219002177,54.916377,11.363377,5.6,Under way using engine
2026-09-13T18:27:39Z,219000811,54.884313,11.483275,0.0,Under way using engine
2026-09-13T18:27:46Z,219000809,54.925575,11.437012,8.6,Under way using engine
2026-09-13T18:28:09Z,219000811,54.884315,11.483273,0.0,Under way using engine
2026-09-13T18:28:14Z,219002177,54.916318,11.361975,3.8,Under way using engine
2026-09-13T18:28:26Z,219000809,54.924645,11.434807,8.6,Under way using engine
2026-09-13T18:28:39Z,219000811,54.884317,11.483270,0.0,Under way using engine
2026-09-13T18:28:45Z,219002177,54.916358,11.361172,3.0,Under way using engine
2026-09-13T18:29:06Z,219000809,54.923677,11.432648,8.6,Under way using engine
2026-09-13T18:29:09Z,219000811,54.884317,11.483267,0.0,Under way using engine
2026-09-13T18:29:23Z,219002177,54.916368,11.360653,1.2,Under way using engine
2026-09-13T18:29:36Z,219000809,54.922955,11.431030,8.4,Under way using engine
2026-09-13T18:29:39Z,219000811,54.884317,11.483267,0.0,Under way using engine
2026-09-13T18:29:55Z,219002177,54.916360,11.360565,0.1,Under way using engine
2026-09-13T18:30:06Z,219000809,54.922218,11.429408,8.7,Under way using engine
2026-09-13T18:30:09Z,219000811,54.884317,11.483268,0.0,Under way using engine
2026-09-13T18:30:33Z,219002177,54.916335,11.360550,0.0,Under way using engine
2026-09-13T18:30:36Z,219000809,54.921487,11.427777,8.6,Under way using engine
2026-09-13T18:30:39Z,219000811,54.884315,11.483268,0.0,Under way using engine
2026-09-13T18:31:04Z,219002177,54.916352,11.360558,0.0,Under way using engine
2026-09-13T18:31:06Z,219000809,54.920767,11.426187,8.6,Under way using engine
2026-09-13T18:31:09Z,219000811,54.884313,11.483270,0.0,Under way using engine
2026-09-13T18:31:36Z,219000809,54.920018,11.424530,8.6,Under way using engine
2026-09-13T18:31:39Z,219000811,54.884313,11.483270,0.0,Under way using engine
2026-09-13T18:31:45Z,219002177,54.916358,11.360552,0.0,Under way using engine
2026-09-13T18:32:09Z,219000811,54.884312,11.483272,0.0,Under way using engine
2026-09-13T18:32:15Z,219000809,54.919055,11.422488,8.6,Under way using engine
2026-09-13T18:32:25Z,219002177,54.916347,11.360558,0.0,Under way using engine
2026-09-13T18:32:39Z,219000811,54.884305,11.483272,0.0,Under way using engine
2026-09-13T18:32:46Z,219000809,54.918315,11.420813,8.6,Under way using engine
2026-09-13T18:32:55Z,219002177,54.916343,11.360545,0.1,Under way using engine
2026-09-13T18:33:10Z,219000811,54.884300,11.483270,0.0,Under way using engine
2026-09-13T18:33:25Z,219002177,54.916367,11.360543,0.0,Under way using engine
2026-09-13T18:33:26Z,219000809,54.917305,11.418678,8.6,Under way using engine
2026-09-13T18:33:49Z,219000811,54.884298,11.483270,0.0,Under way using engine
2026-09-13T18:33:55Z,219002177,54.916347,11.360538,0.0,Under way using engine
2026-09-13T18:33:56Z,219000809,54.916560,11.417083,8.6,Under way using engine
2026-09-13T18:34:19Z,219000811,54.884297,11.483270,0.0,Under way using engine
2026-09-13T18:34:25Z,219002177,54.916363,11.360553,0.0,Under way using engine
2026-09-13T18:34:26Z,219000809,54.915818,11.415497,8.6,Under way using engine
2026-09-13T18:34:49Z,219000811,54.884293,11.483268,0.0,Under way using engine
2026-09-13T18:34:55Z,219002177,54.916353,11.360550,0.1,Under way using engine
2026-09-13T18:34:56Z,219000809,54.915060,11.413882,8.7,Under way using engine
2026-09-13T18:35:19Z,219000811,54.884293,11.483268,0.0,Under way using engine
2026-09-13T18:35:25Z,219002177,54.916352,11.360762,1.5,Under way using engine
2026-09-13T18:35:34Z,219000809,54.914068,11.411808,8.7,Under way using engine
2026-09-13T18:35:50Z,219000811,54.884295,11.483270,0.0,Under way using engine
2026-09-13T18:35:55Z,219002177,54.916298,11.361353,2.9,Under way using engine
2026-09-13T18:36:05Z,219000809,54.913270,11.410135,8.7,Under way using engine
2026-09-13T18:36:25Z,219000811,54.884295,11.483272,0.0,Under way using engine
2026-09-13T18:36:25Z,219002177,54.916288,11.362202,3.7,Under way using engine
2026-09-13T18:36:46Z,219000809,54.912283,11.408023,8.7,Under way using engine
2026-09-13T18:36:59Z,219000811,54.884295,11.483273,0.0,Under way using engine
2026-09-13T18:37:05Z,219002177,54.916373,11.363560,4.4,Under way using engine
2026-09-13T18:37:24Z,219000809,54.911310,11.405928,8.6,Under way using engine
2026-09-13T18:37:30Z,219000811,54.884287,11.483280,0.1,Under way using engine
2026-09-13T18:37:35Z,219002177,54.916397,11.364700,4.8,Under way using engine
2026-09-13T18:37:56Z,219000809,54.910505,11.404255,8.6,Under way using engine
2026-09-13T18:38:05Z,219002177,54.916508,11.365850,5.0,Under way using engine
2026-09-13T18:38:10Z,219000811,54.884232,11.483285,0.2,Under way using engine
2026-09-13T18:38:34Z,219000809,54.909597,11.402103,8.7,Under way using engine
2026-09-13T18:38:35Z,219002177,54.916620,11.367087,5.1,Under way using engine
2026-09-13T18:38:46Z,219000811,54.883700,11.483445,3.8,Under way using engine
2026-09-13T18:39:05Z,219000809,54.908950,11.400330,8.7,Under way using engine
2026-09-13T18:39:05Z,219002177,54.916750,11.368295,5.2,Under way using engine
2026-09-13T18:39:16Z,219000811,54.883305,11.483173,3.3,Under way using engine
2026-09-13T18:39:35Z,219002177,54.916905,11.369632,5.3,Under way using engine
2026-09-13T18:39:46Z,219000809,54.908212,11.397852,8.7,Under way using engine
2026-09-13T18:39:46Z,219000811,54.882558,11.482017,7.4,Under way using engine
2026-09-13T18:40:05Z,219002177,54.917075,11.370807,4.9,Under way using engine
2026-09-13T18:40:19Z,219000809,54.907960,11.395687,8.1,Under way using engine
2026-09-13T18:40:20Z,219000811,54.881600,11.480372,8.4,Under way using engine
2026-09-13T18:40:35Z,219002177,54.917493,11.371483,4.1,Under way using engine
2026-09-13T18:40:49Z,219000809,54.908392,11.393867,8.3,Under way using engine
2026-09-13T18:40:50Z,219000811,54.880927,11.478683,8.6,Under way using engine
2026-09-13T18:41:05Z,219002177,54.918055,11.371652,4.3,Under way using engine
2026-09-13T18:41:20Z,219000811,54.880662,11.476733,8.5,Under way using engine
2026-09-13T18:41:25Z,219000809,54.908982,11.391653,8.5,Under way using engine
2026-09-13T18:41:35Z,219002177,54.918685,11.371827,4.7,Under way using engine
2026-09-13T18:41:50Z,219000811,54.880990,11.474715,8.8,Under way using engine
2026-09-13T18:41:55Z,219000809,54.909513,11.389825,8.6,Under way using engine
2026-09-13T18:42:05Z,219002177,54.919320,11.371995,4.9,Under way using engine
2026-09-13T18:42:20Z,219000811,54.881322,11.472623,9.0,Under way using engine
2026-09-13T18:42:25Z,219000809,54.910042,11.387978,8.5,Under way using engine
2026-09-13T18:42:35Z,219002177,54.920035,11.372142,5.1,Under way using engine
2026-09-13T18:42:50Z,219000811,54.881730,11.470518,9.0,Under way using engine
2026-09-13T18:42:55Z,219000809,54.910608,11.386195,8.4,Under way using engine
2026-09-13T18:43:05Z,219002177,54.920712,11.372308,5.1,Under way using engine
2026-09-13T18:43:20Z,219000811,54.882172,11.468510,9.0,Under way using engine
2026-09-13T18:43:25Z,219000809,54.911170,11.384428,8.4,Under way using engine
2026-09-13T18:43:35Z,219002177,54.921438,11.372467,5.1,Under way using engine
2026-09-13T18:43:50Z,219000811,54.882623,11.466482,9.1,Under way using engine
2026-09-13T18:43:55Z,219000809,54.911738,11.382668,8.4,Under way using engine
2026-09-13T18:44:05Z,219002177,54.922162,11.372502,5.2,Under way using engine
2026-09-13T18:44:20Z,219000811,54.883392,11.464713,9.2,Under way using engine
2026-09-13T18:44:25Z,219000809,54.912295,11.380913,8.3,Under way using engine
2026-09-13T18:44:44Z,219002177,54.923092,11.372613,5.3,Under way using engine
2026-09-13T18:44:50Z,219000811,54.884223,11.462897,9.4,Under way using engine
2026-09-13T18:44:55Z,219000809,54.912865,11.379188,8.2,Under way using engine
2026-09-13T18:45:15Z,219002177,54.923847,11.372672,5.2,Under way using engine
2026-09-13T18:45:20Z,219000811,54.885017,11.461133,9.4,Under way using engine
2026-09-13T18:45:26Z,219000809,54.913493,11.377400,8.2,Under way using engine
2026-09-13T18:45:50Z,219000811,54.885863,11.459308,9.5,Under way using engine
2026-09-13T18:45:54Z,219002177,54.924812,11.372457,5.2,Under way using engine
2026-09-13T18:46:06Z,219000809,54.914312,11.375177,8.2,Under way using engine
2026-09-13T18:46:20Z,219000811,54.886658,11.457577,9.4,Under way using engine
2026-09-13T18:46:24Z,219002177,54.925517,11.372330,5.3,Under way using engine
2026-09-13T18:46:45Z,219000809,54.915087,11.373015,8.1,Under way using engine
2026-09-13T18:46:50Z,219000811,54.887457,11.455838,9.3,Under way using engine
2026-09-13T18:46:54Z,219002177,54.926243,11.372215,5.3,Under way using engine
2026-09-13T18:47:15Z,219000809,54.915662,11.371422,8.1,Under way using engine
2026-09-13T18:47:20Z,219000811,54.888143,11.453948,9.3,Under way using engine
2026-09-13T18:47:24Z,219002177,54.926977,11.372070,5.3,Under way using engine
2026-09-13T18:47:45Z,219000809,54.916275,11.369707,8.1,Under way using engine
2026-09-13T18:47:50Z,219000811,54.888783,11.452005,9.1,Under way using engine
2026-09-13T18:47:54Z,219002177,54.927713,11.371947,5.3,Under way using engine
2026-09-13T18:48:15Z,219000809,54.916648,11.367932,8.2,Under way using engine
2026-09-13T18:48:20Z,219000811,54.889480,11.450135,9.1,Under way using engine
2026-09-13T18:48:24Z,219002177,54.928445,11.371835,5.3,Under way using engine
2026-09-13T18:48:45Z,219000809,54.916548,11.365907,8.2,Under way using engine
2026-09-13T18:48:50Z,219000811,54.890103,11.448340,9.1,Under way using engine
2026-09-13T18:48:54Z,219002177,54.929137,11.371717,5.2,Under way using engine
2026-09-13T18:49:15Z,219000809,54.916397,11.364055,7.8,Under way using engine
2026-09-13T18:49:20Z,219000811,54.890740,11.446453,9.1,Under way using engine
2026-09-13T18:49:34Z,219002177,54.930073,11.371730,5.1,Under way using engine
2026-09-13T18:49:45Z,219000809,54.916240,11.362322,6.8,Under way using engine
2026-09-13T18:49:50Z,219000811,54.891378,11.444583,9.1,Under way using engine
2026-09-13T18:50:05Z,219002177,54.930787,11.371678,5.0,Under way using engine
2026-09-13T18:50:15Z,219000809,54.916108,11.360893,5.8,Under way using engine
2026-09-13T18:50:30Z,219000811,54.892257,11.442015,9.1,Under way using engine
2026-09-13T18:50:44Z,219002177,54.931680,11.371630,4.9,Under way using engine
2026-09-13T18:50:45Z,219000809,54.915872,11.360420,1.0,Under way using engine
2026-09-13T18:51:10Z,219000811,54.893105,11.439560,9.1,Under way using engine
2026-09-13T18:51:14Z,219002177,54.932347,11.371603,4.8,Under way using engine
2026-09-13T18:51:16Z,219000809,54.915915,11.360397,0.5,Under way using engine
2026-09-13T18:51:44Z,219002177,54.933013,11.371555,4.8,Under way using engine
2026-09-13T18:51:48Z,219000809,54.916003,11.360222,1.1,Under way using engine
2026-09-13T18:51:49Z,219000811,54.893945,11.437132,9.1,Under way using engine
2026-09-13T18:52:14Z,219002177,54.933700,11.371522,4.8,Under way using engine
2026-09-13T18:52:18Z,219000809,54.916067,11.360070,0.6,Under way using engine
2026-09-13T18:52:19Z,219000811,54.894592,11.435268,9.1,Under way using engine
2026-09-13T18:52:44Z,219002177,54.934330,11.371523,4.7,Under way using engine
2026-09-13T18:52:48Z,219000809,54.916073,11.360052,0.0,Under way using engine
2026-09-13T18:52:49Z,219000811,54.895247,11.433350,9.1,Under way using engine
2026-09-13T18:53:14Z,219002177,54.934985,11.371562,4.5,Under way using engine
2026-09-13T18:53:19Z,219000811,54.895875,11.431480,9.1,Under way using engine
2026-09-13T18:53:26Z,219000809,54.916067,11.360040,0.0,Under way using engine
2026-09-13T18:53:44Z,219002177,54.935482,11.371653,3.4,Under way using engine
2026-09-13T18:53:49Z,219000811,54.896497,11.429578,9.1,Under way using engine
2026-09-13T18:54:06Z,219000809,54.916055,11.360040,0.1,Under way using engine
2026-09-13T18:54:14Z,219002177,54.935783,11.371823,1.6,Under way using engine
2026-09-13T18:54:19Z,219000811,54.897145,11.427633,9.1,Under way using engine
2026-09-13T18:54:44Z,219002177,54.935902,11.371940,0.8,Under way using engine
2026-09-13T18:54:45Z,219000809,54.916050,11.360032,0.0,Under way using engine
2026-09-13T18:54:50Z,219000811,54.897770,11.425758,9.1,Under way using engine
2026-09-13T18:55:14Z,219002177,54.935958,11.371980,0.1,Under way using engine
2026-09-13T18:55:16Z,219000809,54.916055,11.360040,0.0,Under way using engine
2026-09-13T18:55:28Z,219000811,54.898625,11.423228,9.1,Under way using engine
2026-09-13T18:55:44Z,219002177,54.935967,11.371987,0.0,Under way using engine
2026-09-13T18:55:54Z,219000809,54.916075,11.360038,0.0,Under way using engine
2026-09-13T18:55:58Z,219000811,54.899260,11.421345,9.1,Under way using engine
2026-09-13T18:56:14Z,219002177,54.935960,11.371998,0.0,Under way using engine
2026-09-13T18:56:26Z,219000809,54.916065,11.360067,0.5,Under way using engine
2026-09-13T18:56:28Z,219000811,54.899887,11.419438,9.2,Under way using engine
2026-09-13T18:56:44Z,219002177,54.935955,11.372002,0.0,Under way using engine
2026-09-13T18:56:58Z,219000811,54.900508,11.417520,9.2,Under way using engine
2026-09-13T18:57:02Z,219000809,54.915992,11.360868,4.1,Under way using engine
2026-09-13T18:57:14Z,219002177,54.935970,11.372008,0.0,Under way using engine
2026-09-13T18:57:30Z,219000811,54.901148,11.415528,9.2,Under way using engine
2026-09-13T18:57:32Z,219000809,54.916118,11.362230,6.2,Under way using engine
2026-09-13T18:57:44Z,219002177,54.935965,11.372005,0.0,Under way using engine
2026-09-13T18:58:04Z,219000809,54.916318,11.364055,7.6,Under way using engine
2026-09-13T18:58:08Z,219000811,54.901957,11.413005,9.2,Under way using engine
2026-09-13T18:58:14Z,219002177,54.935962,11.371993,0.0,Under way using engine
2026-09-13T18:58:35Z,219000809,54.916462,11.365978,8.2,Under way using engine
2026-09-13T18:58:40Z,219000811,54.902618,11.410953,9.3,Under way using engine
2026-09-13T18:58:45Z,219002177,54.935953,11.371983,0.0,Under way using engine
2026-09-13T18:59:08Z,219000809,54.916350,11.368223,8.3,Under way using engine
2026-09-13T18:59:19Z,219000811,54.903415,11.408388,9.3,Under way using engine
2026-09-13T18:59:24Z,219002177,54.935957,11.371993,0.0,Under way using engine
2026-09-13T18:59:38Z,219000809,54.916055,11.370130,8.3,Under way using engine
2026-09-13T18:59:50Z,219000811,54.903980,11.406397,9.3,Under way using engine
2026-09-13T19:00:04Z,219002177,54.935972,11.372005,0.0,Under way using engine
2026-09-13T19:00:15Z,219000809,54.915687,11.372503,8.6,Under way using engine
2026-09-13T19:00:24Z,219000811,54.904387,11.404355,9.3,Under way using engine
2026-09-13T19:00:34Z,219002177,54.935955,11.372020,0.0,Under way using engine
2026-09-13T19:00:45Z,219000809,54.915382,11.374603,8.8,Under way using engine
2026-09-13T19:00:59Z,219000811,54.904900,11.401422,9.3,Under way using engine
2026-09-13T19:01:04Z,219002177,54.935960,11.371997,0.0,Under way using engine
2026-09-13T19:01:24Z,219000809,54.914982,11.377285,8.9,Under way using engine
2026-09-13T19:01:30Z,219000811,54.905283,11.399230,9.3,Under way using engine
2026-09-13T19:01:34Z,219002177,54.935957,11.371995,0.0,Under way using engine
2026-09-13T19:01:56Z,219000809,54.914573,11.379373,8.9,Under way using engine
2026-09-13T19:02:04Z,219002177,54.935955,11.371987,0.0,Under way using engine
2026-09-13T19:02:10Z,219000811,54.905765,11.396312,9.3,Under way using engine
2026-09-13T19:02:35Z,219000809,54.913908,11.381922,8.9,Under way using engine
2026-09-13T19:02:40Z,219000811,54.906095,11.394245,9.3,Under way using engine
2026-09-13T19:02:45Z,219002177,54.935952,11.371987,0.0,Under way using engine
2026-09-13T19:03:06Z,219000809,54.913258,11.383820,8.9,Under way using engine
2026-09-13T19:03:10Z,219000811,54.906462,11.392135,9.2,Under way using engine
2026-09-13T19:03:15Z,219002177,54.935957,11.371995,0.0,Under way using engine
2026-09-13T19:03:40Z,219000811,54.907053,11.390155,9.0,Under way using engine
2026-09-13T19:03:45Z,219000809,54.912248,11.386107,9.0,Under way using engine
2026-09-13T19:04:05Z,219002177,54.935965,11.372008,0.0,Under way using engine
2026-09-13T19:04:10Z,219000811,54.907795,11.388338,9.1,Under way using engine
2026-09-13T19:04:15Z,219000809,54.911475,11.387725,9.0,Under way using engine
2026-09-13T19:04:40Z,219000811,54.908538,11.386668,9.1,Under way using engine
2026-09-13T19:04:44Z,219002177,54.935957,11.372007,0.0,Under way using engine
2026-09-13T19:04:46Z,219000809,54.910642,11.389517,8.9,Under way using engine
2026-09-13T19:05:10Z,219000811,54.909355,11.384963,8.9,Under way using engine
2026-09-13T19:05:16Z,219000809,54.909880,11.391125,8.9,Under way using engine
2026-09-13T19:05:24Z,219002177,54.935943,11.372005,0.0,Under way using engine
2026-09-13T19:05:40Z,219000811,54.910182,11.383390,8.9,Under way using engine
2026-09-13T19:05:46Z,219000809,54.909080,11.392850,8.9,Under way using engine
2026-09-13T19:06:05Z,219002177,54.935947,11.372007,0.1,Under way using engine
2026-09-13T19:06:10Z,219000811,54.910998,11.381832,8.8,Under way using engine
2026-09-13T19:06:16Z,219000809,54.908422,11.394518,8.6,Under way using engine
2026-09-13T19:06:40Z,219000811,54.911843,11.380280,8.7,Under way using engine
2026-09-13T19:06:44Z,219002177,54.935788,11.371917,2.0,Under way using engine
2026-09-13T19:06:46Z,219000809,54.908223,11.396547,8.2,Under way using engine
2026-09-13T19:07:10Z,219000811,54.912680,11.378782,8.8,Under way using engine
2026-09-13T19:07:14Z,219002177,54.935263,11.371520,4.8,Under way using engine
2026-09-13T19:07:16Z,219000809,54.908613,11.398290,8.1,Under way using engine
2026-09-13T19:07:44Z,219002177,54.934558,11.370958,6.1,Under way using engine
2026-09-13T19:07:46Z,219000809,54.909265,11.399987,8.2,Under way using engine
2026-09-13T19:07:49Z,219000811,54.913790,11.376825,8.8,Under way using engine
2026-09-13T19:08:14Z,219002177,54.933597,11.370990,7.1,Under way using engine
2026-09-13T19:08:16Z,219000809,54.909902,11.401552,8.3,Under way using engine
2026-09-13T19:08:19Z,219000811,54.914663,11.375297,8.8,Under way using engine
2026-09-13T19:08:44Z,219002177,54.932573,11.371080,7.8,Under way using engine
2026-09-13T19:08:46Z,219000809,54.910622,11.403197,8.3,Under way using engine
2026-09-13T19:08:49Z,219000811,54.915515,11.373827,8.7,Under way using engine
2026-09-13T19:09:14Z,219002177,54.931428,11.371177,8.1,Under way using engine
2026-09-13T19:09:16Z,219000809,54.911268,11.404702,8.4,Under way using engine
2026-09-13T19:09:19Z,219000811,54.916340,11.372352,8.6,Under way using engine
2026-09-13T19:09:44Z,219002177,54.930330,11.371293,8.3,Under way using engine
2026-09-13T19:09:46Z,219000809,54.911970,11.406330,8.3,Under way using engine
2026-09-13T19:09:49Z,219000811,54.916562,11.370407,8.4,Under way using engine
2026-09-13T19:10:14Z,219002177,54.929132,11.371415,8.4,Under way using engine
2026-09-13T19:10:19Z,219000811,54.916608,11.368278,8.6,Under way using engine
2026-09-13T19:10:25Z,219000809,54.912868,11.408433,8.3,Under way using engine
2026-09-13T19:10:44Z,219002177,54.928013,11.371547,8.3,Under way using engine
2026-09-13T19:10:49Z,219000811,54.916517,11.366487,7.5,Under way using engine
2026-09-13T19:11:05Z,219000809,54.913808,11.410657,8.3,Under way using engine
2026-09-13T19:11:14Z,219002177,54.926833,11.371692,8.3,Under way using engine
2026-09-13T19:11:19Z,219000811,54.916392,11.364848,6.7,Under way using engine
2026-09-13T19:11:36Z,219000809,54.914522,11.412262,8.4,Under way using engine
2026-09-13T19:11:45Z,219002177,54.925647,11.371852,8.3,Under way using engine
2026-09-13T19:11:49Z,219000811,54.916222,11.363540,5.5,Under way using engine
2026-09-13T19:12:15Z,219000809,54.915452,11.414403,8.4,Under way using engine
2026-09-13T19:12:19Z,219000811,54.916133,11.362463,4.5,Under way using engine
2026-09-13T19:12:25Z,219002177,54.924132,11.372045,8.2,Under way using engine
2026-09-13T19:12:46Z,219000809,54.916168,11.415983,8.3,Under way using engine
2026-09-13T19:12:50Z,219000811,54.916065,11.361465,4.0,Under way using engine
2026-09-13T19:13:05Z,219002177,54.922668,11.372250,8.1,Under way using engine
2026-09-13T19:13:23Z,219000811,54.915883,11.360995,2.1,Under way using engine
2026-09-13T19:13:26Z,219000809,54.917127,11.418087,8.4,Under way using engine
2026-09-13T19:13:35Z,219002177,54.921548,11.372420,8.0,Under way using engine
2026-09-13T19:13:56Z,219000811,54.915872,11.361063,0.7,Under way using engine
2026-09-13T19:14:05Z,219000809,54.918063,11.420207,8.3,Under way using engine
2026-09-13T19:14:05Z,219002177,54.920462,11.372433,7.8,Under way using engine
2026-09-13T19:14:26Z,219000811,54.915923,11.360427,2.7,Under way using engine
2026-09-13T19:14:35Z,219000809,54.918765,11.421795,8.3,Under way using engine
2026-09-13T19:14:35Z,219002177,54.919383,11.372452,7.8,Under way using engine
2026-09-13T19:14:59Z,219000811,54.916030,11.360068,1.3,Under way using engine
2026-09-13T19:15:05Z,219000809,54.919478,11.423397,8.4,Under way using engine
2026-09-13T19:15:05Z,219002177,54.918408,11.372123,7.1,Under way using engine
2026-09-13T19:15:29Z,219000811,54.916050,11.360002,0.3,Under way using engine
2026-09-13T19:15:35Z,219000809,54.920198,11.424952,8.4,Under way using engine
2026-09-13T19:15:35Z,219002177,54.917485,11.371495,7.1,Under way using engine
2026-09-13T19:15:59Z,219000811,54.916055,11.359972,0.1,Under way using engine
2026-09-13T19:16:05Z,219000809,54.920917,11.426538,8.4,Under way using engine
2026-09-13T19:16:05Z,219002177,54.916882,11.370545,5.4,Under way using engine
2026-09-13T19:16:29Z,219000811,54.916055,11.359970,0.0,Under way using engine
2026-09-13T19:16:35Z,219000809,54.921630,11.428128,8.3,Under way using engine
2026-09-13T19:16:35Z,219002177,54.916717,11.369245,5.7,Under way using engine
2026-09-13T19:16:59Z,219000811,54.916055,11.359967,0.0,Under way using engine
2026-09-13T19:17:05Z,219000809,54.922320,11.429673,8.4,Under way using engine
2026-09-13T19:17:05Z,219002177,54.916567,11.367843,6.0,Under way using engine
2026-09-13T19:17:29Z,219000811,54.916055,11.359962,0.0,Under way using engine
2026-09-13T19:17:35Z,219000809,54.923075,11.431287,8.3,Under way using engine
2026-09-13T19:17:35Z,219002177,54.916512,11.366415,6.0,Under way using engine
2026-09-13T19:17:59Z,219000811,54.916055,11.359962,0.0,Under way using engine
2026-09-13T19:18:05Z,219000809,54.923770,11.432803,8.4,Under way using engine
2026-09-13T19:18:05Z,219002177,54.916403,11.364957,6.2,Under way using engine
2026-09-13T19:18:29Z,219000811,54.916058,11.359965,0.0,Under way using engine
2026-09-13T19:18:35Z,219000809,54.924507,11.434382,8.4,Under way using engine
2026-09-13T19:18:35Z,219002177,54.916302,11.363538,5.8,Under way using engine
2026-09-13T19:18:59Z,219000811,54.916058,11.359968,0.0,Under way using engine
2026-09-13T19:19:05Z,219000809,54.925227,11.435962,8.4,Under way using engine
2026-09-13T19:19:05Z,219002177,54.916290,11.362317,4.5,Under way using engine
2026-09-13T19:19:29Z,219000811,54.916058,11.359972,0.0,Under way using engine
2026-09-13T19:19:35Z,219000809,54.925947,11.437548,8.4,Under way using engine
2026-09-13T19:19:35Z,219002177,54.916332,11.361500,3.1,Under way using engine
2026-09-13T19:19:59Z,219000811,54.916058,11.359975,0.0,Under way using engine
2026-09-13T19:20:05Z,219000809,54.926637,11.439157,8.4,Under way using engine
2026-09-13T19:20:05Z,219002177,54.916353,11.360980,1.7,Under way using engine
2026-09-13T19:20:29Z,219000811,54.916058,11.359977,0.0,Under way using engine
2026-09-13T19:20:35Z,219000809,54.927338,11.440757,8.4,Under way using engine
2026-09-13T19:20:35Z,219002177,54.916363,11.360733,0.9,Under way using engine
2026-09-13T19:20:59Z,219000811,54.916058,11.359973,0.0,Under way using engine
2026-09-13T19:21:05Z,219000809,54.928048,11.442342,8.3,Under way using engine
2026-09-13T19:21:05Z,219002177,54.916348,11.360573,0.6,Under way using engine
2026-09-13T19:21:29Z,219000811,54.916058,11.359972,0.0,Under way using engine
2026-09-13T19:21:35Z,219000809,54.928768,11.443927,8.3,Under way using engine
2026-09-13T19:21:35Z,219002177,54.916352,11.360567,0.0,Under way using engine
2026-09-13T19:21:59Z,219000811,54.916057,11.359970,0.0,Under way using engine
2026-09-13T19:22:05Z,219000809,54.929468,11.445520,8.2,Under way using engine
2026-09-13T19:22:05Z,219002177,54.916350,11.360578,0.0,Under way using engine
2026-09-13T19:22:29Z,219000811,54.916058,11.359970,0.0,Under way using engine
2026-09-13T19:22:35Z,219000809,54.930162,11.447070,8.2,Under way using engine
2026-09-13T19:22:44Z,219002177,54.916352,11.360577,0.0,Under way using engine
2026-09-13T19:22:59Z,219000811,54.916060,11.359970,0.0,Under way using engine
2026-09-13T19:23:05Z,219000809,54.930878,11.448688,8.4,Under way using engine
2026-09-13T19:23:23Z,219002177,54.916357,11.360572,0.0,Under way using engine
2026-09-13T19:23:29Z,219000811,54.916060,11.359968,0.0,Under way using engine
2026-09-13T19:23:35Z,219000809,54.931588,11.450313,8.4,Under way using engine
2026-09-13T19:23:59Z,219000811,54.916058,11.359970,0.0,Under way using engine
2026-09-13T19:24:03Z,219002177,54.916363,11.360577,0.0,Under way using engine
2026-09-13T19:24:05Z,219000809,54.932288,11.451923,8.4,Under way using engine
2026-09-13T19:24:29Z,219000811,54.916057,11.359972,0.0,Under way using engine
2026-09-13T19:24:33Z,219002177,54.916367,11.360568,0.0,Under way using engine
2026-09-13T19:24:35Z,219000809,54.933003,11.453543,8.4,Under way using engine
2026-09-13T19:24:59Z,219000811,54.916053,11.359980,0.0,Under way using engine
2026-09-13T19:25:05Z,219000809,54.933657,11.455203,8.4,Under way using engine
2026-09-13T19:25:14Z,219002177,54.916362,11.360570,0.0,Under way using engine
2026-09-13T19:25:29Z,219000811,54.916052,11.359985,0.0,Under way using engine
2026-09-13T19:25:35Z,219000809,54.934213,11.456975,8.4,Under way using engine
2026-09-13T19:25:44Z,219002177,54.916363,11.360573,0.0,Under way using engine
2026-09-13T19:25:59Z,219000811,54.916053,11.359985,0.0,Under way using engine
2026-09-13T19:26:05Z,219000809,54.934745,11.458763,8.4,Under way using engine
2026-09-13T19:26:14Z,219002177,54.916365,11.360573,0.0,Under way using engine
2026-09-13T19:26:29Z,219000811,54.916053,11.359985,0.0,Under way using engine
2026-09-13T19:26:35Z,219000809,54.935305,11.460535,8.4,Under way using engine
2026-09-13T19:26:44Z,219002177,54.916358,11.360575,0.0,Under way using engine
2026-09-13T19:26:59Z,219000811,54.916053,11.359987,0.0,Under way using engine
2026-09-13T19:27:05Z,219000809,54.935863,11.462327,8.4,Under way using engine
2026-09-13T19:27:14Z,219002177,54.916357,11.360580,0.0,Under way using engine
2026-09-13T19:27:29Z,219000811,54.916052,11.359985,0.0,Under way using engine
2026-09-13T19:27:35Z,219000809,54.936413,11.464103,8.4,Under way using engine
2026-09-13T19:27:44Z,219002177,54.916360,11.360572,0.0,Under way using engine
2026-09-13T19:27:59Z,219000811,54.916052,11.359985,0.0,Under way using engine
2026-09-13T19:28:05Z,219000809,54.936975,11.465867,8.4,Under way using engine
2026-09-13T19:28:14Z,219002177,54.916345,11.360585,0.0,Under way using engine
2026-09-13T19:28:29Z,219000811,54.916050,11.359985,0.0,Under way using engine
2026-09-13T19:28:36Z,219000809,54.937542,11.467688,8.3,Under way using engine
2026-09-13T19:28:44Z,219002177,54.916353,11.360572,0.0,Under way using engine
2026-09-13T19:28:59Z,219000811,54.916047,11.359985,0.0,Under way using engine
2026-09-13T19:29:14Z,219002177,54.916353,11.360570,0.0,Under way using engine
2026-09-13T19:29:15Z,219000809,54.938268,11.469952,8.2,Under way using engine
2026-09-13T19:29:29Z,219000811,54.916048,11.359983,0.0,Under way using engine
2026-09-13T19:29:44Z,219002177,54.916358,11.360568,0.0,Under way using engine
2026-09-13T19:29:45Z,219000809,54.938828,11.471662,8.1,Under way using engine
2026-09-13T19:29:59Z,219000811,54.916052,11.359985,0.0,Under way using engine
2026-09-13T19:30:14Z,219002177,54.916360,11.360567,0.0,Under way using engine
2026-09-13T19:30:15Z,219000809,54.939397,11.473355,8.1,Under way using engine
2026-09-13T19:30:29Z,219000811,54.916053,11.359985,0.0,Under way using engine
2026-09-13T19:30:44Z,219002177,54.916362,11.360573,0.0,Under way using engine
2026-09-13T19:30:45Z,219000809,54.940020,11.474947,8.0,Under way using engine
2026-09-13T19:30:59Z,219000811,54.916057,11.359985,0.0,Under way using engine
2026-09-13T19:31:14Z,219002177,54.916367,11.360572,0.0,Under way using engine
2026-09-13T19:31:15Z,219000809,54.940738,11.476400,8.0,Under way using engine
2026-09-13T19:31:29Z,219000811,54.916062,11.359983,0.0,Under way using engine
2026-09-13T19:31:44Z,219002177,54.916358,11.360572,0.0,Under way using engine
2026-09-13T19:31:45Z,219000809,54.941473,11.477872,8.1,Under way using engine
2026-09-13T19:31:59Z,219000811,54.916067,11.359982,0.0,Under way using engine
2026-09-13T19:32:14Z,219002177,54.916360,11.360552,0.0,Under way using engine
2026-09-13T19:32:15Z,219000809,54.942193,11.479375,8.1,Under way using engine
2026-09-13T19:32:29Z,219000811,54.916068,11.359982,0.0,Under way using engine
2026-09-13T19:32:44Z,219002177,54.916353,11.360547,0.0,Under way using engine
2026-09-13T19:32:45Z,219000809,54.943027,11.480618,7.9,Under way using engine
2026-09-13T19:32:59Z,219000811,54.916068,11.359978,0.0,Under way using engine
2026-09-13T19:33:14Z,219002177,54.916360,11.360552,0.0,Under way using engine
2026-09-13T19:33:15Z,219000809,54.944025,11.481308,7.7,Under way using engine
2026-09-13T19:33:29Z,219000811,54.916068,11.359978,0.0,Under way using engine
2026-09-13T19:33:44Z,219002177,54.916357,11.360565,0.0,Under way using engine
2026-09-13T19:33:45Z,219000809,54.945023,11.481922,7.7,Under way using engine
2026-09-13T19:33:59Z,219000811,54.916067,11.359980,0.0,Under way using engine
2026-09-13T19:34:14Z,219002177,54.916363,11.360560,0.0,Under way using engine
2026-09-13T19:34:16Z,219000809,54.946092,11.482543,7.9,Under way using engine
2026-09-13T19:34:29Z,219000811,54.916062,11.359982,0.0,Under way using engine
2026-09-13T19:34:55Z,219002177,54.916382,11.360552,0.0,Under way using engine
2026-09-13T19:34:56Z,219000809,54.947520,11.483407,8.0,Under way using engine
2026-09-13T19:34:59Z,219000811,54.916057,11.359985,0.0,Under way using engine
2026-09-13T19:35:25Z,219002177,54.916368,11.360563,0.0,Under way using engine
2026-09-13T19:35:29Z,219000811,54.916052,11.359990,0.0,Under way using engine
2026-09-13T19:35:35Z,219000809,54.948885,11.484247,8.0,Under way using engine
2026-09-13T19:35:55Z,219002177,54.916370,11.360557,0.0,Under way using engine
2026-09-13T19:35:59Z,219000811,54.916045,11.359993,0.0,Under way using engine
2026-09-13T19:36:16Z,219000809,54.950297,11.485050,8.0,Under way using engine
2026-09-13T19:36:25Z,219002177,54.916365,11.360557,0.0,Under way using engine
2026-09-13T19:36:30Z,219000811,54.916040,11.359993,0.0,Under way using engine
2026-09-13T19:36:55Z,219002177,54.916368,11.360550,0.0,Under way using engine
2026-09-13T19:36:56Z,219000809,54.951753,11.485848,8.1,Under way using engine
2026-09-13T19:37:10Z,219000811,54.916037,11.359992,0.0,Under way using engine
2026-09-13T19:37:25Z,219002177,54.916370,11.360552,0.0,Under way using engine
2026-09-13T19:37:35Z,219000809,54.953162,11.486600,8.1,Under way using engine
2026-09-13T19:37:40Z,219000811,54.916040,11.359990,0.0,Under way using engine
2026-09-13T19:37:55Z,219002177,54.916368,11.360543,0.0,Under way using engine
2026-09-13T19:38:05Z,219000809,54.954203,11.487177,8.1,Under way using engine
2026-09-13T19:38:10Z,219000811,54.916047,11.359988,0.0,Under way using engine
2026-09-13T19:38:25Z,219002177,54.916368,11.360542,0.0,Under way using engine
2026-09-13T19:38:35Z,219000809,54.955297,11.487803,8.0,Under way using engine
2026-09-13T19:38:40Z,219000811,54.916055,11.359982,0.0,Under way using engine
2026-09-13T19:39:04Z,219002177,54.916367,11.360568,0.0,Under way using engine
2026-09-13T19:39:05Z,219000809,54.956312,11.488355,7.8,Under way using engine
2026-09-13T19:39:10Z,219000811,54.916060,11.359980,0.0,Under way using engine
2026-09-13T19:39:40Z,219000811,54.916067,11.359977,0.0,Under way using engine
2026-09-13T19:39:43Z,219002177,54.916363,11.360570,0.0,Under way using engine
2026-09-13T19:39:45Z,219000809,54.957712,11.489103,8.0,Under way using engine
2026-09-13T19:40:10Z,219000811,54.916068,11.359977,0.0,Under way using engine
2026-09-13T19:40:13Z,219002177,54.916367,11.360562,0.0,Under way using engine
2026-09-13T19:40:16Z,219000809,54.958803,11.489708,8.0,Under way using engine
2026-09-13T19:40:40Z,219000811,54.916067,11.359978,0.0,Under way using engine
2026-09-13T19:40:43Z,219002177,54.916358,11.360555,0.0,Under way using engine
2026-09-13T19:40:54Z,219000809,54.960195,11.490423,8.0,Under way using engine
2026-09-13T19:41:13Z,219002177,54.916363,11.360535,0.0,Under way using engine
2026-09-13T19:41:19Z,219000811,54.916060,11.359982,0.0,Under way using engine
2026-09-13T19:41:26Z,219000809,54.961280,11.491032,8.0,Under way using engine
2026-09-13T19:41:43Z,219002177,54.916362,11.360543,0.0,Under way using engine
2026-09-13T19:41:49Z,219000811,54.916057,11.359982,0.0,Under way using engine
2026-09-13T19:41:58Z,219000809,54.962395,11.491895,8.1,Under way using engine
2026-09-13T19:42:13Z,219002177,54.916347,11.360530,0.0,Under way using engine
2026-09-13T19:42:19Z,219000811,54.916057,11.359980,0.0,Under way using engine
2026-09-13T19:42:32Z,219000809,54.963423,11.493078,8.0,Under way using engine
2026-09-13T19:42:44Z,219002177,54.916350,11.360533,0.0,Under way using engine
2026-09-13T19:42:49Z,219000811,54.916057,11.359982,0.0,Under way using engine
2026-09-13T19:43:05Z,219000809,54.964442,11.494285,8.1,Under way using engine
2026-09-13T19:43:19Z,219000811,54.916057,11.359985,0.0,Under way using engine
2026-09-13T19:43:24Z,219002177,54.916347,11.360542,0.0,Under way using engine
2026-09-13T19:43:36Z,219000809,54.965410,11.495393,8.1,Under way using engine
2026-09-13T19:43:49Z,219000811,54.916057,11.359987,0.0,Under way using engine
2026-09-13T19:44:05Z,219002177,54.916350,11.360518,0.0,Under way using engine
2026-09-13T19:44:16Z,219000809,54.966685,11.496897,8.4,Under way using engine
2026-09-13T19:44:19Z,219000811,54.916057,11.359985,0.0,Under way using engine
2026-09-13T19:44:44Z,219002177,54.916362,11.360543,0.0,Under way using engine
2026-09-13T19:44:49Z,219000811,54.916060,11.359982,0.0,Under way using engine
2026-09-13T19:44:55Z,219000809,54.967973,11.498383,8.4,Under way using engine
2026-09-13T19:45:14Z,219002177,54.916358,11.360537,0.0,Under way using engine
2026-09-13T19:45:19Z,219000811,54.916062,11.359982,0.0,Under way using engine
2026-09-13T19:45:26Z,219000809,54.968953,11.499503,8.5,Under way using engine
2026-09-13T19:45:44Z,219002177,54.916370,11.360528,0.0,Under way using engine
2026-09-13T19:45:49Z,219000811,54.916063,11.359982,0.0,Under way using engine
2026-09-13T19:46:05Z,219000809,54.970243,11.500907,8.4,Under way using engine
2026-09-13T19:46:14Z,219002177,54.916405,11.360512,0.0,Under way using engine
2026-09-13T19:46:19Z,219000811,54.916067,11.359980,0.0,Under way using engine
2026-09-13T19:46:36Z,219000809,54.971245,11.502070,8.4,Under way using engine
2026-09-13T19:46:44Z,219002177,54.916387,11.360522,0.0,Under way using engine
2026-09-13T19:46:49Z,219000811,54.916065,11.359978,0.0,Under way using engine
2026-09-13T19:47:09Z,219000809,54.972017,11.503830,8.5,Under way using engine
2026-09-13T19:47:19Z,219000811,54.916067,11.359982,0.0,Under way using engine
2026-09-13T19:47:24Z,219002177,54.916367,11.360557,0.0,Under way using engine
2026-09-13T19:47:39Z,219000809,54.972257,11.505847,8.5,Under way using engine
2026-09-13T19:47:49Z,219000811,54.916063,11.359982,0.0,Under way using engine
2026-09-13T19:48:05Z,219002177,54.916377,11.360552,0.0,Under way using engine
2026-09-13T19:48:09Z,219000809,54.972177,11.507873,8.4,Under way using engine
2026-09-13T19:48:25Z,219000811,54.916062,11.359982,0.0,Under way using engine
2026-09-13T19:48:44Z,219002177,54.916360,11.360555,0.0,Under way using engine
2026-09-13T19:48:45Z,219000809,54.972032,11.510118,7.4,Under way using engine
2026-09-13T19:49:00Z,219000811,54.916060,11.359983,0.0,Under way using engine
2026-09-13T19:49:14Z,219002177,54.916362,11.360565,0.0,Under way using engine
2026-09-13T19:49:15Z,219000809,54.971925,11.511647,5.9,Under way using engine
2026-09-13T19:49:40Z,219000811,54.916060,11.359985,0.0,Under way using engine
2026-09-13T19:49:45Z,219000809,54.971920,11.512968,5.1,Under way using engine
2026-09-13T19:49:54Z,219002177,54.916373,11.360572,0.1,Under way using engine
2026-09-13T19:50:15Z,219000809,54.971942,11.513987,3.5,Under way using engine
2026-09-13T19:50:18Z,219000811,54.916063,11.359983,0.0,Under way using engine
2026-09-13T19:50:25Z,219002177,54.916373,11.360565,0.2,Under way using engine
2026-09-13T19:50:45Z,219000809,54.971920,11.514370,1.1,Under way using engine
2026-09-13T19:50:49Z,219000811,54.916063,11.359982,0.0,Under way using engine
2026-09-13T19:51:05Z,219002177,54.916337,11.361322,3.9,Under way using engine
2026-09-13T19:51:15Z,219000809,54.971917,11.514525,0.4,Under way using engine
2026-09-13T19:51:29Z,219000811,54.916063,11.359982,0.0,Under way using engine
2026-09-13T19:51:43Z,219002177,54.916342,11.363020,6.0,Under way using engine
2026-09-13T19:51:45Z,219000809,54.971913,11.514573,0.1,Under way using engine
2026-09-13T19:52:00Z,219000811,54.916063,11.359982,0.0,Under way using engine
2026-09-13T19:52:15Z,219000809,54.971917,11.514572,0.1,Under way using engine
2026-09-13T19:52:15Z,219002177,54.916392,11.364685,6.9,Under way using engine
2026-09-13T19:52:40Z,219000811,54.916063,11.359980,0.0,Under way using engine
2026-09-13T19:52:45Z,219000809,54.971927,11.514572,0.0,Under way using engine
2026-09-13T19:52:54Z,219002177,54.916508,11.367015,7.3,Under way using engine
2026-09-13T19:53:15Z,219000809,54.971938,11.514568,0.1,Under way using engine
2026-09-13T19:53:19Z,219000811,54.916063,11.359980,0.0,Under way using engine
2026-09-13T19:53:24Z,219002177,54.916608,11.368770,7.6,Under way using engine
2026-09-13T19:53:45Z,219000809,54.971938,11.514567,0.0,Under way using engine
2026-09-13T19:53:50Z,219000811,54.916060,11.359977,0.0,Under way using engine
2026-09-13T19:53:54Z,219002177,54.916877,11.370408,6.1,Under way using engine
2026-09-13T19:54:15Z,219000809,54.971928,11.514562,0.0,Under way using engine
2026-09-13T19:54:24Z,219000811,54.916057,11.359973,0.0,Under way using engine
2026-09-13T19:54:24Z,219002177,54.917585,11.370832,5.5,Under way using engine
2026-09-13T19:54:45Z,219000809,54.971922,11.514568,0.0,Moored
2026-09-13T19:54:59Z,219000811,54.916053,11.359973,0.0,Under way using engine
2026-09-13T19:55:05Z,219002177,54.918687,11.371200,6.3,Under way using engine
2026-09-13T19:55:15Z,219000809,54.971948,11.514550,0.0,Moored
2026-09-13T19:55:29Z,219000811,54.916053,11.359973,0.0,Under way using engine
2026-09-13T19:55:43Z,219002177,54.919813,11.371578,6.5,Under way using engine
2026-09-13T19:55:59Z,219000811,54.916053,11.359970,0.0,Under way using engine
2026-09-13T19:56:15Z,219002177,54.920753,11.371882,6.6,Under way using engine
2026-09-13T19:56:29Z,219000811,54.916052,11.359967,0.0,Under way using engine
2026-09-13T19:56:53Z,219002177,54.921907,11.372040,6.4,Under way using engine
2026-09-13T19:56:59Z,219000811,54.916050,11.359965,0.0,Under way using engine
2026-09-13T19:57:01Z,219000809,54.971942,11.514555,0.0,Moored
2026-09-13T19:57:24Z,219002177,54.922803,11.371953,6.6,Under way using engine
2026-09-13T19:57:29Z,219000811,54.916050,11.359967,0.0,Under way using engine
2026-09-13T19:57:47Z,219000809,54.971908,11.514573,0.0,Moored
2026-09-13T19:58:00Z,219000811,54.916050,11.359963,0.0,Under way using engine
2026-09-13T19:58:05Z,219002177,54.924075,11.371833,6.7,Under way using engine
2026-09-13T19:58:39Z,219000811,54.916050,11.359965,0.0,Under way using engine
2026-09-13T19:58:43Z,219002177,54.925310,11.371712,6.9,Under way using engine
2026-09-13T19:59:10Z,219000811,54.916050,11.359965,0.0,Under way using engine
2026-09-13T19:59:15Z,219002177,54.926310,11.371615,7.0,Under way using engine
2026-09-13T19:59:49Z,219000811,54.916053,11.359965,0.0,Under way using engine
2026-09-13T19:59:53Z,219002177,54.927550,11.371492,7.0,Under way using engine
2026-09-13T20:00:20Z,219000811,54.916060,11.359965,0.0,Under way using engine
2026-09-13T20:00:25Z,219002177,54.928550,11.371397,7.0,Under way using engine
2026-09-13T20:00:44Z,219000809,54.971917,11.514572,0.0,Moored
2026-09-13T20:00:50Z,219000811,54.916063,11.359967,0.0,Under way using engine
2026-09-13T20:01:05Z,219002177,54.929873,11.371362,7.1,Under way using engine
2026-09-13T20:01:20Z,219000811,54.916068,11.359972,0.0,Under way using engine
2026-09-13T20:01:43Z,219002177,54.931112,11.371437,7.0,Under way using engine
2026-09-13T20:01:50Z,219000811,54.916073,11.359973,0.0,Under way using engine
2026-09-13T20:02:15Z,219002177,54.932115,11.371482,7.0,Under way using engine
2026-09-13T20:02:20Z,219000811,54.916075,11.359977,0.0,Under way using engine
2026-09-13T20:02:50Z,219000811,54.916072,11.359980,0.0,Under way using engine
2026-09-13T20:02:53Z,219002177,54.933362,11.371495,6.8,Under way using engine
2026-09-13T20:03:01Z,219000809,54.971917,11.514572,0.0,Moored
2026-09-13T20:03:20Z,219000811,54.916072,11.359982,0.0,Under way using engine
2026-09-13T20:03:25Z,219002177,54.934187,11.371532,5.5,Under way using engine
2026-09-13T20:03:45Z,219000809,54.971935,11.514577,0.0,Moored
2026-09-13T20:03:50Z,219000811,54.916073,11.359983,0.0,Under way using engine
2026-09-13T20:04:04Z,219002177,54.935090,11.371602,4.5,Under way using engine
2026-09-13T20:04:20Z,219000811,54.916075,11.359982,0.0,Under way using engine
2026-09-13T20:04:34Z,219002177,54.935537,11.371687,2.7,Under way using engine
2026-09-13T20:04:50Z,219000811,54.916077,11.359980,0.0,Under way using engine
2026-09-13T20:05:04Z,219002177,54.935772,11.371775,1.4,Under way using engine
2026-09-13T20:05:20Z,219000811,54.916080,11.359980,0.0,Under way using engine
2026-09-13T20:05:34Z,219002177,54.935923,11.371940,1.3,Under way using engine
2026-09-13T20:05:50Z,219000811,54.916082,11.359980,0.0,Under way using engine
2026-09-13T20:06:04Z,219002177,54.935987,11.371982,0.1,Under way using engine
2026-09-13T20:06:20Z,219000811,54.916083,11.359980,0.0,Under way using engine
2026-09-13T20:06:34Z,219002177,54.935983,11.371975,0.0,Under way using engine
2026-09-13T20:06:45Z,219000809,54.971928,11.514572,0.1,Moored
2026-09-13T20:06:50Z,219000811,54.916082,11.359980,0.0,Under way using engine
2026-09-13T20:07:04Z,219002177,54.935922,11.372020,0.1,Under way using engine
2026-09-13T20:07:30Z,219000811,54.916082,11.359980,0.0,Under way using engine
2026-09-13T20:07:34Z,219002177,54.935983,11.371995,0.1,Under way using engine
2026-09-13T20:08:04Z,219002177,54.935962,11.372015,0.1,Under way using engine
2026-09-13T20:08:19Z,219000811,54.916080,11.359980,0.0,Under way using engine
2026-09-13T20:08:44Z,219002177,54.935980,11.372018,0.0,Under way using engine
2026-09-13T20:08:49Z,219000811,54.916078,11.359977,0.0,Under way using engine
2026-09-13T20:09:01Z,219000809,54.971928,11.514572,0.1,Moored
2026-09-13T20:09:19Z,219000811,54.916078,11.359973,0.0,Under way using engine
2026-09-13T20:09:24Z,219002177,54.935983,11.372015,0.0,Under way using engine
2026-09-13T20:09:43Z,219000809,54.971912,11.514588,0.0,Moored
2026-09-13T20:09:59Z,219000811,54.916077,11.359970,0.0,Under way using engine
2026-09-13T20:10:13Z,219002177,54.935965,11.372005,0.0,Under way using engine
2026-09-13T20:10:30Z,219000811,54.916077,11.359968,0.0,Under way using engine
2026-09-13T20:10:44Z,219002177,54.935963,11.371998,0.0,Under way using engine
2026-09-13T20:11:09Z,219000811,54.916075,11.359970,0.0,Under way using engine
2026-09-13T20:11:24Z,219002177,54.935977,11.372003,0.1,Under way using engine
2026-09-13T20:11:40Z,219000811,54.916075,11.359970,0.0,Under way using engine
2026-09-13T20:11:54Z,219002177,54.935977,11.372012,0.0,Under way using engine
2026-09-13T20:12:19Z,219000811,54.916073,11.359973,0.0,Under way using engine
2026-09-13T20:12:24Z,219002177,54.935972,11.372010,0.0,Under way using engine
2026-09-13T20:12:43Z,219000809,54.971903,11.514583,0.0,Moored
2026-09-13T20:12:49Z,219000811,54.916072,11.359977,0.0,Under way using engine
2026-09-13T20:12:54Z,219002177,54.935970,11.372005,0.0,Under way using engine
2026-09-13T20:13:19Z,219000811,54.916068,11.359977,0.0,Under way using engine
2026-09-13T20:13:24Z,219002177,54.935965,11.372008,0.0,Under way using engine
2026-09-13T20:13:49Z,219000811,54.916067,11.359977,0.0,Under way using engine
2026-09-13T20:13:54Z,219002177,54.935960,11.372002,0.0,Under way using engine
2026-09-13T20:14:19Z,219000811,54.916067,11.359977,0.0,Under way using engine
2026-09-13T20:14:24Z,219002177,54.935960,11.371998,0.0,Under way using engine
2026-09-13T20:14:49Z,219000811,54.916067,11.359977,0.0,Under way using engine
2026-09-13T20:14:54Z,219002177,54.935975,11.371995,0.0,Under way using engine
2026-09-13T20:15:24Z,219002177,54.935970,11.372015,0.0,Under way using engine
2026-09-13T20:15:29Z,219000811,54.916065,11.359977,0.0,Under way using engine
2026-09-13T20:15:46Z,219000809,54.971907,11.514585,0.0,Moored
2026-09-13T20:15:54Z,219002177,54.935973,11.372017,0.0,Under way using engine
2026-09-13T20:15:59Z,219000811,54.916063,11.359977,0.0,Under way using engine
2026-09-13T20:16:25Z,219002177,54.935967,11.372022,0.0,Under way using engine
2026-09-13T20:16:30Z,219000811,54.916062,11.359975,0.0,Under way using engine
2026-09-13T20:17:05Z,219002177,54.935973,11.372023,0.0,Under way using engine
2026-09-13T20:17:09Z,219000811,54.916057,11.359973,0.0,Under way using engine
2026-09-13T20:17:40Z,219000811,54.916058,11.359973,0.0,Under way using engine
2026-09-13T20:17:54Z,219002177,54.935968,11.372013,0.0,Under way using engine
2026-09-13T20:18:19Z,219000811,54.916058,11.359968,0.0,Under way using engine
2026-09-13T20:18:25Z,219002177,54.935968,11.372005,0.0,Under way using engine
2026-09-13T20:18:43Z,219000809,54.971912,11.514577,0.0,Moored
2026-09-13T20:18:49Z,219000811,54.916060,11.359970,0.0,Under way using engine
2026-09-13T20:19:05Z,219002177,54.935985,11.371985,0.0,Under way using engine
2026-09-13T20:19:19Z,219000811,54.916062,11.359975,0.0,Under way using engine
2026-09-13T20:19:50Z,219000811,54.916062,11.359975,0.0,Under way using engine
2026-09-13T20:19:54Z,219002177,54.935967,11.371995,0.0,Under way using engine
2026-09-13T20:20:25Z,219002177,54.935962,11.372000,0.0,Under way using engine
2026-09-13T20:20:30Z,219000811,54.916067,11.359972,0.0,Under way using engine
2026-09-13T20:20:55Z,219002177,54.935967,11.372008,0.0,Under way using engine
2026-09-13T20:21:00Z,219000811,54.916067,11.359970,0.0,Under way using engine
2026-09-13T20:21:01Z,219000809,54.971912,11.514577,0.0,Moored
2026-09-13T20:21:25Z,219002177,54.935980,11.372005,0.0,Under way using engine
2026-09-13T20:21:30Z,219000811,54.916065,11.359972,0.0,Under way using engine
2026-09-13T20:21:45Z,219000809,54.971905,11.514597,0.0,Moored
2026-09-13T20:21:55Z,219002177,54.935978,11.372027,0.0,Under way using engine
2026-09-13T20:22:00Z,219000811,54.916065,11.359972,0.0,Under way using engine
2026-09-13T20:22:25Z,219002177,54.935973,11.372008,0.0,Under way using engine
2026-09-13T20:22:30Z,219000811,54.916065,11.359970,0.0,Under way using engine
2026-09-13T20:22:55Z,219002177,54.935957,11.372010,0.0,Under way using engine
2026-09-13T20:23:00Z,219000811,54.916067,11.359972,0.0,Under way using engine
2026-09-13T20:23:30Z,219000811,54.916068,11.359973,0.0,Under way using engine
2026-09-13T20:23:35Z,219002177,54.935965,11.371997,0.0,Under way using engine
2026-09-13T20:24:00Z,219000811,54.916070,11.359972,0.0,Under way using engine
2026-09-13T20:24:13Z,219002177,54.935952,11.371988,0.0,Under way using engine
2026-09-13T20:24:30Z,219000811,54.916072,11.359968,0.0,Under way using engine
2026-09-13T20:24:44Z,219000809,54.971903,11.514582,0.0,Moored
2026-09-13T20:24:45Z,219002177,54.935962,11.372000,0.0,Under way using engine
2026-09-13T20:25:00Z,219000811,54.916072,11.359970,0.0,Under way using engine
2026-09-13T20:25:24Z,219002177,54.935952,11.372005,0.0,Under way using engine
2026-09-13T20:25:30Z,219000811,54.916072,11.359973,0.0,Under way using engine
2026-09-13T20:25:54Z,219002177,54.935960,11.372020,0.0,Under way using engine
2026-09-13T20:26:00Z,219000811,54.916072,11.359973,0.0,Under way using engine
2026-09-13T20:26:24Z,219002177,54.935968,11.372015,0.0,Under way using engine
2026-09-13T20:26:30Z,219000811,54.916072,11.359973,0.0,Under way using engine
2026-09-13T20:26:54Z,219002177,54.935978,11.372012,0.0,Under way using engine
2026-09-13T20:27:00Z,219000811,54.916073,11.359973,0.0,Under way using engine
2026-09-13T20:27:01Z,219000809,54.971903,11.514582,0.0,Moored
2026-09-13T20:27:24Z,219002177,54.935988,11.372005,0.0,Under way using engine
2026-09-13T20:27:30Z,219000811,54.916072,11.359972,0.0,Under way using engine
2026-09-13T20:27:44Z,219000809,54.971910,11.514592,0.0,Moored
2026-09-13T20:27:54Z,219002177,54.935987,11.372012,0.0,Under way using engine
2026-09-13T20:28:00Z,219000811,54.916070,11.359973,0.0,Under way using engine
2026-09-13T20:28:24Z,219002177,54.935975,11.372033,0.0,Under way using engine
2026-09-13T20:28:30Z,219000811,54.916070,11.359973,0.0,Under way using engine
2026-09-13T20:28:54Z,219002177,54.935973,11.372015,0.0,Under way using engine
2026-09-13T20:29:00Z,219000811,54.916070,11.359972,0.0,Under way using engine
2026-09-13T20:29:24Z,219002177,54.935970,11.372027,0.0,Under way using engine
2026-09-13T20:29:30Z,219000811,54.916072,11.359970,0.0,Under way using engine
2026-09-13T20:29:54Z,219002177,54.935977,11.372033,0.0,Under way using engine
2026-09-13T20:30:00Z,219000811,54.916073,11.359968,0.0,Under way using engine
2026-09-13T20:30:25Z,219002177,54.935990,11.372025,0.0,Under way using engine
2026-09-13T20:30:30Z,219000811,54.916072,11.359970,0.0,Under way using engine
2026-09-13T20:30:45Z,219000809,54.971915,11.514580,0.0,Moored
2026-09-13T20:31:00Z,219000811,54.916072,11.359973,0.0,Under way using engine
2026-09-13T20:31:04Z,219002177,54.935988,11.372047,0.0,Under way using engine
2026-09-13T20:31:30Z,219000811,54.916072,11.359977,0.0,Under way using engine
2026-09-13T20:31:34Z,219002177,54.935990,11.372022,0.0,Under way using engine
2026-09-13T20:32:04Z,219002177,54.935980,11.372012,0.0,Under way using engine
2026-09-13T20:32:10Z,219000811,54.916075,11.359982,0.0,Under way using engine
2026-09-13T20:32:34Z,219002177,54.935983,11.372000,0.0,Under way using engine
2026-09-13T20:32:50Z,219000811,54.916077,11.359978,0.0,Under way using engine
2026-09-13T20:33:01Z,219000809,54.971915,11.514580,0.0,Moored
2026-09-13T20:33:04Z,219002177,54.935955,11.372020,0.0,Under way using engine
2026-09-13T20:33:29Z,219000811,54.916075,11.359970,0.0,Under way using engine
2026-09-13T20:33:34Z,219002177,54.935962,11.372007,0.0,Under way using engine
2026-09-13T20:33:44Z,219000809,54.971918,11.514592,0.0,Moored
2026-09-13T20:33:59Z,219000811,54.916075,11.359967,0.0,Under way using engine
2026-09-13T20:34:04Z,219002177,54.935950,11.372020,0.0,Under way using engine
2026-09-13T20:34:29Z,219000811,54.916075,11.359968,0.0,Under way using engine
2026-09-13T20:34:34Z,219002177,54.935948,11.371993,0.0,Under way using engine
2026-09-13T20:34:59Z,219000811,54.916077,11.359972,0.0,Under way using engine
2026-09-13T20:35:04Z,219002177,54.935963,11.372000,0.0,Under way using engine
2026-09-13T20:35:29Z,219000811,54.916080,11.359975,0.0,Under way using engine
2026-09-13T20:35:34Z,219002177,54.935972,11.372007,0.0,Under way using engine
2026-09-13T20:35:59Z,219000811,54.916080,11.359977,0.0,Under way using engine
2026-09-13T20:36:04Z,219002177,54.935972,11.372017,0.0,Under way using engine
2026-09-13T20:36:29Z,219000811,54.916077,11.359977,0.0,Under way using engine
2026-09-13T20:36:34Z,219002177,54.935978,11.372022,0.0,Under way using engine
2026-09-13T20:36:44Z,219000809,54.971920,11.514595,0.0,Moored
2026-09-13T20:36:59Z,219000811,54.916075,11.359978,0.0,Under way using engine
2026-09-13T20:37:04Z,219002177,54.935972,11.372020,0.0,Under way using engine
2026-09-13T20:37:29Z,219000811,54.916073,11.359980,0.0,Under way using engine
2026-09-13T20:37:34Z,219002177,54.935973,11.372033,0.0,Under way using engine
2026-09-13T20:37:59Z,219000811,54.916075,11.359980,0.0,Under way using engine
2026-09-13T20:38:04Z,219002177,54.935975,11.372037,0.0,Under way using engine
2026-09-13T20:38:29Z,219000811,54.916073,11.359978,0.0,Under way using engine
2026-09-13T20:38:34Z,219002177,54.935987,11.372022,0.0,Under way using engine
2026-09-13T20:38:59Z,219000811,54.916075,11.359980,0.0,Under way using engine
2026-09-13T20:39:15Z,219002177,54.935978,11.372013,0.0,Under way using engine
2026-09-13T20:39:39Z,219000811,54.916077,11.359982,0.0,Under way using engine
2026-09-13T20:39:44Z,219000809,54.971923,11.514613,0.0,Moored
2026-09-13T20:39:55Z,219002177,54.935965,11.372005,0.0,Under way using engine
2026-09-13T20:40:10Z,219000811,54.916080,11.359978,0.0,Under way using engine
2026-09-13T20:40:25Z,219002177,54.935967,11.372012,0.0,Under way using engine
2026-09-13T20:40:49Z,219000811,54.916082,11.359973,0.0,Under way using engine
2026-09-13T20:40:55Z,219002177,54.935967,11.372020,0.1,Under way using engine
2026-09-13T20:41:19Z,219000811,54.916083,11.359968,0.0,Under way using engine
2026-09-13T20:41:25Z,219002177,54.935977,11.372015,0.0,Under way using engine
2026-09-13T20:41:59Z,219000811,54.916083,11.359965,0.0,Under way using engine
2026-09-13T20:42:04Z,219002177,54.935980,11.372013,0.0,Under way using engine
2026-09-13T20:42:29Z,219000811,54.916082,11.359967,0.0,Under way using engine
2026-09-13T20:42:35Z,219002177,54.935988,11.371997,0.0,Under way using engine
2026-09-13T20:42:46Z,219000809,54.971907,11.514608,0.0,Moored
2026-09-13T20:42:59Z,219000811,54.916083,11.359967,0.0,Under way using engine
2026-09-13T20:43:14Z,219002177,54.935977,11.371995,0.0,Under way using engine
2026-09-13T20:43:29Z,219000811,54.916085,11.359967,0.0,Under way using engine
2026-09-13T20:43:45Z,219002177,54.935985,11.372017,0.0,Under way using engine
2026-09-13T20:44:00Z,219000811,54.916087,11.359968,0.0,Under way using engine
2026-09-13T20:44:23Z,219002177,54.935950,11.372008,0.0,Under way using engine
2026-09-13T20:44:39Z,219000811,54.916087,11.359968,0.0,Under way using engine
2026-09-13T20:45:01Z,219000809,54.971907,11.514608,0.0,Moored
2026-09-13T20:45:04Z,219002177,54.935972,11.372002,0.0,Under way using engine
2026-09-13T20:45:09Z,219000811,54.916082,11.359970,0.0,Under way using engine
2026-09-13T20:45:35Z,219002177,54.935973,11.371997,0.0,Under way using engine
2026-09-13T20:45:39Z,219000811,54.916080,11.359973,0.0,Under way using engine
2026-09-13T20:46:09Z,219000811,54.916082,11.359973,0.0,Under way using engine
2026-09-13T20:46:14Z,219002177,54.935980,11.371997,0.0,Under way using engine
2026-09-13T20:46:39Z,219000811,54.916083,11.359972,0.0,Under way using engine
2026-09-13T20:46:55Z,219002177,54.935990,11.372000,0.0,Under way using engine
2026-09-13T20:47:09Z,219000811,54.916085,11.359972,0.0,Under way using engine
2026-09-13T20:47:34Z,219002177,54.935987,11.372000,0.0,Under way using engine
2026-09-13T20:47:39Z,219000811,54.916085,11.359972,0.0,Under way using engine
2026-09-13T20:48:04Z,219002177,54.935995,11.372027,0.0,Under way using engine
2026-09-13T20:48:09Z,219000811,54.916083,11.359973,0.0,Under way using engine
2026-09-13T20:48:34Z,219002177,54.935982,11.372022,0.0,Under way using engine
2026-09-13T20:48:39Z,219000811,54.916083,11.359973,0.0,Under way using engine
2026-09-13T20:48:46Z,219000809,54.971938,11.514612,0.0,Moored
2026-09-13T20:49:04Z,219002177,54.935977,11.372022,0.0,Under way using engine
2026-09-13T20:49:09Z,219000811,54.916082,11.359973,0.0,Under way using engine
2026-09-13T20:49:34Z,219002177,54.935997,11.372025,0.0,Under way using engine
2026-09-13T20:49:39Z,219000811,54.916082,11.359977,0.0,Under way using engine
2026-09-13T20:50:09Z,219000811,54.916088,11.359978,0.0,Under way using engine
2026-09-13T20:50:25Z,219002177,54.935990,11.372028,0.0,Under way using engine
2026-09-13T20:50:39Z,219000811,54.916088,11.359978,0.0,Under way using engine
2026-09-13T20:50:55Z,219002177,54.935988,11.372032,0.0,Under way using engine
2026-09-13T20:51:01Z,219000809,54.971938,11.514612,0.0,Moored
2026-09-13T20:51:09Z,219000811,54.916085,11.359978,0.0,Under way using engine
2026-09-13T20:51:25Z,219002177,54.936003,11.372015,0.0,Under way using engine
2026-09-13T20:51:39Z,219000811,54.916080,11.359978,0.0,Under way using engine
2026-09-13T20:51:46Z,219000809,54.971923,11.514613,0.0,Moored
2026-09-13T20:51:55Z,219002177,54.935988,11.372022,0.0,Under way using engine
2026-09-13T20:52:09Z,219000811,54.916077,11.359980,0.0,Under way using engine
2026-09-13T20:52:25Z,219002177,54.935988,11.372030,0.0,Under way using engine
2026-09-13T20:52:39Z,219000811,54.916078,11.359985,0.0,Under way using engine
2026-09-13T20:52:55Z,219002177,54.935987,11.372017,0.0,Under way using engine
2026-09-13T20:53:09Z,219000811,54.916077,11.359988,0.0,Under way using engine
2026-09-13T20:53:25Z,219002177,54.935977,11.372003,0.0,Under way using engine
2026-09-13T20:53:40Z,219000811,54.916077,11.359988,0.0,Under way using engine
2026-09-13T20:54:03Z,219002177,54.935965,11.372000,0.0,Under way using engine
2026-09-13T20:54:20Z,219000811,54.916070,11.359988,0.0,Under way using engine
2026-09-13T20:54:34Z,219002177,54.935972,11.372007,0.0,Under way using engine
2026-09-13T20:54:44Z,219000809,54.971955,11.514590,0.0,Moored
2026-09-13T20:54:59Z,219000811,54.916070,11.359982,0.0,Under way using engine
2026-09-13T20:55:25Z,219002177,54.935988,11.372008,0.0,Under way using engine
2026-09-13T20:55:30Z,219000811,54.916073,11.359982,0.0,Under way using engine
2026-09-13T20:56:05Z,219002177,54.935962,11.372020,0.0,Under way using engine
2026-09-13T20:56:09Z,219000811,54.916077,11.359982,0.0,Under way using engine
2026-09-13T20:56:40Z,219000811,54.916075,11.359980,0.0,Under way using engine
2026-09-13T20:56:44Z,219002177,54.935945,11.372012,0.0,Under way using engine
2026-09-13T20:57:01Z,219000809,54.971955,11.514590,0.0,Moored
2026-09-13T20:57:14Z,219002177,54.935952,11.371993,0.0,Under way using engine
2026-09-13T20:57:20Z,219000811,54.916073,11.359978,0.0,Under way using engine
2026-09-13T20:57:44Z,219000809,54.971980,11.514617,0.0,Moored
2026-09-13T20:57:54Z,219002177,54.935953,11.371998,0.0,Under way using engine
2026-09-13T20:58:00Z,219000811,54.916067,11.359978,0.0,Under way using engine
2026-09-13T20:58:24Z,219002177,54.935958,11.372000,0.0,Under way using engine
2026-09-13T20:58:30Z,219000811,54.916067,11.359982,0.0,Under way using engine
2026-09-13T20:58:54Z,219002177,54.935962,11.371998,0.0,Under way using engine
2026-09-13T20:59:00Z,219000811,54.916058,11.359980,0.0,Under way using engine
2026-09-13T20:59:24Z,219002177,54.935967,11.372007,0.0,Under way using engine
2026-09-13T20:59:30Z,219000811,54.916058,11.359980,0.0,Under way using engine
2026-09-13T20:59:54Z,219002177,54.935987,11.372008,0.0,Under way using engine
2026-09-13T21:00:00Z,219000811,54.916060,11.359978,0.0,Under way using engine
2026-09-13T21:00:30Z,219000811,54.916060,11.359978,0.0,Under way using engine
2026-09-13T21:00:35Z,219002177,54.935980,11.372012,0.0,Under way using engine
2026-09-13T21:00:46Z,219000809,54.971945,11.514608,0.0,Moored
2026-09-13T21:01:00Z,219000811,54.916063,11.359978,0.0,Under way using engine
2026-09-13T21:01:23Z,219002177,54.935973,11.371998,0.0,Under way using engine
2026-09-13T21:01:30Z,219000811,54.916067,11.359977,0.0,Under way using engine
2026-09-13T21:01:55Z,219002177,54.935980,11.372002,0.0,Under way using engine
2026-09-13T21:02:00Z,219000811,54.916067,11.359977,0.0,Under way using engine
2026-09-13T21:02:30Z,219000811,54.916065,11.359973,0.0,Under way using engine
2026-09-13T21:02:35Z,219002177,54.935968,11.371995,0.0,Under way using engine
2026-09-13T21:03:00Z,219000811,54.916067,11.359972,0.0,Under way using engine
2026-09-13T21:03:01Z,219000809,54.971945,11.514608,0.0,Moored
2026-09-13T21:03:23Z,219002177,54.935962,11.371995,0.0,Under way using engine
2026-09-13T21:03:30Z,219000811,54.916067,11.359977,0.0,Under way using engine
2026-09-13T21:03:55Z,219002177,54.935967,11.372003,0.0,Under way using engine
2026-09-13T21:04:00Z,219000811,54.916070,11.359982,0.0,Under way using engine
2026-09-13T21:04:35Z,219002177,54.935957,11.371995,0.0,Under way using engine
2026-09-13T21:04:40Z,219000811,54.916073,11.359985,0.0,Under way using engine
2026-09-13T21:05:13Z,219002177,54.935965,11.371992,0.0,Under way using engine
2026-09-13T21:05:20Z,219000811,54.916087,11.359987,0.0,Under way using engine
2026-09-13T21:05:50Z,219000811,54.916083,11.359985,0.0,Under way using engine
2026-09-13T21:05:55Z,219002177,54.935963,11.372002,0.0,Under way using engine
2026-09-13T21:06:20Z,219000811,54.916085,11.359983,0.0,Under way using engine
2026-09-13T21:06:35Z,219002177,54.935960,11.371980,0.0,Under way using engine
2026-09-13T21:06:44Z,219000809,54.971925,11.514583,0.0,Moored
2026-09-13T21:06:50Z,219000811,54.916083,11.359977,0.0,Under way using engine
2026-09-13T21:07:13Z,219002177,54.935962,11.371982,0.0,Under way using engine
2026-09-13T21:07:20Z,219000811,54.916087,11.359975,0.0,Under way using engine
2026-09-13T21:07:50Z,219000811,54.916087,11.359973,0.0,Under way using engine
2026-09-13T21:07:54Z,219002177,54.935962,11.371992,0.0,Under way using engine
2026-09-13T21:08:20Z,219000811,54.916085,11.359970,0.0,Under way using engine
2026-09-13T21:08:35Z,219002177,54.935957,11.371987,0.0,Under way using engine
2026-09-13T21:08:50Z,219000811,54.916085,11.359973,0.0,Under way using engine
2026-09-13T21:09:00Z,219000809,54.971925,11.514583,0.0,Moored
2026-09-13T21:09:13Z,219002177,54.935957,11.371992,0.0,Under way using engine
2026-09-13T21:09:20Z,219000811,54.916085,11.359975,0.0,Under way using engine
2026-09-13T21:09:44Z,219000809,54.971935,11.514617,0.0,Moored
2026-09-13T21:09:44Z,219002177,54.935960,11.372000,0.0,Under way using engine
2026-09-13T21:09:50Z,219000811,54.916083,11.359975,0.0,Under way using engine
2026-09-13T21:10:20Z,219000811,54.916077,11.359973,0.0,Under way using engine
2026-09-13T21:10:23Z,219002177,54.935945,11.371983,0.0,Under way using engine
2026-09-13T21:10:53Z,219002177,54.935948,11.371977,0.0,Under way using engine
2026-09-13T21:11:09Z,219000811,54.916075,11.359968,0.0,Under way using engine
2026-09-13T21:11:23Z,219002177,54.935948,11.371980,0.0,Under way using engine
2026-09-13T21:11:39Z,219000811,54.916072,11.359967,0.0,Under way using engine
2026-09-13T21:11:53Z,219002177,54.935945,11.371990,0.0,Under way using engine
2026-09-13T21:12:09Z,219000811,54.916070,11.359968,0.0,Under way using engine
2026-09-13T21:12:24Z,219002177,54.935952,11.371998,0.0,Under way using engine
2026-09-13T21:12:40Z,219000811,54.916068,11.359972,0.0,Under way using engine
2026-09-13T21:12:43Z,219000809,54.971913,11.514567,0.0,Moored
2026-09-13T21:13:04Z,219002177,54.935957,11.371993,0.0,Under way using engine
2026-09-13T21:13:19Z,219000811,54.916068,11.359972,0.0,Under way using engine
2026-09-13T21:13:34Z,219002177,54.935955,11.371988,0.0,Under way using engine
2026-09-13T21:13:49Z,219000811,54.916068,11.359972,0.0,Under way using engine
2026-09-13T21:14:04Z,219002177,54.935947,11.371993,0.0,Under way using engine
2026-09-13T21:14:19Z,219000811,54.916070,11.359973,0.0,Under way using engine
2026-09-13T21:14:34Z,219002177,54.935953,11.372000,0.0,Under way using engine
2026-09-13T21:14:49Z,219000811,54.916070,11.359975,0.0,Under way using engine
2026-09-13T21:15:01Z,219000809,54.971913,11.514567,0.0,Moored
2026-09-13T21:15:05Z,219002177,54.935965,11.372003,0.0,Under way using engine
2026-09-13T21:15:19Z,219000811,54.916070,11.359972,0.0,Under way using engine
2026-09-13T21:15:44Z,219002177,54.935968,11.371995,0.1,Under way using engine
2026-09-13T21:15:46Z,219000809,54.971915,11.514595,0.0,Moored
2026-09-13T21:15:49Z,219000811,54.916070,11.359972,0.0,Under way using engine
2026-09-13T21:16:14Z,219002177,54.935965,11.371995,0.0,Under way using engine
2026-09-13T21:16:19Z,219000811,54.916070,11.359972,0.0,Under way using engine
2026-09-13T21:16:44Z,219002177,54.935967,11.371997,0.0,Under way using engine
2026-09-13T21:16:49Z,219000811,54.916072,11.359970,0.0,Under way using engine
2026-09-13T21:17:14Z,219002177,54.935962,11.371982,0.0,Under way using engine
2026-09-13T21:17:19Z,219000811,54.916073,11.359970,0.0,Under way using engine
2026-09-13T21:17:44Z,219002177,54.935957,11.371988,0.0,Under way using engine
2026-09-13T21:17:49Z,219000811,54.916073,11.359973,0.0,Under way using engine
2026-09-13T21:18:14Z,219002177,54.935955,11.371987,0.0,Under way using engine
2026-09-13T21:18:19Z,219000811,54.916075,11.359977,0.0,Under way using engine
2026-09-13T21:18:44Z,219002177,54.935953,11.371975,0.0,Under way using engine
2026-09-13T21:18:45Z,219000809,54.971918,11.514577,0.0,Moored
2026-09-13T21:18:49Z,219000811,54.916073,11.359978,0.0,Under way using engine
2026-09-13T21:19:15Z,219002177,54.935968,11.371975,0.0,Under way using engine
2026-09-13T21:19:19Z,219000811,54.916073,11.359977,0.0,Under way using engine
2026-09-13T21:19:49Z,219000811,54.916070,11.359977,0.0,Under way using engine
2026-09-13T21:19:53Z,219002177,54.935963,11.371985,0.0,Under way using engine
2026-09-13T21:20:19Z,219000811,54.916070,11.359975,0.0,Under way using engine
2026-09-13T21:20:24Z,219002177,54.935965,11.371985,0.0,Under way using engine
2026-09-13T21:20:49Z,219000811,54.916068,11.359973,0.0,Under way using engine
2026-09-13T21:21:01Z,219000809,54.971918,11.514577,0.0,Moored
2026-09-13T21:21:03Z,219002177,54.935965,11.372002,0.0,Under way using engine
2026-09-13T21:21:19Z,219000811,54.916068,11.359972,0.0,Under way using engine
2026-09-13T21:21:34Z,219002177,54.935952,11.372008,0.0,Under way using engine
2026-09-13T21:21:46Z,219000809,54.971920,11.514582,0.0,Moored
2026-09-13T21:21:49Z,219000811,54.916068,11.359970,0.0,Under way using engine
2026-09-13T21:22:15Z,219002177,54.935950,11.372003,0.0,Under way using engine
2026-09-13T21:22:19Z,219000811,54.916067,11.359967,0.0,Under way using engine
2026-09-13T21:22:49Z,219000811,54.916067,11.359965,0.0,Under way using engine
2026-09-13T21:22:53Z,219002177,54.935967,11.372005,0.0,Under way using engine
2026-09-13T21:23:19Z,219000811,54.916065,11.359965,0.0,Under way using engine
2026-09-13T21:23:24Z,219002177,54.935960,11.372005,0.0,Under way using engine
2026-09-13T21:23:49Z,219000811,54.916060,11.359965,0.0,Under way using engine
2026-09-13T21:24:03Z,219002177,54.935958,11.371987,0.0,Under way using engine
2026-09-13T21:24:19Z,219000811,54.916060,11.359965,0.0,Under way using engine
2026-09-13T21:24:34Z,219002177,54.935955,11.371997,0.0,Under way using engine
2026-09-13T21:24:46Z,219000809,54.971922,11.514577,0.0,Moored
2026-09-13T21:24:49Z,219000811,54.916062,11.359967,0.0,Under way using engine
2026-09-13T21:25:05Z,219002177,54.935957,11.371998,0.0,Under way using engine
2026-09-13T21:25:19Z,219000811,54.916062,11.359967,0.0,Under way using engine
2026-09-13T21:25:49Z,219000811,54.916063,11.359967,0.0,Under way using engine
2026-09-13T21:25:55Z,219002177,54.935962,11.372000,0.0,Under way using engine
2026-09-13T21:26:19Z,219000811,54.916063,11.359967,0.0,Under way using engine
2026-09-13T21:26:34Z,219002177,54.935963,11.372002,0.0,Under way using engine
2026-09-13T21:26:50Z,219000811,54.916063,11.359967,0.0,Under way using engine
2026-09-13T21:27:01Z,219000809,54.971922,11.514577,0.0,Moored
2026-09-13T21:27:05Z,219002177,54.935957,11.372010,0.0,Under way using engine
2026-09-13T21:27:30Z,219000811,54.916063,11.359968,0.0,Under way using engine
2026-09-13T21:27:35Z,219002177,54.935962,11.372000,0.0,Under way using engine
2026-09-13T21:27:44Z,219000809,54.971907,11.514557,0.0,Moored
2026-09-13T21:28:00Z,219000811,54.916063,11.359968,0.0,Under way using engine
2026-09-13T21:28:05Z,219002177,54.935960,11.372000,0.0,Under way using engine
2026-09-13T21:28:30Z,219000811,54.916062,11.359968,0.0,Under way using engine
2026-09-13T21:28:35Z,219002177,54.935958,11.371993,0.0,Under way using engine
2026-09-13T21:29:00Z,219000811,54.916060,11.359968,0.0,Under way using engine
2026-09-13T21:29:05Z,219002177,54.935960,11.371993,0.0,Under way using engine
2026-09-13T21:29:30Z,219000811,54.916060,11.359967,0.0,Under way using engine
2026-09-13T21:29:35Z,219002177,54.935965,11.371995,0.0,Under way using engine
2026-09-13T21:30:00Z,219000811,54.916062,11.359965,0.0,Under way using engine
2026-09-13T21:30:05Z,219002177,54.935962,11.372002,0.0,Under way using engine
2026-09-13T21:30:35Z,219002177,54.935958,11.372003,0.0,Under way using engine
2026-09-13T21:30:39Z,219000811,54.916062,11.359965,0.0,Under way using engine
2026-09-13T21:30:45Z,219000809,54.971918,11.514560,0.0,Moored
2026-09-13T21:31:05Z,219002177,54.935958,11.372000,0.0,Under way using engine
2026-09-13T21:31:10Z,219000811,54.916063,11.359967,0.0,Under way using engine
2026-09-13T21:31:35Z,219002177,54.935953,11.372000,0.0,Under way using engine
2026-09-13T21:31:50Z,219000811,54.916063,11.359967,0.0,Under way using engine
2026-09-13T21:32:13Z,219002177,54.935958,11.372000,0.0,Under way using engine
2026-09-13T21:32:29Z,219000811,54.916065,11.359970,0.0,Under way using engine
2026-09-13T21:32:54Z,219002177,54.935967,11.372000,0.0,Under way using engine
2026-09-13T21:33:00Z,219000809,54.971918,11.514560,0.0,Moored
2026-09-13T21:33:09Z,219000811,54.916065,11.359968,0.0,Under way using engine
2026-09-13T21:33:24Z,219002177,54.935972,11.371990,0.0,Under way using engine
2026-09-13T21:33:39Z,219000811,54.916067,11.359968,0.0,Under way using engine
2026-09-13T21:33:44Z,219000809,54.971927,11.514577,0.0,Moored
2026-09-13T21:33:54Z,219002177,54.935972,11.371987,0.0,Under way using engine
2026-09-13T21:34:09Z,219000811,54.916067,11.359968,0.0,Under way using engine
2026-09-13T21:34:24Z,219002177,54.935973,11.372008,0.0,Under way using engine
2026-09-13T21:34:39Z,219000811,54.916067,11.359968,0.0,Under way using engine
2026-09-13T21:34:54Z,219002177,54.935970,11.372003,0.0,Under way using engine
2026-09-13T21:35:09Z,219000811,54.916067,11.359967,0.0,Under way using engine
2026-09-13T21:35:24Z,219002177,54.935975,11.371993,0.0,Under way using engine
2026-09-13T21:35:39Z,219000811,54.916067,11.359967,0.0,Under way using engine
2026-09-13T21:35:55Z,219002177,54.935975,11.371993,0.0,Under way using engine
2026-09-13T21:36:09Z,219000811,54.916067,11.359967,0.0,Under way using engine
2026-09-13T21:36:25Z,219002177,54.935970,11.371993,0.0,Under way using engine
2026-09-13T21:36:39Z,219000811,54.916065,11.359968,0.0,Under way using engine
2026-09-13T21:36:44Z,219000809,54.971912,11.514553,0.0,Moored
2026-09-13T21:36:55Z,219002177,54.935965,11.371993,0.0,Under way using engine
2026-09-13T21:37:09Z,219000811,54.916065,11.359970,0.0,Under way using engine
2026-09-13T21:37:25Z,219002177,54.935962,11.371990,0.0,Under way using engine
2026-09-13T21:37:40Z,219000811,54.916065,11.359970,0.0,Under way using engine
2026-09-13T21:37:55Z,219002177,54.935962,11.371992,0.0,Under way using engine
2026-09-13T21:38:20Z,219000811,54.916065,11.359972,0.0,Under way using engine
2026-09-13T21:38:25Z,219002177,54.935958,11.371988,0.0,Under way using engine
2026-09-13T21:38:55Z,219002177,54.935958,11.371990,0.0,Under way using engine
2026-09-13T21:39:00Z,219000811,54.916065,11.359973,0.0,Under way using engine
2026-09-13T21:39:01Z,219000809,54.971912,11.514553,0.0,Moored
2026-09-13T21:39:25Z,219002177,54.935967,11.371990,0.0,Under way using engine
2026-09-13T21:39:30Z,219000811,54.916065,11.359973,0.0,Under way using engine
2026-09-13T21:39:46Z,219000809,54.971915,11.514562,0.0,Moored
2026-09-13T21:39:55Z,219002177,54.935962,11.371990,0.0,Under way using engine
2026-09-13T21:40:00Z,219000811,54.916065,11.359975,0.0,Under way using engine
2026-09-13T21:40:25Z,219002177,54.935957,11.371995,0.0,Under way using engine
2026-09-13T21:40:30Z,219000811,54.916068,11.359977,0.0,Under way using engine
2026-09-13T21:40:55Z,219002177,54.935965,11.372002,0.0,Under way using engine
2026-09-13T21:41:00Z,219000811,54.916070,11.359978,0.0,Under way using engine
2026-09-13T21:41:25Z,219002177,54.935972,11.371993,0.0,Under way using engine
2026-09-13T21:41:30Z,219000811,54.916068,11.359977,0.0,Under way using engine
2026-09-13T21:42:00Z,219000811,54.916067,11.359975,0.0,Under way using engine
2026-09-13T21:42:14Z,219002177,54.935952,11.372005,0.0,Under way using engine
2026-09-13T21:42:30Z,219000811,54.916065,11.359973,0.0,Under way using engine
2026-09-13T21:42:44Z,219000809,54.971908,11.514573,0.0,Moored
2026-09-13T21:42:54Z,219002177,54.935960,11.371985,0.0,Under way using engine
2026-09-13T21:43:00Z,219000811,54.916063,11.359975,0.0,Under way using engine
2026-09-13T21:43:25Z,219002177,54.935953,11.371993,0.0,Under way using engine
2026-09-13T21:43:30Z,219000811,54.916062,11.359973,0.0,Under way using engine
2026-09-13T21:44:00Z,219000811,54.916060,11.359972,0.0,Under way using engine
2026-09-13T21:44:14Z,219002177,54.935967,11.371995,0.0,Under way using engine
2026-09-13T21:44:30Z,219000811,54.916062,11.359973,0.0,Under way using engine
2026-09-13T21:44:44Z,219002177,54.935977,11.371982,0.0,Under way using engine
2026-09-13T21:45:00Z,219000809,54.971908,11.514573,0.0,Moored
2026-09-13T21:45:00Z,219000811,54.916062,11.359978,0.0,Under way using engine
2026-09-13T21:45:15Z,219002177,54.935968,11.371987,0.0,Under way using engine
2026-09-13T21:45:30Z,219000811,54.916062,11.359978,0.0,Under way using engine
2026-09-13T21:45:45Z,219000809,54.971898,11.514567,0.0,Moored
2026-09-13T21:45:54Z,219002177,54.935972,11.371995,0.0,Under way using engine
2026-09-13T21:46:00Z,219000811,54.916062,11.359977,0.0,Under way using engine
2026-09-13T21:46:25Z,219002177,54.935965,11.372002,0.0,Under way using engine
2026-09-13T21:46:40Z,219000811,54.916062,11.359975,0.0,Under way using engine
2026-09-13T21:47:05Z,219002177,54.935965,11.371993,0.0,Under way using engine
2026-09-13T21:47:19Z,219000811,54.916067,11.359972,0.0,Under way using engine
2026-09-13T21:47:44Z,219002177,54.935977,11.371992,0.0,Under way using engine
2026-09-13T21:47:50Z,219000811,54.916068,11.359968,0.0,Under way using engine
2026-09-13T21:48:15Z,219002177,54.935973,11.371988,0.0,Under way using engine
2026-09-13T21:48:28Z,219000811,54.916070,11.359968,0.0,Under way using engine
2026-09-13T21:48:43Z,219000809,54.971907,11.514565,0.0,Moored
2026-09-13T21:48:53Z,219002177,54.935975,11.371997,0.0,Under way using engine
2026-09-13T21:49:00Z,219000811,54.916073,11.359963,0.0,Under way using engine
2026-09-13T21:49:25Z,219002177,54.935968,11.371997,0.0,Under way using engine
2026-09-13T21:49:39Z,219000811,54.916072,11.359960,0.0,Under way using engine
2026-09-13T21:50:03Z,219002177,54.935967,11.372002,0.0,Under way using engine
2026-09-13T21:50:09Z,219000811,54.916072,11.359960,0.0,Under way using engine
2026-09-13T21:50:35Z,219002177,54.935965,11.372002,0.0,Under way using engine
2026-09-13T21:50:39Z,219000811,54.916070,11.359958,0.0,Under way using engine
2026-09-13T21:51:01Z,219000809,54.971907,11.514565,0.0,Moored
2026-09-13T21:51:09Z,219000811,54.916068,11.359958,0.0,Under way using engine
2026-09-13T21:51:14Z,219002177,54.935955,11.372005,0.0,Under way using engine
2026-09-13T21:51:39Z,219000811,54.916067,11.359958,0.0,Under way using engine
2026-09-13T21:51:44Z,219002177,54.935972,11.371988,0.0,Under way using engine
2026-09-13T21:51:46Z,219000809,54.971915,11.514565,0.0,Moored
2026-09-13T21:52:09Z,219000811,54.916068,11.359960,0.0,Under way using engine
2026-09-13T21:52:14Z,219002177,54.935962,11.371992,0.0,Under way using engine
2026-09-13T21:52:39Z,219000811,54.916068,11.359958,0.0,Under way using engine
2026-09-13T21:52:44Z,219002177,54.935962,11.371980,0.0,Under way using engine
2026-09-13T21:53:09Z,219000811,54.916067,11.359958,0.0,Under way using engine
2026-09-13T21:53:14Z,219002177,54.935965,11.371977,0.0,Under way using engine
2026-09-13T21:53:39Z,219000811,54.916067,11.359962,0.0,Under way using engine
2026-09-13T21:53:44Z,219002177,54.935972,11.371982,0.0,Under way using engine
2026-09-13T21:54:09Z,219000811,54.916067,11.359965,0.0,Under way using engine
2026-09-13T21:54:14Z,219002177,54.935970,11.371977,0.0,Under way using engine
2026-09-13T21:54:39Z,219000811,54.916067,11.359967,0.0,Under way using engine
2026-09-13T21:54:44Z,219000809,54.971910,11.514573,0.0,Moored
2026-09-13T21:54:44Z,219002177,54.935933,11.371972,0.0,Under way using engine
2026-09-13T21:55:09Z,219000811,54.916067,11.359967,0.0,Under way using engine
2026-09-13T21:55:14Z,219002177,54.935935,11.371980,0.0,Under way using engine
2026-09-13T21:55:40Z,219000811,54.916067,11.359967,0.0,Under way using engine
2026-09-13T21:55:44Z,219002177,54.935960,11.371980,0.0,Under way using engine
2026-09-13T21:56:15Z,219002177,54.935957,11.371983,0.0,Under way using engine
2026-09-13T21:56:19Z,219000811,54.916068,11.359965,0.0,Under way using engine
2026-09-13T21:56:54Z,219002177,54.935965,11.371977,0.1,Under way using engine
2026-09-13T21:57:00Z,219000811,54.916068,11.359965,0.0,Under way using engine
2026-09-13T21:57:01Z,219000809,54.971910,11.514573,0.0,Moored
2026-09-13T21:57:24Z,219002177,54.935972,11.371978,0.0,Under way using engine
2026-09-13T21:57:40Z,219000811,54.916070,11.359965,0.0,Under way using engine
2026-09-13T21:57:44Z,219000809,54.971912,11.514565,0.0,Moored
2026-09-13T21:57:54Z,219002177,54.935972,11.371982,0.0,Under way using engine
2026-09-13T21:58:19Z,219000811,54.916070,11.359965,0.0,Under way using engine
2026-09-13T21:58:25Z,219002177,54.935973,11.371990,0.0,Under way using engine
2026-09-13T21:59:00Z,219000811,54.916068,11.359967,0.0,Under way using engine
2026-09-13T21:59:05Z,219002177,54.935957,11.371980,0.0,Under way using engine
2026-09-13T21:59:40Z,219000811,54.916067,11.359967,0.0,Under way using engine
2026-09-13T21:59:44Z,219002177,54.935973,11.371970,0.0,Under way using engine
2026-09-13T22:00:15Z,219002177,54.935962,11.371975,0.0,Under way using engine
2026-09-13T22:00:19Z,219000811,54.916067,11.359968,0.0,Under way using engine
2026-09-13T22:00:44Z,219000809,54.971905,11.514582,0.0,Moored
2026-09-13T22:00:54Z,219002177,54.935958,11.371975,0.0,Under way using engine
2026-09-13T22:00:59Z,219000811,54.916072,11.359968,0.0,Under way using engine
2026-09-13T22:01:25Z,219002177,54.935952,11.371990,0.0,Under way using engine
2026-09-13T22:01:40Z,219000811,54.916070,11.359975,0.0,Under way using engine
2026-09-13T22:02:05Z,219002177,54.935955,11.371993,0.0,Under way using engine
2026-09-13T22:02:19Z,219000811,54.916068,11.359978,0.0,Under way using engine
2026-09-13T22:02:44Z,219002177,54.935957,11.371990,0.0,Under way using engine
2026-09-13T22:02:59Z,219000811,54.916065,11.359980,0.0,Under way using engine
2026-09-13T22:03:00Z,219000809,54.971905,11.514582,0.0,Moored
2026-09-13T22:03:15Z,219002177,54.935957,11.371990,0.0,Under way using engine
2026-09-13T22:03:29Z,219000811,54.916063,11.359980,0.0,Under way using engine
2026-09-13T22:03:45Z,219000809,54.971920,11.514572,0.0,Moored
2026-09-13T22:03:54Z,219002177,54.935955,11.371992,0.0,Under way using engine
2026-09-13T22:03:59Z,219000811,54.916062,11.359977,0.0,Under way using engine
2026-09-13T22:04:25Z,219002177,54.935955,11.371993,0.0,Under way using engine
2026-09-13T22:04:29Z,219000811,54.916062,11.359973,0.0,Under way using engine
2026-09-13T22:04:59Z,219000811,54.916062,11.359972,0.0,Under way using engine
2026-09-13T22:05:05Z,219002177,54.935957,11.371983,0.0,Under way using engine
2026-09-13T22:05:29Z,219000811,54.916063,11.359973,0.0,Under way using engine
2026-09-13T22:05:44Z,219002177,54.935948,11.371987,0.0,Under way using engine
2026-09-13T22:05:59Z,219000811,54.916067,11.359973,0.0,Under way using engine
2026-09-13T22:06:14Z,219002177,54.935945,11.371978,0.0,Under way using engine
2026-09-13T22:06:29Z,219000811,54.916068,11.359972,0.0,Under way using engine
2026-09-13T22:06:44Z,219002177,54.935948,11.371983,0.0,Under way using engine
2026-09-13T22:06:47Z,219000809,54.971875,11.514597,0.0,Moored
2026-09-13T22:06:59Z,219000811,54.916070,11.359973,0.0,Under way using engine
2026-09-13T22:07:14Z,219002177,54.935952,11.371995,0.0,Under way using engine
2026-09-13T22:07:29Z,219000811,54.916072,11.359970,0.0,Under way using engine
2026-09-13T22:07:53Z,219002177,54.935960,11.371985,0.0,Under way using engine
2026-09-13T22:07:59Z,219000811,54.916072,11.359967,0.0,Under way using engine
2026-09-13T22:08:25Z,219002177,54.935957,11.372003,0.0,Under way using engine
2026-09-13T22:08:29Z,219000811,54.916072,11.359965,0.0,Under way using engine
2026-09-13T22:08:55Z,219002177,54.935952,11.372010,0.0,Under way using engine
2026-09-13T22:09:00Z,219000811,54.916070,11.359963,0.0,Under way using engine
2026-09-13T22:09:01Z,219000809,54.971875,11.514597,0.0,Moored
2026-09-13T22:09:25Z,219002177,54.935958,11.371995,0.0,Under way using engine
2026-09-13T22:09:39Z,219000811,54.916070,11.359963,0.0,Under way using engine
2026-09-13T22:09:45Z,219000809,54.971907,11.514572,0.0,Moored
2026-09-13T22:09:55Z,219002177,54.935958,11.371985,0.0,Under way using engine
2026-09-13T22:10:19Z,219000811,54.916068,11.359963,0.0,Under way using engine
2026-09-13T22:10:25Z,219002177,54.935948,11.371993,0.0,Under way using engine
2026-09-13T22:10:49Z,219000811,54.916067,11.359962,0.0,Under way using engine
2026-09-13T22:10:55Z,219002177,54.935957,11.371992,0.0,Under way using engine
2026-09-13T22:11:19Z,219000811,54.916065,11.359963,0.0,Under way using engine
2026-09-13T22:11:25Z,219002177,54.935953,11.371997,0.0,Under way using engine
2026-09-13T22:11:49Z,219000811,54.916063,11.359962,0.0,Under way using engine
2026-09-13T22:11:55Z,219002177,54.935947,11.371997,0.0,Under way using engine
2026-09-13T22:12:19Z,219000811,54.916062,11.359963,0.0,Under way using engine
2026-09-13T22:12:25Z,219002177,54.935952,11.371998,0.0,Under way using engine
2026-09-13T22:12:49Z,219000811,54.916060,11.359965,0.0,Under way using engine
2026-09-13T22:13:03Z,219002177,54.935960,11.371998,0.0,Under way using engine
2026-09-13T22:13:19Z,219000811,54.916058,11.359965,0.0,Under way using engine
2026-09-13T22:13:35Z,219002177,54.935957,11.371997,0.0,Under way using engine
2026-09-13T22:13:49Z,219000811,54.916058,11.359967,0.0,Under way using engine
2026-09-13T22:14:15Z,219002177,54.935958,11.371997,0.0,Under way using engine
2026-09-13T22:14:19Z,219000811,54.916058,11.359968,0.0,Under way using engine
2026-09-13T22:14:49Z,219000811,54.916058,11.359968,0.0,Under way using engine
2026-09-13T22:14:54Z,219002177,54.935958,11.371988,0.0,Under way using engine
2026-09-13T22:15:01Z,219000809,54.971907,11.514572,0.0,Moored
2026-09-13T22:15:19Z,219000811,54.916058,11.359967,0.0,Under way using engine
2026-09-13T22:15:25Z,219002177,54.935962,11.371985,0.0,Under way using engine
2026-09-13T22:15:45Z,219000809,54.971895,11.514567,0.0,Moored
2026-09-13T22:15:49Z,219000811,54.916060,11.359967,0.0,Under way using engine
2026-09-13T22:16:04Z,219002177,54.935962,11.371988,0.0,Under way using engine
2026-09-13T22:16:19Z,219000811,54.916060,11.359967,0.0,Under way using engine
2026-09-13T22:16:35Z,219002177,54.935958,11.371982,0.0,Under way using engine
2026-09-13T22:16:50Z,219000811,54.916060,11.359968,0.0,Under way using engine
2026-09-13T22:17:15Z,219002177,54.935953,11.371992,0.0,Under way using engine
2026-09-13T22:17:28Z,219000811,54.916060,11.359972,0.0,Under way using engine
2026-09-13T22:17:54Z,219002177,54.935958,11.372013,0.0,Under way using engine
2026-09-13T22:17:59Z,219000811,54.916060,11.359973,0.0,Under way using engine
2026-09-13T22:18:25Z,219002177,54.935965,11.372013,0.0,Under way using engine
2026-09-13T22:18:39Z,219000811,54.916060,11.359972,0.0,Under way using engine
2026-09-13T22:18:47Z,219000809,54.971892,11.514587,0.0,Moored
2026-09-13T22:19:04Z,219002177,54.935965,11.372007,0.0,Under way using engine
2026-09-13T22:19:09Z,219000811,54.916058,11.359970,0.0,Under way using engine
2026-09-13T22:19:35Z,219002177,54.935967,11.372000,0.0,Under way using engine
2026-09-13T22:19:40Z,219000811,54.916058,11.359970,0.0,Under way using engine
2026-09-13T22:20:15Z,219002177,54.935963,11.371985,0.0,Under way using engine
2026-09-13T22:20:19Z,219000811,54.916060,11.359968,0.0,Under way using engine
2026-09-13T22:20:50Z,219000811,54.916060,11.359968,0.0,Under way using engine
2026-09-13T22:20:54Z,219002177,54.935960,11.371987,0.0,Under way using engine
2026-09-13T22:21:00Z,219000809,54.971892,11.514587,0.0,Moored
2026-09-13T22:21:20Z,219000811,54.916062,11.359967,0.0,Under way using engine
2026-09-13T22:21:24Z,219002177,54.935962,11.371997,0.0,Under way using engine
2026-09-13T22:21:45Z,219000809,54.971905,11.514563,0.0,Moored
2026-09-13T22:21:50Z,219000811,54.916062,11.359967,0.0,Under way using engine
2026-09-13T22:22:04Z,219002177,54.935963,11.372003,0.0,Under way using engine
2026-09-13T22:22:20Z,219000811,54.916063,11.359967,0.0,Under way using engine
2026-09-13T22:22:35Z,219002177,54.935963,11.371995,0.0,Under way using engine
2026-09-13T22:22:50Z,219000811,54.916063,11.359968,0.0,Under way using engine
2026-09-13T22:23:15Z,219002177,54.935960,11.371988,0.0,Under way using engine
2026-09-13T22:23:20Z,219000811,54.916063,11.359970,0.0,Under way using engine
2026-09-13T22:23:54Z,219002177,54.935957,11.371987,0.0,Under way using engine
2026-09-13T22:23:58Z,219000811,54.916065,11.359970,0.0,Under way using engine
2026-09-13T22:24:24Z,219002177,54.935963,11.371975,0.0,Under way using engine
2026-09-13T22:24:29Z,219000811,54.916065,11.359970,0.0,Under way using engine
2026-09-13T22:24:45Z,219000809,54.971895,11.514575,0.0,Moored
2026-09-13T22:24:54Z,219002177,54.935972,11.371983,0.0,Under way using engine
2026-09-13T22:25:09Z,219000811,54.916065,11.359968,0.0,Under way using engine
2026-09-13T22:25:24Z,219002177,54.935967,11.371993,0.0,Under way using engine
2026-09-13T22:25:39Z,219000811,54.916065,11.359968,0.0,Under way using engine
2026-09-13T22:25:54Z,219002177,54.935962,11.371997,0.0,Under way using engine
2026-09-13T22:26:09Z,219000811,54.916065,11.359967,0.0,Under way using engine
2026-09-13T22:26:24Z,219002177,54.935960,11.372007,0.0,Under way using engine
2026-09-13T22:26:39Z,219000811,54.916067,11.359965,0.0,Under way using engine
2026-09-13T22:26:54Z,219002177,54.935967,11.371997,0.0,Under way using engine
2026-09-13T22:27:01Z,219000809,54.971895,11.514575,0.0,Moored
2026-09-13T22:27:09Z,219000811,54.916067,11.359965,0.0,Under way using engine
2026-09-13T22:27:24Z,219002177,54.935965,11.372010,0.0,Under way using engine
2026-09-13T22:27:39Z,219000811,54.916067,11.359963,0.0,Under way using engine
2026-09-13T22:27:44Z,219000809,54.971908,11.514575,0.0,Moored
2026-09-13T22:27:54Z,219002177,54.935972,11.372000,0.0,Under way using engine
2026-09-13T22:28:09Z,219000811,54.916067,11.359962,0.0,Under way using engine
2026-09-13T22:28:24Z,219002177,54.935973,11.372003,0.0,Under way using engine
2026-09-13T22:28:39Z,219000811,54.916067,11.359960,0.0,Under way using engine
2026-09-13T22:28:54Z,219002177,54.935967,11.372010,0.0,Under way using engine
2026-09-13T22:29:09Z,219000811,54.916067,11.359958,0.0,Under way using engine
2026-09-13T22:29:24Z,219002177,54.935967,11.372005,0.0,Under way using engine
2026-09-13T22:29:39Z,219000811,54.916067,11.359960,0.0,Under way using engine
2026-09-13T22:29:54Z,219002177,54.935965,11.372010,0.0,Under way using engine
2026-09-13T22:30:09Z,219000811,54.916067,11.359963,0.0,Under way using engine
2026-09-13T22:30:24Z,219002177,54.935960,11.372013,0.0,Under way using engine
2026-09-13T22:30:39Z,219000811,54.916067,11.359967,0.0,Under way using engine
2026-09-13T22:30:46Z,219000809,54.971910,11.514578,0.0,Moored
2026-09-13T22:30:54Z,219002177,54.935967,11.372008,0.0,Under way using engine
2026-09-13T22:31:09Z,219000811,54.916067,11.359968,0.0,Under way using engine
2026-09-13T22:31:24Z,219002177,54.935965,11.372015,0.0,Under way using engine
2026-09-13T22:31:39Z,219000811,54.916065,11.359970,0.0,Under way using engine
2026-09-13T22:31:54Z,219002177,54.935957,11.372012,0.0,Under way using engine
2026-09-13T22:32:09Z,219000811,54.916065,11.359970,0.0,Under way using engine
2026-09-13T22:32:24Z,219002177,54.935953,11.372017,0.0,Under way using engine
2026-09-13T22:32:39Z,219000811,54.916065,11.359973,0.0,Under way using engine
2026-09-13T22:32:54Z,219002177,54.935957,11.372017,0.0,Under way using engine
2026-09-13T22:33:01Z,219000809,54.971910,11.514578,0.0,Moored
2026-09-13T22:33:09Z,219000811,54.916063,11.359972,0.0,Under way using engine
2026-09-13T22:33:24Z,219002177,54.935960,11.372003,0.0,Under way using engine
2026-09-13T22:33:39Z,219000811,54.916063,11.359972,0.0,Under way using engine
2026-09-13T22:33:45Z,219000809,54.971895,11.514578,0.0,Moored
2026-09-13T22:33:54Z,219002177,54.935957,11.372015,0.0,Under way using engine
2026-09-13T22:34:09Z,219000811,54.916063,11.359972,0.0,Under way using engine
2026-09-13T22:34:24Z,219002177,54.935962,11.372008,0.0,Under way using engine
2026-09-13T22:34:39Z,219000811,54.916065,11.359970,0.0,Under way using engine
2026-09-13T22:34:54Z,219002177,54.935963,11.372007,0.0,Under way using engine
2026-09-13T22:35:09Z,219000811,54.916065,11.359970,0.0,Under way using engine
2026-09-13T22:35:24Z,219002177,54.935962,11.372002,0.0,Under way using engine
2026-09-13T22:35:39Z,219000811,54.916065,11.359970,0.0,Under way using engine
2026-09-13T22:35:54Z,219002177,54.935957,11.372007,0.0,Under way using engine
2026-09-13T22:36:09Z,219000811,54.916067,11.359970,0.0,Under way using engine
2026-09-13T22:36:25Z,219002177,54.935942,11.372007,0.0,Under way using engine
2026-09-13T22:36:47Z,219000809,54.971893,11.514595,0.0,Moored
2026-09-13T22:36:48Z,219000811,54.916068,11.359972,0.0,Under way using engine
2026-09-13T22:37:04Z,219002177,54.935945,11.371985,0.0,Under way using engine
2026-09-13T22:37:19Z,219000811,54.916068,11.359973,0.0,Under way using engine
2026-09-13T22:37:35Z,219002177,54.935948,11.371988,0.0,Under way using engine
2026-09-13T22:38:00Z,219000811,54.916067,11.359975,0.0,Under way using engine
2026-09-13T22:38:25Z,219002177,54.935942,11.372013,0.0,Under way using engine
2026-09-13T22:38:30Z,219000811,54.916065,11.359977,0.0,Under way using engine
2026-09-13T22:39:00Z,219000811,54.916065,11.359978,0.0,Under way using engine
2026-09-13T22:39:01Z,219000809,54.971893,11.514595,0.0,Moored
2026-09-13T22:39:04Z,219002177,54.935955,11.372005,0.0,Under way using engine
2026-09-13T22:39:30Z,219000811,54.916067,11.359977,0.0,Under way using engine
2026-09-13T22:39:35Z,219002177,54.935957,11.372000,0.0,Under way using engine
2026-09-13T22:39:45Z,219000809,54.971902,11.514575,0.0,Moored
2026-09-13T22:40:00Z,219000811,54.916070,11.359975,0.0,Under way using engine
2026-09-13T22:40:15Z,219002177,54.935973,11.371980,0.0,Under way using engine
2026-09-13T22:40:30Z,219000811,54.916070,11.359975,0.0,Under way using engine
2026-09-13T22:40:53Z,219002177,54.935970,11.371982,0.0,Under way using engine
2026-09-13T22:41:00Z,219000811,54.916070,11.359977,0.0,Under way using engine
2026-09-13T22:41:24Z,219002177,54.935965,11.371982,0.0,Under way using engine
2026-09-13T22:41:30Z,219000811,54.916070,11.359980,0.0,Under way using engine
2026-09-13T22:42:04Z,219002177,54.935952,11.371980,0.0,Under way using engine
2026-09-13T22:42:09Z,219000811,54.916068,11.359983,0.0,Under way using engine
2026-09-13T22:42:35Z,219002177,54.935953,11.371968,0.0,Under way using engine
2026-09-13T22:42:39Z,219000811,54.916070,11.359982,0.0,Under way using engine
2026-09-13T22:42:45Z,219000809,54.971907,11.514577,0.0,Moored
2026-09-13T22:43:09Z,219000811,54.916070,11.359980,0.0,Under way using engine
2026-09-13T22:43:15Z,219002177,54.935950,11.371977,0.0,Under way using engine
2026-09-13T22:43:39Z,219000811,54.916072,11.359978,0.0,Under way using engine
2026-09-13T22:43:45Z,219002177,54.935955,11.371978,0.0,Under way using engine
2026-09-13T22:44:09Z,219000811,54.916072,11.359978,0.0,Under way using engine
2026-09-13T22:44:15Z,219002177,54.935950,11.372012,0.0,Under way using engine
2026-09-13T22:44:39Z,219000811,54.916068,11.359975,0.0,Under way using engine
2026-09-13T22:44:45Z,219002177,54.935960,11.372003,0.0,Under way using engine
2026-09-13T22:45:00Z,219000809,54.971907,11.514577,0.0,Moored
2026-09-13T22:45:09Z,219000811,54.916067,11.359973,0.0,Under way using engine
2026-09-13T22:45:35Z,219002177,54.935957,11.371970,0.0,Under way using engine
2026-09-13T22:45:40Z,219000811,54.916067,11.359972,0.0,Under way using engine
2026-09-13T22:45:46Z,219000809,54.971912,11.514595,0.0,Moored
2026-09-13T22:46:13Z,219002177,54.935952,11.372000,0.0,Under way using engine
2026-09-13T22:46:18Z,219000811,54.916068,11.359965,0.0,Under way using engine
2026-09-13T22:46:45Z,219002177,54.935963,11.371983,0.0,Under way using engine
2026-09-13T22:46:50Z,219000811,54.916067,11.359963,0.0,Under way using engine
2026-09-13T22:47:16Z,219002177,54.935963,11.372003,0.0,Under way using engine
2026-09-13T22:47:30Z,219000811,54.916067,11.359962,0.0,Under way using engine
2026-09-13T22:47:54Z,219002177,54.935945,11.372003,0.0,Under way using engine
2026-09-13T22:48:09Z,219000811,54.916067,11.359960,0.0,Under way using engine
2026-09-13T22:48:25Z,219002177,54.935950,11.372005,0.0,Under way using engine
2026-09-13T22:48:40Z,219000811,54.916068,11.359958,0.0,Under way using engine
2026-09-13T22:48:44Z,219000809,54.971912,11.514593,0.0,Moored
2026-09-13T22:49:03Z,219002177,54.935948,11.371983,0.0,Under way using engine
2026-09-13T22:49:18Z,219000811,54.916068,11.359955,0.0,Under way using engine
2026-09-13T22:49:33Z,219002177,54.935932,11.371982,0.0,Under way using engine
2026-09-13T22:49:50Z,219000811,54.916072,11.359955,0.0,Under way using engine
2026-09-13T22:50:03Z,219002177,54.935938,11.372007,0.0,Under way using engine
2026-09-13T22:50:30Z,219000811,54.916072,11.359958,0.0,Under way using engine
2026-09-13T22:50:33Z,219002177,54.935948,11.372013,0.0,Under way using engine
2026-09-13T22:51:01Z,219000809,54.971912,11.514593,0.0,Moored
2026-09-13T22:51:03Z,219002177,54.935958,11.371997,0.0,Under way using engine
2026-09-13T22:51:09Z,219000811,54.916070,11.359965,0.0,Under way using engine
2026-09-13T22:51:33Z,219002177,54.935967,11.371980,0.0,Under way using engine
2026-09-13T22:51:39Z,219000811,54.916070,11.359970,0.0,Under way using engine
2026-09-13T22:51:45Z,219000809,54.971922,11.514588,0.0,Moored
2026-09-13T22:52:04Z,219002177,54.935975,11.371993,0.0,Under way using engine
2026-09-13T22:52:09Z,219000811,54.916067,11.359972,0.0,Under way using engine
2026-09-13T22:52:39Z,219000811,54.916065,11.359972,0.0,Under way using engine
2026-09-13T22:52:44Z,219002177,54.935972,11.371987,0.0,Under way using engine
2026-09-13T22:53:09Z,219000811,54.916065,11.359973,0.0,Under way using engine
2026-09-13T22:53:14Z,219002177,54.935965,11.371985,0.0,Under way using engine
2026-09-13T22:53:39Z,219000811,54.916065,11.359975,0.0,Under way using engine
2026-09-13T22:53:44Z,219002177,54.935965,11.371973,0.0,Under way using engine
2026-09-13T22:54:09Z,219000811,54.916067,11.359975,0.0,Under way using engine
2026-09-13T22:54:14Z,219002177,54.935965,11.371965,0.0,Under way using engine
2026-09-13T22:54:39Z,219000811,54.916067,11.359975,0.0,Under way using engine
2026-09-13T22:54:44Z,219002177,54.935960,11.371987,0.0,Under way using engine
2026-09-13T22:54:47Z,219000809,54.971912,11.514575,0.0,Moored
2026-09-13T22:55:09Z,219000811,54.916065,11.359975,0.0,Under way using engine
2026-09-13T22:55:14Z,219002177,54.935965,11.371982,0.0,Under way using engine
2026-09-13T22:55:39Z,219000811,54.916067,11.359975,0.0,Under way using engine
2026-09-13T22:55:44Z,219002177,54.935953,11.372000,0.0,Under way using engine
2026-09-13T22:56:09Z,219000811,54.916068,11.359975,0.0,Under way using engine
2026-09-13T22:56:14Z,219002177,54.935960,11.371988,0.0,Under way using engine
2026-09-13T22:56:39Z,219000811,54.916070,11.359975,0.0,Under way using engine
2026-09-13T22:56:44Z,219002177,54.935963,11.371978,0.0,Under way using engine
2026-09-13T22:57:09Z,219000811,54.916072,11.359973,0.0,Under way using engine
2026-09-13T22:57:14Z,219002177,54.935978,11.371952,0.0,Under way using engine
2026-09-13T22:57:39Z,219000811,54.916075,11.359973,0.0,Under way using engine
2026-09-13T22:57:44Z,219002177,54.935965,11.371980,0.0,Under way using engine
2026-09-13T22:58:09Z,219000811,54.916078,11.359977,0.0,Under way using engine
2026-09-13T22:58:14Z,219002177,54.935970,11.371977,0.0,Under way using engine
2026-09-13T22:58:39Z,219000811,54.916080,11.359978,0.0,Under way using engine
2026-09-13T22:58:55Z,219002177,54.935975,11.371975,0.0,Under way using engine
2026-09-13T22:59:09Z,219000811,54.916080,11.359978,0.0,Under way using engine
2026-09-13T22:59:34Z,219002177,54.935960,11.371990,0.0,Under way using engine
2026-09-13T22:59:49Z,219000811,54.916078,11.359982,0.0,Under way using engine
2026-09-13T23:00:14Z,219002177,54.935968,11.371963,0.0,Under way using engine
2026-09-13T23:00:19Z,219000811,54.916082,11.359980,0.0,Under way using engine
2026-09-13T23:00:44Z,219000809,54.971925,11.514565,0.0,Moored
2026-09-13T23:00:44Z,219002177,54.935965,11.371970,0.0,Under way using engine
2026-09-13T23:00:49Z,219000811,54.916083,11.359977,0.0,Under way using engine
2026-09-13T23:01:19Z,219000811,54.916082,11.359977,0.0,Under way using engine
2026-09-13T23:01:24Z,219002177,54.935957,11.372012,0.0,Under way using engine
2026-09-13T23:01:49Z,219000811,54.916080,11.359973,0.0,Under way using engine
2026-09-13T23:01:54Z,219002177,54.935962,11.372012,0.0,Under way using engine
2026-09-13T23:02:19Z,219000811,54.916078,11.359970,0.0,Under way using engine
2026-09-13T23:02:24Z,219002177,54.935957,11.372013,0.0,Under way using engine
2026-09-13T23:02:49Z,219000811,54.916077,11.359970,0.0,Under way using engine
2026-09-13T23:02:54Z,219002177,54.935967,11.371988,0.0,Under way using engine
2026-09-13T23:03:00Z,219000809,54.971925,11.514565,0.0,Moored
2026-09-13T23:03:19Z,219000811,54.916077,11.359970,0.0,Under way using engine
2026-09-13T23:03:24Z,219002177,54.935958,11.372002,0.0,Under way using engine
2026-09-13T23:03:47Z,219000809,54.971942,11.514567,0.0,Moored
2026-09-13T23:03:49Z,219000811,54.916077,11.359970,0.0,Under way using engine
2026-09-13T23:03:54Z,219002177,54.935945,11.371973,0.0,Under way using engine
2026-09-13T23:04:19Z,219000811,54.916075,11.359970,0.0,Under way using engine
2026-09-13T23:04:24Z,219002177,54.935960,11.371950,0.0,Under way using engine
2026-09-13T23:04:49Z,219000811,54.916073,11.359973,0.0,Under way using engine
2026-09-13T23:04:54Z,219002177,54.935952,11.371980,0.0,Under way using engine
2026-09-13T23:05:19Z,219000811,54.916073,11.359973,0.0,Under way using engine
2026-09-13T23:05:24Z,219002177,54.935973,11.371955,0.0,Under way using engine
2026-09-13T23:05:49Z,219000811,54.916073,11.359972,0.0,Under way using engine
2026-09-13T23:05:55Z,219002177,54.935970,11.371980,0.0,Under way using engine
2026-09-13T23:06:20Z,219000811,54.916068,11.359973,0.0,Under way using engine
2026-09-13T23:06:34Z,219002177,54.935977,11.371977,0.0,Under way using engine
2026-09-13T23:06:47Z,219000809,54.971927,11.514577,0.0,Moored
2026-09-13T23:07:00Z,219000811,54.916062,11.359978,0.0,Under way using engine
2026-09-13T23:07:05Z,219002177,54.935987,11.371967,0.0,Under way using engine
2026-09-13T23:07:40Z,219000811,54.916060,11.359978,0.0,Under way using engine
2026-09-13T23:07:43Z,219002177,54.935978,11.371960,0.0,Under way using engine
2026-09-13T23:08:13Z,219002177,54.935973,11.371943,0.0,Under way using engine
2026-09-13T23:08:20Z,219000811,54.916060,11.359982,0.0,Under way using engine
2026-09-13T23:08:43Z,219002177,54.935985,11.371947,0.0,Under way using engine
2026-09-13T23:09:00Z,219000809,54.971927,11.514577,0.0,Moored
2026-09-13T23:09:00Z,219000811,54.916063,11.359983,0.0,Under way using engine
2026-09-13T23:09:15Z,219002177,54.935988,11.371973,0.0,Under way using engine
2026-09-13T23:09:40Z,219000811,54.916068,11.359985,0.0,Under way using engine
2026-09-13T23:09:55Z,219002177,54.935992,11.371972,0.0,Under way using engine
2026-09-13T23:10:20Z,219000811,54.916072,11.359987,0.0,Under way using engine
2026-09-13T23:10:25Z,219002177,54.935973,11.371978,0.0,Under way using engine
2026-09-13T23:10:55Z,219002177,54.935983,11.371972,0.0,Under way using engine
2026-09-13T23:11:00Z,219000811,54.916073,11.359985,0.0,Under way using engine
2026-09-13T23:11:25Z,219002177,54.935957,11.371977,0.0,Under way using engine
2026-09-13T23:11:30Z,219000811,54.916072,11.359983,0.0,Under way using engine
2026-09-13T23:11:55Z,219002177,54.935982,11.371972,0.1,Under way using engine
2026-09-13T23:12:10Z,219000811,54.916065,11.359982,0.0,Under way using engine
2026-09-13T23:12:25Z,219002177,54.935978,11.371973,0.0,Under way using engine
2026-09-13T23:12:46Z,219000809,54.971930,11.514568,0.0,Moored
2026-09-13T23:12:50Z,219000811,54.916065,11.359982,0.0,Under way using engine
2026-09-13T23:12:55Z,219002177,54.935992,11.371960,0.0,Under way using engine
2026-09-13T23:13:20Z,219000811,54.916063,11.359983,0.0,Under way using engine
2026-09-13T23:13:25Z,219002177,54.935972,11.371962,0.0,Under way using engine
2026-09-13T23:13:50Z,219000811,54.916065,11.359983,0.0,Under way using engine
2026-09-13T23:14:04Z,219002177,54.935958,11.371973,0.0,Under way using engine
2026-09-13T23:14:30Z,219000811,54.916067,11.359982,0.0,Under way using engine
2026-09-13T23:14:35Z,219002177,54.935958,11.371970,0.0,Under way using engine
2026-09-13T23:15:01Z,219000809,54.971930,11.514568,0.0,Moored
2026-09-13T23:15:10Z,219000811,54.916067,11.359985,0.0,Under way using engine
2026-09-13T23:15:14Z,219002177,54.935958,11.371990,0.0,Under way using engine
2026-09-13T23:15:47Z,219000809,54.971915,11.514567,0.0,Moored
2026-09-13T23:15:50Z,219000811,54.916065,11.359990,0.0,Under way using engine
2026-09-13T23:15:54Z,219002177,54.935975,11.371968,0.0,Under way using engine
2026-09-13T23:16:25Z,219002177,54.935972,11.371973,0.0,Under way using engine
2026-09-13T23:16:30Z,219000811,54.916063,11.359992,0.0,Under way using engine
2026-09-13T23:17:03Z,219002177,54.935985,11.371973,0.0,Under way using engine
2026-09-13T23:17:10Z,219000811,54.916058,11.359995,0.0,Under way using engine
2026-09-13T23:17:35Z,219002177,54.935997,11.371970,0.0,Under way using engine
2026-09-13T23:17:49Z,219000811,54.916060,11.359993,0.0,Under way using engine
2026-09-13T23:18:14Z,219002177,54.935990,11.371975,0.0,Under way using engine
2026-09-13T23:18:19Z,219000811,54.916062,11.359993,0.0,Under way using engine
2026-09-13T23:18:47Z,219000809,54.971935,11.514600,0.0,Moored
2026-09-13T23:18:49Z,219000811,54.916063,11.359992,0.0,Under way using engine
2026-09-13T23:18:54Z,219002177,54.935918,11.372015,0.1,Under way using engine
2026-09-13T23:19:19Z,219000811,54.916065,11.359992,0.0,Under way using engine
2026-09-13T23:19:24Z,219002177,54.935968,11.371980,0.0,Under way using engine
2026-09-13T23:19:49Z,219000811,54.916067,11.359990,0.0,Under way using engine
2026-09-13T23:19:54Z,219002177,54.935980,11.371965,0.0,Under way using engine
2026-09-13T23:20:19Z,219000811,54.916068,11.359985,0.0,Under way using engine
2026-09-13T23:20:24Z,219002177,54.935980,11.371962,0.0,Under way using engine
2026-09-13T23:20:49Z,219000811,54.916072,11.359978,0.0,Under way using engine
2026-09-13T23:20:55Z,219002177,54.935972,11.371965,0.0,Under way using engine
2026-09-13T23:21:01Z,219000809,54.971935,11.514600,0.0,Moored
2026-09-13T23:21:30Z,219000811,54.916072,11.359977,0.0,Under way using engine
2026-09-13T23:21:34Z,219002177,54.935975,11.371962,0.0,Under way using engine
2026-09-13T23:21:43Z,219000809,54.971918,11.514573,0.0,Moored
2026-09-13T23:22:10Z,219000811,54.916072,11.359975,0.0,Under way using engine
2026-09-13T23:22:14Z,219002177,54.935965,11.371965,0.0,Under way using engine
2026-09-13T23:22:50Z,219000811,54.916075,11.359972,0.0,Under way using engine
2026-09-13T23:22:55Z,219002177,54.935975,11.371982,0.0,Under way using engine
2026-09-13T23:23:29Z,219000811,54.916078,11.359970,0.0,Under way using engine
2026-09-13T23:23:34Z,219002177,54.935963,11.371975,0.0,Under way using engine
2026-09-13T23:23:59Z,219000811,54.916077,11.359972,0.0,Under way using engine
2026-09-13T23:24:04Z,219002177,54.935970,11.371982,0.0,Under way using engine
2026-09-13T23:24:29Z,219000811,54.916077,11.359973,0.0,Under way using engine
2026-09-13T23:24:35Z,219002177,54.935947,11.371993,0.0,Under way using engine
2026-09-13T23:24:59Z,219000811,54.916072,11.359975,0.0,Under way using engine
2026-09-13T23:25:15Z,219002177,54.935953,11.371980,0.0,Under way using engine
2026-09-13T23:25:29Z,219000811,54.916070,11.359975,0.0,Under way using engine
2026-09-13T23:25:45Z,219002177,54.935978,11.371988,0.0,Under way using engine
2026-09-13T23:25:59Z,219000811,54.916072,11.359968,0.0,Under way using engine
2026-09-13T23:26:15Z,219002177,54.935963,11.371982,0.0,Under way using engine
2026-09-13T23:26:29Z,219000811,54.916073,11.359963,0.0,Under way using engine
2026-09-13T23:26:45Z,219002177,54.935970,11.371978,0.0,Under way using engine
2026-09-13T23:26:59Z,219000811,54.916072,11.359962,0.0,Under way using engine
2026-09-13T23:27:00Z,219000809,54.971918,11.514573,0.0,Moored
2026-09-13T23:27:15Z,219002177,54.935970,11.371967,0.0,Under way using engine
2026-09-13T23:27:29Z,219000811,54.916072,11.359963,0.0,Under way using engine
2026-09-13T23:27:44Z,219000809,54.971927,11.514560,0.0,Moored
2026-09-13T23:27:45Z,219002177,54.935980,11.371972,0.0,Under way using engine
2026-09-13T23:27:59Z,219000811,54.916070,11.359967,0.0,Under way using engine
2026-09-13T23:28:15Z,219002177,54.935965,11.371973,0.0,Under way using engine
2026-09-13T23:28:29Z,219000811,54.916072,11.359967,0.0,Under way using engine
2026-09-13T23:28:45Z,219002177,54.935973,11.371985,0.0,Under way using engine
2026-09-13T23:28:59Z,219000811,54.916077,11.359967,0.0,Under way using engine
2026-09-13T23:29:18Z,219002177,54.935963,11.371978,0.0,Under way using engine
2026-09-13T23:29:29Z,219000811,54.916073,11.359967,0.0,Under way using engine
2026-09-13T23:29:54Z,219002177,54.935952,11.371982,0.0,Under way using engine
2026-09-13T23:29:59Z,219000811,54.916070,11.359968,0.0,Under way using engine
2026-09-13T23:30:24Z,219002177,54.935968,11.371993,0.0,Under way using engine
2026-09-13T23:30:40Z,219000811,54.916067,11.359972,0.0,Under way using engine
2026-09-13T23:30:54Z,219002177,54.935965,11.371982,0.0,Under way using engine
2026-09-13T23:31:10Z,219000811,54.916067,11.359972,0.0,Under way using engine
2026-09-13T23:31:24Z,219002177,54.935980,11.371975,0.0,Under way using engine
2026-09-13T23:31:40Z,219000811,54.916065,11.359972,0.0,Under way using engine
2026-09-13T23:31:54Z,219002177,54.935953,11.371973,0.0,Under way using engine
2026-09-13T23:32:10Z,219000811,54.916063,11.359972,0.0,Under way using engine
2026-09-13T23:32:24Z,219002177,54.935955,11.371973,0.0,Under way using engine
2026-09-13T23:32:40Z,219000811,54.916063,11.359970,0.0,Under way using engine
2026-09-13T23:32:54Z,219002177,54.935960,11.371982,0.0,Under way using engine
2026-09-13T23:33:00Z,219000809,54.971927,11.514560,0.0,Moored
2026-09-13T23:33:10Z,219000811,54.916063,11.359968,0.0,Under way using engine
2026-09-13T23:33:24Z,219002177,54.935973,11.371973,0.1,Under way using engine
2026-09-13T23:33:40Z,219000811,54.916063,11.359967,0.0,Under way using engine
2026-09-13T23:33:47Z,219000809,54.971903,11.514558,0.0,Moored
2026-09-13T23:33:54Z,219002177,54.935965,11.371980,0.0,Under way using engine
2026-09-13T23:34:10Z,219000811,54.916067,11.359965,0.0,Under way using engine
2026-09-13T23:34:24Z,219002177,54.935968,11.371978,0.0,Under way using engine
2026-09-13T23:34:40Z,219000811,54.916070,11.359963,0.0,Under way using engine
2026-09-13T23:34:54Z,219002177,54.935932,11.371978,0.0,Under way using engine
2026-09-13T23:35:10Z,219000811,54.916070,11.359963,0.0,Under way using engine
2026-09-13T23:35:24Z,219002177,54.935953,11.371975,0.0,Under way using engine
2026-09-13T23:35:40Z,219000811,54.916067,11.359963,0.0,Under way using engine
2026-09-13T23:35:54Z,219002177,54.935920,11.371977,0.0,Under way using engine
2026-09-13T23:36:10Z,219000811,54.916065,11.359962,0.0,Under way using engine
2026-09-13T23:36:24Z,219002177,54.935953,11.371978,0.0,Under way using engine
2026-09-13T23:36:40Z,219000811,54.916063,11.359962,0.0,Under way using engine
2026-09-13T23:36:54Z,219002177,54.935957,11.371990,0.0,Under way using engine
2026-09-13T23:37:10Z,219000811,54.916062,11.359965,0.0,Under way using engine
2026-09-13T23:37:24Z,219002177,54.935960,11.372000,0.0,Under way using engine
2026-09-13T23:37:40Z,219000811,54.916062,11.359967,0.0,Under way using engine
2026-09-13T23:37:54Z,219002177,54.935958,11.372003,0.0,Under way using engine
2026-09-13T23:38:18Z,219000811,54.916062,11.359967,0.0,Under way using engine
2026-09-13T23:38:24Z,219002177,54.935950,11.372000,0.0,Under way using engine
2026-09-13T23:38:49Z,219000811,54.916062,11.359968,0.0,Under way using engine
2026-09-13T23:38:54Z,219002177,54.935945,11.371997,0.0,Under way using engine
2026-09-13T23:39:01Z,219000809,54.971903,11.514558,0.0,Moored
2026-09-13T23:39:24Z,219002177,54.935943,11.372005,0.0,Under way using engine
2026-09-13T23:39:29Z,219000811,54.916062,11.359968,0.0,Under way using engine
2026-09-13T23:39:45Z,219000809,54.971895,11.514577,0.0,Moored
2026-09-13T23:39:54Z,219002177,54.935952,11.372013,0.0,Under way using engine
2026-09-13T23:40:00Z,219000811,54.916062,11.359965,0.0,Under way using engine
2026-09-13T23:40:24Z,219002177,54.935950,11.372015,0.0,Under way using engine
2026-09-13T23:40:40Z,219000811,54.916060,11.359965,0.0,Under way using engine
2026-09-13T23:40:54Z,219002177,54.935957,11.372007,0.0,Under way using engine
2026-09-13T23:41:10Z,219000811,54.916060,11.359965,0.0,Under way using engine
2026-09-13T23:41:24Z,219002177,54.935955,11.371995,0.0,Under way using engine
2026-09-13T23:41:40Z,219000811,54.916063,11.359965,0.0,Under way using engine
2026-09-13T23:41:54Z,219002177,54.935962,11.371992,0.0,Under way using engine
2026-09-13T23:42:10Z,219000811,54.916065,11.359967,0.0,Under way using engine
2026-09-13T23:42:34Z,219002177,54.935968,11.371992,0.0,Under way using engine
2026-09-13T23:42:40Z,219000811,54.916067,11.359965,0.0,Under way using engine
2026-09-13T23:43:04Z,219002177,54.935942,11.371997,0.0,Under way using engine
2026-09-13T23:43:10Z,219000811,54.916067,11.359963,0.0,Under way using engine
2026-09-13T23:43:34Z,219002177,54.935960,11.371998,0.0,Under way using engine
2026-09-13T23:43:40Z,219000811,54.916067,11.359963,0.0,Under way using engine
2026-09-13T23:44:04Z,219002177,54.935963,11.372005,0.0,Under way using engine
2026-09-13T23:44:10Z,219000811,54.916067,11.359962,0.0,Under way using engine
2026-09-13T23:44:34Z,219002177,54.935962,11.372008,0.0,Under way using engine
2026-09-13T23:44:40Z,219000811,54.916065,11.359962,0.0,Under way using engine
2026-09-13T23:45:04Z,219002177,54.935960,11.372005,0.0,Under way using engine
2026-09-13T23:45:20Z,219000811,54.916067,11.359960,0.0,Under way using engine
2026-09-13T23:45:34Z,219002177,54.935952,11.372005,0.0,Under way using engine
2026-09-13T23:45:47Z,219000809,54.971905,11.514607,0.0,Moored
2026-09-13T23:45:50Z,219000811,54.916067,11.359962,0.0,Under way using engine
2026-09-13T23:46:04Z,219002177,54.935953,11.372007,0.0,Under way using engine
2026-09-13T23:46:20Z,219000811,54.916067,11.359963,0.0,Under way using engine
2026-09-13T23:46:45Z,219002177,54.935960,11.371998,0.0,Under way using engine
2026-09-13T23:46:50Z,219000811,54.916068,11.359962,0.0,Under way using engine
2026-09-13T23:47:18Z,219002177,54.935968,11.371997,0.0,Under way using engine
2026-09-13T23:47:20Z,219000811,54.916068,11.359960,0.0,Under way using engine
2026-09-13T23:47:50Z,219000811,54.916068,11.359960,0.0,Under way using engine
2026-09-13T23:47:55Z,219002177,54.935970,11.372012,0.0,Under way using engine
2026-09-13T23:48:20Z,219000811,54.916067,11.359963,0.0,Under way using engine
2026-09-13T23:48:33Z,219002177,54.935963,11.371998,0.0,Under way using engine
2026-09-13T23:48:44Z,219000809,54.971915,11.514590,0.0,Moored
2026-09-13T23:48:50Z,219000811,54.916068,11.359962,0.0,Under way using engine
2026-09-13T23:49:04Z,219002177,54.935968,11.372000,0.0,Under way using engine
2026-09-13T23:49:20Z,219000811,54.916067,11.359962,0.0,Under way using engine
2026-09-13T23:49:44Z,219002177,54.935965,11.372007,0.0,Under way using engine
2026-09-13T23:49:50Z,219000811,54.916063,11.359958,0.0,Under way using engine
2026-09-13T23:50:20Z,219000811,54.916063,11.359955,0.0,Under way using engine
2026-09-13T23:50:24Z,219002177,54.935968,11.371993,0.0,Under way using engine
2026-09-13T23:50:50Z,219000811,54.916062,11.359955,0.0,Under way using engine
2026-09-13T23:50:55Z,219002177,54.935975,11.372007,0.0,Under way using engine
2026-09-13T23:51:01Z,219000809,54.971915,11.514590,0.0,Moored
2026-09-13T23:51:20Z,219000811,54.916062,11.359952,0.0,Under way using engine
2026-09-13T23:51:33Z,219002177,54.935973,11.372003,0.0,Under way using engine
2026-09-13T23:51:45Z,219000809,54.971933,11.514595,0.0,Moored
2026-09-13T23:51:50Z,219000811,54.916062,11.359953,0.0,Under way using engine
2026-09-13T23:52:04Z,219002177,54.935967,11.371998,0.0,Under way using engine
2026-09-13T23:52:20Z,219000811,54.916065,11.359953,0.0,Under way using engine
2026-09-13T23:52:44Z,219002177,54.935960,11.372002,0.0,Under way using engine
2026-09-13T23:52:50Z,219000811,54.916067,11.359955,0.0,Under way using engine
2026-09-13T23:53:15Z,219002177,54.935965,11.372005,0.0,Under way using engine
2026-09-13T23:53:20Z,219000811,54.916067,11.359953,0.0,Under way using engine
2026-09-13T23:53:50Z,219000811,54.916067,11.359953,0.0,Under way using engine
2026-09-13T23:53:55Z,219002177,54.935977,11.371995,0.0,Under way using engine
2026-09-13T23:54:20Z,219000811,54.916067,11.359952,0.0,Under way using engine
2026-09-13T23:54:35Z,219002177,54.935968,11.372005,0.0,Under way using engine
2026-09-13T23:54:47Z,219000809,54.971912,11.514572,0.0,Moored
2026-09-13T23:54:50Z,219000811,54.916067,11.359952,0.0,Under way using engine
2026-09-13T23:55:15Z,219002177,54.935973,11.372007,0.0,Under way using engine
2026-09-13T23:55:20Z,219000811,54.916068,11.359953,0.0,Under way using engine
2026-09-13T23:55:50Z,219000811,54.916068,11.359952,0.0,Under way using engine
2026-09-13T23:55:53Z,219002177,54.935967,11.371997,0.0,Under way using engine
2026-09-13T23:56:20Z,219000811,54.916068,11.359952,0.0,Under way using engine
2026-09-13T23:56:24Z,219002177,54.935977,11.372005,0.0,Under way using engine
2026-09-13T23:56:50Z,219000811,54.916068,11.359950,0.0,Under way using engine
2026-09-13T23:57:00Z,219000809,54.971912,11.514572,0.0,Moored
2026-09-13T23:57:04Z,219002177,54.935967,11.372000,0.0,Under way using engine
2026-09-13T23:57:20Z,219000811,54.916068,11.359952,0.0,Under way using engine
2026-09-13T23:57:35Z,219002177,54.935963,11.372017,0.0,Under way using engine
2026-09-13T23:57:46Z,219000809,54.971915,11.514553,0.0,Moored
2026-09-13T23:57:50Z,219000811,54.916068,11.359955,0.0,Under way using engine
2026-09-13T23:58:14Z,219002177,54.935963,11.372010,0.0,Under way using engine
2026-09-13T23:58:29Z,219000811,54.916070,11.359957,0.0,Under way using engine
2026-09-13T23:58:55Z,219002177,54.935985,11.372025,0.0,Under way using engine
2026-09-13T23:59:10Z,219000811,54.916072,11.359960,0.0,Under way using engine
2026-09-13T23:59:33Z,219002177,54.935987,11.372022,0.0,Under way using engine
2026-09-13T23:59:40Z,219000811,54.916072,11.359960,0.0,Under way using engine
