ts_utc,mmsi,lat,lon,sog,nav
2026-08-28T00:00:00Z,219000811,54.838718,11.491815,0.0,Under way using engine
2026-08-28T00:00:04Z,219002177,54.935953,11.371967,0.0,Under way using engine
2026-08-28T00:00:34Z,219002177,54.935955,11.371965,0.0,Under way using engine
2026-08-28T00:00:40Z,219000811,54.838718,11.491813,0.0,Under way using engine
2026-08-28T00:01:04Z,219002177,54.935960,11.371968,0.0,Under way using engine
2026-08-28T00:01:19Z,219000811,54.838718,11.491813,0.0,Under way using engine
2026-08-28T00:01:34Z,219002177,54.935962,11.371963,0.0,Under way using engine
2026-08-28T00:01:44Z,219000809,54.971907,11.514583,0.0,Moored
2026-08-28T00:01:49Z,219000811,54.838717,11.491815,0.0,Under way using engine
2026-08-28T00:02:04Z,219002177,54.935968,11.371963,0.0,Under way using engine
2026-08-28T00:02:19Z,219000811,54.838717,11.491815,0.0,Under way using engine
2026-08-28T00:02:45Z,219002177,54.935943,11.371983,0.0,Under way using engine
2026-08-28T00:02:49Z,219000811,54.838715,11.491815,0.0,Under way using engine
2026-08-28T00:03:19Z,219000811,54.838713,11.491817,0.0,Under way using engine
2026-08-28T00:03:23Z,219002177,54.935953,11.371977,0.0,Under way using engine
2026-08-28T00:03:42Z,219000809,54.971907,11.514583,0.0,Moored
2026-08-28T00:03:49Z,219000811,54.838712,11.491817,0.0,Under way using engine
2026-08-28T00:03:53Z,219002177,54.935957,11.372000,0.0,Under way using engine
2026-08-28T00:04:19Z,219000811,54.838712,11.491817,0.0,Under way using engine
2026-08-28T00:04:25Z,219002177,54.935987,11.371957,0.0,Under way using engine
2026-08-28T00:04:46Z,219000809,54.971893,11.514578,0.0,Moored
2026-08-28T00:04:50Z,219000811,54.838710,11.491818,0.0,Under way using engine
2026-08-28T00:05:14Z,219002177,54.935977,11.371972,0.0,Under way using engine
2026-08-28T00:05:29Z,219000811,54.838708,11.491822,0.0,Under way using engine
2026-08-28T00:05:45Z,219002177,54.935977,11.371978,0.0,Under way using engine
2026-08-28T00:06:00Z,219000811,54.838708,11.491823,0.0,Under way using engine
2026-08-28T00:06:25Z,219002177,54.935960,11.372003,0.0,Under way using engine
2026-08-28T00:06:38Z,219000811,54.838710,11.491823,0.0,Under way using engine
2026-08-28T00:07:04Z,219002177,54.935970,11.371988,0.0,Under way using engine
2026-08-28T00:07:10Z,219000811,54.838710,11.491825,0.0,Under way using engine
2026-08-28T00:07:34Z,219002177,54.935957,11.372007,0.0,Under way using engine
2026-08-28T00:07:40Z,219000811,54.838712,11.491823,0.0,Under way using engine
2026-08-28T00:07:45Z,219000809,54.971912,11.514577,0.0,Moored
2026-08-28T00:08:10Z,219000811,54.838712,11.491820,0.0,Under way using engine
2026-08-28T00:08:14Z,219002177,54.935977,11.371977,0.0,Under way using engine
2026-08-28T00:08:40Z,219000811,54.838713,11.491820,0.0,Under way using engine
2026-08-28T00:08:54Z,219002177,54.935963,11.371957,0.0,Under way using engine
2026-08-28T00:09:10Z,219000811,54.838713,11.491822,0.0,Under way using engine
2026-08-28T00:09:25Z,219002177,54.935960,11.371972,0.0,Under way using engine
2026-08-28T00:09:40Z,219000811,54.838713,11.491823,0.0,Under way using engine
2026-08-28T00:09:42Z,219000809,54.971912,11.514577,0.0,Moored
2026-08-28T00:10:03Z,219002177,54.935970,11.371958,0.0,Under way using engine
2026-08-28T00:10:10Z,219000811,54.838713,11.491823,0.0,Under way using engine
2026-08-28T00:10:34Z,219002177,54.935988,11.371953,0.0,Under way using engine
2026-08-28T00:10:40Z,219000811,54.838713,11.491827,0.0,Under way using engine
2026-08-28T00:10:45Z,219000809,54.971907,11.514600,0.0,Moored
2026-08-28T00:11:10Z,219000811,54.838715,11.491822,0.0,Under way using engine
2026-08-28T00:11:13Z,219002177,54.935958,11.371972,0.0,Under way using engine
2026-08-28T00:11:40Z,219000811,54.838718,11.491817,0.0,Under way using engine
2026-08-28T00:11:43Z,219002177,54.935965,11.371963,0.0,Under way using engine
2026-08-28T00:12:10Z,219000811,54.838720,11.491813,0.0,Under way using engine
2026-08-28T00:12:13Z,219002177,54.935972,11.371978,0.0,Under way using engine
2026-08-28T00:12:40Z,219000811,54.838720,11.491812,0.0,Under way using engine
2026-08-28T00:12:43Z,219002177,54.935970,11.371980,0.0,Under way using engine
2026-08-28T00:13:10Z,219000811,54.838718,11.491810,0.0,Under way using engine
2026-08-28T00:13:13Z,219002177,54.935963,11.371963,0.0,Under way using engine
2026-08-28T00:13:40Z,219000811,54.838718,11.491807,0.0,Under way using engine
2026-08-28T00:13:43Z,219002177,54.935960,11.371968,0.0,Under way using engine
2026-08-28T00:13:44Z,219000809,54.971917,11.514568,0.0,Moored
2026-08-28T00:14:10Z,219000811,54.838720,11.491807,0.0,Under way using engine
2026-08-28T00:14:25Z,219002177,54.935978,11.371970,0.0,Under way using engine
2026-08-28T00:14:40Z,219000811,54.838720,11.491808,0.0,Under way using engine
2026-08-28T00:14:55Z,219002177,54.935962,11.371973,0.0,Under way using engine
2026-08-28T00:15:10Z,219000811,54.838718,11.491812,0.0,Under way using engine
2026-08-28T00:15:25Z,219002177,54.935978,11.371967,0.0,Under way using engine
2026-08-28T00:15:50Z,219000811,54.838717,11.491817,0.0,Under way using engine
2026-08-28T00:15:55Z,219002177,54.935972,11.371972,0.0,Under way using engine
2026-08-28T00:16:25Z,219002177,54.935967,11.371985,0.0,Under way using engine
2026-08-28T00:16:29Z,219000811,54.838715,11.491823,0.0,Under way using engine
2026-08-28T00:16:44Z,219000809,54.971912,11.514572,0.0,Moored
2026-08-28T00:16:59Z,219000811,54.838713,11.491825,0.0,Under way using engine
2026-08-28T00:17:04Z,219002177,54.935970,11.371982,0.0,Under way using engine
2026-08-28T00:17:29Z,219000811,54.838713,11.491825,0.0,Under way using engine
2026-08-28T00:17:35Z,219002177,54.935980,11.371955,0.0,Under way using engine
2026-08-28T00:17:59Z,219000811,54.838712,11.491825,0.0,Under way using engine
2026-08-28T00:18:14Z,219002177,54.935973,11.371957,0.0,Under way using engine
2026-08-28T00:18:29Z,219000811,54.838712,11.491822,0.0,Under way using engine
2026-08-28T00:18:44Z,219002177,54.935988,11.371943,0.0,Under way using engine
2026-08-28T00:18:59Z,219000811,54.838713,11.491822,0.0,Under way using engine
2026-08-28T00:19:14Z,219002177,54.935958,11.371967,0.0,Under way using engine
2026-08-28T00:19:29Z,219000811,54.838713,11.491823,0.0,Under way using engine
2026-08-28T00:19:44Z,219002177,54.935987,11.371948,0.0,Under way using engine
2026-08-28T00:19:59Z,219000811,54.838713,11.491823,0.0,Under way using engine
2026-08-28T00:20:14Z,219002177,54.935970,11.371965,0.0,Under way using engine
2026-08-28T00:20:29Z,219000811,54.838712,11.491825,0.0,Under way using engine
2026-08-28T00:20:44Z,219002177,54.935972,11.371965,0.0,Under way using engine
2026-08-28T00:20:59Z,219000811,54.838712,11.491828,0.0,Under way using engine
2026-08-28T00:21:14Z,219002177,54.935993,11.371978,0.0,Under way using engine
2026-08-28T00:21:29Z,219000811,54.838710,11.491830,0.0,Under way using engine
2026-08-28T00:21:42Z,219000809,54.971912,11.514572,0.0,Moored
2026-08-28T00:21:44Z,219002177,54.935978,11.371973,0.0,Under way using engine
2026-08-28T00:21:59Z,219000811,54.838710,11.491832,0.0,Under way using engine
2026-08-28T00:22:14Z,219002177,54.935987,11.371947,0.0,Under way using engine
2026-08-28T00:22:30Z,219000811,54.838712,11.491833,0.0,Under way using engine
2026-08-28T00:22:44Z,219000809,54.971900,11.514575,0.0,Moored
2026-08-28T00:22:44Z,219002177,54.935998,11.371962,0.0,Under way using engine
2026-08-28T00:23:09Z,219000811,54.838715,11.491833,0.0,Under way using engine
2026-08-28T00:23:14Z,219002177,54.935987,11.371943,0.0,Under way using engine
2026-08-28T00:23:39Z,219000811,54.838717,11.491832,0.0,Under way using engine
2026-08-28T00:23:44Z,219002177,54.935972,11.371963,0.0,Under way using engine
2026-08-28T00:24:09Z,219000811,54.838715,11.491828,0.0,Under way using engine
2026-08-28T00:24:14Z,219002177,54.935982,11.371963,0.0,Under way using engine
2026-08-28T00:24:39Z,219000811,54.838715,11.491827,0.0,Under way using engine
2026-08-28T00:24:44Z,219002177,54.935950,11.371958,0.0,Under way using engine
2026-08-28T00:25:09Z,219000811,54.838713,11.491827,0.0,Under way using engine
2026-08-28T00:25:25Z,219002177,54.935972,11.371957,0.0,Under way using engine
2026-08-28T00:25:43Z,219000809,54.971925,11.514582,0.0,Moored
2026-08-28T00:25:49Z,219000811,54.838710,11.491830,0.0,Under way using engine
2026-08-28T00:25:55Z,219002177,54.936002,11.371975,0.0,Under way using engine
2026-08-28T00:26:19Z,219000811,54.838710,11.491830,0.0,Under way using engine
2026-08-28T00:26:25Z,219002177,54.935983,11.371978,0.0,Under way using engine
2026-08-28T00:26:49Z,219000811,54.838710,11.491828,0.0,Under way using engine
2026-08-28T00:26:55Z,219002177,54.935995,11.371962,0.0,Under way using engine
2026-08-28T00:27:19Z,219000811,54.838713,11.491825,0.0,Under way using engine
2026-08-28T00:27:25Z,219002177,54.935978,11.371962,0.0,Under way using engine
2026-08-28T00:27:42Z,219000809,54.971925,11.514582,0.0,Moored
2026-08-28T00:27:49Z,219000811,54.838717,11.491823,0.0,Under way using engine
2026-08-28T00:27:55Z,219002177,54.935963,11.371980,0.0,Under way using engine
2026-08-28T00:28:19Z,219000811,54.838717,11.491823,0.0,Under way using engine
2026-08-28T00:28:33Z,219002177,54.935977,11.371982,0.0,Under way using engine
2026-08-28T00:28:43Z,219000809,54.971905,11.514582,0.0,Moored
2026-08-28T00:28:49Z,219000811,54.838720,11.491823,0.0,Under way using engine
2026-08-28T00:29:05Z,219002177,54.935957,11.371963,0.0,Under way using engine
2026-08-28T00:29:19Z,219000811,54.838720,11.491823,0.0,Under way using engine
2026-08-28T00:29:44Z,219002177,54.935978,11.371978,0.0,Under way using engine
2026-08-28T00:29:49Z,219000811,54.838717,11.491822,0.0,Under way using engine
2026-08-28T00:30:14Z,219002177,54.935982,11.371973,0.0,Under way using engine
2026-08-28T00:30:19Z,219000811,54.838715,11.491822,0.0,Under way using engine
2026-08-28T00:30:44Z,219002177,54.935985,11.371995,0.0,Under way using engine
2026-08-28T00:30:49Z,219000811,54.838717,11.491820,0.0,Under way using engine
2026-08-28T00:31:14Z,219002177,54.935980,11.371985,0.0,Under way using engine
2026-08-28T00:31:19Z,219000811,54.838717,11.491818,0.0,Under way using engine
2026-08-28T00:31:43Z,219000809,54.971907,11.514590,0.0,Moored
2026-08-28T00:31:44Z,219002177,54.935978,11.371977,0.0,Under way using engine
2026-08-28T00:31:49Z,219000811,54.838717,11.491818,0.0,Under way using engine
2026-08-28T00:32:14Z,219002177,54.935965,11.371967,0.1,Under way using engine
2026-08-28T00:32:20Z,219000811,54.838717,11.491820,0.0,Under way using engine
2026-08-28T00:32:44Z,219002177,54.935977,11.371942,0.0,Under way using engine
2026-08-28T00:33:00Z,219000811,54.838717,11.491825,0.0,Under way using engine
2026-08-28T00:33:14Z,219002177,54.935937,11.372005,0.0,Under way using engine
2026-08-28T00:33:30Z,219000811,54.838715,11.491822,0.0,Under way using engine
2026-08-28T00:33:42Z,219000809,54.971907,11.514590,0.0,Moored
2026-08-28T00:33:44Z,219002177,54.935995,11.371980,0.0,Under way using engine
2026-08-28T00:34:09Z,219000811,54.838713,11.491818,0.0,Under way using engine
2026-08-28T00:34:14Z,219002177,54.935967,11.371973,0.0,Under way using engine
2026-08-28T00:34:40Z,219000811,54.838715,11.491817,0.0,Under way using engine
2026-08-28T00:34:44Z,219002177,54.935978,11.371955,0.0,Under way using engine
2026-08-28T00:34:45Z,219000809,54.971920,11.514585,0.0,Moored
2026-08-28T00:35:14Z,219002177,54.935987,11.371958,0.0,Under way using engine
2026-08-28T00:35:20Z,219000811,54.838715,11.491818,0.0,Under way using engine
2026-08-28T00:35:44Z,219002177,54.935985,11.371960,0.0,Under way using engine
2026-08-28T00:35:59Z,219000811,54.838713,11.491822,0.0,Under way using engine
2026-08-28T00:36:15Z,219002177,54.935988,11.371972,0.0,Under way using engine
2026-08-28T00:36:30Z,219000811,54.838715,11.491823,0.0,Under way using engine
2026-08-28T00:36:54Z,219002177,54.935963,11.371968,0.0,Under way using engine
2026-08-28T00:37:08Z,219000811,54.838715,11.491823,0.0,Under way using engine
2026-08-28T00:37:24Z,219002177,54.935972,11.371965,0.0,Under way using engine
2026-08-28T00:37:39Z,219000811,54.838717,11.491823,0.0,Under way using engine
2026-08-28T00:37:43Z,219000809,54.971903,11.514585,0.0,Moored
2026-08-28T00:37:54Z,219002177,54.935965,11.371968,0.0,Under way using engine
2026-08-28T00:38:09Z,219000811,54.838718,11.491822,0.0,Under way using engine
2026-08-28T00:38:24Z,219002177,54.935967,11.371978,0.0,Under way using engine
2026-08-28T00:38:39Z,219000811,54.838718,11.491820,0.0,Under way using engine
2026-08-28T00:38:54Z,219002177,54.935962,11.371978,0.0,Under way using engine
2026-08-28T00:39:09Z,219000811,54.838720,11.491822,0.0,Under way using engine
2026-08-28T00:39:24Z,219002177,54.935978,11.371973,0.0,Under way using engine
2026-08-28T00:39:39Z,219000811,54.838718,11.491822,0.0,Under way using engine
2026-08-28T00:39:41Z,219000809,54.971903,11.514585,0.0,Moored
2026-08-28T00:39:54Z,219002177,54.935952,11.371970,0.0,Under way using engine
2026-08-28T00:40:09Z,219000811,54.838718,11.491822,0.0,Under way using engine
2026-08-28T00:40:24Z,219002177,54.935968,11.371968,0.0,Under way using engine
2026-08-28T00:40:39Z,219000811,54.838718,11.491822,0.0,Under way using engine
2026-08-28T00:40:44Z,219000809,54.971942,11.514550,0.0,Moored
2026-08-28T00:40:54Z,219002177,54.935973,11.371970,0.0,Under way using engine
2026-08-28T00:41:09Z,219000811,54.838720,11.491822,0.0,Under way using engine
2026-08-28T00:41:24Z,219002177,54.935958,11.371983,0.0,Under way using engine
2026-08-28T00:41:39Z,219000811,54.838722,11.491823,0.0,Under way using engine
2026-08-28T00:41:54Z,219002177,54.935942,11.371980,0.0,Under way using engine
2026-08-28T00:42:10Z,219000811,54.838722,11.491825,0.0,Under way using engine
2026-08-28T00:42:24Z,219002177,54.935953,11.371973,0.0,Under way using engine
2026-08-28T00:42:48Z,219000811,54.838723,11.491825,0.0,Under way using engine
2026-08-28T00:42:54Z,219002177,54.935943,11.371988,0.0,Under way using engine
2026-08-28T00:43:19Z,219000811,54.838725,11.491822,0.0,Under way using engine
2026-08-28T00:43:24Z,219002177,54.935945,11.371985,0.0,Under way using engine
2026-08-28T00:43:44Z,219000809,54.971908,11.514577,0.0,Moored
2026-08-28T00:43:54Z,219002177,54.935950,11.371978,0.0,Under way using engine
2026-08-28T00:43:59Z,219000811,54.838723,11.491818,0.0,Under way using engine
2026-08-28T00:44:24Z,219002177,54.935935,11.371973,0.1,Under way using engine
2026-08-28T00:44:29Z,219000811,54.838720,11.491818,0.0,Under way using engine
2026-08-28T00:44:54Z,219002177,54.935945,11.372000,0.0,Under way using engine
2026-08-28T00:44:59Z,219000811,54.838718,11.491822,0.0,Under way using engine
2026-08-28T00:45:24Z,219002177,54.935935,11.372010,0.0,Under way using engine
2026-08-28T00:45:29Z,219000811,54.838717,11.491823,0.0,Under way using engine
2026-08-28T00:45:42Z,219000809,54.971908,11.514577,0.0,Moored
2026-08-28T00:45:54Z,219002177,54.935938,11.372000,0.0,Under way using engine
2026-08-28T00:45:59Z,219000811,54.838715,11.491825,0.0,Under way using engine
2026-08-28T00:46:24Z,219002177,54.935942,11.371990,0.0,Under way using engine
2026-08-28T00:46:30Z,219000811,54.838715,11.491825,0.0,Under way using engine
2026-08-28T00:46:46Z,219000809,54.971912,11.514557,0.0,Moored
2026-08-28T00:46:54Z,219002177,54.935952,11.371980,0.0,Under way using engine
2026-08-28T00:47:10Z,219000811,54.838715,11.491825,0.0,Under way using engine
2026-08-28T00:47:24Z,219002177,54.935963,11.371977,0.0,Under way using engine
2026-08-28T00:47:50Z,219000811,54.838715,11.491827,0.0,Under way using engine
2026-08-28T00:47:55Z,219002177,54.935962,11.371990,0.0,Under way using engine
2026-08-28T00:48:24Z,219000811,54.838715,11.491827,0.0,Under way using engine
2026-08-28T00:48:34Z,219002177,54.935955,11.371992,0.0,Under way using engine
2026-08-28T00:48:59Z,219000811,54.838715,11.491825,0.0,Under way using engine
2026-08-28T00:49:05Z,219002177,54.935955,11.371992,0.0,Under way using engine
2026-08-28T00:49:30Z,219000811,54.838715,11.491825,0.0,Under way using engine
2026-08-28T00:49:44Z,219000809,54.971912,11.514573,0.0,Moored
2026-08-28T00:49:45Z,219002177,54.935938,11.371992,0.0,Under way using engine
2026-08-28T00:50:10Z,219000811,54.838717,11.491823,0.0,Under way using engine
2026-08-28T00:50:15Z,219002177,54.935950,11.371975,0.0,Under way using engine
2026-08-28T00:50:45Z,219002177,54.935943,11.371988,0.0,Under way using engine
2026-08-28T00:50:50Z,219000811,54.838715,11.491825,0.0,Under way using engine
2026-08-28T00:51:15Z,219002177,54.935938,11.371975,0.0,Under way using engine
2026-08-28T00:51:20Z,219000811,54.838715,11.491827,0.0,Under way using engine
2026-08-28T00:51:42Z,219000809,54.971912,11.514573,0.0,Moored
2026-08-28T00:51:45Z,219002177,54.935947,11.371977,0.0,Under way using engine
2026-08-28T00:51:50Z,219000811,54.838715,11.491825,0.0,Under way using engine
2026-08-28T00:52:15Z,219002177,54.935943,11.371988,0.0,Under way using engine
2026-08-28T00:52:20Z,219000811,54.838715,11.491823,0.0,Under way using engine
2026-08-28T00:52:45Z,219000809,54.971943,11.514570,0.0,Moored
2026-08-28T00:52:45Z,219002177,54.935935,11.371973,0.0,Under way using engine
2026-08-28T00:52:59Z,219000811,54.838717,11.491823,0.0,Under way using engine
2026-08-28T00:53:15Z,219002177,54.935938,11.371988,0.0,Under way using engine
2026-08-28T00:53:29Z,219000811,54.838718,11.491823,0.0,Under way using engine
2026-08-28T00:53:45Z,219002177,54.935953,11.372013,0.0,Under way using engine
2026-08-28T00:53:59Z,219000811,54.838718,11.491818,0.0,Under way using engine
2026-08-28T00:54:24Z,219002177,54.935950,11.371992,0.1,Under way using engine
2026-08-28T00:54:29Z,219000811,54.838720,11.491815,0.0,Under way using engine
2026-08-28T00:54:59Z,219000811,54.838720,11.491813,0.0,Under way using engine
2026-08-28T00:55:03Z,219002177,54.935962,11.371998,0.0,Under way using engine
2026-08-28T00:55:29Z,219000811,54.838723,11.491817,0.0,Under way using engine
2026-08-28T00:55:33Z,219002177,54.935960,11.371992,0.0,Under way using engine
2026-08-28T00:55:43Z,219000809,54.971912,11.514557,0.0,Moored
2026-08-28T00:55:59Z,219000811,54.838725,11.491817,0.0,Under way using engine
2026-08-28T00:56:03Z,219002177,54.935938,11.371983,0.0,Under way using engine
2026-08-28T00:56:29Z,219000811,54.838723,11.491817,0.0,Under way using engine
2026-08-28T00:56:33Z,219002177,54.935963,11.371990,0.0,Under way using engine
2026-08-28T00:56:59Z,219000811,54.838720,11.491815,0.0,Under way using engine
2026-08-28T00:57:03Z,219002177,54.935960,11.371997,0.0,Under way using engine
2026-08-28T00:57:29Z,219000811,54.838718,11.491813,0.0,Under way using engine
2026-08-28T00:57:33Z,219002177,54.935957,11.371998,0.0,Under way using engine
2026-08-28T00:57:43Z,219000809,54.971912,11.514557,0.0,Moored
2026-08-28T00:57:59Z,219000811,54.838717,11.491817,0.0,Under way using engine
2026-08-28T00:58:05Z,219002177,54.935968,11.372003,0.0,Under way using engine
2026-08-28T00:58:29Z,219000811,54.838715,11.491820,0.0,Under way using engine
2026-08-28T00:58:42Z,219000809,54.971918,11.514543,0.0,Moored
2026-08-28T00:58:44Z,219002177,54.935957,11.371995,0.0,Under way using engine
2026-08-28T00:58:59Z,219000811,54.838718,11.491820,0.0,Under way using engine
2026-08-28T00:59:14Z,219002177,54.935948,11.372015,0.0,Under way using engine
2026-08-28T00:59:29Z,219000811,54.838718,11.491818,0.0,Under way using engine
2026-08-28T00:59:44Z,219002177,54.935963,11.372007,0.0,Under way using engine
2026-08-28T00:59:59Z,219000811,54.838718,11.491817,0.0,Under way using engine
2026-08-28T01:00:14Z,219002177,54.935967,11.371992,0.0,Under way using engine
2026-08-28T01:00:29Z,219000811,54.838717,11.491815,0.0,Under way using engine
2026-08-28T01:00:44Z,219002177,54.935958,11.371997,0.0,Under way using engine
2026-08-28T01:01:09Z,219000811,54.838717,11.491812,0.0,Under way using engine
2026-08-28T01:01:14Z,219002177,54.935957,11.371997,0.0,Under way using engine
2026-08-28T01:01:42Z,219000809,54.971865,11.514543,0.0,Moored
2026-08-28T01:01:44Z,219002177,54.935958,11.371998,0.0,Under way using engine
2026-08-28T01:01:48Z,219000811,54.838717,11.491812,0.0,Under way using engine
2026-08-28T01:02:14Z,219002177,54.935957,11.371995,0.0,Under way using engine
2026-08-28T01:02:19Z,219000811,54.838718,11.491808,0.0,Under way using engine
2026-08-28T01:02:45Z,219002177,54.935963,11.371985,0.0,Under way using engine
2026-08-28T01:02:50Z,219000811,54.838722,11.491807,0.0,Under way using engine
2026-08-28T01:03:24Z,219002177,54.935960,11.371988,0.0,Under way using engine
2026-08-28T01:03:29Z,219000811,54.838725,11.491807,0.0,Under way using engine
2026-08-28T01:03:42Z,219000809,54.971865,11.514543,0.0,Moored
2026-08-28T01:03:55Z,219002177,54.935965,11.371983,0.0,Under way using engine
2026-08-28T01:04:09Z,219000811,54.838723,11.491807,0.0,Under way using engine
2026-08-28T01:04:34Z,219002177,54.935982,11.371998,0.0,Under way using engine
2026-08-28T01:04:39Z,219000811,54.838723,11.491805,0.0,Under way using engine
2026-08-28T01:04:44Z,219000809,54.971907,11.514562,0.0,Moored
2026-08-28T01:05:05Z,219002177,54.935975,11.372003,0.0,Under way using engine
2026-08-28T01:05:09Z,219000811,54.838722,11.491807,0.0,Under way using engine
2026-08-28T01:05:39Z,219000811,54.838722,11.491808,0.0,Under way using engine
2026-08-28T01:05:45Z,219002177,54.935985,11.371988,0.0,Under way using engine
2026-08-28T01:06:10Z,219000811,54.838722,11.491810,0.0,Under way using engine
2026-08-28T01:06:24Z,219002177,54.935982,11.371988,0.0,Under way using engine
2026-08-28T01:06:50Z,219000811,54.838720,11.491812,0.0,Under way using engine
2026-08-28T01:06:55Z,219002177,54.935970,11.371990,0.0,Under way using engine
2026-08-28T01:07:29Z,219000811,54.838720,11.491815,0.0,Under way using engine
2026-08-28T01:07:34Z,219002177,54.935968,11.372010,0.0,Under way using engine
2026-08-28T01:07:42Z,219000809,54.971917,11.514567,0.0,Moored
2026-08-28T01:08:00Z,219000811,54.838717,11.491815,0.0,Under way using engine
2026-08-28T01:08:04Z,219002177,54.935957,11.372025,0.0,Under way using engine
2026-08-28T01:08:34Z,219002177,54.935963,11.372012,0.0,Under way using engine
2026-08-28T01:08:39Z,219000811,54.838715,11.491815,0.0,Under way using engine
2026-08-28T01:09:04Z,219002177,54.935980,11.372002,0.0,Under way using engine
2026-08-28T01:09:10Z,219000811,54.838717,11.491815,0.0,Under way using engine
2026-08-28T01:09:34Z,219002177,54.935977,11.371997,0.0,Under way using engine
2026-08-28T01:09:42Z,219000809,54.971917,11.514567,0.0,Moored
2026-08-28T01:09:49Z,219000811,54.838718,11.491813,0.0,Under way using engine
2026-08-28T01:10:04Z,219002177,54.935975,11.371998,0.0,Under way using engine
2026-08-28T01:10:29Z,219000811,54.838720,11.491810,0.0,Under way using engine
2026-08-28T01:10:34Z,219002177,54.935978,11.371987,0.0,Under way using engine
2026-08-28T01:10:45Z,219000809,54.971920,11.514608,0.0,Moored
2026-08-28T01:10:59Z,219000811,54.838718,11.491807,0.0,Under way using engine
2026-08-28T01:11:04Z,219002177,54.935975,11.371987,0.0,Under way using engine
2026-08-28T01:11:29Z,219000811,54.838718,11.491805,0.0,Under way using engine
2026-08-28T01:11:34Z,219002177,54.935975,11.371988,0.0,Under way using engine
2026-08-28T01:11:59Z,219000811,54.838717,11.491805,0.0,Under way using engine
2026-08-28T01:12:04Z,219002177,54.935977,11.371997,0.0,Under way using engine
2026-08-28T01:12:29Z,219000811,54.838717,11.491807,0.0,Under way using engine
2026-08-28T01:12:34Z,219002177,54.935968,11.372008,0.0,Under way using engine
2026-08-28T01:12:59Z,219000811,54.838717,11.491812,0.0,Under way using engine
2026-08-28T01:13:04Z,219002177,54.935972,11.372025,0.0,Under way using engine
2026-08-28T01:13:29Z,219000811,54.838722,11.491812,0.0,Under way using engine
2026-08-28T01:13:34Z,219002177,54.935975,11.372013,0.0,Under way using engine
2026-08-28T01:13:43Z,219000809,54.971923,11.514590,0.0,Moored
2026-08-28T01:13:59Z,219000811,54.838722,11.491813,0.0,Under way using engine
2026-08-28T01:14:04Z,219002177,54.935980,11.372020,0.0,Under way using engine
2026-08-28T01:14:29Z,219000811,54.838720,11.491815,0.0,Under way using engine
2026-08-28T01:14:34Z,219002177,54.935973,11.372015,0.0,Under way using engine
2026-08-28T01:15:00Z,219000811,54.838720,11.491815,0.0,Under way using engine
2026-08-28T01:15:04Z,219002177,54.935965,11.372000,0.0,Under way using engine
2026-08-28T01:15:35Z,219002177,54.935962,11.372002,0.0,Under way using engine
2026-08-28T01:15:40Z,219000811,54.838717,11.491817,0.0,Under way using engine
2026-08-28T01:15:42Z,219000809,54.971923,11.514590,0.0,Moored
2026-08-28T01:16:09Z,219002177,54.935968,11.372002,0.0,Under way using engine
2026-08-28T01:16:20Z,219000811,54.838718,11.491820,0.0,Under way using engine
2026-08-28T01:16:43Z,219000809,54.971927,11.514562,0.0,Moored
2026-08-28T01:16:43Z,219002177,54.935982,11.372015,0.0,Under way using engine
2026-08-28T01:17:00Z,219000811,54.838718,11.491823,0.0,Under way using engine
2026-08-28T01:17:25Z,219002177,54.935973,11.371992,0.0,Under way using engine
2026-08-28T01:17:40Z,219000811,54.838718,11.491822,0.0,Under way using engine
2026-08-28T01:18:05Z,219002177,54.935975,11.372000,0.0,Under way using engine
2026-08-28T01:18:20Z,219000811,54.838718,11.491822,0.0,Under way using engine
2026-08-28T01:18:35Z,219002177,54.935972,11.372005,0.0,Under way using engine
2026-08-28T01:19:00Z,219000811,54.838718,11.491817,0.0,Under way using engine
2026-08-28T01:19:05Z,219002177,54.935995,11.372012,0.0,Under way using engine
2026-08-28T01:19:39Z,219000811,54.838717,11.491817,0.0,Under way using engine
2026-08-28T01:19:44Z,219000809,54.971937,11.514592,0.0,Moored
2026-08-28T01:19:45Z,219002177,54.935980,11.372018,0.0,Under way using engine
2026-08-28T01:20:09Z,219000811,54.838713,11.491817,0.0,Under way using engine
2026-08-28T01:20:15Z,219002177,54.935978,11.372013,0.0,Under way using engine
2026-08-28T01:20:39Z,219000811,54.838712,11.491817,0.0,Under way using engine
2026-08-28T01:20:45Z,219002177,54.936018,11.372013,0.0,Under way using engine
2026-08-28T01:21:09Z,219000811,54.838712,11.491818,0.0,Under way using engine
2026-08-28T01:21:24Z,219002177,54.935977,11.372002,0.0,Under way using engine
2026-08-28T01:21:39Z,219000811,54.838713,11.491818,0.0,Under way using engine
2026-08-28T01:21:42Z,219000809,54.971937,11.514592,0.0,Moored
2026-08-28T01:21:54Z,219002177,54.935967,11.372003,0.0,Under way using engine
2026-08-28T01:22:09Z,219000811,54.838713,11.491817,0.0,Under way using engine
2026-08-28T01:22:24Z,219002177,54.935970,11.371997,0.0,Under way using engine
2026-08-28T01:22:39Z,219000811,54.838713,11.491818,0.0,Under way using engine
2026-08-28T01:22:44Z,219000809,54.971910,11.514563,0.0,Moored
2026-08-28T01:22:54Z,219002177,54.935970,11.371978,0.0,Under way using engine
2026-08-28T01:23:09Z,219000811,54.838713,11.491818,0.0,Under way using engine
2026-08-28T01:23:24Z,219002177,54.935963,11.371973,0.0,Under way using engine
2026-08-28T01:23:40Z,219000811,54.838713,11.491818,0.0,Under way using engine
2026-08-28T01:23:54Z,219002177,54.935968,11.371975,0.0,Under way using engine
2026-08-28T01:24:19Z,219000811,54.838708,11.491817,0.0,Under way using engine
2026-08-28T01:24:24Z,219002177,54.935960,11.371985,0.0,Under way using engine
2026-08-28T01:24:50Z,219000811,54.838710,11.491817,0.0,Under way using engine
2026-08-28T01:24:54Z,219002177,54.935965,11.371977,0.0,Under way using engine
2026-08-28T01:25:24Z,219002177,54.935968,11.371983,0.0,Under way using engine
2026-08-28T01:25:29Z,219000811,54.838708,11.491817,0.0,Under way using engine
2026-08-28T01:25:43Z,219000809,54.971930,11.514578,0.0,Moored
2026-08-28T01:25:54Z,219002177,54.935953,11.372000,0.0,Under way using engine
2026-08-28T01:26:00Z,219000811,54.838710,11.491818,0.0,Under way using engine
2026-08-28T01:26:24Z,219002177,54.935962,11.372000,0.0,Under way using engine
2026-08-28T01:26:40Z,219000811,54.838710,11.491823,0.0,Under way using engine
2026-08-28T01:26:54Z,219002177,54.935962,11.371995,0.0,Under way using engine
2026-08-28T01:27:19Z,219000811,54.838710,11.491823,0.0,Under way using engine
2026-08-28T01:27:24Z,219002177,54.935968,11.371958,0.0,Under way using engine
2026-08-28T01:27:43Z,219000809,54.971930,11.514578,0.0,Moored
2026-08-28T01:27:49Z,219000811,54.838710,11.491822,0.0,Under way using engine
2026-08-28T01:27:54Z,219002177,54.935963,11.371970,0.0,Under way using engine
2026-08-28T01:28:19Z,219000811,54.838710,11.491825,0.0,Under way using engine
2026-08-28T01:28:24Z,219002177,54.935967,11.371970,0.0,Under way using engine
2026-08-28T01:28:44Z,219000809,54.971923,11.514580,0.0,Moored
2026-08-28T01:28:49Z,219000811,54.838710,11.491825,0.0,Under way using engine
2026-08-28T01:28:54Z,219002177,54.935972,11.371963,0.0,Under way using engine
2026-08-28T01:29:20Z,219000811,54.838710,11.491827,0.0,Under way using engine
2026-08-28T01:29:24Z,219002177,54.935957,11.372007,0.0,Under way using engine
2026-08-28T01:29:54Z,219002177,54.935968,11.372043,0.0,Under way using engine
2026-08-28T01:30:00Z,219000811,54.838710,11.491823,0.0,Under way using engine
2026-08-28T01:30:24Z,219002177,54.935960,11.372015,0.0,Under way using engine
2026-08-28T01:30:40Z,219000811,54.838710,11.491823,0.0,Under way using engine
2026-08-28T01:30:54Z,219002177,54.935945,11.372000,0.0,Under way using engine
2026-08-28T01:31:20Z,219000811,54.838710,11.491820,0.0,Under way using engine
2026-08-28T01:31:24Z,219002177,54.935953,11.371993,0.0,Under way using engine
2026-08-28T01:31:44Z,219000809,54.971922,11.514560,0.0,Moored
2026-08-28T01:31:54Z,219002177,54.935953,11.372012,0.0,Under way using engine
2026-08-28T01:32:00Z,219000811,54.838710,11.491820,0.0,Under way using engine
2026-08-28T01:32:24Z,219002177,54.935953,11.372030,0.0,Under way using engine
2026-08-28T01:32:39Z,219000811,54.838710,11.491815,0.0,Under way using engine
2026-08-28T01:33:04Z,219002177,54.935958,11.371997,0.0,Under way using engine
2026-08-28T01:33:09Z,219000811,54.838710,11.491813,0.0,Under way using engine
2026-08-28T01:33:34Z,219002177,54.935965,11.371973,0.0,Under way using engine
2026-08-28T01:33:39Z,219000811,54.838712,11.491810,0.0,Under way using engine
2026-08-28T01:33:43Z,219000809,54.971922,11.514560,0.0,Moored
2026-08-28T01:34:04Z,219002177,54.935963,11.371973,0.0,Under way using engine
2026-08-28T01:34:18Z,219000811,54.838712,11.491807,0.0,Under way using engine
2026-08-28T01:34:34Z,219002177,54.935952,11.372017,0.0,Under way using engine
2026-08-28T01:34:46Z,219000809,54.971928,11.514562,0.0,Moored
2026-08-28T01:34:50Z,219000811,54.838712,11.491808,0.0,Under way using engine
2026-08-28T01:35:04Z,219002177,54.935963,11.371993,0.0,Under way using engine
2026-08-28T01:35:28Z,219000811,54.838713,11.491810,0.0,Under way using engine
2026-08-28T01:35:34Z,219002177,54.935963,11.371993,0.0,Under way using engine
2026-08-28T01:35:59Z,219000811,54.838715,11.491813,0.0,Under way using engine
2026-08-28T01:36:04Z,219002177,54.935962,11.371987,0.0,Under way using engine
2026-08-28T01:36:34Z,219002177,54.935967,11.371987,0.0,Under way using engine
2026-08-28T01:36:39Z,219000811,54.838717,11.491815,0.0,Under way using engine
2026-08-28T01:37:04Z,219002177,54.935968,11.371985,0.0,Under way using engine
2026-08-28T01:37:18Z,219000811,54.838717,11.491813,0.0,Under way using engine
2026-08-28T01:37:34Z,219002177,54.935980,11.371972,0.0,Under way using engine
2026-08-28T01:37:43Z,219000809,54.971915,11.514587,0.0,Moored
2026-08-28T01:37:50Z,219000811,54.838717,11.491815,0.0,Under way using engine
2026-08-28T01:38:04Z,219002177,54.935980,11.371975,0.0,Under way using engine
2026-08-28T01:38:28Z,219000811,54.838715,11.491815,0.0,Under way using engine
2026-08-28T01:38:34Z,219002177,54.935973,11.371972,0.0,Under way using engine
2026-08-28T01:38:59Z,219000811,54.838715,11.491815,0.0,Under way using engine
2026-08-28T01:39:04Z,219002177,54.935972,11.371972,0.0,Under way using engine
2026-08-28T01:39:30Z,219000811,54.838715,11.491817,0.0,Under way using engine
2026-08-28T01:39:34Z,219002177,54.935962,11.371963,0.0,Under way using engine
2026-08-28T01:39:42Z,219000809,54.971915,11.514587,0.0,Moored
2026-08-28T01:40:04Z,219002177,54.935958,11.371985,0.0,Under way using engine
2026-08-28T01:40:09Z,219000811,54.838715,11.491820,0.0,Under way using engine
2026-08-28T01:40:34Z,219002177,54.935958,11.371998,0.0,Under way using engine
2026-08-28T01:40:39Z,219000811,54.838715,11.491822,0.0,Under way using engine
2026-08-28T01:40:46Z,219000809,54.971925,11.514583,0.0,Moored
2026-08-28T01:41:04Z,219002177,54.935955,11.371985,0.0,Under way using engine
2026-08-28T01:41:09Z,219000811,54.838715,11.491822,0.0,Under way using engine
2026-08-28T01:41:34Z,219002177,54.935967,11.371978,0.0,Under way using engine
2026-08-28T01:41:39Z,219000811,54.838715,11.491822,0.0,Under way using engine
2026-08-28T01:42:04Z,219002177,54.935968,11.371980,0.0,Under way using engine
2026-08-28T01:42:09Z,219000811,54.838715,11.491823,0.0,Under way using engine
2026-08-28T01:42:34Z,219002177,54.935953,11.371975,0.0,Under way using engine
2026-08-28T01:42:50Z,219000811,54.838713,11.491827,0.0,Under way using engine
2026-08-28T01:43:15Z,219002177,54.935953,11.371952,0.0,Under way using engine
2026-08-28T01:43:20Z,219000811,54.838713,11.491825,0.0,Under way using engine
2026-08-28T01:43:45Z,219002177,54.935973,11.372012,0.0,Under way using engine
2026-08-28T01:44:00Z,219000811,54.838712,11.491827,0.0,Under way using engine
2026-08-28T01:44:15Z,219002177,54.935972,11.371980,0.0,Under way using engine
2026-08-28T01:44:30Z,219000811,54.838712,11.491828,0.0,Under way using engine
2026-08-28T01:44:45Z,219002177,54.935970,11.371977,0.0,Under way using engine
2026-08-28T01:45:00Z,219000811,54.838712,11.491830,0.0,Under way using engine
2026-08-28T01:45:25Z,219002177,54.935965,11.371975,0.0,Under way using engine
2026-08-28T01:45:38Z,219000811,54.838713,11.491828,0.0,Under way using engine
2026-08-28T01:45:42Z,219000809,54.971925,11.514583,0.0,Moored
2026-08-28T01:46:03Z,219002177,54.935978,11.371972,0.0,Under way using engine
2026-08-28T01:46:09Z,219000811,54.838713,11.491828,0.0,Under way using engine
2026-08-28T01:46:35Z,219002177,54.935978,11.371990,0.0,Under way using engine
2026-08-28T01:46:44Z,219000809,54.971917,11.514558,0.0,Moored
2026-08-28T01:46:49Z,219000811,54.838710,11.491828,0.0,Under way using engine
2026-08-28T01:47:05Z,219002177,54.935972,11.371980,0.0,Under way using engine
2026-08-28T01:47:29Z,219000811,54.838710,11.491825,0.0,Under way using engine
2026-08-28T01:47:35Z,219002177,54.935982,11.372015,0.0,Under way using engine
2026-08-28T01:48:00Z,219000811,54.838710,11.491822,0.0,Under way using engine
2026-08-28T01:48:05Z,219002177,54.935972,11.371990,0.0,Under way using engine
2026-08-28T01:48:35Z,219002177,54.935973,11.372003,0.0,Under way using engine
2026-08-28T01:48:38Z,219000811,54.838708,11.491822,0.0,Under way using engine
2026-08-28T01:49:05Z,219002177,54.935975,11.371992,0.0,Under way using engine
2026-08-28T01:49:09Z,219000811,54.838707,11.491820,0.0,Under way using engine
2026-08-28T01:49:35Z,219002177,54.935967,11.371975,0.0,Under way using engine
2026-08-28T01:49:49Z,219000811,54.838707,11.491820,0.0,Under way using engine
2026-08-28T01:50:05Z,219002177,54.935965,11.372002,0.0,Under way using engine
2026-08-28T01:50:29Z,219000811,54.838708,11.491820,0.0,Under way using engine
2026-08-28T01:50:35Z,219002177,54.935968,11.371978,0.0,Under way using engine
2026-08-28T01:50:59Z,219000811,54.838707,11.491822,0.0,Under way using engine
2026-08-28T01:51:05Z,219002177,54.935960,11.371958,0.0,Under way using engine
2026-08-28T01:51:29Z,219000811,54.838707,11.491823,0.0,Under way using engine
2026-08-28T01:51:35Z,219002177,54.935972,11.371968,0.0,Under way using engine
2026-08-28T01:51:43Z,219000809,54.971917,11.514558,0.0,Moored
2026-08-28T01:51:59Z,219000811,54.838705,11.491825,0.0,Under way using engine
2026-08-28T01:52:05Z,219002177,54.935967,11.371972,0.0,Under way using engine
2026-08-28T01:52:30Z,219000811,54.838705,11.491825,0.0,Under way using engine
2026-08-28T01:52:35Z,219002177,54.935975,11.371968,0.0,Under way using engine
2026-08-28T01:52:42Z,219000809,54.971910,11.514562,0.0,Moored
2026-08-28T01:53:05Z,219002177,54.935973,11.371975,0.0,Under way using engine
2026-08-28T01:53:09Z,219000811,54.838707,11.491822,0.0,Under way using engine
2026-08-28T01:53:35Z,219002177,54.935972,11.371990,0.0,Under way using engine
2026-08-28T01:53:50Z,219000811,54.838707,11.491818,0.0,Under way using engine
2026-08-28T01:54:05Z,219002177,54.935975,11.371983,0.0,Under way using engine
2026-08-28T01:54:23Z,219000811,54.838707,11.491813,0.0,Under way using engine
2026-08-28T01:54:45Z,219002177,54.935982,11.371977,0.0,Under way using engine
2026-08-28T01:54:59Z,219000811,54.838705,11.491808,0.0,Under way using engine
2026-08-28T01:55:15Z,219002177,54.935972,11.371975,0.0,Under way using engine
2026-08-28T01:55:30Z,219000811,54.838705,11.491808,0.0,Under way using engine
2026-08-28T01:55:45Z,219002177,54.935958,11.371975,0.0,Under way using engine
2026-08-28T01:55:46Z,219000809,54.971918,11.514552,0.0,Moored
2026-08-28T01:56:09Z,219000811,54.838707,11.491808,0.0,Under way using engine
2026-08-28T01:56:15Z,219002177,54.935960,11.371987,0.0,Under way using engine
2026-08-28T01:56:39Z,219000811,54.838710,11.491813,0.0,Under way using engine
2026-08-28T01:56:45Z,219002177,54.935960,11.371980,0.0,Under way using engine
2026-08-28T01:57:09Z,219000811,54.838712,11.491815,0.0,Under way using engine
2026-08-28T01:57:15Z,219002177,54.935962,11.371977,0.0,Under way using engine
2026-08-28T01:57:39Z,219000811,54.838713,11.491818,0.0,Under way using engine
2026-08-28T01:57:43Z,219000809,54.971918,11.514552,0.0,Moored
2026-08-28T01:57:45Z,219002177,54.935970,11.371980,0.0,Under way using engine
2026-08-28T01:58:09Z,219000811,54.838715,11.491818,0.0,Under way using engine
2026-08-28T01:58:24Z,219002177,54.935968,11.371985,0.0,Under way using engine
2026-08-28T01:58:40Z,219000811,54.838715,11.491820,0.0,Under way using engine
2026-08-28T01:58:43Z,219000809,54.971910,11.514577,0.0,Moored
2026-08-28T01:58:55Z,219002177,54.935972,11.371987,0.0,Under way using engine
2026-08-28T01:59:10Z,219000811,54.838713,11.491823,0.0,Under way using engine
2026-08-28T01:59:33Z,219002177,54.935983,11.371985,0.0,Under way using engine
2026-08-28T01:59:40Z,219000811,54.838712,11.491825,0.0,Under way using engine
2026-08-28T02:00:04Z,219002177,54.935980,11.371987,0.0,Under way using engine
2026-08-28T02:00:10Z,219000811,54.838710,11.491825,0.0,Under way using engine
2026-08-28T02:00:40Z,219000811,54.838710,11.491822,0.0,Under way using engine
2026-08-28T02:00:45Z,219002177,54.935973,11.371987,0.0,Under way using engine
2026-08-28T02:01:10Z,219000811,54.838712,11.491817,0.0,Under way using engine
2026-08-28T02:01:24Z,219002177,54.935967,11.371990,0.0,Under way using engine
2026-08-28T02:01:40Z,219000811,54.838712,11.491817,0.0,Under way using engine
2026-08-28T02:02:04Z,219002177,54.935977,11.371970,0.0,Under way using engine
2026-08-28T02:02:10Z,219000811,54.838710,11.491820,0.0,Under way using engine
2026-08-28T02:02:40Z,219000811,54.838710,11.491822,0.0,Under way using engine
2026-08-28T02:02:45Z,219002177,54.935988,11.371970,0.0,Under way using engine
2026-08-28T02:03:10Z,219000811,54.838710,11.491823,0.0,Under way using engine
2026-08-28T02:03:25Z,219002177,54.935975,11.371985,0.0,Under way using engine
2026-08-28T02:03:40Z,219000811,54.838710,11.491823,0.0,Under way using engine
2026-08-28T02:03:42Z,219000809,54.971910,11.514577,0.0,Moored
2026-08-28T02:04:04Z,219002177,54.935972,11.371970,0.0,Under way using engine
2026-08-28T02:04:10Z,219000811,54.838710,11.491827,0.0,Under way using engine
2026-08-28T02:04:45Z,219000809,54.971910,11.514567,0.1,Moored
2026-08-28T02:04:45Z,219002177,54.935972,11.371963,0.0,Under way using engine
2026-08-28T02:04:50Z,219000811,54.838713,11.491825,0.0,Under way using engine
2026-08-28T02:05:20Z,219000811,54.838713,11.491827,0.0,Under way using engine
2026-08-28T02:05:25Z,219002177,54.935987,11.371977,0.0,Under way using engine
2026-08-28T02:05:50Z,219000811,54.838713,11.491827,0.0,Under way using engine
2026-08-28T02:06:04Z,219002177,54.935987,11.371980,0.0,Under way using engine
2026-08-28T02:06:20Z,219000811,54.838715,11.491828,0.0,Under way using engine
2026-08-28T02:06:45Z,219002177,54.935977,11.371973,0.0,Under way using engine
2026-08-28T02:06:50Z,219000811,54.838715,11.491828,0.0,Under way using engine
2026-08-28T02:07:20Z,219000811,54.838715,11.491828,0.0,Under way using engine
2026-08-28T02:07:25Z,219002177,54.935978,11.371985,0.0,Under way using engine
2026-08-28T02:07:45Z,219000809,54.971908,11.514565,0.0,Moored
2026-08-28T02:07:50Z,219000811,54.838717,11.491825,0.0,Under way using engine
2026-08-28T02:08:04Z,219002177,54.935980,11.371987,0.0,Under way using engine
2026-08-28T02:08:20Z,219000811,54.838717,11.491823,0.0,Under way using engine
2026-08-28T02:08:34Z,219002177,54.935982,11.371993,0.0,Under way using engine
2026-08-28T02:08:50Z,219000811,54.838717,11.491822,0.0,Under way using engine
2026-08-28T02:09:04Z,219002177,54.935982,11.371995,0.0,Under way using engine
2026-08-28T02:09:20Z,219000811,54.838715,11.491822,0.0,Under way using engine
2026-08-28T02:09:34Z,219002177,54.935980,11.371987,0.0,Under way using engine
2026-08-28T02:09:42Z,219000809,54.971908,11.514565,0.0,Moored
2026-08-28T02:09:50Z,219000811,54.838712,11.491820,0.0,Under way using engine
2026-08-28T02:10:04Z,219002177,54.935978,11.371972,0.0,Under way using engine
2026-08-28T02:10:20Z,219000811,54.838710,11.491820,0.0,Under way using engine
2026-08-28T02:10:34Z,219002177,54.935972,11.371970,0.0,Under way using engine
2026-08-28T02:10:43Z,219000809,54.971927,11.514577,0.0,Moored
2026-08-28T02:10:59Z,219000811,54.838708,11.491822,0.0,Under way using engine
2026-08-28T02:11:15Z,219002177,54.935967,11.371973,0.0,Under way using engine
2026-08-28T02:11:29Z,219000811,54.838708,11.491823,0.0,Under way using engine
2026-08-28T02:11:45Z,219002177,54.935963,11.371990,0.0,Under way using engine
2026-08-28T02:12:00Z,219000811,54.838708,11.491823,0.0,Under way using engine
2026-08-28T02:12:15Z,219002177,54.935970,11.371985,0.0,Under way using engine
2026-08-28T02:12:39Z,219000811,54.838708,11.491823,0.0,Under way using engine
2026-08-28T02:12:45Z,219002177,54.935968,11.371988,0.0,Under way using engine
2026-08-28T02:13:09Z,219000811,54.838708,11.491820,0.0,Under way using engine
2026-08-28T02:13:15Z,219002177,54.935963,11.371988,0.0,Under way using engine
2026-08-28T02:13:39Z,219000811,54.838708,11.491817,0.0,Under way using engine
2026-08-28T02:13:45Z,219002177,54.935967,11.371978,0.0,Under way using engine
2026-08-28T02:13:46Z,219000809,54.971910,11.514578,0.0,Moored
2026-08-28T02:14:09Z,219000811,54.838707,11.491815,0.0,Under way using engine
2026-08-28T02:14:15Z,219002177,54.935968,11.371973,0.0,Under way using engine
2026-08-28T02:14:39Z,219000811,54.838707,11.491815,0.0,Under way using engine
2026-08-28T02:14:45Z,219002177,54.935968,11.371968,0.0,Under way using engine
2026-08-28T02:15:09Z,219000811,54.838707,11.491812,0.0,Under way using engine
2026-08-28T02:15:15Z,219002177,54.935962,11.371975,0.0,Under way using engine
2026-08-28T02:15:39Z,219000811,54.838705,11.491810,0.0,Under way using engine
2026-08-28T02:15:42Z,219000809,54.971910,11.514578,0.0,Moored
2026-08-28T02:15:54Z,219002177,54.935958,11.371978,0.0,Under way using engine
2026-08-28T02:16:09Z,219000811,54.838705,11.491810,0.0,Under way using engine
2026-08-28T02:16:24Z,219002177,54.935960,11.371985,0.0,Under way using engine
2026-08-28T02:16:39Z,219000811,54.838705,11.491812,0.0,Under way using engine
2026-08-28T02:16:46Z,219000809,54.971913,11.514572,0.0,Moored
2026-08-28T02:16:54Z,219002177,54.935965,11.371983,0.0,Under way using engine
2026-08-28T02:17:09Z,219000811,54.838707,11.491815,0.0,Under way using engine
2026-08-28T02:17:24Z,219002177,54.935955,11.371988,0.0,Under way using engine
2026-08-28T02:17:39Z,219000811,54.838707,11.491818,0.0,Under way using engine
2026-08-28T02:17:54Z,219002177,54.935958,11.371985,0.0,Under way using engine
2026-08-28T02:18:09Z,219000811,54.838708,11.491818,0.0,Under way using engine
2026-08-28T02:18:24Z,219002177,54.935967,11.371980,0.0,Under way using engine
2026-08-28T02:18:39Z,219000811,54.838710,11.491818,0.0,Under way using engine
2026-08-28T02:18:54Z,219002177,54.935967,11.371973,0.0,Under way using engine
2026-08-28T02:19:09Z,219000811,54.838710,11.491818,0.0,Under way using engine
2026-08-28T02:19:25Z,219002177,54.935962,11.371982,0.0,Under way using engine
2026-08-28T02:19:39Z,219000811,54.838710,11.491820,0.0,Under way using engine
2026-08-28T02:19:46Z,219000809,54.971940,11.514595,0.0,Moored
2026-08-28T02:20:04Z,219002177,54.935958,11.371987,0.0,Under way using engine
2026-08-28T02:20:09Z,219000811,54.838708,11.491822,0.0,Under way using engine
2026-08-28T02:20:39Z,219000811,54.838707,11.491823,0.0,Under way using engine
2026-08-28T02:20:44Z,219002177,54.935972,11.371993,0.0,Under way using engine
2026-08-28T02:21:14Z,219002177,54.935968,11.371995,0.0,Under way using engine
2026-08-28T02:21:18Z,219000811,54.838705,11.491825,0.0,Under way using engine
2026-08-28T02:21:42Z,219000809,54.971940,11.514595,0.0,Moored
2026-08-28T02:21:44Z,219002177,54.935983,11.372022,0.0,Under way using engine
2026-08-28T02:21:49Z,219000811,54.838705,11.491825,0.0,Under way using engine
2026-08-28T02:22:14Z,219002177,54.935962,11.372008,0.0,Under way using engine
2026-08-28T02:22:29Z,219000811,54.838707,11.491823,0.0,Under way using engine
2026-08-28T02:22:44Z,219002177,54.935978,11.372020,0.0,Under way using engine
2026-08-28T02:22:46Z,219000809,54.971932,11.514585,0.0,Moored
2026-08-28T02:23:00Z,219000811,54.838708,11.491825,0.0,Under way using engine
2026-08-28T02:23:14Z,219002177,54.935973,11.372002,0.0,Under way using engine
2026-08-28T02:23:39Z,219000811,54.838712,11.491825,0.0,Under way using engine
2026-08-28T02:23:55Z,219002177,54.935972,11.372008,0.0,Under way using engine
2026-08-28T02:24:18Z,219000811,54.838712,11.491823,0.0,Under way using engine
2026-08-28T02:24:25Z,219002177,54.935977,11.372020,0.0,Under way using engine
2026-08-28T02:24:49Z,219000811,54.838712,11.491818,0.0,Under way using engine
2026-08-28T02:24:55Z,219002177,54.935977,11.372010,0.0,Under way using engine
2026-08-28T02:25:19Z,219000811,54.838713,11.491817,0.0,Under way using engine
2026-08-28T02:25:33Z,219002177,54.935980,11.372007,0.0,Under way using engine
2026-08-28T02:25:43Z,219000809,54.971925,11.514602,0.0,Moored
2026-08-28T02:25:49Z,219000811,54.838713,11.491813,0.0,Under way using engine
2026-08-28T02:26:04Z,219002177,54.935980,11.371997,0.0,Under way using engine
2026-08-28T02:26:19Z,219000811,54.838712,11.491815,0.0,Under way using engine
2026-08-28T02:26:43Z,219002177,54.935980,11.372013,0.0,Under way using engine
2026-08-28T02:26:49Z,219000811,54.838712,11.491815,0.0,Under way using engine
2026-08-28T02:27:14Z,219002177,54.935968,11.372003,0.0,Under way using engine
2026-08-28T02:27:19Z,219000811,54.838712,11.491812,0.0,Under way using engine
2026-08-28T02:27:42Z,219000809,54.971925,11.514602,0.0,Moored
2026-08-28T02:27:44Z,219002177,54.935963,11.371983,0.0,Under way using engine
2026-08-28T02:27:49Z,219000811,54.838710,11.491813,0.0,Under way using engine
2026-08-28T02:28:14Z,219002177,54.935972,11.371995,0.0,Under way using engine
2026-08-28T02:28:19Z,219000811,54.838708,11.491812,0.0,Under way using engine
2026-08-28T02:28:43Z,219000809,54.971917,11.514575,0.0,Moored
2026-08-28T02:28:44Z,219002177,54.935967,11.371992,0.0,Under way using engine
2026-08-28T02:28:49Z,219000811,54.838708,11.491812,0.0,Under way using engine
2026-08-28T02:29:14Z,219002177,54.935960,11.372010,0.0,Under way using engine
2026-08-28T02:29:19Z,219000811,54.838707,11.491813,0.0,Under way using engine
2026-08-28T02:29:44Z,219002177,54.935968,11.372027,0.0,Under way using engine
2026-08-28T02:29:50Z,219000811,54.838708,11.491817,0.0,Under way using engine
2026-08-28T02:30:14Z,219002177,54.935968,11.372018,0.0,Under way using engine
2026-08-28T02:30:23Z,219000811,54.838710,11.491817,0.0,Under way using engine
2026-08-28T02:30:44Z,219002177,54.935967,11.372007,0.0,Under way using engine
2026-08-28T02:30:59Z,219000811,54.838708,11.491820,0.0,Under way using engine
2026-08-28T02:31:14Z,219002177,54.935968,11.371993,0.0,Under way using engine
2026-08-28T02:31:30Z,219000811,54.838710,11.491822,0.0,Under way using engine
2026-08-28T02:31:44Z,219000809,54.971932,11.514590,0.0,Moored
2026-08-28T02:31:44Z,219002177,54.935962,11.371997,0.0,Under way using engine
2026-08-28T02:32:00Z,219000811,54.838710,11.491822,0.0,Under way using engine
2026-08-28T02:32:14Z,219002177,54.935963,11.371993,0.0,Under way using engine
2026-08-28T02:32:30Z,219000811,54.838712,11.491818,0.0,Under way using engine
2026-08-28T02:32:44Z,219002177,54.935980,11.372007,0.0,Under way using engine
2026-08-28T02:33:00Z,219000811,54.838712,11.491820,0.0,Under way using engine
2026-08-28T02:33:14Z,219002177,54.935975,11.372010,0.0,Under way using engine
2026-08-28T02:33:30Z,219000811,54.838712,11.491818,0.0,Under way using engine
2026-08-28T02:33:43Z,219000809,54.971932,11.514590,0.0,Moored
2026-08-28T02:33:45Z,219002177,54.935978,11.372023,0.0,Under way using engine
2026-08-28T02:34:00Z,219000811,54.838712,11.491818,0.0,Under way using engine
2026-08-28T02:34:24Z,219002177,54.935965,11.372018,0.0,Under way using engine
2026-08-28T02:34:30Z,219000811,54.838710,11.491817,0.0,Under way using engine
2026-08-28T02:34:45Z,219000809,54.971925,11.514588,0.0,Moored
2026-08-28T02:35:00Z,219000811,54.838708,11.491818,0.0,Under way using engine
2026-08-28T02:35:04Z,219002177,54.935965,11.372012,0.0,Under way using engine
2026-08-28T02:35:30Z,219000811,54.838708,11.491818,0.0,Under way using engine
2026-08-28T02:35:35Z,219002177,54.935973,11.371998,0.0,Under way using engine
2026-08-28T02:36:00Z,219000811,54.838710,11.491817,0.0,Under way using engine
2026-08-28T02:36:15Z,219002177,54.935955,11.372023,0.0,Under way using engine
2026-08-28T02:36:30Z,219000811,54.838710,11.491818,0.0,Under way using engine
2026-08-28T02:36:45Z,219002177,54.935963,11.372008,0.0,Under way using engine
2026-08-28T02:37:00Z,219000811,54.838710,11.491820,0.0,Under way using engine
2026-08-28T02:37:15Z,219002177,54.935963,11.372007,0.0,Under way using engine
2026-08-28T02:37:30Z,219000811,54.838710,11.491820,0.0,Under way using engine
2026-08-28T02:37:45Z,219000809,54.971932,11.514592,0.0,Moored
2026-08-28T02:37:45Z,219002177,54.935967,11.372002,0.0,Under way using engine
2026-08-28T02:38:00Z,219000811,54.838710,11.491818,0.0,Under way using engine
2026-08-28T02:38:15Z,219002177,54.935978,11.371992,0.0,Under way using engine
2026-08-28T02:38:39Z,219000811,54.838712,11.491818,0.0,Under way using engine
2026-08-28T02:38:45Z,219002177,54.935970,11.371995,0.0,Under way using engine
2026-08-28T02:39:10Z,219000811,54.838713,11.491818,0.0,Under way using engine
2026-08-28T02:39:15Z,219002177,54.935970,11.372000,0.0,Under way using engine
2026-08-28T02:39:45Z,219002177,54.935965,11.372032,0.0,Under way using engine
2026-08-28T02:39:48Z,219000811,54.838717,11.491815,0.0,Under way using engine
2026-08-28T02:40:19Z,219000811,54.838715,11.491813,0.0,Under way using engine
2026-08-28T02:40:25Z,219002177,54.935970,11.372017,0.0,Under way using engine
2026-08-28T02:40:46Z,219000809,54.971913,11.514603,0.0,Moored
2026-08-28T02:40:59Z,219000811,54.838715,11.491817,0.0,Under way using engine
2026-08-28T02:41:05Z,219002177,54.935970,11.372007,0.0,Under way using engine
2026-08-28T02:41:35Z,219002177,54.935960,11.371988,0.0,Under way using engine
2026-08-28T02:41:39Z,219000811,54.838715,11.491822,0.0,Under way using engine
2026-08-28T02:42:05Z,219002177,54.935958,11.371985,0.0,Under way using engine
2026-08-28T02:42:10Z,219000811,54.838713,11.491822,0.0,Under way using engine
2026-08-28T02:42:35Z,219002177,54.935962,11.371995,0.0,Under way using engine
2026-08-28T02:42:40Z,219000811,54.838713,11.491818,0.0,Under way using engine
2026-08-28T02:43:05Z,219002177,54.935970,11.371987,0.0,Under way using engine
2026-08-28T02:43:10Z,219000811,54.838713,11.491818,0.0,Under way using engine
2026-08-28T02:43:40Z,219000811,54.838715,11.491820,0.0,Under way using engine
2026-08-28T02:43:43Z,219000809,54.971918,11.514588,0.0,Moored
2026-08-28T02:43:43Z,219002177,54.935973,11.371977,0.0,Under way using engine
2026-08-28T02:44:10Z,219000811,54.838717,11.491828,0.0,Under way using engine
2026-08-28T02:44:14Z,219002177,54.935972,11.371990,0.0,Under way using engine
2026-08-28T02:44:40Z,219000811,54.838717,11.491830,0.0,Under way using engine
2026-08-28T02:44:53Z,219002177,54.935970,11.371990,0.0,Under way using engine
2026-08-28T02:45:10Z,219000811,54.838717,11.491828,0.0,Under way using engine
2026-08-28T02:45:23Z,219002177,54.935958,11.371987,0.0,Under way using engine
2026-08-28T02:45:40Z,219000811,54.838717,11.491828,0.0,Under way using engine
2026-08-28T02:45:43Z,219000809,54.971918,11.514588,0.0,Moored
2026-08-28T02:45:53Z,219002177,54.935960,11.371992,0.0,Under way using engine
2026-08-28T02:46:19Z,219000811,54.838720,11.491830,0.0,Under way using engine
2026-08-28T02:46:23Z,219002177,54.935952,11.372023,0.0,Under way using engine
2026-08-28T02:46:44Z,219000809,54.971920,11.514588,0.0,Moored
2026-08-28T02:46:49Z,219000811,54.838723,11.491832,0.0,Under way using engine
2026-08-28T02:46:53Z,219002177,54.935945,11.372025,0.0,Under way using engine
2026-08-28T02:47:19Z,219000811,54.838722,11.491832,0.0,Under way using engine
2026-08-28T02:47:23Z,219002177,54.935957,11.372005,0.0,Under way using engine
2026-08-28T02:47:49Z,219000811,54.838718,11.491832,0.0,Under way using engine
2026-08-28T02:47:53Z,219002177,54.935958,11.371993,0.0,Under way using engine
2026-08-28T02:48:19Z,219000811,54.838717,11.491833,0.0,Under way using engine
2026-08-28T02:48:23Z,219002177,54.935962,11.371998,0.0,Under way using engine
2026-08-28T02:48:49Z,219000811,54.838715,11.491837,0.0,Under way using engine
2026-08-28T02:48:53Z,219002177,54.935962,11.371997,0.0,Under way using engine
2026-08-28T02:49:19Z,219000811,54.838715,11.491838,0.0,Under way using engine
2026-08-28T02:49:23Z,219002177,54.935983,11.371970,0.0,Under way using engine
2026-08-28T02:49:49Z,219000811,54.838713,11.491837,0.0,Under way using engine
2026-08-28T02:49:53Z,219002177,54.935988,11.371960,0.0,Under way using engine
2026-08-28T02:50:19Z,219000811,54.838710,11.491833,0.0,Under way using engine
2026-08-28T02:50:23Z,219002177,54.935958,11.371975,0.0,Under way using engine
2026-08-28T02:50:49Z,219000811,54.838710,11.491830,0.0,Under way using engine
2026-08-28T02:50:53Z,219002177,54.935945,11.372017,0.0,Under way using engine
2026-08-28T02:51:19Z,219000811,54.838713,11.491830,0.0,Under way using engine
2026-08-28T02:51:23Z,219002177,54.935958,11.372020,0.0,Under way using engine
2026-08-28T02:51:42Z,219000809,54.971920,11.514588,0.0,Moored
2026-08-28T02:51:49Z,219000811,54.838715,11.491832,0.0,Under way using engine
2026-08-28T02:51:53Z,219002177,54.935943,11.372025,0.0,Under way using engine
2026-08-28T02:52:19Z,219000811,54.838713,11.491830,0.0,Under way using engine
2026-08-28T02:52:23Z,219002177,54.935943,11.372017,0.0,Under way using engine
2026-08-28T02:52:43Z,219000809,54.971922,11.514580,0.0,Moored
2026-08-28T02:52:49Z,219000811,54.838712,11.491828,0.0,Under way using engine
2026-08-28T02:52:54Z,219002177,54.935947,11.372017,0.0,Under way using engine
2026-08-28T02:53:19Z,219000811,54.838712,11.491825,0.0,Under way using engine
2026-08-28T02:53:25Z,219002177,54.935955,11.372023,0.0,Under way using engine
2026-08-28T02:53:49Z,219000811,54.838712,11.491823,0.0,Under way using engine
2026-08-28T02:54:03Z,219002177,54.935965,11.372010,0.0,Under way using engine
2026-08-28T02:54:19Z,219000811,54.838712,11.491825,0.0,Under way using engine
2026-08-28T02:54:33Z,219002177,54.935975,11.371992,0.0,Under way using engine
2026-08-28T02:54:49Z,219000811,54.838712,11.491825,0.0,Under way using engine
2026-08-28T02:55:03Z,219002177,54.935962,11.371985,0.0,Under way using engine
2026-08-28T02:55:19Z,219000811,54.838712,11.491823,0.0,Under way using engine
2026-08-28T02:55:33Z,219002177,54.935967,11.371967,0.0,Under way using engine
2026-08-28T02:55:43Z,219000809,54.971913,11.514582,0.0,Moored
2026-08-28T02:55:49Z,219000811,54.838712,11.491823,0.0,Under way using engine
2026-08-28T02:56:03Z,219002177,54.935970,11.371952,0.0,Under way using engine
2026-08-28T02:56:20Z,219000811,54.838710,11.491823,0.0,Under way using engine
2026-08-28T02:56:33Z,219002177,54.935972,11.371957,0.0,Under way using engine
2026-08-28T02:56:59Z,219000811,54.838712,11.491825,0.0,Under way using engine
2026-08-28T02:57:03Z,219002177,54.935968,11.371952,0.0,Under way using engine
2026-08-28T02:57:30Z,219000811,54.838715,11.491828,0.0,Under way using engine
2026-08-28T02:57:33Z,219002177,54.935960,11.371985,0.0,Under way using engine
2026-08-28T02:57:42Z,219000809,54.971913,11.514582,0.0,Moored
2026-08-28T02:58:03Z,219002177,54.935963,11.371978,0.0,Under way using engine
2026-08-28T02:58:10Z,219000811,54.838717,11.491832,0.0,Under way using engine
2026-08-28T02:58:33Z,219002177,54.935977,11.371968,0.0,Under way using engine
2026-08-28T02:58:45Z,219000809,54.971927,11.514585,0.0,Moored
2026-08-28T02:58:50Z,219000811,54.838715,11.491827,0.0,Under way using engine
2026-08-28T02:59:03Z,219002177,54.935963,11.371967,0.0,Under way using engine
2026-08-28T02:59:20Z,219000811,54.838713,11.491825,0.0,Under way using engine
2026-08-28T02:59:33Z,219002177,54.935965,11.371955,0.0,Under way using engine
2026-08-28T02:59:50Z,219000811,54.838713,11.491823,0.0,Under way using engine
2026-08-28T03:00:03Z,219002177,54.935958,11.371968,0.0,Under way using engine
2026-08-28T03:00:20Z,219000811,54.838715,11.491825,0.0,Under way using engine
2026-08-28T03:00:33Z,219002177,54.935963,11.371977,0.0,Under way using engine
2026-08-28T03:00:50Z,219000811,54.838717,11.491823,0.0,Under way using engine
2026-08-28T03:01:03Z,219002177,54.935985,11.371977,0.0,Under way using engine
2026-08-28T03:01:30Z,219000811,54.838717,11.491823,0.0,Under way using engine
2026-08-28T03:01:33Z,219002177,54.935975,11.371980,0.0,Under way using engine
2026-08-28T03:01:45Z,219000809,54.971903,11.514578,0.0,Moored
2026-08-28T03:02:03Z,219002177,54.935988,11.371980,0.0,Under way using engine
2026-08-28T03:02:08Z,219000811,54.838718,11.491822,0.0,Under way using engine
2026-08-28T03:02:33Z,219002177,54.935982,11.372000,0.0,Under way using engine
2026-08-28T03:02:39Z,219000811,54.838718,11.491823,0.0,Under way using engine
2026-08-28T03:03:03Z,219002177,54.935970,11.372028,0.0,Under way using engine
2026-08-28T03:03:30Z,219000811,54.838717,11.491827,0.0,Under way using engine
2026-08-28T03:03:45Z,219002177,54.935968,11.372030,0.0,Under way using engine
2026-08-28T03:04:00Z,219000811,54.838717,11.491827,0.0,Under way using engine
2026-08-28T03:04:24Z,219002177,54.935965,11.372020,0.0,Under way using engine
2026-08-28T03:04:30Z,219000811,54.838717,11.491828,0.0,Under way using engine
2026-08-28T03:04:44Z,219000809,54.971910,11.514560,0.0,Moored
2026-08-28T03:04:54Z,219002177,54.935960,11.372020,0.0,Under way using engine
2026-08-28T03:05:00Z,219000811,54.838715,11.491828,0.0,Under way using engine
2026-08-28T03:05:30Z,219000811,54.838712,11.491827,0.0,Under way using engine
2026-08-28T03:05:45Z,219002177,54.935973,11.371993,0.0,Under way using engine
2026-08-28T03:06:00Z,219000811,54.838710,11.491830,0.0,Under way using engine
2026-08-28T03:06:23Z,219002177,54.935958,11.372003,0.0,Under way using engine
2026-08-28T03:06:39Z,219000811,54.838713,11.491830,0.0,Under way using engine
2026-08-28T03:06:54Z,219002177,54.935965,11.371987,0.0,Under way using engine
2026-08-28T03:07:19Z,219000811,54.838715,11.491828,0.0,Under way using engine
2026-08-28T03:07:43Z,219000809,54.971917,11.514560,0.0,Moored
2026-08-28T03:07:44Z,219002177,54.935975,11.371967,0.0,Under way using engine
2026-08-28T03:07:50Z,219000811,54.838718,11.491827,0.0,Under way using engine
2026-08-28T03:08:14Z,219002177,54.935968,11.372012,0.0,Under way using engine
2026-08-28T03:08:39Z,219000811,54.838717,11.491827,0.0,Under way using engine
2026-08-28T03:08:44Z,219002177,54.935962,11.372032,0.0,Under way using engine
2026-08-28T03:09:14Z,219002177,54.935983,11.371993,0.0,Under way using engine
2026-08-28T03:09:19Z,219000811,54.838718,11.491825,0.0,Under way using engine
2026-08-28T03:09:42Z,219000809,54.971917,11.514560,0.0,Moored
2026-08-28T03:09:44Z,219002177,54.935980,11.371993,0.0,Under way using engine
2026-08-28T03:09:49Z,219000811,54.838715,11.491828,0.0,Under way using engine
2026-08-28T03:10:14Z,219002177,54.935980,11.371980,0.0,Under way using engine
2026-08-28T03:10:19Z,219000811,54.838713,11.491830,0.0,Under way using engine
2026-08-28T03:10:44Z,219002177,54.935992,11.371982,0.0,Under way using engine
2026-08-28T03:10:45Z,219000809,54.971925,11.514583,0.0,Moored
2026-08-28T03:10:49Z,219000811,54.838712,11.491830,0.0,Under way using engine
2026-08-28T03:11:14Z,219002177,54.935982,11.372012,0.0,Under way using engine
2026-08-28T03:11:19Z,219000811,54.838710,11.491828,0.0,Under way using engine
2026-08-28T03:11:44Z,219002177,54.935980,11.372002,0.0,Under way using engine
2026-08-28T03:11:49Z,219000811,54.838710,11.491825,0.0,Under way using engine
2026-08-28T03:12:14Z,219002177,54.935980,11.371992,0.0,Under way using engine
2026-08-28T03:12:19Z,219000811,54.838710,11.491827,0.0,Under way using engine
2026-08-28T03:12:49Z,219000811,54.838712,11.491827,0.0,Under way using engine
2026-08-28T03:12:53Z,219002177,54.935968,11.371968,0.0,Under way using engine
2026-08-28T03:13:19Z,219000811,54.838713,11.491828,0.0,Under way using engine
2026-08-28T03:13:24Z,219002177,54.935965,11.371987,0.0,Under way using engine
2026-08-28T03:13:46Z,219000809,54.971925,11.514570,0.0,Moored
2026-08-28T03:13:49Z,219000811,54.838712,11.491832,0.0,Under way using engine
2026-08-28T03:14:03Z,219002177,54.935982,11.371965,0.0,Under way using engine
2026-08-28T03:14:19Z,219000811,54.838713,11.491828,0.0,Under way using engine
2026-08-28T03:14:34Z,219002177,54.935963,11.371980,0.0,Under way using engine
2026-08-28T03:14:49Z,219000811,54.838713,11.491828,0.0,Under way using engine
2026-08-28T03:15:19Z,219000811,54.838715,11.491825,0.0,Under way using engine
2026-08-28T03:15:24Z,219002177,54.935980,11.371983,0.0,Under way using engine
2026-08-28T03:15:42Z,219000809,54.971925,11.514570,0.0,Moored
2026-08-28T03:15:49Z,219000811,54.838717,11.491822,0.0,Under way using engine
2026-08-28T03:15:55Z,219002177,54.935977,11.372003,0.0,Under way using engine
2026-08-28T03:16:19Z,219000811,54.838715,11.491823,0.0,Under way using engine
2026-08-28T03:16:33Z,219002177,54.935975,11.371988,0.0,Under way using engine
2026-08-28T03:16:42Z,219000809,54.971917,11.514583,0.0,Moored
2026-08-28T03:16:50Z,219000811,54.838717,11.491823,0.0,Under way using engine
2026-08-28T03:17:03Z,219002177,54.935982,11.371970,0.0,Under way using engine
2026-08-28T03:17:29Z,219000811,54.838718,11.491823,0.0,Under way using engine
2026-08-28T03:17:33Z,219002177,54.935975,11.371977,0.0,Under way using engine
2026-08-28T03:18:03Z,219002177,54.935968,11.371968,0.0,Under way using engine
2026-08-28T03:18:10Z,219000811,54.838717,11.491825,0.0,Under way using engine
2026-08-28T03:18:33Z,219002177,54.935970,11.371980,0.0,Under way using engine
2026-08-28T03:18:40Z,219000811,54.838717,11.491827,0.0,Under way using engine
2026-08-28T03:19:03Z,219002177,54.935957,11.371967,0.0,Under way using engine
2026-08-28T03:19:10Z,219000811,54.838718,11.491825,0.0,Under way using engine
2026-08-28T03:19:33Z,219002177,54.935963,11.371965,0.0,Under way using engine
2026-08-28T03:19:40Z,219000811,54.838720,11.491825,0.0,Under way using engine
2026-08-28T03:20:03Z,219002177,54.935980,11.371963,0.0,Under way using engine
2026-08-28T03:20:10Z,219000811,54.838720,11.491823,0.0,Under way using engine
2026-08-28T03:20:33Z,219002177,54.935955,11.371972,0.0,Under way using engine
2026-08-28T03:20:40Z,219000811,54.838718,11.491822,0.0,Under way using engine
2026-08-28T03:21:10Z,219000811,54.838717,11.491822,0.0,Under way using engine
2026-08-28T03:21:14Z,219002177,54.935955,11.371980,0.0,Under way using engine
2026-08-28T03:21:40Z,219000811,54.838717,11.491822,0.0,Under way using engine
2026-08-28T03:21:42Z,219000809,54.971917,11.514583,0.0,Moored
2026-08-28T03:21:44Z,219002177,54.935970,11.371968,0.1,Under way using engine
2026-08-28T03:22:10Z,219000811,54.838713,11.491820,0.0,Under way using engine
2026-08-28T03:22:14Z,219002177,54.935972,11.371972,0.0,Under way using engine
2026-08-28T03:22:40Z,219000811,54.838712,11.491822,0.0,Under way using engine
2026-08-28T03:22:44Z,219002177,54.935960,11.371973,0.0,Under way using engine
2026-08-28T03:22:45Z,219000809,54.971908,11.514550,0.1,Moored
2026-08-28T03:23:10Z,219000811,54.838710,11.491822,0.0,Under way using engine
2026-08-28T03:23:14Z,219002177,54.935933,11.371975,0.0,Under way using engine
2026-08-28T03:23:40Z,219000811,54.838710,11.491822,0.0,Under way using engine
2026-08-28T03:23:44Z,219002177,54.935920,11.371990,0.1,Under way using engine
2026-08-28T03:24:10Z,219000811,54.838710,11.491820,0.0,Under way using engine
2026-08-28T03:24:14Z,219002177,54.935925,11.371982,0.1,Under way using engine
2026-08-28T03:24:44Z,219002177,54.935963,11.371963,0.0,Under way using engine
2026-08-28T03:24:49Z,219000811,54.838712,11.491820,0.0,Under way using engine
2026-08-28T03:25:14Z,219002177,54.935968,11.371973,0.0,Under way using engine
2026-08-28T03:25:20Z,219000811,54.838712,11.491822,0.0,Under way using engine
2026-08-28T03:25:44Z,219000809,54.971928,11.514542,0.0,Moored
2026-08-28T03:25:44Z,219002177,54.935972,11.371973,0.0,Under way using engine
2026-08-28T03:25:50Z,219000811,54.838712,11.491823,0.0,Under way using engine
2026-08-28T03:26:14Z,219002177,54.935975,11.371970,0.0,Under way using engine
2026-08-28T03:26:20Z,219000811,54.838710,11.491825,0.0,Under way using engine
2026-08-28T03:26:44Z,219002177,54.935967,11.371980,0.0,Under way using engine
2026-08-28T03:26:50Z,219000811,54.838710,11.491825,0.0,Under way using engine
2026-08-28T03:27:14Z,219002177,54.935962,11.371985,0.0,Under way using engine
2026-08-28T03:27:20Z,219000811,54.838710,11.491822,0.0,Under way using engine
2026-08-28T03:27:42Z,219000809,54.971928,11.514542,0.0,Moored
2026-08-28T03:27:44Z,219002177,54.935962,11.371990,0.0,Under way using engine
2026-08-28T03:27:50Z,219000811,54.838707,11.491820,0.0,Under way using engine
2026-08-28T03:28:14Z,219002177,54.935970,11.372002,0.0,Under way using engine
2026-08-28T03:28:20Z,219000811,54.838707,11.491818,0.0,Under way using engine
2026-08-28T03:28:44Z,219002177,54.935973,11.371978,0.0,Under way using engine
2026-08-28T03:28:46Z,219000809,54.971917,11.514560,0.0,Moored
2026-08-28T03:28:50Z,219000811,54.838708,11.491815,0.0,Under way using engine
2026-08-28T03:29:15Z,219002177,54.935982,11.371978,0.0,Under way using engine
2026-08-28T03:29:20Z,219000811,54.838710,11.491812,0.0,Under way using engine
2026-08-28T03:29:50Z,219000811,54.838708,11.491817,0.0,Under way using engine
2026-08-28T03:29:53Z,219002177,54.935987,11.371997,0.0,Under way using engine
2026-08-28T03:30:24Z,219000811,54.838710,11.491817,0.0,Under way using engine
2026-08-28T03:30:24Z,219002177,54.935960,11.371983,0.2,Under way using engine
2026-08-28T03:31:00Z,219000811,54.838713,11.491815,0.0,Under way using engine
2026-08-28T03:31:03Z,219002177,54.935733,11.371863,1.9,Under way using engine
2026-08-28T03:31:30Z,219000811,54.838713,11.491815,0.0,Under way using engine
2026-08-28T03:31:34Z,219002177,54.935332,11.371633,3.4,Under way using engine
2026-08-28T03:31:46Z,219000809,54.971912,11.514550,0.0,Moored
2026-08-28T03:32:00Z,219000811,54.838712,11.491812,0.0,Under way using engine
2026-08-28T03:32:15Z,219002177,54.934738,11.370940,4.1,Under way using engine
2026-08-28T03:32:30Z,219000811,54.838708,11.491815,0.0,Under way using engine
2026-08-28T03:32:55Z,219002177,54.934095,11.370038,4.6,Under way using engine
2026-08-28T03:33:00Z,219000811,54.838708,11.491818,0.0,Under way using engine
2026-08-28T03:33:30Z,219000811,54.838710,11.491823,0.0,Under way using engine
2026-08-28T03:33:34Z,219002177,54.933400,11.369118,4.9,Under way using engine
2026-08-28T03:33:43Z,219000809,54.971912,11.514550,0.0,Moored
2026-08-28T03:34:00Z,219000811,54.838710,11.491822,0.0,Under way using engine
2026-08-28T03:34:04Z,219002177,54.932822,11.368420,5.3,Under way using engine
2026-08-28T03:34:30Z,219000811,54.838712,11.491818,0.0,Under way using engine
2026-08-28T03:34:34Z,219002177,54.932155,11.367802,5.5,Under way using engine
2026-08-28T03:34:45Z,219000809,54.971920,11.514567,0.0,Moored
2026-08-28T03:35:00Z,219000811,54.838712,11.491822,0.0,Under way using engine
2026-08-28T03:35:04Z,219002177,54.931397,11.367660,5.6,Under way using engine
2026-08-28T03:35:39Z,219000811,54.838710,11.491825,0.0,Under way using engine
2026-08-28T03:35:45Z,219002177,54.930355,11.368067,5.7,Under way using engine
2026-08-28T03:36:15Z,219002177,54.929617,11.368510,5.9,Under way using engine
2026-08-28T03:36:19Z,219000811,54.838705,11.491828,0.0,Under way using engine
2026-08-28T03:36:45Z,219002177,54.928810,11.368988,5.9,Under way using engine
2026-08-28T03:36:49Z,219000811,54.838700,11.491830,0.0,Under way using engine
2026-08-28T03:37:19Z,219000811,54.838705,11.491828,0.0,Under way using engine
2026-08-28T03:37:24Z,219002177,54.927803,11.369577,6.0,Under way using engine
2026-08-28T03:37:42Z,219000809,54.971913,11.514558,0.0,Moored
2026-08-28T03:37:55Z,219002177,54.926928,11.369932,6.5,Under way using engine
2026-08-28T03:38:00Z,219000811,54.838710,11.491825,0.0,Under way using engine
2026-08-28T03:38:30Z,219000811,54.838708,11.491828,0.0,Under way using engine
2026-08-28T03:38:34Z,219002177,54.925768,11.370482,6.7,Under way using engine
2026-08-28T03:39:00Z,219000811,54.838708,11.491825,0.0,Under way using engine
2026-08-28T03:39:05Z,219002177,54.924795,11.370748,6.9,Under way using engine
2026-08-28T03:39:30Z,219000811,54.838708,11.491823,0.0,Under way using engine
2026-08-28T03:39:42Z,219000809,54.971913,11.514558,0.0,Moored
2026-08-28T03:39:45Z,219002177,54.923530,11.371217,6.9,Under way using engine
2026-08-28T03:40:00Z,219000811,54.838708,11.491822,0.0,Under way using engine
2026-08-28T03:40:24Z,219002177,54.922273,11.371263,7.1,Under way using engine
2026-08-28T03:40:30Z,219000811,54.838707,11.491820,0.0,Under way using engine
2026-08-28T03:40:43Z,219000809,54.971915,11.514568,0.0,Moored
2026-08-28T03:40:55Z,219002177,54.921240,11.371268,7.1,Under way using engine
2026-08-28T03:41:00Z,219000811,54.838708,11.491820,0.0,Under way using engine
2026-08-28T03:41:30Z,219000811,54.838707,11.491820,0.0,Under way using engine
2026-08-28T03:41:34Z,219002177,54.920005,11.371190,7.0,Under way using engine
2026-08-28T03:42:05Z,219002177,54.919000,11.371178,7.0,Under way using engine
2026-08-28T03:42:09Z,219000811,54.838705,11.491820,0.0,Under way using engine
2026-08-28T03:42:33Z,219000809,54.971900,11.514550,0.0,Under way using engine
2026-08-28T03:42:40Z,219000811,54.838705,11.491825,0.0,Under way using engine
2026-08-28T03:42:45Z,219002177,54.917703,11.370998,7.1,Under way using engine
2026-08-28T03:43:04Z,219000809,54.971907,11.514562,0.0,Under way using engine
2026-08-28T03:43:20Z,219000811,54.838707,11.491825,0.0,Under way using engine
2026-08-28T03:43:24Z,219002177,54.916818,11.369593,7.1,Under way using engine
2026-08-28T03:43:43Z,219000809,54.971908,11.514557,0.0,Under way using engine
2026-08-28T03:43:50Z,219000811,54.838707,11.491825,0.0,Under way using engine
2026-08-28T03:43:54Z,219002177,54.916635,11.367873,7.7,Under way using engine
2026-08-28T03:44:14Z,219000809,54.971903,11.514572,0.0,Under way using engine
2026-08-28T03:44:20Z,219000811,54.838705,11.491825,0.0,Under way using engine
2026-08-28T03:44:24Z,219002177,54.916490,11.365933,7.8,Under way using engine
2026-08-28T03:44:50Z,219000811,54.838708,11.491827,0.0,Under way using engine
2026-08-28T03:44:53Z,219000809,54.971902,11.514565,0.0,Under way using engine
2026-08-28T03:44:54Z,219002177,54.916413,11.364248,6.9,Under way using engine
2026-08-28T03:45:20Z,219000811,54.838703,11.491835,0.0,Under way using engine
2026-08-28T03:45:23Z,219000809,54.971902,11.514572,0.0,Under way using engine
2026-08-28T03:45:24Z,219002177,54.916383,11.362812,5.0,Under way using engine
2026-08-28T03:45:50Z,219000811,54.838703,11.491835,0.0,Under way using engine
2026-08-28T03:45:53Z,219000809,54.971910,11.514563,0.0,Under way using engine
2026-08-28T03:45:54Z,219002177,54.916365,11.362010,3.0,Under way using engine
2026-08-28T03:46:23Z,219000809,54.971907,11.514570,0.0,Under way using engine
2026-08-28T03:46:24Z,219002177,54.916348,11.361400,2.3,Under way using engine
2026-08-28T03:46:30Z,219000811,54.838705,11.491830,0.0,Under way using engine
2026-08-28T03:46:53Z,219000809,54.971915,11.514580,0.0,Under way using engine
2026-08-28T03:46:54Z,219002177,54.916350,11.360942,1.7,Under way using engine
2026-08-28T03:47:00Z,219000811,54.838707,11.491828,0.0,Under way using engine
2026-08-28T03:47:24Z,219000809,54.971913,11.514563,0.0,Under way using engine
2026-08-28T03:47:24Z,219002177,54.916343,11.360622,1.0,Under way using engine
2026-08-28T03:47:30Z,219000811,54.838708,11.491827,0.1,Under way using engine
2026-08-28T03:47:54Z,219000809,54.971912,11.514548,0.0,Under way using engine
2026-08-28T03:47:54Z,219002177,54.916338,11.360538,0.1,Under way using engine
2026-08-28T03:48:00Z,219000811,54.838708,11.491830,0.0,Under way using engine
2026-08-28T03:48:24Z,219000809,54.971912,11.514560,0.0,Under way using engine
2026-08-28T03:48:24Z,219002177,54.916328,11.360542,0.0,Under way using engine
2026-08-28T03:48:30Z,219000811,54.838710,11.491830,0.0,Under way using engine
2026-08-28T03:48:54Z,219000809,54.971912,11.514572,0.0,Under way using engine
2026-08-28T03:48:54Z,219002177,54.916308,11.360547,0.0,Under way using engine
2026-08-28T03:49:00Z,219000811,54.838710,11.491830,0.0,Under way using engine
2026-08-28T03:49:24Z,219000809,54.971915,11.514565,0.0,Under way using engine
2026-08-28T03:49:24Z,219002177,54.916337,11.360557,0.0,Under way using engine
2026-08-28T03:49:39Z,219000811,54.838708,11.491827,0.0,Under way using engine
2026-08-28T03:49:54Z,219000809,54.971917,11.514563,0.0,Under way using engine
2026-08-28T03:49:54Z,219002177,54.916342,11.360563,0.0,Under way using engine
2026-08-28T03:50:09Z,219000811,54.838707,11.491820,0.0,Under way using engine
2026-08-28T03:50:24Z,219000809,54.971915,11.514568,0.0,Under way using engine
2026-08-28T03:50:24Z,219002177,54.916340,11.360533,0.0,Under way using engine
2026-08-28T03:50:39Z,219000811,54.838705,11.491818,0.0,Under way using engine
2026-08-28T03:50:54Z,219000809,54.971905,11.514568,0.0,Under way using engine
2026-08-28T03:50:54Z,219002177,54.916337,11.360557,0.0,Under way using engine
2026-08-28T03:51:09Z,219000811,54.838705,11.491818,0.0,Under way using engine
2026-08-28T03:51:24Z,219000809,54.971905,11.514547,0.0,Under way using engine
2026-08-28T03:51:25Z,219002177,54.916325,11.360568,0.0,Under way using engine
2026-08-28T03:51:39Z,219000811,54.838705,11.491822,0.0,Under way using engine
2026-08-28T03:51:54Z,219000809,54.971915,11.514575,0.0,Under way using engine
2026-08-28T03:52:05Z,219002177,54.916345,11.360542,0.0,Under way using engine
2026-08-28T03:52:09Z,219000811,54.838707,11.491827,0.0,Under way using engine
2026-08-28T03:52:24Z,219000809,54.971922,11.514573,0.0,Under way using engine
2026-08-28T03:52:39Z,219000811,54.838705,11.491825,0.0,Under way using engine
2026-08-28T03:52:43Z,219002177,54.916347,11.360540,0.0,Under way using engine
2026-08-28T03:52:54Z,219000809,54.971903,11.514568,0.0,Under way using engine
2026-08-28T03:53:09Z,219000811,54.838703,11.491825,0.0,Under way using engine
2026-08-28T03:53:13Z,219002177,54.916343,11.360533,0.0,Under way using engine
2026-08-28T03:53:33Z,219000809,54.971902,11.514583,0.0,Under way using engine
2026-08-28T03:53:39Z,219000811,54.838703,11.491823,0.0,Under way using engine
2026-08-28T03:53:43Z,219002177,54.916327,11.360542,0.0,Under way using engine
2026-08-28T03:54:03Z,219000809,54.971902,11.514577,0.0,Under way using engine
2026-08-28T03:54:09Z,219000811,54.838703,11.491825,0.0,Under way using engine
2026-08-28T03:54:13Z,219002177,54.916338,11.360553,0.0,Under way using engine
2026-08-28T03:54:33Z,219000809,54.971905,11.514580,0.0,Under way using engine
2026-08-28T03:54:39Z,219000811,54.838702,11.491827,0.0,Under way using engine
2026-08-28T03:54:43Z,219002177,54.916340,11.360623,0.0,Under way using engine
2026-08-28T03:55:03Z,219000809,54.971913,11.514585,0.0,Under way using engine
2026-08-28T03:55:09Z,219000811,54.838705,11.491827,0.0,Under way using engine
2026-08-28T03:55:13Z,219002177,54.916333,11.360560,0.0,Under way using engine
2026-08-28T03:55:33Z,219000809,54.971913,11.514577,0.0,Under way using engine
2026-08-28T03:55:39Z,219000811,54.838707,11.491825,0.0,Under way using engine
2026-08-28T03:55:43Z,219002177,54.916325,11.360592,0.1,Under way using engine
2026-08-28T03:56:03Z,219000809,54.971917,11.514570,0.0,Under way using engine
2026-08-28T03:56:09Z,219000811,54.838705,11.491825,0.0,Under way using engine
2026-08-28T03:56:13Z,219002177,54.916333,11.360560,0.0,Under way using engine
2026-08-28T03:56:33Z,219000809,54.971930,11.514565,0.0,Under way using engine
2026-08-28T03:56:43Z,219002177,54.916335,11.360542,0.0,Under way using engine
2026-08-28T03:56:50Z,219000811,54.838703,11.491827,0.0,Under way using engine
2026-08-28T03:57:03Z,219000809,54.971912,11.514580,0.0,Under way using engine
2026-08-28T03:57:13Z,219002177,54.916348,11.360550,0.0,Under way using engine
2026-08-28T03:57:20Z,219000811,54.838698,11.491828,0.0,Under way using engine
2026-08-28T03:57:33Z,219000809,54.971898,11.514587,0.0,Under way using engine
2026-08-28T03:57:43Z,219002177,54.916355,11.360538,0.0,Under way using engine
2026-08-28T03:57:50Z,219000811,54.838695,11.491828,0.0,Under way using engine
2026-08-28T03:58:03Z,219000809,54.971905,11.514587,0.0,Under way using engine
2026-08-28T03:58:13Z,219002177,54.916353,11.360535,0.0,Under way using engine
2026-08-28T03:58:20Z,219000811,54.838697,11.491828,0.0,Under way using engine
2026-08-28T03:58:34Z,219000809,54.971905,11.514582,0.0,Under way using engine
2026-08-28T03:58:43Z,219002177,54.916352,11.360543,0.0,Under way using engine
2026-08-28T03:58:50Z,219000811,54.838695,11.491825,0.0,Under way using engine
2026-08-28T03:59:04Z,219000809,54.971923,11.514272,2.4,Under way using engine
2026-08-28T03:59:13Z,219002177,54.916347,11.360553,0.0,Under way using engine
2026-08-28T03:59:28Z,219000811,54.838693,11.491823,0.0,Under way using engine
2026-08-28T03:59:34Z,219000809,54.971870,11.513428,3.5,Under way using engine
2026-08-28T03:59:43Z,219002177,54.916345,11.360548,0.0,Under way using engine
2026-08-28T03:59:59Z,219000811,54.838697,11.491828,0.0,Under way using engine
2026-08-28T04:00:04Z,219000809,54.971770,11.512950,1.6,Under way using engine
2026-08-28T04:00:13Z,219002177,54.916345,11.360553,0.0,Under way using engine
2026-08-28T04:00:34Z,219000809,54.971945,11.511773,6.6,Under way using engine
2026-08-28T04:00:38Z,219000811,54.838702,11.491832,0.0,Under way using engine
2026-08-28T04:00:43Z,219002177,54.916337,11.360560,0.0,Under way using engine
2026-08-28T04:01:04Z,219000809,54.972145,11.509900,8.3,Under way using engine
2026-08-28T04:01:09Z,219000811,54.838702,11.491835,0.0,Under way using engine
2026-08-28T04:01:13Z,219002177,54.916345,11.360562,0.0,Under way using engine
2026-08-28T04:01:34Z,219000809,54.972325,11.507792,8.7,Under way using engine
2026-08-28T04:01:43Z,219002177,54.916342,11.360533,0.0,Under way using engine
2026-08-28T04:01:48Z,219000811,54.838700,11.491835,0.0,Under way using engine
2026-08-28T04:02:04Z,219000809,54.972275,11.505690,8.8,Under way using engine
2026-08-28T04:02:13Z,219002177,54.916352,11.360542,0.0,Under way using engine
2026-08-28T04:02:19Z,219000811,54.838697,11.491833,0.0,Under way using engine
2026-08-28T04:02:34Z,219000809,54.971682,11.503782,9.2,Under way using engine
2026-08-28T04:02:43Z,219002177,54.916350,11.360552,0.0,Under way using engine
2026-08-28T04:02:49Z,219000811,54.838695,11.491830,0.0,Under way using engine
2026-08-28T04:03:04Z,219000809,54.970853,11.502038,9.4,Under way using engine
2026-08-28T04:03:15Z,219002177,54.916338,11.360552,0.0,Under way using engine
2026-08-28T04:03:19Z,219000811,54.838697,11.491825,0.0,Under way using engine
2026-08-28T04:03:34Z,219000809,54.969967,11.500383,9.4,Under way using engine
2026-08-28T04:03:49Z,219000811,54.838700,11.491823,0.0,Under way using engine
2026-08-28T04:03:54Z,219002177,54.916340,11.360555,0.1,Under way using engine
2026-08-28T04:04:04Z,219000809,54.969047,11.498770,9.5,Under way using engine
2026-08-28T04:04:19Z,219000811,54.838702,11.491822,0.0,Under way using engine
2026-08-28T04:04:24Z,219002177,54.916338,11.360565,0.0,Under way using engine
2026-08-28T04:04:34Z,219000809,54.968088,11.497242,9.4,Under way using engine
2026-08-28T04:04:49Z,219000811,54.838702,11.491822,0.0,Under way using engine
2026-08-28T04:04:54Z,219002177,54.916347,11.360568,0.0,Under way using engine
2026-08-28T04:05:04Z,219000809,54.967145,11.495673,9.3,Under way using engine
2026-08-28T04:05:24Z,219002177,54.916348,11.360558,0.0,Under way using engine
2026-08-28T04:05:29Z,219000811,54.838703,11.491823,0.0,Under way using engine
2026-08-28T04:05:34Z,219000809,54.966108,11.494250,9.5,Under way using engine
2026-08-28T04:05:54Z,219002177,54.916368,11.360702,1.1,Under way using engine
2026-08-28T04:06:00Z,219000811,54.838703,11.491825,0.0,Under way using engine
2026-08-28T04:06:04Z,219000809,54.965128,11.492863,9.2,Under way using engine
2026-08-28T04:06:24Z,219002177,54.916328,11.361117,2.1,Under way using engine
2026-08-28T04:06:37Z,219000809,54.963960,11.491487,9.1,Under way using engine
2026-08-28T04:06:39Z,219000811,54.838700,11.491825,0.0,Under way using engine
2026-08-28T04:06:54Z,219002177,54.916355,11.361760,3.0,Under way using engine
2026-08-28T04:07:07Z,219000809,54.962838,11.490692,8.9,Under way using engine
2026-08-28T04:07:10Z,219000811,54.838698,11.491823,0.0,Under way using engine
2026-08-28T04:07:24Z,219002177,54.916395,11.362592,3.8,Under way using engine
2026-08-28T04:07:44Z,219000809,54.961390,11.489797,9.2,Under way using engine
2026-08-28T04:07:49Z,219000811,54.838700,11.491823,0.0,Under way using engine
2026-08-28T04:07:54Z,219002177,54.916422,11.363543,3.8,Under way using engine
2026-08-28T04:08:14Z,219000809,54.960175,11.489125,9.0,Under way using engine
2026-08-28T04:08:24Z,219002177,54.916495,11.364542,4.4,Under way using engine
2026-08-28T04:08:29Z,219000811,54.838702,11.491822,0.0,Under way using engine
2026-08-28T04:08:53Z,219000809,54.958650,11.488358,8.9,Under way using engine
2026-08-28T04:08:54Z,219002177,54.916562,11.365625,4.7,Under way using engine
2026-08-28T04:08:59Z,219000811,54.838702,11.491822,0.0,Under way using engine
2026-08-28T04:09:23Z,219000809,54.957515,11.487730,8.7,Under way using engine
2026-08-28T04:09:29Z,219000811,54.838698,11.491823,0.0,Under way using engine
2026-08-28T04:09:35Z,219002177,54.916677,11.367277,5.2,Under way using engine
2026-08-28T04:09:53Z,219000809,54.956382,11.487095,8.5,Under way using engine
2026-08-28T04:09:59Z,219000811,54.838697,11.491822,0.0,Under way using engine
2026-08-28T04:10:14Z,219002177,54.916803,11.369013,5.7,Under way using engine
2026-08-28T04:10:23Z,219000809,54.955273,11.486492,8.6,Under way using engine
2026-08-28T04:10:29Z,219000811,54.838698,11.491822,0.0,Under way using engine
2026-08-28T04:10:45Z,219002177,54.916905,11.370447,5.9,Under way using engine
2026-08-28T04:10:53Z,219000809,54.954090,11.485842,8.8,Under way using engine
2026-08-28T04:10:59Z,219000811,54.838702,11.491820,0.0,Under way using engine
2026-08-28T04:11:23Z,219000809,54.952950,11.485233,8.8,Under way using engine
2026-08-28T04:11:24Z,219002177,54.917082,11.372265,5.9,Under way using engine
2026-08-28T04:11:29Z,219000811,54.838702,11.491817,0.0,Under way using engine
2026-08-28T04:11:53Z,219000809,54.951758,11.484605,8.8,Under way using engine
2026-08-28T04:11:54Z,219002177,54.917392,11.373475,5.4,Under way using engine
2026-08-28T04:11:59Z,219000811,54.838698,11.491813,0.0,Under way using engine
2026-08-28T04:12:23Z,219000809,54.950638,11.484068,8.7,Under way using engine
2026-08-28T04:12:24Z,219002177,54.918152,11.373667,5.9,Under way using engine
2026-08-28T04:12:30Z,219000811,54.838700,11.491812,0.0,Under way using engine
2026-08-28T04:12:53Z,219000809,54.949422,11.483543,8.7,Under way using engine
2026-08-28T04:12:54Z,219002177,54.919062,11.373700,6.9,Under way using engine
2026-08-28T04:13:10Z,219000811,54.838700,11.491815,0.0,Under way using engine
2026-08-28T04:13:23Z,219000809,54.948307,11.483078,8.7,Under way using engine
2026-08-28T04:13:24Z,219002177,54.920090,11.373682,7.4,Under way using engine
2026-08-28T04:13:50Z,219000811,54.838703,11.491817,0.0,Under way using engine
2026-08-28T04:13:53Z,219000809,54.947108,11.482573,8.6,Under way using engine
2026-08-28T04:13:54Z,219002177,54.921162,11.373620,7.7,Under way using engine
2026-08-28T04:14:23Z,219000809,54.946005,11.482103,8.6,Under way using engine
2026-08-28T04:14:24Z,219002177,54.922247,11.373520,8.0,Under way using engine
2026-08-28T04:14:30Z,219000811,54.838707,11.491822,0.0,Under way using engine
2026-08-28T04:14:53Z,219000809,54.944825,11.481628,8.5,Under way using engine
2026-08-28T04:14:54Z,219002177,54.923382,11.373425,8.1,Under way using engine
2026-08-28T04:15:09Z,219000811,54.838707,11.491823,0.0,Under way using engine
2026-08-28T04:15:23Z,219000809,54.943677,11.481118,8.3,Under way using engine
2026-08-28T04:15:25Z,219002177,54.924530,11.373198,8.2,Under way using engine
2026-08-28T04:15:50Z,219000811,54.838708,11.491823,0.0,Under way using engine
2026-08-28T04:15:53Z,219000809,54.942803,11.479870,8.4,Under way using engine
2026-08-28T04:16:04Z,219002177,54.926018,11.372967,8.2,Under way using engine
2026-08-28T04:16:20Z,219000811,54.838707,11.491822,0.0,Under way using engine
2026-08-28T04:16:23Z,219000809,54.942008,11.478382,8.4,Under way using engine
2026-08-28T04:16:34Z,219002177,54.927197,11.372778,8.2,Under way using engine
2026-08-28T04:16:50Z,219000811,54.838705,11.491822,0.0,Under way using engine
2026-08-28T04:16:53Z,219000809,54.941240,11.476935,8.6,Under way using engine
2026-08-28T04:17:04Z,219002177,54.928325,11.372540,8.2,Under way using engine
2026-08-28T04:17:20Z,219000811,54.838705,11.491820,0.0,Under way using engine
2026-08-28T04:17:23Z,219000809,54.940437,11.475453,8.4,Under way using engine
2026-08-28T04:17:34Z,219002177,54.929457,11.372327,8.1,Under way using engine
2026-08-28T04:17:50Z,219000811,54.838703,11.491820,0.0,Under way using engine
2026-08-28T04:17:54Z,219000809,54.939662,11.473863,8.4,Under way using engine
2026-08-28T04:18:04Z,219002177,54.930545,11.372080,8.1,Under way using engine
2026-08-28T04:18:20Z,219000811,54.838702,11.491818,0.0,Under way using engine
2026-08-28T04:18:27Z,219000809,54.939092,11.471702,8.7,Under way using engine
2026-08-28T04:18:34Z,219002177,54.931670,11.371857,8.1,Under way using engine
2026-08-28T04:18:50Z,219000811,54.838703,11.491817,0.0,Under way using engine
2026-08-28T04:19:03Z,219000809,54.938528,11.469423,8.9,Under way using engine
2026-08-28T04:19:04Z,219002177,54.932763,11.371608,8.0,Under way using engine
2026-08-28T04:19:20Z,219000811,54.838703,11.491813,0.0,Under way using engine
2026-08-28T04:19:34Z,219000809,54.937947,11.467308,9.0,Under way using engine
2026-08-28T04:19:34Z,219002177,54.933785,11.371373,7.1,Under way using engine
2026-08-28T04:19:50Z,219000811,54.838702,11.491812,0.0,Under way using engine
2026-08-28T04:20:04Z,219002177,54.934648,11.371385,6.1,Under way using engine
2026-08-28T04:20:14Z,219000809,54.937213,11.464647,9.3,Under way using engine
2026-08-28T04:20:20Z,219000811,54.838700,11.491808,0.0,Under way using engine
2026-08-28T04:20:34Z,219002177,54.935313,11.371565,4.0,Under way using engine
2026-08-28T04:20:54Z,219000809,54.936498,11.462020,9.4,Under way using engine
2026-08-28T04:20:59Z,219000811,54.838697,11.491810,0.0,Under way using engine
2026-08-28T04:21:04Z,219002177,54.935600,11.371730,1.8,Under way using engine
2026-08-28T04:21:24Z,219000809,54.935890,11.459997,9.4,Under way using engine
2026-08-28T04:21:29Z,219000811,54.838697,11.491812,0.0,Under way using engine
2026-08-28T04:21:34Z,219002177,54.935783,11.371833,1.1,Under way using engine
2026-08-28T04:21:54Z,219000809,54.935312,11.457967,9.4,Under way using engine
2026-08-28T04:22:04Z,219002177,54.935873,11.371910,0.8,Under way using engine
2026-08-28T04:22:09Z,219000811,54.838697,11.491813,0.0,Under way using engine
2026-08-28T04:22:24Z,219000809,54.934645,11.456008,9.4,Under way using engine
2026-08-28T04:22:34Z,219002177,54.935973,11.371987,0.6,Under way using engine
2026-08-28T04:22:39Z,219000811,54.838698,11.491817,0.0,Under way using engine
2026-08-28T04:22:54Z,219000809,54.933853,11.454175,9.6,Under way using engine
2026-08-28T04:23:04Z,219002177,54.935960,11.371983,0.0,Under way using engine
2026-08-28T04:23:09Z,219000811,54.838698,11.491815,0.0,Under way using engine
2026-08-28T04:23:24Z,219000809,54.933057,11.452315,9.5,Under way using engine
2026-08-28T04:23:34Z,219002177,54.935968,11.371980,0.1,Under way using engine
2026-08-28T04:23:39Z,219000811,54.838700,11.491812,0.0,Under way using engine
2026-08-28T04:23:54Z,219000809,54.932255,11.450477,9.6,Under way using engine
2026-08-28T04:24:04Z,219002177,54.935957,11.371983,0.0,Under way using engine
2026-08-28T04:24:09Z,219000811,54.838700,11.491810,0.0,Under way using engine
2026-08-28T04:24:33Z,219000809,54.931150,11.448053,9.6,Under way using engine
2026-08-28T04:24:34Z,219002177,54.935970,11.371993,0.1,Under way using engine
2026-08-28T04:24:39Z,219000811,54.838702,11.491808,0.0,Under way using engine
2026-08-28T04:25:04Z,219000809,54.930303,11.446180,9.4,Under way using engine
2026-08-28T04:25:04Z,219002177,54.935967,11.371988,0.0,Under way using engine
2026-08-28T04:25:09Z,219000811,54.838703,11.491808,0.0,Under way using engine
2026-08-28T04:25:34Z,219002177,54.935940,11.371990,0.1,Under way using engine
2026-08-28T04:25:39Z,219000811,54.838707,11.491808,0.0,Under way using engine
2026-08-28T04:25:44Z,219000809,54.929208,11.443805,9.6,Under way using engine
2026-08-28T04:26:09Z,219000811,54.838708,11.491808,0.0,Under way using engine
2026-08-28T04:26:13Z,219002177,54.935947,11.371998,0.0,Under way using engine
2026-08-28T04:26:24Z,219000809,54.928123,11.441393,9.6,Under way using engine
2026-08-28T04:26:39Z,219000811,54.838708,11.491810,0.0,Under way using engine
2026-08-28T04:26:44Z,219002177,54.935935,11.371978,0.1,Under way using engine
2026-08-28T04:26:54Z,219000809,54.927295,11.439548,9.6,Under way using engine
2026-08-28T04:27:09Z,219000811,54.838707,11.491813,0.0,Under way using engine
2026-08-28T04:27:24Z,219000809,54.926467,11.437708,9.7,Under way using engine
2026-08-28T04:27:34Z,219002177,54.935972,11.371987,0.1,Under way using engine
2026-08-28T04:27:39Z,219000811,54.838707,11.491817,0.0,Under way using engine
2026-08-28T04:27:54Z,219000809,54.925638,11.435870,9.7,Under way using engine
2026-08-28T04:28:09Z,219000811,54.838705,11.491820,0.0,Under way using engine
2026-08-28T04:28:13Z,219002177,54.935972,11.371995,0.0,Under way using engine
2026-08-28T04:28:24Z,219000809,54.924817,11.434028,9.7,Under way using engine
2026-08-28T04:28:39Z,219000811,54.838702,11.491818,0.0,Under way using engine
2026-08-28T04:28:44Z,219002177,54.935960,11.371992,0.0,Under way using engine
2026-08-28T04:29:03Z,219000809,54.923770,11.431700,9.6,Under way using engine
2026-08-28T04:29:09Z,219000811,54.838702,11.491820,0.0,Under way using engine
2026-08-28T04:29:33Z,219000809,54.922967,11.429937,9.4,Under way using engine
2026-08-28T04:29:35Z,219002177,54.935955,11.371990,0.0,Under way using engine
2026-08-28T04:29:39Z,219000811,54.838702,11.491822,0.0,Under way using engine
2026-08-28T04:30:04Z,219000809,54.922092,11.427950,9.7,Under way using engine
2026-08-28T04:30:10Z,219000811,54.838700,11.491822,0.0,Under way using engine
2026-08-28T04:30:13Z,219002177,54.935950,11.371990,0.0,Under way using engine
2026-08-28T04:30:43Z,219000809,54.921023,11.425572,9.7,Under way using engine
2026-08-28T04:30:44Z,219002177,54.935952,11.371992,0.0,Under way using engine
2026-08-28T04:30:48Z,219000811,54.838700,11.491823,0.0,Under way using engine
2026-08-28T04:31:13Z,219000809,54.920238,11.423777,9.6,Under way using engine
2026-08-28T04:31:15Z,219002177,54.935957,11.372000,0.0,Under way using engine
2026-08-28T04:31:20Z,219000811,54.838698,11.491825,0.0,Under way using engine
2026-08-28T04:31:43Z,219000809,54.919400,11.421923,9.6,Under way using engine
2026-08-28T04:31:54Z,219002177,54.935945,11.371992,0.0,Under way using engine
2026-08-28T04:32:00Z,219000811,54.838697,11.491828,0.0,Under way using engine
2026-08-28T04:32:13Z,219000809,54.918615,11.420107,9.6,Under way using engine
2026-08-28T04:32:25Z,219002177,54.935950,11.371987,0.0,Under way using engine
2026-08-28T04:32:39Z,219000811,54.838695,11.491828,0.0,Under way using engine
2026-08-28T04:32:43Z,219000809,54.917748,11.418247,9.6,Under way using engine
2026-08-28T04:33:03Z,219002177,54.935955,11.371980,0.0,Under way using engine
2026-08-28T04:33:10Z,219000811,54.838697,11.491828,0.0,Under way using engine
2026-08-28T04:33:13Z,219000809,54.916963,11.416437,9.7,Under way using engine
2026-08-28T04:33:43Z,219000809,54.916127,11.414568,9.5,Under way using engine
2026-08-28T04:33:44Z,219002177,54.935963,11.371978,0.0,Under way using engine
2026-08-28T04:33:50Z,219000811,54.838698,11.491827,0.0,Under way using engine
2026-08-28T04:34:13Z,219000809,54.915322,11.412803,9.6,Under way using engine
2026-08-28T04:34:15Z,219002177,54.935962,11.371975,0.0,Under way using engine
2026-08-28T04:34:20Z,219000811,54.838698,11.491825,0.0,Under way using engine
2026-08-28T04:34:43Z,219000809,54.914448,11.410917,9.7,Under way using engine
2026-08-28T04:34:50Z,219000811,54.838700,11.491823,0.0,Under way using engine
2026-08-28T04:34:54Z,219002177,54.935948,11.371970,0.3,Under way using engine
2026-08-28T04:35:20Z,219000811,54.838703,11.491823,0.0,Under way using engine
2026-08-28T04:35:23Z,219000809,54.913370,11.408530,9.7,Under way using engine
2026-08-28T04:35:45Z,219002177,54.935597,11.371693,2.6,Under way using engine
2026-08-28T04:35:50Z,219000811,54.838703,11.491823,0.0,Under way using engine
2026-08-28T04:35:54Z,219000809,54.912490,11.406560,9.7,Under way using engine
2026-08-28T04:36:15Z,219002177,54.935207,11.371275,3.7,Under way using engine
2026-08-28T04:36:20Z,219000811,54.838707,11.491822,0.0,Under way using engine
2026-08-28T04:36:33Z,219000809,54.911492,11.404037,9.8,Under way using engine
2026-08-28T04:36:45Z,219002177,54.934735,11.370687,4.3,Under way using engine
2026-08-28T04:36:50Z,219000811,54.838712,11.491820,0.0,Under way using engine
2026-08-28T04:37:04Z,219000809,54.910757,11.401950,9.9,Under way using engine
2026-08-28T04:37:20Z,219000811,54.838712,11.491822,0.0,Under way using engine
2026-08-28T04:37:23Z,219002177,54.933998,11.370345,4.2,Under way using engine
2026-08-28T04:37:44Z,219000809,54.909753,11.399317,9.7,Under way using engine
2026-08-28T04:37:50Z,219000811,54.838712,11.491820,0.0,Under way using engine
2026-08-28T04:37:54Z,219002177,54.933345,11.370335,4.8,Under way using engine
2026-08-28T04:38:14Z,219000809,54.909043,11.397385,9.8,Under way using engine
2026-08-28T04:38:20Z,219000811,54.838712,11.491822,0.0,Under way using engine
2026-08-28T04:38:34Z,219002177,54.932418,11.370340,5.3,Under way using engine
2026-08-28T04:38:44Z,219000809,54.908375,11.395237,9.9,Under way using engine
2026-08-28T04:38:50Z,219000811,54.838708,11.491822,0.0,Under way using engine
2026-08-28T04:39:13Z,219002177,54.931422,11.370338,5.4,Under way using engine
2026-08-28T04:39:14Z,219000809,54.908302,11.392907,10.0,Under way using engine
2026-08-28T04:39:20Z,219000811,54.838707,11.491820,0.0,Under way using engine
2026-08-28T04:39:44Z,219000809,54.909070,11.390807,10.2,Under way using engine
2026-08-28T04:39:45Z,219002177,54.930643,11.370365,5.5,Under way using engine
2026-08-28T04:39:50Z,219000811,54.838705,11.491818,0.0,Under way using engine
2026-08-28T04:40:14Z,219000809,54.909903,11.388855,10.4,Under way using engine
2026-08-28T04:40:16Z,219002177,54.929910,11.370380,5.6,Under way using engine
2026-08-28T04:40:20Z,219000811,54.838702,11.491820,0.0,Under way using engine
2026-08-28T04:40:44Z,219000809,54.910805,11.386745,10.6,Under way using engine
2026-08-28T04:40:50Z,219000811,54.838700,11.491820,0.0,Under way using engine
2026-08-28T04:40:54Z,219002177,54.928795,11.370397,6.0,Under way using engine
2026-08-28T04:41:14Z,219000809,54.911667,11.384788,10.6,Under way using engine
2026-08-28T04:41:20Z,219000811,54.838700,11.491820,0.0,Under way using engine
2026-08-28T04:41:33Z,219002177,54.927685,11.370463,6.2,Under way using engine
2026-08-28T04:41:44Z,219000809,54.912563,11.382677,10.6,Under way using engine
2026-08-28T04:41:50Z,219000811,54.838702,11.491820,0.0,Under way using engine
2026-08-28T04:42:03Z,219002177,54.926828,11.370533,6.2,Under way using engine
2026-08-28T04:42:14Z,219000809,54.913395,11.380685,10.6,Under way using engine
2026-08-28T04:42:20Z,219000811,54.838700,11.491820,0.0,Under way using engine
2026-08-28T04:42:33Z,219002177,54.925972,11.370630,6.3,Under way using engine
2026-08-28T04:42:44Z,219000809,54.914275,11.378580,10.5,Under way using engine
2026-08-28T04:42:50Z,219000811,54.838700,11.491822,0.0,Under way using engine
2026-08-28T04:43:03Z,219002177,54.925103,11.370717,6.3,Under way using engine
2026-08-28T04:43:14Z,219000809,54.915103,11.376635,10.3,Under way using engine
2026-08-28T04:43:20Z,219000811,54.838700,11.491822,0.0,Under way using engine
2026-08-28T04:43:33Z,219002177,54.924240,11.370808,6.2,Under way using engine
2026-08-28T04:43:53Z,219000809,54.916050,11.373873,9.8,Under way using engine
2026-08-28T04:43:59Z,219000811,54.838700,11.491822,0.0,Under way using engine
2026-08-28T04:44:03Z,219002177,54.923387,11.370893,6.1,Under way using engine
2026-08-28T04:44:24Z,219000809,54.916592,11.371700,9.4,Under way using engine
2026-08-28T04:44:29Z,219000811,54.838703,11.491822,0.0,Under way using engine
2026-08-28T04:44:33Z,219002177,54.922542,11.370998,6.1,Under way using engine
2026-08-28T04:44:57Z,219000809,54.916735,11.369302,9.5,Under way using engine
2026-08-28T04:44:59Z,219000811,54.838703,11.491827,0.0,Under way using engine
2026-08-28T04:45:03Z,219002177,54.921695,11.371120,6.1,Under way using engine
2026-08-28T04:45:29Z,219000811,54.838703,11.491830,0.0,Under way using engine
2026-08-28T04:45:30Z,219000809,54.916633,11.366722,9.4,Under way using engine
2026-08-28T04:45:33Z,219002177,54.920857,11.371180,6.1,Under way using engine
2026-08-28T04:45:59Z,219000811,54.838703,11.491827,0.0,Under way using engine
2026-08-28T04:46:04Z,219000809,54.916440,11.364272,8.7,Under way using engine
2026-08-28T04:46:04Z,219002177,54.920018,11.371247,6.1,Under way using engine
2026-08-28T04:46:29Z,219000811,54.838702,11.491828,0.0,Under way using engine
2026-08-28T04:46:34Z,219000809,54.916282,11.362380,7.7,Under way using engine
2026-08-28T04:46:35Z,219002177,54.919112,11.371308,6.1,Under way using engine
2026-08-28T04:46:59Z,219000811,54.838700,11.491823,0.0,Under way using engine
2026-08-28T04:47:04Z,219000809,54.916133,11.360855,5.4,Under way using engine
2026-08-28T04:47:14Z,219002177,54.918002,11.371413,6.1,Under way using engine
2026-08-28T04:47:29Z,219000811,54.838703,11.491818,0.0,Under way using engine
2026-08-28T04:47:34Z,219000809,54.915945,11.360645,0.4,Under way using engine
2026-08-28T04:47:44Z,219002177,54.917217,11.371040,6.0,Under way using engine
2026-08-28T04:47:59Z,219000811,54.838702,11.491813,0.0,Under way using engine
2026-08-28T04:48:04Z,219000809,54.916032,11.360370,1.3,Under way using engine
2026-08-28T04:48:14Z,219002177,54.916817,11.369757,6.3,Under way using engine
2026-08-28T04:48:29Z,219000811,54.838703,11.491815,0.0,Under way using engine
2026-08-28T04:48:34Z,219000809,54.916058,11.360157,0.6,Under way using engine
2026-08-28T04:48:44Z,219002177,54.916685,11.368148,6.9,Under way using engine
2026-08-28T04:48:59Z,219000811,54.838700,11.491818,0.0,Under way using engine
2026-08-28T04:49:04Z,219000809,54.916062,11.360068,0.3,Under way using engine
2026-08-28T04:49:14Z,219002177,54.916567,11.366523,6.8,Under way using engine
2026-08-28T04:49:29Z,219000811,54.838697,11.491818,0.0,Under way using engine
2026-08-28T04:49:34Z,219000809,54.916067,11.360057,0.0,Under way using engine
2026-08-28T04:49:44Z,219002177,54.916477,11.364953,6.5,Under way using engine
2026-08-28T04:49:59Z,219000811,54.838695,11.491820,0.0,Under way using engine
2026-08-28T04:50:04Z,219000809,54.916063,11.360058,0.0,Under way using engine
2026-08-28T04:50:14Z,219002177,54.916410,11.363505,5.8,Under way using engine
2026-08-28T04:50:34Z,219000809,54.916067,11.360050,0.1,Under way using engine
2026-08-28T04:50:40Z,219000811,54.838700,11.491828,0.0,Under way using engine
2026-08-28T04:50:44Z,219002177,54.916378,11.362317,4.6,Under way using engine
2026-08-28T04:51:04Z,219000809,54.916075,11.360050,0.0,Under way using engine
2026-08-28T04:51:10Z,219000811,54.838698,11.491828,0.0,Under way using engine
2026-08-28T04:51:14Z,219002177,54.916353,11.361390,3.4,Under way using engine
2026-08-28T04:51:34Z,219000809,54.916070,11.360058,0.0,Under way using engine
2026-08-28T04:51:40Z,219000811,54.838698,11.491832,0.0,Under way using engine
2026-08-28T04:51:45Z,219002177,54.916352,11.360817,1.6,Under way using engine
2026-08-28T04:52:04Z,219000809,54.916067,11.360065,0.0,Under way using engine
2026-08-28T04:52:10Z,219000811,54.838700,11.491837,0.0,Under way using engine
2026-08-28T04:52:16Z,219002177,54.916348,11.360592,0.7,Under way using engine
2026-08-28T04:52:34Z,219000809,54.916062,11.360072,0.0,Under way using engine
2026-08-28T04:52:40Z,219000811,54.838702,11.491837,0.0,Under way using engine
2026-08-28T04:53:04Z,219000809,54.916060,11.360070,0.0,Under way using engine
2026-08-28T04:53:04Z,219002177,54.916345,11.360558,0.0,Under way using engine
2026-08-28T04:53:10Z,219000811,54.838703,11.491833,0.0,Under way using engine
2026-08-28T04:53:34Z,219000809,54.916060,11.360065,0.0,Under way using engine
2026-08-28T04:53:35Z,219002177,54.916352,11.360573,0.0,Under way using engine
2026-08-28T04:53:40Z,219000811,54.838707,11.491835,0.0,Under way using engine
2026-08-28T04:54:10Z,219000811,54.838708,11.491835,0.0,Under way using engine
2026-08-28T04:54:13Z,219000809,54.916067,11.360052,0.0,Under way using engine
2026-08-28T04:54:14Z,219002177,54.916345,11.360563,0.0,Under way using engine
2026-08-28T04:54:40Z,219000811,54.838705,11.491832,0.0,Under way using engine
2026-08-28T04:54:44Z,219000809,54.916073,11.360053,0.0,Under way using engine
2026-08-28T04:54:45Z,219002177,54.916340,11.360560,0.0,Under way using engine
2026-08-28T04:55:10Z,219000811,54.838702,11.491827,0.0,Under way using engine
2026-08-28T04:55:14Z,219000809,54.916080,11.360058,0.0,Under way using engine
2026-08-28T04:55:25Z,219002177,54.916342,11.360572,0.0,Under way using engine
2026-08-28T04:55:40Z,219000811,54.838702,11.491823,0.0,Under way using engine
2026-08-28T04:55:44Z,219000809,54.916075,11.360065,0.0,Under way using engine
2026-08-28T04:56:04Z,219002177,54.916337,11.360573,0.0,Under way using engine
2026-08-28T04:56:10Z,219000811,54.838700,11.491822,0.0,Under way using engine
2026-08-28T04:56:14Z,219000809,54.916067,11.360062,0.0,Under way using engine
2026-08-28T04:56:40Z,219000811,54.838700,11.491820,0.0,Under way using engine
2026-08-28T04:56:44Z,219000809,54.916065,11.360060,0.0,Under way using engine
2026-08-28T04:56:45Z,219002177,54.916343,11.360570,0.0,Under way using engine
2026-08-28T04:57:10Z,219000811,54.838702,11.491818,0.0,Under way using engine
2026-08-28T04:57:14Z,219000809,54.916055,11.360048,0.0,Under way using engine
2026-08-28T04:57:40Z,219000811,54.838700,11.491820,0.0,Under way using engine
2026-08-28T04:57:44Z,219000809,54.916050,11.360047,0.0,Under way using engine
2026-08-28T04:57:45Z,219002177,54.916345,11.360553,0.0,Under way using engine
2026-08-28T04:58:10Z,219000811,54.838700,11.491822,0.0,Under way using engine
2026-08-28T04:58:14Z,219000809,54.916062,11.360060,0.0,Under way using engine
2026-08-28T04:58:16Z,219002177,54.916352,11.360558,0.0,Under way using engine
2026-08-28T04:58:40Z,219000811,54.838698,11.491822,0.0,Under way using engine
2026-08-28T04:58:44Z,219000809,54.916063,11.360053,0.0,Under way using engine
2026-08-28T04:58:54Z,219002177,54.916365,11.360568,0.0,Under way using engine
2026-08-28T04:59:10Z,219000811,54.838697,11.491822,0.0,Under way using engine
2026-08-28T04:59:14Z,219000809,54.916067,11.360058,0.0,Under way using engine
2026-08-28T04:59:25Z,219002177,54.916365,11.360563,0.0,Under way using engine
2026-08-28T04:59:40Z,219000811,54.838697,11.491818,0.0,Under way using engine
2026-08-28T04:59:44Z,219000809,54.916063,11.360053,0.0,Under way using engine
2026-08-28T05:00:04Z,219002177,54.916363,11.360567,0.0,Under way using engine
2026-08-28T05:00:10Z,219000811,54.838697,11.491817,0.0,Under way using engine
2026-08-28T05:00:24Z,219000809,54.916063,11.360065,0.1,Under way using engine
2026-08-28T05:00:34Z,219002177,54.916358,11.360560,0.0,Under way using engine
2026-08-28T05:00:40Z,219000811,54.838698,11.491817,0.0,Under way using engine
2026-08-28T05:01:04Z,219000809,54.916072,11.360062,0.0,Under way using engine
2026-08-28T05:01:04Z,219002177,54.916357,11.360560,0.0,Under way using engine
2026-08-28T05:01:10Z,219000811,54.838698,11.491817,0.0,Under way using engine
2026-08-28T05:01:34Z,219002177,54.916360,11.360562,0.0,Under way using engine
2026-08-28T05:01:44Z,219000809,54.916062,11.360047,0.0,Under way using engine
2026-08-28T05:01:49Z,219000811,54.838700,11.491818,0.0,Under way using engine
2026-08-28T05:02:04Z,219002177,54.916355,11.360558,0.0,Under way using engine
2026-08-28T05:02:20Z,219000811,54.838702,11.491818,0.0,Under way using engine
2026-08-28T05:02:24Z,219000809,54.916062,11.360055,0.0,Under way using engine
2026-08-28T05:02:34Z,219002177,54.916358,11.360560,0.0,Under way using engine
2026-08-28T05:02:59Z,219000811,54.838703,11.491817,0.0,Under way using engine
2026-08-28T05:03:04Z,219000809,54.916073,11.360068,0.0,Under way using engine
2026-08-28T05:03:04Z,219002177,54.916347,11.360567,0.0,Under way using engine
2026-08-28T05:03:29Z,219000811,54.838703,11.491815,0.0,Under way using engine
2026-08-28T05:03:34Z,219002177,54.916338,11.360548,0.0,Under way using engine
2026-08-28T05:03:44Z,219000809,54.916075,11.360072,0.0,Under way using engine
2026-08-28T05:03:59Z,219000811,54.838703,11.491812,0.0,Under way using engine
2026-08-28T05:04:04Z,219002177,54.916355,11.360563,0.0,Under way using engine
2026-08-28T05:04:24Z,219000809,54.916062,11.360075,0.0,Under way using engine
2026-08-28T05:04:29Z,219000811,54.838703,11.491808,0.0,Under way using engine
2026-08-28T05:04:34Z,219002177,54.916368,11.360565,0.0,Under way using engine
2026-08-28T05:04:59Z,219000811,54.838705,11.491808,0.0,Under way using engine
2026-08-28T05:05:04Z,219000809,54.916067,11.360062,0.0,Under way using engine
2026-08-28T05:05:04Z,219002177,54.916367,11.360563,0.0,Under way using engine
2026-08-28T05:05:34Z,219002177,54.916358,11.360570,0.0,Under way using engine
2026-08-28T05:05:39Z,219000811,54.838705,11.491807,0.0,Under way using engine
2026-08-28T05:05:44Z,219000809,54.916072,11.360048,0.0,Under way using engine
2026-08-28T05:06:04Z,219002177,54.916363,11.360663,0.9,Under way using engine
2026-08-28T05:06:10Z,219000811,54.838703,11.491805,0.0,Under way using engine
2026-08-28T05:06:24Z,219000809,54.916067,11.360045,0.0,Under way using engine
2026-08-28T05:06:34Z,219002177,54.916363,11.361075,2.2,Under way using engine
2026-08-28T05:06:50Z,219000811,54.838703,11.491805,0.0,Under way using engine
2026-08-28T05:06:54Z,219000809,54.916070,11.360058,0.0,Under way using engine
2026-08-28T05:07:15Z,219002177,54.916382,11.362182,3.9,Under way using engine
2026-08-28T05:07:20Z,219000811,54.838703,11.491808,0.0,Under way using engine
2026-08-28T05:07:33Z,219000809,54.916083,11.360063,0.0,Under way using engine
2026-08-28T05:07:50Z,219000811,54.838705,11.491817,0.0,Under way using engine
2026-08-28T05:07:53Z,219002177,54.916380,11.363523,4.7,Under way using engine
2026-08-28T05:08:03Z,219000809,54.916088,11.360080,0.0,Under way using engine
2026-08-28T05:08:20Z,219000811,54.838707,11.491825,0.0,Under way using engine
2026-08-28T05:08:25Z,219002177,54.916445,11.364823,5.2,Under way using engine
2026-08-28T05:08:34Z,219000809,54.916078,11.360068,0.0,Under way using engine
2026-08-28T05:08:50Z,219000811,54.838707,11.491827,0.0,Under way using engine
2026-08-28T05:09:03Z,219002177,54.916563,11.366470,5.5,Under way using engine
2026-08-28T05:09:13Z,219000809,54.916073,11.360270,1.9,Under way using engine
2026-08-28T05:09:20Z,219000811,54.838708,11.491830,0.0,Under way using engine
2026-08-28T05:09:34Z,219002177,54.916670,11.367852,5.7,Under way using engine
2026-08-28T05:09:44Z,219000809,54.916200,11.361267,5.8,Under way using engine
2026-08-28T05:09:50Z,219000811,54.838708,11.491835,0.0,Under way using engine
2026-08-28T05:10:15Z,219002177,54.916835,11.369732,5.8,Under way using engine
2026-08-28T05:10:20Z,219000811,54.838707,11.491838,0.0,Under way using engine
2026-08-28T05:10:23Z,219000809,54.916405,11.363748,7.6,Under way using engine
2026-08-28T05:10:53Z,219002177,54.917163,11.371248,5.2,Under way using engine
2026-08-28T05:10:54Z,219000809,54.916543,11.365653,8.1,Under way using engine
2026-08-28T05:10:59Z,219000811,54.838705,11.491835,0.0,Under way using engine
2026-08-28T05:11:29Z,219000811,54.838707,11.491833,0.0,Under way using engine
2026-08-28T05:11:34Z,219000809,54.916673,11.368408,8.5,Under way using engine
2026-08-28T05:11:34Z,219002177,54.918118,11.371535,5.6,Under way using engine
2026-08-28T05:11:59Z,219000811,54.838707,11.491835,0.0,Under way using engine
2026-08-28T05:12:05Z,219002177,54.918992,11.371612,6.2,Under way using engine
2026-08-28T05:12:10Z,219000809,54.916652,11.370778,7.6,Under way using engine
2026-08-28T05:12:29Z,219000811,54.838703,11.491835,0.0,Under way using engine
2026-08-28T05:12:40Z,219000809,54.916430,11.372477,7.5,Under way using engine
2026-08-28T05:12:44Z,219002177,54.920162,11.371647,6.7,Under way using engine
2026-08-28T05:12:59Z,219000811,54.838698,11.491833,0.0,Under way using engine
2026-08-28T05:13:10Z,219000809,54.915953,11.373987,7.1,Under way using engine
2026-08-28T05:13:15Z,219002177,54.921153,11.371643,7.0,Under way using engine
2026-08-28T05:13:29Z,219000811,54.838697,11.491833,0.0,Under way using engine
2026-08-28T05:13:40Z,219000809,54.915362,11.375395,7.8,Under way using engine
2026-08-28T05:13:55Z,219002177,54.922502,11.371580,7.4,Under way using engine
2026-08-28T05:13:59Z,219000811,54.838698,11.491832,0.0,Under way using engine
2026-08-28T05:14:10Z,219000809,54.914715,11.377087,8.6,Under way using engine
2026-08-28T05:14:29Z,219000811,54.838700,11.491830,0.0,Under way using engine
2026-08-28T05:14:34Z,219002177,54.923857,11.371492,7.7,Under way using engine
2026-08-28T05:14:42Z,219000809,54.914008,11.378905,8.5,Under way using engine
2026-08-28T05:14:59Z,219000811,54.838702,11.491828,0.0,Under way using engine
2026-08-28T05:15:05Z,219002177,54.924930,11.371385,7.9,Under way using engine
2026-08-28T05:15:14Z,219000809,54.913352,11.380732,8.4,Under way using engine
2026-08-28T05:15:29Z,219000811,54.838703,11.491832,0.0,Under way using engine
2026-08-28T05:15:44Z,219002177,54.926403,11.371272,8.0,Under way using engine
2026-08-28T05:15:46Z,219000809,54.912780,11.382343,8.4,Under way using engine
2026-08-28T05:15:59Z,219000811,54.838703,11.491832,0.0,Under way using engine
2026-08-28T05:16:14Z,219002177,54.927502,11.371180,8.0,Under way using engine
2026-08-28T05:16:24Z,219000809,54.911947,11.384660,8.3,Under way using engine
2026-08-28T05:16:29Z,219000811,54.838703,11.491832,0.0,Under way using engine
2026-08-28T05:16:44Z,219002177,54.928615,11.371083,8.0,Under way using engine
2026-08-28T05:16:59Z,219000811,54.838705,11.491832,0.0,Under way using engine
2026-08-28T05:17:04Z,219000809,54.911113,11.386915,8.4,Under way using engine
2026-08-28T05:17:15Z,219002177,54.929718,11.370990,8.0,Under way using engine
2026-08-28T05:17:29Z,219000811,54.838705,11.491830,0.0,Under way using engine
2026-08-28T05:17:44Z,219000809,54.910222,11.389178,8.3,Under way using engine
2026-08-28T05:17:54Z,219002177,54.931177,11.370857,7.9,Under way using engine
2026-08-28T05:17:59Z,219000811,54.838705,11.491827,0.0,Under way using engine
2026-08-28T05:18:24Z,219000809,54.909352,11.391323,8.4,Under way using engine
2026-08-28T05:18:24Z,219002177,54.932258,11.370782,7.8,Under way using engine
2026-08-28T05:18:29Z,219000811,54.838703,11.491827,0.0,Under way using engine
2026-08-28T05:18:54Z,219000809,54.908637,11.393037,8.6,Under way using engine
2026-08-28T05:18:54Z,219002177,54.933328,11.370787,7.7,Under way using engine
2026-08-28T05:18:59Z,219000811,54.838702,11.491825,0.0,Under way using engine
2026-08-28T05:19:24Z,219002177,54.934343,11.370975,7.1,Under way using engine
2026-08-28T05:19:29Z,219000811,54.838700,11.491820,0.0,Under way using engine
2026-08-28T05:19:33Z,219000809,54.907745,11.395250,8.6,Under way using engine
2026-08-28T05:19:54Z,219002177,54.935120,11.371408,5.3,Under way using engine
2026-08-28T05:19:59Z,219000811,54.838700,11.491818,0.0,Under way using engine
2026-08-28T05:20:04Z,219000809,54.907047,11.396935,8.7,Under way using engine
2026-08-28T05:20:24Z,219002177,54.935602,11.371693,2.9,Under way using engine
2026-08-28T05:20:29Z,219000811,54.838698,11.491820,0.0,Under way using engine
2026-08-28T05:20:44Z,219000809,54.906090,11.399278,8.8,Under way using engine
2026-08-28T05:20:54Z,219002177,54.935812,11.371838,1.2,Under way using engine
2026-08-28T05:20:59Z,219000811,54.838698,11.491825,0.0,Under way using engine
2026-08-28T05:21:20Z,219000809,54.905392,11.401483,8.7,Under way using engine
2026-08-28T05:21:24Z,219002177,54.935920,11.371945,0.7,Under way using engine
2026-08-28T05:21:29Z,219000811,54.838700,11.491825,0.0,Under way using engine
2026-08-28T05:21:54Z,219000809,54.904820,11.403685,8.8,Under way using engine
2026-08-28T05:21:59Z,219000811,54.838702,11.491823,0.0,Under way using engine
2026-08-28T05:22:04Z,219002177,54.935948,11.371988,0.0,Under way using engine
2026-08-28T05:22:30Z,219000811,54.838702,11.491820,0.0,Under way using engine
2026-08-28T05:22:33Z,219000809,54.904145,11.406188,8.8,Under way using engine
2026-08-28T05:22:35Z,219002177,54.935952,11.371990,0.0,Under way using engine
2026-08-28T05:23:04Z,219000809,54.903625,11.408212,8.9,Under way using engine
2026-08-28T05:23:10Z,219000811,54.838700,11.491818,0.0,Under way using engine
2026-08-28T05:23:14Z,219002177,54.935960,11.371998,0.0,Under way using engine
2026-08-28T05:23:34Z,219000809,54.903133,11.410107,8.9,Under way using engine
2026-08-28T05:23:40Z,219000811,54.838702,11.491820,0.0,Under way using engine
2026-08-28T05:23:45Z,219002177,54.935958,11.371997,0.0,Under way using engine
2026-08-28T05:24:04Z,219000809,54.902610,11.412120,8.9,Under way using engine
2026-08-28T05:24:10Z,219000811,54.838703,11.491823,0.0,Under way using engine
2026-08-28T05:24:24Z,219002177,54.935955,11.371977,0.0,Under way using engine
2026-08-28T05:24:34Z,219000809,54.902130,11.413997,8.8,Under way using engine
2026-08-28T05:24:48Z,219000811,54.838703,11.491827,0.0,Under way using engine
2026-08-28T05:25:04Z,219000809,54.901653,11.416022,8.8,Under way using engine
2026-08-28T05:25:04Z,219002177,54.935943,11.371963,0.0,Under way using engine
2026-08-28T05:25:19Z,219000811,54.838703,11.491827,0.0,Under way using engine
2026-08-28T05:25:34Z,219000809,54.901157,11.417900,8.9,Under way using engine
2026-08-28T05:25:45Z,219002177,54.935960,11.371987,0.0,Under way using engine
2026-08-28T05:25:59Z,219000811,54.838700,11.491823,0.0,Under way using engine
2026-08-28T05:26:04Z,219000809,54.900657,11.419942,8.9,Under way using engine
2026-08-28T05:26:24Z,219002177,54.935977,11.371992,0.0,Under way using engine
2026-08-28T05:26:30Z,219000811,54.838697,11.491823,0.0,Under way using engine
2026-08-28T05:26:34Z,219000809,54.900145,11.421788,8.9,Under way using engine
2026-08-28T05:26:54Z,219002177,54.935973,11.371990,0.0,Under way using engine
2026-08-28T05:27:04Z,219000809,54.899640,11.423795,8.8,Under way using engine
2026-08-28T05:27:10Z,219000811,54.838695,11.491820,0.0,Under way using engine
2026-08-28T05:27:24Z,219002177,54.935967,11.371998,0.0,Under way using engine
2026-08-28T05:27:34Z,219000809,54.899170,11.425707,8.9,Under way using engine
2026-08-28T05:27:48Z,219000811,54.838697,11.491818,0.0,Under way using engine
2026-08-28T05:27:54Z,219002177,54.935958,11.371973,0.0,Under way using engine
2026-08-28T05:28:04Z,219000809,54.898673,11.427727,8.8,Under way using engine
2026-08-28T05:28:19Z,219000811,54.838698,11.491820,0.0,Under way using engine
2026-08-28T05:28:24Z,219002177,54.935975,11.372032,0.0,Under way using engine
2026-08-28T05:28:34Z,219000809,54.898183,11.429628,8.8,Under way using engine
2026-08-28T05:28:49Z,219000811,54.838700,11.491823,0.0,Under way using engine
2026-08-28T05:28:54Z,219002177,54.935965,11.372007,0.0,Under way using engine
2026-08-28T05:29:14Z,219000809,54.897525,11.432265,8.8,Under way using engine
2026-08-28T05:29:19Z,219000811,54.838703,11.491828,0.0,Under way using engine
2026-08-28T05:29:24Z,219002177,54.935957,11.371993,0.0,Under way using engine
2026-08-28T05:29:49Z,219000811,54.838703,11.491830,0.0,Under way using engine
2026-08-28T05:29:53Z,219000809,54.896838,11.434645,8.7,Under way using engine
2026-08-28T05:29:54Z,219002177,54.935962,11.371985,0.0,Under way using engine
2026-08-28T05:30:19Z,219000811,54.838703,11.491830,0.0,Under way using engine
2026-08-28T05:30:24Z,219000809,54.896185,11.436518,8.9,Under way using engine
2026-08-28T05:30:24Z,219002177,54.935940,11.371965,0.5,Under way using engine
2026-08-28T05:30:49Z,219000811,54.838707,11.491832,0.0,Under way using engine
2026-08-28T05:30:54Z,219002177,54.935780,11.371848,1.5,Under way using engine
2026-08-28T05:31:03Z,219000809,54.895392,11.438910,8.9,Under way using engine
2026-08-28T05:31:19Z,219000811,54.838708,11.491832,0.0,Under way using engine
2026-08-28T05:31:25Z,219002177,54.935522,11.371697,2.1,Under way using engine
2026-08-28T05:31:33Z,219000809,54.894732,11.440800,8.8,Under way using engine
2026-08-28T05:31:49Z,219000811,54.838708,11.491832,0.0,Under way using engine
2026-08-28T05:32:03Z,219000809,54.894063,11.442480,8.8,Under way using engine
2026-08-28T05:32:04Z,219002177,54.935073,11.371390,3.0,Under way using engine
2026-08-28T05:32:19Z,219000811,54.838710,11.491830,0.0,Under way using engine
2026-08-28T05:32:33Z,219000809,54.893330,11.444252,8.8,Under way using engine
2026-08-28T05:32:35Z,219002177,54.934508,11.371207,4.3,Under way using engine
2026-08-28T05:32:49Z,219000811,54.838710,11.491828,0.0,Under way using engine
2026-08-28T05:33:03Z,219000809,54.892662,11.445920,8.7,Under way using engine
2026-08-28T05:33:05Z,219002177,54.933852,11.371178,5.2,Under way using engine
2026-08-28T05:33:19Z,219000811,54.838707,11.491828,0.0,Under way using engine
2026-08-28T05:33:33Z,219000809,54.891955,11.447703,8.7,Under way using engine
2026-08-28T05:33:35Z,219002177,54.933047,11.371153,5.7,Under way using engine
2026-08-28T05:33:49Z,219000811,54.838707,11.491828,0.0,Under way using engine
2026-08-28T05:34:03Z,219000809,54.891303,11.449362,8.6,Under way using engine
2026-08-28T05:34:05Z,219002177,54.932253,11.371137,6.0,Under way using engine
2026-08-28T05:34:19Z,219000811,54.838705,11.491828,0.0,Under way using engine
2026-08-28T05:34:33Z,219000809,54.890602,11.451063,8.4,Under way using engine
2026-08-28T05:34:35Z,219002177,54.931393,11.371130,6.0,Under way using engine
2026-08-28T05:34:49Z,219000811,54.838702,11.491828,0.0,Under way using engine
2026-08-28T05:35:03Z,219000809,54.889878,11.452565,8.4,Under way using engine
2026-08-28T05:35:05Z,219002177,54.930575,11.371122,6.1,Under way using engine
2026-08-28T05:35:19Z,219000811,54.838698,11.491828,0.0,Under way using engine
2026-08-28T05:35:33Z,219000809,54.889117,11.454178,8.3,Under way using engine
2026-08-28T05:35:35Z,219002177,54.929698,11.371125,6.2,Under way using engine
2026-08-28T05:35:49Z,219000811,54.838698,11.491830,0.0,Under way using engine
2026-08-28T05:36:03Z,219000809,54.888340,11.455577,8.3,Under way using engine
2026-08-28T05:36:05Z,219002177,54.928878,11.371118,6.1,Under way using engine
2026-08-28T05:36:19Z,219000811,54.838698,11.491833,0.0,Under way using engine
2026-08-28T05:36:33Z,219000809,54.887533,11.457095,8.3,Under way using engine
2026-08-28T05:36:35Z,219002177,54.928012,11.371105,6.0,Under way using engine
2026-08-28T05:36:49Z,219000811,54.838698,11.491835,0.0,Under way using engine
2026-08-28T05:37:03Z,219000809,54.886753,11.458495,8.4,Under way using engine
2026-08-28T05:37:05Z,219002177,54.927212,11.371102,5.9,Under way using engine
2026-08-28T05:37:19Z,219000811,54.838698,11.491837,0.0,Under way using engine
2026-08-28T05:37:33Z,219000809,54.885927,11.460010,8.4,Under way using engine
2026-08-28T05:37:35Z,219002177,54.926353,11.371098,6.0,Under way using engine
2026-08-28T05:37:49Z,219000811,54.838698,11.491837,0.0,Under way using engine
2026-08-28T05:38:03Z,219000809,54.885130,11.461385,8.4,Under way using engine
2026-08-28T05:38:05Z,219002177,54.925543,11.371080,6.0,Under way using engine
2026-08-28T05:38:19Z,219000811,54.838698,11.491838,0.0,Under way using engine
2026-08-28T05:38:33Z,219000809,54.884287,11.462887,8.6,Under way using engine
2026-08-28T05:38:35Z,219002177,54.924683,11.371058,6.0,Under way using engine
2026-08-28T05:38:49Z,219000811,54.838700,11.491837,0.0,Under way using engine
2026-08-28T05:39:03Z,219000809,54.883492,11.464327,8.6,Under way using engine
2026-08-28T05:39:05Z,219002177,54.923885,11.371038,5.9,Under way using engine
2026-08-28T05:39:30Z,219000811,54.838702,11.491837,0.0,Under way using engine
2026-08-28T05:39:35Z,219002177,54.923055,11.371033,5.8,Under way using engine
2026-08-28T05:39:37Z,219000809,54.882622,11.466065,8.4,Under way using engine
2026-08-28T05:40:00Z,219000811,54.838702,11.491837,0.0,Under way using engine
2026-08-28T05:40:05Z,219002177,54.922288,11.371088,5.8,Under way using engine
2026-08-28T05:40:07Z,219000809,54.882047,11.467820,8.4,Under way using engine
2026-08-28T05:40:35Z,219002177,54.921453,11.371113,5.8,Under way using engine
2026-08-28T05:40:38Z,219000811,54.838702,11.491838,0.0,Under way using engine
2026-08-28T05:40:44Z,219000809,54.881392,11.470058,8.5,Under way using engine
2026-08-28T05:41:05Z,219002177,54.920642,11.371170,5.8,Under way using engine
2026-08-28T05:41:10Z,219000811,54.838702,11.491838,0.0,Under way using engine
2026-08-28T05:41:23Z,219000809,54.880730,11.472542,8.5,Under way using engine
2026-08-28T05:41:35Z,219002177,54.919823,11.371265,5.9,Under way using engine
2026-08-28T05:41:49Z,219000811,54.838702,11.491837,0.0,Under way using engine
2026-08-28T05:41:54Z,219000809,54.880307,11.474458,8.5,Under way using engine
2026-08-28T05:42:05Z,219002177,54.918985,11.371313,6.0,Under way using engine
2026-08-28T05:42:19Z,219000811,54.838702,11.491837,0.0,Under way using engine
2026-08-28T05:42:30Z,219000809,54.879883,11.476895,8.6,Under way using engine
2026-08-28T05:42:35Z,219002177,54.918147,11.371375,6.1,Under way using engine
2026-08-28T05:42:49Z,219000811,54.838703,11.491837,0.0,Under way using engine
2026-08-28T05:43:00Z,219000809,54.879887,11.478980,8.7,Under way using engine
2026-08-28T05:43:05Z,219002177,54.917327,11.371015,6.1,Under way using engine
2026-08-28T05:43:19Z,219000811,54.838705,11.491832,0.0,Under way using engine
2026-08-28T05:43:30Z,219000809,54.880340,11.480917,8.8,Under way using engine
2026-08-28T05:43:35Z,219002177,54.916840,11.369838,6.3,Under way using engine
2026-08-28T05:43:49Z,219000811,54.838705,11.491832,0.0,Under way using engine
2026-08-28T05:44:00Z,219000809,54.881167,11.482442,8.9,Under way using engine
2026-08-28T05:44:05Z,219002177,54.916672,11.368233,6.9,Under way using engine
2026-08-28T05:44:19Z,219000811,54.838707,11.491830,0.0,Under way using engine
2026-08-28T05:44:30Z,219000809,54.882217,11.483292,8.2,Under way using engine
2026-08-28T05:44:35Z,219002177,54.916563,11.366538,7.2,Under way using engine
2026-08-28T05:44:49Z,219000811,54.838705,11.491828,0.0,Under way using engine
2026-08-28T05:45:00Z,219000809,54.883227,11.483570,6.6,Under way using engine
2026-08-28T05:45:05Z,219002177,54.916428,11.364897,6.6,Under way using engine
2026-08-28T05:45:19Z,219000811,54.838703,11.491827,0.0,Under way using engine
2026-08-28T05:45:30Z,219000809,54.883800,11.483347,3.3,Under way using engine
2026-08-28T05:45:44Z,219002177,54.916338,11.363068,5.7,Under way using engine
2026-08-28T05:45:49Z,219000811,54.838702,11.491825,0.0,Under way using engine
2026-08-28T05:46:00Z,219000809,54.884047,11.483255,1.5,Under way using engine
2026-08-28T05:46:14Z,219002177,54.916332,11.361850,4.5,Under way using engine
2026-08-28T05:46:19Z,219000811,54.838700,11.491825,0.0,Under way using engine
2026-08-28T05:46:32Z,219000809,54.884202,11.483235,0.8,Under way using engine
2026-08-28T05:46:44Z,219002177,54.916365,11.361132,2.5,Under way using engine
2026-08-28T05:46:50Z,219000811,54.838698,11.491825,0.0,Under way using engine
2026-08-28T05:47:04Z,219000809,54.884277,11.483215,0.4,Under way using engine
2026-08-28T05:47:14Z,219002177,54.916373,11.360753,1.1,Under way using engine
2026-08-28T05:47:30Z,219000811,54.838698,11.491828,0.0,Under way using engine
2026-08-28T05:47:44Z,219000809,54.884305,11.483213,0.1,Under way using engine
2026-08-28T05:47:44Z,219002177,54.916372,11.360570,0.6,Under way using engine
2026-08-28T05:48:08Z,219000811,54.838698,11.491832,0.0,Under way using engine
2026-08-28T05:48:14Z,219000809,54.884308,11.483205,0.0,Under way using engine
2026-08-28T05:48:14Z,219002177,54.916368,11.360547,0.0,Under way using engine
2026-08-28T05:48:39Z,219000811,54.838698,11.491832,0.0,Under way using engine
2026-08-28T05:48:45Z,219002177,54.916368,11.360557,0.0,Under way using engine
2026-08-28T05:48:54Z,219000809,54.884318,11.483208,0.0,Under way using engine
2026-08-28T05:49:15Z,219002177,54.916362,11.360560,0.0,Under way using engine
2026-08-28T05:49:19Z,219000811,54.838697,11.491832,0.0,Under way using engine
2026-08-28T05:49:24Z,219000809,54.884307,11.483215,0.0,Under way using engine
2026-08-28T05:49:45Z,219002177,54.916363,11.360560,0.0,Under way using engine
2026-08-28T05:49:50Z,219000811,54.838697,11.491830,0.0,Under way using engine
2026-08-28T05:49:54Z,219000809,54.884310,11.483222,0.0,Under way using engine
2026-08-28T05:50:15Z,219002177,54.916373,11.360555,0.0,Under way using engine
2026-08-28T05:50:24Z,219000809,54.884308,11.483215,0.0,Under way using engine
2026-08-28T05:50:30Z,219000811,54.838697,11.491830,0.0,Under way using engine
2026-08-28T05:50:45Z,219002177,54.916370,11.360552,0.0,Under way using engine
2026-08-28T05:50:54Z,219000809,54.884305,11.483217,0.0,Under way using engine
2026-08-28T05:51:08Z,219000811,54.838698,11.491828,0.0,Under way using engine
2026-08-28T05:51:15Z,219002177,54.916378,11.360537,0.0,Under way using engine
2026-08-28T05:51:24Z,219000809,54.884318,11.483205,0.0,Under way using engine
2026-08-28T05:51:38Z,219000811,54.838697,11.491828,0.0,Under way using engine
2026-08-28T05:51:45Z,219002177,54.916362,11.360548,0.0,Under way using engine
2026-08-28T05:51:54Z,219000809,54.884057,11.483218,3.3,Under way using engine
2026-08-28T05:52:08Z,219000811,54.838698,11.491825,0.0,Under way using engine
2026-08-28T05:52:15Z,219002177,54.916373,11.360538,0.0,Under way using engine
2026-08-28T05:52:24Z,219000809,54.883490,11.483358,3.8,Under way using engine
2026-08-28T05:52:38Z,219000811,54.838700,11.491822,0.0,Under way using engine
2026-08-28T05:52:45Z,219002177,54.916353,11.360533,0.0,Under way using engine
2026-08-28T05:52:54Z,219000809,54.883247,11.483333,2.2,Under way using engine
2026-08-28T05:53:08Z,219000811,54.838700,11.491822,0.0,Under way using engine
2026-08-28T05:53:15Z,219002177,54.916348,11.360530,0.0,Under way using engine
2026-08-28T05:53:24Z,219000809,54.882535,11.482235,7.6,Under way using engine
2026-08-28T05:53:38Z,219000811,54.838702,11.491823,0.0,Under way using engine
2026-08-28T05:53:53Z,219002177,54.916363,11.360533,0.0,Under way using engine
2026-08-28T05:53:54Z,219000809,54.881677,11.480967,8.7,Under way using engine
2026-08-28T05:54:08Z,219000811,54.838702,11.491828,0.0,Under way using engine
2026-08-28T05:54:23Z,219002177,54.916370,11.360535,0.0,Under way using engine
2026-08-28T05:54:24Z,219000809,54.880693,11.479507,9.3,Under way using engine
2026-08-28T05:54:40Z,219000811,54.838702,11.491830,0.0,Under way using engine
2026-08-28T05:54:53Z,219002177,54.916365,11.360535,0.0,Under way using engine
2026-08-28T05:54:54Z,219000809,54.879972,11.477783,9.3,Under way using engine
2026-08-28T05:55:19Z,219000811,54.838702,11.491832,0.0,Under way using engine
2026-08-28T05:55:23Z,219002177,54.916357,11.360545,0.0,Under way using engine
2026-08-28T05:55:24Z,219000809,54.879987,11.475513,9.2,Under way using engine
2026-08-28T05:55:49Z,219000811,54.838703,11.491830,0.0,Under way using engine
2026-08-28T05:55:53Z,219002177,54.916365,11.360552,0.0,Under way using engine
2026-08-28T05:55:54Z,219000809,54.880530,11.473530,9.5,Under way using engine
2026-08-28T05:56:19Z,219000811,54.838705,11.491832,0.0,Under way using engine
2026-08-28T05:56:23Z,219002177,54.916360,11.360555,0.1,Under way using engine
2026-08-28T05:56:24Z,219000809,54.881173,11.471390,9.8,Under way using engine
2026-08-28T05:56:49Z,219000811,54.838707,11.491830,0.0,Under way using engine
2026-08-28T05:56:53Z,219002177,54.916360,11.360552,0.1,Under way using engine
2026-08-28T05:56:54Z,219000809,54.881822,11.469382,9.9,Under way using engine
2026-08-28T05:57:19Z,219000811,54.838707,11.491827,0.0,Under way using engine
2026-08-28T05:57:24Z,219000809,54.882590,11.467332,9.9,Under way using engine
2026-08-28T05:57:25Z,219002177,54.916385,11.360530,0.0,Under way using engine
2026-08-28T05:57:49Z,219000811,54.838707,11.491823,0.0,Under way using engine
2026-08-28T05:57:54Z,219000809,54.883337,11.465402,10.1,Under way using engine
2026-08-28T05:58:05Z,219002177,54.916355,11.360545,0.0,Under way using engine
2026-08-28T05:58:19Z,219000811,54.838707,11.491820,0.0,Under way using engine
2026-08-28T05:58:24Z,219000809,54.884137,11.463283,10.3,Under way using engine
2026-08-28T05:58:43Z,219002177,54.916355,11.360555,0.0,Under way using engine
2026-08-28T05:58:49Z,219000811,54.838707,11.491818,0.0,Under way using engine
2026-08-28T05:58:54Z,219000809,54.884985,11.461417,10.1,Under way using engine
2026-08-28T05:59:14Z,219002177,54.916367,11.360555,0.0,Under way using engine
2026-08-28T05:59:19Z,219000811,54.838705,11.491825,0.0,Under way using engine
2026-08-28T05:59:24Z,219000809,54.885948,11.459467,10.4,Under way using engine
2026-08-28T05:59:49Z,219000811,54.838707,11.491828,0.0,Under way using engine
2026-08-28T05:59:54Z,219000809,54.886852,11.457618,10.4,Under way using engine
2026-08-28T05:59:54Z,219002177,54.916370,11.360565,0.0,Under way using engine
2026-08-28T06:00:24Z,219000809,54.887767,11.455700,10.4,Under way using engine
2026-08-28T06:00:25Z,219000811,54.838707,11.491823,0.0,Under way using engine
2026-08-28T06:00:35Z,219002177,54.916357,11.360613,0.5,Under way using engine
2026-08-28T06:00:54Z,219000809,54.888722,11.453720,10.4,Under way using engine
2026-08-28T06:00:59Z,219000811,54.838707,11.491813,0.0,Under way using engine
2026-08-28T06:01:05Z,219002177,54.916367,11.360930,1.8,Under way using engine
2026-08-28T06:01:24Z,219000809,54.889647,11.451910,10.3,Under way using engine
2026-08-28T06:01:30Z,219000811,54.838707,11.491810,0.0,Under way using engine
2026-08-28T06:01:35Z,219002177,54.916340,11.361578,3.0,Under way using engine
2026-08-28T06:01:54Z,219000809,54.890568,11.449925,10.2,Under way using engine
2026-08-28T06:02:05Z,219002177,54.916350,11.362467,4.2,Under way using engine
2026-08-28T06:02:10Z,219000811,54.838705,11.491815,0.0,Under way using engine
2026-08-28T06:02:24Z,219000809,54.891352,11.448037,10.1,Under way using engine
2026-08-28T06:02:35Z,219002177,54.916397,11.363622,4.9,Under way using engine
2026-08-28T06:02:49Z,219000811,54.838705,11.491818,0.0,Under way using engine
2026-08-28T06:02:54Z,219000809,54.892215,11.446033,10.0,Under way using engine
2026-08-28T06:03:05Z,219002177,54.916460,11.364832,5.4,Under way using engine
2026-08-28T06:03:24Z,219000809,54.893007,11.444230,9.9,Under way using engine
2026-08-28T06:03:30Z,219000811,54.838703,11.491823,0.0,Under way using engine
2026-08-28T06:03:35Z,219002177,54.916570,11.366198,5.7,Under way using engine
2026-08-28T06:03:54Z,219000809,54.893875,11.442230,9.9,Under way using engine
2026-08-28T06:04:05Z,219002177,54.916668,11.367523,5.8,Under way using engine
2026-08-28T06:04:10Z,219000811,54.838703,11.491827,0.0,Under way using engine
2026-08-28T06:04:24Z,219000809,54.894653,11.440373,9.9,Under way using engine
2026-08-28T06:04:35Z,219002177,54.916828,11.368940,5.9,Under way using engine
2026-08-28T06:04:49Z,219000811,54.838705,11.491825,0.0,Under way using engine
2026-08-28T06:04:54Z,219000809,54.895512,11.438365,10.0,Under way using engine
2026-08-28T06:05:05Z,219002177,54.916952,11.370298,5.9,Under way using engine
2026-08-28T06:05:24Z,219000809,54.896253,11.436493,9.9,Under way using engine
2026-08-28T06:05:30Z,219000811,54.838707,11.491823,0.0,Under way using engine
2026-08-28T06:05:35Z,219002177,54.917115,11.371758,6.0,Under way using engine
2026-08-28T06:05:54Z,219000809,54.897100,11.434477,10.0,Under way using engine
2026-08-28T06:06:05Z,219002177,54.917312,11.373077,5.8,Under way using engine
2026-08-28T06:06:10Z,219000811,54.838705,11.491822,0.0,Under way using engine
2026-08-28T06:06:24Z,219000809,54.897762,11.432482,9.9,Under way using engine
2026-08-28T06:06:35Z,219002177,54.918025,11.373592,5.7,Under way using engine
2026-08-28T06:06:49Z,219000811,54.838705,11.491823,0.0,Under way using engine
2026-08-28T06:06:54Z,219000809,54.898417,11.430327,9.8,Under way using engine
2026-08-28T06:07:05Z,219002177,54.918847,11.373572,6.6,Under way using engine
2026-08-28T06:07:19Z,219000811,54.838705,11.491825,0.0,Under way using engine
2026-08-28T06:07:24Z,219000809,54.898980,11.428268,9.8,Under way using engine
2026-08-28T06:07:35Z,219002177,54.919873,11.373550,7.2,Under way using engine
2026-08-28T06:07:49Z,219000811,54.838705,11.491828,0.0,Under way using engine
2026-08-28T06:07:54Z,219000809,54.899577,11.426085,9.7,Under way using engine
2026-08-28T06:08:05Z,219002177,54.920827,11.373440,7.5,Under way using engine
2026-08-28T06:08:19Z,219000811,54.838705,11.491825,0.0,Under way using engine
2026-08-28T06:08:33Z,219000809,54.900215,11.423300,9.7,Under way using engine
2026-08-28T06:08:35Z,219002177,54.921928,11.373250,7.8,Under way using engine
2026-08-28T06:08:49Z,219000811,54.838705,11.491825,0.0,Under way using engine
2026-08-28T06:09:03Z,219000809,54.900722,11.421205,9.7,Under way using engine
2026-08-28T06:09:14Z,219002177,54.923317,11.373008,8.0,Under way using engine
2026-08-28T06:09:19Z,219000811,54.838702,11.491827,0.0,Under way using engine
2026-08-28T06:09:33Z,219000809,54.901230,11.418997,9.6,Under way using engine
2026-08-28T06:09:44Z,219002177,54.924422,11.372817,8.0,Under way using engine
2026-08-28T06:09:49Z,219000811,54.838700,11.491827,0.0,Under way using engine
2026-08-28T06:10:03Z,219000809,54.901725,11.416898,9.7,Under way using engine
2026-08-28T06:10:14Z,219002177,54.925540,11.372600,8.1,Under way using engine
2026-08-28T06:10:19Z,219000811,54.838697,11.491828,0.0,Under way using engine
2026-08-28T06:10:33Z,219000809,54.902187,11.414753,9.7,Under way using engine
2026-08-28T06:10:44Z,219002177,54.926575,11.372423,8.1,Under way using engine
2026-08-28T06:10:49Z,219000811,54.838695,11.491830,0.0,Under way using engine
2026-08-28T06:11:03Z,219000809,54.902720,11.412560,9.8,Under way using engine
2026-08-28T06:11:14Z,219002177,54.927713,11.372162,8.0,Under way using engine
2026-08-28T06:11:19Z,219000811,54.838693,11.491832,0.0,Under way using engine
2026-08-28T06:11:33Z,219000809,54.903207,11.410377,9.7,Under way using engine
2026-08-28T06:11:44Z,219002177,54.928805,11.371943,8.1,Under way using engine
2026-08-28T06:11:49Z,219000811,54.838695,11.491832,0.0,Under way using engine
2026-08-28T06:12:03Z,219000809,54.903743,11.408165,9.7,Under way using engine
2026-08-28T06:12:14Z,219002177,54.929937,11.371670,8.0,Under way using engine
2026-08-28T06:12:19Z,219000811,54.838695,11.491832,0.0,Under way using engine
2026-08-28T06:12:33Z,219000809,54.904283,11.406110,9.7,Under way using engine
2026-08-28T06:12:44Z,219002177,54.931020,11.371473,7.9,Under way using engine
2026-08-28T06:12:49Z,219000811,54.838690,11.491832,0.0,Under way using engine
2026-08-28T06:13:03Z,219000809,54.904930,11.403958,9.7,Under way using engine
2026-08-28T06:13:14Z,219002177,54.932103,11.371258,7.9,Under way using engine
2026-08-28T06:13:19Z,219000811,54.838688,11.491828,0.0,Under way using engine
2026-08-28T06:13:33Z,219000809,54.905567,11.401982,9.7,Under way using engine
2026-08-28T06:13:44Z,219002177,54.933175,11.371030,7.6,Under way using engine
2026-08-28T06:13:49Z,219000811,54.838688,11.491830,0.0,Under way using engine
2026-08-28T06:14:03Z,219000809,54.906232,11.399847,9.8,Under way using engine
2026-08-28T06:14:14Z,219002177,54.934113,11.371145,6.4,Under way using engine
2026-08-28T06:14:19Z,219000811,54.838688,11.491830,0.0,Under way using engine
2026-08-28T06:14:33Z,219000809,54.906882,11.397855,9.9,Under way using engine
2026-08-28T06:14:44Z,219002177,54.934888,11.371423,5.2,Under way using engine
2026-08-28T06:14:49Z,219000811,54.838690,11.491830,0.0,Under way using engine
2026-08-28T06:15:03Z,219000809,54.907560,11.395683,10.0,Under way using engine
2026-08-28T06:15:14Z,219002177,54.935468,11.371665,3.6,Under way using engine
2026-08-28T06:15:19Z,219000811,54.838692,11.491830,0.0,Under way using engine
2026-08-28T06:15:33Z,219000809,54.908218,11.393655,10.0,Under way using engine
2026-08-28T06:15:45Z,219002177,54.935757,11.371792,1.6,Under way using engine
2026-08-28T06:15:49Z,219000811,54.838695,11.491832,0.0,Under way using engine
2026-08-28T06:16:03Z,219000809,54.909038,11.391575,10.1,Under way using engine
2026-08-28T06:16:19Z,219000811,54.838702,11.491832,0.0,Under way using engine
2026-08-28T06:16:19Z,219002177,54.935878,11.371917,0.9,Under way using engine
2026-08-28T06:16:33Z,219000809,54.909903,11.389625,10.2,Under way using engine
2026-08-28T06:16:49Z,219000811,54.838708,11.491833,0.0,Under way using engine
2026-08-28T06:16:54Z,219002177,54.935965,11.371972,0.1,Under way using engine
2026-08-28T06:17:03Z,219000809,54.910742,11.387638,10.3,Under way using engine
2026-08-28T06:17:19Z,219000811,54.838712,11.491828,0.0,Under way using engine
2026-08-28T06:17:24Z,219002177,54.935960,11.371985,0.0,Under way using engine
2026-08-28T06:17:33Z,219000809,54.911620,11.385648,10.3,Under way using engine
2026-08-28T06:17:49Z,219000811,54.838713,11.491825,0.0,Under way using engine
2026-08-28T06:17:54Z,219002177,54.935955,11.371952,0.0,Under way using engine
2026-08-28T06:18:03Z,219000809,54.912480,11.383655,10.3,Under way using engine
2026-08-28T06:18:19Z,219000811,54.838713,11.491823,0.0,Under way using engine
2026-08-28T06:18:33Z,219000809,54.913357,11.381740,10.3,Under way using engine
2026-08-28T06:18:35Z,219002177,54.935962,11.371965,0.0,Under way using engine
2026-08-28T06:18:49Z,219000811,54.838710,11.491823,0.0,Under way using engine
2026-08-28T06:19:03Z,219000809,54.914242,11.379753,10.3,Under way using engine
2026-08-28T06:19:14Z,219002177,54.935972,11.371950,0.0,Under way using engine
2026-08-28T06:19:19Z,219000811,54.838708,11.491825,0.0,Under way using engine
2026-08-28T06:19:33Z,219000809,54.915095,11.377793,10.2,Under way using engine
2026-08-28T06:19:45Z,219002177,54.935965,11.371982,0.0,Under way using engine
2026-08-28T06:19:49Z,219000811,54.838707,11.491823,0.0,Under way using engine
2026-08-28T06:20:03Z,219000809,54.915863,11.375740,10.1,Under way using engine
2026-08-28T06:20:19Z,219000811,54.838705,11.491822,0.0,Under way using engine
2026-08-28T06:20:23Z,219002177,54.935972,11.371968,0.0,Under way using engine
2026-08-28T06:20:33Z,219000809,54.916457,11.373578,9.7,Under way using engine
2026-08-28T06:20:54Z,219002177,54.935962,11.371968,0.0,Under way using engine
2026-08-28T06:21:00Z,219000811,54.838703,11.491818,0.0,Under way using engine
2026-08-28T06:21:03Z,219000809,54.916795,11.371403,9.3,Under way using engine
2026-08-28T06:21:33Z,219000809,54.916783,11.369152,9.4,Under way using engine
2026-08-28T06:21:35Z,219002177,54.935962,11.371965,0.0,Under way using engine
2026-08-28T06:21:40Z,219000811,54.838702,11.491818,0.0,Under way using engine
2026-08-28T06:22:03Z,219000809,54.916647,11.366917,9.3,Under way using engine
2026-08-28T06:22:10Z,219000811,54.838702,11.491822,0.0,Under way using engine
2026-08-28T06:22:14Z,219002177,54.935952,11.371948,0.0,Under way using engine
2026-08-28T06:22:33Z,219000809,54.916492,11.364738,8.8,Under way using engine
2026-08-28T06:22:40Z,219000811,54.838702,11.491820,0.0,Under way using engine
2026-08-28T06:22:44Z,219002177,54.935952,11.371940,0.0,Under way using engine
2026-08-28T06:23:03Z,219000809,54.916343,11.362815,7.7,Under way using engine
2026-08-28T06:23:10Z,219000811,54.838700,11.491817,0.0,Under way using engine
2026-08-28T06:23:14Z,219002177,54.935962,11.371928,0.0,Under way using engine
2026-08-28T06:23:33Z,219000809,54.916233,11.361250,5.8,Under way using engine
2026-08-28T06:23:40Z,219000811,54.838702,11.491815,0.0,Under way using engine
2026-08-28T06:23:44Z,219002177,54.935963,11.371937,0.0,Under way using engine
2026-08-28T06:24:03Z,219000809,54.915972,11.360587,1.8,Under way using engine
2026-08-28T06:24:10Z,219000811,54.838703,11.491817,0.0,Under way using engine
2026-08-28T06:24:24Z,219002177,54.935975,11.371927,0.0,Under way using engine
2026-08-28T06:24:33Z,219000809,54.916005,11.360487,0.8,Under way using engine
2026-08-28T06:24:40Z,219000811,54.838707,11.491820,0.0,Under way using engine
2026-08-28T06:24:54Z,219002177,54.935973,11.371942,0.0,Under way using engine
2026-08-28T06:25:04Z,219000809,54.916080,11.360208,1.3,Under way using engine
2026-08-28T06:25:10Z,219000811,54.838708,11.491827,0.0,Under way using engine
2026-08-28T06:25:24Z,219002177,54.935973,11.371943,0.0,Under way using engine
2026-08-28T06:25:37Z,219000809,54.916073,11.360148,0.2,Under way using engine
2026-08-28T06:25:40Z,219000811,54.838708,11.491827,0.0,Under way using engine
2026-08-28T06:25:54Z,219002177,54.935987,11.371965,0.0,Under way using engine
2026-08-28T06:26:10Z,219000809,54.916070,11.360037,0.3,Under way using engine
2026-08-28T06:26:10Z,219000811,54.838707,11.491828,0.0,Under way using engine
2026-08-28T06:26:24Z,219002177,54.935982,11.371943,0.0,Under way using engine
2026-08-28T06:26:40Z,219000811,54.838710,11.491828,0.0,Under way using engine
2026-08-28T06:26:43Z,219000809,54.916075,11.360040,0.0,Under way using engine
2026-08-28T06:26:54Z,219002177,54.935972,11.371950,0.0,Under way using engine
2026-08-28T06:27:13Z,219000809,54.916073,11.360032,0.0,Under way using engine
2026-08-28T06:27:20Z,219000811,54.838712,11.491828,0.0,Under way using engine
2026-08-28T06:27:24Z,219002177,54.935973,11.371945,0.0,Under way using engine
2026-08-28T06:27:43Z,219000809,54.916085,11.360027,0.0,Under way using engine
2026-08-28T06:27:54Z,219002177,54.935967,11.371940,0.0,Under way using engine
2026-08-28T06:27:59Z,219000811,54.838712,11.491828,0.0,Under way using engine
2026-08-28T06:28:13Z,219000809,54.916070,11.360035,0.0,Under way using engine
2026-08-28T06:28:24Z,219002177,54.935963,11.371943,0.0,Under way using engine
2026-08-28T06:28:29Z,219000811,54.838713,11.491828,0.0,Under way using engine
2026-08-28T06:28:43Z,219000809,54.916072,11.360018,0.0,Under way using engine
2026-08-28T06:28:54Z,219002177,54.935960,11.371935,0.0,Under way using engine
2026-08-28T06:28:59Z,219000811,54.838715,11.491827,0.0,Under way using engine
2026-08-28T06:29:13Z,219000809,54.916038,11.360040,0.1,Under way using engine
2026-08-28T06:29:24Z,219002177,54.935955,11.371947,0.0,Under way using engine
2026-08-28T06:29:29Z,219000811,54.838717,11.491823,0.0,Under way using engine
2026-08-28T06:29:43Z,219000809,54.916052,11.360022,0.0,Under way using engine
2026-08-28T06:29:54Z,219002177,54.935960,11.371957,0.1,Under way using engine
2026-08-28T06:29:59Z,219000811,54.838718,11.491822,0.0,Under way using engine
2026-08-28T06:30:13Z,219000809,54.916043,11.360038,0.0,Under way using engine
2026-08-28T06:30:24Z,219002177,54.935825,11.371825,1.5,Under way using engine
2026-08-28T06:30:29Z,219000811,54.838718,11.491820,0.0,Under way using engine
2026-08-28T06:30:43Z,219000809,54.916055,11.360050,0.0,Under way using engine
2026-08-28T06:30:54Z,219002177,54.935573,11.371582,2.5,Under way using engine
2026-08-28T06:30:59Z,219000811,54.838718,11.491818,0.0,Under way using engine
2026-08-28T06:31:13Z,219000809,54.916065,11.360033,0.0,Under way using engine
2026-08-28T06:31:24Z,219002177,54.935218,11.371088,3.6,Under way using engine
2026-08-28T06:31:29Z,219000811,54.838718,11.491817,0.0,Under way using engine
2026-08-28T06:31:43Z,219000809,54.916065,11.360040,0.0,Under way using engine
2026-08-28T06:31:54Z,219002177,54.934857,11.370368,4.0,Under way using engine
2026-08-28T06:31:59Z,219000811,54.838717,11.491817,0.0,Under way using engine
2026-08-28T06:32:13Z,219000809,54.916077,11.360022,0.0,Under way using engine
2026-08-28T06:32:24Z,219002177,54.934363,11.369982,3.9,Under way using engine
2026-08-28T06:32:29Z,219000811,54.838713,11.491817,0.0,Under way using engine
2026-08-28T06:32:43Z,219000809,54.916078,11.360038,0.0,Under way using engine
2026-08-28T06:32:54Z,219002177,54.933743,11.369908,5.0,Under way using engine
2026-08-28T06:32:59Z,219000811,54.838713,11.491815,0.0,Under way using engine
2026-08-28T06:33:13Z,219000809,54.916072,11.360023,0.0,Under way using engine
2026-08-28T06:33:24Z,219002177,54.932922,11.369815,6.0,Under way using engine
2026-08-28T06:33:29Z,219000811,54.838712,11.491815,0.0,Under way using engine
2026-08-28T06:33:43Z,219000809,54.916072,11.360022,0.1,Under way using engine
2026-08-28T06:33:54Z,219002177,54.932082,11.369788,6.4,Under way using engine
2026-08-28T06:33:59Z,219000811,54.838713,11.491813,0.0,Under way using engine
2026-08-28T06:34:13Z,219000809,54.916053,11.360035,0.0,Under way using engine
2026-08-28T06:34:24Z,219002177,54.931143,11.369778,6.6,Under way using engine
2026-08-28T06:34:29Z,219000811,54.838713,11.491817,0.0,Under way using engine
2026-08-28T06:34:44Z,219000809,54.916043,11.360032,0.0,Under way using engine
2026-08-28T06:34:54Z,219002177,54.930240,11.369755,6.6,Under way using engine
2026-08-28T06:34:59Z,219000811,54.838717,11.491818,0.0,Under way using engine
2026-08-28T06:35:23Z,219000809,54.916025,11.360052,0.0,Under way using engine
2026-08-28T06:35:25Z,219002177,54.929305,11.369760,6.7,Under way using engine
2026-08-28T06:35:30Z,219000811,54.838718,11.491818,0.0,Under way using engine
2026-08-28T06:35:53Z,219000809,54.916030,11.360028,0.0,Under way using engine
2026-08-28T06:36:03Z,219002177,54.928098,11.369777,6.7,Under way using engine
2026-08-28T06:36:09Z,219000811,54.838718,11.491817,0.0,Under way using engine
2026-08-28T06:36:23Z,219000809,54.916015,11.360027,0.0,Under way using engine
2026-08-28T06:36:35Z,219002177,54.927157,11.369852,6.6,Under way using engine
2026-08-28T06:36:39Z,219000811,54.838723,11.491817,0.0,Under way using engine
2026-08-28T06:36:53Z,219000809,54.916000,11.360028,0.0,Under way using engine
2026-08-28T06:37:09Z,219000811,54.838727,11.491817,0.0,Under way using engine
2026-08-28T06:37:23Z,219000809,54.916012,11.360008,0.0,Under way using engine
2026-08-28T06:37:25Z,219002177,54.925635,11.369945,6.5,Under way using engine
2026-08-28T06:37:39Z,219000811,54.838723,11.491817,0.0,Under way using engine
2026-08-28T06:37:53Z,219000809,54.916018,11.360033,0.0,Under way using engine
2026-08-28T06:38:03Z,219002177,54.924463,11.370052,6.5,Under way using engine
2026-08-28T06:38:09Z,219000811,54.838720,11.491815,0.0,Under way using engine
2026-08-28T06:38:23Z,219000809,54.916037,11.360012,0.0,Under way using engine
2026-08-28T06:38:35Z,219002177,54.923542,11.370123,6.5,Under way using engine
2026-08-28T06:38:39Z,219000811,54.838718,11.491815,0.0,Under way using engine
2026-08-28T06:38:53Z,219000809,54.916048,11.360015,0.0,Under way using engine
2026-08-28T06:39:10Z,219000811,54.838720,11.491817,0.0,Under way using engine
2026-08-28T06:39:15Z,219002177,54.922358,11.370268,6.4,Under way using engine
2026-08-28T06:39:23Z,219000809,54.916060,11.360020,0.0,Under way using engine
2026-08-28T06:39:45Z,219002177,54.921472,11.370375,6.4,Under way using engine
2026-08-28T06:39:50Z,219000811,54.838720,11.491818,0.0,Under way using engine
2026-08-28T06:39:53Z,219000809,54.916078,11.360007,0.0,Under way using engine
2026-08-28T06:40:15Z,219002177,54.920593,11.370492,6.4,Under way using engine
2026-08-28T06:40:20Z,219000811,54.838720,11.491820,0.0,Under way using engine
2026-08-28T06:40:23Z,219000809,54.916095,11.360023,0.0,Under way using engine
2026-08-28T06:40:45Z,219002177,54.919713,11.370560,6.4,Under way using engine
2026-08-28T06:40:50Z,219000811,54.838723,11.491822,0.0,Under way using engine
2026-08-28T06:40:53Z,219000809,54.916102,11.360010,0.0,Under way using engine
2026-08-28T06:41:15Z,219002177,54.918838,11.370717,6.4,Under way using engine
2026-08-28T06:41:20Z,219000811,54.838725,11.491823,0.0,Under way using engine
2026-08-28T06:41:23Z,219000809,54.916113,11.360025,0.0,Under way using engine
2026-08-28T06:41:50Z,219000811,54.838723,11.491825,0.0,Under way using engine
2026-08-28T06:41:53Z,219000809,54.916098,11.360017,0.0,Under way using engine
2026-08-28T06:42:03Z,219002177,54.917390,11.370915,6.3,Under way using engine
2026-08-28T06:42:20Z,219000811,54.838723,11.491827,0.0,Under way using engine
2026-08-28T06:42:34Z,219000809,54.916062,11.360002,0.0,Under way using engine
2026-08-28T06:42:34Z,219002177,54.916795,11.370002,6.2,Under way using engine
2026-08-28T06:42:50Z,219000811,54.838722,11.491827,0.0,Under way using engine
2026-08-28T06:43:14Z,219000809,54.916060,11.360007,0.0,Under way using engine
2026-08-28T06:43:15Z,219002177,54.916622,11.367767,7.3,Under way using engine
2026-08-28T06:43:20Z,219000811,54.838722,11.491827,0.0,Under way using engine
2026-08-28T06:43:50Z,219000811,54.838723,11.491827,0.0,Under way using engine
2026-08-28T06:43:53Z,219000809,54.916043,11.360025,0.0,Under way using engine
2026-08-28T06:43:53Z,219002177,54.916498,11.365503,7.2,Under way using engine
2026-08-28T06:44:20Z,219000811,54.838725,11.491825,0.0,Under way using engine
2026-08-28T06:44:23Z,219000809,54.916032,11.360020,0.0,Under way using engine
2026-08-28T06:44:25Z,219002177,54.916407,11.363815,6.4,Under way using engine
2026-08-28T06:44:50Z,219000811,54.838723,11.491825,0.0,Under way using engine
2026-08-28T06:44:53Z,219000809,54.916043,11.360013,0.0,Under way using engine
2026-08-28T06:45:05Z,219002177,54.916352,11.362070,4.9,Under way using engine
2026-08-28T06:45:20Z,219000811,54.838722,11.491823,0.0,Under way using engine
2026-08-28T06:45:23Z,219000809,54.916058,11.360022,0.0,Under way using engine
2026-08-28T06:45:43Z,219002177,54.916372,11.361017,2.4,Under way using engine
2026-08-28T06:45:50Z,219000811,54.838718,11.491823,0.0,Under way using engine
2026-08-28T06:45:53Z,219000809,54.916100,11.360092,0.0,Under way using engine
2026-08-28T06:46:14Z,219002177,54.916367,11.360658,1.0,Under way using engine
2026-08-28T06:46:20Z,219000811,54.838717,11.491823,0.0,Under way using engine
2026-08-28T06:46:23Z,219000809,54.916092,11.360042,0.0,Under way using engine
2026-08-28T06:46:50Z,219000811,54.838717,11.491822,0.1,Under way using engine
2026-08-28T06:46:53Z,219000809,54.916097,11.360068,0.0,Under way using engine
2026-08-28T06:46:54Z,219002177,54.916368,11.360565,0.0,Under way using engine
2026-08-28T06:47:20Z,219000811,54.838717,11.491820,0.0,Under way using engine
2026-08-28T06:47:23Z,219000809,54.916082,11.360050,0.0,Under way using engine
2026-08-28T06:47:25Z,219002177,54.916367,11.360553,0.0,Under way using engine
2026-08-28T06:47:50Z,219000811,54.838718,11.491820,0.0,Under way using engine
2026-08-28T06:47:53Z,219000809,54.916063,11.360048,0.0,Under way using engine
2026-08-28T06:48:05Z,219002177,54.916385,11.360558,0.0,Under way using engine
2026-08-28T06:48:20Z,219000811,54.838718,11.491825,0.0,Under way using engine
2026-08-28T06:48:23Z,219000809,54.916057,11.360038,0.1,Under way using engine
2026-08-28T06:48:43Z,219002177,54.916378,11.360548,0.0,Under way using engine
2026-08-28T06:48:50Z,219000811,54.838718,11.491825,0.0,Under way using engine
2026-08-28T06:48:53Z,219000809,54.916058,11.360033,0.0,Under way using engine
2026-08-28T06:49:15Z,219002177,54.916373,11.360557,0.0,Under way using engine
2026-08-28T06:49:23Z,219000809,54.916065,11.360243,2.0,Under way using engine
2026-08-28T06:49:29Z,219000811,54.838717,11.491825,0.0,Under way using engine
2026-08-28T06:49:53Z,219000809,54.916177,11.361493,6.3,Under way using engine
2026-08-28T06:49:54Z,219002177,54.916370,11.360558,0.0,Under way using engine
2026-08-28T06:50:00Z,219000811,54.838717,11.491823,0.0,Under way using engine
2026-08-28T06:50:23Z,219000809,54.916393,11.363170,7.6,Under way using engine
2026-08-28T06:50:34Z,219002177,54.916385,11.360558,0.0,Under way using engine
2026-08-28T06:50:38Z,219000811,54.838718,11.491822,0.0,Under way using engine
2026-08-28T06:50:53Z,219000809,54.916477,11.365080,7.9,Under way using engine
2026-08-28T06:51:04Z,219002177,54.916360,11.360538,0.0,Under way using engine
2026-08-28T06:51:10Z,219000811,54.838718,11.491820,0.0,Under way using engine
2026-08-28T06:51:23Z,219000809,54.916597,11.366983,8.4,Under way using engine
2026-08-28T06:51:34Z,219002177,54.916363,11.360523,0.0,Under way using engine
2026-08-28T06:51:53Z,219000809,54.916743,11.369082,8.6,Under way using engine
2026-08-28T06:52:00Z,219000811,54.838717,11.491823,0.0,Under way using engine
2026-08-28T06:52:04Z,219002177,54.916377,11.360547,0.0,Under way using engine
2026-08-28T06:52:23Z,219000809,54.916912,11.371043,8.4,Under way using engine
2026-08-28T06:52:30Z,219000811,54.838717,11.491822,0.0,Under way using engine
2026-08-28T06:52:34Z,219002177,54.916372,11.360538,0.0,Under way using engine
2026-08-28T06:52:53Z,219000809,54.916563,11.372842,7.7,Under way using engine
2026-08-28T06:53:00Z,219000811,54.838715,11.491820,0.0,Under way using engine
2026-08-28T06:53:04Z,219002177,54.916372,11.360517,0.0,Under way using engine
2026-08-28T06:53:24Z,219000809,54.916048,11.374287,6.5,Under way using engine
2026-08-28T06:53:30Z,219000811,54.838715,11.491820,0.0,Under way using engine
2026-08-28T06:53:34Z,219002177,54.916378,11.360530,0.0,Under way using engine
2026-08-28T06:53:57Z,219000809,54.915415,11.375672,7.4,Under way using engine
2026-08-28T06:54:00Z,219000811,54.838713,11.491818,0.0,Under way using engine
2026-08-28T06:54:04Z,219002177,54.916368,11.360552,0.0,Under way using engine
2026-08-28T06:54:30Z,219000811,54.838713,11.491817,0.0,Under way using engine
2026-08-28T06:54:34Z,219000809,54.914670,11.377305,6.2,Under way using engine
2026-08-28T06:54:34Z,219002177,54.916375,11.360542,0.0,Under way using engine
2026-08-28T06:55:00Z,219000811,54.838712,11.491817,0.0,Under way using engine
2026-08-28T06:55:04Z,219000809,54.914152,11.378768,7.7,Under way using engine
2026-08-28T06:55:04Z,219002177,54.916383,11.360543,0.0,Under way using engine
2026-08-28T06:55:30Z,219000811,54.838710,11.491818,0.0,Under way using engine
2026-08-28T06:55:34Z,219000809,54.913470,11.380317,8.3,Under way using engine
2026-08-28T06:55:34Z,219002177,54.916383,11.360527,0.0,Under way using engine
2026-08-28T06:56:00Z,219000811,54.838712,11.491820,0.0,Under way using engine
2026-08-28T06:56:04Z,219000809,54.912777,11.381943,8.4,Under way using engine
2026-08-28T06:56:04Z,219002177,54.916383,11.360535,0.0,Under way using engine
2026-08-28T06:56:30Z,219000811,54.838712,11.491820,0.0,Under way using engine
2026-08-28T06:56:34Z,219000809,54.912110,11.383597,8.5,Under way using engine
2026-08-28T06:56:34Z,219002177,54.916368,11.360532,0.0,Under way using engine
2026-08-28T06:57:00Z,219000811,54.838713,11.491818,0.0,Under way using engine
2026-08-28T06:57:04Z,219002177,54.916382,11.360530,0.0,Under way using engine
2026-08-28T06:57:14Z,219000809,54.911208,11.385765,8.5,Under way using engine
2026-08-28T06:57:30Z,219000811,54.838712,11.491815,0.0,Under way using engine
2026-08-28T06:57:34Z,219002177,54.916367,11.360533,0.0,Under way using engine
2026-08-28T06:57:47Z,219000809,54.910498,11.387408,8.5,Under way using engine
2026-08-28T06:58:00Z,219000811,54.838715,11.491817,0.0,Under way using engine
2026-08-28T06:58:04Z,219002177,54.916382,11.360547,0.0,Under way using engine
2026-08-28T06:58:24Z,219000809,54.909567,11.389588,8.5,Under way using engine
2026-08-28T06:58:30Z,219000811,54.838713,11.491818,0.0,Under way using engine
2026-08-28T06:58:34Z,219002177,54.916368,11.360553,0.0,Under way using engine
2026-08-28T06:58:54Z,219000809,54.908940,11.391397,8.5,Under way using engine
2026-08-28T06:59:00Z,219000811,54.838713,11.491820,0.0,Under way using engine
2026-08-28T06:59:04Z,219002177,54.916375,11.360553,0.0,Under way using engine
2026-08-28T06:59:24Z,219000809,54.908452,11.393213,8.5,Under way using engine
2026-08-28T06:59:34Z,219002177,54.916383,11.360560,0.0,Under way using engine
2026-08-28T06:59:39Z,219000811,54.838713,11.491822,0.0,Under way using engine
2026-08-28T06:59:54Z,219000809,54.908175,11.395263,8.6,Under way using engine
2026-08-28T07:00:04Z,219002177,54.916365,11.360537,0.0,Under way using engine
2026-08-28T07:00:20Z,219000811,54.838717,11.491828,0.0,Under way using engine
2026-08-28T07:00:24Z,219000809,54.908243,11.397172,8.1,Under way using engine
2026-08-28T07:00:34Z,219002177,54.916365,11.360542,0.0,Under way using engine
2026-08-28T07:00:54Z,219000809,54.908982,11.398895,8.8,Under way using engine
2026-08-28T07:01:00Z,219000811,54.838713,11.491830,0.0,Under way using engine
2026-08-28T07:01:04Z,219002177,54.916372,11.360547,0.0,Under way using engine
2026-08-28T07:01:24Z,219000809,54.909703,11.400548,8.9,Under way using engine
2026-08-28T07:01:34Z,219002177,54.916387,11.360540,0.0,Under way using engine
2026-08-28T07:01:39Z,219000811,54.838710,11.491828,0.0,Under way using engine
2026-08-28T07:01:54Z,219000809,54.910485,11.402315,9.0,Under way using engine
2026-08-28T07:02:04Z,219002177,54.916382,11.360553,0.0,Under way using engine
2026-08-28T07:02:09Z,219000811,54.838708,11.491825,0.0,Under way using engine
2026-08-28T07:02:24Z,219000809,54.911220,11.404000,9.0,Under way using engine
2026-08-28T07:02:34Z,219002177,54.916365,11.360568,0.0,Under way using engine
2026-08-28T07:02:40Z,219000811,54.838708,11.491823,0.0,Under way using engine
2026-08-28T07:02:54Z,219000809,54.912005,11.405788,9.1,Under way using engine
2026-08-28T07:03:04Z,219002177,54.916370,11.360558,0.0,Under way using engine
2026-08-28T07:03:20Z,219000811,54.838707,11.491823,0.0,Under way using engine
2026-08-28T07:03:33Z,219000809,54.912982,11.408047,9.1,Under way using engine
2026-08-28T07:03:34Z,219002177,54.916372,11.360568,0.0,Under way using engine
2026-08-28T07:04:00Z,219000811,54.838707,11.491822,0.0,Under way using engine
2026-08-28T07:04:03Z,219000809,54.913730,11.409822,9.1,Under way using engine
2026-08-28T07:04:04Z,219002177,54.916365,11.360550,0.0,Under way using engine
2026-08-28T07:04:30Z,219000811,54.838712,11.491823,0.0,Under way using engine
2026-08-28T07:04:33Z,219000809,54.914472,11.411575,9.2,Under way using engine
2026-08-28T07:04:34Z,219002177,54.916363,11.360555,0.0,Under way using engine
2026-08-28T07:05:04Z,219000809,54.915243,11.413352,9.1,Under way using engine
2026-08-28T07:05:04Z,219002177,54.916370,11.360560,0.0,Under way using engine
2026-08-28T07:05:09Z,219000811,54.838715,11.491823,0.0,Under way using engine
2026-08-28T07:05:40Z,219000811,54.838713,11.491822,0.0,Under way using engine
2026-08-28T07:05:44Z,219000809,54.916273,11.415787,9.1,Under way using engine
2026-08-28T07:05:44Z,219002177,54.916358,11.360772,1.3,Under way using engine
2026-08-28T07:06:15Z,219002177,54.916315,11.361362,2.7,Under way using engine
2026-08-28T07:06:19Z,219000811,54.838707,11.491817,0.0,Under way using engine
2026-08-28T07:06:23Z,219000809,54.917232,11.418092,9.2,Under way using engine
2026-08-28T07:06:54Z,219000809,54.917983,11.419883,9.2,Under way using engine
2026-08-28T07:06:54Z,219002177,54.916318,11.362397,3.8,Under way using engine
2026-08-28T07:06:59Z,219000811,54.838703,11.491820,0.0,Under way using engine
2026-08-28T07:07:24Z,219002177,54.916338,11.363342,4.2,Under way using engine
2026-08-28T07:07:30Z,219000811,54.838700,11.491818,0.0,Under way using engine
2026-08-28T07:07:33Z,219000809,54.918980,11.422258,9.2,Under way using engine
2026-08-28T07:07:54Z,219002177,54.916412,11.364458,4.7,Under way using engine
2026-08-28T07:08:04Z,219000809,54.919735,11.424043,9.1,Under way using engine
2026-08-28T07:08:09Z,219000811,54.838702,11.491825,0.0,Under way using engine
2026-08-28T07:08:24Z,219002177,54.916473,11.365593,4.9,Under way using engine
2026-08-28T07:08:44Z,219000809,54.920822,11.426428,9.3,Under way using engine
2026-08-28T07:08:49Z,219000811,54.838708,11.491828,0.0,Under way using engine
2026-08-28T07:08:54Z,219002177,54.916567,11.366815,5.0,Under way using engine
2026-08-28T07:09:14Z,219000809,54.921613,11.428113,9.2,Under way using engine
2026-08-28T07:09:19Z,219000811,54.838715,11.491830,0.0,Under way using engine
2026-08-28T07:09:24Z,219002177,54.916662,11.368028,5.2,Under way using engine
2026-08-28T07:09:44Z,219000809,54.922453,11.429893,9.3,Under way using engine
2026-08-28T07:09:49Z,219000811,54.838715,11.491825,0.0,Under way using engine
2026-08-28T07:09:54Z,219002177,54.916782,11.369273,5.2,Under way using engine
2026-08-28T07:10:14Z,219000809,54.923217,11.431528,9.0,Under way using engine
2026-08-28T07:10:19Z,219000811,54.838717,11.491825,0.0,Under way using engine
2026-08-28T07:10:24Z,219002177,54.916970,11.370467,5.1,Under way using engine
2026-08-28T07:10:44Z,219000809,54.924017,11.433238,9.3,Under way using engine
2026-08-28T07:10:49Z,219000811,54.838715,11.491825,0.0,Under way using engine
2026-08-28T07:10:54Z,219002177,54.917483,11.371110,4.5,Under way using engine
2026-08-28T07:11:19Z,219000811,54.838713,11.491827,0.0,Under way using engine
2026-08-28T07:11:23Z,219000809,54.925038,11.435468,9.3,Under way using engine
2026-08-28T07:11:24Z,219002177,54.918177,11.371072,5.3,Under way using engine
2026-08-28T07:11:49Z,219000811,54.838713,11.491828,0.0,Under way using engine
2026-08-28T07:11:53Z,219000809,54.925873,11.437273,9.3,Under way using engine
2026-08-28T07:11:54Z,219002177,54.918963,11.371095,5.9,Under way using engine
2026-08-28T07:12:19Z,219000811,54.838710,11.491830,0.0,Under way using engine
2026-08-28T07:12:23Z,219000809,54.926645,11.438965,9.3,Under way using engine
2026-08-28T07:12:24Z,219002177,54.919830,11.371088,6.4,Under way using engine
2026-08-28T07:12:49Z,219000811,54.838708,11.491827,0.0,Under way using engine
2026-08-28T07:12:53Z,219000809,54.927470,11.440760,9.3,Under way using engine
2026-08-28T07:13:03Z,219002177,54.921032,11.371015,6.8,Under way using engine
2026-08-28T07:13:19Z,219000811,54.838705,11.491823,0.0,Under way using engine
2026-08-28T07:13:23Z,219000809,54.928252,11.442382,9.3,Under way using engine
2026-08-28T07:13:34Z,219002177,54.922057,11.370887,7.3,Under way using engine
2026-08-28T07:13:53Z,219000809,54.929047,11.444178,9.3,Under way using engine
2026-08-28T07:14:00Z,219000811,54.838705,11.491818,0.0,Under way using engine
2026-08-28T07:14:15Z,219002177,54.923420,11.370713,7.6,Under way using engine
2026-08-28T07:14:23Z,219000809,54.929853,11.445852,9.0,Under way using engine
2026-08-28T07:14:38Z,219000811,54.838705,11.491815,0.0,Under way using engine
2026-08-28T07:14:45Z,219002177,54.924502,11.370605,7.7,Under way using engine
2026-08-28T07:14:53Z,219000809,54.930657,11.447560,9.2,Under way using engine
2026-08-28T07:15:09Z,219000811,54.838708,11.491815,0.0,Under way using engine
2026-08-28T07:15:15Z,219002177,54.925537,11.370457,7.7,Under way using engine
2026-08-28T07:15:23Z,219000809,54.931457,11.449228,9.4,Under way using engine
2026-08-28T07:15:45Z,219002177,54.926657,11.370327,7.8,Under way using engine
2026-08-28T07:15:49Z,219000811,54.838708,11.491813,0.0,Under way using engine
2026-08-28T07:15:53Z,219000809,54.932330,11.451047,9.3,Under way using engine
2026-08-28T07:16:15Z,219002177,54.927697,11.370157,7.8,Under way using engine
2026-08-28T07:16:20Z,219000811,54.838707,11.491812,0.0,Under way using engine
2026-08-28T07:16:23Z,219000809,54.933020,11.452810,9.1,Under way using engine
2026-08-28T07:16:45Z,219002177,54.928805,11.369987,7.8,Under way using engine
2026-08-28T07:16:53Z,219000809,54.933655,11.454810,9.2,Under way using engine
2026-08-28T07:16:58Z,219000811,54.838705,11.491813,0.0,Under way using engine
2026-08-28T07:17:15Z,219002177,54.929808,11.369960,7.6,Under way using engine
2026-08-28T07:17:23Z,219000809,54.934277,11.456625,9.2,Under way using engine
2026-08-28T07:17:29Z,219000811,54.838703,11.491812,0.0,Under way using engine
2026-08-28T07:17:45Z,219002177,54.930883,11.369980,7.6,Under way using engine
2026-08-28T07:17:53Z,219000809,54.934908,11.458565,9.1,Under way using engine
2026-08-28T07:18:10Z,219000811,54.838700,11.491812,0.0,Under way using engine
2026-08-28T07:18:15Z,219002177,54.931900,11.370043,7.5,Under way using engine
2026-08-28T07:18:23Z,219000809,54.935557,11.460407,9.1,Under way using engine
2026-08-28T07:18:49Z,219000811,54.838707,11.491815,0.0,Under way using engine
2026-08-28T07:18:53Z,219000809,54.936130,11.462418,9.1,Under way using engine
2026-08-28T07:18:55Z,219002177,54.933250,11.370323,7.3,Under way using engine
2026-08-28T07:19:20Z,219000811,54.838708,11.491815,0.0,Under way using engine
2026-08-28T07:19:25Z,219002177,54.934155,11.370798,6.4,Under way using engine
2026-08-28T07:19:34Z,219000809,54.936903,11.465065,8.9,Under way using engine
2026-08-28T07:19:55Z,219002177,54.934850,11.371327,5.1,Under way using engine
2026-08-28T07:19:58Z,219000811,54.838708,11.491813,0.0,Under way using engine
2026-08-28T07:20:04Z,219000809,54.937460,11.466933,9.0,Under way using engine
2026-08-28T07:20:25Z,219002177,54.935377,11.371638,3.4,Under way using engine
2026-08-28T07:20:29Z,219000811,54.838710,11.491818,0.0,Under way using engine
2026-08-28T07:20:34Z,219000809,54.938042,11.468897,8.9,Under way using engine
2026-08-28T07:20:55Z,219002177,54.935703,11.371805,2.0,Under way using engine
2026-08-28T07:21:04Z,219000809,54.938585,11.470735,8.9,Under way using engine
2026-08-28T07:21:10Z,219000811,54.838710,11.491820,0.0,Under way using engine
2026-08-28T07:21:33Z,219002177,54.935902,11.371937,0.9,Under way using engine
2026-08-28T07:21:34Z,219000809,54.939168,11.472698,8.9,Under way using engine
2026-08-28T07:21:49Z,219000811,54.838712,11.491823,0.0,Under way using engine
2026-08-28T07:22:04Z,219000809,54.939800,11.474433,8.8,Under way using engine
2026-08-28T07:22:04Z,219002177,54.935973,11.372018,0.4,Under way using engine
2026-08-28T07:22:20Z,219000811,54.838712,11.491825,0.0,Under way using engine
2026-08-28T07:22:34Z,219000809,54.940625,11.476070,8.7,Under way using engine
2026-08-28T07:22:44Z,219002177,54.935980,11.372015,0.1,Under way using engine
2026-08-28T07:23:00Z,219000811,54.838715,11.491832,0.0,Under way using engine
2026-08-28T07:23:04Z,219000809,54.941450,11.477567,9.0,Under way using engine
2026-08-28T07:23:14Z,219002177,54.935980,11.372022,0.0,Under way using engine
2026-08-28T07:23:30Z,219000811,54.838713,11.491833,0.0,Under way using engine
2026-08-28T07:23:34Z,219000809,54.942307,11.479237,9.1,Under way using engine
2026-08-28T07:23:44Z,219002177,54.935980,11.372027,0.0,Under way using engine
2026-08-28T07:24:00Z,219000811,54.838712,11.491835,0.0,Under way using engine
2026-08-28T07:24:04Z,219000809,54.943285,11.480412,9.0,Under way using engine
2026-08-28T07:24:14Z,219002177,54.935982,11.372037,0.0,Under way using engine
2026-08-28T07:24:30Z,219000811,54.838710,11.491837,0.0,Under way using engine
2026-08-28T07:24:34Z,219000809,54.944530,11.481153,9.3,Under way using engine
2026-08-28T07:24:44Z,219002177,54.935977,11.372025,0.0,Under way using engine
2026-08-28T07:25:00Z,219000811,54.838710,11.491842,0.0,Under way using engine
2026-08-28T07:25:04Z,219000809,54.945760,11.481727,9.6,Under way using engine
2026-08-28T07:25:14Z,219002177,54.935973,11.372020,0.0,Under way using engine
2026-08-28T07:25:30Z,219000811,54.838712,11.491845,0.0,Under way using engine
2026-08-28T07:25:34Z,219000809,54.947085,11.482488,9.7,Under way using engine
2026-08-28T07:25:44Z,219002177,54.935980,11.372013,0.0,Under way using engine
2026-08-28T07:26:00Z,219000811,54.838712,11.491838,0.0,Under way using engine
2026-08-28T07:26:04Z,219000809,54.948332,11.483192,9.8,Under way using engine
2026-08-28T07:26:14Z,219002177,54.935977,11.372018,0.0,Under way using engine
2026-08-28T07:26:30Z,219000811,54.838708,11.491832,0.0,Under way using engine
2026-08-28T07:26:34Z,219000809,54.949680,11.483968,10.0,Under way using engine
2026-08-28T07:26:53Z,219002177,54.935977,11.372005,0.0,Under way using engine
2026-08-28T07:27:04Z,219000809,54.950950,11.484673,10.0,Under way using engine
2026-08-28T07:27:20Z,219000811,54.838705,11.491828,0.0,Under way using engine
2026-08-28T07:27:24Z,219002177,54.935975,11.371987,0.0,Under way using engine
2026-08-28T07:27:34Z,219000809,54.952308,11.485387,10.0,Under way using engine
2026-08-28T07:27:50Z,219000811,54.838707,11.491830,0.0,Under way using engine
2026-08-28T07:28:05Z,219002177,54.935977,11.372015,0.0,Under way using engine
2026-08-28T07:28:13Z,219000809,54.954028,11.486267,10.0,Under way using engine
2026-08-28T07:28:30Z,219000811,54.838710,11.491833,0.0,Under way using engine
2026-08-28T07:28:43Z,219002177,54.935973,11.372010,0.0,Under way using engine
2026-08-28T07:28:44Z,219000809,54.955390,11.486992,9.9,Under way using engine
2026-08-28T07:29:14Z,219002177,54.935978,11.372005,0.0,Under way using engine
2026-08-28T07:29:19Z,219000811,54.838708,11.491832,0.0,Under way using engine
2026-08-28T07:29:24Z,219000809,54.957107,11.487930,9.7,Under way using engine
2026-08-28T07:29:49Z,219000811,54.838707,11.491825,0.0,Under way using engine
2026-08-28T07:29:53Z,219002177,54.935973,11.371998,0.0,Under way using engine
2026-08-28T07:29:54Z,219000809,54.958400,11.488693,9.9,Under way using engine
2026-08-28T07:30:19Z,219000811,54.838705,11.491818,0.0,Under way using engine
2026-08-28T07:30:24Z,219000809,54.959687,11.489415,9.7,Under way using engine
2026-08-28T07:30:24Z,219002177,54.935973,11.372017,0.1,Under way using engine
2026-08-28T07:30:49Z,219000811,54.838703,11.491815,0.1,Under way using engine
2026-08-28T07:30:54Z,219000809,54.960925,11.490295,9.6,Under way using engine
2026-08-28T07:31:05Z,219002177,54.935803,11.371837,1.6,Under way using engine
2026-08-28T07:31:19Z,219000811,54.838705,11.491817,0.0,Under way using engine
2026-08-28T07:31:24Z,219000809,54.962062,11.491412,9.4,Under way using engine
2026-08-28T07:31:44Z,219002177,54.935362,11.371552,3.2,Under way using engine
2026-08-28T07:31:49Z,219000811,54.838703,11.491822,0.0,Under way using engine
2026-08-28T07:31:54Z,219000809,54.963155,11.492583,9.3,Under way using engine
2026-08-28T07:32:15Z,219002177,54.934875,11.371000,4.6,Under way using engine
2026-08-28T07:32:19Z,219000811,54.838702,11.491823,0.0,Under way using engine
2026-08-28T07:32:24Z,219000809,54.964247,11.493775,9.4,Under way using engine
2026-08-28T07:32:49Z,219000811,54.838700,11.491823,0.0,Under way using engine
2026-08-28T07:32:54Z,219000809,54.965332,11.494983,9.4,Under way using engine
2026-08-28T07:32:54Z,219002177,54.934087,11.370497,4.9,Under way using engine
2026-08-28T07:33:19Z,219000811,54.838697,11.491825,0.0,Under way using engine
2026-08-28T07:33:24Z,219000809,54.966422,11.496160,9.7,Under way using engine
2026-08-28T07:33:25Z,219002177,54.933333,11.370408,5.5,Under way using engine
2026-08-28T07:33:49Z,219000811,54.838695,11.491823,0.0,Under way using engine
2026-08-28T07:33:54Z,219000809,54.967555,11.497445,9.4,Under way using engine
2026-08-28T07:34:04Z,219002177,54.932260,11.370345,6.0,Under way using engine
2026-08-28T07:34:19Z,219000811,54.838695,11.491820,0.0,Under way using engine
2026-08-28T07:34:24Z,219000809,54.968643,11.498617,9.6,Under way using engine
2026-08-28T07:34:34Z,219002177,54.931403,11.370265,6.1,Under way using engine
2026-08-28T07:34:49Z,219000811,54.838697,11.491815,0.0,Under way using engine
2026-08-28T07:34:54Z,219000809,54.969775,11.499912,9.3,Under way using engine
2026-08-28T07:35:04Z,219002177,54.930543,11.370215,6.2,Under way using engine
2026-08-28T07:35:19Z,219000811,54.838700,11.491817,0.0,Under way using engine
2026-08-28T07:35:24Z,219000809,54.970730,11.501292,9.3,Under way using engine
2026-08-28T07:35:34Z,219002177,54.929688,11.370130,6.2,Under way using engine
2026-08-28T07:35:49Z,219000811,54.838703,11.491815,0.0,Under way using engine
2026-08-28T07:35:54Z,219000809,54.971688,11.502882,9.3,Under way using engine
2026-08-28T07:36:04Z,219002177,54.928868,11.370163,5.9,Under way using engine
2026-08-28T07:36:19Z,219000811,54.838705,11.491820,0.0,Under way using engine
2026-08-28T07:36:24Z,219000809,54.972343,11.504638,8.8,Under way using engine
2026-08-28T07:36:34Z,219002177,54.928057,11.370235,5.8,Under way using engine
2026-08-28T07:36:54Z,219000809,54.972370,11.506717,8.4,Under way using engine
2026-08-28T07:36:59Z,219000811,54.838707,11.491828,0.0,Under way using engine
2026-08-28T07:37:15Z,219002177,54.926998,11.370285,5.7,Under way using engine
2026-08-28T07:37:24Z,219000809,54.972205,11.508570,7.8,Under way using engine
2026-08-28T07:37:40Z,219000811,54.838708,11.491835,0.0,Under way using engine
2026-08-28T07:37:54Z,219002177,54.925957,11.370362,5.6,Under way using engine
2026-08-28T07:38:03Z,219000809,54.971982,11.510828,7.1,Under way using engine
2026-08-28T07:38:19Z,219000811,54.838705,11.491828,0.0,Under way using engine
2026-08-28T07:38:24Z,219002177,54.925152,11.370383,5.6,Under way using engine
2026-08-28T07:38:34Z,219000809,54.971915,11.512515,6.3,Under way using engine
2026-08-28T07:38:59Z,219000811,54.838705,11.491825,0.0,Under way using engine
2026-08-28T07:39:03Z,219002177,54.924148,11.370473,5.5,Under way using engine
2026-08-28T07:39:14Z,219000809,54.971893,11.513953,3.5,Under way using engine
2026-08-28T07:39:34Z,219002177,54.923358,11.370552,5.6,Under way using engine
2026-08-28T07:39:40Z,219000811,54.838703,11.491818,0.0,Under way using engine
2026-08-28T07:39:44Z,219000809,54.971920,11.514438,1.4,Under way using engine
2026-08-28T07:40:14Z,219000809,54.971918,11.514593,0.4,Under way using engine
2026-08-28T07:40:14Z,219002177,54.922373,11.370663,5.5,Under way using engine
2026-08-28T07:40:20Z,219000811,54.838705,11.491817,0.0,Under way using engine
2026-08-28T07:40:44Z,219000809,54.971920,11.514618,0.0,Under way using engine
2026-08-28T07:40:44Z,219002177,54.921622,11.370745,5.3,Under way using engine
2026-08-28T07:40:59Z,219000811,54.838705,11.491815,0.0,Under way using engine
2026-08-28T07:41:14Z,219000809,54.971912,11.514605,0.0,Under way using engine
2026-08-28T07:41:14Z,219002177,54.920895,11.370868,5.4,Under way using engine
2026-08-28T07:41:30Z,219000811,54.838703,11.491812,0.0,Under way using engine
2026-08-28T07:41:44Z,219000809,54.971903,11.514588,0.0,Under way using engine
2026-08-28T07:41:44Z,219002177,54.920087,11.370970,5.9,Under way using engine
2026-08-28T07:42:08Z,219000811,54.838700,11.491813,0.1,Under way using engine
2026-08-28T07:42:14Z,219000809,54.971897,11.514582,0.0,Under way using engine
2026-08-28T07:42:14Z,219002177,54.919265,11.371163,6.1,Under way using engine
2026-08-28T07:42:40Z,219000811,54.838700,11.491815,0.0,Under way using engine
2026-08-28T07:42:45Z,219002177,54.918387,11.371352,6.2,Under way using engine
2026-08-28T07:42:54Z,219000809,54.971910,11.514590,0.0,Under way using engine
2026-08-28T07:43:20Z,219000811,54.838702,11.491817,0.0,Under way using engine
2026-08-28T07:43:25Z,219002177,54.917242,11.370892,6.3,Under way using engine
2026-08-28T07:43:44Z,219000809,54.971908,11.514607,0.0,Under way using engine
2026-08-28T07:43:55Z,219002177,54.916838,11.369463,6.8,Under way using engine
2026-08-28T07:43:59Z,219000811,54.838708,11.491818,0.0,Under way using engine
2026-08-28T07:44:14Z,219000809,54.971913,11.514595,0.0,Under way using engine
2026-08-28T07:44:25Z,219002177,54.916705,11.367802,7.3,Under way using engine
2026-08-28T07:44:30Z,219000811,54.838708,11.491815,0.0,Under way using engine
2026-08-28T07:44:44Z,219000809,54.971885,11.514528,0.0,Under way using engine
2026-08-28T07:44:55Z,219002177,54.916520,11.365958,7.5,Under way using engine
2026-08-28T07:45:00Z,219000811,54.838707,11.491812,0.0,Under way using engine
2026-08-28T07:45:14Z,219000809,54.971882,11.514518,0.0,Under way using engine
2026-08-28T07:45:25Z,219002177,54.916388,11.364142,7.5,Under way using engine
2026-08-28T07:45:30Z,219000811,54.838705,11.491812,0.0,Under way using engine
2026-08-28T07:45:44Z,219000809,54.971907,11.514570,0.1,Under way using engine
2026-08-28T07:45:55Z,219002177,54.916350,11.362548,6.0,Under way using engine
2026-08-28T07:46:00Z,219000811,54.838703,11.491812,0.0,Under way using engine
2026-08-28T07:46:14Z,219000809,54.971898,11.514567,0.1,Under way using engine
2026-08-28T07:46:25Z,219002177,54.916360,11.361468,4.1,Under way using engine
2026-08-28T07:46:40Z,219000811,54.838700,11.491808,0.0,Under way using engine
2026-08-28T07:46:44Z,219000809,54.971898,11.514565,0.1,Under way using engine
2026-08-28T07:46:55Z,219002177,54.916363,11.360817,1.9,Under way using engine
2026-08-28T07:47:10Z,219000811,54.838700,11.491807,0.0,Under way using engine
2026-08-28T07:47:14Z,219000809,54.971913,11.514607,0.0,Under way using engine
2026-08-28T07:47:25Z,219002177,54.916362,11.360600,0.8,Under way using engine
2026-08-28T07:47:40Z,219000811,54.838702,11.491808,0.0,Under way using engine
2026-08-28T07:47:44Z,219000809,54.971915,11.514612,0.0,Under way using engine
2026-08-28T07:47:55Z,219002177,54.916358,11.360578,0.0,Under way using engine
2026-08-28T07:48:10Z,219000811,54.838705,11.491808,0.0,Under way using engine
2026-08-28T07:48:23Z,219000809,54.971912,11.514603,0.0,Under way using engine
2026-08-28T07:48:25Z,219002177,54.916360,11.360577,0.0,Under way using engine
2026-08-28T07:48:40Z,219000811,54.838707,11.491810,0.0,Under way using engine
2026-08-28T07:48:54Z,219000809,54.971917,11.514588,0.0,Under way using engine
2026-08-28T07:48:55Z,219002177,54.916362,11.360572,0.0,Under way using engine
2026-08-28T07:49:10Z,219000811,54.838708,11.491812,0.0,Under way using engine
2026-08-28T07:49:25Z,219002177,54.916360,11.360563,0.0,Under way using engine
2026-08-28T07:49:33Z,219000809,54.971918,11.514610,0.0,Under way using engine
2026-08-28T07:49:40Z,219000811,54.838708,11.491810,0.0,Under way using engine
2026-08-28T07:49:55Z,219002177,54.916357,11.360570,0.0,Under way using engine
2026-08-28T07:50:03Z,219000809,54.971910,11.514635,0.0,Under way using engine
2026-08-28T07:50:10Z,219000811,54.838707,11.491810,0.0,Under way using engine
2026-08-28T07:50:25Z,219002177,54.916355,11.360578,0.0,Under way using engine
2026-08-28T07:50:33Z,219000809,54.971913,11.514615,0.0,Under way using engine
2026-08-28T07:50:40Z,219000811,54.838707,11.491812,0.0,Under way using engine
2026-08-28T07:50:55Z,219002177,54.916355,11.360578,0.0,Under way using engine
2026-08-28T07:51:03Z,219000809,54.971918,11.514602,0.0,Under way using engine
2026-08-28T07:51:10Z,219000811,54.838707,11.491813,0.0,Under way using engine
2026-08-28T07:51:25Z,219002177,54.916353,11.360582,0.0,Under way using engine
2026-08-28T07:51:33Z,219000809,54.971918,11.514597,0.0,Under way using engine
2026-08-28T07:51:40Z,219000811,54.838705,11.491815,0.0,Under way using engine
2026-08-28T07:51:55Z,219002177,54.916345,11.360582,0.0,Under way using engine
2026-08-28T07:52:03Z,219000809,54.971927,11.514093,3.3,Under way using engine
2026-08-28T07:52:10Z,219000811,54.838705,11.491815,0.0,Under way using engine
2026-08-28T07:52:25Z,219002177,54.916345,11.360575,0.0,Under way using engine
2026-08-28T07:52:33Z,219000809,54.971802,11.513272,3.2,Under way using engine
2026-08-28T07:52:40Z,219000811,54.838705,11.491813,0.0,Under way using engine
2026-08-28T07:52:55Z,219002177,54.916353,11.360565,0.0,Under way using engine
2026-08-28T07:53:03Z,219000809,54.971790,11.512748,3.2,Under way using engine
2026-08-28T07:53:10Z,219000811,54.838705,11.491813,0.0,Under way using engine
2026-08-28T07:53:25Z,219002177,54.916347,11.360568,0.0,Under way using engine
2026-08-28T07:53:33Z,219000809,54.972003,11.511195,7.5,Under way using engine
2026-08-28T07:53:40Z,219000811,54.838703,11.491815,0.0,Under way using engine
2026-08-28T07:54:03Z,219000809,54.972237,11.509248,8.6,Under way using engine
2026-08-28T07:54:10Z,219000811,54.838702,11.491815,0.0,Under way using engine
2026-08-28T07:54:13Z,219002177,54.916353,11.360563,0.0,Under way using engine
2026-08-28T07:54:33Z,219000809,54.972353,11.507212,8.4,Under way using engine
2026-08-28T07:54:40Z,219000811,54.838700,11.491815,0.0,Under way using engine
2026-08-28T07:54:44Z,219002177,54.916352,11.360563,0.0,Under way using engine
2026-08-28T07:55:03Z,219000809,54.972385,11.505228,8.4,Under way using engine
2026-08-28T07:55:19Z,219000811,54.838700,11.491817,0.0,Under way using engine
2026-08-28T07:55:23Z,219002177,54.916352,11.360572,0.0,Under way using engine
2026-08-28T07:55:33Z,219000809,54.971595,11.503623,8.9,Under way using engine
2026-08-28T07:55:50Z,219000811,54.838698,11.491815,0.0,Under way using engine
2026-08-28T07:55:54Z,219002177,54.916342,11.360567,0.0,Under way using engine
2026-08-28T07:56:03Z,219000809,54.970720,11.502077,9.3,Under way using engine
2026-08-28T07:56:24Z,219002177,54.916348,11.360573,0.0,Under way using engine
2026-08-28T07:56:30Z,219000811,54.838700,11.491817,0.0,Under way using engine
2026-08-28T07:56:33Z,219000809,54.969745,11.500462,9.5,Under way using engine
2026-08-28T07:56:54Z,219002177,54.916347,11.360580,0.0,Under way using engine
2026-08-28T07:57:03Z,219000809,54.968835,11.498902,9.6,Under way using engine
2026-08-28T07:57:09Z,219000811,54.838700,11.491820,0.0,Under way using engine
2026-08-28T07:57:33Z,219000809,54.967820,11.497338,9.4,Under way using engine
2026-08-28T07:57:40Z,219000811,54.838698,11.491822,0.0,Under way using engine
2026-08-28T07:57:44Z,219002177,54.916348,11.360575,0.0,Under way using engine
2026-08-28T07:58:03Z,219000809,54.966842,11.495980,9.3,Under way using engine
2026-08-28T07:58:19Z,219000811,54.838698,11.491822,0.0,Under way using engine
2026-08-28T07:58:22Z,219002177,54.916358,11.360572,0.0,Under way using engine
2026-08-28T07:58:33Z,219000809,54.965757,11.494538,9.5,Under way using engine
2026-08-28T07:58:50Z,219000811,54.838698,11.491820,0.0,Under way using engine
2026-08-28T07:58:54Z,219002177,54.916363,11.360582,0.0,Under way using engine
2026-08-28T07:59:03Z,219000809,54.964760,11.493255,9.2,Under way using engine
2026-08-28T07:59:30Z,219000811,54.838695,11.491817,0.0,Under way using engine
2026-08-28T07:59:33Z,219000809,54.963615,11.492065,9.3,Under way using engine
2026-08-28T07:59:34Z,219002177,54.916350,11.360585,0.0,Under way using engine
2026-08-28T08:00:03Z,219000809,54.962520,11.491102,9.2,Under way using engine
2026-08-28T08:00:09Z,219000811,54.838697,11.491820,0.0,Under way using engine
2026-08-28T08:00:23Z,219002177,54.916353,11.360585,0.0,Under way using engine
2026-08-28T08:00:33Z,219000809,54.961253,11.490348,9.4,Under way using engine
2026-08-28T08:00:40Z,219000811,54.838700,11.491823,0.0,Under way using engine
2026-08-28T08:00:54Z,219002177,54.916350,11.360583,0.0,Under way using engine
2026-08-28T08:01:03Z,219000809,54.960067,11.489680,9.3,Under way using engine
2026-08-28T08:01:19Z,219000811,54.838703,11.491825,0.0,Under way using engine
2026-08-28T08:01:25Z,219002177,54.916355,11.360583,0.0,Under way using engine
2026-08-28T08:01:33Z,219000809,54.958817,11.488958,9.2,Under way using engine
2026-08-28T08:01:49Z,219000811,54.838707,11.491825,0.0,Under way using engine
2026-08-28T08:01:55Z,219002177,54.916350,11.360577,0.0,Under way using engine
2026-08-28T08:02:03Z,219000809,54.957647,11.488298,9.1,Under way using engine
2026-08-28T08:02:19Z,219000811,54.838705,11.491823,0.0,Under way using engine
2026-08-28T08:02:25Z,219002177,54.916358,11.360580,0.0,Under way using engine
2026-08-28T08:02:34Z,219000809,54.956425,11.487640,8.9,Under way using engine
2026-08-28T08:02:49Z,219000811,54.838705,11.491823,0.0,Under way using engine
2026-08-28T08:02:55Z,219002177,54.916365,11.360578,0.0,Under way using engine
2026-08-28T08:03:14Z,219000809,54.954850,11.486818,9.0,Under way using engine
2026-08-28T08:03:25Z,219002177,54.916363,11.360570,0.0,Under way using engine
2026-08-28T08:03:28Z,219000811,54.838702,11.491825,0.0,Under way using engine
2026-08-28T08:03:44Z,219000809,54.953608,11.486102,9.0,Under way using engine
2026-08-28T08:03:55Z,219002177,54.916357,11.360573,0.0,Under way using engine
2026-08-28T08:03:59Z,219000811,54.838700,11.491822,0.0,Under way using engine
2026-08-28T08:04:14Z,219000809,54.952473,11.485497,8.8,Under way using engine
2026-08-28T08:04:25Z,219002177,54.916350,11.360575,0.0,Under way using engine
2026-08-28T08:04:39Z,219000811,54.838698,11.491822,0.0,Under way using engine
2026-08-28T08:04:44Z,219000809,54.951263,11.484797,8.9,Under way using engine
2026-08-28T08:04:55Z,219002177,54.916343,11.360568,0.0,Under way using engine
2026-08-28T08:05:10Z,219000811,54.838698,11.491820,0.0,Under way using engine
2026-08-28T08:05:14Z,219000809,54.950138,11.484183,8.8,Under way using engine
2026-08-28T08:05:25Z,219002177,54.916347,11.360567,0.0,Under way using engine
2026-08-28T08:05:44Z,219000809,54.948975,11.483532,8.8,Under way using engine
2026-08-28T08:05:48Z,219000811,54.838698,11.491818,0.0,Under way using engine
2026-08-28T08:05:55Z,219002177,54.916347,11.360560,0.0,Under way using engine
2026-08-28T08:06:14Z,219000809,54.947822,11.482933,8.7,Under way using engine
2026-08-28T08:06:19Z,219000811,54.838700,11.491817,0.0,Under way using engine
2026-08-28T08:06:25Z,219002177,54.916348,11.360600,0.4,Under way using engine
2026-08-28T08:06:44Z,219000809,54.946660,11.482370,8.7,Under way using engine
2026-08-28T08:06:55Z,219002177,54.916312,11.360848,1.5,Under way using engine
2026-08-28T08:06:59Z,219000811,54.838703,11.491818,0.0,Under way using engine
2026-08-28T08:07:14Z,219000809,54.945492,11.481810,8.8,Under way using engine
2026-08-28T08:07:25Z,219002177,54.916308,11.361453,2.9,Under way using engine
2026-08-28T08:07:38Z,219000811,54.838708,11.491822,0.0,Under way using engine
2026-08-28T08:07:44Z,219000809,54.944320,11.481285,8.7,Under way using engine
2026-08-28T08:08:05Z,219002177,54.916293,11.362577,3.8,Under way using engine
2026-08-28T08:08:10Z,219000811,54.838710,11.491825,0.0,Under way using engine
2026-08-28T08:08:14Z,219000809,54.943228,11.480493,8.6,Under way using engine
2026-08-28T08:08:43Z,219002177,54.916358,11.363868,4.4,Under way using engine
2026-08-28T08:08:44Z,219000809,54.942263,11.479198,8.8,Under way using engine
2026-08-28T08:08:48Z,219000811,54.838710,11.491823,0.0,Under way using engine
2026-08-28T08:09:13Z,219002177,54.916485,11.364993,4.8,Under way using engine
2026-08-28T08:09:14Z,219000809,54.941292,11.477810,8.9,Under way using engine
2026-08-28T08:09:19Z,219000811,54.838707,11.491823,0.0,Under way using engine
2026-08-28T08:09:43Z,219002177,54.916552,11.366168,5.0,Under way using engine
2026-08-28T08:09:44Z,219000809,54.940467,11.476258,9.0,Under way using engine
2026-08-28T08:09:59Z,219000811,54.838705,11.491823,0.0,Under way using engine
2026-08-28T08:10:13Z,219002177,54.916623,11.367370,5.1,Under way using engine
2026-08-28T08:10:14Z,219000809,54.939700,11.474532,8.9,Under way using engine
2026-08-28T08:10:30Z,219000811,54.838703,11.491820,0.0,Under way using engine
2026-08-28T08:10:43Z,219002177,54.916748,11.368595,5.1,Under way using engine
2026-08-28T08:10:44Z,219000809,54.939150,11.472637,9.2,Under way using engine
2026-08-28T08:11:08Z,219000811,54.838702,11.491818,0.0,Under way using engine
2026-08-28T08:11:13Z,219002177,54.916902,11.369840,5.3,Under way using engine
2026-08-28T08:11:14Z,219000809,54.938605,11.470537,9.3,Under way using engine
2026-08-28T08:11:38Z,219000811,54.838703,11.491820,0.0,Under way using engine
2026-08-28T08:11:43Z,219002177,54.917140,11.371055,5.4,Under way using engine
2026-08-28T08:11:44Z,219000809,54.938080,11.468587,9.3,Under way using engine
2026-08-28T08:12:08Z,219000811,54.838707,11.491822,0.0,Under way using engine
2026-08-28T08:12:13Z,219002177,54.917777,11.371758,5.7,Under way using engine
2026-08-28T08:12:14Z,219000809,54.937545,11.466478,9.3,Under way using engine
2026-08-28T08:12:38Z,219000811,54.838707,11.491823,0.0,Under way using engine
2026-08-28T08:12:44Z,219002177,54.918635,11.371842,6.3,Under way using engine
2026-08-28T08:12:54Z,219000809,54.936842,11.463807,9.5,Under way using engine
2026-08-28T08:13:08Z,219000811,54.838707,11.491823,0.0,Under way using engine
2026-08-28T08:13:24Z,219000809,54.936293,11.461762,9.5,Under way using engine
2026-08-28T08:13:24Z,219002177,54.919887,11.371913,6.8,Under way using engine
2026-08-28T08:13:49Z,219000811,54.838708,11.491820,0.0,Under way using engine
2026-08-28T08:13:54Z,219000809,54.935723,11.459697,9.5,Under way using engine
2026-08-28T08:13:54Z,219002177,54.920868,11.371898,7.2,Under way using engine
2026-08-28T08:14:19Z,219000811,54.838708,11.491817,0.0,Under way using engine
2026-08-28T08:14:24Z,219002177,54.921885,11.371858,7.5,Under way using engine
2026-08-28T08:14:33Z,219000809,54.934895,11.457080,9.5,Under way using engine
2026-08-28T08:14:49Z,219000811,54.838707,11.491812,0.0,Under way using engine
2026-08-28T08:14:54Z,219002177,54.922933,11.371820,7.7,Under way using engine
2026-08-28T08:15:03Z,219000809,54.934203,11.455093,9.7,Under way using engine
2026-08-28T08:15:19Z,219000811,54.838703,11.491812,0.0,Under way using engine
2026-08-28T08:15:24Z,219002177,54.924015,11.371757,7.8,Under way using engine
2026-08-28T08:15:33Z,219000809,54.933422,11.453190,9.7,Under way using engine
2026-08-28T08:15:49Z,219000811,54.838703,11.491815,0.0,Under way using engine
2026-08-28T08:15:54Z,219002177,54.925070,11.371718,7.8,Under way using engine
2026-08-28T08:16:03Z,219000809,54.932638,11.451337,9.7,Under way using engine
2026-08-28T08:16:19Z,219000811,54.838705,11.491818,0.0,Under way using engine
2026-08-28T08:16:24Z,219002177,54.926185,11.371642,7.8,Under way using engine
2026-08-28T08:16:33Z,219000809,54.931840,11.449460,9.7,Under way using engine
2026-08-28T08:16:50Z,219000811,54.838705,11.491820,0.0,Under way using engine
2026-08-28T08:16:54Z,219002177,54.927245,11.371548,7.9,Under way using engine
2026-08-28T08:17:03Z,219000809,54.931032,11.447567,9.7,Under way using engine
2026-08-28T08:17:24Z,219002177,54.928378,11.371445,7.9,Under way using engine
2026-08-28T08:17:29Z,219000811,54.838703,11.491820,0.0,Under way using engine
2026-08-28T08:17:33Z,219000809,54.930247,11.445742,9.2,Under way using engine
2026-08-28T08:17:54Z,219002177,54.929432,11.371357,7.9,Under way using engine
2026-08-28T08:18:00Z,219000811,54.838703,11.491818,0.0,Under way using engine
2026-08-28T08:18:03Z,219000809,54.929468,11.443935,9.7,Under way using engine
2026-08-28T08:18:33Z,219000809,54.928658,11.442078,9.8,Under way using engine
2026-08-28T08:18:35Z,219002177,54.930965,11.371240,7.8,Under way using engine
2026-08-28T08:18:40Z,219000811,54.838703,11.491820,0.0,Under way using engine
2026-08-28T08:19:03Z,219000809,54.927827,11.440238,9.8,Under way using engine
2026-08-28T08:19:13Z,219002177,54.932332,11.371138,7.7,Under way using engine
2026-08-28T08:19:19Z,219000811,54.838702,11.491820,0.0,Under way using engine
2026-08-28T08:19:33Z,219000809,54.927015,11.438383,9.7,Under way using engine
2026-08-28T08:19:44Z,219002177,54.933388,11.371038,7.6,Under way using engine
2026-08-28T08:19:50Z,219000811,54.838702,11.491818,0.0,Under way using engine
2026-08-28T08:20:04Z,219000809,54.926155,11.436473,9.8,Under way using engine
2026-08-28T08:20:14Z,219002177,54.934430,11.371057,7.0,Under way using engine
2026-08-28T08:20:29Z,219000811,54.838702,11.491818,0.0,Under way using engine
2026-08-28T08:20:43Z,219000809,54.925107,11.434060,9.7,Under way using engine
2026-08-28T08:20:44Z,219002177,54.935202,11.371420,5.1,Under way using engine
2026-08-28T08:21:09Z,219000811,54.838702,11.491817,0.0,Under way using engine
2026-08-28T08:21:13Z,219000809,54.924245,11.432272,9.7,Under way using engine
2026-08-28T08:21:23Z,219002177,54.935642,11.371743,1.7,Under way using engine
2026-08-28T08:21:40Z,219000811,54.838700,11.491815,0.0,Under way using engine
2026-08-28T08:21:43Z,219000809,54.923433,11.430637,9.0,Under way using engine
2026-08-28T08:21:55Z,219002177,54.935813,11.371862,1.1,Under way using engine
2026-08-28T08:22:13Z,219000809,54.922583,11.428765,9.9,Under way using engine
2026-08-28T08:22:19Z,219000811,54.838702,11.491817,0.0,Under way using engine
2026-08-28T08:22:25Z,219002177,54.935932,11.371978,0.7,Under way using engine
2026-08-28T08:22:43Z,219000809,54.921730,11.427008,9.7,Under way using engine
2026-08-28T08:22:50Z,219000811,54.838700,11.491817,0.0,Under way using engine
2026-08-28T08:22:55Z,219002177,54.935948,11.371998,0.0,Under way using engine
2026-08-28T08:23:13Z,219000809,54.920835,11.425163,9.7,Under way using engine
2026-08-28T08:23:25Z,219002177,54.935952,11.372002,0.0,Under way using engine
2026-08-28T08:23:30Z,219000811,54.838702,11.491817,0.0,Under way using engine
2026-08-28T08:23:43Z,219000809,54.919993,11.423468,9.5,Under way using engine
2026-08-28T08:23:55Z,219002177,54.935948,11.372007,0.0,Under way using engine
2026-08-28T08:24:09Z,219000811,54.838702,11.491815,0.0,Under way using engine
2026-08-28T08:24:13Z,219000809,54.919107,11.421675,9.7,Under way using engine
2026-08-28T08:24:25Z,219002177,54.935953,11.372015,0.0,Under way using engine
2026-08-28T08:24:39Z,219000811,54.838702,11.491818,0.0,Under way using engine
2026-08-28T08:24:43Z,219000809,54.918282,11.419933,9.7,Under way using engine
2026-08-28T08:24:55Z,219002177,54.935957,11.372007,0.0,Under way using engine
2026-08-28T08:25:09Z,219000811,54.838703,11.491820,0.0,Under way using engine
2026-08-28T08:25:14Z,219000809,54.917390,11.418078,9.7,Under way using engine
2026-08-28T08:25:25Z,219002177,54.935962,11.371995,0.0,Under way using engine
2026-08-28T08:25:39Z,219000811,54.838702,11.491820,0.0,Under way using engine
2026-08-28T08:25:54Z,219000809,54.916238,11.415613,9.5,Under way using engine
2026-08-28T08:26:09Z,219000811,54.838702,11.491823,0.0,Under way using engine
2026-08-28T08:26:14Z,219002177,54.935958,11.372000,0.0,Under way using engine
2026-08-28T08:26:34Z,219000809,54.915092,11.413285,9.8,Under way using engine
2026-08-28T08:26:39Z,219000811,54.838702,11.491823,0.0,Under way using engine
2026-08-28T08:26:45Z,219002177,54.935962,11.371998,0.0,Under way using engine
2026-08-28T08:27:09Z,219000811,54.838702,11.491823,0.0,Under way using engine
2026-08-28T08:27:14Z,219000809,54.913940,11.410883,9.7,Under way using engine
2026-08-28T08:27:25Z,219002177,54.935953,11.371982,0.0,Under way using engine
2026-08-28T08:27:39Z,219000811,54.838702,11.491820,0.0,Under way using engine
2026-08-28T08:27:47Z,219000809,54.913132,11.409107,9.7,Under way using engine
2026-08-28T08:28:04Z,219002177,54.935952,11.371985,0.0,Under way using engine
2026-08-28T08:28:10Z,219000811,54.838702,11.491820,0.0,Under way using engine
2026-08-28T08:28:24Z,219000809,54.912060,11.406473,9.8,Under way using engine
2026-08-28T08:28:45Z,219002177,54.935952,11.371995,0.0,Under way using engine
2026-08-28T08:28:49Z,219000811,54.838702,11.491818,0.0,Under way using engine
2026-08-28T08:29:03Z,219000809,54.911078,11.403800,9.9,Under way using engine
2026-08-28T08:29:20Z,219000811,54.838703,11.491820,0.0,Under way using engine
2026-08-28T08:29:24Z,219002177,54.935947,11.371982,0.0,Under way using engine
2026-08-28T08:29:33Z,219000809,54.910378,11.401853,9.9,Under way using engine
2026-08-28T08:29:54Z,219002177,54.935943,11.371983,0.0,Under way using engine
2026-08-28T08:29:59Z,219000811,54.838703,11.491820,0.0,Under way using engine
2026-08-28T08:30:03Z,219000809,54.909623,11.399765,9.9,Under way using engine
2026-08-28T08:30:24Z,219002177,54.935948,11.371988,0.0,Under way using engine
2026-08-28T08:30:30Z,219000811,54.838703,11.491820,0.0,Under way using engine
2026-08-28T08:30:33Z,219000809,54.908922,11.397795,10.0,Under way using engine
2026-08-28T08:30:54Z,219002177,54.935943,11.371985,0.3,Under way using engine
2026-08-28T08:31:03Z,219000809,54.908358,11.395547,9.8,Under way using engine
2026-08-28T08:31:10Z,219000811,54.838702,11.491813,0.0,Under way using engine
2026-08-28T08:31:24Z,219002177,54.935790,11.371828,1.8,Under way using engine
2026-08-28T08:31:33Z,219000809,54.908262,11.393207,10.0,Under way using engine
2026-08-28T08:31:40Z,219000811,54.838702,11.491813,0.0,Under way using engine
2026-08-28T08:31:54Z,219002177,54.935497,11.371535,2.8,Under way using engine
2026-08-28T08:32:03Z,219000809,54.909002,11.391075,10.2,Under way using engine
2026-08-28T08:32:10Z,219000811,54.838703,11.491813,0.0,Under way using engine
2026-08-28T08:32:24Z,219002177,54.935147,11.370910,4.0,Under way using engine
2026-08-28T08:32:33Z,219000809,54.909848,11.389145,10.5,Under way using engine
2026-08-28T08:32:40Z,219000811,54.838703,11.491813,0.0,Under way using engine
2026-08-28T08:32:54Z,219002177,54.934673,11.370303,4.3,Under way using engine
2026-08-28T08:33:03Z,219000809,54.910743,11.387035,10.5,Under way using engine
2026-08-28T08:33:10Z,219000811,54.838707,11.491815,0.0,Under way using engine
2026-08-28T08:33:24Z,219002177,54.934060,11.370113,4.7,Under way using engine
2026-08-28T08:33:44Z,219000809,54.911960,11.384272,10.6,Under way using engine
2026-08-28T08:33:50Z,219000811,54.838708,11.491817,0.0,Under way using engine
2026-08-28T08:33:54Z,219002177,54.933350,11.370058,5.2,Under way using engine
2026-08-28T08:34:20Z,219000811,54.838710,11.491817,0.0,Under way using engine
2026-08-28T08:34:23Z,219000809,54.913108,11.381743,10.6,Under way using engine
2026-08-28T08:34:24Z,219002177,54.932857,11.370018,5.4,Under way using engine
2026-08-28T08:34:50Z,219000811,54.838710,11.491815,0.0,Under way using engine
2026-08-28T08:34:53Z,219000809,54.914002,11.379722,10.6,Under way using engine
2026-08-28T08:35:04Z,219002177,54.931567,11.369952,5.6,Under way using engine
2026-08-28T08:35:20Z,219000811,54.838710,11.491813,0.0,Under way using engine
2026-08-28T08:35:23Z,219000809,54.914910,11.377748,10.5,Under way using engine
2026-08-28T08:35:35Z,219002177,54.930753,11.369892,5.7,Under way using engine
2026-08-28T08:35:50Z,219000811,54.838712,11.491812,0.0,Under way using engine
2026-08-28T08:35:53Z,219000809,54.915803,11.375768,10.4,Under way using engine
2026-08-28T08:36:14Z,219002177,54.929743,11.369910,5.6,Under way using engine
2026-08-28T08:36:23Z,219000809,54.916542,11.373568,10.1,Under way using engine
2026-08-28T08:36:24Z,219000811,54.838713,11.491812,0.0,Under way using engine
2026-08-28T08:36:44Z,219002177,54.928950,11.369898,5.6,Under way using engine
2026-08-28T08:36:53Z,219000809,54.916887,11.371367,9.6,Under way using engine
2026-08-28T08:36:59Z,219000811,54.838713,11.491815,0.0,Under way using engine
2026-08-28T08:37:14Z,219002177,54.928205,11.369930,5.6,Under way using engine
2026-08-28T08:37:23Z,219000809,54.916802,11.369082,9.6,Under way using engine
2026-08-28T08:37:29Z,219000811,54.838713,11.491817,0.0,Under way using engine
2026-08-28T08:37:44Z,219002177,54.927435,11.369953,5.6,Under way using engine
2026-08-28T08:37:53Z,219000809,54.916657,11.366822,9.4,Under way using engine
2026-08-28T08:38:00Z,219000811,54.838713,11.491818,0.0,Under way using engine
2026-08-28T08:38:23Z,219000809,54.916448,11.364648,9.0,Under way using engine
2026-08-28T08:38:25Z,219002177,54.926370,11.370022,5.7,Under way using engine
2026-08-28T08:38:38Z,219000811,54.838713,11.491825,0.0,Under way using engine
2026-08-28T08:38:53Z,219000809,54.916272,11.362713,7.8,Under way using engine
2026-08-28T08:39:04Z,219002177,54.925328,11.370165,5.9,Under way using engine
2026-08-28T08:39:10Z,219000811,54.838708,11.491825,0.0,Under way using engine
2026-08-28T08:39:23Z,219000809,54.916183,11.361110,6.2,Under way using engine
2026-08-28T08:39:35Z,219002177,54.924473,11.370287,5.9,Under way using engine
2026-08-28T08:39:50Z,219000811,54.838705,11.491827,0.0,Under way using engine
2026-08-28T08:39:53Z,219000809,54.915945,11.360587,1.1,Under way using engine
2026-08-28T08:40:23Z,219000809,54.916020,11.360385,1.3,Under way using engine
2026-08-28T08:40:24Z,219002177,54.923683,11.370417,5.9,Under way using engine
2026-08-28T08:40:29Z,219000811,54.838705,11.491825,0.0,Under way using engine
2026-08-28T08:40:53Z,219000809,54.916068,11.360152,0.7,Under way using engine
2026-08-28T08:40:55Z,219002177,54.922293,11.370658,6.0,Under way using engine
2026-08-28T08:41:00Z,219000811,54.838707,11.491823,0.0,Under way using engine
2026-08-28T08:41:23Z,219000809,54.916062,11.360045,0.2,Under way using engine
2026-08-28T08:41:25Z,219002177,54.921472,11.370812,6.0,Under way using engine
2026-08-28T08:41:30Z,219000811,54.838707,11.491823,0.0,Under way using engine
2026-08-28T08:41:54Z,219000809,54.916057,11.360050,0.0,Under way using engine
2026-08-28T08:41:55Z,219002177,54.920640,11.371015,6.1,Under way using engine
2026-08-28T08:42:00Z,219000811,54.838707,11.491825,0.0,Under way using engine
2026-08-28T08:42:25Z,219002177,54.919798,11.371235,6.1,Under way using engine
2026-08-28T08:42:30Z,219000811,54.838707,11.491827,0.0,Under way using engine
2026-08-28T08:42:33Z,219000809,54.916062,11.360055,0.0,Under way using engine
2026-08-28T08:43:00Z,219000811,54.838705,11.491828,0.0,Under way using engine
2026-08-28T08:43:04Z,219000809,54.916060,11.360060,0.0,Under way using engine
2026-08-28T08:43:04Z,219002177,54.918680,11.371517,6.2,Under way using engine
2026-08-28T08:43:30Z,219000811,54.838705,11.491828,0.0,Under way using engine
2026-08-28T08:43:44Z,219002177,54.917525,11.371553,6.2,Under way using engine
2026-08-28T08:43:54Z,219000809,54.916062,11.360055,0.0,Under way using engine
2026-08-28T08:44:00Z,219000811,54.838703,11.491827,0.0,Under way using engine
2026-08-28T08:44:25Z,219002177,54.916815,11.370063,6.4,Under way using engine
2026-08-28T08:44:30Z,219000811,54.838703,11.491828,0.0,Under way using engine
2026-08-28T08:44:33Z,219000809,54.916062,11.360047,0.0,Under way using engine
2026-08-28T08:45:00Z,219000811,54.838705,11.491828,0.0,Under way using engine
2026-08-28T08:45:03Z,219002177,54.916665,11.367945,7.0,Under way using engine
2026-08-28T08:45:04Z,219000809,54.916060,11.360063,0.0,Under way using engine
2026-08-28T08:45:30Z,219000811,54.838705,11.491827,0.0,Under way using engine
2026-08-28T08:45:33Z,219002177,54.916555,11.366297,6.8,Under way using engine
2026-08-28T08:45:43Z,219000809,54.916067,11.360062,0.0,Under way using engine
2026-08-28T08:46:03Z,219002177,54.916438,11.364712,6.5,Under way using engine
2026-08-28T08:46:10Z,219000811,54.838705,11.491828,0.0,Under way using engine
2026-08-28T08:46:13Z,219000809,54.916065,11.360058,0.0,Under way using engine
2026-08-28T08:46:33Z,219002177,54.916365,11.363260,5.9,Under way using engine
2026-08-28T08:46:40Z,219000811,54.838705,11.491830,0.0,Under way using engine
2026-08-28T08:46:43Z,219000809,54.916060,11.360055,0.0,Under way using engine
2026-08-28T08:47:03Z,219002177,54.916338,11.362050,4.5,Under way using engine
2026-08-28T08:47:10Z,219000811,54.838703,11.491828,0.0,Under way using engine
2026-08-28T08:47:13Z,219000809,54.916062,11.360053,0.0,Under way using engine
2026-08-28T08:47:33Z,219002177,54.916342,11.361287,2.7,Under way using engine
2026-08-28T08:47:43Z,219000809,54.916063,11.360053,0.0,Under way using engine
2026-08-28T08:47:48Z,219000811,54.838703,11.491828,0.0,Under way using engine
2026-08-28T08:48:03Z,219002177,54.916362,11.360833,1.6,Under way using engine
2026-08-28T08:48:13Z,219000809,54.916065,11.360055,0.0,Under way using engine
2026-08-28T08:48:19Z,219000811,54.838702,11.491828,0.0,Under way using engine
2026-08-28T08:48:33Z,219002177,54.916362,11.360605,0.7,Under way using engine
2026-08-28T08:48:43Z,219000809,54.916072,11.360060,0.0,Under way using engine
2026-08-28T08:48:59Z,219000811,54.838703,11.491827,0.0,Under way using engine
2026-08-28T08:49:03Z,219002177,54.916377,11.360563,0.0,Under way using engine
2026-08-28T08:49:13Z,219000809,54.916075,11.360055,0.0,Under way using engine
2026-08-28T08:49:30Z,219000811,54.838703,11.491823,0.0,Under way using engine
2026-08-28T08:49:33Z,219002177,54.916375,11.360557,0.0,Under way using engine
2026-08-28T08:49:43Z,219000809,54.916075,11.360055,0.0,Under way using engine
2026-08-28T08:50:03Z,219002177,54.916355,11.360575,0.0,Under way using engine
2026-08-28T08:50:08Z,219000811,54.838703,11.491820,0.0,Under way using engine
2026-08-28T08:50:13Z,219000809,54.916075,11.360067,0.0,Under way using engine
2026-08-28T08:50:33Z,219002177,54.916352,11.360573,0.0,Under way using engine
2026-08-28T08:50:39Z,219000811,54.838703,11.491817,0.0,Under way using engine
2026-08-28T08:50:44Z,219000809,54.916075,11.360055,0.0,Under way using engine
2026-08-28T08:51:03Z,219002177,54.916352,11.360565,0.0,Under way using engine
2026-08-28T08:51:19Z,219000811,54.838705,11.491815,0.0,Under way using engine
2026-08-28T08:51:23Z,219000809,54.916080,11.360042,0.0,Under way using engine
2026-08-28T08:51:33Z,219002177,54.916348,11.360558,0.0,Under way using engine
2026-08-28T08:51:53Z,219000809,54.916072,11.360045,0.0,Under way using engine
2026-08-28T08:51:59Z,219000811,54.838708,11.491815,0.0,Under way using engine
2026-08-28T08:52:04Z,219002177,54.916350,11.360565,0.0,Under way using engine
2026-08-28T08:52:23Z,219000809,54.916060,11.360053,0.0,Under way using engine
2026-08-28T08:52:29Z,219000811,54.838708,11.491813,0.0,Under way using engine
2026-08-28T08:52:45Z,219002177,54.916330,11.360590,0.0,Under way using engine
2026-08-28T08:52:59Z,219000811,54.838708,11.491817,0.0,Under way using engine
2026-08-28T08:53:04Z,219000809,54.916058,11.360062,0.0,Under way using engine
2026-08-28T08:53:24Z,219002177,54.916362,11.360565,0.0,Under way using engine
2026-08-28T08:53:29Z,219000811,54.838707,11.491815,0.0,Under way using engine
2026-08-28T08:53:34Z,219000809,54.916070,11.360048,0.0,Under way using engine
2026-08-28T08:53:55Z,219002177,54.916372,11.360560,0.0,Under way using engine
2026-08-28T08:53:59Z,219000811,54.838707,11.491813,0.0,Under way using engine
2026-08-28T08:54:04Z,219000809,54.916078,11.360040,0.0,Under way using engine
2026-08-28T08:54:29Z,219000811,54.838707,11.491813,0.0,Under way using engine
2026-08-28T08:54:34Z,219000809,54.916083,11.360043,0.0,Under way using engine
2026-08-28T08:54:34Z,219002177,54.916373,11.360550,0.0,Under way using engine
2026-08-28T08:54:59Z,219000811,54.838707,11.491817,0.0,Under way using engine
2026-08-28T08:55:04Z,219002177,54.916368,11.360548,0.0,Under way using engine
2026-08-28T08:55:13Z,219000809,54.916080,11.360045,0.0,Under way using engine
2026-08-28T08:55:29Z,219000811,54.838708,11.491818,0.0,Under way using engine
2026-08-28T08:55:34Z,219002177,54.916348,11.360563,0.0,Under way using engine
2026-08-28T08:55:44Z,219000809,54.916085,11.360047,0.0,Under way using engine
2026-08-28T08:56:00Z,219000811,54.838707,11.491820,0.0,Under way using engine
2026-08-28T08:56:04Z,219002177,54.916353,11.360560,0.0,Under way using engine
2026-08-28T08:56:23Z,219000809,54.916087,11.360050,0.0,Under way using engine
2026-08-28T08:56:34Z,219002177,54.916347,11.360575,0.0,Under way using engine
2026-08-28T08:56:40Z,219000811,54.838707,11.491817,0.0,Under way using engine
2026-08-28T08:56:54Z,219000809,54.916073,11.360067,0.0,Under way using engine
2026-08-28T08:57:05Z,219002177,54.916362,11.360557,0.0,Under way using engine
2026-08-28T08:57:10Z,219000811,54.838707,11.491815,0.0,Under way using engine
2026-08-28T08:57:34Z,219000809,54.916077,11.360065,0.0,Under way using engine
2026-08-28T08:57:40Z,219000811,54.838707,11.491812,0.0,Under way using engine
2026-08-28T08:57:43Z,219002177,54.916348,11.360568,0.0,Under way using engine
2026-08-28T08:58:10Z,219000811,54.838708,11.491815,0.0,Under way using engine
2026-08-28T08:58:13Z,219000809,54.916090,11.360042,0.0,Under way using engine
2026-08-28T08:58:14Z,219002177,54.916340,11.360562,0.0,Under way using engine
2026-08-28T08:58:40Z,219000811,54.838708,11.491818,0.0,Under way using engine
2026-08-28T08:58:43Z,219000809,54.916067,11.360062,0.0,Under way using engine
2026-08-28T08:58:53Z,219002177,54.916353,11.360555,0.0,Under way using engine
2026-08-28T08:59:10Z,219000811,54.838708,11.491818,0.0,Under way using engine
2026-08-28T08:59:13Z,219000809,54.916070,11.360057,0.0,Under way using engine
2026-08-28T08:59:23Z,219002177,54.916360,11.360578,0.0,Under way using engine
2026-08-28T08:59:40Z,219000811,54.838707,11.491822,0.0,Under way using engine
2026-08-28T08:59:43Z,219000809,54.916062,11.360052,0.0,Under way using engine
2026-08-28T08:59:53Z,219002177,54.916375,11.360572,0.0,Under way using engine
2026-08-28T09:00:10Z,219000811,54.838707,11.491825,0.0,Under way using engine
2026-08-28T09:00:14Z,219000809,54.916065,11.360062,0.0,Under way using engine
2026-08-28T09:00:23Z,219002177,54.916350,11.360588,0.0,Under way using engine
2026-08-28T09:00:40Z,219000811,54.838705,11.491827,0.0,Under way using engine
2026-08-28T09:00:53Z,219002177,54.916378,11.360562,0.0,Under way using engine
2026-08-28T09:00:54Z,219000809,54.916062,11.360063,0.0,Under way using engine
2026-08-28T09:01:20Z,219000811,54.838707,11.491828,0.0,Under way using engine
2026-08-28T09:01:23Z,219002177,54.916372,11.360568,0.0,Under way using engine
2026-08-28T09:01:24Z,219000809,54.916053,11.360073,0.0,Under way using engine
2026-08-28T09:01:53Z,219002177,54.916375,11.360547,0.1,Under way using engine
2026-08-28T09:01:54Z,219000809,54.916048,11.360085,0.0,Under way using engine
2026-08-28T09:02:00Z,219000811,54.838708,11.491827,0.0,Under way using engine
2026-08-28T09:02:23Z,219002177,54.916355,11.360567,0.0,Under way using engine
2026-08-28T09:02:24Z,219000809,54.916055,11.360075,0.0,Under way using engine
2026-08-28T09:02:40Z,219000811,54.838708,11.491827,0.0,Under way using engine
2026-08-28T09:02:53Z,219002177,54.916350,11.360578,0.1,Under way using engine
2026-08-28T09:02:54Z,219000809,54.916057,11.360065,0.0,Under way using engine
2026-08-28T09:03:20Z,219000811,54.838712,11.491823,0.0,Under way using engine
2026-08-28T09:03:23Z,219002177,54.916358,11.360572,0.0,Under way using engine
2026-08-28T09:03:24Z,219000809,54.916032,11.360073,0.0,Under way using engine
2026-08-28T09:03:53Z,219002177,54.916362,11.360547,0.0,Under way using engine
2026-08-28T09:04:00Z,219000811,54.838712,11.491823,0.0,Under way using engine
2026-08-28T09:04:04Z,219000809,54.916048,11.360080,0.0,Under way using engine
2026-08-28T09:04:24Z,219002177,54.916355,11.360545,0.1,Under way using engine
2026-08-28T09:04:34Z,219000809,54.916038,11.360073,0.0,Under way using engine
2026-08-28T09:04:38Z,219000811,54.838712,11.491822,0.0,Under way using engine
2026-08-28T09:05:04Z,219000809,54.916045,11.360075,0.0,Under way using engine
2026-08-28T09:05:04Z,219002177,54.916320,11.360572,0.0,Under way using engine
2026-08-28T09:05:08Z,219000811,54.838712,11.491820,0.0,Under way using engine
2026-08-28T09:05:34Z,219000809,54.916060,11.360080,0.0,Under way using engine
2026-08-28T09:05:34Z,219002177,54.916302,11.360597,0.1,Under way using engine
2026-08-28T09:05:38Z,219000811,54.838713,11.491822,0.0,Under way using engine
2026-08-28T09:06:04Z,219000809,54.916058,11.360070,0.0,Under way using engine
2026-08-28T09:06:04Z,219002177,54.916332,11.360573,0.0,Under way using engine
2026-08-28T09:06:08Z,219000811,54.838712,11.491822,0.0,Under way using engine
2026-08-28T09:06:34Z,219000809,54.916073,11.360043,0.0,Under way using engine
2026-08-28T09:06:34Z,219002177,54.916323,11.360578,0.1,Under way using engine
2026-08-28T09:06:38Z,219000811,54.838712,11.491820,0.0,Under way using engine
2026-08-28T09:07:04Z,219000809,54.916080,11.360040,0.0,Under way using engine
2026-08-28T09:07:04Z,219002177,54.916347,11.360550,0.0,Under way using engine
2026-08-28T09:07:08Z,219000811,54.838710,11.491822,0.0,Under way using engine
2026-08-28T09:07:34Z,219000809,54.916068,11.360048,0.0,Under way using engine
2026-08-28T09:07:34Z,219002177,54.916355,11.360548,0.0,Under way using engine
2026-08-28T09:07:38Z,219000811,54.838708,11.491823,0.0,Under way using engine
2026-08-28T09:08:04Z,219000809,54.916073,11.360043,0.0,Under way using engine
2026-08-28T09:08:04Z,219002177,54.916345,11.360552,0.0,Under way using engine
2026-08-28T09:08:09Z,219000811,54.838705,11.491823,0.0,Under way using engine
2026-08-28T09:08:34Z,219000809,54.916073,11.360047,0.0,Under way using engine
2026-08-28T09:08:34Z,219002177,54.916352,11.360553,0.0,Under way using engine
2026-08-28T09:08:40Z,219000811,54.838703,11.491822,0.0,Under way using engine
2026-08-28T09:09:04Z,219000809,54.916080,11.360043,0.0,Under way using engine
2026-08-28T09:09:04Z,219002177,54.916320,11.360557,0.0,Under way using engine
2026-08-28T09:09:19Z,219000811,54.838707,11.491820,0.0,Under way using engine
2026-08-28T09:09:34Z,219000809,54.916078,11.360048,0.0,Under way using engine
2026-08-28T09:09:34Z,219002177,54.916313,11.360560,0.0,Under way using engine
2026-08-28T09:09:49Z,219000811,54.838705,11.491822,0.0,Under way using engine
2026-08-28T09:10:04Z,219000809,54.916068,11.360060,0.0,Under way using engine
2026-08-28T09:10:05Z,219002177,54.916325,11.360570,0.0,Under way using engine
2026-08-28T09:10:19Z,219000811,54.838707,11.491820,0.0,Under way using engine
2026-08-28T09:10:34Z,219000809,54.916055,11.360057,0.0,Under way using engine
2026-08-28T09:10:44Z,219002177,54.916322,11.360563,0.0,Under way using engine
2026-08-28T09:10:49Z,219000811,54.838705,11.491822,0.0,Under way using engine
2026-08-28T09:11:04Z,219000809,54.916048,11.360057,0.0,Under way using engine
2026-08-28T09:11:15Z,219002177,54.916317,11.360563,0.0,Under way using engine
2026-08-28T09:11:19Z,219000811,54.838707,11.491822,0.0,Under way using engine
2026-08-28T09:11:34Z,219000809,54.916048,11.360062,0.0,Under way using engine
2026-08-28T09:11:49Z,219000811,54.838705,11.491822,0.0,Under way using engine
2026-08-28T09:11:54Z,219002177,54.916350,11.360530,0.0,Under way using engine
2026-08-28T09:12:04Z,219000809,54.916067,11.360063,0.0,Under way using engine
2026-08-28T09:12:19Z,219000811,54.838705,11.491818,0.0,Under way using engine
2026-08-28T09:12:24Z,219002177,54.916330,11.360555,0.0,Under way using engine
2026-08-28T09:12:34Z,219000809,54.916063,11.360062,0.0,Under way using engine
2026-08-28T09:12:50Z,219000811,54.838707,11.491820,0.0,Under way using engine
2026-08-28T09:12:54Z,219002177,54.916342,11.360555,0.0,Under way using engine
2026-08-28T09:13:04Z,219000809,54.916057,11.360060,0.0,Under way using engine
2026-08-28T09:13:20Z,219000811,54.838707,11.491823,0.0,Under way using engine
2026-08-28T09:13:24Z,219002177,54.916358,11.360533,0.0,Under way using engine
2026-08-28T09:13:34Z,219000809,54.916055,11.360062,0.0,Under way using engine
2026-08-28T09:13:50Z,219000811,54.838705,11.491823,0.0,Under way using engine
2026-08-28T09:13:54Z,219002177,54.916378,11.360568,0.0,Under way using engine
2026-08-28T09:14:04Z,219000809,54.916072,11.360058,0.0,Under way using engine
2026-08-28T09:14:20Z,219000811,54.838703,11.491825,0.0,Under way using engine
2026-08-28T09:14:24Z,219002177,54.916342,11.360553,0.0,Under way using engine
2026-08-28T09:14:34Z,219000809,54.916073,11.360058,0.0,Under way using engine
2026-08-28T09:14:50Z,219000811,54.838702,11.491825,0.0,Under way using engine
2026-08-28T09:14:54Z,219002177,54.916360,11.360558,0.0,Under way using engine
2026-08-28T09:15:04Z,219000809,54.916080,11.360055,0.0,Under way using engine
2026-08-28T09:15:20Z,219000811,54.838703,11.491827,0.0,Under way using engine
2026-08-28T09:15:25Z,219002177,54.916355,11.360562,0.1,Under way using engine
2026-08-28T09:15:34Z,219000809,54.916060,11.360057,0.0,Under way using engine
2026-08-28T09:15:50Z,219000811,54.838703,11.491827,0.0,Under way using engine
2026-08-28T09:16:04Z,219000809,54.916060,11.360060,0.0,Under way using engine
2026-08-28T09:16:04Z,219002177,54.916348,11.360562,0.0,Under way using engine
2026-08-28T09:16:20Z,219000811,54.838703,11.491827,0.0,Under way using engine
2026-08-28T09:16:34Z,219000809,54.916053,11.360070,0.0,Under way using engine
2026-08-28T09:16:34Z,219002177,54.916338,11.360557,0.0,Under way using engine
2026-08-28T09:16:50Z,219000811,54.838703,11.491825,0.0,Under way using engine
2026-08-28T09:17:04Z,219000809,54.916050,11.360083,0.0,Under way using engine
2026-08-28T09:17:04Z,219002177,54.916330,11.360555,0.0,Under way using engine
2026-08-28T09:17:20Z,219000811,54.838703,11.491823,0.0,Under way using engine
2026-08-28T09:17:34Z,219000809,54.916052,11.360090,0.0,Under way using engine
2026-08-28T09:17:34Z,219002177,54.916343,11.360577,0.0,Under way using engine
2026-08-28T09:17:50Z,219000811,54.838705,11.491823,0.0,Under way using engine
2026-08-28T09:18:04Z,219000809,54.916058,11.360077,0.0,Under way using engine
2026-08-28T09:18:04Z,219002177,54.916342,11.360557,0.0,Under way using engine
2026-08-28T09:18:20Z,219000811,54.838705,11.491825,0.0,Under way using engine
2026-08-28T09:18:34Z,219000809,54.916070,11.360065,0.0,Under way using engine
2026-08-28T09:18:34Z,219002177,54.916353,11.360545,0.0,Under way using engine
2026-08-28T09:18:50Z,219000811,54.838703,11.491827,0.0,Under way using engine
2026-08-28T09:19:04Z,219002177,54.916342,11.360553,0.0,Under way using engine
2026-08-28T09:19:13Z,219000809,54.916045,11.360073,0.0,Under way using engine
2026-08-28T09:19:20Z,219000811,54.838703,11.491828,0.0,Under way using engine
2026-08-28T09:19:34Z,219002177,54.916330,11.360538,0.0,Under way using engine
2026-08-28T09:19:44Z,219000809,54.916035,11.360088,0.0,Under way using engine
2026-08-28T09:19:50Z,219000811,54.838703,11.491828,0.0,Under way using engine
2026-08-28T09:20:04Z,219002177,54.916348,11.360560,0.0,Under way using engine
2026-08-28T09:20:20Z,219000811,54.838703,11.491823,0.0,Under way using engine
2026-08-28T09:20:24Z,219000809,54.916030,11.360100,0.0,Under way using engine
2026-08-28T09:20:34Z,219002177,54.916343,11.360558,0.0,Under way using engine
2026-08-28T09:20:50Z,219000811,54.838703,11.491822,0.0,Under way using engine
2026-08-28T09:21:03Z,219000809,54.916043,11.360085,0.0,Under way using engine
2026-08-28T09:21:04Z,219002177,54.916347,11.360575,0.0,Under way using engine
2026-08-28T09:21:20Z,219000811,54.838703,11.491823,0.0,Under way using engine
2026-08-28T09:21:33Z,219000809,54.916048,11.360063,0.0,Under way using engine
2026-08-28T09:21:34Z,219002177,54.916330,11.360570,0.0,Under way using engine
2026-08-28T09:21:50Z,219000811,54.838705,11.491822,0.0,Under way using engine
2026-08-28T09:22:03Z,219000809,54.916063,11.360068,0.0,Under way using engine
2026-08-28T09:22:04Z,219002177,54.916337,11.360565,0.0,Under way using engine
2026-08-28T09:22:20Z,219000811,54.838707,11.491822,0.0,Under way using engine
2026-08-28T09:22:33Z,219000809,54.916062,11.360050,0.0,Under way using engine
2026-08-28T09:22:34Z,219002177,54.916343,11.360562,0.0,Under way using engine
2026-08-28T09:22:50Z,219000811,54.838710,11.491820,0.0,Under way using engine
2026-08-28T09:23:03Z,219000809,54.916058,11.360045,0.0,Under way using engine
2026-08-28T09:23:04Z,219002177,54.916342,11.360543,0.0,Under way using engine
2026-08-28T09:23:20Z,219000811,54.838712,11.491822,0.0,Under way using engine
2026-08-28T09:23:33Z,219000809,54.916070,11.360040,0.0,Under way using engine
2026-08-28T09:23:35Z,219002177,54.916352,11.360558,0.0,Under way using engine
2026-08-28T09:23:50Z,219000811,54.838712,11.491825,0.0,Under way using engine
2026-08-28T09:24:03Z,219000809,54.916078,11.360053,0.0,Under way using engine
2026-08-28T09:24:13Z,219002177,54.916350,11.360572,0.0,Under way using engine
2026-08-28T09:24:20Z,219000811,54.838712,11.491823,0.0,Under way using engine
2026-08-28T09:24:33Z,219000809,54.916068,11.360065,0.0,Under way using engine
2026-08-28T09:24:43Z,219002177,54.916350,11.360568,0.0,Under way using engine
2026-08-28T09:24:50Z,219000811,54.838712,11.491822,0.0,Under way using engine
2026-08-28T09:25:03Z,219000809,54.916070,11.360062,0.0,Under way using engine
2026-08-28T09:25:13Z,219002177,54.916350,11.360563,0.0,Under way using engine
2026-08-28T09:25:20Z,219000811,54.838712,11.491820,0.0,Under way using engine
2026-08-28T09:25:33Z,219000809,54.916068,11.360072,0.0,Under way using engine
2026-08-28T09:25:43Z,219002177,54.916358,11.360577,0.0,Under way using engine
2026-08-28T09:25:50Z,219000811,54.838712,11.491822,0.0,Under way using engine
2026-08-28T09:26:03Z,219000809,54.916043,11.360087,0.0,Under way using engine
2026-08-28T09:26:13Z,219002177,54.916367,11.360560,0.0,Under way using engine
2026-08-28T09:26:20Z,219000811,54.838713,11.491823,0.0,Under way using engine
2026-08-28T09:26:33Z,219000809,54.916043,11.360085,0.0,Under way using engine
2026-08-28T09:26:43Z,219002177,54.916362,11.360567,0.0,Under way using engine
2026-08-28T09:26:50Z,219000811,54.838713,11.491820,0.0,Under way using engine
2026-08-28T09:27:03Z,219000809,54.916052,11.360080,0.0,Under way using engine
2026-08-28T09:27:13Z,219002177,54.916353,11.360558,0.0,Under way using engine
2026-08-28T09:27:20Z,219000811,54.838715,11.491817,0.0,Under way using engine
2026-08-28T09:27:33Z,219000809,54.916060,11.360080,0.0,Under way using engine
2026-08-28T09:27:45Z,219002177,54.916347,11.360568,0.0,Under way using engine
2026-08-28T09:27:50Z,219000811,54.838717,11.491820,0.0,Under way using engine
2026-08-28T09:28:03Z,219000809,54.916072,11.360085,0.0,Under way using engine
2026-08-28T09:28:20Z,219000811,54.838715,11.491822,0.0,Under way using engine
2026-08-28T09:28:23Z,219002177,54.916355,11.360592,0.0,Under way using engine
2026-08-28T09:28:33Z,219000809,54.916078,11.360075,0.0,Under way using engine
2026-08-28T09:28:55Z,219002177,54.916348,11.360570,0.0,Under way using engine
2026-08-28T09:28:58Z,219000811,54.838712,11.491823,0.0,Under way using engine
2026-08-28T09:29:04Z,219000809,54.916087,11.360057,0.0,Under way using engine
2026-08-28T09:29:30Z,219000811,54.838712,11.491823,0.0,Under way using engine
2026-08-28T09:29:35Z,219002177,54.916333,11.360555,0.0,Under way using engine
2026-08-28T09:29:43Z,219000809,54.916075,11.360045,0.0,Under way using engine
2026-08-28T09:30:05Z,219002177,54.916353,11.360537,0.0,Under way using engine
2026-08-28T09:30:09Z,219000811,54.838712,11.491822,0.0,Under way using engine
2026-08-28T09:30:13Z,219000809,54.916073,11.360067,0.0,Under way using engine
2026-08-28T09:30:35Z,219002177,54.916358,11.360542,0.0,Under way using engine
2026-08-28T09:30:39Z,219000811,54.838712,11.491820,0.0,Under way using engine
2026-08-28T09:30:43Z,219000809,54.916073,11.360070,0.0,Under way using engine
2026-08-28T09:31:05Z,219002177,54.916362,11.360562,0.0,Under way using engine
2026-08-28T09:31:09Z,219000811,54.838710,11.491817,0.0,Under way using engine
2026-08-28T09:31:13Z,219000809,54.916075,11.360067,0.0,Under way using engine
2026-08-28T09:31:35Z,219002177,54.916348,11.360553,0.0,Under way using engine
2026-08-28T09:31:39Z,219000811,54.838708,11.491817,0.0,Under way using engine
2026-08-28T09:31:43Z,219000809,54.916065,11.360060,0.0,Under way using engine
2026-08-28T09:32:05Z,219002177,54.916353,11.360548,0.0,Under way using engine
2026-08-28T09:32:09Z,219000811,54.838707,11.491818,0.0,Under way using engine
2026-08-28T09:32:13Z,219000809,54.916058,11.360062,0.0,Under way using engine
2026-08-28T09:32:35Z,219002177,54.916375,11.360562,0.1,Under way using engine
2026-08-28T09:32:39Z,219000811,54.838703,11.491822,0.0,Under way using engine
2026-08-28T09:32:43Z,219000809,54.916068,11.360052,0.0,Under way using engine
2026-08-28T09:33:05Z,219002177,54.916355,11.360555,0.0,Under way using engine
2026-08-28T09:33:09Z,219000811,54.838703,11.491822,0.0,Under way using engine
2026-08-28T09:33:13Z,219000809,54.916080,11.360075,0.0,Under way using engine
2026-08-28T09:33:35Z,219002177,54.916358,11.360560,0.0,Under way using engine
2026-08-28T09:33:39Z,219000811,54.838705,11.491822,0.0,Under way using engine
2026-08-28T09:33:44Z,219000809,54.916087,11.360078,0.0,Under way using engine
2026-08-28T09:34:05Z,219002177,54.916348,11.360558,0.1,Under way using engine
2026-08-28T09:34:09Z,219000811,54.838705,11.491820,0.0,Under way using engine
2026-08-28T09:34:23Z,219000809,54.916088,11.360082,0.0,Under way using engine
2026-08-28T09:34:35Z,219002177,54.916340,11.360545,0.0,Under way using engine
2026-08-28T09:34:39Z,219000811,54.838708,11.491818,0.0,Under way using engine
2026-08-28T09:34:53Z,219000809,54.916088,11.360075,0.0,Under way using engine
2026-08-28T09:35:05Z,219002177,54.916340,11.360543,0.0,Under way using engine
2026-08-28T09:35:09Z,219000811,54.838712,11.491815,0.0,Under way using engine
2026-08-28T09:35:24Z,219000809,54.916088,11.360070,0.0,Under way using engine
2026-08-28T09:35:39Z,219000811,54.838713,11.491815,0.0,Under way using engine
2026-08-28T09:35:45Z,219002177,54.916358,11.360555,0.0,Under way using engine
2026-08-28T09:36:03Z,219000809,54.916088,11.360073,0.0,Under way using engine
2026-08-28T09:36:09Z,219000811,54.838712,11.491815,0.0,Under way using engine
2026-08-28T09:36:24Z,219002177,54.916358,11.360540,0.0,Under way using engine
2026-08-28T09:36:34Z,219000809,54.916085,11.360068,0.0,Under way using engine
2026-08-28T09:36:39Z,219000811,54.838710,11.491815,0.0,Under way using engine
2026-08-28T09:36:54Z,219002177,54.916357,11.360537,0.0,Under way using engine
2026-08-28T09:37:09Z,219000811,54.838712,11.491813,0.0,Under way using engine
2026-08-28T09:37:13Z,219000809,54.916073,11.360063,0.0,Under way using engine
2026-08-28T09:37:24Z,219002177,54.916353,11.360552,0.0,Under way using engine
2026-08-28T09:37:39Z,219000811,54.838712,11.491815,0.0,Under way using engine
2026-08-28T09:37:44Z,219000809,54.916070,11.360067,0.0,Under way using engine
2026-08-28T09:37:54Z,219002177,54.916360,11.360552,0.0,Under way using engine
2026-08-28T09:38:09Z,219000811,54.838712,11.491813,0.0,Under way using engine
2026-08-28T09:38:24Z,219000809,54.916085,11.360062,0.0,Under way using engine
2026-08-28T09:38:24Z,219002177,54.916358,11.360560,0.0,Under way using engine
2026-08-28T09:38:39Z,219000811,54.838712,11.491812,0.0,Under way using engine
2026-08-28T09:38:54Z,219002177,54.916358,11.360548,0.0,Under way using engine
2026-08-28T09:39:04Z,219000809,54.916082,11.360063,0.0,Under way using engine
2026-08-28T09:39:09Z,219000811,54.838710,11.491812,0.0,Under way using engine
2026-08-28T09:39:24Z,219002177,54.916353,11.360538,0.0,Under way using engine
2026-08-28T09:39:34Z,219000809,54.916080,11.360062,0.1,Under way using engine
2026-08-28T09:39:39Z,219000811,54.838712,11.491810,0.0,Under way using engine
2026-08-28T09:40:04Z,219000809,54.916075,11.360075,0.0,Under way using engine
2026-08-28T09:40:05Z,219002177,54.916367,11.360562,0.0,Under way using engine
2026-08-28T09:40:09Z,219000811,54.838710,11.491808,0.0,Under way using engine
2026-08-28T09:40:34Z,219000809,54.916078,11.360095,0.0,Under way using engine
2026-08-28T09:40:39Z,219000811,54.838712,11.491808,0.0,Under way using engine
2026-08-28T09:40:45Z,219002177,54.916365,11.360540,0.0,Under way using engine
2026-08-28T09:41:04Z,219000809,54.916067,11.360085,0.0,Under way using engine
2026-08-28T09:41:10Z,219000811,54.838712,11.491812,0.0,Under way using engine
2026-08-28T09:41:24Z,219002177,54.916373,11.360550,0.0,Under way using engine
2026-08-28T09:41:34Z,219000809,54.916077,11.360082,0.0,Under way using engine
2026-08-28T09:41:50Z,219000811,54.838712,11.491817,0.0,Under way using engine
2026-08-28T09:42:04Z,219000809,54.916085,11.360062,0.0,Under way using engine
2026-08-28T09:42:05Z,219002177,54.916372,11.360547,0.0,Under way using engine
2026-08-28T09:42:25Z,219000811,54.838710,11.491820,0.0,Under way using engine
2026-08-28T09:42:34Z,219000809,54.916073,11.360065,0.0,Under way using engine
2026-08-28T09:42:44Z,219002177,54.916372,11.360520,0.0,Under way using engine
2026-08-28T09:42:59Z,219000811,54.838712,11.491822,0.0,Under way using engine
2026-08-28T09:43:04Z,219000809,54.916070,11.360077,0.0,Under way using engine
2026-08-28T09:43:14Z,219002177,54.916378,11.360552,0.0,Under way using engine
2026-08-28T09:43:29Z,219000811,54.838712,11.491820,0.0,Under way using engine
2026-08-28T09:43:44Z,219000809,54.916088,11.360077,0.1,Under way using engine
2026-08-28T09:43:44Z,219002177,54.916370,11.360553,0.0,Under way using engine
2026-08-28T09:43:59Z,219000811,54.838712,11.491820,0.0,Under way using engine
2026-08-28T09:44:14Z,219002177,54.916388,11.360538,0.0,Under way using engine
2026-08-28T09:44:24Z,219000809,54.916097,11.360058,0.1,Under way using engine
2026-08-28T09:44:29Z,219000811,54.838710,11.491820,0.0,Under way using engine
2026-08-28T09:44:44Z,219002177,54.916372,11.360542,0.0,Under way using engine
2026-08-28T09:44:54Z,219000809,54.916132,11.360025,0.0,Under way using engine
2026-08-28T09:44:59Z,219000811,54.838713,11.491818,0.0,Under way using engine
2026-08-28T09:45:14Z,219002177,54.916377,11.360550,0.0,Under way using engine
2026-08-28T09:45:24Z,219000809,54.916103,11.360045,0.0,Under way using engine
2026-08-28T09:45:29Z,219000811,54.838717,11.491817,0.0,Under way using engine
2026-08-28T09:45:44Z,219002177,54.916360,11.360540,0.1,Under way using engine
2026-08-28T09:45:54Z,219000809,54.916112,11.360057,0.0,Under way using engine
2026-08-28T09:45:59Z,219000811,54.838715,11.491822,0.0,Under way using engine
2026-08-28T09:46:14Z,219002177,54.916373,11.360548,0.0,Under way using engine
2026-08-28T09:46:24Z,219000809,54.916100,11.360053,0.0,Under way using engine
2026-08-28T09:46:29Z,219000811,54.838713,11.491825,0.0,Under way using engine
2026-08-28T09:46:44Z,219002177,54.916360,11.360548,0.0,Under way using engine
2026-08-28T09:46:59Z,219000811,54.838713,11.491825,0.0,Under way using engine
2026-08-28T09:47:04Z,219000809,54.916102,11.360378,2.9,Under way using engine
2026-08-28T09:47:14Z,219002177,54.916370,11.360555,0.0,Under way using engine
2026-08-28T09:47:34Z,219000809,54.916210,11.361713,6.5,Under way using engine
2026-08-28T09:47:40Z,219000811,54.838710,11.491823,0.0,Under way using engine
2026-08-28T09:47:45Z,219002177,54.916353,11.360563,0.0,Under way using engine
2026-08-28T09:48:04Z,219000809,54.916407,11.363410,7.4,Under way using engine
2026-08-28T09:48:19Z,219000811,54.838712,11.491825,0.0,Under way using engine
2026-08-28T09:48:34Z,219000809,54.916518,11.365292,8.0,Under way using engine
2026-08-28T09:48:34Z,219002177,54.916375,11.360542,0.1,Under way using engine
2026-08-28T09:48:49Z,219000811,54.838713,11.491823,0.0,Under way using engine
2026-08-28T09:49:04Z,219000809,54.916695,11.367220,8.2,Under way using engine
2026-08-28T09:49:14Z,219002177,54.916373,11.360532,0.0,Under way using engine
2026-08-28T09:49:19Z,219000811,54.838712,11.491822,0.0,Under way using engine
2026-08-28T09:49:34Z,219000809,54.916823,11.369238,8.4,Under way using engine
2026-08-28T09:49:45Z,219002177,54.916368,11.360547,0.0,Under way using engine
2026-08-28T09:49:49Z,219000811,54.838713,11.491820,0.0,Under way using engine
2026-08-28T09:50:14Z,219000809,54.916975,11.371920,8.3,Under way using engine
2026-08-28T09:50:19Z,219000811,54.838717,11.491818,0.0,Under way using engine
2026-08-28T09:50:33Z,219002177,54.916335,11.360560,0.1,Under way using engine
2026-08-28T09:50:44Z,219000809,54.916787,11.373775,7.7,Under way using engine
2026-08-28T09:50:50Z,219000811,54.838718,11.491823,0.0,Under way using engine
2026-08-28T09:51:03Z,219002177,54.916340,11.360970,2.4,Under way using engine
2026-08-28T09:51:14Z,219000809,54.916302,11.374867,4.4,Under way using engine
2026-08-28T09:51:28Z,219000811,54.838718,11.491823,0.0,Under way using engine
2026-08-28T09:51:33Z,219002177,54.916327,11.361897,4.4,Under way using engine
2026-08-28T09:51:44Z,219000809,54.915770,11.376042,7.2,Under way using engine
2026-08-28T09:52:00Z,219000811,54.838718,11.491822,0.0,Under way using engine
2026-08-28T09:52:03Z,219002177,54.916355,11.363145,5.5,Under way using engine
2026-08-28T09:52:14Z,219000809,54.915055,11.377613,8.3,Under way using engine
2026-08-28T09:52:33Z,219002177,54.916403,11.364632,6.2,Under way using engine
2026-08-28T09:52:39Z,219000811,54.838713,11.491825,0.0,Under way using engine
2026-08-28T09:52:44Z,219000809,54.914358,11.379245,8.6,Under way using engine
2026-08-28T09:53:04Z,219002177,54.916550,11.366195,6.6,Under way using engine
2026-08-28T09:53:09Z,219000811,54.838715,11.491822,0.0,Under way using engine
2026-08-28T09:53:14Z,219000809,54.913595,11.380935,8.6,Under way using engine
2026-08-28T09:53:39Z,219000811,54.838710,11.491822,0.0,Under way using engine
2026-08-28T09:53:44Z,219000809,54.912928,11.382572,8.7,Under way using engine
2026-08-28T09:53:45Z,219002177,54.916733,11.368397,7.0,Under way using engine
2026-08-28T09:54:09Z,219000811,54.838708,11.491823,0.0,Under way using engine
2026-08-28T09:54:14Z,219000809,54.912150,11.384297,8.8,Under way using engine
2026-08-28T09:54:25Z,219002177,54.916972,11.370632,6.9,Under way using engine
2026-08-28T09:54:39Z,219000811,54.838707,11.491825,0.0,Under way using engine
2026-08-28T09:54:44Z,219000809,54.911437,11.385935,8.9,Under way using engine
2026-08-28T09:55:04Z,219002177,54.917867,11.371310,5.7,Under way using engine
2026-08-28T09:55:09Z,219000811,54.838707,11.491827,0.0,Under way using engine
2026-08-28T09:55:14Z,219000809,54.910652,11.387677,9.0,Under way using engine
2026-08-28T09:55:40Z,219000811,54.838703,11.491828,0.0,Under way using engine
2026-08-28T09:55:44Z,219000809,54.909868,11.389267,9.0,Under way using engine
2026-08-28T09:55:45Z,219002177,54.919052,11.371467,6.7,Under way using engine
2026-08-28T09:56:14Z,219000809,54.909023,11.390943,8.9,Under way using engine
2026-08-28T09:56:19Z,219000811,54.838705,11.491830,0.0,Under way using engine
2026-08-28T09:56:25Z,219002177,54.920383,11.371582,7.2,Under way using engine
2026-08-28T09:56:44Z,219000809,54.908147,11.392303,9.0,Under way using engine
2026-08-28T09:56:49Z,219000811,54.838707,11.491828,0.0,Under way using engine
2026-08-28T09:57:04Z,219002177,54.921805,11.371678,7.7,Under way using engine
2026-08-28T09:57:14Z,219000809,54.907180,11.393670,8.9,Under way using engine
2026-08-28T09:57:19Z,219000811,54.838710,11.491828,0.0,Under way using engine
2026-08-28T09:57:34Z,219002177,54.922878,11.371805,8.0,Under way using engine
2026-08-28T09:57:44Z,219000809,54.906355,11.395257,8.8,Under way using engine
2026-08-28T09:57:49Z,219000811,54.838710,11.491827,0.0,Under way using engine
2026-08-28T09:58:04Z,219002177,54.924000,11.371897,8.2,Under way using engine
2026-08-28T09:58:14Z,219000809,54.905732,11.397078,8.8,Under way using engine
2026-08-28T09:58:20Z,219000811,54.838713,11.491822,0.0,Under way using engine
2026-08-28T09:58:34Z,219002177,54.925095,11.371985,8.3,Under way using engine
2026-08-28T09:58:44Z,219000809,54.905220,11.399017,8.9,Under way using engine
2026-08-28T09:59:00Z,219000811,54.838717,11.491817,0.0,Under way using engine
2026-08-28T09:59:04Z,219002177,54.926273,11.372067,8.4,Under way using engine
2026-08-28T09:59:14Z,219000809,54.904807,11.401028,8.9,Under way using engine
2026-08-28T09:59:34Z,219002177,54.927392,11.372147,8.3,Under way using engine
2026-08-28T09:59:40Z,219000811,54.838717,11.491817,0.0,Under way using engine
2026-08-28T09:59:44Z,219000809,54.904403,11.403035,8.9,Under way using engine
2026-08-28T10:00:04Z,219002177,54.928582,11.372217,8.3,Under way using engine
2026-08-28T10:00:14Z,219000809,54.904003,11.405073,8.9,Under way using engine
2026-08-28T10:00:20Z,219000811,54.838717,11.491817,0.0,Under way using engine
2026-08-28T10:00:34Z,219002177,54.929677,11.372165,8.1,Under way using engine
2026-08-28T10:00:44Z,219000809,54.903597,11.407107,8.9,Under way using engine
2026-08-28T10:01:00Z,219000811,54.838715,11.491818,0.0,Under way using engine
2026-08-28T10:01:05Z,219002177,54.930830,11.372082,7.9,Under way using engine
2026-08-28T10:01:23Z,219000809,54.903055,11.409830,8.8,Under way using engine
2026-08-28T10:01:40Z,219000811,54.838712,11.491818,0.0,Under way using engine
2026-08-28T10:01:44Z,219002177,54.932192,11.371950,7.6,Under way using engine
2026-08-28T10:01:53Z,219000809,54.902655,11.411730,8.8,Under way using engine
2026-08-28T10:02:10Z,219000811,54.838712,11.491818,0.0,Under way using engine
2026-08-28T10:02:23Z,219000809,54.902160,11.413767,8.8,Under way using engine
2026-08-28T10:02:24Z,219002177,54.933557,11.371842,7.1,Under way using engine
2026-08-28T10:02:40Z,219000811,54.838712,11.491818,0.0,Under way using engine
2026-08-28T10:02:53Z,219000809,54.901655,11.415675,8.8,Under way using engine
2026-08-28T10:02:54Z,219002177,54.934497,11.371803,6.6,Under way using engine
2026-08-28T10:03:10Z,219000811,54.838708,11.491820,0.0,Under way using engine
2026-08-28T10:03:23Z,219000809,54.901053,11.417515,8.7,Under way using engine
2026-08-28T10:03:24Z,219002177,54.935328,11.371708,5.4,Under way using engine
2026-08-28T10:03:50Z,219000811,54.838705,11.491820,0.0,Under way using engine
2026-08-28T10:03:53Z,219000809,54.900463,11.419345,8.8,Under way using engine
2026-08-28T10:03:54Z,219002177,54.935778,11.371838,2.1,Under way using engine
2026-08-28T10:04:20Z,219000811,54.838707,11.491822,0.0,Under way using engine
2026-08-28T10:04:23Z,219000809,54.899843,11.421138,8.8,Under way using engine
2026-08-28T10:04:24Z,219002177,54.935880,11.371918,0.9,Under way using engine
2026-08-28T10:04:50Z,219000811,54.838697,11.491812,0.0,Under way using engine
2026-08-28T10:04:53Z,219000809,54.899205,11.423025,8.8,Under way using engine
2026-08-28T10:04:54Z,219002177,54.935950,11.371993,0.1,Under way using engine
2026-08-28T10:05:23Z,219000809,54.898610,11.424800,8.8,Under way using engine
2026-08-28T10:05:30Z,219000811,54.838695,11.491813,0.0,Under way using engine
2026-08-28T10:05:34Z,219002177,54.935965,11.371995,0.0,Under way using engine
2026-08-28T10:05:53Z,219000809,54.898025,11.426725,8.8,Under way using engine
2026-08-28T10:06:00Z,219000811,54.838700,11.491815,0.0,Under way using engine
2026-08-28T10:06:05Z,219002177,54.935960,11.371975,0.0,Under way using engine
2026-08-28T10:06:23Z,219000809,54.897432,11.428455,8.7,Under way using engine
2026-08-28T10:06:39Z,219000811,54.838712,11.491828,0.0,Under way using engine
2026-08-28T10:06:45Z,219002177,54.935958,11.371980,0.0,Under way using engine
2026-08-28T10:06:53Z,219000809,54.896780,11.430335,8.8,Under way using engine
2026-08-28T10:07:10Z,219000811,54.838717,11.491832,0.0,Under way using engine
2026-08-28T10:07:23Z,219000809,54.896197,11.432157,8.9,Under way using engine
2026-08-28T10:07:23Z,219002177,54.935952,11.371998,0.0,Under way using engine
2026-08-28T10:07:40Z,219000811,54.838713,11.491827,0.0,Under way using engine
2026-08-28T10:07:53Z,219000809,54.895548,11.434077,9.0,Under way using engine
2026-08-28T10:07:54Z,219002177,54.935965,11.371983,0.0,Under way using engine
2026-08-28T10:08:10Z,219000811,54.838713,11.491823,0.0,Under way using engine
2026-08-28T10:08:23Z,219000809,54.894972,11.435937,9.1,Under way using engine
2026-08-28T10:08:34Z,219002177,54.935957,11.371997,0.0,Under way using engine
2026-08-28T10:08:40Z,219000811,54.838713,11.491822,0.0,Under way using engine
2026-08-28T10:08:53Z,219000809,54.894325,11.437925,9.2,Under way using engine
2026-08-28T10:09:04Z,219002177,54.935950,11.372003,0.0,Under way using engine
2026-08-28T10:09:10Z,219000811,54.838713,11.491817,0.0,Under way using engine
2026-08-28T10:09:23Z,219000809,54.893767,11.439827,9.2,Under way using engine
2026-08-28T10:09:34Z,219002177,54.935947,11.372015,0.0,Under way using engine
2026-08-28T10:09:40Z,219000811,54.838713,11.491818,0.0,Under way using engine
2026-08-28T10:09:53Z,219000809,54.893127,11.441745,9.2,Under way using engine
2026-08-28T10:10:04Z,219002177,54.935953,11.372000,0.0,Under way using engine
2026-08-28T10:10:10Z,219000811,54.838717,11.491818,0.0,Under way using engine
2026-08-28T10:10:23Z,219000809,54.892515,11.443687,9.2,Under way using engine
2026-08-28T10:10:34Z,219002177,54.935960,11.371993,0.0,Under way using engine
2026-08-28T10:10:40Z,219000811,54.838713,11.491818,0.0,Under way using engine
2026-08-28T10:10:53Z,219000809,54.891912,11.445647,9.2,Under way using engine
2026-08-28T10:11:04Z,219002177,54.935943,11.372018,0.0,Under way using engine
2026-08-28T10:11:10Z,219000811,54.838717,11.491823,0.0,Under way using engine
2026-08-28T10:11:23Z,219000809,54.891318,11.447597,9.1,Under way using engine
2026-08-28T10:11:34Z,219002177,54.935943,11.371995,0.0,Under way using engine
2026-08-28T10:11:40Z,219000811,54.838717,11.491823,0.0,Under way using engine
2026-08-28T10:11:53Z,219000809,54.890650,11.449460,9.1,Under way using engine
2026-08-28T10:12:04Z,219002177,54.935940,11.372018,0.0,Under way using engine
2026-08-28T10:12:10Z,219000811,54.838715,11.491820,0.0,Under way using engine
2026-08-28T10:12:23Z,219000809,54.889923,11.451292,9.2,Under way using engine
2026-08-28T10:12:34Z,219002177,54.935955,11.372002,0.0,Under way using engine
2026-08-28T10:12:40Z,219000811,54.838717,11.491813,0.0,Under way using engine
2026-08-28T10:12:53Z,219000809,54.889217,11.453193,9.4,Under way using engine
2026-08-28T10:13:04Z,219002177,54.935950,11.372005,0.0,Under way using engine
2026-08-28T10:13:19Z,219000811,54.838718,11.491808,0.0,Under way using engine
2026-08-28T10:13:23Z,219000809,54.888497,11.455062,9.4,Under way using engine
2026-08-28T10:13:34Z,219002177,54.935948,11.372007,0.0,Under way using engine
2026-08-28T10:13:50Z,219000811,54.838722,11.491812,0.0,Under way using engine
2026-08-28T10:13:53Z,219000809,54.887697,11.456812,9.2,Under way using engine
2026-08-28T10:14:15Z,219002177,54.935950,11.372003,0.0,Under way using engine
2026-08-28T10:14:23Z,219000809,54.886897,11.458478,9.0,Under way using engine
2026-08-28T10:14:30Z,219000811,54.838722,11.491815,0.0,Under way using engine
2026-08-28T10:14:53Z,219000809,54.886103,11.460135,8.8,Under way using engine
2026-08-28T10:14:54Z,219002177,54.935948,11.371992,0.0,Under way using engine
2026-08-28T10:15:09Z,219000811,54.838720,11.491817,0.0,Under way using engine
2026-08-28T10:15:23Z,219000809,54.885333,11.461755,8.7,Under way using engine
2026-08-28T10:15:35Z,219002177,54.935937,11.372000,0.1,Under way using engine
2026-08-28T10:15:50Z,219000811,54.838720,11.491820,0.0,Under way using engine
2026-08-28T10:15:53Z,219000809,54.884548,11.463447,8.9,Under way using engine
2026-08-28T10:16:15Z,219002177,54.935697,11.371850,2.5,Under way using engine
2026-08-28T10:16:23Z,219000809,54.883795,11.465045,8.9,Under way using engine
2026-08-28T10:16:30Z,219000811,54.838718,11.491832,0.0,Under way using engine
2026-08-28T10:16:53Z,219000809,54.882983,11.466708,8.7,Under way using engine
2026-08-28T10:16:54Z,219002177,54.935110,11.371182,4.5,Under way using engine
2026-08-28T10:17:09Z,219000811,54.838718,11.491830,0.0,Under way using engine
2026-08-28T10:17:23Z,219000809,54.882243,11.468317,8.9,Under way using engine
2026-08-28T10:17:35Z,219002177,54.934238,11.370792,5.1,Under way using engine
2026-08-28T10:17:50Z,219000811,54.838713,11.491827,0.0,Under way using engine
2026-08-28T10:17:53Z,219000809,54.881530,11.470158,8.9,Under way using engine
2026-08-28T10:18:15Z,219002177,54.933188,11.370805,5.9,Under way using engine
2026-08-28T10:18:20Z,219000811,54.838712,11.491828,0.0,Under way using engine
2026-08-28T10:18:23Z,219000809,54.880975,11.471992,8.9,Under way using engine
2026-08-28T10:18:50Z,219000811,54.838710,11.491833,0.0,Under way using engine
2026-08-28T10:18:53Z,219000809,54.880553,11.474085,8.9,Under way using engine
2026-08-28T10:18:54Z,219002177,54.932063,11.370815,6.4,Under way using engine
2026-08-28T10:19:20Z,219000811,54.838710,11.491840,0.0,Under way using engine
2026-08-28T10:19:23Z,219000809,54.880307,11.476073,8.8,Under way using engine
2026-08-28T10:19:35Z,219002177,54.930847,11.370845,6.5,Under way using engine
2026-08-28T10:19:50Z,219000811,54.838707,11.491832,0.0,Under way using engine
2026-08-28T10:19:53Z,219000809,54.880328,11.478277,8.8,Under way using engine
2026-08-28T10:20:15Z,219002177,54.929620,11.370888,6.7,Under way using engine
2026-08-28T10:20:20Z,219000811,54.838702,11.491833,0.0,Under way using engine
2026-08-28T10:20:23Z,219000809,54.880555,11.480297,8.9,Under way using engine
2026-08-28T10:20:53Z,219000809,54.880862,11.482410,8.7,Under way using engine
2026-08-28T10:20:54Z,219002177,54.928410,11.370887,6.6,Under way using engine
2026-08-28T10:20:59Z,219000811,54.838703,11.491832,0.0,Under way using engine
2026-08-28T10:21:23Z,219000809,54.881415,11.483932,7.4,Under way using engine
2026-08-28T10:21:25Z,219002177,54.927458,11.370895,6.6,Under way using engine
2026-08-28T10:21:30Z,219000811,54.838703,11.491837,0.0,Under way using engine
2026-08-28T10:21:53Z,219000809,54.882450,11.483765,7.5,Under way using engine
2026-08-28T10:21:55Z,219002177,54.926543,11.370898,6.6,Under way using engine
2026-08-28T10:22:10Z,219000811,54.838698,11.491833,0.0,Under way using engine
2026-08-28T10:22:23Z,219000809,54.883280,11.483467,5.5,Under way using engine
2026-08-28T10:22:25Z,219002177,54.925633,11.370955,6.6,Under way using engine
2026-08-28T10:22:40Z,219000811,54.838697,11.491833,0.0,Under way using engine
2026-08-28T10:22:53Z,219000809,54.883880,11.483322,3.8,Under way using engine
2026-08-28T10:22:55Z,219002177,54.924722,11.370972,6.5,Under way using engine
2026-08-28T10:23:10Z,219000811,54.838697,11.491833,0.0,Under way using engine
2026-08-28T10:23:23Z,219000809,54.884175,11.483262,1.6,Under way using engine
2026-08-28T10:23:25Z,219002177,54.923810,11.371040,6.6,Under way using engine
2026-08-28T10:23:40Z,219000811,54.838695,11.491830,0.0,Under way using engine
2026-08-28T10:23:54Z,219000809,54.884292,11.483255,0.6,Under way using engine
2026-08-28T10:23:55Z,219002177,54.922905,11.371087,6.5,Under way using engine
2026-08-28T10:24:10Z,219000811,54.838697,11.491835,0.0,Under way using engine
2026-08-28T10:24:25Z,219002177,54.921998,11.371127,6.6,Under way using engine
2026-08-28T10:24:33Z,219000809,54.884318,11.483220,0.1,Under way using engine
2026-08-28T10:24:40Z,219000811,54.838700,11.491833,0.0,Under way using engine
2026-08-28T10:24:55Z,219002177,54.921093,11.371165,6.5,Under way using engine
2026-08-28T10:25:03Z,219000809,54.884325,11.483237,0.1,Under way using engine
2026-08-28T10:25:10Z,219000811,54.838703,11.491833,0.0,Under way using engine
2026-08-28T10:25:25Z,219002177,54.920197,11.371228,6.4,Under way using engine
2026-08-28T10:25:34Z,219000809,54.884322,11.483230,0.0,Under way using engine
2026-08-28T10:25:40Z,219000811,54.838703,11.491837,0.0,Under way using engine
2026-08-28T10:25:55Z,219002177,54.919317,11.371233,6.4,Under way using engine
2026-08-28T10:26:10Z,219000811,54.838705,11.491835,0.0,Under way using engine
2026-08-28T10:26:13Z,219000809,54.884310,11.483225,0.0,Under way using engine
2026-08-28T10:26:25Z,219002177,54.918437,11.371260,6.3,Under way using engine
2026-08-28T10:26:44Z,219000809,54.884310,11.483228,0.0,Under way using engine
2026-08-28T10:26:49Z,219000811,54.838707,11.491835,0.0,Under way using engine
2026-08-28T10:26:55Z,219002177,54.917553,11.371275,6.3,Under way using engine
2026-08-28T10:27:20Z,219000811,54.838708,11.491832,0.0,Under way using engine
2026-08-28T10:27:24Z,219000809,54.884323,11.483247,0.0,Under way using engine
2026-08-28T10:27:25Z,219002177,54.916942,11.370732,4.8,Under way using engine
2026-08-28T10:27:54Z,219000809,54.884325,11.483255,0.0,Under way using engine
2026-08-28T10:27:55Z,219002177,54.916793,11.369555,5.3,Under way using engine
2026-08-28T10:27:58Z,219000811,54.838715,11.491835,0.0,Under way using engine
2026-08-28T10:28:24Z,219000809,54.884313,11.483233,0.0,Under way using engine
2026-08-28T10:28:27Z,219002177,54.916725,11.368677,5.8,Under way using engine
2026-08-28T10:28:30Z,219000811,54.838715,11.491832,0.0,Under way using engine
2026-08-28T10:29:03Z,219000809,54.884322,11.483252,0.0,Under way using engine
2026-08-28T10:29:04Z,219002177,54.916523,11.366228,6.4,Under way using engine
2026-08-28T10:29:10Z,219000811,54.838715,11.491828,0.0,Under way using engine
2026-08-28T10:29:34Z,219000809,54.884315,11.483232,0.0,Under way using engine
2026-08-28T10:29:35Z,219002177,54.916432,11.364610,6.5,Under way using engine
2026-08-28T10:29:49Z,219000811,54.838713,11.491828,0.0,Under way using engine
2026-08-28T10:30:13Z,219000809,54.884320,11.483242,0.0,Under way using engine
2026-08-28T10:30:14Z,219002177,54.916347,11.362642,5.8,Under way using engine
2026-08-28T10:30:19Z,219000811,54.838715,11.491827,0.0,Under way using engine
2026-08-28T10:30:43Z,219000809,54.884320,11.483240,0.0,Under way using engine
2026-08-28T10:30:44Z,219002177,54.916355,11.361443,4.3,Under way using engine
2026-08-28T10:30:49Z,219000811,54.838718,11.491827,0.0,Under way using engine
2026-08-28T10:31:13Z,219000809,54.884303,11.483218,0.0,Under way using engine
2026-08-28T10:31:14Z,219002177,54.916350,11.360830,1.8,Under way using engine
2026-08-28T10:31:19Z,219000811,54.838718,11.491828,0.0,Under way using engine
2026-08-28T10:31:43Z,219000809,54.884312,11.483250,0.0,Under way using engine
2026-08-28T10:31:44Z,219002177,54.916342,11.360568,0.7,Under way using engine
2026-08-28T10:31:59Z,219000811,54.838718,11.491830,0.0,Under way using engine
2026-08-28T10:32:13Z,219000809,54.884302,11.483230,0.0,Under way using engine
2026-08-28T10:32:14Z,219002177,54.916348,11.360573,0.0,Under way using engine
2026-08-28T10:32:29Z,219000811,54.838718,11.491835,0.0,Under way using engine
2026-08-28T10:32:43Z,219000809,54.884283,11.483232,0.6,Under way using engine
2026-08-28T10:32:44Z,219002177,54.916337,11.360592,0.0,Under way using engine
2026-08-28T10:32:59Z,219000811,54.838717,11.491837,0.0,Under way using engine
2026-08-28T10:33:13Z,219000809,54.883808,11.483370,4.5,Under way using engine
2026-08-28T10:33:14Z,219002177,54.916343,11.360583,0.0,Under way using engine
2026-08-28T10:33:29Z,219000811,54.838717,11.491838,0.0,Under way using engine
2026-08-28T10:33:43Z,219000809,54.883083,11.483805,5.5,Under way using engine
2026-08-28T10:33:44Z,219002177,54.916352,11.360587,0.0,Under way using engine
2026-08-28T10:33:59Z,219000811,54.838717,11.491842,0.0,Under way using engine
2026-08-28T10:34:13Z,219000809,54.882703,11.484438,2.7,Under way using engine
2026-08-28T10:34:14Z,219002177,54.916353,11.360587,0.0,Under way using engine
2026-08-28T10:34:29Z,219000811,54.838720,11.491843,0.0,Under way using engine
2026-08-28T10:34:43Z,219000809,54.882605,11.484540,1.9,Under way using engine
2026-08-28T10:34:44Z,219002177,54.916343,11.360573,0.0,Under way using engine
2026-08-28T10:34:59Z,219000811,54.838720,11.491842,0.0,Under way using engine
2026-08-28T10:35:13Z,219000809,54.882020,11.483657,6.9,Under way using engine
2026-08-28T10:35:14Z,219002177,54.916352,11.360590,0.0,Under way using engine
2026-08-28T10:35:29Z,219000811,54.838723,11.491838,0.0,Under way using engine
2026-08-28T10:35:44Z,219000809,54.881147,11.482397,8.2,Under way using engine
2026-08-28T10:35:44Z,219002177,54.916338,11.360585,0.0,Under way using engine
2026-08-28T10:35:59Z,219000811,54.838723,11.491837,0.0,Under way using engine
2026-08-28T10:36:14Z,219002177,54.916342,11.360577,0.0,Under way using engine
2026-08-28T10:36:24Z,219000809,54.879903,11.480652,8.7,Under way using engine
2026-08-28T10:36:29Z,219000811,54.838727,11.491840,0.0,Under way using engine
2026-08-28T10:36:44Z,219002177,54.916347,11.360590,0.0,Under way using engine
2026-08-28T10:36:57Z,219000809,54.879283,11.478700,8.5,Under way using engine
2026-08-28T10:37:10Z,219000811,54.838728,11.491830,0.0,Under way using engine
2026-08-28T10:37:14Z,219002177,54.916352,11.360568,0.0,Under way using engine
2026-08-28T10:37:27Z,219000809,54.879365,11.476642,8.7,Under way using engine
2026-08-28T10:37:44Z,219002177,54.916332,11.360575,0.0,Under way using engine
2026-08-28T10:37:48Z,219000811,54.838725,11.491830,0.0,Under way using engine
2026-08-28T10:37:57Z,219000809,54.879663,11.474622,8.8,Under way using engine
2026-08-28T10:38:14Z,219002177,54.916338,11.360573,0.0,Under way using engine
2026-08-28T10:38:19Z,219000811,54.838723,11.491827,0.0,Under way using engine
2026-08-28T10:38:30Z,219000809,54.880213,11.472517,8.7,Under way using engine
2026-08-28T10:38:44Z,219002177,54.916342,11.360570,0.0,Under way using engine
2026-08-28T10:38:58Z,219000811,54.838720,11.491830,0.0,Under way using engine
2026-08-28T10:39:00Z,219000809,54.880930,11.470790,8.8,Under way using engine
2026-08-28T10:39:14Z,219002177,54.916358,11.360582,0.0,Under way using engine
2026-08-28T10:39:30Z,219000811,54.838718,11.491833,0.0,Under way using engine
2026-08-28T10:39:33Z,219000809,54.881745,11.468900,8.9,Under way using engine
2026-08-28T10:39:45Z,219002177,54.916343,11.360572,0.0,Under way using engine
2026-08-28T10:40:04Z,219000809,54.882505,11.467098,8.9,Under way using engine
2026-08-28T10:40:10Z,219000811,54.838720,11.491832,0.0,Under way using engine
2026-08-28T10:40:23Z,219002177,54.916365,11.360587,0.0,Under way using engine
2026-08-28T10:40:44Z,219000809,54.883483,11.464767,9.1,Under way using engine
2026-08-28T10:40:48Z,219000811,54.838720,11.491827,0.0,Under way using engine
2026-08-28T10:40:55Z,219002177,54.916350,11.360553,0.0,Under way using engine
2026-08-28T10:41:20Z,219000811,54.838720,11.491820,0.0,Under way using engine
2026-08-28T10:41:23Z,219000809,54.884468,11.462347,9.2,Under way using engine
2026-08-28T10:41:34Z,219002177,54.916343,11.360553,0.0,Under way using engine
2026-08-28T10:41:53Z,219000809,54.885222,11.460698,9.1,Under way using engine
2026-08-28T10:41:58Z,219000811,54.838722,11.491815,0.0,Under way using engine
2026-08-28T10:42:05Z,219002177,54.916353,11.360575,0.0,Under way using engine
2026-08-28T10:42:23Z,219000809,54.886073,11.458965,9.2,Under way using engine
2026-08-28T10:42:30Z,219000811,54.838720,11.491817,0.0,Under way using engine
2026-08-28T10:42:45Z,219002177,54.916340,11.360575,0.0,Under way using engine
2026-08-28T10:42:53Z,219000809,54.886907,11.457405,9.1,Under way using engine
2026-08-28T10:43:10Z,219000811,54.838720,11.491817,0.0,Under way using engine
2026-08-28T10:43:23Z,219000809,54.887707,11.455702,8.8,Under way using engine
2026-08-28T10:43:34Z,219002177,54.916343,11.360593,0.0,Under way using engine
2026-08-28T10:43:48Z,219000811,54.838718,11.491812,0.0,Under way using engine
2026-08-28T10:43:53Z,219000809,54.888503,11.454197,8.8,Under way using engine
2026-08-28T10:44:05Z,219002177,54.916337,11.360558,0.0,Under way using engine
2026-08-28T10:44:20Z,219000811,54.838720,11.491813,0.0,Under way using engine
2026-08-28T10:44:23Z,219000809,54.889350,11.452538,8.9,Under way using engine
2026-08-28T10:44:45Z,219002177,54.916330,11.360548,0.0,Under way using engine
2026-08-28T10:44:53Z,219000809,54.890182,11.451053,8.9,Under way using engine
2026-08-28T10:44:59Z,219000811,54.838725,11.491818,0.0,Under way using engine
2026-08-28T10:45:23Z,219000809,54.891072,11.449473,8.9,Under way using engine
2026-08-28T10:45:29Z,219000811,54.838727,11.491822,0.0,Under way using engine
2026-08-28T10:45:34Z,219002177,54.916355,11.360562,0.0,Under way using engine
2026-08-28T10:45:53Z,219000809,54.891778,11.447813,8.9,Under way using engine
2026-08-28T10:45:59Z,219000811,54.838730,11.491823,0.0,Under way using engine
2026-08-28T10:46:05Z,219002177,54.916343,11.360567,0.0,Under way using engine
2026-08-28T10:46:23Z,219000809,54.892420,11.445912,8.9,Under way using engine
2026-08-28T10:46:29Z,219000811,54.838730,11.491822,0.0,Under way using engine
2026-08-28T10:46:45Z,219002177,54.916358,11.360530,0.0,Under way using engine
2026-08-28T10:46:53Z,219000809,54.893002,11.444075,8.9,Under way using engine
2026-08-28T10:46:59Z,219000811,54.838728,11.491820,0.0,Under way using engine
2026-08-28T10:47:23Z,219000809,54.893638,11.442270,8.9,Under way using engine
2026-08-28T10:47:23Z,219002177,54.916348,11.360552,0.0,Under way using engine
2026-08-28T10:47:29Z,219000811,54.838728,11.491818,0.0,Under way using engine
2026-08-28T10:47:53Z,219000809,54.894257,11.440425,8.9,Under way using engine
2026-08-28T10:47:55Z,219002177,54.916347,11.360558,0.0,Under way using engine
2026-08-28T10:47:59Z,219000811,54.838725,11.491812,0.0,Under way using engine
2026-08-28T10:48:23Z,219000809,54.894882,11.438582,9.0,Under way using engine
2026-08-28T10:48:29Z,219000811,54.838720,11.491812,0.0,Under way using engine
2026-08-28T10:48:34Z,219002177,54.916323,11.360557,0.0,Under way using engine
2026-08-28T10:48:53Z,219000809,54.895533,11.436668,9.3,Under way using engine
2026-08-28T10:48:59Z,219000811,54.838718,11.491817,0.0,Under way using engine
2026-08-28T10:49:15Z,219002177,54.916357,11.360562,0.0,Under way using engine
2026-08-28T10:49:23Z,219000809,54.896145,11.434708,9.3,Under way using engine
2026-08-28T10:49:30Z,219000811,54.838720,11.491813,0.0,Under way using engine
2026-08-28T10:49:53Z,219000809,54.896793,11.432763,9.3,Under way using engine
2026-08-28T10:49:54Z,219002177,54.916350,11.360543,0.0,Under way using engine
2026-08-28T10:50:08Z,219000811,54.838723,11.491815,0.0,Under way using engine
2026-08-28T10:50:23Z,219000809,54.897425,11.430805,9.3,Under way using engine
2026-08-28T10:50:34Z,219002177,54.916330,11.360563,0.0,Under way using engine
2026-08-28T10:50:39Z,219000811,54.838720,11.491820,0.0,Under way using engine
2026-08-28T10:50:53Z,219000809,54.898102,11.428890,9.3,Under way using engine
2026-08-28T10:51:04Z,219002177,54.916352,11.360578,0.0,Under way using engine
2026-08-28T10:51:20Z,219000811,54.838722,11.491820,0.0,Under way using engine
2026-08-28T10:51:24Z,219000809,54.898647,11.426782,9.3,Under way using engine
2026-08-28T10:51:34Z,219002177,54.916358,11.360590,0.0,Under way using engine
2026-08-28T10:51:54Z,219000809,54.899048,11.424642,9.4,Under way using engine
2026-08-28T10:51:59Z,219000811,54.838727,11.491818,0.0,Under way using engine
2026-08-28T10:52:04Z,219002177,54.916350,11.360683,1.1,Under way using engine
2026-08-28T10:52:24Z,219000809,54.899508,11.422528,9.4,Under way using engine
2026-08-28T10:52:30Z,219000811,54.838730,11.491817,0.0,Under way using engine
2026-08-28T10:52:34Z,219002177,54.916265,11.361267,3.2,Under way using engine
2026-08-28T10:52:54Z,219000809,54.899957,11.420412,9.3,Under way using engine
2026-08-28T10:53:04Z,219002177,54.916273,11.362227,4.3,Under way using engine
2026-08-28T10:53:08Z,219000811,54.838727,11.491820,0.0,Under way using engine
2026-08-28T10:53:24Z,219000809,54.900402,11.418303,9.3,Under way using engine
2026-08-28T10:53:34Z,219002177,54.916320,11.363385,5.0,Under way using engine
2026-08-28T10:53:40Z,219000811,54.838725,11.491822,0.0,Under way using engine
2026-08-28T10:53:54Z,219000809,54.900812,11.416213,9.3,Under way using engine
2026-08-28T10:54:04Z,219002177,54.916358,11.364647,5.4,Under way using engine
2026-08-28T10:54:19Z,219000811,54.838720,11.491822,0.0,Under way using engine
2026-08-28T10:54:24Z,219000809,54.901265,11.414117,9.3,Under way using engine
2026-08-28T10:54:34Z,219002177,54.916425,11.365973,5.6,Under way using engine
2026-08-28T10:54:49Z,219000811,54.838717,11.491818,0.0,Under way using engine
2026-08-28T10:54:54Z,219000809,54.901725,11.412027,9.2,Under way using engine
2026-08-28T10:55:04Z,219002177,54.916563,11.367330,5.8,Under way using engine
2026-08-28T10:55:19Z,219000811,54.838712,11.491817,0.0,Under way using engine
2026-08-28T10:55:24Z,219000809,54.902280,11.410002,9.3,Under way using engine
2026-08-28T10:55:34Z,219002177,54.916685,11.368728,5.9,Under way using engine
2026-08-28T10:55:49Z,219000811,54.838713,11.491812,0.0,Under way using engine
2026-08-28T10:55:54Z,219000809,54.902830,11.408005,9.2,Under way using engine
2026-08-28T10:56:04Z,219002177,54.916785,11.370167,5.9,Under way using engine
2026-08-28T10:56:19Z,219000811,54.838708,11.491812,0.0,Under way using engine
2026-08-28T10:56:24Z,219000809,54.903402,11.406013,9.3,Under way using engine
2026-08-28T10:56:34Z,219002177,54.917055,11.371322,4.7,Under way using engine
2026-08-28T10:56:49Z,219000811,54.838707,11.491812,0.0,Under way using engine
2026-08-28T10:56:54Z,219000809,54.904113,11.404142,9.3,Under way using engine
2026-08-28T10:57:04Z,219002177,54.917682,11.371560,4.5,Under way using engine
2026-08-28T10:57:19Z,219000811,54.838707,11.491813,0.0,Under way using engine
2026-08-28T10:57:24Z,219000809,54.904895,11.402337,9.3,Under way using engine
2026-08-28T10:57:34Z,219002177,54.918358,11.371572,5.2,Under way using engine
2026-08-28T10:57:49Z,219000811,54.838705,11.491812,0.0,Under way using engine
2026-08-28T10:58:03Z,219000809,54.905863,11.399983,9.3,Under way using engine
2026-08-28T10:58:04Z,219002177,54.919103,11.371710,5.6,Under way using engine
2026-08-28T10:58:19Z,219000811,54.838705,11.491813,0.0,Under way using engine
2026-08-28T10:58:34Z,219000809,54.906637,11.398118,9.3,Under way using engine
2026-08-28T10:58:34Z,219002177,54.919890,11.371808,5.8,Under way using engine
2026-08-28T10:58:49Z,219000811,54.838708,11.491813,0.0,Under way using engine
2026-08-28T10:59:04Z,219002177,54.920707,11.371890,6.0,Under way using engine
2026-08-28T10:59:13Z,219000809,54.907628,11.395727,9.2,Under way using engine
2026-08-28T10:59:19Z,219000811,54.838708,11.491815,0.0,Under way using engine
2026-08-28T10:59:35Z,219002177,54.921578,11.372025,6.1,Under way using engine
2026-08-28T10:59:44Z,219000809,54.908345,11.393927,9.1,Under way using engine
2026-08-28T10:59:49Z,219000811,54.838708,11.491813,0.0,Under way using engine
2026-08-28T11:00:15Z,219002177,54.922687,11.372157,6.3,Under way using engine
2026-08-28T11:00:19Z,219000811,54.838708,11.491813,0.0,Under way using engine
2026-08-28T11:00:23Z,219000809,54.909397,11.391748,9.1,Under way using engine
2026-08-28T11:00:45Z,219002177,54.923560,11.372268,6.3,Under way using engine
2026-08-28T11:00:49Z,219000811,54.838708,11.491815,0.0,Under way using engine
2026-08-28T11:00:53Z,219000809,54.910225,11.390110,9.1,Under way using engine
2026-08-28T11:01:15Z,219002177,54.924428,11.372362,6.3,Under way using engine
2026-08-28T11:01:19Z,219000811,54.838708,11.491817,0.0,Under way using engine
2026-08-28T11:01:23Z,219000809,54.911023,11.388392,9.2,Under way using engine
2026-08-28T11:01:45Z,219002177,54.925302,11.372465,6.4,Under way using engine
2026-08-28T11:01:50Z,219000811,54.838710,11.491818,0.0,Under way using engine
2026-08-28T11:01:53Z,219000809,54.911865,11.386682,9.2,Under way using engine
2026-08-28T11:02:15Z,219002177,54.926190,11.372567,6.4,Under way using engine
2026-08-28T11:02:20Z,219000811,54.838710,11.491818,0.0,Under way using engine
2026-08-28T11:02:23Z,219000809,54.912688,11.384982,9.2,Under way using engine
2026-08-28T11:02:45Z,219002177,54.927080,11.372705,6.5,Under way using engine
2026-08-28T11:02:50Z,219000811,54.838708,11.491817,0.0,Under way using engine
2026-08-28T11:02:53Z,219000809,54.913542,11.383303,9.2,Under way using engine
2026-08-28T11:03:15Z,219002177,54.927983,11.372830,6.5,Under way using engine
2026-08-28T11:03:20Z,219000811,54.838707,11.491815,0.0,Under way using engine
2026-08-28T11:03:23Z,219000809,54.914328,11.381567,9.3,Under way using engine
2026-08-28T11:03:50Z,219000811,54.838707,11.491813,0.0,Under way using engine
2026-08-28T11:03:53Z,219000809,54.914978,11.379635,9.4,Under way using engine
2026-08-28T11:03:55Z,219002177,54.929212,11.372992,6.5,Under way using engine
2026-08-28T11:04:20Z,219000811,54.838708,11.491813,0.0,Under way using engine
2026-08-28T11:04:23Z,219000809,54.915612,11.377670,9.3,Under way using engine
2026-08-28T11:04:25Z,219002177,54.930097,11.372892,6.4,Under way using engine
2026-08-28T11:04:50Z,219000811,54.838708,11.491813,0.0,Under way using engine
2026-08-28T11:04:53Z,219000809,54.916270,11.375737,9.3,Under way using engine
2026-08-28T11:04:55Z,219002177,54.930972,11.372798,6.4,Under way using engine
2026-08-28T11:05:20Z,219000811,54.838707,11.491813,0.0,Under way using engine
2026-08-28T11:05:23Z,219000809,54.916742,11.373695,9.0,Under way using engine
2026-08-28T11:05:33Z,219002177,54.932095,11.372470,6.3,Under way using engine
2026-08-28T11:05:50Z,219000811,54.838705,11.491813,0.0,Under way using engine
2026-08-28T11:05:53Z,219000809,54.916782,11.371502,9.1,Under way using engine
2026-08-28T11:06:04Z,219002177,54.932963,11.372205,6.4,Under way using engine
2026-08-28T11:06:20Z,219000811,54.838705,11.491807,0.0,Under way using engine
2026-08-28T11:06:23Z,219000809,54.916690,11.369292,9.3,Under way using engine
2026-08-28T11:06:44Z,219002177,54.934145,11.372003,6.3,Under way using engine
2026-08-28T11:06:50Z,219000811,54.838705,11.491805,0.0,Under way using engine
2026-08-28T11:06:53Z,219000809,54.916565,11.367063,9.3,Under way using engine
2026-08-28T11:07:23Z,219000809,54.916452,11.364865,9.2,Under way using engine
2026-08-28T11:07:24Z,219002177,54.935178,11.371605,5.2,Under way using engine
2026-08-28T11:07:30Z,219000811,54.838708,11.491805,0.0,Under way using engine
2026-08-28T11:07:53Z,219000809,54.916292,11.362822,7.9,Under way using engine
2026-08-28T11:08:04Z,219002177,54.935750,11.371798,2.2,Under way using engine
2026-08-28T11:08:09Z,219000811,54.838708,11.491802,0.0,Under way using engine
2026-08-28T11:08:23Z,219000809,54.916165,11.361328,5.2,Under way using engine
2026-08-28T11:08:34Z,219002177,54.935910,11.371935,1.0,Under way using engine
2026-08-28T11:08:39Z,219000811,54.838710,11.491802,0.0,Under way using engine
2026-08-28T11:08:53Z,219000809,54.916002,11.360742,0.9,Under way using engine
2026-08-28T11:09:04Z,219002177,54.935947,11.371965,0.0,Under way using engine
2026-08-28T11:09:09Z,219000811,54.838713,11.491803,0.0,Under way using engine
2026-08-28T11:09:23Z,219000809,54.916047,11.360703,0.5,Under way using engine
2026-08-28T11:09:34Z,219002177,54.935950,11.371975,0.0,Under way using engine
2026-08-28T11:09:39Z,219000811,54.838710,11.491805,0.0,Under way using engine
2026-08-28T11:09:53Z,219000809,54.916075,11.360357,1.7,Under way using engine
2026-08-28T11:10:04Z,219002177,54.935957,11.371982,0.0,Under way using engine
2026-08-28T11:10:09Z,219000811,54.838708,11.491805,0.0,Under way using engine
2026-08-28T11:10:24Z,219000809,54.916077,11.360083,0.7,Under way using engine
2026-08-28T11:10:34Z,219002177,54.935957,11.371987,0.0,Under way using engine
2026-08-28T11:10:39Z,219000811,54.838708,11.491808,0.0,Under way using engine
2026-08-28T11:11:03Z,219000809,54.916067,11.360058,0.0,Under way using engine
2026-08-28T11:11:05Z,219002177,54.935958,11.371980,0.0,Under way using engine
2026-08-28T11:11:09Z,219000811,54.838708,11.491810,0.0,Under way using engine
2026-08-28T11:11:33Z,219000809,54.916072,11.360065,0.0,Under way using engine
2026-08-28T11:11:39Z,219000811,54.838708,11.491812,0.0,Under way using engine
2026-08-28T11:11:45Z,219002177,54.935962,11.371983,0.0,Under way using engine
2026-08-28T11:12:03Z,219000809,54.916063,11.360075,0.0,Under way using engine
2026-08-28T11:12:09Z,219000811,54.838710,11.491813,0.0,Under way using engine
2026-08-28T11:12:33Z,219000809,54.916057,11.360062,0.0,Under way using engine
2026-08-28T11:12:34Z,219002177,54.935965,11.371985,0.0,Under way using engine
2026-08-28T11:12:39Z,219000811,54.838712,11.491815,0.0,Under way using engine
2026-08-28T11:13:04Z,219000809,54.916055,11.360045,0.0,Under way using engine
2026-08-28T11:13:05Z,219002177,54.935962,11.371975,0.0,Under way using engine
2026-08-28T11:13:09Z,219000811,54.838713,11.491815,0.0,Under way using engine
2026-08-28T11:13:39Z,219000811,54.838713,11.491817,0.0,Under way using engine
2026-08-28T11:13:43Z,219000809,54.916052,11.360055,0.0,Under way using engine
2026-08-28T11:13:45Z,219002177,54.935948,11.371987,0.0,Under way using engine
2026-08-28T11:14:09Z,219000811,54.838715,11.491818,0.0,Under way using engine
2026-08-28T11:14:14Z,219000809,54.916037,11.360055,0.0,Under way using engine
2026-08-28T11:14:24Z,219002177,54.935952,11.371978,0.0,Under way using engine
2026-08-28T11:14:39Z,219000811,54.838713,11.491818,0.0,Under way using engine
2026-08-28T11:15:04Z,219000809,54.916072,11.360037,0.0,Under way using engine
2026-08-28T11:15:05Z,219002177,54.935953,11.371973,0.0,Under way using engine
2026-08-28T11:15:09Z,219000811,54.838713,11.491818,0.0,Under way using engine
2026-08-28T11:15:40Z,219000811,54.838717,11.491818,0.0,Under way using engine
2026-08-28T11:15:43Z,219000809,54.916072,11.360055,0.0,Under way using engine
2026-08-28T11:15:44Z,219002177,54.935950,11.371977,0.0,Under way using engine
2026-08-28T11:16:14Z,219000809,54.916097,11.360028,0.0,Under way using engine
2026-08-28T11:16:14Z,219002177,54.935850,11.371900,1.5,Under way using engine
2026-08-28T11:16:18Z,219000811,54.838717,11.491815,0.0,Under way using engine
2026-08-28T11:16:44Z,219002177,54.935502,11.371582,3.3,Under way using engine
2026-08-28T11:16:49Z,219000811,54.838717,11.491813,0.0,Under way using engine
2026-08-28T11:16:53Z,219000809,54.916080,11.360053,0.0,Under way using engine
2026-08-28T11:17:14Z,219002177,54.935013,11.371048,4.5,Under way using engine
2026-08-28T11:17:23Z,219000809,54.916072,11.360053,0.0,Under way using engine
2026-08-28T11:17:29Z,219000811,54.838713,11.491812,0.0,Under way using engine
2026-08-28T11:17:44Z,219002177,54.934425,11.370578,4.7,Under way using engine
2026-08-28T11:17:53Z,219000809,54.916083,11.360048,0.0,Under way using engine
2026-08-28T11:18:00Z,219000811,54.838715,11.491810,0.0,Under way using engine
2026-08-28T11:18:14Z,219002177,54.933725,11.370620,5.3,Under way using engine
2026-08-28T11:18:23Z,219000809,54.916082,11.360047,0.0,Under way using engine
2026-08-28T11:18:40Z,219000811,54.838715,11.491812,0.0,Under way using engine
2026-08-28T11:18:44Z,219002177,54.932942,11.370670,5.9,Under way using engine
2026-08-28T11:18:54Z,219000809,54.916077,11.360050,0.0,Under way using engine
2026-08-28T11:19:14Z,219002177,54.932062,11.370760,6.3,Under way using engine
2026-08-28T11:19:18Z,219000811,54.838715,11.491810,0.0,Under way using engine
2026-08-28T11:19:33Z,219000809,54.916075,11.360052,0.0,Under way using engine
2026-08-28T11:19:44Z,219002177,54.931157,11.370847,6.5,Under way using engine
2026-08-28T11:20:00Z,219000811,54.838715,11.491815,0.0,Under way using engine
2026-08-28T11:20:03Z,219000809,54.916072,11.360052,0.0,Under way using engine
2026-08-28T11:20:14Z,219002177,54.930238,11.370927,6.7,Under way using engine
2026-08-28T11:20:33Z,219000809,54.916070,11.360050,0.0,Under way using engine
2026-08-28T11:20:40Z,219000811,54.838715,11.491817,0.0,Under way using engine
2026-08-28T11:20:44Z,219002177,54.929308,11.371027,6.8,Under way using engine
2026-08-28T11:21:03Z,219000809,54.916073,11.360047,0.0,Under way using engine
2026-08-28T11:21:14Z,219002177,54.928357,11.371130,6.9,Under way using engine
2026-08-28T11:21:18Z,219000811,54.838712,11.491822,0.0,Under way using engine
2026-08-28T11:21:33Z,219000809,54.916072,11.360058,0.0,Under way using engine
2026-08-28T11:21:44Z,219002177,54.927388,11.371233,6.9,Under way using engine
2026-08-28T11:22:00Z,219000811,54.838712,11.491822,0.0,Under way using engine
2026-08-28T11:22:03Z,219000809,54.916077,11.360063,0.0,Under way using engine
2026-08-28T11:22:14Z,219002177,54.926430,11.371338,7.0,Under way using engine
2026-08-28T11:22:34Z,219000809,54.916073,11.360062,0.0,Under way using engine
2026-08-28T11:22:40Z,219000811,54.838713,11.491818,0.0,Under way using engine
2026-08-28T11:22:44Z,219002177,54.925467,11.371438,7.0,Under way using engine
2026-08-28T11:23:14Z,219000809,54.916077,11.360052,0.0,Under way using engine
2026-08-28T11:23:14Z,219002177,54.924498,11.371530,7.0,Under way using engine
2026-08-28T11:23:19Z,219000811,54.838713,11.491817,0.0,Under way using engine
2026-08-28T11:23:44Z,219002177,54.923532,11.371585,7.0,Under way using engine
2026-08-28T11:23:53Z,219000809,54.916075,11.360053,0.0,Under way using engine
2026-08-28T11:24:00Z,219000811,54.838713,11.491815,0.0,Under way using engine
2026-08-28T11:24:14Z,219002177,54.922542,11.371668,7.0,Under way using engine
2026-08-28T11:24:23Z,219000809,54.916065,11.360057,0.0,Under way using engine
2026-08-28T11:24:40Z,219000811,54.838712,11.491817,0.0,Under way using engine
2026-08-28T11:24:53Z,219000809,54.916070,11.360052,0.0,Under way using engine
2026-08-28T11:24:54Z,219002177,54.921205,11.371760,6.9,Under way using engine
2026-08-28T11:25:19Z,219000811,54.838710,11.491817,0.0,Under way using engine
2026-08-28T11:25:23Z,219000809,54.916072,11.360058,0.0,Under way using engine
2026-08-28T11:25:24Z,219002177,54.920290,11.371818,6.9,Under way using engine
2026-08-28T11:25:50Z,219000811,54.838710,11.491817,0.0,Under way using engine
2026-08-28T11:25:53Z,219000809,54.916075,11.360107,0.7,Under way using engine
2026-08-28T11:25:54Z,219002177,54.919367,11.371870,6.0,Under way using engine
2026-08-28T11:26:23Z,219000809,54.916122,11.360767,3.1,Under way using engine
2026-08-28T11:26:24Z,219002177,54.918802,11.371793,3.0,Under way using engine
2026-08-28T11:26:29Z,219000811,54.838708,11.491817,0.0,Under way using engine
2026-08-28T11:26:53Z,219000809,54.916217,11.361763,5.0,Under way using engine
2026-08-28T11:26:54Z,219002177,54.918588,11.371815,0.7,Under way using engine
2026-08-28T11:26:59Z,219000811,54.838710,11.491817,0.0,Under way using engine
2026-08-28T11:27:23Z,219000809,54.916367,11.363232,6.7,Under way using engine
2026-08-28T11:27:24Z,219002177,54.918558,11.371867,0.7,Under way using engine
2026-08-28T11:27:29Z,219000811,54.838708,11.491818,0.0,Under way using engine
2026-08-28T11:27:53Z,219000809,54.916392,11.364988,7.2,Under way using engine
2026-08-28T11:27:54Z,219002177,54.918430,11.372037,1.1,Under way using engine
2026-08-28T11:27:59Z,219000811,54.838708,11.491818,0.0,Under way using engine
2026-08-28T11:28:23Z,219000809,54.916518,11.366713,7.5,Under way using engine
2026-08-28T11:28:24Z,219002177,54.918335,11.372132,0.6,Under way using engine
2026-08-28T11:28:29Z,219000811,54.838708,11.491818,0.0,Under way using engine
2026-08-28T11:28:53Z,219000809,54.916662,11.368525,7.5,Under way using engine
2026-08-28T11:28:54Z,219002177,54.918278,11.372097,0.8,Under way using engine
2026-08-28T11:28:59Z,219000811,54.838710,11.491823,0.0,Under way using engine
2026-08-28T11:29:23Z,219000809,54.916530,11.370310,7.5,Under way using engine
2026-08-28T11:29:24Z,219002177,54.917985,11.371880,3.2,Under way using engine
2026-08-28T11:29:29Z,219000811,54.838712,11.491825,0.0,Under way using engine
2026-08-28T11:29:53Z,219000809,54.916303,11.372078,7.4,Under way using engine
2026-08-28T11:29:55Z,219002177,54.917403,11.371427,4.9,Under way using engine
2026-08-28T11:29:59Z,219000811,54.838710,11.491827,0.0,Under way using engine
2026-08-28T11:30:24Z,219000809,54.916237,11.373322,3.6,Under way using engine
2026-08-28T11:30:30Z,219000811,54.838710,11.491827,0.0,Under way using engine
2026-08-28T11:30:34Z,219002177,54.916907,11.370122,5.2,Under way using engine
2026-08-28T11:30:57Z,219000809,54.916182,11.374732,6.4,Under way using engine
2026-08-28T11:31:10Z,219000811,54.838710,11.491825,0.0,Under way using engine
2026-08-28T11:31:15Z,219002177,54.916727,11.368248,6.3,Under way using engine
2026-08-28T11:31:27Z,219000809,54.915582,11.376217,7.9,Under way using engine
2026-08-28T11:31:45Z,219002177,54.916575,11.366685,6.7,Under way using engine
2026-08-28T11:31:49Z,219000811,54.838712,11.491823,0.0,Under way using engine
2026-08-28T11:32:04Z,219000809,54.914635,11.378095,8.4,Under way using engine
2026-08-28T11:32:24Z,219002177,54.916383,11.364552,6.8,Under way using engine
2026-08-28T11:32:30Z,219000811,54.838712,11.491825,0.0,Under way using engine
2026-08-28T11:32:43Z,219000809,54.913627,11.380098,8.6,Under way using engine
2026-08-28T11:32:55Z,219002177,54.916280,11.363010,5.9,Under way using engine
2026-08-28T11:33:10Z,219000811,54.838717,11.491822,0.0,Under way using engine
2026-08-28T11:33:14Z,219000809,54.912822,11.381710,8.6,Under way using engine
2026-08-28T11:33:34Z,219002177,54.916338,11.361560,4.2,Under way using engine
2026-08-28T11:33:48Z,219000809,54.912068,11.383233,8.6,Under way using engine
2026-08-28T11:33:49Z,219000811,54.838717,11.491820,0.0,Under way using engine
2026-08-28T11:34:14Z,219002177,54.916345,11.360773,1.3,Under way using engine
2026-08-28T11:34:23Z,219000809,54.911027,11.385330,8.6,Under way using engine
2026-08-28T11:34:30Z,219000811,54.838715,11.491820,0.0,Under way using engine
2026-08-28T11:34:53Z,219000809,54.910232,11.386910,8.7,Under way using engine
2026-08-28T11:34:55Z,219002177,54.916333,11.360555,0.1,Under way using engine
2026-08-28T11:35:10Z,219000811,54.838715,11.491822,0.0,Under way using engine
2026-08-28T11:35:23Z,219000809,54.909417,11.388452,8.7,Under way using engine
2026-08-28T11:35:35Z,219002177,54.916333,11.360588,0.0,Under way using engine
2026-08-28T11:35:40Z,219000811,54.838713,11.491825,0.0,Under way using engine
2026-08-28T11:35:53Z,219000809,54.908598,11.390033,8.9,Under way using engine
2026-08-28T11:36:10Z,219000811,54.838713,11.491827,0.0,Under way using engine
2026-08-28T11:36:14Z,219002177,54.916345,11.360580,0.0,Under way using engine
2026-08-28T11:36:23Z,219000809,54.907900,11.391740,8.7,Under way using engine
2026-08-28T11:36:40Z,219000811,54.838713,11.491825,0.0,Under way using engine
2026-08-28T11:36:53Z,219000809,54.907593,11.393745,8.8,Under way using engine
2026-08-28T11:36:54Z,219002177,54.916342,11.360592,0.0,Under way using engine
2026-08-28T11:37:10Z,219000811,54.838713,11.491823,0.0,Under way using engine
2026-08-28T11:37:23Z,219000809,54.907740,11.395710,8.1,Under way using engine
2026-08-28T11:37:40Z,219000811,54.838713,11.491822,0.0,Under way using engine
2026-08-28T11:37:54Z,219000809,54.908370,11.397507,8.5,Under way using engine
2026-08-28T11:37:54Z,219002177,54.916335,11.360593,0.0,Under way using engine
2026-08-28T11:38:10Z,219000811,54.838713,11.491817,0.0,Under way using engine
2026-08-28T11:38:33Z,219000809,54.909208,11.399733,8.6,Under way using engine
2026-08-28T11:38:35Z,219002177,54.916327,11.360595,0.0,Under way using engine
2026-08-28T11:38:40Z,219000811,54.838713,11.491817,0.0,Under way using engine
2026-08-28T11:39:04Z,219000809,54.909923,11.401493,8.6,Under way using engine
2026-08-28T11:39:10Z,219000811,54.838713,11.491818,0.0,Under way using engine
2026-08-28T11:39:14Z,219002177,54.916332,11.360578,0.0,Under way using engine
2026-08-28T11:39:40Z,219000811,54.838712,11.491818,0.0,Under way using engine
2026-08-28T11:39:43Z,219000809,54.910840,11.403658,8.6,Under way using engine
2026-08-28T11:39:54Z,219002177,54.916343,11.360590,0.0,Under way using engine
2026-08-28T11:40:13Z,219000809,54.911547,11.405333,8.7,Under way using engine
2026-08-28T11:40:24Z,219002177,54.916338,11.360580,0.0,Under way using engine
2026-08-28T11:40:29Z,219000811,54.838710,11.491823,0.0,Under way using engine
2026-08-28T11:40:43Z,219000809,54.912245,11.407033,8.6,Under way using engine
2026-08-28T11:40:54Z,219002177,54.916335,11.360572,0.0,Under way using engine
2026-08-28T11:41:00Z,219000811,54.838713,11.491822,0.0,Under way using engine
2026-08-28T11:41:13Z,219000809,54.912942,11.408742,8.7,Under way using engine
2026-08-28T11:41:24Z,219002177,54.916342,11.360578,0.0,Under way using engine
2026-08-28T11:41:40Z,219000811,54.838715,11.491822,0.0,Under way using engine
2026-08-28T11:41:43Z,219000809,54.913632,11.410437,8.7,Under way using engine
2026-08-28T11:41:54Z,219002177,54.916350,11.360570,0.0,Under way using engine
2026-08-28T11:42:13Z,219000809,54.914345,11.412148,8.8,Under way using engine
2026-08-28T11:42:24Z,219002177,54.916343,11.360565,0.0,Under way using engine
2026-08-28T11:42:25Z,219000811,54.838717,11.491820,0.0,Under way using engine
2026-08-28T11:42:43Z,219000809,54.915058,11.413860,8.7,Under way using engine
2026-08-28T11:43:00Z,219000811,54.838720,11.491820,0.0,Under way using engine
2026-08-28T11:43:05Z,219002177,54.916347,11.360587,0.0,Under way using engine
2026-08-28T11:43:13Z,219000809,54.915760,11.415558,8.7,Under way using engine
2026-08-28T11:43:40Z,219000811,54.838720,11.491817,0.0,Under way using engine
2026-08-28T11:43:43Z,219000809,54.916463,11.417230,8.6,Under way using engine
2026-08-28T11:43:54Z,219002177,54.916333,11.360575,0.0,Under way using engine
2026-08-28T11:44:14Z,219000809,54.917275,11.418895,8.7,Under way using engine
2026-08-28T11:44:18Z,219000811,54.838720,11.491815,0.0,Under way using engine
2026-08-28T11:44:24Z,219002177,54.916332,11.360572,0.0,Under way using engine
2026-08-28T11:44:49Z,219000811,54.838720,11.491815,0.0,Under way using engine
2026-08-28T11:44:53Z,219000809,54.918238,11.421053,8.7,Under way using engine
2026-08-28T11:44:54Z,219002177,54.916335,11.360582,0.0,Under way using engine
2026-08-28T11:45:24Z,219000809,54.919005,11.422737,8.7,Under way using engine
2026-08-28T11:45:24Z,219002177,54.916332,11.360572,0.0,Under way using engine
2026-08-28T11:45:28Z,219000811,54.838718,11.491813,0.0,Under way using engine
2026-08-28T11:45:54Z,219002177,54.916340,11.360583,0.0,Under way using engine
2026-08-28T11:45:58Z,219000811,54.838718,11.491810,0.0,Under way using engine
2026-08-28T11:46:03Z,219000809,54.919990,11.424853,8.7,Under way using engine
2026-08-28T11:46:24Z,219002177,54.916343,11.360573,0.0,Under way using engine
2026-08-28T11:46:28Z,219000811,54.838717,11.491808,0.0,Under way using engine
2026-08-28T11:46:33Z,219000809,54.920748,11.426487,8.7,Under way using engine
2026-08-28T11:46:54Z,219002177,54.916347,11.360567,0.0,Under way using engine
2026-08-28T11:46:58Z,219000811,54.838718,11.491810,0.0,Under way using engine
2026-08-28T11:47:03Z,219000809,54.921472,11.428113,8.6,Under way using engine
2026-08-28T11:47:24Z,219002177,54.916345,11.360577,0.0,Under way using engine
2026-08-28T11:47:28Z,219000811,54.838718,11.491812,0.0,Under way using engine
2026-08-28T11:47:33Z,219000809,54.922215,11.429762,8.7,Under way using engine
2026-08-28T11:47:55Z,219002177,54.916350,11.360583,0.0,Under way using engine
2026-08-28T11:47:58Z,219000811,54.838717,11.491815,0.0,Under way using engine
2026-08-28T11:48:03Z,219000809,54.922973,11.431400,8.6,Under way using engine
2026-08-28T11:48:28Z,219000811,54.838717,11.491817,0.0,Under way using engine
2026-08-28T11:48:33Z,219000809,54.923682,11.433033,8.7,Under way using engine
2026-08-28T11:48:35Z,219002177,54.916342,11.360567,0.0,Under way using engine
2026-08-28T11:48:59Z,219000811,54.838717,11.491817,0.0,Under way using engine
2026-08-28T11:49:03Z,219000809,54.924422,11.434675,8.7,Under way using engine
2026-08-28T11:49:13Z,219002177,54.916342,11.360592,0.0,Under way using engine
2026-08-28T11:49:33Z,219000809,54.925140,11.436348,8.6,Under way using engine
2026-08-28T11:49:40Z,219000811,54.838715,11.491817,0.0,Under way using engine
2026-08-28T11:49:45Z,219002177,54.916343,11.360587,0.0,Under way using engine
2026-08-28T11:50:03Z,219000809,54.925887,11.437980,8.6,Under way using engine
2026-08-28T11:50:18Z,219000811,54.838715,11.491817,0.0,Under way using engine
2026-08-28T11:50:24Z,219002177,54.916337,11.360570,0.0,Under way using engine
2026-08-28T11:50:33Z,219000809,54.926628,11.439628,8.6,Under way using engine
2026-08-28T11:50:49Z,219000811,54.838713,11.491818,0.0,Under way using engine
2026-08-28T11:50:55Z,219002177,54.916337,11.360558,0.0,Under way using engine
2026-08-28T11:51:03Z,219000809,54.927345,11.441288,8.6,Under way using engine
2026-08-28T11:51:30Z,219000811,54.838715,11.491820,0.0,Under way using engine
2026-08-28T11:51:34Z,219000809,54.928098,11.442988,8.6,Under way using engine
2026-08-28T11:51:35Z,219002177,54.916327,11.360658,1.3,Under way using engine
2026-08-28T11:52:05Z,219002177,54.916233,11.361437,4.1,Under way using engine
2026-08-28T11:52:09Z,219000811,54.838717,11.491822,0.0,Under way using engine
2026-08-28T11:52:13Z,219000809,54.929038,11.445133,8.6,Under way using engine
2026-08-28T11:52:40Z,219000811,54.838717,11.491820,0.0,Under way using engine
2026-08-28T11:52:43Z,219000809,54.929747,11.446760,8.4,Under way using engine
2026-08-28T11:52:44Z,219002177,54.916292,11.363107,5.8,Under way using engine
2026-08-28T11:53:13Z,219000809,54.930520,11.448283,8.6,Under way using engine
2026-08-28T11:53:24Z,219002177,54.916430,11.365145,6.6,Under way using engine
2026-08-28T11:53:30Z,219000811,54.838712,11.491818,0.0,Under way using engine
2026-08-28T11:53:43Z,219000809,54.931338,11.449773,8.6,Under way using engine
2026-08-28T11:53:54Z,219002177,54.916530,11.366757,6.8,Under way using engine
2026-08-28T11:54:09Z,219000811,54.838712,11.491817,0.0,Under way using engine
2026-08-28T11:54:13Z,219000809,54.932110,11.451365,8.6,Under way using engine
2026-08-28T11:54:24Z,219002177,54.916657,11.368407,6.9,Under way using engine
2026-08-28T11:54:43Z,219000809,54.932780,11.453057,8.6,Under way using engine
2026-08-28T11:54:49Z,219000811,54.838712,11.491817,0.0,Under way using engine
2026-08-28T11:54:54Z,219002177,54.916817,11.370002,6.6,Under way using engine
2026-08-28T11:55:13Z,219000809,54.933442,11.454782,8.6,Under way using engine
2026-08-28T11:55:20Z,219000811,54.838712,11.491813,0.0,Under way using engine
2026-08-28T11:55:24Z,219002177,54.917295,11.370970,4.9,Under way using engine
2026-08-28T11:55:43Z,219000809,54.934100,11.456518,8.6,Under way using engine
2026-08-28T11:55:54Z,219002177,54.918015,11.371027,5.5,Under way using engine
2026-08-28T11:55:59Z,219000811,54.838708,11.491812,0.0,Under way using engine
2026-08-28T11:56:13Z,219000809,54.934687,11.458305,8.6,Under way using engine
2026-08-28T11:56:24Z,219002177,54.918825,11.371082,6.0,Under way using engine
2026-08-28T11:56:30Z,219000811,54.838708,11.491812,0.0,Under way using engine
2026-08-28T11:56:44Z,219000809,54.935278,11.460158,8.5,Under way using engine
2026-08-28T11:56:54Z,219002177,54.919690,11.371137,6.3,Under way using engine
2026-08-28T11:57:00Z,219000811,54.838707,11.491812,0.0,Under way using engine
2026-08-28T11:57:14Z,219000809,54.935858,11.461950,8.5,Under way using engine
2026-08-28T11:57:24Z,219002177,54.920595,11.371187,6.6,Under way using engine
2026-08-28T11:57:30Z,219000811,54.838707,11.491812,0.0,Under way using engine
2026-08-28T11:57:44Z,219000809,54.936420,11.463753,8.5,Under way using engine
2026-08-28T11:57:55Z,219002177,54.921560,11.371253,6.8,Under way using engine
2026-08-28T11:58:00Z,219000811,54.838707,11.491813,0.0,Under way using engine
2026-08-28T11:58:14Z,219000809,54.936968,11.465550,8.5,Under way using engine
2026-08-28T11:58:30Z,219000811,54.838707,11.491813,0.0,Under way using engine
2026-08-28T11:58:30Z,219002177,54.922492,11.371257,6.9,Under way using engine
2026-08-28T11:58:44Z,219000809,54.937533,11.467337,8.4,Under way using engine
2026-08-28T11:59:00Z,219000811,54.838705,11.491813,0.0,Under way using engine
2026-08-28T11:59:05Z,219002177,54.923822,11.371150,7.1,Under way using engine
2026-08-28T11:59:14Z,219000809,54.938078,11.469113,8.4,Under way using engine
2026-08-28T11:59:30Z,219000811,54.838705,11.491810,0.0,Under way using engine
2026-08-28T11:59:44Z,219000809,54.938692,11.470820,8.3,Under way using engine
2026-08-28T11:59:44Z,219002177,54.925105,11.371067,7.1,Under way using engine
2026-08-28T12:00:00Z,219000811,54.838707,11.491810,0.0,Under way using engine
2026-08-28T12:00:14Z,219000809,54.939323,11.472502,8.3,Under way using engine
2026-08-28T12:00:15Z,219002177,54.926122,11.371008,7.1,Under way using engine
2026-08-28T12:00:30Z,219000811,54.838708,11.491807,0.0,Under way using engine
2026-08-28T12:00:44Z,219000809,54.939930,11.474157,8.1,Under way using engine
2026-08-28T12:00:55Z,219002177,54.927425,11.370932,7.0,Under way using engine
2026-08-28T12:01:00Z,219000811,54.838707,11.491808,0.0,Under way using engine
2026-08-28T12:01:14Z,219000809,54.940525,11.475807,8.2,Under way using engine
2026-08-28T12:01:30Z,219000811,54.838707,11.491808,0.0,Under way using engine
2026-08-28T12:01:35Z,219002177,54.928730,11.370905,7.0,Under way using engine
2026-08-28T12:01:44Z,219000809,54.941255,11.477395,8.5,Under way using engine
2026-08-28T12:02:00Z,219000811,54.838708,11.491810,0.0,Under way using engine
2026-08-28T12:02:15Z,219002177,54.930028,11.370838,7.0,Under way using engine
2026-08-28T12:02:24Z,219000809,54.942400,11.479232,8.4,Under way using engine
2026-08-28T12:02:30Z,219000811,54.838710,11.491810,0.0,Under way using engine
2026-08-28T12:02:53Z,219002177,54.931270,11.370837,7.1,Under way using engine
2026-08-28T12:02:54Z,219000809,54.943348,11.480388,8.4,Under way using engine
2026-08-28T12:03:00Z,219000811,54.838710,11.491812,0.0,Under way using engine
2026-08-28T12:03:24Z,219000809,54.944403,11.481263,8.4,Under way using engine
2026-08-28T12:03:24Z,219002177,54.932277,11.370855,7.0,Under way using engine
2026-08-28T12:03:30Z,219000811,54.838712,11.491812,0.0,Under way using engine
2026-08-28T12:03:54Z,219000809,54.945505,11.481942,8.5,Under way using engine
2026-08-28T12:04:00Z,219000811,54.838712,11.491813,0.0,Under way using engine
2026-08-28T12:04:03Z,219002177,54.933565,11.371058,6.9,Under way using engine
2026-08-28T12:04:24Z,219000809,54.946653,11.482523,8.6,Under way using engine
2026-08-28T12:04:30Z,219000811,54.838715,11.491815,0.0,Under way using engine
2026-08-28T12:04:35Z,219002177,54.934530,11.371380,6.7,Under way using engine
2026-08-28T12:04:54Z,219000809,54.947807,11.483123,8.6,Under way using engine
2026-08-28T12:05:00Z,219000811,54.838717,11.491815,0.0,Under way using engine
2026-08-28T12:05:15Z,219002177,54.935483,11.371672,4.1,Under way using engine
2026-08-28T12:05:24Z,219000809,54.948957,11.483707,8.7,Under way using engine
2026-08-28T12:05:30Z,219000811,54.838720,11.491815,0.0,Under way using engine
2026-08-28T12:05:53Z,219002177,54.935820,11.371862,1.2,Under way using engine
2026-08-28T12:05:54Z,219000809,54.950115,11.484290,8.7,Under way using engine
2026-08-28T12:06:00Z,219000811,54.838720,11.491818,0.0,Under way using engine
2026-08-28T12:06:24Z,219002177,54.935908,11.371960,0.7,Under way using engine
2026-08-28T12:06:30Z,219000811,54.838720,11.491817,0.0,Under way using engine
2026-08-28T12:06:33Z,219000809,54.951595,11.485052,8.5,Under way using engine
2026-08-28T12:07:00Z,219000811,54.838718,11.491813,0.0,Under way using engine
2026-08-28T12:07:03Z,219000809,54.952727,11.485630,8.5,Under way using engine
2026-08-28T12:07:04Z,219002177,54.935942,11.371990,0.0,Under way using engine
2026-08-28T12:07:30Z,219000811,54.838717,11.491817,0.0,Under way using engine
2026-08-28T12:07:33Z,219000809,54.953868,11.486208,8.6,Under way using engine
2026-08-28T12:07:45Z,219002177,54.935933,11.371995,0.0,Under way using engine
2026-08-28T12:08:00Z,219000811,54.838715,11.491820,0.0,Under way using engine
2026-08-28T12:08:03Z,219000809,54.955005,11.486760,8.5,Under way using engine
2026-08-28T12:08:15Z,219002177,54.935937,11.372010,0.0,Under way using engine
2026-08-28T12:08:30Z,219000811,54.838715,11.491820,0.0,Under way using engine
2026-08-28T12:08:33Z,219000809,54.956147,11.487333,8.4,Under way using engine
2026-08-28T12:08:45Z,219002177,54.935940,11.372010,0.0,Under way using engine
2026-08-28T12:09:03Z,219000809,54.957272,11.487867,8.5,Under way using engine
2026-08-28T12:09:10Z,219000811,54.838713,11.491825,0.0,Under way using engine
2026-08-28T12:09:15Z,219002177,54.935940,11.372010,0.0,Under way using engine
2026-08-28T12:09:33Z,219000809,54.958420,11.488422,8.6,Under way using engine
2026-08-28T12:09:45Z,219002177,54.935940,11.372008,0.0,Under way using engine
2026-08-28T12:09:48Z,219000811,54.838713,11.491828,0.0,Under way using engine
2026-08-28T12:10:03Z,219000809,54.959555,11.489040,8.4,Under way using engine
2026-08-28T12:10:15Z,219002177,54.935948,11.372007,0.0,Under way using engine
2026-08-28T12:10:20Z,219000811,54.838712,11.491827,0.0,Under way using engine
2026-08-28T12:10:33Z,219000809,54.960562,11.490093,8.5,Under way using engine
2026-08-28T12:10:45Z,219002177,54.935948,11.372007,0.0,Under way using engine
2026-08-28T12:10:59Z,219000811,54.838712,11.491827,0.0,Under way using engine
2026-08-28T12:11:03Z,219000809,54.961582,11.491147,8.6,Under way using engine
2026-08-28T12:11:15Z,219002177,54.935947,11.372003,0.0,Under way using engine
2026-08-28T12:11:30Z,219000811,54.838712,11.491825,0.0,Under way using engine
2026-08-28T12:11:33Z,219000809,54.962602,11.492203,8.5,Under way using engine
2026-08-28T12:11:55Z,219002177,54.935957,11.371990,0.0,Under way using engine
2026-08-28T12:12:04Z,219000809,54.963645,11.493298,8.5,Under way using engine
2026-08-28T12:12:08Z,219000811,54.838710,11.491827,0.0,Under way using engine
2026-08-28T12:12:34Z,219002177,54.935942,11.372000,0.0,Under way using engine
2026-08-28T12:12:40Z,219000811,54.838710,11.491825,0.0,Under way using engine
2026-08-28T12:12:44Z,219000809,54.964990,11.494752,8.6,Under way using engine
2026-08-28T12:13:04Z,219002177,54.935933,11.372008,0.0,Under way using engine
2026-08-28T12:13:20Z,219000811,54.838710,11.491825,0.0,Under way using engine
2026-08-28T12:13:23Z,219000809,54.966340,11.496187,8.9,Under way using engine
2026-08-28T12:13:34Z,219002177,54.935935,11.372007,0.0,Under way using engine
2026-08-28T12:13:54Z,219000809,54.967423,11.497320,8.7,Under way using engine
2026-08-28T12:14:00Z,219000811,54.838710,11.491823,0.0,Under way using engine
2026-08-28T12:14:15Z,219002177,54.935932,11.372017,0.0,Under way using engine
2026-08-28T12:14:30Z,219000811,54.838708,11.491823,0.0,Under way using engine
2026-08-28T12:14:34Z,219000809,54.968827,11.498765,8.8,Under way using engine
2026-08-28T12:14:55Z,219002177,54.935943,11.372020,0.0,Under way using engine
2026-08-28T12:15:00Z,219000811,54.838710,11.491822,0.0,Under way using engine
2026-08-28T12:15:04Z,219000809,54.969857,11.499882,8.7,Under way using engine
2026-08-28T12:15:25Z,219002177,54.935953,11.372017,0.0,Under way using engine
2026-08-28T12:15:30Z,219000811,54.838710,11.491820,0.0,Under way using engine
2026-08-28T12:15:34Z,219000809,54.970828,11.501090,8.7,Under way using engine
2026-08-28T12:15:55Z,219002177,54.935950,11.372010,0.0,Under way using engine
2026-08-28T12:16:00Z,219000811,54.838712,11.491815,0.0,Under way using engine
2026-08-28T12:16:04Z,219000809,54.971743,11.502463,8.7,Under way using engine
2026-08-28T12:16:25Z,219002177,54.935950,11.372008,0.0,Under way using engine
2026-08-28T12:16:30Z,219000811,54.838715,11.491813,0.0,Under way using engine
2026-08-28T12:16:34Z,219000809,54.972422,11.504097,8.2,Under way using engine
2026-08-28T12:16:55Z,219002177,54.935950,11.372010,0.0,Under way using engine
2026-08-28T12:17:00Z,219000811,54.838715,11.491813,0.0,Under way using engine
2026-08-28T12:17:04Z,219000809,54.972497,11.505995,7.9,Under way using engine
2026-08-28T12:17:25Z,219002177,54.935898,11.371962,0.9,Under way using engine
2026-08-28T12:17:30Z,219000811,54.838715,11.491812,0.0,Under way using engine
2026-08-28T12:17:34Z,219000809,54.972415,11.507852,7.8,Under way using engine
2026-08-28T12:17:55Z,219002177,54.935600,11.371735,3.0,Under way using engine
2026-08-28T12:18:00Z,219000811,54.838717,11.491812,0.0,Under way using engine
2026-08-28T12:18:04Z,219000809,54.972237,11.509672,7.7,Under way using engine
2026-08-28T12:18:25Z,219002177,54.935152,11.371167,4.4,Under way using engine
2026-08-28T12:18:30Z,219000811,54.838718,11.491810,0.0,Under way using engine
2026-08-28T12:18:34Z,219000809,54.971982,11.511327,6.5,Under way using engine
2026-08-28T12:19:04Z,219002177,54.934393,11.370602,4.6,Under way using engine
2026-08-28T12:19:07Z,219000809,54.971895,11.512983,6.3,Under way using engine
2026-08-28T12:19:10Z,219000811,54.838720,11.491805,0.0,Under way using engine
2026-08-28T12:19:34Z,219002177,54.933693,11.370580,5.3,Under way using engine
2026-08-28T12:19:44Z,219000809,54.971887,11.514162,2.3,Under way using engine
2026-08-28T12:19:48Z,219000811,54.838722,11.491805,0.0,Under way using engine
2026-08-28T12:20:04Z,219002177,54.932915,11.370535,5.8,Under way using engine
2026-08-28T12:20:14Z,219000809,54.971887,11.514493,1.2,Under way using engine
2026-08-28T12:20:19Z,219000811,54.838725,11.491805,0.0,Under way using engine
2026-08-28T12:20:34Z,219002177,54.932088,11.370543,6.1,Under way using engine
2026-08-28T12:20:49Z,219000811,54.838725,11.491803,0.0,Under way using engine
2026-08-28T12:20:54Z,219000809,54.971900,11.514588,0.1,Under way using engine
2026-08-28T12:21:04Z,219002177,54.931222,11.370563,6.3,Under way using engine
2026-08-28T12:21:19Z,219000811,54.838725,11.491803,0.0,Under way using engine
2026-08-28T12:21:24Z,219000809,54.971903,11.514593,0.0,Under way using engine
2026-08-28T12:21:34Z,219002177,54.930338,11.370620,6.4,Under way using engine
2026-08-28T12:21:49Z,219000811,54.838722,11.491802,0.0,Under way using engine
2026-08-28T12:21:54Z,219000809,54.971912,11.514588,0.0,Under way using engine
2026-08-28T12:22:04Z,219002177,54.929438,11.370690,6.5,Under way using engine
2026-08-28T12:22:20Z,219000811,54.838720,11.491798,0.0,Under way using engine
2026-08-28T12:22:24Z,219000809,54.971885,11.514592,0.0,Under way using engine
2026-08-28T12:22:34Z,219002177,54.928537,11.370762,6.5,Under way using engine
2026-08-28T12:22:54Z,219000809,54.971888,11.514585,0.0,Under way using engine
2026-08-28T12:22:59Z,219000811,54.838720,11.491798,0.0,Under way using engine
2026-08-28T12:23:04Z,219002177,54.927642,11.370817,6.5,Under way using engine
2026-08-28T12:23:24Z,219000809,54.971907,11.514557,0.0,Under way using engine
2026-08-28T12:23:30Z,219000811,54.838720,11.491798,0.0,Under way using engine
2026-08-28T12:23:34Z,219002177,54.926740,11.370887,6.5,Under way using engine
2026-08-28T12:23:54Z,219000809,54.971903,11.514570,0.0,Under way using engine
2026-08-28T12:24:04Z,219002177,54.925840,11.370925,6.6,Under way using engine
2026-08-28T12:24:10Z,219000811,54.838718,11.491795,0.0,Under way using engine
2026-08-28T12:24:24Z,219000809,54.971900,11.514588,0.0,Under way using engine
2026-08-28T12:24:34Z,219002177,54.924935,11.370973,6.6,Under way using engine
2026-08-28T12:24:40Z,219000811,54.838718,11.491795,0.0,Under way using engine
2026-08-28T12:24:54Z,219000809,54.971910,11.514593,0.0,Under way using engine
2026-08-28T12:25:04Z,219002177,54.924030,11.371008,6.5,Under way using engine
2026-08-28T12:25:10Z,219000811,54.838717,11.491798,0.0,Under way using engine
2026-08-28T12:25:24Z,219000809,54.971912,11.514593,0.0,Under way using engine
2026-08-28T12:25:34Z,219002177,54.923120,11.371077,6.6,Under way using engine
2026-08-28T12:25:40Z,219000811,54.838715,11.491802,0.0,Under way using engine
2026-08-28T12:25:54Z,219000809,54.971905,11.514592,0.0,Under way using engine
2026-08-28T12:26:04Z,219002177,54.922212,11.371118,6.5,Under way using engine
2026-08-28T12:26:10Z,219000811,54.838717,11.491803,0.0,Under way using engine
2026-08-28T12:26:33Z,219000809,54.971897,11.514590,0.0,Under way using engine
2026-08-28T12:26:34Z,219002177,54.921315,11.371178,6.5,Under way using engine
2026-08-28T12:26:40Z,219000811,54.838717,11.491808,0.0,Under way using engine
2026-08-28T12:27:03Z,219000809,54.971913,11.514583,0.0,Under way using engine
2026-08-28T12:27:05Z,219002177,54.920413,11.371218,6.4,Under way using engine
2026-08-28T12:27:10Z,219000811,54.838717,11.491805,0.0,Under way using engine
2026-08-28T12:27:33Z,219000809,54.971918,11.514580,0.0,Under way using engine
2026-08-28T12:27:40Z,219000811,54.838718,11.491805,0.0,Under way using engine
2026-08-28T12:27:43Z,219002177,54.919280,11.371303,6.4,Under way using engine
2026-08-28T12:28:03Z,219000809,54.971908,11.514573,0.0,Under way using engine
2026-08-28T12:28:10Z,219000811,54.838720,11.491805,0.0,Under way using engine
2026-08-28T12:28:14Z,219002177,54.918372,11.371323,6.3,Under way using engine
2026-08-28T12:28:43Z,219000809,54.971907,11.514572,0.0,Under way using engine
2026-08-28T12:28:50Z,219000811,54.838722,11.491807,0.0,Under way using engine
2026-08-28T12:28:54Z,219002177,54.917267,11.371283,5.8,Under way using engine
2026-08-28T12:29:14Z,219000809,54.971900,11.514580,0.0,Under way using engine
2026-08-28T12:29:20Z,219000811,54.838720,11.491805,0.0,Under way using engine
2026-08-28T12:29:25Z,219002177,54.916792,11.370433,4.6,Under way using engine
2026-08-28T12:29:50Z,219000811,54.838720,11.491798,0.0,Under way using engine
2026-08-28T12:29:54Z,219000809,54.971902,11.514585,0.0,Under way using engine
2026-08-28T12:30:05Z,219002177,54.916695,11.368758,5.6,Under way using engine
2026-08-28T12:30:22Z,219000811,54.838720,11.491798,0.0,Under way using engine
2026-08-28T12:30:33Z,219000809,54.971935,11.513865,4.2,Under way using engine
2026-08-28T12:30:35Z,219002177,54.916620,11.367325,6.0,Under way using engine
2026-08-28T12:31:00Z,219000811,54.838720,11.491798,0.0,Under way using engine
2026-08-28T12:31:04Z,219000809,54.971847,11.512883,3.1,Under way using engine
2026-08-28T12:31:05Z,219002177,54.916532,11.365832,6.3,Under way using engine
2026-08-28T12:31:35Z,219002177,54.916412,11.364355,6.3,Under way using engine
2026-08-28T12:31:37Z,219000809,54.971910,11.512650,0.8,Under way using engine
2026-08-28T12:31:39Z,219000811,54.838722,11.491802,0.0,Under way using engine
2026-08-28T12:32:05Z,219002177,54.916320,11.362928,5.6,Under way using engine
2026-08-28T12:32:07Z,219000809,54.971928,11.512068,4.5,Under way using engine
2026-08-28T12:32:10Z,219000811,54.838722,11.491807,0.0,Under way using engine
2026-08-28T12:32:37Z,219000809,54.972072,11.510353,7.9,Under way using engine
2026-08-28T12:32:44Z,219002177,54.916353,11.361505,3.8,Under way using engine
2026-08-28T12:32:49Z,219000811,54.838720,11.491813,0.0,Under way using engine
2026-08-28T12:33:14Z,219000809,54.972312,11.507827,8.6,Under way using engine
2026-08-28T12:33:14Z,219002177,54.916355,11.360947,1.9,Under way using engine
2026-08-28T12:33:28Z,219000811,54.838718,11.491812,0.0,Under way using engine
2026-08-28T12:33:44Z,219000809,54.972078,11.505940,8.0,Under way using engine
2026-08-28T12:33:44Z,219002177,54.916358,11.360633,1.1,Under way using engine
2026-08-28T12:33:59Z,219000811,54.838717,11.491812,0.0,Under way using engine
2026-08-28T12:34:14Z,219000809,54.971293,11.504480,8.6,Under way using engine
2026-08-28T12:34:14Z,219002177,54.916360,11.360547,0.1,Under way using engine
2026-08-28T12:34:29Z,219000811,54.838717,11.491817,0.0,Under way using engine
2026-08-28T12:34:44Z,219000809,54.970388,11.503005,9.0,Under way using engine
2026-08-28T12:34:53Z,219002177,54.916347,11.360548,0.0,Under way using engine
2026-08-28T12:34:59Z,219000811,54.838715,11.491820,0.0,Under way using engine
2026-08-28T12:35:14Z,219000809,54.969472,11.501488,9.2,Under way using engine
2026-08-28T12:35:25Z,219002177,54.916352,11.360540,0.0,Under way using engine
2026-08-28T12:35:29Z,219000811,54.838717,11.491825,0.0,Under way using engine
2026-08-28T12:35:44Z,219000809,54.968537,11.499968,9.2,Under way using engine
2026-08-28T12:35:59Z,219000811,54.838717,11.491823,0.0,Under way using engine
2026-08-28T12:36:04Z,219002177,54.916352,11.360518,0.0,Under way using engine
2026-08-28T12:36:14Z,219000809,54.967623,11.498473,9.1,Under way using engine
2026-08-28T12:36:29Z,219000811,54.838715,11.491818,0.0,Under way using engine
2026-08-28T12:36:34Z,219002177,54.916343,11.360518,0.0,Under way using engine
2026-08-28T12:36:44Z,219000809,54.966668,11.496993,9.1,Under way using engine
2026-08-28T12:36:59Z,219000811,54.838713,11.491813,0.0,Under way using engine
2026-08-28T12:37:04Z,219002177,54.916360,11.360552,0.0,Under way using engine
2026-08-28T12:37:14Z,219000809,54.965735,11.495568,9.0,Under way using engine
2026-08-28T12:37:34Z,219002177,54.916342,11.360532,0.0,Under way using engine
2026-08-28T12:37:39Z,219000811,54.838715,11.491810,0.0,Under way using engine
2026-08-28T12:37:44Z,219000809,54.964790,11.494137,8.9,Under way using engine
2026-08-28T12:38:04Z,219002177,54.916345,11.360535,0.0,Under way using engine
2026-08-28T12:38:09Z,219000811,54.838713,11.491807,0.0,Under way using engine
2026-08-28T12:38:14Z,219000809,54.963860,11.492752,9.0,Under way using engine
2026-08-28T12:38:34Z,219002177,54.916360,11.360502,0.0,Under way using engine
2026-08-28T12:38:39Z,219000811,54.838713,11.491805,0.0,Under way using engine
2026-08-28T12:38:53Z,219000809,54.962612,11.490903,9.0,Under way using engine
2026-08-28T12:39:04Z,219002177,54.916358,11.360518,0.0,Under way using engine
2026-08-28T12:39:09Z,219000811,54.838710,11.491802,0.0,Under way using engine
2026-08-28T12:39:24Z,219000809,54.961612,11.489485,8.9,Under way using engine
2026-08-28T12:39:35Z,219002177,54.916378,11.360545,0.1,Under way using engine
2026-08-28T12:39:39Z,219000811,54.838710,11.491798,0.0,Under way using engine
2026-08-28T12:39:57Z,219000809,54.960357,11.488642,9.0,Under way using engine
2026-08-28T12:40:09Z,219000811,54.838712,11.491798,0.0,Under way using engine
2026-08-28T12:40:15Z,219002177,54.916358,11.360553,0.0,Under way using engine
2026-08-28T12:40:34Z,219000809,54.958862,11.487885,9.1,Under way using engine
2026-08-28T12:40:39Z,219000811,54.838712,11.491802,0.0,Under way using engine
2026-08-28T12:40:54Z,219002177,54.916358,11.360533,0.0,Under way using engine
2026-08-28T12:41:09Z,219000811,54.838712,11.491805,0.0,Under way using engine
2026-08-28T12:41:13Z,219000809,54.957280,11.487308,8.9,Under way using engine
2026-08-28T12:41:35Z,219002177,54.916330,11.360527,0.0,Under way using engine
2026-08-28T12:41:39Z,219000811,54.838713,11.491807,0.0,Under way using engine
2026-08-28T12:41:43Z,219000809,54.956047,11.486975,8.9,Under way using engine
2026-08-28T12:42:09Z,219000811,54.838715,11.491807,0.0,Under way using engine
2026-08-28T12:42:13Z,219000809,54.954818,11.486535,9.2,Under way using engine
2026-08-28T12:42:15Z,219002177,54.916357,11.360548,0.0,Under way using engine
2026-08-28T12:42:39Z,219000811,54.838713,11.491803,0.0,Under way using engine
2026-08-28T12:42:43Z,219000809,54.953582,11.485975,9.2,Under way using engine
2026-08-28T12:42:54Z,219002177,54.916332,11.360557,0.1,Under way using engine
2026-08-28T12:43:09Z,219000811,54.838712,11.491803,0.0,Under way using engine
2026-08-28T12:43:13Z,219000809,54.952377,11.485412,9.1,Under way using engine
2026-08-28T12:43:39Z,219000811,54.838713,11.491805,0.0,Under way using engine
2026-08-28T12:43:43Z,219000809,54.951168,11.484873,9.2,Under way using engine
2026-08-28T12:43:44Z,219002177,54.916382,11.360528,0.0,Under way using engine
2026-08-28T12:44:09Z,219000811,54.838713,11.491805,0.0,Under way using engine
2026-08-28T12:44:13Z,219000809,54.949975,11.484323,9.2,Under way using engine
2026-08-28T12:44:15Z,219002177,54.916370,11.360518,0.0,Under way using engine
2026-08-28T12:44:40Z,219000811,54.838713,11.491807,0.0,Under way using engine
2026-08-28T12:44:43Z,219000809,54.948747,11.483807,9.0,Under way using engine
2026-08-28T12:44:55Z,219002177,54.916358,11.360522,0.0,Under way using engine
2026-08-28T12:45:13Z,219000809,54.947523,11.483320,8.9,Under way using engine
2026-08-28T12:45:19Z,219000811,54.838715,11.491807,0.0,Under way using engine
2026-08-28T12:45:25Z,219002177,54.916378,11.360540,0.0,Under way using engine
2026-08-28T12:45:43Z,219000809,54.946362,11.482800,8.8,Under way using engine
2026-08-28T12:45:49Z,219000811,54.838715,11.491810,0.0,Under way using engine
2026-08-28T12:45:55Z,219002177,54.916363,11.360532,0.0,Under way using engine
2026-08-28T12:46:13Z,219000809,54.945143,11.482298,8.9,Under way using engine
2026-08-28T12:46:19Z,219000811,54.838717,11.491810,0.0,Under way using engine
2026-08-28T12:46:25Z,219002177,54.916355,11.360545,0.0,Under way using engine
2026-08-28T12:46:43Z,219000809,54.943967,11.481748,8.7,Under way using engine
2026-08-28T12:46:49Z,219000811,54.838715,11.491810,0.0,Under way using engine
2026-08-28T12:46:55Z,219002177,54.916358,11.360552,0.0,Under way using engine
2026-08-28T12:47:13Z,219000809,54.942935,11.480647,8.7,Under way using engine
2026-08-28T12:47:19Z,219000811,54.838717,11.491810,0.0,Under way using engine
2026-08-28T12:47:25Z,219002177,54.916365,11.360520,0.0,Under way using engine
2026-08-28T12:47:43Z,219000809,54.942070,11.479218,8.6,Under way using engine
2026-08-28T12:47:49Z,219000811,54.838717,11.491812,0.0,Under way using engine
2026-08-28T12:47:55Z,219002177,54.916365,11.360545,0.0,Under way using engine
2026-08-28T12:48:13Z,219000809,54.941247,11.477668,8.6,Under way using engine
2026-08-28T12:48:19Z,219000811,54.838718,11.491815,0.0,Under way using engine
2026-08-28T12:48:25Z,219002177,54.916360,11.360542,0.0,Under way using engine
2026-08-28T12:48:43Z,219000809,54.940478,11.476070,8.6,Under way using engine
2026-08-28T12:48:50Z,219000811,54.838720,11.491815,0.0,Under way using engine
2026-08-28T12:48:55Z,219002177,54.916343,11.360547,0.0,Under way using engine
2026-08-28T12:49:13Z,219000809,54.939892,11.474285,8.5,Under way using engine
2026-08-28T12:49:20Z,219000811,54.838723,11.491815,0.0,Under way using engine
2026-08-28T12:49:25Z,219002177,54.916365,11.360553,0.0,Under way using engine
2026-08-28T12:49:43Z,219000809,54.939357,11.472498,8.5,Under way using engine
2026-08-28T12:49:50Z,219000811,54.838722,11.491815,0.0,Under way using engine
2026-08-28T12:49:55Z,219002177,54.916353,11.360563,0.0,Under way using engine
2026-08-28T12:50:13Z,219000809,54.938812,11.470643,8.6,Under way using engine
2026-08-28T12:50:20Z,219000811,54.838722,11.491813,0.0,Under way using engine
2026-08-28T12:50:25Z,219002177,54.916370,11.360547,0.0,Under way using engine
2026-08-28T12:50:43Z,219000809,54.938265,11.468787,8.8,Under way using engine
2026-08-28T12:50:50Z,219000811,54.838720,11.491812,0.0,Under way using engine
2026-08-28T12:50:55Z,219002177,54.916370,11.360815,2.2,Under way using engine
2026-08-28T12:51:13Z,219000809,54.937707,11.466927,8.8,Under way using engine
2026-08-28T12:51:20Z,219000811,54.838720,11.491812,0.0,Under way using engine
2026-08-28T12:51:25Z,219002177,54.916275,11.361727,4.6,Under way using engine
2026-08-28T12:51:43Z,219000809,54.937137,11.465028,8.8,Under way using engine
2026-08-28T12:51:50Z,219000811,54.838722,11.491810,0.0,Under way using engine
2026-08-28T12:52:03Z,219002177,54.916317,11.363477,6.2,Under way using engine
2026-08-28T12:52:13Z,219000809,54.936590,11.463110,8.8,Under way using engine
2026-08-28T12:52:20Z,219000811,54.838720,11.491810,0.0,Under way using engine
2026-08-28T12:52:34Z,219002177,54.916417,11.365128,6.9,Under way using engine
2026-08-28T12:52:43Z,219000809,54.936030,11.461223,8.9,Under way using engine
2026-08-28T12:52:50Z,219000811,54.838718,11.491808,0.0,Under way using engine
2026-08-28T12:53:13Z,219000809,54.935490,11.459332,8.9,Under way using engine
2026-08-28T12:53:14Z,219002177,54.916602,11.367415,7.2,Under way using engine
2026-08-28T12:53:20Z,219000811,54.838720,11.491810,0.0,Under way using engine
2026-08-28T12:53:43Z,219000809,54.934905,11.457443,8.9,Under way using engine
2026-08-28T12:53:45Z,219002177,54.916758,11.369210,7.3,Under way using engine
2026-08-28T12:53:50Z,219000811,54.838720,11.491812,0.0,Under way using engine
2026-08-28T12:54:13Z,219000809,54.934343,11.455508,8.9,Under way using engine
2026-08-28T12:54:20Z,219000811,54.838720,11.491813,0.0,Under way using engine
2026-08-28T12:54:25Z,219002177,54.917238,11.371193,6.0,Under way using engine
2026-08-28T12:54:43Z,219000809,54.933672,11.453715,8.9,Under way using engine
2026-08-28T12:54:50Z,219000811,54.838720,11.491817,0.0,Under way using engine
2026-08-28T12:55:04Z,219002177,54.918233,11.371405,6.0,Under way using engine
2026-08-28T12:55:13Z,219000809,54.932935,11.451983,8.9,Under way using engine
2026-08-28T12:55:29Z,219000811,54.838723,11.491820,0.0,Under way using engine
2026-08-28T12:55:34Z,219002177,54.919137,11.371490,6.5,Under way using engine
2026-08-28T12:55:43Z,219000809,54.932188,11.450275,8.9,Under way using engine
2026-08-28T12:55:59Z,219000811,54.838722,11.491820,0.0,Under way using engine
2026-08-28T12:56:04Z,219002177,54.919998,11.371580,6.8,Under way using engine
2026-08-28T12:56:13Z,219000809,54.931478,11.448577,8.9,Under way using engine
2026-08-28T12:56:29Z,219000811,54.838723,11.491820,0.0,Under way using engine
2026-08-28T12:56:34Z,219002177,54.920960,11.371620,7.0,Under way using engine
2026-08-28T12:56:43Z,219000809,54.930683,11.446855,8.9,Under way using engine
2026-08-28T12:56:59Z,219000811,54.838722,11.491820,0.0,Under way using engine
2026-08-28T12:57:04Z,219002177,54.921927,11.371695,7.1,Under way using engine
2026-08-28T12:57:13Z,219000809,54.929958,11.445220,8.6,Under way using engine
2026-08-28T12:57:29Z,219000811,54.838722,11.491820,0.0,Under way using engine
2026-08-28T12:57:34Z,219002177,54.922935,11.371792,7.2,Under way using engine
2026-08-28T12:57:43Z,219000809,54.929205,11.443545,8.9,Under way using engine
2026-08-28T12:57:59Z,219000811,54.838723,11.491818,0.0,Under way using engine
2026-08-28T12:58:04Z,219002177,54.923932,11.371853,7.2,Under way using engine
2026-08-28T12:58:13Z,219000809,54.928445,11.441858,8.9,Under way using engine
2026-08-28T12:58:29Z,219000811,54.838725,11.491820,0.0,Under way using engine
2026-08-28T12:58:34Z,219002177,54.924942,11.371987,7.2,Under way using engine
2026-08-28T12:58:43Z,219000809,54.927708,11.440195,8.9,Under way using engine
2026-08-28T12:58:59Z,219000811,54.838725,11.491822,0.0,Under way using engine
2026-08-28T12:59:04Z,219002177,54.925908,11.372058,7.2,Under way using engine
2026-08-28T12:59:13Z,219000809,54.926950,11.438523,8.9,Under way using engine
2026-08-28T12:59:29Z,219000811,54.838723,11.491825,0.0,Under way using engine
2026-08-28T12:59:34Z,219002177,54.926932,11.372165,7.2,Under way using engine
2026-08-28T12:59:43Z,219000809,54.926190,11.436803,8.9,Under way using engine
2026-08-28T12:59:59Z,219000811,54.838725,11.491825,0.0,Under way using engine
2026-08-28T13:00:04Z,219002177,54.927868,11.372255,7.2,Under way using engine
2026-08-28T13:00:14Z,219000809,54.925408,11.435033,9.0,Under way using engine
2026-08-28T13:00:29Z,219000811,54.838727,11.491827,0.0,Under way using engine
2026-08-28T13:00:34Z,219002177,54.928930,11.372345,7.2,Under way using engine
2026-08-28T13:00:54Z,219000809,54.924393,11.432798,8.9,Under way using engine
2026-08-28T13:00:59Z,219000811,54.838723,11.491823,0.0,Under way using engine
2026-08-28T13:01:04Z,219002177,54.929898,11.372415,7.3,Under way using engine
2026-08-28T13:01:24Z,219000809,54.923652,11.431178,8.7,Under way using engine
2026-08-28T13:01:29Z,219000811,54.838723,11.491827,0.0,Under way using engine
2026-08-28T13:01:34Z,219002177,54.930920,11.372563,7.3,Under way using engine
2026-08-28T13:01:59Z,219000811,54.838723,11.491827,0.0,Under way using engine
2026-08-28T13:02:03Z,219000809,54.922688,11.428977,9.0,Under way using engine
2026-08-28T13:02:04Z,219002177,54.931922,11.372635,7.2,Under way using engine
2026-08-28T13:02:29Z,219000811,54.838727,11.491828,0.0,Under way using engine
2026-08-28T13:02:33Z,219000809,54.921958,11.427360,9.0,Under way using engine
2026-08-28T13:02:35Z,219002177,54.932897,11.372307,7.1,Under way using engine
2026-08-28T13:03:03Z,219000809,54.921178,11.425608,8.9,Under way using engine
2026-08-28T13:03:08Z,219000811,54.838730,11.491833,0.0,Under way using engine
2026-08-28T13:03:13Z,219002177,54.934160,11.371782,7.2,Under way using engine
2026-08-28T13:03:33Z,219000809,54.920443,11.423965,8.9,Under way using engine
2026-08-28T13:03:39Z,219000811,54.838730,11.491833,0.0,Under way using engine
2026-08-28T13:03:44Z,219002177,54.935100,11.371607,6.5,Under way using engine
2026-08-28T13:04:03Z,219000809,54.919687,11.422248,8.8,Under way using engine
2026-08-28T13:04:09Z,219000811,54.838730,11.491830,0.0,Under way using engine
2026-08-28T13:04:24Z,219002177,54.935797,11.371792,2.1,Under way using engine
2026-08-28T13:04:33Z,219000809,54.918952,11.420577,9.0,Under way using engine
2026-08-28T13:04:39Z,219000811,54.838732,11.491828,0.0,Under way using engine
2026-08-28T13:04:54Z,219002177,54.935977,11.371952,0.9,Under way using engine
2026-08-28T13:05:03Z,219000809,54.918158,11.418858,8.9,Under way using engine
2026-08-28T13:05:09Z,219000811,54.838730,11.491827,0.0,Under way using engine
2026-08-28T13:05:24Z,219002177,54.935968,11.371963,0.0,Under way using engine
2026-08-28T13:05:33Z,219000809,54.917425,11.417207,8.9,Under way using engine
2026-08-28T13:05:39Z,219000811,54.838730,11.491825,0.0,Under way using engine
2026-08-28T13:05:54Z,219002177,54.935968,11.371975,0.0,Under way using engine
2026-08-28T13:06:03Z,219000809,54.916640,11.415452,8.9,Under way using engine
2026-08-28T13:06:09Z,219000811,54.838728,11.491823,0.0,Under way using engine
2026-08-28T13:06:24Z,219002177,54.935962,11.371982,0.0,Under way using engine
2026-08-28T13:06:33Z,219000809,54.915905,11.413815,9.0,Under way using engine
2026-08-28T13:06:39Z,219000811,54.838728,11.491823,0.0,Under way using engine
2026-08-28T13:06:54Z,219002177,54.935950,11.372000,0.0,Under way using engine
2026-08-28T13:07:03Z,219000809,54.915108,11.412078,8.9,Under way using engine
2026-08-28T13:07:09Z,219000811,54.838727,11.491822,0.0,Under way using engine
2026-08-28T13:07:24Z,219002177,54.935948,11.371997,0.0,Under way using engine
2026-08-28T13:07:33Z,219000809,54.914388,11.410430,8.9,Under way using engine
2026-08-28T13:07:39Z,219000811,54.838728,11.491822,0.0,Under way using engine
2026-08-28T13:07:54Z,219002177,54.935948,11.371993,0.0,Under way using engine
2026-08-28T13:08:03Z,219000809,54.913630,11.408677,8.9,Under way using engine
2026-08-28T13:08:09Z,219000811,54.838728,11.491820,0.0,Under way using engine
2026-08-28T13:08:24Z,219002177,54.935948,11.371990,0.0,Under way using engine
2026-08-28T13:08:33Z,219000809,54.912880,11.407020,9.1,Under way using engine
2026-08-28T13:08:39Z,219000811,54.838728,11.491822,0.0,Under way using engine
2026-08-28T13:09:03Z,219000809,54.912095,11.405232,9.1,Under way using engine
2026-08-28T13:09:04Z,219002177,54.935935,11.371990,0.0,Under way using engine
2026-08-28T13:09:09Z,219000811,54.838727,11.491822,0.0,Under way using engine
2026-08-28T13:09:33Z,219000809,54.911333,11.403470,9.2,Under way using engine
2026-08-28T13:09:34Z,219002177,54.935938,11.371985,0.0,Under way using engine
2026-08-28T13:09:39Z,219000811,54.838725,11.491820,0.0,Under way using engine
2026-08-28T13:10:03Z,219000809,54.910568,11.401687,9.3,Under way using engine
2026-08-28T13:10:05Z,219002177,54.935947,11.371988,0.0,Under way using engine
2026-08-28T13:10:09Z,219000811,54.838723,11.491818,0.0,Under way using engine
2026-08-28T13:10:33Z,219000809,54.909815,11.399898,9.3,Under way using engine
2026-08-28T13:10:39Z,219000811,54.838722,11.491820,0.0,Under way using engine
2026-08-28T13:10:45Z,219002177,54.935943,11.371995,0.0,Under way using engine
2026-08-28T13:11:03Z,219000809,54.909005,11.398122,9.3,Under way using engine
2026-08-28T13:11:09Z,219000811,54.838722,11.491822,0.0,Under way using engine
2026-08-28T13:11:24Z,219002177,54.935953,11.371982,0.0,Under way using engine
2026-08-28T13:11:33Z,219000809,54.908370,11.396225,9.1,Under way using engine
2026-08-28T13:11:39Z,219000811,54.838722,11.491823,0.0,Under way using engine
2026-08-28T13:12:03Z,219000809,54.908023,11.394200,8.3,Under way using engine
2026-08-28T13:12:05Z,219002177,54.935952,11.371982,0.0,Under way using engine
2026-08-28T13:12:09Z,219000811,54.838727,11.491822,0.0,Under way using engine
2026-08-28T13:12:33Z,219000809,54.908625,11.392503,8.7,Under way using engine
2026-08-28T13:12:39Z,219000811,54.838728,11.491825,0.0,Under way using engine
2026-08-28T13:12:45Z,219002177,54.935953,11.371982,0.0,Under way using engine
2026-08-28T13:13:03Z,219000809,54.909493,11.390883,9.2,Under way using engine
2026-08-28T13:13:09Z,219000811,54.838728,11.491823,0.0,Under way using engine
2026-08-28T13:13:25Z,219002177,54.935958,11.371988,0.0,Under way using engine
2026-08-28T13:13:33Z,219000809,54.910342,11.389248,9.3,Under way using engine
2026-08-28T13:13:39Z,219000811,54.838727,11.491823,0.0,Under way using engine
2026-08-28T13:14:04Z,219000809,54.911272,11.387555,9.3,Under way using engine
2026-08-28T13:14:05Z,219002177,54.935967,11.371992,0.0,Under way using engine
2026-08-28T13:14:09Z,219000811,54.838725,11.491825,0.0,Under way using engine
2026-08-28T13:14:34Z,219000809,54.912132,11.385968,9.3,Under way using engine
2026-08-28T13:14:39Z,219000811,54.838723,11.491825,0.0,Under way using engine
2026-08-28T13:14:45Z,219002177,54.935967,11.371995,0.0,Under way using engine
2026-08-28T13:15:04Z,219000809,54.913003,11.384252,9.3,Under way using engine
2026-08-28T13:15:09Z,219000811,54.838723,11.491825,0.0,Under way using engine
2026-08-28T13:15:25Z,219002177,54.935945,11.371968,0.3,Under way using engine
2026-08-28T13:15:39Z,219000811,54.838723,11.491825,0.0,Under way using engine
2026-08-28T13:15:44Z,219000809,54.914165,11.382058,9.3,Under way using engine
2026-08-28T13:16:05Z,219002177,54.935660,11.371732,2.5,Under way using engine
2026-08-28T13:16:09Z,219000811,54.838725,11.491823,0.0,Under way using engine
2026-08-28T13:16:14Z,219000809,54.914973,11.380340,9.3,Under way using engine
2026-08-28T13:16:35Z,219002177,54.935275,11.371287,3.7,Under way using engine
2026-08-28T13:16:39Z,219000811,54.838727,11.491825,0.0,Under way using engine
2026-08-28T13:16:44Z,219000809,54.915670,11.378448,9.4,Under way using engine
2026-08-28T13:17:05Z,219002177,54.934793,11.370613,4.7,Under way using engine
2026-08-28T13:17:09Z,219000811,54.838727,11.491822,0.0,Under way using engine
2026-08-28T13:17:14Z,219000809,54.916303,11.376500,9.3,Under way using engine
2026-08-28T13:17:35Z,219002177,54.934142,11.370230,5.0,Under way using engine
2026-08-28T13:17:39Z,219000811,54.838728,11.491825,0.0,Under way using engine
2026-08-28T13:17:47Z,219000809,54.916802,11.374242,9.1,Under way using engine
2026-08-28T13:18:09Z,219000811,54.838727,11.491823,0.0,Under way using engine
2026-08-28T13:18:13Z,219002177,54.933192,11.370437,5.5,Under way using engine
2026-08-28T13:18:17Z,219000809,54.916975,11.372153,9.1,Under way using engine
2026-08-28T13:18:39Z,219000811,54.838725,11.491820,0.0,Under way using engine
2026-08-28T13:18:44Z,219002177,54.932440,11.370838,5.8,Under way using engine
2026-08-28T13:18:47Z,219000809,54.916912,11.369960,9.1,Under way using engine
2026-08-28T13:19:09Z,219000811,54.838723,11.491818,0.0,Under way using engine
2026-08-28T13:19:17Z,219000809,54.916742,11.367750,9.0,Under way using engine
2026-08-28T13:19:23Z,219002177,54.931392,11.371375,6.2,Under way using engine
2026-08-28T13:19:39Z,219000811,54.838723,11.491815,0.0,Under way using engine
2026-08-28T13:19:53Z,219000809,54.916467,11.365237,8.9,Under way using engine
2026-08-28T13:19:54Z,219002177,54.930523,11.371835,6.3,Under way using engine
2026-08-28T13:20:09Z,219000811,54.838722,11.491813,0.0,Under way using engine
2026-08-28T13:20:23Z,219000809,54.916313,11.363363,7.1,Under way using engine
2026-08-28T13:20:35Z,219002177,54.929370,11.372338,6.1,Under way using engine
2026-08-28T13:20:39Z,219000811,54.838715,11.491813,0.0,Under way using engine
2026-08-28T13:20:53Z,219000809,54.916195,11.361780,6.5,Under way using engine
2026-08-28T13:21:09Z,219000811,54.838717,11.491815,0.0,Under way using engine
2026-08-28T13:21:13Z,219002177,54.928308,11.372038,6.0,Under way using engine
2026-08-28T13:21:23Z,219000809,54.916092,11.360902,2.5,Under way using engine
2026-08-28T13:21:39Z,219000811,54.838718,11.491815,0.0,Under way using engine
2026-08-28T13:21:44Z,219002177,54.927475,11.371800,6.1,Under way using engine
2026-08-28T13:21:53Z,219000809,54.916068,11.360875,0.2,Under way using engine
2026-08-28T13:22:10Z,219000811,54.838713,11.491813,0.0,Under way using engine
2026-08-28T13:22:23Z,219000809,54.916088,11.360645,1.5,Under way using engine
2026-08-28T13:22:23Z,219002177,54.926375,11.371782,6.2,Under way using engine
2026-08-28T13:22:50Z,219000811,54.838710,11.491815,0.0,Under way using engine
2026-08-28T13:22:53Z,219002177,54.925478,11.371762,6.4,Under way using engine
2026-08-28T13:22:54Z,219000809,54.916060,11.360217,1.7,Under way using engine
2026-08-28T13:23:23Z,219002177,54.924653,11.371770,6.4,Under way using engine
2026-08-28T13:23:27Z,219000809,54.916072,11.360048,0.2,Under way using engine
2026-08-28T13:23:30Z,219000811,54.838710,11.491815,0.0,Under way using engine
2026-08-28T13:23:53Z,219002177,54.923762,11.371760,6.4,Under way using engine
2026-08-28T13:24:03Z,219000809,54.916062,11.360028,0.0,Under way using engine
2026-08-28T13:24:10Z,219000811,54.838713,11.491818,0.0,Under way using engine
2026-08-28T13:24:23Z,219002177,54.922885,11.371775,6.4,Under way using engine
2026-08-28T13:24:34Z,219000809,54.916070,11.360040,0.0,Under way using engine
2026-08-28T13:24:50Z,219000811,54.838713,11.491822,0.0,Under way using engine
2026-08-28T13:24:53Z,219002177,54.921993,11.371733,6.3,Under way using engine
2026-08-28T13:25:13Z,219000809,54.916070,11.360047,0.0,Under way using engine
2026-08-28T13:25:20Z,219000811,54.838717,11.491825,0.0,Under way using engine
2026-08-28T13:25:23Z,219002177,54.921110,11.371718,6.2,Under way using engine
2026-08-28T13:25:44Z,219000809,54.916068,11.360040,0.0,Under way using engine
2026-08-28T13:25:50Z,219000811,54.838718,11.491822,0.0,Under way using engine
2026-08-28T13:25:55Z,219002177,54.920213,11.371698,6.1,Under way using engine
2026-08-28T13:26:20Z,219000811,54.838720,11.491818,0.0,Under way using engine
2026-08-28T13:26:23Z,219000809,54.916055,11.360043,0.0,Under way using engine
2026-08-28T13:26:34Z,219002177,54.919125,11.371678,6.0,Under way using engine
2026-08-28T13:26:50Z,219000811,54.838715,11.491815,0.0,Under way using engine
2026-08-28T13:26:54Z,219000809,54.916052,11.360047,0.0,Under way using engine
2026-08-28T13:27:05Z,219002177,54.918280,11.371502,5.9,Under way using engine
2026-08-28T13:27:20Z,219000811,54.838712,11.491813,0.0,Under way using engine
2026-08-28T13:27:34Z,219000809,54.916058,11.360048,0.0,Under way using engine
2026-08-28T13:27:44Z,219002177,54.917290,11.371247,5.3,Under way using engine
2026-08-28T13:27:50Z,219000811,54.838708,11.491813,0.0,Under way using engine
2026-08-28T13:28:13Z,219000809,54.916073,11.360068,0.0,Under way using engine
2026-08-28T13:28:14Z,219002177,54.916905,11.370332,4.8,Under way using engine
2026-08-28T13:28:20Z,219000811,54.838708,11.491813,0.0,Under way using engine
2026-08-28T13:28:44Z,219000809,54.916063,11.360052,0.0,Under way using engine
2026-08-28T13:28:44Z,219002177,54.916815,11.369062,5.5,Under way using engine
2026-08-28T13:28:50Z,219000811,54.838710,11.491815,0.0,Under way using engine
2026-08-28T13:29:14Z,219002177,54.916707,11.367710,5.9,Under way using engine
2026-08-28T13:29:20Z,219000811,54.838712,11.491817,0.0,Under way using engine
2026-08-28T13:29:23Z,219000809,54.916063,11.360042,0.0,Under way using engine
2026-08-28T13:29:44Z,219002177,54.916567,11.366258,6.2,Under way using engine
2026-08-28T13:29:54Z,219000809,54.916067,11.360047,0.0,Under way using engine
2026-08-28T13:29:59Z,219000811,54.838712,11.491812,0.0,Under way using engine
2026-08-28T13:30:14Z,219002177,54.916435,11.364797,6.2,Under way using engine
2026-08-28T13:30:30Z,219000811,54.838717,11.491817,0.0,Under way using engine
2026-08-28T13:30:33Z,219000809,54.916060,11.360045,0.0,Under way using engine
2026-08-28T13:30:44Z,219002177,54.916315,11.363305,6.2,Under way using engine
2026-08-28T13:31:03Z,219000809,54.916063,11.360042,0.0,Under way using engine
2026-08-28T13:31:10Z,219000811,54.838717,11.491812,0.0,Under way using engine
2026-08-28T13:31:14Z,219002177,54.916320,11.361998,5.0,Under way using engine
2026-08-28T13:31:33Z,219000809,54.916072,11.360040,0.0,Under way using engine
2026-08-28T13:31:44Z,219002177,54.916362,11.361093,2.9,Under way using engine
2026-08-28T13:31:59Z,219000811,54.838717,11.491813,0.0,Under way using engine
2026-08-28T13:32:03Z,219000809,54.916067,11.360035,0.0,Under way using engine
2026-08-28T13:32:14Z,219002177,54.916360,11.360703,1.1,Under way using engine
2026-08-28T13:32:29Z,219000811,54.838717,11.491812,0.0,Under way using engine
2026-08-28T13:32:34Z,219000809,54.916077,11.360053,0.0,Under way using engine
2026-08-28T13:32:44Z,219002177,54.916353,11.360575,0.2,Under way using engine
2026-08-28T13:32:59Z,219000811,54.838717,11.491813,0.0,Under way using engine
2026-08-28T13:33:14Z,219000809,54.916077,11.360033,0.0,Under way using engine
2026-08-28T13:33:25Z,219002177,54.916358,11.360577,0.0,Under way using engine
2026-08-28T13:33:29Z,219000811,54.838717,11.491815,0.0,Under way using engine
2026-08-28T13:33:44Z,219000809,54.916075,11.360033,0.0,Under way using engine
2026-08-28T13:33:59Z,219000811,54.838718,11.491817,0.0,Under way using engine
2026-08-28T13:34:05Z,219002177,54.916370,11.360590,0.0,Under way using engine
2026-08-28T13:34:14Z,219000809,54.916072,11.360035,0.0,Under way using engine
2026-08-28T13:34:29Z,219000811,54.838720,11.491820,0.0,Under way using engine
2026-08-28T13:34:44Z,219000809,54.916067,11.360025,0.0,Under way using engine
2026-08-28T13:34:44Z,219002177,54.916368,11.360580,0.0,Under way using engine
2026-08-28T13:34:59Z,219000811,54.838718,11.491820,0.0,Under way using engine
2026-08-28T13:35:15Z,219002177,54.916382,11.360593,0.0,Under way using engine
2026-08-28T13:35:23Z,219000809,54.916073,11.360027,0.0,Under way using engine
2026-08-28T13:35:29Z,219000811,54.838718,11.491822,0.0,Under way using engine
2026-08-28T13:35:53Z,219000809,54.916072,11.360037,0.0,Under way using engine
2026-08-28T13:35:59Z,219000811,54.838720,11.491820,0.0,Under way using engine
2026-08-28T13:36:05Z,219002177,54.916370,11.360585,0.0,Under way using engine
2026-08-28T13:36:23Z,219000809,54.916073,11.360030,0.0,Under way using engine
2026-08-28T13:36:29Z,219000811,54.838723,11.491822,0.0,Under way using engine
2026-08-28T13:36:44Z,219002177,54.916358,11.360565,0.0,Under way using engine
2026-08-28T13:36:53Z,219000809,54.916072,11.360035,0.0,Under way using engine
2026-08-28T13:36:59Z,219000811,54.838723,11.491820,0.0,Under way using engine
2026-08-28T13:37:23Z,219000809,54.916073,11.360040,0.0,Under way using engine
2026-08-28T13:37:29Z,219000811,54.838723,11.491817,0.0,Under way using engine
2026-08-28T13:37:34Z,219002177,54.916370,11.360570,0.0,Under way using engine
2026-08-28T13:37:53Z,219000809,54.916060,11.360028,0.0,Under way using engine
2026-08-28T13:37:59Z,219000811,54.838723,11.491817,0.0,Under way using engine
2026-08-28T13:38:05Z,219002177,54.916363,11.360560,0.0,Under way using engine
2026-08-28T13:38:23Z,219000809,54.916073,11.360017,0.0,Under way using engine
2026-08-28T13:38:29Z,219000811,54.838722,11.491815,0.0,Under way using engine
2026-08-28T13:38:44Z,219002177,54.916368,11.360560,0.0,Under way using engine
2026-08-28T13:38:53Z,219000809,54.916075,11.360010,0.0,Under way using engine
2026-08-28T13:38:59Z,219000811,54.838722,11.491813,0.0,Under way using engine
2026-08-28T13:39:23Z,219000809,54.916093,11.360032,0.0,Under way using engine
2026-08-28T13:39:29Z,219000811,54.838718,11.491812,0.0,Under way using engine
2026-08-28T13:39:34Z,219002177,54.916383,11.360582,0.0,Under way using engine
2026-08-28T13:39:53Z,219000809,54.916093,11.360035,0.0,Under way using engine
2026-08-28T13:39:59Z,219000811,54.838715,11.491812,0.0,Under way using engine
2026-08-28T13:40:04Z,219002177,54.916368,11.360570,0.0,Under way using engine
2026-08-28T13:40:23Z,219000809,54.916085,11.360018,0.5,Under way using engine
2026-08-28T13:40:29Z,219000811,54.838713,11.491815,0.0,Under way using engine
2026-08-28T13:40:34Z,219002177,54.916362,11.360560,0.0,Under way using engine
2026-08-28T13:40:53Z,219000809,54.916135,11.361193,6.3,Under way using engine
2026-08-28T13:40:59Z,219000811,54.838712,11.491813,0.0,Under way using engine
2026-08-28T13:41:04Z,219002177,54.916368,11.360555,0.0,Under way using engine
2026-08-28T13:41:23Z,219000809,54.916303,11.362978,8.1,Under way using engine
2026-08-28T13:41:29Z,219000811,54.838713,11.491813,0.0,Under way using engine
2026-08-28T13:41:44Z,219002177,54.916365,11.360555,0.0,Under way using engine
2026-08-28T13:41:53Z,219000809,54.916447,11.365023,8.3,Under way using engine
2026-08-28T13:42:00Z,219000811,54.838713,11.491813,0.0,Under way using engine
2026-08-28T13:42:23Z,219000809,54.916650,11.366990,8.5,Under way using engine
2026-08-28T13:42:25Z,219002177,54.916370,11.360562,0.0,Under way using engine
2026-08-28T13:42:39Z,219000811,54.838713,11.491815,0.0,Under way using engine
2026-08-28T13:42:53Z,219000809,54.916712,11.369100,8.6,Under way using engine
2026-08-28T13:42:55Z,219002177,54.916363,11.360553,0.0,Under way using engine
2026-08-28T13:43:20Z,219000811,54.838712,11.491812,0.0,Under way using engine
2026-08-28T13:43:23Z,219000809,54.916787,11.371100,8.5,Under way using engine
2026-08-28T13:43:35Z,219002177,54.916380,11.360597,0.0,Under way using engine
2026-08-28T13:43:54Z,219000809,54.916785,11.373262,8.3,Under way using engine
2026-08-28T13:44:00Z,219000811,54.838713,11.491815,0.0,Under way using engine
2026-08-28T13:44:13Z,219002177,54.916365,11.360573,0.0,Under way using engine
2026-08-28T13:44:27Z,219000809,54.916325,11.375218,8.3,Under way using engine
2026-08-28T13:44:39Z,219000811,54.838712,11.491818,0.0,Under way using engine
2026-08-28T13:44:44Z,219002177,54.916343,11.360543,0.0,Under way using engine
2026-08-28T13:44:57Z,219000809,54.915703,11.376940,7.6,Under way using engine
2026-08-28T13:45:20Z,219000811,54.838713,11.491822,0.0,Under way using engine
2026-08-28T13:45:24Z,219002177,54.916355,11.360558,0.0,Under way using engine
2026-08-28T13:45:27Z,219000809,54.915145,11.378270,7.3,Under way using engine
2026-08-28T13:45:57Z,219000809,54.914523,11.379940,8.5,Under way using engine
2026-08-28T13:46:00Z,219000811,54.838712,11.491823,0.0,Under way using engine
2026-08-28T13:46:04Z,219002177,54.916362,11.360562,0.0,Under way using engine
2026-08-28T13:46:30Z,219000811,54.838713,11.491828,0.0,Under way using engine
2026-08-28T13:46:33Z,219000809,54.913620,11.381937,8.9,Under way using engine
2026-08-28T13:46:34Z,219002177,54.916357,11.360552,0.0,Under way using engine
2026-08-28T13:47:00Z,219000811,54.838713,11.491825,0.0,Under way using engine
2026-08-28T13:47:04Z,219000809,54.912753,11.383567,8.9,Under way using engine
2026-08-28T13:47:13Z,219002177,54.916365,11.360580,0.0,Under way using engine
2026-08-28T13:47:30Z,219000811,54.838715,11.491822,0.0,Under way using engine
2026-08-28T13:47:44Z,219000809,54.911558,11.385558,9.0,Under way using engine
2026-08-28T13:47:44Z,219002177,54.916365,11.360573,0.0,Under way using engine
2026-08-28T13:48:00Z,219000811,54.838718,11.491817,0.0,Under way using engine
2026-08-28T13:48:24Z,219000809,54.910373,11.387595,9.0,Under way using engine
2026-08-28T13:48:24Z,219002177,54.916353,11.360563,0.0,Under way using engine
2026-08-28T13:48:30Z,219000811,54.838722,11.491820,0.0,Under way using engine
2026-08-28T13:48:54Z,219000809,54.909490,11.389113,8.9,Under way using engine
2026-08-28T13:49:00Z,219000811,54.838723,11.491825,0.0,Under way using engine
2026-08-28T13:49:03Z,219002177,54.916363,11.360577,0.0,Under way using engine
2026-08-28T13:49:24Z,219000809,54.908608,11.390627,9.0,Under way using engine
2026-08-28T13:49:30Z,219000811,54.838722,11.491825,0.0,Under way using engine
2026-08-28T13:49:35Z,219002177,54.916362,11.360573,0.0,Under way using engine
2026-08-28T13:49:54Z,219000809,54.907698,11.392125,9.0,Under way using engine
2026-08-28T13:50:00Z,219000811,54.838718,11.491825,0.0,Under way using engine
2026-08-28T13:50:14Z,219002177,54.916350,11.360578,0.0,Under way using engine
2026-08-28T13:50:24Z,219000809,54.906822,11.393648,9.0,Under way using engine
2026-08-28T13:50:30Z,219000811,54.838713,11.491823,0.0,Under way using engine
2026-08-28T13:50:44Z,219002177,54.916353,11.360580,0.0,Under way using engine
2026-08-28T13:50:57Z,219000809,54.906000,11.395528,9.0,Under way using engine
2026-08-28T13:51:00Z,219000811,54.838715,11.491828,0.0,Under way using engine
2026-08-28T13:51:14Z,219002177,54.916355,11.360570,0.0,Under way using engine
2026-08-28T13:51:27Z,219000809,54.905483,11.397433,9.1,Under way using engine
2026-08-28T13:51:30Z,219000811,54.838717,11.491828,0.0,Under way using engine
2026-08-28T13:51:54Z,219002177,54.916352,11.360568,0.0,Under way using engine
2026-08-28T13:52:00Z,219000811,54.838720,11.491832,0.0,Under way using engine
2026-08-28T13:52:03Z,219000809,54.904925,11.399980,9.2,Under way using engine
2026-08-28T13:52:24Z,219002177,54.916355,11.360577,0.1,Under way using engine
2026-08-28T13:52:30Z,219000811,54.838720,11.491830,0.0,Under way using engine
2026-08-28T13:52:34Z,219000809,54.904465,11.402123,9.2,Under way using engine
2026-08-28T13:52:54Z,219002177,54.916327,11.360893,2.2,Under way using engine
2026-08-28T13:53:10Z,219000811,54.838720,11.491823,0.0,Under way using engine
2026-08-28T13:53:13Z,219000809,54.903923,11.404863,9.3,Under way using engine
2026-08-28T13:53:24Z,219002177,54.916288,11.361735,4.2,Under way using engine
2026-08-28T13:53:44Z,219000809,54.903487,11.407070,9.3,Under way using engine
2026-08-28T13:53:49Z,219000811,54.838720,11.491822,0.0,Under way using engine
2026-08-28T13:53:54Z,219002177,54.916302,11.362892,5.1,Under way using engine
2026-08-28T13:54:19Z,219000811,54.838723,11.491822,0.0,Under way using engine
2026-08-28T13:54:24Z,219000809,54.902920,11.409868,9.2,Under way using engine
2026-08-28T13:54:24Z,219002177,54.916338,11.364197,5.6,Under way using engine
2026-08-28T13:54:49Z,219000811,54.838725,11.491827,0.0,Under way using engine
2026-08-28T13:54:54Z,219002177,54.916428,11.365582,6.1,Under way using engine
2026-08-28T13:55:03Z,219000809,54.902292,11.412552,9.2,Under way using engine
2026-08-28T13:55:19Z,219000811,54.838723,11.491833,0.0,Under way using engine
2026-08-28T13:55:24Z,219002177,54.916510,11.367055,6.3,Under way using engine
2026-08-28T13:55:34Z,219000809,54.901792,11.414637,9.1,Under way using engine
2026-08-28T13:55:49Z,219000811,54.838722,11.491832,0.0,Under way using engine
2026-08-28T13:55:54Z,219002177,54.916683,11.368572,6.4,Under way using engine
2026-08-28T13:56:13Z,219000809,54.901197,11.417260,9.0,Under way using engine
2026-08-28T13:56:19Z,219000811,54.838723,11.491832,0.0,Under way using engine
2026-08-28T13:56:24Z,219002177,54.916858,11.370115,6.4,Under way using engine
2026-08-28T13:56:44Z,219000809,54.900697,11.419325,9.0,Under way using engine
2026-08-28T13:56:50Z,219000811,54.838722,11.491832,0.0,Under way using engine
2026-08-28T13:56:54Z,219002177,54.917248,11.371310,5.4,Under way using engine
2026-08-28T13:57:24Z,219000809,54.900058,11.421967,8.9,Under way using engine
2026-08-28T13:57:24Z,219002177,54.917963,11.371545,5.5,Under way using engine
2026-08-28T13:57:28Z,219000811,54.838720,11.491832,0.0,Under way using engine
2026-08-28T13:57:54Z,219000809,54.899468,11.423738,8.8,Under way using engine
2026-08-28T13:57:54Z,219002177,54.918790,11.371652,6.2,Under way using engine
2026-08-28T13:57:59Z,219000811,54.838718,11.491832,0.0,Under way using engine
2026-08-28T13:58:24Z,219000809,54.898772,11.425572,8.8,Under way using engine
2026-08-28T13:58:24Z,219002177,54.919670,11.371800,6.5,Under way using engine
2026-08-28T13:58:54Z,219000809,54.898125,11.427298,8.9,Under way using engine
2026-08-28T13:58:54Z,219002177,54.920598,11.371902,6.8,Under way using engine
2026-08-28T13:58:59Z,219000811,54.838715,11.491833,0.0,Under way using engine
2026-08-28T13:59:24Z,219000809,54.897457,11.429152,8.8,Under way using engine
2026-08-28T13:59:24Z,219002177,54.921558,11.372032,7.0,Under way using engine
2026-08-28T13:59:50Z,219000811,54.838715,11.491830,0.0,Under way using engine
2026-08-28T13:59:54Z,219000809,54.896805,11.430872,8.9,Under way using engine
2026-08-28T13:59:54Z,219002177,54.922548,11.372133,7.2,Under way using engine
2026-08-28T14:00:22Z,219000811,54.838708,11.491825,0.0,Under way using engine
2026-08-28T14:00:24Z,219000809,54.896103,11.432740,9.0,Under way using engine
2026-08-28T14:00:24Z,219002177,54.923542,11.372243,7.3,Under way using engine
2026-08-28T14:00:54Z,219000809,54.895420,11.434480,9.0,Under way using engine
2026-08-28T14:00:54Z,219002177,54.924540,11.372360,7.2,Under way using engine
2026-08-28T14:00:59Z,219000811,54.838702,11.491818,0.0,Under way using engine
2026-08-28T14:01:24Z,219000809,54.894727,11.436352,8.9,Under way using engine
2026-08-28T14:01:24Z,219002177,54.925537,11.372482,7.2,Under way using engine
2026-08-28T14:01:39Z,219000811,54.838697,11.491820,0.0,Under way using engine
2026-08-28T14:01:54Z,219002177,54.926532,11.372567,7.1,Under way using engine
2026-08-28T14:02:03Z,219000809,54.893857,11.438688,8.8,Under way using engine
2026-08-28T14:02:09Z,219000811,54.838697,11.491820,0.0,Under way using engine
2026-08-28T14:02:24Z,219002177,54.927517,11.372483,7.1,Under way using engine
2026-08-28T14:02:34Z,219000809,54.893250,11.440605,8.9,Under way using engine
2026-08-28T14:02:39Z,219000811,54.838700,11.491820,0.0,Under way using engine
2026-08-28T14:02:54Z,219002177,54.928507,11.372477,7.2,Under way using engine
2026-08-28T14:03:09Z,219000811,54.838705,11.491823,0.0,Under way using engine
2026-08-28T14:03:13Z,219000809,54.892515,11.443098,8.9,Under way using engine
2026-08-28T14:03:24Z,219002177,54.929498,11.372453,7.1,Under way using engine
2026-08-28T14:03:39Z,219000811,54.838708,11.491823,0.0,Under way using engine
2026-08-28T14:03:43Z,219000809,54.891915,11.444998,9.0,Under way using engine
2026-08-28T14:03:54Z,219002177,54.930485,11.372418,7.2,Under way using engine
2026-08-28T14:04:09Z,219000811,54.838712,11.491825,0.0,Under way using engine
2026-08-28T14:04:13Z,219000809,54.891303,11.446903,9.1,Under way using engine
2026-08-28T14:04:25Z,219002177,54.931515,11.372360,7.2,Under way using engine
2026-08-28T14:04:39Z,219000811,54.838715,11.491828,0.0,Under way using engine
2026-08-28T14:04:43Z,219000809,54.890630,11.448728,9.1,Under way using engine
2026-08-28T14:04:55Z,219002177,54.932510,11.372200,7.2,Under way using engine
2026-08-28T14:05:09Z,219000811,54.838720,11.491828,0.0,Under way using engine
2026-08-28T14:05:13Z,219000809,54.889877,11.450515,9.1,Under way using engine
2026-08-28T14:05:25Z,219002177,54.933492,11.371912,7.2,Under way using engine
2026-08-28T14:05:39Z,219000811,54.838725,11.491830,0.0,Under way using engine
2026-08-28T14:05:43Z,219000809,54.889205,11.452268,9.1,Under way using engine
2026-08-28T14:05:55Z,219002177,54.934462,11.371633,6.9,Under way using engine
2026-08-28T14:06:13Z,219000809,54.888453,11.454137,9.1,Under way using engine
2026-08-28T14:06:19Z,219000811,54.838727,11.491828,0.0,Under way using engine
2026-08-28T14:06:25Z,219002177,54.935347,11.371560,5.8,Under way using engine
2026-08-28T14:06:43Z,219000809,54.887723,11.455833,9.2,Under way using engine
2026-08-28T14:06:50Z,219000811,54.838728,11.491825,0.0,Under way using engine
2026-08-28T14:06:55Z,219002177,54.935783,11.371812,2.3,Under way using engine
2026-08-28T14:07:13Z,219000809,54.886860,11.457565,9.2,Under way using engine
2026-08-28T14:07:25Z,219002177,54.935923,11.371950,1.1,Under way using engine
2026-08-28T14:07:30Z,219000811,54.838730,11.491820,0.0,Under way using engine
2026-08-28T14:07:43Z,219000809,54.886075,11.459207,9.2,Under way using engine
2026-08-28T14:07:55Z,219002177,54.935968,11.371975,0.1,Under way using engine
2026-08-28T14:08:09Z,219000811,54.838732,11.491820,0.0,Under way using engine
2026-08-28T14:08:13Z,219000809,54.885212,11.460938,9.2,Under way using engine
2026-08-28T14:08:25Z,219002177,54.935963,11.371997,0.0,Under way using engine
2026-08-28T14:08:39Z,219000811,54.838730,11.491822,0.0,Under way using engine
2026-08-28T14:08:43Z,219000809,54.884433,11.462533,9.0,Under way using engine
2026-08-28T14:08:55Z,219002177,54.935967,11.371990,0.0,Under way using engine
2026-08-28T14:09:09Z,219000811,54.838728,11.491818,0.0,Under way using engine
2026-08-28T14:09:13Z,219000809,54.883593,11.464243,9.0,Under way using engine
2026-08-28T14:09:34Z,219002177,54.935975,11.371978,0.0,Under way using engine
2026-08-28T14:09:40Z,219000811,54.838728,11.491815,0.0,Under way using engine
2026-08-28T14:09:43Z,219000809,54.882832,11.465823,8.9,Under way using engine
2026-08-28T14:10:04Z,219002177,54.935977,11.371988,0.0,Under way using engine
2026-08-28T14:10:13Z,219000809,54.881998,11.467510,8.9,Under way using engine
2026-08-28T14:10:20Z,219000811,54.838725,11.491813,0.0,Under way using engine
2026-08-28T14:10:34Z,219002177,54.935972,11.371988,0.0,Under way using engine
2026-08-28T14:10:44Z,219000809,54.881187,11.469183,8.8,Under way using engine
2026-08-28T14:10:50Z,219000811,54.838723,11.491813,0.0,Under way using engine
2026-08-28T14:11:04Z,219002177,54.935972,11.371980,0.0,Under way using engine
2026-08-28T14:11:17Z,219000809,54.880640,11.471220,8.3,Under way using engine
2026-08-28T14:11:20Z,219000811,54.838725,11.491817,0.0,Under way using engine
2026-08-28T14:11:34Z,219002177,54.935970,11.371975,0.0,Under way using engine
2026-08-28T14:11:47Z,219000809,54.880528,11.473253,8.5,Under way using engine
2026-08-28T14:11:50Z,219000811,54.838725,11.491820,0.0,Under way using engine
2026-08-28T14:12:04Z,219002177,54.935958,11.371977,0.0,Under way using engine
2026-08-28T14:12:17Z,219000809,54.880538,11.475293,8.5,Under way using engine
2026-08-28T14:12:29Z,219000811,54.838727,11.491822,0.0,Under way using engine
2026-08-28T14:12:34Z,219002177,54.935970,11.371982,0.0,Under way using engine
2026-08-28T14:12:54Z,219000809,54.880657,11.477827,8.6,Under way using engine
2026-08-28T14:12:59Z,219000811,54.838727,11.491822,0.0,Under way using engine
2026-08-28T14:13:04Z,219002177,54.935980,11.371968,0.0,Under way using engine
2026-08-28T14:13:29Z,219000811,54.838728,11.491820,0.0,Under way using engine
2026-08-28T14:13:34Z,219000809,54.880825,11.480595,8.7,Under way using engine
2026-08-28T14:13:45Z,219002177,54.935972,11.371958,0.0,Under way using engine
2026-08-28T14:13:59Z,219000811,54.838725,11.491817,0.0,Under way using engine
2026-08-28T14:14:07Z,219000809,54.881330,11.482552,8.2,Under way using engine
2026-08-28T14:14:15Z,219002177,54.935960,11.371957,0.0,Under way using engine
2026-08-28T14:14:29Z,219000811,54.838725,11.491813,0.0,Under way using engine
2026-08-28T14:14:37Z,219000809,54.882297,11.483452,7.7,Under way using engine
2026-08-28T14:14:45Z,219002177,54.935962,11.371938,0.0,Under way using engine
2026-08-28T14:14:59Z,219000811,54.838722,11.491812,0.0,Under way using engine
2026-08-28T14:15:07Z,219000809,54.883383,11.483317,7.6,Under way using engine
2026-08-28T14:15:15Z,219002177,54.935952,11.371958,0.0,Under way using engine
2026-08-28T14:15:29Z,219000811,54.838723,11.491813,0.0,Under way using engine
2026-08-28T14:15:44Z,219000809,54.884127,11.483197,3.0,Under way using engine
2026-08-28T14:15:45Z,219002177,54.935967,11.371968,0.0,Under way using engine
2026-08-28T14:15:59Z,219000811,54.838722,11.491817,0.0,Under way using engine
2026-08-28T14:16:15Z,219002177,54.935965,11.371983,0.0,Under way using engine
2026-08-28T14:16:17Z,219000809,54.884282,11.483208,0.4,Under way using engine
2026-08-28T14:16:29Z,219000811,54.838720,11.491818,0.0,Under way using engine
2026-08-28T14:16:54Z,219000809,54.884315,11.483215,0.2,Under way using engine
2026-08-28T14:16:55Z,219002177,54.935888,11.371907,1.3,Under way using engine
2026-08-28T14:16:59Z,219000811,54.838718,11.491820,0.0,Under way using engine
2026-08-28T14:17:24Z,219000809,54.884310,11.483215,0.0,Under way using engine
2026-08-28T14:17:30Z,219000811,54.838715,11.491823,0.0,Under way using engine
2026-08-28T14:17:33Z,219002177,54.935383,11.371482,3.9,Under way using engine
2026-08-28T14:17:54Z,219000809,54.884310,11.483225,0.0,Under way using engine
2026-08-28T14:18:04Z,219002177,54.934822,11.370872,4.6,Under way using engine
2026-08-28T14:18:09Z,219000811,54.838713,11.491825,0.0,Under way using engine
2026-08-28T14:18:24Z,219000809,54.884323,11.483205,0.1,Under way using engine
2026-08-28T14:18:39Z,219000811,54.838713,11.491827,0.0,Under way using engine
2026-08-28T14:18:44Z,219002177,54.933893,11.370797,5.3,Under way using engine
2026-08-28T14:18:54Z,219000809,54.884322,11.483220,0.0,Under way using engine
2026-08-28T14:19:09Z,219000811,54.838715,11.491830,0.0,Under way using engine
2026-08-28T14:19:15Z,219002177,54.933080,11.370783,5.9,Under way using engine
2026-08-28T14:19:24Z,219000809,54.884318,11.483230,0.0,Under way using engine
2026-08-28T14:19:39Z,219000811,54.838717,11.491828,0.0,Under way using engine
2026-08-28T14:19:54Z,219000809,54.884320,11.483222,0.0,Under way using engine
2026-08-28T14:19:55Z,219002177,54.931938,11.370793,6.3,Under way using engine
2026-08-28T14:20:09Z,219000811,54.838718,11.491832,0.0,Under way using engine
2026-08-28T14:20:24Z,219000809,54.884320,11.483210,0.0,Under way using engine
2026-08-28T14:20:33Z,219002177,54.930793,11.370830,6.5,Under way using engine
2026-08-28T14:20:39Z,219000811,54.838722,11.491832,0.0,Under way using engine
2026-08-28T14:20:54Z,219000809,54.884322,11.483212,0.0,Under way using engine
2026-08-28T14:21:04Z,219002177,54.929857,11.370893,6.6,Under way using engine
2026-08-28T14:21:09Z,219000811,54.838723,11.491828,0.0,Under way using engine
2026-08-28T14:21:24Z,219000809,54.884320,11.483218,0.0,Under way using engine
2026-08-28T14:21:35Z,219002177,54.928878,11.370998,6.7,Under way using engine
2026-08-28T14:21:39Z,219000811,54.838723,11.491832,0.0,Under way using engine
2026-08-28T14:21:54Z,219000809,54.884280,11.483250,0.0,Under way using engine
2026-08-28T14:22:09Z,219000811,54.838722,11.491832,0.0,Under way using engine
2026-08-28T14:22:14Z,219002177,54.927695,11.371095,6.7,Under way using engine
2026-08-28T14:22:24Z,219000809,54.884002,11.483307,4.0,Under way using engine
2026-08-28T14:22:39Z,219000811,54.838720,11.491828,0.0,Under way using engine
2026-08-28T14:22:44Z,219002177,54.926757,11.371190,6.7,Under way using engine
2026-08-28T14:22:54Z,219000809,54.883177,11.483560,6.1,Under way using engine
2026-08-28T14:23:09Z,219000811,54.838723,11.491832,0.0,Under way using engine
2026-08-28T14:23:14Z,219002177,54.925832,11.371270,6.7,Under way using engine
2026-08-28T14:23:24Z,219000809,54.882678,11.483900,2.5,Under way using engine
2026-08-28T14:23:39Z,219000811,54.838723,11.491835,0.0,Under way using engine
2026-08-28T14:23:44Z,219002177,54.924912,11.371335,6.7,Under way using engine
2026-08-28T14:23:54Z,219000809,54.882505,11.483582,3.3,Under way using engine
2026-08-28T14:24:09Z,219000811,54.838723,11.491830,0.0,Under way using engine
2026-08-28T14:24:14Z,219002177,54.923980,11.371415,6.7,Under way using engine
2026-08-28T14:24:24Z,219000809,54.881820,11.482443,7.8,Under way using engine
2026-08-28T14:24:39Z,219000811,54.838727,11.491827,0.0,Under way using engine
2026-08-28T14:24:44Z,219002177,54.923057,11.371497,6.7,Under way using engine
2026-08-28T14:24:54Z,219000809,54.880965,11.480967,8.9,Under way using engine
2026-08-28T14:25:14Z,219002177,54.922143,11.371585,6.6,Under way using engine
2026-08-28T14:25:20Z,219000811,54.838727,11.491817,0.0,Under way using engine
2026-08-28T14:25:24Z,219000809,54.880533,11.478967,9.1,Under way using engine
2026-08-28T14:25:44Z,219002177,54.921237,11.371672,6.5,Under way using engine
2026-08-28T14:25:50Z,219000811,54.838727,11.491815,0.0,Under way using engine
2026-08-28T14:25:54Z,219000809,54.880455,11.476737,9.4,Under way using engine
2026-08-28T14:26:14Z,219002177,54.920340,11.371762,6.4,Under way using engine
2026-08-28T14:26:20Z,219000811,54.838728,11.491818,0.0,Under way using engine
2026-08-28T14:26:24Z,219000809,54.880512,11.474467,9.4,Under way using engine
2026-08-28T14:26:44Z,219002177,54.919460,11.371813,6.3,Under way using engine
2026-08-28T14:26:50Z,219000811,54.838733,11.491825,0.0,Under way using engine
2026-08-28T14:26:54Z,219000809,54.880845,11.472278,9.5,Under way using engine
2026-08-28T14:27:15Z,219002177,54.918558,11.371755,6.3,Under way using engine
2026-08-28T14:27:20Z,219000811,54.838732,11.491828,0.0,Under way using engine
2026-08-28T14:27:24Z,219000809,54.881302,11.470113,9.6,Under way using engine
2026-08-28T14:27:50Z,219000811,54.838728,11.491827,0.0,Under way using engine
2026-08-28T14:27:54Z,219000809,54.881965,11.468147,9.5,Under way using engine
2026-08-28T14:27:54Z,219002177,54.917463,11.371630,6.0,Under way using engine
2026-08-28T14:28:20Z,219000811,54.838723,11.491827,0.0,Under way using engine
2026-08-28T14:28:24Z,219000809,54.882812,11.466395,9.5,Under way using engine
2026-08-28T14:28:24Z,219002177,54.916842,11.370993,4.8,Under way using engine
2026-08-28T14:28:50Z,219000811,54.838720,11.491822,0.0,Under way using engine
2026-08-28T14:28:54Z,219000809,54.883700,11.464705,9.5,Under way using engine
2026-08-28T14:28:54Z,219002177,54.916753,11.369800,5.3,Under way using engine
2026-08-28T14:29:20Z,219000811,54.838715,11.491818,0.0,Under way using engine
2026-08-28T14:29:24Z,219000809,54.884595,11.463013,9.6,Under way using engine
2026-08-28T14:29:24Z,219002177,54.916720,11.368393,6.1,Under way using engine
2026-08-28T14:29:50Z,219000811,54.838713,11.491818,0.0,Under way using engine
2026-08-28T14:29:54Z,219000809,54.885448,11.461328,9.2,Under way using engine
2026-08-28T14:29:54Z,219002177,54.916653,11.366872,6.4,Under way using engine
2026-08-28T14:30:20Z,219000811,54.838712,11.491815,0.0,Under way using engine
2026-08-28T14:30:24Z,219000809,54.886245,11.459505,9.6,Under way using engine
2026-08-28T14:30:24Z,219002177,54.916483,11.365355,6.5,Under way using engine
2026-08-28T14:30:50Z,219000811,54.838707,11.491812,0.0,Under way using engine
2026-08-28T14:30:54Z,219002177,54.916407,11.363802,6.4,Under way using engine
2026-08-28T14:31:04Z,219000809,54.887285,11.457063,9.4,Under way using engine
2026-08-28T14:31:20Z,219000811,54.838707,11.491813,0.0,Under way using engine
2026-08-28T14:31:24Z,219002177,54.916323,11.362558,4.7,Under way using engine
2026-08-28T14:31:44Z,219000809,54.888305,11.454638,9.4,Under way using engine
2026-08-28T14:31:50Z,219000811,54.838708,11.491817,0.0,Under way using engine
2026-08-28T14:31:54Z,219002177,54.916348,11.361653,3.4,Under way using engine
2026-08-28T14:32:14Z,219000809,54.889065,11.452817,9.4,Under way using engine
2026-08-28T14:32:20Z,219000811,54.838708,11.491820,0.0,Under way using engine
2026-08-28T14:32:24Z,219002177,54.916357,11.361023,2.3,Under way using engine
2026-08-28T14:32:44Z,219000809,54.889798,11.450955,9.4,Under way using engine
2026-08-28T14:32:50Z,219000811,54.838710,11.491817,0.0,Under way using engine
2026-08-28T14:32:55Z,219002177,54.916352,11.360652,1.2,Under way using engine
2026-08-28T14:33:14Z,219000809,54.890457,11.448993,9.5,Under way using engine
2026-08-28T14:33:20Z,219000811,54.838713,11.491813,0.0,Under way using engine
2026-08-28T14:33:35Z,219002177,54.916348,11.360545,0.0,Under way using engine
2026-08-28T14:33:44Z,219000809,54.891147,11.447085,9.4,Under way using engine
2026-08-28T14:33:59Z,219000811,54.838717,11.491813,0.0,Under way using engine
2026-08-28T14:34:14Z,219000809,54.891825,11.445140,9.4,Under way using engine
2026-08-28T14:34:24Z,219002177,54.916362,11.360542,0.0,Under way using engine
2026-08-28T14:34:39Z,219000811,54.838725,11.491822,0.0,Under way using engine
2026-08-28T14:34:44Z,219000809,54.892477,11.443262,9.4,Under way using engine
2026-08-28T14:34:55Z,219002177,54.916362,11.360538,0.0,Under way using engine
2026-08-28T14:35:14Z,219000809,54.893178,11.441253,9.4,Under way using engine
2026-08-28T14:35:20Z,219000811,54.838730,11.491820,0.0,Under way using engine
2026-08-28T14:35:35Z,219002177,54.916360,11.360535,0.0,Under way using engine
2026-08-28T14:35:44Z,219000809,54.893827,11.439363,9.5,Under way using engine
2026-08-28T14:35:59Z,219000811,54.838730,11.491820,0.0,Under way using engine
2026-08-28T14:36:14Z,219000809,54.894558,11.437383,9.5,Under way using engine
2026-08-28T14:36:15Z,219002177,54.916355,11.360543,0.0,Under way using engine
2026-08-28T14:36:40Z,219000811,54.838730,11.491822,0.0,Under way using engine
2026-08-28T14:36:44Z,219000809,54.895213,11.435482,9.5,Under way using engine
2026-08-28T14:36:45Z,219002177,54.916353,11.360547,0.0,Under way using engine
2026-08-28T14:37:14Z,219000809,54.895925,11.433460,9.5,Under way using engine
2026-08-28T14:37:20Z,219000811,54.838730,11.491822,0.0,Under way using engine
2026-08-28T14:37:24Z,219002177,54.916350,11.360555,0.0,Under way using engine
2026-08-28T14:37:44Z,219000809,54.896582,11.431577,9.5,Under way using engine
2026-08-28T14:37:55Z,219002177,54.916347,11.360557,0.0,Under way using engine
2026-08-28T14:38:00Z,219000811,54.838728,11.491825,0.0,Under way using engine
2026-08-28T14:38:14Z,219000809,54.897283,11.429570,9.4,Under way using engine
2026-08-28T14:38:30Z,219000811,54.838732,11.491833,0.0,Under way using engine
2026-08-28T14:38:44Z,219000809,54.897938,11.427685,9.4,Under way using engine
2026-08-28T14:38:45Z,219002177,54.916353,11.360553,0.0,Under way using engine
2026-08-28T14:39:00Z,219000811,54.838732,11.491835,0.0,Under way using engine
2026-08-28T14:39:14Z,219000809,54.898642,11.425700,9.4,Under way using engine
2026-08-28T14:39:24Z,219002177,54.916360,11.360558,0.0,Under way using engine
2026-08-28T14:39:30Z,219000811,54.838730,11.491833,0.0,Under way using engine
2026-08-28T14:39:44Z,219000809,54.899332,11.423767,9.5,Under way using engine
2026-08-28T14:40:00Z,219000811,54.838730,11.491835,0.0,Under way using engine
2026-08-28T14:40:03Z,219002177,54.916345,11.360553,0.0,Under way using engine
2026-08-28T14:40:14Z,219000809,54.899953,11.421750,9.5,Under way using engine
2026-08-28T14:40:30Z,219000811,54.838732,11.491833,0.0,Under way using engine
2026-08-28T14:40:34Z,219002177,54.916350,11.360555,0.0,Under way using engine
2026-08-28T14:40:44Z,219000809,54.900532,11.419690,9.5,Under way using engine
2026-08-28T14:41:00Z,219000811,54.838732,11.491830,0.0,Under way using engine
2026-08-28T14:41:13Z,219002177,54.916357,11.360555,0.0,Under way using engine
2026-08-28T14:41:14Z,219000809,54.901147,11.417682,9.5,Under way using engine
2026-08-28T14:41:30Z,219000811,54.838733,11.491830,0.0,Under way using engine
2026-08-28T14:41:44Z,219000809,54.901723,11.415652,9.4,Under way using engine
2026-08-28T14:41:45Z,219002177,54.916347,11.360563,0.0,Under way using engine
2026-08-28T14:42:00Z,219000811,54.838735,11.491828,0.0,Under way using engine
2026-08-28T14:42:15Z,219002177,54.916347,11.360568,0.0,Under way using engine
2026-08-28T14:42:24Z,219000809,54.902523,11.412973,9.5,Under way using engine
2026-08-28T14:42:30Z,219000811,54.838732,11.491830,0.0,Under way using engine
2026-08-28T14:42:45Z,219002177,54.916357,11.360572,0.0,Under way using engine
2026-08-28T14:43:00Z,219000811,54.838730,11.491832,0.0,Under way using engine
2026-08-28T14:43:03Z,219000809,54.903283,11.410422,9.4,Under way using engine
2026-08-28T14:43:15Z,219002177,54.916357,11.360577,0.0,Under way using engine
2026-08-28T14:43:30Z,219000811,54.838730,11.491833,0.0,Under way using engine
2026-08-28T14:43:34Z,219000809,54.903892,11.408345,9.4,Under way using engine
2026-08-28T14:43:54Z,219002177,54.916338,11.360570,0.0,Under way using engine
2026-08-28T14:44:00Z,219000811,54.838728,11.491832,0.0,Under way using engine
2026-08-28T14:44:04Z,219000809,54.904478,11.406320,9.4,Under way using engine
2026-08-28T14:44:25Z,219002177,54.916343,11.360572,0.0,Under way using engine
2026-08-28T14:44:30Z,219000811,54.838727,11.491830,0.0,Under way using engine
2026-08-28T14:44:34Z,219000809,54.905058,11.404272,9.5,Under way using engine
2026-08-28T14:45:00Z,219000811,54.838728,11.491832,0.0,Under way using engine
2026-08-28T14:45:04Z,219000809,54.905650,11.402228,9.5,Under way using engine
2026-08-28T14:45:04Z,219002177,54.916352,11.360578,0.0,Under way using engine
2026-08-28T14:45:30Z,219000811,54.838728,11.491830,0.0,Under way using engine
2026-08-28T14:45:34Z,219000809,54.906172,11.400160,9.4,Under way using engine
2026-08-28T14:45:35Z,219002177,54.916345,11.360573,0.0,Under way using engine
2026-08-28T14:46:00Z,219000811,54.838728,11.491828,0.0,Under way using engine
2026-08-28T14:46:04Z,219000809,54.906733,11.398128,9.4,Under way using engine
2026-08-28T14:46:15Z,219002177,54.916345,11.360563,0.0,Under way using engine
2026-08-28T14:46:30Z,219000811,54.838727,11.491828,0.0,Under way using engine
2026-08-28T14:46:34Z,219000809,54.907298,11.396088,9.3,Under way using engine
2026-08-28T14:46:54Z,219002177,54.916353,11.360562,0.0,Under way using engine
2026-08-28T14:47:00Z,219000811,54.838725,11.491830,0.0,Under way using engine
2026-08-28T14:47:04Z,219000809,54.908098,11.394312,9.4,Under way using engine
2026-08-28T14:47:25Z,219002177,54.916353,11.360562,0.0,Under way using engine
2026-08-28T14:47:34Z,219000809,54.908998,11.392533,9.6,Under way using engine
2026-08-28T14:47:39Z,219000811,54.838725,11.491832,0.0,Under way using engine
2026-08-28T14:48:04Z,219000809,54.909767,11.391042,7.6,Under way using engine
2026-08-28T14:48:04Z,219002177,54.916347,11.360555,0.0,Under way using engine
2026-08-28T14:48:09Z,219000811,54.838727,11.491833,0.0,Under way using engine
2026-08-28T14:48:34Z,219000809,54.910377,11.389812,6.2,Under way using engine
2026-08-28T14:48:35Z,219002177,54.916355,11.360570,0.0,Under way using engine
2026-08-28T14:48:39Z,219000811,54.838725,11.491835,0.0,Under way using engine
2026-08-28T14:49:04Z,219000809,54.910920,11.388825,5.8,Under way using engine
2026-08-28T14:49:09Z,219000811,54.838723,11.491835,0.0,Under way using engine
2026-08-28T14:49:15Z,219002177,54.916362,11.360578,0.0,Under way using engine
2026-08-28T14:49:34Z,219000809,54.911480,11.387780,5.7,Under way using engine
2026-08-28T14:49:40Z,219000811,54.838727,11.491835,0.0,Under way using engine
2026-08-28T14:49:54Z,219002177,54.916347,11.360563,0.0,Under way using engine
2026-08-28T14:50:04Z,219000809,54.911993,11.386818,5.7,Under way using engine
2026-08-28T14:50:19Z,219000811,54.838725,11.491828,0.0,Under way using engine
2026-08-28T14:50:24Z,219002177,54.916355,11.360552,0.0,Under way using engine
2026-08-28T14:50:34Z,219000809,54.912547,11.385787,5.7,Under way using engine
2026-08-28T14:50:49Z,219000811,54.838727,11.491823,0.0,Under way using engine
2026-08-28T14:50:54Z,219002177,54.916357,11.360570,0.3,Under way using engine
2026-08-28T14:51:04Z,219000809,54.913090,11.384810,5.6,Under way using engine
2026-08-28T14:51:19Z,219000811,54.838727,11.491825,0.0,Under way using engine
2026-08-28T14:51:24Z,219002177,54.916298,11.361073,3.2,Under way using engine
2026-08-28T14:51:34Z,219000809,54.913628,11.383843,5.6,Under way using engine
2026-08-28T14:51:49Z,219000811,54.838723,11.491825,0.0,Under way using engine
2026-08-28T14:51:54Z,219002177,54.916293,11.362202,5.3,Under way using engine
2026-08-28T14:52:04Z,219000809,54.914160,11.382898,5.5,Under way using engine
2026-08-28T14:52:19Z,219000811,54.838723,11.491823,0.0,Under way using engine
2026-08-28T14:52:24Z,219002177,54.916307,11.363638,6.2,Under way using engine
2026-08-28T14:52:34Z,219000809,54.914678,11.381952,5.5,Under way using engine
2026-08-28T14:52:49Z,219000811,54.838722,11.491823,0.0,Under way using engine
2026-08-28T14:52:54Z,219002177,54.916418,11.365220,6.8,Under way using engine
2026-08-28T14:53:04Z,219000809,54.915217,11.381008,5.5,Under way using engine
2026-08-28T14:53:19Z,219000811,54.838720,11.491823,0.0,Under way using engine
2026-08-28T14:53:24Z,219002177,54.916540,11.366908,7.2,Under way using engine
2026-08-28T14:53:34Z,219000809,54.915737,11.380045,5.5,Under way using engine
2026-08-28T14:53:49Z,219000811,54.838720,11.491827,0.0,Under way using engine
2026-08-28T14:53:54Z,219002177,54.916728,11.368648,7.4,Under way using engine
2026-08-28T14:54:04Z,219000809,54.916285,11.378827,7.2,Under way using engine
2026-08-28T14:54:19Z,219000811,54.838718,11.491827,0.0,Under way using engine
2026-08-28T14:54:24Z,219002177,54.916962,11.370397,7.2,Under way using engine
2026-08-28T14:54:34Z,219000809,54.916855,11.377162,8.2,Under way using engine
2026-08-28T14:54:49Z,219000811,54.838720,11.491827,0.0,Under way using engine
2026-08-28T14:54:54Z,219002177,54.917567,11.371293,5.4,Under way using engine
2026-08-28T14:55:04Z,219000809,54.917138,11.375285,8.1,Under way using engine
2026-08-28T14:55:19Z,219000811,54.838720,11.491827,0.0,Under way using engine
2026-08-28T14:55:34Z,219002177,54.918640,11.371270,6.1,Under way using engine
2026-08-28T14:55:37Z,219000809,54.917172,11.373122,8.2,Under way using engine
2026-08-28T14:55:49Z,219000811,54.838722,11.491827,0.0,Under way using engine
2026-08-28T14:56:13Z,219000809,54.917070,11.370822,8.2,Under way using engine
2026-08-28T14:56:14Z,219002177,54.919817,11.371315,6.6,Under way using engine
2026-08-28T14:56:19Z,219000811,54.838722,11.491825,0.0,Under way using engine
2026-08-28T14:56:43Z,219000809,54.916932,11.368812,8.2,Under way using engine
2026-08-28T14:56:44Z,219002177,54.920750,11.371303,6.8,Under way using engine
2026-08-28T14:56:50Z,219000811,54.838720,11.491822,0.0,Under way using engine
2026-08-28T14:57:13Z,219000809,54.916677,11.366902,8.2,Under way using engine
2026-08-28T14:57:14Z,219002177,54.921718,11.371292,7.0,Under way using engine
2026-08-28T14:57:29Z,219000811,54.838722,11.491822,0.0,Under way using engine
2026-08-28T14:57:43Z,219000809,54.916472,11.364948,8.3,Under way using engine
2026-08-28T14:57:45Z,219002177,54.922748,11.371253,7.2,Under way using engine
2026-08-28T14:57:59Z,219000811,54.838722,11.491823,0.0,Under way using engine
2026-08-28T14:58:13Z,219000809,54.916245,11.363018,8.2,Under way using engine
2026-08-28T14:58:23Z,219002177,54.924008,11.371263,7.3,Under way using engine
2026-08-28T14:58:29Z,219000811,54.838722,11.491828,0.0,Under way using engine
2026-08-28T14:58:43Z,219000809,54.916123,11.361480,5.4,Under way using engine
2026-08-28T14:58:54Z,219002177,54.925048,11.371263,7.3,Under way using engine
2026-08-28T14:58:59Z,219000811,54.838723,11.491828,0.0,Under way using engine
2026-08-28T14:59:13Z,219000809,54.915992,11.360823,1.4,Under way using engine
2026-08-28T14:59:29Z,219000811,54.838722,11.491832,0.0,Under way using engine
2026-08-28T14:59:34Z,219002177,54.926403,11.371235,7.3,Under way using engine
2026-08-28T14:59:43Z,219000809,54.916032,11.360790,0.6,Under way using engine
2026-08-28T14:59:59Z,219000811,54.838722,11.491832,0.0,Under way using engine
2026-08-28T15:00:13Z,219000809,54.916100,11.360510,1.4,Under way using engine
2026-08-28T15:00:14Z,219002177,54.927743,11.371233,7.3,Under way using engine
2026-08-28T15:00:29Z,219000811,54.838722,11.491833,0.0,Under way using engine
2026-08-28T15:00:43Z,219000809,54.916048,11.360185,1.3,Under way using engine
2026-08-28T15:00:45Z,219002177,54.928785,11.371228,7.3,Under way using engine
2026-08-28T15:00:59Z,219000811,54.838720,11.491837,0.0,Under way using engine
2026-08-28T15:01:13Z,219000809,54.916035,11.360062,0.2,Under way using engine
2026-08-28T15:01:23Z,219002177,54.930062,11.371215,7.2,Under way using engine
2026-08-28T15:01:29Z,219000811,54.838720,11.491838,0.0,Under way using engine
2026-08-28T15:01:43Z,219000809,54.916063,11.360063,0.2,Under way using engine
2026-08-28T15:01:54Z,219002177,54.931093,11.371190,7.3,Under way using engine
2026-08-28T15:01:59Z,219000811,54.838720,11.491837,0.0,Under way using engine
2026-08-28T15:02:13Z,219000809,54.916060,11.360067,0.0,Under way using engine
2026-08-28T15:02:25Z,219002177,54.932137,11.371160,7.3,Under way using engine
2026-08-28T15:02:29Z,219000811,54.838718,11.491835,0.0,Under way using engine
2026-08-28T15:02:43Z,219000809,54.916060,11.360057,0.0,Under way using engine
2026-08-28T15:02:59Z,219000811,54.838718,11.491835,0.0,Under way using engine
2026-08-28T15:03:03Z,219002177,54.933388,11.371222,7.0,Under way using engine
2026-08-28T15:03:14Z,219000809,54.916055,11.360045,0.0,Under way using engine
2026-08-28T15:03:29Z,219000811,54.838720,11.491835,0.0,Under way using engine
2026-08-28T15:03:35Z,219002177,54.934410,11.371443,6.9,Under way using engine
2026-08-28T15:03:53Z,219000809,54.916057,11.360075,0.0,Under way using engine
2026-08-28T15:03:59Z,219000811,54.838722,11.491835,0.0,Under way using engine
2026-08-28T15:04:14Z,219002177,54.935482,11.371638,4.8,Under way using engine
2026-08-28T15:04:23Z,219000809,54.916052,11.360075,0.0,Under way using engine
2026-08-28T15:04:29Z,219000811,54.838723,11.491835,0.0,Under way using engine
2026-08-28T15:04:44Z,219002177,54.935818,11.371877,1.7,Under way using engine
2026-08-28T15:04:53Z,219000809,54.916053,11.360052,0.0,Under way using engine
2026-08-28T15:04:59Z,219000811,54.838723,11.491832,0.0,Under way using engine
2026-08-28T15:05:14Z,219002177,54.935957,11.371988,0.7,Under way using engine
2026-08-28T15:05:23Z,219000809,54.916068,11.360060,0.0,Under way using engine
2026-08-28T15:05:29Z,219000811,54.838722,11.491828,0.0,Under way using engine
2026-08-28T15:05:44Z,219002177,54.935947,11.371997,0.0,Under way using engine
2026-08-28T15:05:53Z,219000809,54.916065,11.360065,0.0,Under way using engine
2026-08-28T15:05:59Z,219000811,54.838722,11.491827,0.0,Under way using engine
2026-08-28T15:06:14Z,219002177,54.935950,11.372010,0.0,Under way using engine
2026-08-28T15:06:23Z,219000809,54.916072,11.360063,0.0,Under way using engine
2026-08-28T15:06:29Z,219000811,54.838720,11.491825,0.0,Under way using engine
2026-08-28T15:06:44Z,219002177,54.935955,11.372018,0.0,Under way using engine
2026-08-28T15:06:53Z,219000809,54.916070,11.360057,0.0,Under way using engine
2026-08-28T15:06:59Z,219000811,54.838718,11.491828,0.0,Under way using engine
2026-08-28T15:07:14Z,219002177,54.935948,11.371992,0.0,Under way using engine
2026-08-28T15:07:23Z,219000809,54.916078,11.360040,0.0,Under way using engine
2026-08-28T15:07:29Z,219000811,54.838715,11.491832,0.0,Under way using engine
2026-08-28T15:07:44Z,219002177,54.935943,11.371997,0.0,Under way using engine
2026-08-28T15:07:53Z,219000809,54.916080,11.360037,0.0,Under way using engine
2026-08-28T15:07:59Z,219000811,54.838715,11.491833,0.0,Under way using engine
2026-08-28T15:08:14Z,219002177,54.935950,11.371997,0.0,Under way using engine
2026-08-28T15:08:29Z,219000811,54.838713,11.491832,0.0,Under way using engine
2026-08-28T15:08:33Z,219000809,54.916077,11.360055,0.0,Under way using engine
2026-08-28T15:08:44Z,219002177,54.935943,11.372002,0.0,Under way using engine
2026-08-28T15:08:59Z,219000811,54.838715,11.491830,0.0,Under way using engine
2026-08-28T15:09:03Z,219000809,54.916067,11.360063,0.0,Under way using engine
2026-08-28T15:09:14Z,219002177,54.935942,11.372008,0.0,Under way using engine
2026-08-28T15:09:29Z,219000811,54.838715,11.491832,0.0,Under way using engine
2026-08-28T15:09:34Z,219000809,54.916058,11.360067,0.0,Under way using engine
2026-08-28T15:09:44Z,219002177,54.935948,11.372007,0.0,Under way using engine
2026-08-28T15:09:59Z,219000811,54.838718,11.491832,0.0,Under way using engine
2026-08-28T15:10:14Z,219000809,54.916055,11.360067,0.0,Under way using engine
2026-08-28T15:10:14Z,219002177,54.935952,11.372013,0.0,Under way using engine
2026-08-28T15:10:29Z,219000811,54.838718,11.491832,0.0,Under way using engine
2026-08-28T15:10:44Z,219002177,54.935942,11.371995,0.0,Under way using engine
2026-08-28T15:10:53Z,219000809,54.916063,11.360052,0.0,Under way using engine
2026-08-28T15:10:59Z,219000811,54.838718,11.491833,0.0,Under way using engine
2026-08-28T15:11:14Z,219002177,54.935943,11.371983,0.0,Under way using engine
2026-08-28T15:11:24Z,219000809,54.916072,11.360043,0.0,Under way using engine
2026-08-28T15:11:29Z,219000811,54.838720,11.491832,0.0,Under way using engine
2026-08-28T15:11:44Z,219002177,54.935945,11.371983,0.0,Under way using engine
2026-08-28T15:11:54Z,219000809,54.916083,11.360052,0.0,Under way using engine
2026-08-28T15:11:59Z,219000811,54.838717,11.491833,0.0,Under way using engine
2026-08-28T15:12:14Z,219002177,54.935950,11.371997,0.0,Under way using engine
2026-08-28T15:12:24Z,219000809,54.916085,11.360050,0.0,Under way using engine
2026-08-28T15:12:29Z,219000811,54.838717,11.491835,0.0,Under way using engine
2026-08-28T15:12:44Z,219002177,54.935937,11.371998,0.0,Under way using engine
2026-08-28T15:12:54Z,219000809,54.916085,11.360055,0.0,Under way using engine
2026-08-28T15:12:59Z,219000811,54.838717,11.491838,0.0,Under way using engine
2026-08-28T15:13:14Z,219002177,54.935938,11.372003,0.0,Under way using engine
2026-08-28T15:13:29Z,219000811,54.838717,11.491832,0.0,Under way using engine
2026-08-28T15:13:34Z,219000809,54.916085,11.360055,0.0,Under way using engine
2026-08-28T15:13:44Z,219002177,54.935950,11.371987,0.0,Under way using engine
2026-08-28T15:13:59Z,219000811,54.838715,11.491830,0.0,Under way using engine
2026-08-28T15:14:14Z,219000809,54.916075,11.360065,0.0,Under way using engine
2026-08-28T15:14:15Z,219002177,54.935937,11.371955,0.0,Under way using engine
2026-08-28T15:14:29Z,219000811,54.838713,11.491832,0.0,Under way using engine
2026-08-28T15:14:54Z,219000809,54.916072,11.360055,0.0,Under way using engine
2026-08-28T15:14:54Z,219002177,54.935943,11.371970,0.0,Under way using engine
2026-08-28T15:14:59Z,219000811,54.838712,11.491833,0.0,Under way using engine
2026-08-28T15:15:29Z,219000811,54.838712,11.491833,0.0,Under way using engine
2026-08-28T15:15:34Z,219000809,54.916072,11.360052,0.0,Under way using engine
2026-08-28T15:15:44Z,219002177,54.935955,11.371967,0.0,Under way using engine
2026-08-28T15:15:59Z,219000811,54.838710,11.491837,0.0,Under way using engine
2026-08-28T15:16:14Z,219000809,54.916072,11.360055,0.0,Under way using engine
2026-08-28T15:16:15Z,219002177,54.935945,11.371982,0.0,Under way using engine
2026-08-28T15:16:29Z,219000811,54.838710,11.491837,0.0,Under way using engine
2026-08-28T15:16:54Z,219000809,54.916068,11.360060,0.0,Under way using engine
2026-08-28T15:16:54Z,219002177,54.935923,11.371957,0.6,Under way using engine
2026-08-28T15:16:59Z,219000811,54.838712,11.491835,0.0,Under way using engine
2026-08-28T15:17:29Z,219000811,54.838708,11.491838,0.0,Under way using engine
2026-08-28T15:17:34Z,219000809,54.916073,11.360062,0.0,Under way using engine
2026-08-28T15:17:34Z,219002177,54.935498,11.371633,3.4,Under way using engine
2026-08-28T15:17:59Z,219000811,54.838708,11.491838,0.0,Under way using engine
2026-08-28T15:18:05Z,219002177,54.934975,11.371105,4.5,Under way using engine
2026-08-28T15:18:13Z,219000809,54.916065,11.360042,0.0,Under way using engine
2026-08-28T15:18:29Z,219000811,54.838708,11.491838,0.0,Under way using engine
2026-08-28T15:18:43Z,219000809,54.916067,11.360048,0.0,Under way using engine
2026-08-28T15:18:44Z,219002177,54.934132,11.370973,5.1,Under way using engine
2026-08-28T15:19:00Z,219000811,54.838710,11.491838,0.0,Under way using engine
2026-08-28T15:19:13Z,219000809,54.916053,11.360060,0.0,Under way using engine
2026-08-28T15:19:15Z,219002177,54.933353,11.371008,5.6,Under way using engine
2026-08-28T15:19:39Z,219000811,54.838710,11.491833,0.0,Under way using engine
2026-08-28T15:19:43Z,219000809,54.916063,11.360023,0.0,Under way using engine
2026-08-28T15:19:54Z,219002177,54.932280,11.371040,6.2,Under way using engine
2026-08-28T15:20:09Z,219000811,54.838712,11.491832,0.0,Under way using engine
2026-08-28T15:20:13Z,219000809,54.916073,11.360058,0.0,Under way using engine
2026-08-28T15:20:24Z,219002177,54.931412,11.371115,6.4,Under way using engine
2026-08-28T15:20:39Z,219000811,54.838713,11.491828,0.0,Under way using engine
2026-08-28T15:20:43Z,219000809,54.916078,11.360062,0.0,Under way using engine
2026-08-28T15:20:54Z,219002177,54.930517,11.371182,6.5,Under way using engine
2026-08-28T15:21:09Z,219000811,54.838715,11.491828,0.0,Under way using engine
2026-08-28T15:21:13Z,219000809,54.916063,11.360242,2.3,Under way using engine
2026-08-28T15:21:24Z,219002177,54.929613,11.371273,6.5,Under way using engine
2026-08-28T15:21:39Z,219000811,54.838717,11.491830,0.0,Under way using engine
2026-08-28T15:21:43Z,219000809,54.916103,11.361528,6.3,Under way using engine
2026-08-28T15:21:54Z,219002177,54.928707,11.371383,6.5,Under way using engine
2026-08-28T15:22:09Z,219000811,54.838717,11.491828,0.0,Under way using engine
2026-08-28T15:22:13Z,219000809,54.916288,11.363218,7.6,Under way using engine
2026-08-28T15:22:24Z,219002177,54.927807,11.371492,6.5,Under way using engine
2026-08-28T15:22:39Z,219000811,54.838717,11.491828,0.0,Under way using engine
2026-08-28T15:22:43Z,219000809,54.916453,11.365170,8.0,Under way using engine
2026-08-28T15:23:05Z,219002177,54.926582,11.371612,6.5,Under way using engine
2026-08-28T15:23:09Z,219000811,54.838717,11.491827,0.0,Under way using engine
2026-08-28T15:23:13Z,219000809,54.916632,11.367047,8.2,Under way using engine
2026-08-28T15:23:43Z,219000809,54.916825,11.369028,8.4,Under way using engine
2026-08-28T15:23:44Z,219002177,54.925400,11.371747,6.6,Under way using engine
2026-08-28T15:23:50Z,219000811,54.838713,11.491825,0.0,Under way using engine
2026-08-28T15:24:14Z,219000809,54.917047,11.371163,8.4,Under way using engine
2026-08-28T15:24:15Z,219002177,54.924460,11.371843,6.6,Under way using engine
2026-08-28T15:24:25Z,219000811,54.838712,11.491823,0.0,Under way using engine
2026-08-28T15:24:47Z,219000809,54.916800,11.373128,7.8,Under way using engine
2026-08-28T15:24:54Z,219002177,54.923273,11.371982,6.6,Under way using engine
2026-08-28T15:24:59Z,219000811,54.838710,11.491818,0.0,Under way using engine
2026-08-28T15:25:17Z,219000809,54.916147,11.374557,6.8,Under way using engine
2026-08-28T15:25:29Z,219000811,54.838708,11.491818,0.0,Under way using engine
2026-08-28T15:25:34Z,219002177,54.922057,11.372113,6.5,Under way using engine
2026-08-28T15:25:47Z,219000809,54.915733,11.375698,6.4,Under way using engine
2026-08-28T15:25:59Z,219000811,54.838705,11.491822,0.0,Under way using engine
2026-08-28T15:26:05Z,219002177,54.921137,11.372200,6.5,Under way using engine
2026-08-28T15:26:24Z,219000809,54.915002,11.377672,8.3,Under way using engine
2026-08-28T15:26:29Z,219000811,54.838705,11.491823,0.0,Under way using engine
2026-08-28T15:26:44Z,219002177,54.919985,11.372338,6.4,Under way using engine
2026-08-28T15:27:00Z,219000809,54.914012,11.379613,9.1,Under way using engine
2026-08-28T15:27:10Z,219000811,54.838707,11.491827,0.0,Under way using engine
2026-08-28T15:27:14Z,219002177,54.919122,11.372303,6.1,Under way using engine
2026-08-28T15:27:33Z,219000809,54.913120,11.381428,9.3,Under way using engine
2026-08-28T15:27:44Z,219002177,54.918298,11.372008,6.1,Under way using engine
2026-08-28T15:27:50Z,219000811,54.838710,11.491832,0.0,Under way using engine
2026-08-28T15:28:04Z,219000809,54.912207,11.383198,9.3,Under way using engine
2026-08-28T15:28:14Z,219002177,54.917468,11.371715,6.1,Under way using engine
2026-08-28T15:28:20Z,219000811,54.838710,11.491828,0.0,Under way using engine
2026-08-28T15:28:43Z,219000809,54.911132,11.385317,9.2,Under way using engine
2026-08-28T15:28:50Z,219000811,54.838710,11.491828,0.0,Under way using engine
2026-08-28T15:28:54Z,219002177,54.916882,11.370607,4.7,Under way using engine
2026-08-28T15:29:14Z,219000809,54.910213,11.387065,9.2,Under way using engine
2026-08-28T15:29:20Z,219000811,54.838710,11.491825,0.0,Under way using engine
2026-08-28T15:29:43Z,219002177,54.916738,11.368488,5.8,Under way using engine
2026-08-28T15:29:50Z,219000811,54.838705,11.491818,0.0,Under way using engine
2026-08-28T15:29:54Z,219000809,54.909095,11.389193,9.1,Under way using engine
2026-08-28T15:30:14Z,219002177,54.916627,11.366997,6.1,Under way using engine
2026-08-28T15:30:20Z,219000811,54.838707,11.491815,0.0,Under way using engine
2026-08-28T15:30:24Z,219000809,54.908393,11.391105,9.1,Under way using engine
2026-08-28T15:30:50Z,219000811,54.838708,11.491817,0.0,Under way using engine
2026-08-28T15:30:54Z,219000809,54.908095,11.393095,8.7,Under way using engine
2026-08-28T15:30:54Z,219002177,54.916460,11.365028,6.3,Under way using engine
2026-08-28T15:31:20Z,219000811,54.838707,11.491818,0.0,Under way using engine
2026-08-28T15:31:24Z,219000809,54.908247,11.395288,8.9,Under way using engine
2026-08-28T15:31:25Z,219002177,54.916335,11.363465,6.2,Under way using engine
2026-08-28T15:31:50Z,219000811,54.838707,11.491820,0.0,Under way using engine
2026-08-28T15:31:54Z,219000809,54.908475,11.397255,8.8,Under way using engine
2026-08-28T15:32:03Z,219002177,54.916325,11.361955,4.1,Under way using engine
2026-08-28T15:32:20Z,219000811,54.838707,11.491818,0.0,Under way using engine
2026-08-28T15:32:27Z,219000809,54.909002,11.399452,8.9,Under way using engine
2026-08-28T15:32:35Z,219002177,54.916338,11.361133,2.8,Under way using engine
2026-08-28T15:32:50Z,219000811,54.838708,11.491820,0.0,Under way using engine
2026-08-28T15:32:57Z,219000809,54.909790,11.401178,8.9,Under way using engine
2026-08-28T15:33:13Z,219002177,54.916348,11.360713,0.6,Under way using engine
2026-08-28T15:33:30Z,219000811,54.838712,11.491818,0.0,Under way using engine
2026-08-28T15:33:34Z,219000809,54.910780,11.403283,9.1,Under way using engine
2026-08-28T15:33:45Z,219002177,54.916352,11.360560,0.7,Under way using engine
2026-08-28T15:34:04Z,219000809,54.911538,11.404923,9.2,Under way using engine
2026-08-28T15:34:09Z,219000811,54.838712,11.491818,0.0,Under way using engine
2026-08-28T15:34:25Z,219002177,54.916357,11.360547,0.0,Under way using engine
2026-08-28T15:34:34Z,219000809,54.912412,11.406658,9.2,Under way using engine
2026-08-28T15:34:50Z,219000811,54.838712,11.491818,0.0,Under way using engine
2026-08-28T15:35:03Z,219002177,54.916358,11.360547,0.0,Under way using engine
2026-08-28T15:35:04Z,219000809,54.913168,11.408320,9.2,Under way using engine
2026-08-28T15:35:30Z,219000811,54.838713,11.491818,0.0,Under way using engine
2026-08-28T15:35:34Z,219000809,54.913983,11.410152,9.2,Under way using engine
2026-08-28T15:35:35Z,219002177,54.916362,11.360540,0.0,Under way using engine
2026-08-28T15:36:09Z,219000811,54.838715,11.491818,0.0,Under way using engine
2026-08-28T15:36:13Z,219002177,54.916367,11.360548,0.0,Under way using engine
2026-08-28T15:36:14Z,219000809,54.915037,11.412512,9.3,Under way using engine
2026-08-28T15:36:44Z,219000809,54.915798,11.414240,9.3,Under way using engine
2026-08-28T15:36:45Z,219002177,54.916360,11.360553,0.0,Under way using engine
2026-08-28T15:36:50Z,219000811,54.838715,11.491817,0.0,Under way using engine
2026-08-28T15:37:14Z,219000809,54.916585,11.416037,9.1,Under way using engine
2026-08-28T15:37:25Z,219002177,54.916363,11.360555,0.0,Under way using engine
2026-08-28T15:37:30Z,219000811,54.838712,11.491818,0.0,Under way using engine
2026-08-28T15:37:44Z,219000809,54.917357,11.417772,9.4,Under way using engine
2026-08-28T15:38:03Z,219002177,54.916355,11.360562,0.0,Under way using engine
2026-08-28T15:38:09Z,219000811,54.838710,11.491820,0.0,Under way using engine
2026-08-28T15:38:23Z,219000809,54.918342,11.420145,9.3,Under way using engine
2026-08-28T15:38:34Z,219002177,54.916347,11.360555,0.0,Under way using engine
2026-08-28T15:38:50Z,219000811,54.838710,11.491820,0.0,Under way using engine
2026-08-28T15:38:54Z,219000809,54.919203,11.422085,9.4,Under way using engine
2026-08-28T15:39:13Z,219002177,54.916360,11.360552,0.0,Under way using engine
2026-08-28T15:39:20Z,219000811,54.838712,11.491820,0.0,Under way using engine
2026-08-28T15:39:24Z,219000809,54.920000,11.423852,9.3,Under way using engine
2026-08-28T15:39:44Z,219002177,54.916353,11.360547,0.0,Under way using engine
2026-08-28T15:39:54Z,219000809,54.920730,11.425723,9.5,Under way using engine
2026-08-28T15:40:09Z,219000811,54.838708,11.491817,0.0,Under way using engine
2026-08-28T15:40:24Z,219000809,54.921543,11.427487,9.4,Under way using engine
2026-08-28T15:40:24Z,219002177,54.916378,11.360563,0.0,Under way using engine
2026-08-28T15:40:39Z,219000811,54.838703,11.491817,0.0,Under way using engine
2026-08-28T15:40:54Z,219000809,54.922298,11.429320,9.4,Under way using engine
2026-08-28T15:40:54Z,219002177,54.916358,11.360578,0.0,Under way using engine
2026-08-28T15:41:20Z,219000811,54.838700,11.491815,0.0,Under way using engine
2026-08-28T15:41:24Z,219002177,54.916367,11.360570,0.0,Under way using engine
2026-08-28T15:41:33Z,219000809,54.923377,11.431627,9.2,Under way using engine
2026-08-28T15:41:54Z,219002177,54.916357,11.360587,0.0,Under way using engine
2026-08-28T15:41:59Z,219000811,54.838702,11.491812,0.0,Under way using engine
2026-08-28T15:42:03Z,219000809,54.924140,11.433363,9.5,Under way using engine
2026-08-28T15:42:24Z,219002177,54.916370,11.360582,0.0,Under way using engine
2026-08-28T15:42:30Z,219000811,54.838702,11.491812,0.0,Under way using engine
2026-08-28T15:42:33Z,219000809,54.925023,11.435162,9.5,Under way using engine
2026-08-28T15:42:54Z,219002177,54.916378,11.360577,0.0,Under way using engine
2026-08-28T15:43:08Z,219000811,54.838703,11.491820,0.0,Under way using engine
2026-08-28T15:43:13Z,219000809,54.926092,11.437522,9.5,Under way using engine
2026-08-28T15:43:24Z,219002177,54.916373,11.360555,0.0,Under way using engine
2026-08-28T15:43:39Z,219000811,54.838707,11.491818,0.0,Under way using engine
2026-08-28T15:43:44Z,219000809,54.926977,11.439333,9.4,Under way using engine
2026-08-28T15:43:54Z,219002177,54.916367,11.360552,0.0,Under way using engine
2026-08-28T15:44:20Z,219000811,54.838707,11.491827,0.0,Under way using engine
2026-08-28T15:44:23Z,219000809,54.928005,11.441642,9.4,Under way using engine
2026-08-28T15:44:24Z,219002177,54.916343,11.360560,0.0,Under way using engine
2026-08-28T15:44:53Z,219000809,54.928832,11.443338,9.5,Under way using engine
2026-08-28T15:44:55Z,219002177,54.916343,11.360555,0.0,Under way using engine
2026-08-28T15:44:59Z,219000811,54.838707,11.491823,0.0,Under way using engine
2026-08-28T15:45:23Z,219000809,54.929622,11.445132,9.3,Under way using engine
2026-08-28T15:45:30Z,219000811,54.838712,11.491817,0.0,Under way using engine
2026-08-28T15:45:33Z,219002177,54.916357,11.360562,0.0,Under way using engine
2026-08-28T15:45:53Z,219000809,54.930423,11.446833,9.2,Under way using engine
2026-08-28T15:46:05Z,219002177,54.916365,11.360560,0.0,Under way using engine
2026-08-28T15:46:08Z,219000811,54.838712,11.491813,0.0,Under way using engine
2026-08-28T15:46:23Z,219000809,54.931227,11.448635,9.6,Under way using engine
2026-08-28T15:46:37Z,219002177,54.916360,11.360563,0.0,Under way using engine
2026-08-28T15:46:39Z,219000811,54.838713,11.491812,0.0,Under way using engine
2026-08-28T15:46:53Z,219000809,54.932053,11.450440,9.6,Under way using engine
2026-08-28T15:47:13Z,219002177,54.916345,11.360562,0.0,Under way using engine
2026-08-28T15:47:19Z,219000811,54.838717,11.491813,0.0,Under way using engine
2026-08-28T15:47:23Z,219000809,54.932842,11.452273,9.5,Under way using engine
2026-08-28T15:47:44Z,219002177,54.916345,11.360558,0.0,Under way using engine
2026-08-28T15:47:50Z,219000811,54.838718,11.491810,0.0,Under way using engine
2026-08-28T15:47:53Z,219000809,54.933438,11.454320,9.5,Under way using engine
2026-08-28T15:48:23Z,219000809,54.934070,11.456330,9.5,Under way using engine
2026-08-28T15:48:23Z,219000811,54.838720,11.491808,0.0,Under way using engine
2026-08-28T15:48:23Z,219002177,54.916363,11.360553,0.0,Under way using engine
2026-08-28T15:48:53Z,219000809,54.934687,11.458352,9.5,Under way using engine
2026-08-28T15:48:55Z,219002177,54.916350,11.360543,0.0,Under way using engine
2026-08-28T15:48:59Z,219000811,54.838717,11.491815,0.0,Under way using engine
2026-08-28T15:49:24Z,219000809,54.935333,11.460487,9.5,Under way using engine
2026-08-28T15:49:30Z,219000811,54.838718,11.491813,0.0,Under way using engine
2026-08-28T15:49:35Z,219002177,54.916337,11.360530,0.0,Under way using engine
2026-08-28T15:50:04Z,219000809,54.936163,11.463162,9.4,Under way using engine
2026-08-28T15:50:05Z,219002177,54.916327,11.360528,0.0,Under way using engine
2026-08-28T15:50:08Z,219000811,54.838718,11.491823,0.0,Under way using engine
2026-08-28T15:50:35Z,219002177,54.916352,11.360533,0.0,Under way using engine
2026-08-28T15:50:38Z,219000811,54.838718,11.491825,0.0,Under way using engine
2026-08-28T15:50:43Z,219000809,54.936945,11.465710,9.4,Under way using engine
2026-08-28T15:51:05Z,219002177,54.916358,11.360550,0.0,Under way using engine
2026-08-28T15:51:08Z,219000811,54.838720,11.491820,0.0,Under way using engine
2026-08-28T15:51:14Z,219000809,54.937553,11.467772,9.4,Under way using engine
2026-08-28T15:51:35Z,219002177,54.916340,11.360658,1.2,Under way using engine
2026-08-28T15:51:38Z,219000811,54.838723,11.491822,0.0,Under way using engine
2026-08-28T15:51:54Z,219000809,54.938377,11.470410,9.4,Under way using engine
2026-08-28T15:52:05Z,219002177,54.916275,11.361435,4.0,Under way using engine
2026-08-28T15:52:08Z,219000811,54.838723,11.491825,0.0,Under way using engine
2026-08-28T15:52:24Z,219000809,54.939033,11.472427,9.4,Under way using engine
2026-08-28T15:52:35Z,219002177,54.916260,11.362660,5.5,Under way using engine
2026-08-28T15:52:38Z,219000811,54.838723,11.491823,0.0,Under way using engine
2026-08-28T15:52:54Z,219000809,54.939712,11.474257,9.2,Under way using engine
2026-08-28T15:53:05Z,219002177,54.916352,11.364110,6.3,Under way using engine
2026-08-28T15:53:08Z,219000811,54.838723,11.491827,0.0,Under way using engine
2026-08-28T15:53:24Z,219000809,54.940492,11.475978,9.1,Under way using engine
2026-08-28T15:53:35Z,219002177,54.916428,11.365697,6.8,Under way using engine
2026-08-28T15:53:38Z,219000811,54.838723,11.491832,0.0,Under way using engine
2026-08-28T15:53:54Z,219000809,54.941443,11.477520,9.4,Under way using engine
2026-08-28T15:54:05Z,219002177,54.916572,11.367343,7.0,Under way using engine
2026-08-28T15:54:09Z,219000811,54.838722,11.491832,0.0,Under way using engine
2026-08-28T15:54:24Z,219000809,54.942305,11.479123,9.4,Under way using engine
2026-08-28T15:54:35Z,219002177,54.916703,11.369033,7.2,Under way using engine
2026-08-28T15:54:49Z,219000811,54.838718,11.491828,0.0,Under way using engine
2026-08-28T15:54:54Z,219000809,54.943280,11.480547,9.3,Under way using engine
2026-08-28T15:55:05Z,219002177,54.916902,11.370693,6.7,Under way using engine
2026-08-28T15:55:20Z,219000811,54.838713,11.491828,0.0,Under way using engine
2026-08-28T15:55:24Z,219000809,54.944525,11.481285,9.3,Under way using engine
2026-08-28T15:55:35Z,219002177,54.917527,11.371355,5.3,Under way using engine
2026-08-28T15:55:54Z,219000809,54.945773,11.481942,9.5,Under way using engine
2026-08-28T15:55:59Z,219000811,54.838713,11.491825,0.0,Under way using engine
2026-08-28T15:56:05Z,219002177,54.918357,11.371402,6.2,Under way using engine
2026-08-28T15:56:24Z,219000809,54.947057,11.482658,9.6,Under way using engine
2026-08-28T15:56:30Z,219000811,54.838712,11.491822,0.0,Under way using engine
2026-08-28T15:56:35Z,219002177,54.919252,11.371458,6.8,Under way using engine
2026-08-28T15:57:04Z,219000809,54.948800,11.483565,9.7,Under way using engine
2026-08-28T15:57:09Z,219000811,54.838718,11.491820,0.0,Under way using engine
2026-08-28T15:57:13Z,219002177,54.920502,11.371532,7.3,Under way using engine
2026-08-28T15:57:40Z,219000811,54.838722,11.491818,0.0,Under way using engine
2026-08-28T15:57:43Z,219000809,54.950480,11.484472,9.7,Under way using engine
2026-08-28T15:57:45Z,219002177,54.921610,11.371588,7.6,Under way using engine
2026-08-28T15:58:13Z,219000809,54.951785,11.485148,9.7,Under way using engine
2026-08-28T15:58:20Z,219000811,54.838727,11.491822,0.0,Under way using engine
2026-08-28T15:58:25Z,219002177,54.923057,11.371690,7.9,Under way using engine
2026-08-28T15:58:43Z,219000809,54.953047,11.485835,9.6,Under way using engine
2026-08-28T15:58:50Z,219000811,54.838727,11.491822,0.0,Under way using engine
2026-08-28T15:58:55Z,219002177,54.924158,11.371750,7.9,Under way using engine
2026-08-28T15:59:13Z,219000809,54.954327,11.486523,9.7,Under way using engine
2026-08-28T15:59:20Z,219000811,54.838722,11.491823,0.0,Under way using engine
2026-08-28T15:59:25Z,219002177,54.925250,11.371817,8.0,Under way using engine
2026-08-28T15:59:43Z,219000809,54.955607,11.487167,9.5,Under way using engine
2026-08-28T15:59:50Z,219000811,54.838717,11.491822,0.0,Under way using engine
2026-08-28T15:59:55Z,219002177,54.926355,11.371878,7.9,Under way using engine
2026-08-28T16:00:13Z,219000809,54.956847,11.487807,9.3,Under way using engine
2026-08-28T16:00:20Z,219000811,54.838713,11.491818,0.0,Under way using engine
2026-08-28T16:00:34Z,219002177,54.927792,11.371958,8.0,Under way using engine
2026-08-28T16:00:43Z,219000809,54.958113,11.488460,9.7,Under way using engine
2026-08-28T16:00:50Z,219000811,54.838710,11.491810,0.0,Under way using engine
2026-08-28T16:01:04Z,219002177,54.928888,11.372012,8.0,Under way using engine
2026-08-28T16:01:13Z,219000809,54.959347,11.489408,9.6,Under way using engine
2026-08-28T16:01:20Z,219000811,54.838710,11.491805,0.0,Under way using engine
2026-08-28T16:01:34Z,219002177,54.930005,11.372077,8.0,Under way using engine
2026-08-28T16:01:43Z,219000809,54.960520,11.490393,9.6,Under way using engine
2026-08-28T16:01:50Z,219000811,54.838710,11.491802,0.0,Under way using engine
2026-08-28T16:02:04Z,219002177,54.931140,11.372132,8.0,Under way using engine
2026-08-28T16:02:13Z,219000809,54.961742,11.491435,9.6,Under way using engine
2026-08-28T16:02:20Z,219000811,54.838710,11.491803,0.0,Under way using engine
2026-08-28T16:02:34Z,219002177,54.932237,11.372182,7.9,Under way using engine
2026-08-28T16:02:43Z,219000809,54.962928,11.492432,9.5,Under way using engine
2026-08-28T16:02:50Z,219000811,54.838712,11.491810,0.0,Under way using engine
2026-08-28T16:03:04Z,219002177,54.933325,11.372097,7.6,Under way using engine
2026-08-28T16:03:13Z,219000809,54.964042,11.493645,9.5,Under way using engine
2026-08-28T16:03:29Z,219000811,54.838712,11.491815,0.0,Under way using engine
2026-08-28T16:03:34Z,219002177,54.934358,11.371808,7.5,Under way using engine
2026-08-28T16:03:43Z,219000809,54.965118,11.494918,9.4,Under way using engine
2026-08-28T16:04:04Z,219002177,54.935268,11.371643,6.0,Under way using engine
2026-08-28T16:04:09Z,219000811,54.838710,11.491823,0.0,Under way using engine
2026-08-28T16:04:14Z,219000809,54.966187,11.496308,9.8,Under way using engine
2026-08-28T16:04:35Z,219002177,54.935755,11.371818,2.0,Under way using engine
2026-08-28T16:04:40Z,219000811,54.838710,11.491827,0.0,Under way using engine
2026-08-28T16:04:44Z,219000809,54.967302,11.497738,9.6,Under way using engine
2026-08-28T16:05:05Z,219002177,54.935900,11.371938,1.0,Under way using engine
2026-08-28T16:05:14Z,219000809,54.968323,11.499118,9.7,Under way using engine
2026-08-28T16:05:19Z,219000811,54.838708,11.491830,0.0,Under way using engine
2026-08-28T16:05:35Z,219002177,54.935950,11.371992,0.1,Under way using engine
2026-08-28T16:05:44Z,219000809,54.969465,11.500448,9.5,Under way using engine
2026-08-28T16:05:50Z,219000811,54.838710,11.491827,0.0,Under way using engine
2026-08-28T16:06:14Z,219000809,54.970508,11.501752,9.4,Under way using engine
2026-08-28T16:06:14Z,219002177,54.935955,11.371992,0.0,Under way using engine
2026-08-28T16:06:25Z,219000811,54.838712,11.491827,0.0,Under way using engine
2026-08-28T16:06:44Z,219000809,54.971453,11.503358,9.4,Under way using engine
2026-08-28T16:06:53Z,219002177,54.935935,11.371985,0.0,Under way using engine
2026-08-28T16:06:58Z,219000811,54.838715,11.491823,0.0,Under way using engine
2026-08-28T16:07:17Z,219000809,54.972290,11.505207,8.9,Under way using engine
2026-08-28T16:07:25Z,219002177,54.935953,11.371987,0.0,Under way using engine
2026-08-28T16:07:29Z,219000811,54.838717,11.491823,0.0,Under way using engine
2026-08-28T16:07:47Z,219000809,54.972317,11.507225,8.3,Under way using engine
2026-08-28T16:08:05Z,219002177,54.935942,11.371985,0.0,Under way using engine
2026-08-28T16:08:10Z,219000811,54.838715,11.491823,0.0,Under way using engine
2026-08-28T16:08:23Z,219000809,54.972162,11.509562,8.2,Under way using engine
2026-08-28T16:08:35Z,219002177,54.935943,11.371980,0.0,Under way using engine
2026-08-28T16:08:50Z,219000811,54.838717,11.491825,0.0,Under way using engine
2026-08-28T16:08:53Z,219000809,54.972027,11.511325,6.7,Under way using engine
2026-08-28T16:09:05Z,219002177,54.935945,11.371987,0.0,Under way using engine
2026-08-28T16:09:20Z,219000811,54.838720,11.491825,0.0,Under way using engine
2026-08-28T16:09:23Z,219000809,54.971953,11.512680,5.3,Under way using engine
2026-08-28T16:09:35Z,219002177,54.935962,11.371985,0.0,Under way using engine
2026-08-28T16:09:53Z,219000809,54.971940,11.513633,3.0,Under way using engine
2026-08-28T16:09:58Z,219000811,54.838727,11.491823,0.0,Under way using engine
2026-08-28T16:10:05Z,219002177,54.935943,11.371985,0.1,Under way using engine
2026-08-28T16:10:23Z,219000809,54.971922,11.514200,2.1,Under way using engine
2026-08-28T16:10:29Z,219000811,54.838727,11.491820,0.0,Under way using engine
2026-08-28T16:10:35Z,219002177,54.935932,11.371987,0.0,Under way using engine
2026-08-28T16:10:53Z,219000809,54.971927,11.514528,0.9,Under way using engine
2026-08-28T16:10:59Z,219000811,54.838725,11.491822,0.0,Under way using engine
2026-08-28T16:11:05Z,219002177,54.935948,11.371982,0.0,Under way using engine
2026-08-28T16:11:23Z,219000809,54.971928,11.514582,0.1,Under way using engine
2026-08-28T16:11:29Z,219000811,54.838723,11.491822,0.0,Under way using engine
2026-08-28T16:11:35Z,219002177,54.935928,11.371985,0.0,Under way using engine
2026-08-28T16:11:53Z,219000809,54.971930,11.514578,0.0,Under way using engine
2026-08-28T16:11:59Z,219000811,54.838722,11.491820,0.0,Under way using engine
2026-08-28T16:12:14Z,219002177,54.935965,11.371973,0.0,Under way using engine
2026-08-28T16:12:23Z,219000809,54.971927,11.514575,0.1,Under way using engine
2026-08-28T16:12:29Z,219000811,54.838723,11.491817,0.0,Under way using engine
2026-08-28T16:12:44Z,219002177,54.935978,11.371978,0.0,Under way using engine
2026-08-28T16:12:59Z,219000811,54.838723,11.491813,0.0,Under way using engine
2026-08-28T16:13:04Z,219000809,54.971922,11.514568,0.0,Under way using engine
2026-08-28T16:13:14Z,219002177,54.935987,11.371977,0.0,Under way using engine
2026-08-28T16:13:29Z,219000811,54.838723,11.491812,0.0,Under way using engine
2026-08-28T16:13:34Z,219000809,54.971920,11.514583,0.0,Under way using engine
2026-08-28T16:13:44Z,219002177,54.935962,11.371982,0.0,Under way using engine
2026-08-28T16:13:59Z,219000811,54.838720,11.491813,0.0,Under way using engine
2026-08-28T16:14:04Z,219000809,54.971928,11.514587,0.0,Under way using engine
2026-08-28T16:14:15Z,219002177,54.935970,11.371985,0.0,Under way using engine
2026-08-28T16:14:29Z,219000811,54.838722,11.491815,0.0,Under way using engine
2026-08-28T16:14:34Z,219000809,54.971937,11.514593,0.0,Under way using engine
2026-08-28T16:14:53Z,219002177,54.935907,11.371942,1.0,Under way using engine
2026-08-28T16:14:59Z,219000811,54.838720,11.491817,0.0,Under way using engine
2026-08-28T16:15:13Z,219000809,54.971912,11.514578,0.0,Under way using engine
2026-08-28T16:15:23Z,219002177,54.935610,11.371713,3.2,Under way using engine
2026-08-28T16:15:29Z,219000811,54.838722,11.491817,0.0,Under way using engine
2026-08-28T16:15:44Z,219000809,54.971957,11.514550,0.0,Under way using engine
2026-08-28T16:15:53Z,219002177,54.935072,11.371243,4.9,Under way using engine
2026-08-28T16:16:00Z,219000811,54.838722,11.491818,0.0,Under way using engine
2026-08-28T16:16:23Z,219000809,54.971957,11.514577,0.0,Under way using engine
2026-08-28T16:16:23Z,219002177,54.934395,11.370743,5.2,Under way using engine
2026-08-28T16:16:39Z,219000811,54.838718,11.491820,0.0,Under way using engine
2026-08-28T16:16:53Z,219000809,54.971920,11.514558,0.0,Under way using engine
2026-08-28T16:16:53Z,219002177,54.933632,11.370805,5.9,Under way using engine
2026-08-28T16:17:10Z,219000811,54.838718,11.491820,0.0,Under way using engine
2026-08-28T16:17:23Z,219000809,54.971908,11.514557,0.0,Under way using engine
2026-08-28T16:17:23Z,219002177,54.932765,11.370917,6.4,Under way using engine
2026-08-28T16:17:50Z,219000811,54.838718,11.491820,0.0,Under way using engine
2026-08-28T16:17:53Z,219000809,54.971908,11.514560,0.0,Under way using engine
2026-08-28T16:17:53Z,219002177,54.931845,11.371062,6.7,Under way using engine
2026-08-28T16:18:23Z,219000809,54.971910,11.514577,0.0,Under way using engine
2026-08-28T16:18:23Z,219002177,54.930893,11.371223,6.9,Under way using engine
2026-08-28T16:18:25Z,219000811,54.838718,11.491820,0.0,Under way using engine
2026-08-28T16:18:53Z,219002177,54.929927,11.371383,7.1,Under way using engine
2026-08-28T16:18:54Z,219000809,54.971912,11.514577,0.0,Under way using engine
2026-08-28T16:19:00Z,219000811,54.838717,11.491822,0.0,Under way using engine
2026-08-28T16:19:23Z,219002177,54.928957,11.371558,7.1,Under way using engine
2026-08-28T16:19:33Z,219000809,54.971947,11.514600,0.0,Under way using engine
2026-08-28T16:19:39Z,219000811,54.838713,11.491823,0.0,Under way using engine
2026-08-28T16:19:53Z,219002177,54.927965,11.371718,7.1,Under way using engine
2026-08-28T16:20:03Z,219000809,54.971933,11.514598,0.0,Under way using engine
2026-08-28T16:20:10Z,219000811,54.838712,11.491822,0.0,Under way using engine
2026-08-28T16:20:23Z,219002177,54.926985,11.371898,7.1,Under way using engine
2026-08-28T16:20:33Z,219000809,54.971903,11.514577,0.0,Under way using engine
2026-08-28T16:20:50Z,219000811,54.838712,11.491818,0.0,Under way using engine
2026-08-28T16:20:55Z,219002177,54.925945,11.372092,7.1,Under way using engine
2026-08-28T16:21:03Z,219000809,54.971912,11.514580,0.0,Under way using engine
2026-08-28T16:21:20Z,219000811,54.838710,11.491820,0.0,Under way using engine
2026-08-28T16:21:25Z,219002177,54.924972,11.372247,7.1,Under way using engine
2026-08-28T16:21:33Z,219000809,54.971935,11.514612,0.0,Under way using engine
2026-08-28T16:21:55Z,219002177,54.923982,11.372405,7.1,Under way using engine
2026-08-28T16:21:58Z,219000811,54.838715,11.491825,0.0,Under way using engine
2026-08-28T16:22:04Z,219000809,54.971940,11.514617,0.0,Under way using engine
2026-08-28T16:22:25Z,219002177,54.923010,11.372568,7.1,Under way using engine
2026-08-28T16:22:28Z,219000811,54.838718,11.491828,0.0,Under way using engine
2026-08-28T16:22:43Z,219000809,54.971885,11.514558,0.0,Under way using engine
2026-08-28T16:22:55Z,219002177,54.922047,11.372747,7.0,Under way using engine
2026-08-28T16:22:58Z,219000811,54.838720,11.491830,0.0,Under way using engine
2026-08-28T16:23:14Z,219000809,54.971932,11.514583,0.0,Under way using engine
2026-08-28T16:23:25Z,219002177,54.921095,11.372760,6.8,Under way using engine
2026-08-28T16:23:28Z,219000811,54.838722,11.491833,0.0,Under way using engine
2026-08-28T16:23:54Z,219000809,54.971943,11.514598,0.1,Under way using engine
2026-08-28T16:23:55Z,219002177,54.920165,11.372573,6.7,Under way using engine
2026-08-28T16:23:58Z,219000811,54.838725,11.491833,0.0,Under way using engine
2026-08-28T16:24:24Z,219000809,54.971925,11.514587,0.0,Under way using engine
2026-08-28T16:24:25Z,219002177,54.919275,11.372193,6.5,Under way using engine
2026-08-28T16:24:29Z,219000811,54.838727,11.491832,0.0,Under way using engine
2026-08-28T16:24:54Z,219000809,54.971918,11.514578,0.0,Under way using engine
2026-08-28T16:25:00Z,219000811,54.838727,11.491833,0.0,Under way using engine
2026-08-28T16:25:03Z,219002177,54.918162,11.371713,6.6,Under way using engine
2026-08-28T16:25:24Z,219000809,54.971930,11.514587,0.0,Under way using engine
2026-08-28T16:25:34Z,219002177,54.917267,11.371302,6.4,Under way using engine
2026-08-28T16:25:39Z,219000811,54.838725,11.491832,0.0,Under way using engine
2026-08-28T16:25:54Z,219000809,54.971928,11.514583,0.0,Under way using engine
2026-08-28T16:26:10Z,219000811,54.838725,11.491828,0.0,Under way using engine
2026-08-28T16:26:15Z,219002177,54.916703,11.369838,5.4,Under way using engine
2026-08-28T16:26:24Z,219000809,54.971918,11.514565,0.0,Under way using engine
2026-08-28T16:26:40Z,219000811,54.838725,11.491825,0.0,Under way using engine
2026-08-28T16:26:54Z,219000809,54.971930,11.514580,0.0,Under way using engine
2026-08-28T16:26:54Z,219002177,54.916648,11.367975,6.2,Under way using engine
2026-08-28T16:27:10Z,219000811,54.838725,11.491823,0.0,Under way using engine
2026-08-28T16:27:24Z,219000809,54.971938,11.514588,0.0,Under way using engine
2026-08-28T16:27:25Z,219002177,54.916560,11.366372,6.5,Under way using engine
2026-08-28T16:27:40Z,219000811,54.838723,11.491820,0.0,Under way using engine
2026-08-28T16:27:54Z,219000809,54.971928,11.514593,0.0,Under way using engine
2026-08-28T16:28:03Z,219002177,54.916398,11.364387,6.6,Under way using engine
2026-08-28T16:28:10Z,219000811,54.838723,11.491820,0.0,Under way using engine
2026-08-28T16:28:24Z,219000809,54.971927,11.514592,0.0,Under way using engine
2026-08-28T16:28:33Z,219002177,54.916335,11.362832,6.2,Under way using engine
2026-08-28T16:28:40Z,219000811,54.838723,11.491822,0.0,Under way using engine
2026-08-28T16:28:54Z,219000809,54.971923,11.514585,0.0,Under way using engine
2026-08-28T16:29:03Z,219002177,54.916360,11.361578,4.5,Under way using engine
2026-08-28T16:29:10Z,219000811,54.838722,11.491818,0.0,Under way using engine
2026-08-28T16:29:24Z,219000809,54.971945,11.514603,0.0,Under way using engine
2026-08-28T16:29:33Z,219002177,54.916375,11.360977,1.9,Under way using engine
2026-08-28T16:29:40Z,219000811,54.838718,11.491820,0.0,Under way using engine
2026-08-28T16:29:54Z,219000809,54.971945,11.514600,0.0,Under way using engine
2026-08-28T16:30:03Z,219002177,54.916363,11.360665,1.0,Under way using engine
2026-08-28T16:30:10Z,219000811,54.838718,11.491820,0.0,Under way using engine
2026-08-28T16:30:24Z,219000809,54.971912,11.514560,0.0,Under way using engine
2026-08-28T16:30:33Z,219002177,54.916365,11.360553,0.1,Under way using engine
2026-08-28T16:30:40Z,219000811,54.838718,11.491822,0.0,Under way using engine
2026-08-28T16:30:54Z,219000809,54.971945,11.514592,0.0,Under way using engine
2026-08-28T16:31:03Z,219002177,54.916363,11.360560,0.0,Under way using engine
2026-08-28T16:31:10Z,219000811,54.838720,11.491828,0.0,Under way using engine
2026-08-28T16:31:24Z,219000809,54.971952,11.514603,0.0,Under way using engine
2026-08-28T16:31:40Z,219000811,54.838720,11.491830,0.0,Under way using engine
2026-08-28T16:31:44Z,219002177,54.916368,11.360565,0.0,Under way using engine
2026-08-28T16:31:54Z,219000809,54.971917,11.514573,0.0,Under way using engine
2026-08-28T16:32:10Z,219000811,54.838718,11.491828,0.0,Under way using engine
2026-08-28T16:32:24Z,219000809,54.971922,11.514570,0.0,Under way using engine
2026-08-28T16:32:25Z,219002177,54.916382,11.360580,0.0,Under way using engine
2026-08-28T16:32:40Z,219000811,54.838723,11.491832,0.0,Under way using engine
2026-08-28T16:32:54Z,219000809,54.971930,11.514573,0.0,Under way using engine
2026-08-28T16:33:03Z,219002177,54.916375,11.360560,0.0,Under way using engine
2026-08-28T16:33:20Z,219000811,54.838727,11.491832,0.0,Under way using engine
2026-08-28T16:33:24Z,219000809,54.971930,11.514577,0.0,Under way using engine
2026-08-28T16:33:34Z,219002177,54.916388,11.360567,0.0,Under way using engine
2026-08-28T16:33:54Z,219000809,54.971950,11.514608,0.0,Under way using engine
2026-08-28T16:33:59Z,219000811,54.838727,11.491830,0.0,Under way using engine
2026-08-28T16:34:14Z,219002177,54.916368,11.360548,0.0,Under way using engine
2026-08-28T16:34:24Z,219000809,54.971943,11.514610,0.0,Under way using engine
2026-08-28T16:34:30Z,219000811,54.838725,11.491830,0.0,Under way using engine
2026-08-28T16:34:45Z,219002177,54.916380,11.360558,0.0,Under way using engine
2026-08-28T16:34:54Z,219000809,54.971933,11.514605,0.0,Under way using engine
2026-08-28T16:35:09Z,219000811,54.838725,11.491832,0.0,Under way using engine
2026-08-28T16:35:24Z,219000809,54.971935,11.514603,0.0,Under way using engine
2026-08-28T16:35:25Z,219002177,54.916352,11.360548,0.0,Under way using engine
2026-08-28T16:35:40Z,219000811,54.838725,11.491827,0.0,Under way using engine
2026-08-28T16:35:54Z,219000809,54.971922,11.514595,0.0,Under way using engine
2026-08-28T16:36:05Z,219002177,54.916358,11.360567,0.0,Under way using engine
2026-08-28T16:36:20Z,219000811,54.838727,11.491827,0.0,Under way using engine
2026-08-28T16:36:24Z,219000809,54.971925,11.514597,0.0,Under way using engine
2026-08-28T16:36:45Z,219002177,54.916362,11.360558,0.0,Under way using engine
2026-08-28T16:36:54Z,219000809,54.971927,11.514593,0.1,Under way using engine
2026-08-28T16:36:59Z,219000811,54.838728,11.491823,0.0,Under way using engine
2026-08-28T16:37:24Z,219000809,54.971928,11.514583,0.0,Under way using engine
2026-08-28T16:37:25Z,219002177,54.916365,11.360570,0.0,Under way using engine
2026-08-28T16:37:40Z,219000811,54.838732,11.491823,0.0,Under way using engine
2026-08-28T16:37:54Z,219000809,54.971938,11.514583,0.0,Under way using engine
2026-08-28T16:38:05Z,219002177,54.916372,11.360567,0.0,Under way using engine
2026-08-28T16:38:19Z,219000811,54.838733,11.491825,0.0,Under way using engine
2026-08-28T16:38:24Z,219000809,54.971943,11.514577,0.0,Under way using engine
2026-08-28T16:38:45Z,219002177,54.916362,11.360555,0.0,Under way using engine
2026-08-28T16:38:49Z,219000811,54.838733,11.491825,0.0,Under way using engine
2026-08-28T16:38:54Z,219000809,54.971940,11.514583,0.0,Under way using engine
2026-08-28T16:39:19Z,219000811,54.838732,11.491823,0.0,Under way using engine
2026-08-28T16:39:24Z,219000809,54.971945,11.514585,0.0,Under way using engine
2026-08-28T16:39:25Z,219002177,54.916358,11.360558,0.1,Under way using engine
2026-08-28T16:39:49Z,219000811,54.838728,11.491822,0.0,Under way using engine
2026-08-28T16:39:54Z,219000809,54.971937,11.514593,0.0,Under way using engine
2026-08-28T16:40:05Z,219002177,54.916360,11.360548,0.0,Under way using engine
2026-08-28T16:40:19Z,219000811,54.838727,11.491820,0.0,Under way using engine
2026-08-28T16:40:24Z,219000809,54.971950,11.514338,2.2,Under way using engine
2026-08-28T16:40:39Z,219002177,54.916363,11.360547,0.0,Under way using engine
2026-08-28T16:40:49Z,219000811,54.838725,11.491818,0.0,Under way using engine
2026-08-28T16:40:54Z,219000809,54.971932,11.513407,4.3,Under way using engine
2026-08-28T16:41:14Z,219002177,54.916373,11.360552,0.0,Under way using engine
2026-08-28T16:41:20Z,219000811,54.838725,11.491818,0.0,Under way using engine
2026-08-28T16:41:24Z,219000809,54.971863,11.512740,1.8,Under way using engine
2026-08-28T16:41:45Z,219002177,54.916373,11.360557,0.0,Under way using engine
2026-08-28T16:41:54Z,219000809,54.971875,11.512542,1.1,Under way using engine
2026-08-28T16:41:59Z,219000811,54.838722,11.491818,0.0,Under way using engine
2026-08-28T16:42:24Z,219000809,54.972033,11.511442,6.1,Under way using engine
2026-08-28T16:42:24Z,219002177,54.916375,11.360565,0.0,Under way using engine
2026-08-28T16:42:29Z,219000811,54.838723,11.491820,0.0,Under way using engine
2026-08-28T16:42:54Z,219000809,54.972218,11.509653,8.4,Under way using engine
2026-08-28T16:42:54Z,219002177,54.916357,11.360553,0.0,Under way using engine
2026-08-28T16:42:59Z,219000811,54.838727,11.491820,0.0,Under way using engine
2026-08-28T16:43:24Z,219000809,54.972392,11.507547,8.6,Under way using engine
2026-08-28T16:43:24Z,219002177,54.916363,11.360558,0.0,Under way using engine
2026-08-28T16:43:29Z,219000811,54.838725,11.491823,0.0,Under way using engine
2026-08-28T16:43:54Z,219002177,54.916365,11.360550,0.0,Under way using engine
2026-08-28T16:43:57Z,219000809,54.972242,11.505157,9.1,Under way using engine
2026-08-28T16:43:59Z,219000811,54.838723,11.491822,0.0,Under way using engine
2026-08-28T16:44:24Z,219002177,54.916377,11.360538,0.0,Under way using engine
2026-08-28T16:44:27Z,219000809,54.971628,11.503183,9.8,Under way using engine
2026-08-28T16:44:29Z,219000811,54.838718,11.491820,0.0,Under way using engine
2026-08-28T16:44:54Z,219002177,54.916372,11.360547,0.0,Under way using engine
2026-08-28T16:44:57Z,219000809,54.970630,11.501430,9.7,Under way using engine
2026-08-28T16:44:59Z,219000811,54.838717,11.491820,0.0,Under way using engine
2026-08-28T16:45:24Z,219002177,54.916378,11.360557,0.0,Under way using engine
2026-08-28T16:45:30Z,219000811,54.838717,11.491818,0.0,Under way using engine
2026-08-28T16:45:33Z,219000809,54.969383,11.499635,9.8,Under way using engine
2026-08-28T16:45:54Z,219002177,54.916383,11.360570,0.0,Under way using engine
2026-08-28T16:46:03Z,219000809,54.968357,11.498037,9.9,Under way using engine
2026-08-28T16:46:09Z,219000811,54.838715,11.491820,0.0,Under way using engine
2026-08-28T16:46:24Z,219002177,54.916383,11.360567,0.0,Under way using engine
2026-08-28T16:46:33Z,219000809,54.967300,11.496557,9.7,Under way using engine
2026-08-28T16:46:39Z,219000811,54.838715,11.491822,0.0,Under way using engine
2026-08-28T16:46:54Z,219002177,54.916383,11.360568,0.0,Under way using engine
2026-08-28T16:47:03Z,219000809,54.966275,11.495027,10.0,Under way using engine
2026-08-28T16:47:09Z,219000811,54.838718,11.491822,0.0,Under way using engine
2026-08-28T16:47:24Z,219002177,54.916372,11.360558,0.0,Under way using engine
2026-08-28T16:47:33Z,219000809,54.965225,11.493512,9.6,Under way using engine
2026-08-28T16:47:39Z,219000811,54.838720,11.491820,0.0,Under way using engine
2026-08-28T16:47:54Z,219002177,54.916373,11.360558,0.0,Under way using engine
2026-08-28T16:48:03Z,219000809,54.964187,11.492105,9.7,Under way using engine
2026-08-28T16:48:09Z,219000811,54.838722,11.491820,0.0,Under way using engine
2026-08-28T16:48:24Z,219002177,54.916372,11.360553,0.0,Under way using engine
2026-08-28T16:48:33Z,219000809,54.963037,11.490913,9.6,Under way using engine
2026-08-28T16:48:39Z,219000811,54.838723,11.491817,0.0,Under way using engine
2026-08-28T16:48:54Z,219002177,54.916365,11.360565,0.0,Under way using engine
2026-08-28T16:49:03Z,219000809,54.961858,11.489735,9.8,Under way using engine
2026-08-28T16:49:10Z,219000811,54.838723,11.491817,0.0,Under way using engine
2026-08-28T16:49:24Z,219002177,54.916367,11.360558,0.0,Under way using engine
2026-08-28T16:49:33Z,219000809,54.960647,11.488835,9.7,Under way using engine
2026-08-28T16:49:49Z,219000811,54.838725,11.491815,0.0,Under way using engine
2026-08-28T16:49:54Z,219002177,54.916370,11.360553,0.0,Under way using engine
2026-08-28T16:50:03Z,219000809,54.959308,11.488248,9.7,Under way using engine
2026-08-28T16:50:24Z,219002177,54.916367,11.360547,0.0,Under way using engine
2026-08-28T16:50:30Z,219000811,54.838725,11.491818,0.0,Under way using engine
2026-08-28T16:50:33Z,219000809,54.958037,11.487797,9.8,Under way using engine
2026-08-28T16:50:54Z,219002177,54.916375,11.360552,0.0,Under way using engine
2026-08-28T16:51:03Z,219000809,54.956697,11.487252,9.5,Under way using engine
2026-08-28T16:51:10Z,219000811,54.838723,11.491820,0.0,Under way using engine
2026-08-28T16:51:24Z,219002177,54.916368,11.360680,1.2,Under way using engine
2026-08-28T16:51:33Z,219000809,54.955455,11.486735,9.6,Under way using engine
2026-08-28T16:51:49Z,219000811,54.838718,11.491818,0.0,Under way using engine
2026-08-28T16:52:03Z,219000809,54.954127,11.486195,9.9,Under way using engine
2026-08-28T16:52:05Z,219002177,54.916290,11.361522,3.3,Under way using engine
2026-08-28T16:52:30Z,219000811,54.838715,11.491820,0.0,Under way using engine
2026-08-28T16:52:33Z,219000809,54.952820,11.485688,9.7,Under way using engine
2026-08-28T16:52:39Z,219002177,54.916262,11.362442,4.0,Under way using engine
2026-08-28T16:53:03Z,219000809,54.951513,11.485177,9.6,Under way using engine
2026-08-28T16:53:10Z,219000811,54.838715,11.491822,0.0,Under way using engine
2026-08-28T16:53:14Z,219002177,54.916367,11.363913,4.9,Under way using engine
2026-08-28T16:53:33Z,219000809,54.950210,11.484653,9.6,Under way using engine
2026-08-28T16:53:44Z,219002177,54.916398,11.365142,5.3,Under way using engine
2026-08-28T16:53:50Z,219000811,54.838713,11.491820,0.0,Under way using engine
2026-08-28T16:54:03Z,219000809,54.948915,11.484092,9.5,Under way using engine
2026-08-28T16:54:14Z,219002177,54.916502,11.366457,5.6,Under way using engine
2026-08-28T16:54:23Z,219000811,54.838712,11.491820,0.0,Under way using engine
2026-08-28T16:54:33Z,219000809,54.947653,11.483450,9.4,Under way using engine
2026-08-28T16:54:44Z,219002177,54.916620,11.367810,5.8,Under way using engine
2026-08-28T16:54:58Z,219000811,54.838713,11.491823,0.0,Under way using engine
2026-08-28T16:55:03Z,219000809,54.946428,11.482667,9.3,Under way using engine
2026-08-28T16:55:14Z,219002177,54.916778,11.369215,6.0,Under way using engine
2026-08-28T16:55:30Z,219000811,54.838712,11.491823,0.0,Under way using engine
2026-08-28T16:55:33Z,219000809,54.945192,11.481922,9.4,Under way using engine
2026-08-28T16:55:44Z,219002177,54.916973,11.370577,5.6,Under way using engine
2026-08-28T16:56:03Z,219000809,54.944073,11.480845,9.2,Under way using engine
2026-08-28T16:56:09Z,219000811,54.838713,11.491823,0.0,Under way using engine
2026-08-28T16:56:14Z,219002177,54.917507,11.371160,4.5,Under way using engine
2026-08-28T16:56:33Z,219000809,54.943105,11.479438,8.8,Under way using engine
2026-08-28T16:56:44Z,219002177,54.918180,11.371175,5.1,Under way using engine
2026-08-28T16:56:50Z,219000811,54.838718,11.491823,0.0,Under way using engine
2026-08-28T16:57:03Z,219000809,54.942235,11.478085,8.6,Under way using engine
2026-08-28T16:57:14Z,219002177,54.918925,11.371215,5.6,Under way using engine
2026-08-28T16:57:30Z,219000811,54.838722,11.491827,0.0,Under way using engine
2026-08-28T16:57:33Z,219000809,54.941343,11.476623,8.5,Under way using engine
2026-08-28T16:57:45Z,219002177,54.919757,11.371272,6.0,Under way using engine
2026-08-28T16:58:03Z,219000809,54.940525,11.475255,8.4,Under way using engine
2026-08-28T16:58:09Z,219000811,54.838725,11.491825,0.0,Under way using engine
2026-08-28T16:58:24Z,219002177,54.920863,11.371303,6.3,Under way using engine
2026-08-28T16:58:33Z,219000809,54.939690,11.473820,8.5,Under way using engine
2026-08-28T16:58:39Z,219000811,54.838725,11.491825,0.0,Under way using engine
2026-08-28T16:58:55Z,219002177,54.921772,11.371353,6.4,Under way using engine
2026-08-28T16:59:03Z,219000809,54.939098,11.472000,9.0,Under way using engine
2026-08-28T16:59:09Z,219000811,54.838725,11.491825,0.0,Under way using engine
2026-08-28T16:59:33Z,219000809,54.938560,11.469900,9.1,Under way using engine
2026-08-28T16:59:34Z,219002177,54.922957,11.371395,6.6,Under way using engine
2026-08-28T16:59:39Z,219000811,54.838727,11.491825,0.0,Under way using engine
2026-08-28T17:00:04Z,219000809,54.938042,11.467808,9.2,Under way using engine
2026-08-28T17:00:04Z,219002177,54.923857,11.371420,6.7,Under way using engine
2026-08-28T17:00:09Z,219000811,54.838725,11.491823,0.0,Under way using engine
2026-08-28T17:00:34Z,219002177,54.924827,11.371432,6.8,Under way using engine
2026-08-28T17:00:39Z,219000811,54.838725,11.491823,0.0,Under way using engine
2026-08-28T17:00:44Z,219000809,54.937320,11.465070,9.4,Under way using engine
2026-08-28T17:01:04Z,219002177,54.925738,11.371443,6.8,Under way using engine
2026-08-28T17:01:09Z,219000811,54.838722,11.491827,0.0,Under way using engine
2026-08-28T17:01:14Z,219000809,54.936767,11.463013,9.5,Under way using engine
2026-08-28T17:01:34Z,219002177,54.926718,11.371452,6.9,Under way using engine
2026-08-28T17:01:39Z,219000811,54.838722,11.491828,0.0,Under way using engine
2026-08-28T17:01:44Z,219000809,54.936208,11.460908,9.6,Under way using engine
2026-08-28T17:02:04Z,219002177,54.927637,11.371460,6.9,Under way using engine
2026-08-28T17:02:09Z,219000811,54.838722,11.491830,0.0,Under way using engine
2026-08-28T17:02:14Z,219000809,54.935638,11.458805,9.7,Under way using engine
2026-08-28T17:02:34Z,219002177,54.928617,11.371478,6.9,Under way using engine
2026-08-28T17:02:39Z,219000811,54.838722,11.491830,0.0,Under way using engine
2026-08-28T17:02:44Z,219000809,54.934990,11.456778,9.6,Under way using engine
2026-08-28T17:03:04Z,219002177,54.929527,11.371493,6.8,Under way using engine
2026-08-28T17:03:09Z,219000811,54.838722,11.491832,0.0,Under way using engine
2026-08-28T17:03:14Z,219000809,54.934220,11.454870,9.8,Under way using engine
2026-08-28T17:03:34Z,219002177,54.930498,11.371497,6.8,Under way using engine
2026-08-28T17:03:39Z,219000811,54.838720,11.491832,0.0,Under way using engine
2026-08-28T17:03:44Z,219000809,54.933348,11.453055,9.8,Under way using engine
2026-08-28T17:04:04Z,219002177,54.931405,11.371503,6.8,Under way using engine
2026-08-28T17:04:09Z,219000811,54.838722,11.491832,0.0,Under way using engine
2026-08-28T17:04:23Z,219000809,54.932297,11.450675,9.8,Under way using engine
2026-08-28T17:04:34Z,219002177,54.932380,11.371487,6.8,Under way using engine
2026-08-28T17:04:39Z,219000811,54.838722,11.491832,0.0,Under way using engine
2026-08-28T17:04:54Z,219000809,54.931385,11.448677,9.8,Under way using engine
2026-08-28T17:05:04Z,219002177,54.933295,11.371445,6.8,Under way using engine
2026-08-28T17:05:09Z,219000811,54.838722,11.491833,0.0,Under way using engine
2026-08-28T17:05:33Z,219000809,54.930358,11.446298,9.7,Under way using engine
2026-08-28T17:05:39Z,219000811,54.838723,11.491833,0.0,Under way using engine
2026-08-28T17:05:44Z,219002177,54.934557,11.371432,6.6,Under way using engine
2026-08-28T17:06:03Z,219000809,54.929518,11.444582,9.6,Under way using engine
2026-08-28T17:06:09Z,219000811,54.838722,11.491832,0.0,Under way using engine
2026-08-28T17:06:24Z,219002177,54.935563,11.371652,4.1,Under way using engine
2026-08-28T17:06:33Z,219000809,54.928647,11.442727,9.9,Under way using engine
2026-08-28T17:06:39Z,219000811,54.838720,11.491830,0.0,Under way using engine
2026-08-28T17:07:03Z,219000809,54.927767,11.440913,9.9,Under way using engine
2026-08-28T17:07:04Z,219002177,54.935892,11.371913,1.2,Under way using engine
2026-08-28T17:07:09Z,219000811,54.838722,11.491828,0.0,Under way using engine
2026-08-28T17:07:33Z,219000809,54.926897,11.439072,9.9,Under way using engine
2026-08-28T17:07:40Z,219000811,54.838723,11.491827,0.0,Under way using engine
2026-08-28T17:07:44Z,219002177,54.935978,11.371990,0.0,Under way using engine
2026-08-28T17:08:04Z,219000809,54.926008,11.437037,9.9,Under way using engine
2026-08-28T17:08:15Z,219002177,54.935975,11.371995,0.0,Under way using engine
2026-08-28T17:08:19Z,219000811,54.838725,11.491827,0.0,Under way using engine
2026-08-28T17:08:44Z,219000809,54.924903,11.434570,9.9,Under way using engine
2026-08-28T17:08:50Z,219000811,54.838725,11.491827,0.0,Under way using engine
2026-08-28T17:08:53Z,219002177,54.935978,11.371990,0.0,Under way using engine
2026-08-28T17:09:23Z,219000809,54.923798,11.432015,9.9,Under way using engine
2026-08-28T17:09:24Z,219002177,54.935973,11.371985,0.0,Under way using engine
2026-08-28T17:09:29Z,219000811,54.838725,11.491827,0.0,Under way using engine
2026-08-28T17:09:54Z,219000809,54.922937,11.430207,9.4,Under way using engine
2026-08-28T17:09:54Z,219002177,54.935975,11.371992,0.0,Under way using engine
2026-08-28T17:10:00Z,219000811,54.838727,11.491823,0.0,Under way using engine
2026-08-28T17:10:24Z,219002177,54.935983,11.371997,0.0,Under way using engine
2026-08-28T17:10:33Z,219000809,54.921878,11.427788,9.9,Under way using engine
2026-08-28T17:10:40Z,219000811,54.838727,11.491823,0.0,Under way using engine
2026-08-28T17:10:54Z,219002177,54.935983,11.371990,0.0,Under way using engine
2026-08-28T17:11:04Z,219000809,54.920998,11.425780,10.0,Under way using engine
2026-08-28T17:11:19Z,219000811,54.838727,11.491822,0.0,Under way using engine
2026-08-28T17:11:24Z,219002177,54.935975,11.371982,0.0,Under way using engine
2026-08-28T17:11:44Z,219000809,54.919892,11.423255,9.7,Under way using engine
2026-08-28T17:11:49Z,219000811,54.838722,11.491823,0.0,Under way using engine
2026-08-28T17:11:54Z,219002177,54.935967,11.371982,0.0,Under way using engine
2026-08-28T17:12:14Z,219000809,54.919092,11.421350,9.9,Under way using engine
2026-08-28T17:12:19Z,219000811,54.838718,11.491825,0.0,Under way using engine
2026-08-28T17:12:24Z,219002177,54.935970,11.371997,0.0,Under way using engine
2026-08-28T17:12:44Z,219000809,54.918258,11.419472,9.8,Under way using engine
2026-08-28T17:12:49Z,219000811,54.838718,11.491825,0.0,Under way using engine
2026-08-28T17:12:54Z,219002177,54.935967,11.372002,0.0,Under way using engine
2026-08-28T17:13:14Z,219000809,54.917425,11.417570,9.9,Under way using engine
2026-08-28T17:13:19Z,219000811,54.838718,11.491825,0.0,Under way using engine
2026-08-28T17:13:24Z,219002177,54.935967,11.372000,0.0,Under way using engine
2026-08-28T17:13:44Z,219000809,54.916605,11.415772,9.8,Under way using engine
2026-08-28T17:13:49Z,219000811,54.838717,11.491823,0.0,Under way using engine
2026-08-28T17:13:54Z,219002177,54.935968,11.371995,0.0,Under way using engine
2026-08-28T17:14:14Z,219000809,54.915750,11.413820,10.0,Under way using engine
2026-08-28T17:14:19Z,219000811,54.838717,11.491823,0.0,Under way using engine
2026-08-28T17:14:24Z,219002177,54.935972,11.371987,0.0,Under way using engine
2026-08-28T17:14:44Z,219000809,54.914922,11.412003,9.9,Under way using engine
2026-08-28T17:14:49Z,219000811,54.838717,11.491823,0.0,Under way using engine
2026-08-28T17:14:54Z,219002177,54.935975,11.371988,0.0,Under way using engine
2026-08-28T17:15:14Z,219000809,54.914072,11.410017,9.9,Under way using engine
2026-08-28T17:15:19Z,219000811,54.838713,11.491825,0.0,Under way using engine
2026-08-28T17:15:24Z,219002177,54.935957,11.371977,0.3,Under way using engine
2026-08-28T17:15:44Z,219000809,54.913252,11.408223,9.9,Under way using engine
2026-08-28T17:15:49Z,219000811,54.838715,11.491828,0.0,Under way using engine
2026-08-28T17:15:54Z,219002177,54.935810,11.371863,1.7,Under way using engine
2026-08-28T17:16:19Z,219000811,54.838715,11.491830,0.0,Under way using engine
2026-08-28T17:16:23Z,219000809,54.912182,11.405730,9.9,Under way using engine
2026-08-28T17:16:24Z,219002177,54.935425,11.371575,3.6,Under way using engine
2026-08-28T17:16:49Z,219000811,54.838715,11.491832,0.0,Under way using engine
2026-08-28T17:16:54Z,219000809,54.911298,11.403742,10.0,Under way using engine
2026-08-28T17:16:54Z,219002177,54.934900,11.370988,4.7,Under way using engine
2026-08-28T17:17:19Z,219000811,54.838715,11.491832,0.0,Under way using engine
2026-08-28T17:17:24Z,219002177,54.934293,11.370688,4.6,Under way using engine
2026-08-28T17:17:34Z,219000809,54.910145,11.401110,10.1,Under way using engine
2026-08-28T17:17:50Z,219000811,54.838715,11.491832,0.0,Under way using engine
2026-08-28T17:17:54Z,219002177,54.933622,11.370775,5.3,Under way using engine
2026-08-28T17:18:04Z,219000809,54.909317,11.399245,10.1,Under way using engine
2026-08-28T17:18:24Z,219002177,54.932855,11.370835,5.7,Under way using engine
2026-08-28T17:18:25Z,219000811,54.838713,11.491835,0.0,Under way using engine
2026-08-28T17:18:34Z,219000809,54.908605,11.397053,10.1,Under way using engine
2026-08-28T17:18:54Z,219002177,54.932033,11.370910,6.0,Under way using engine
2026-08-28T17:19:00Z,219000811,54.838713,11.491837,0.0,Under way using engine
2026-08-28T17:19:04Z,219000809,54.908382,11.394800,10.0,Under way using engine
2026-08-28T17:19:24Z,219002177,54.931180,11.371027,6.2,Under way using engine
2026-08-28T17:19:30Z,219000811,54.838713,11.491835,0.0,Under way using engine
2026-08-28T17:19:34Z,219000809,54.908785,11.392357,10.2,Under way using engine
2026-08-28T17:19:54Z,219002177,54.930315,11.371165,6.3,Under way using engine
2026-08-28T17:20:00Z,219000811,54.838715,11.491835,0.0,Under way using engine
2026-08-28T17:20:04Z,219000809,54.909608,11.390507,10.1,Under way using engine
2026-08-28T17:20:24Z,219002177,54.929443,11.371290,6.3,Under way using engine
2026-08-28T17:20:39Z,219000811,54.838715,11.491833,0.0,Under way using engine
2026-08-28T17:20:43Z,219000809,54.910873,11.388092,10.2,Under way using engine
2026-08-28T17:20:54Z,219002177,54.928562,11.371430,6.4,Under way using engine
2026-08-28T17:21:09Z,219000811,54.838717,11.491832,0.0,Under way using engine
2026-08-28T17:21:13Z,219000809,54.911772,11.386303,10.2,Under way using engine
2026-08-28T17:21:24Z,219002177,54.927682,11.371578,6.3,Under way using engine
2026-08-28T17:21:39Z,219000811,54.838720,11.491828,0.0,Under way using engine
2026-08-28T17:21:43Z,219000809,54.912602,11.384210,10.2,Under way using engine
2026-08-28T17:21:54Z,219002177,54.926793,11.371727,6.3,Under way using engine
2026-08-28T17:22:09Z,219000811,54.838720,11.491827,0.0,Under way using engine
2026-08-28T17:22:13Z,219000809,54.913362,11.382235,10.2,Under way using engine
2026-08-28T17:22:24Z,219002177,54.925930,11.371887,6.3,Under way using engine
2026-08-28T17:22:39Z,219000811,54.838720,11.491827,0.0,Under way using engine
2026-08-28T17:22:43Z,219000809,54.914187,11.380135,10.2,Under way using engine
2026-08-28T17:22:54Z,219002177,54.925068,11.372037,6.3,Under way using engine
2026-08-28T17:23:09Z,219000811,54.838718,11.491825,0.0,Under way using engine
2026-08-28T17:23:13Z,219000809,54.914968,11.378203,10.1,Under way using engine
2026-08-28T17:23:24Z,219002177,54.924202,11.372197,6.3,Under way using engine
2026-08-28T17:23:39Z,219000811,54.838715,11.491825,0.0,Under way using engine
2026-08-28T17:23:43Z,219000809,54.915908,11.376350,9.8,Under way using engine
2026-08-28T17:23:54Z,219002177,54.923310,11.372365,6.2,Under way using engine
2026-08-28T17:24:09Z,219000811,54.838713,11.491825,0.0,Under way using engine
2026-08-28T17:24:13Z,219000809,54.916698,11.374687,9.0,Under way using engine
2026-08-28T17:24:24Z,219002177,54.922483,11.372527,6.2,Under way using engine
2026-08-28T17:24:39Z,219000811,54.838712,11.491825,0.0,Under way using engine
2026-08-28T17:24:43Z,219000809,54.917007,11.372608,8.7,Under way using engine
2026-08-28T17:24:54Z,219002177,54.921623,11.372605,6.0,Under way using engine
2026-08-28T17:25:09Z,219000811,54.838712,11.491827,0.0,Under way using engine
2026-08-28T17:25:16Z,219000809,54.916988,11.370303,8.7,Under way using engine
2026-08-28T17:25:24Z,219002177,54.920820,11.372452,6.0,Under way using engine
2026-08-28T17:25:39Z,219000811,54.838710,11.491825,0.0,Under way using engine
2026-08-28T17:25:53Z,219000809,54.916790,11.367757,8.7,Under way using engine
2026-08-28T17:25:54Z,219002177,54.919950,11.372338,6.1,Under way using engine
2026-08-28T17:26:09Z,219000811,54.838710,11.491822,0.0,Under way using engine
2026-08-28T17:26:24Z,219000809,54.916592,11.365645,8.6,Under way using engine
2026-08-28T17:26:34Z,219002177,54.918842,11.372097,6.0,Under way using engine
2026-08-28T17:26:39Z,219000811,54.838710,11.491820,0.0,Under way using engine
2026-08-28T17:27:04Z,219000809,54.916358,11.363048,7.8,Under way using engine
2026-08-28T17:27:09Z,219000811,54.838708,11.491822,0.0,Under way using engine
2026-08-28T17:27:15Z,219002177,54.917725,11.371687,6.0,Under way using engine
2026-08-28T17:27:39Z,219000811,54.838710,11.491823,0.0,Under way using engine
2026-08-28T17:27:44Z,219000809,54.916148,11.361093,4.4,Under way using engine
2026-08-28T17:27:54Z,219002177,54.916870,11.370958,4.7,Under way using engine
2026-08-28T17:28:09Z,219000811,54.838712,11.491825,0.0,Under way using engine
2026-08-28T17:28:14Z,219000809,54.915990,11.360875,0.4,Under way using engine
2026-08-28T17:28:39Z,219000811,54.838712,11.491827,0.0,Under way using engine
2026-08-28T17:28:41Z,219002177,54.916775,11.369880,4.9,Under way using engine
2026-08-28T17:28:44Z,219000809,54.916037,11.360742,1.3,Under way using engine
2026-08-28T17:29:09Z,219000811,54.838710,11.491830,0.0,Under way using engine
2026-08-28T17:29:15Z,219002177,54.916653,11.367605,5.7,Under way using engine
2026-08-28T17:29:17Z,219000809,54.916040,11.360370,1.3,Under way using engine
2026-08-28T17:29:39Z,219000811,54.838710,11.491833,0.0,Under way using engine
2026-08-28T17:29:47Z,219000809,54.916067,11.360130,0.8,Under way using engine
2026-08-28T17:29:54Z,219002177,54.916535,11.365752,6.1,Under way using engine
2026-08-28T17:30:09Z,219000811,54.838712,11.491832,0.0,Under way using engine
2026-08-28T17:30:23Z,219000809,54.916085,11.360055,0.0,Under way using engine
2026-08-28T17:30:34Z,219002177,54.916362,11.363828,6.0,Under way using engine
2026-08-28T17:30:39Z,219000811,54.838710,11.491832,0.0,Under way using engine
2026-08-28T17:30:54Z,219000809,54.916082,11.360055,0.0,Under way using engine
2026-08-28T17:31:05Z,219002177,54.916333,11.362453,5.1,Under way using engine
2026-08-28T17:31:09Z,219000811,54.838710,11.491832,0.0,Under way using engine
2026-08-28T17:31:33Z,219000809,54.916070,11.360053,0.0,Under way using engine
2026-08-28T17:31:39Z,219000811,54.838712,11.491828,0.0,Under way using engine
2026-08-28T17:31:43Z,219002177,54.916340,11.361348,2.7,Under way using engine
2026-08-28T17:32:04Z,219000809,54.916070,11.360052,0.0,Under way using engine
2026-08-28T17:32:09Z,219000811,54.838712,11.491827,0.0,Under way using engine
2026-08-28T17:32:23Z,219002177,54.916370,11.360797,1.1,Under way using engine
2026-08-28T17:32:34Z,219000809,54.916077,11.360053,0.0,Under way using engine
2026-08-28T17:32:39Z,219000811,54.838708,11.491827,0.0,Under way using engine
2026-08-28T17:32:54Z,219002177,54.916367,11.360577,0.8,Under way using engine
2026-08-28T17:33:04Z,219000809,54.916072,11.360053,0.0,Under way using engine
2026-08-28T17:33:09Z,219000811,54.838707,11.491827,0.0,Under way using engine
2026-08-28T17:33:24Z,219002177,54.916365,11.360542,0.0,Under way using engine
2026-08-28T17:33:34Z,219000809,54.916078,11.360048,0.0,Under way using engine
2026-08-28T17:33:39Z,219000811,54.838708,11.491825,0.0,Under way using engine
2026-08-28T17:33:54Z,219002177,54.916363,11.360547,0.0,Under way using engine
2026-08-28T17:34:04Z,219000809,54.916080,11.360045,0.0,Under way using engine
2026-08-28T17:34:09Z,219000811,54.838708,11.491823,0.0,Under way using engine
2026-08-28T17:34:24Z,219002177,54.916352,11.360532,0.0,Under way using engine
2026-08-28T17:34:34Z,219000809,54.916078,11.360045,0.0,Under way using engine
2026-08-28T17:34:39Z,219000811,54.838708,11.491820,0.0,Under way using engine
2026-08-28T17:34:54Z,219002177,54.916350,11.360528,0.0,Under way using engine
2026-08-28T17:35:09Z,219000811,54.838707,11.491818,0.0,Under way using engine
2026-08-28T17:35:14Z,219000809,54.916075,11.360053,0.0,Under way using engine
2026-08-28T17:35:24Z,219002177,54.916353,11.360535,0.0,Under way using engine
2026-08-28T17:35:39Z,219000811,54.838708,11.491820,0.0,Under way using engine
2026-08-28T17:35:44Z,219000809,54.916085,11.360058,0.0,Under way using engine
2026-08-28T17:35:54Z,219002177,54.916350,11.360540,0.0,Under way using engine
2026-08-28T17:36:09Z,219000811,54.838708,11.491820,0.0,Under way using engine
2026-08-28T17:36:14Z,219000809,54.916072,11.360062,0.0,Under way using engine
2026-08-28T17:36:24Z,219002177,54.916355,11.360532,0.0,Under way using engine
2026-08-28T17:36:39Z,219000811,54.838708,11.491822,0.0,Under way using engine
2026-08-28T17:36:44Z,219000809,54.916067,11.360062,0.0,Under way using engine
2026-08-28T17:36:54Z,219002177,54.916357,11.360538,0.0,Under way using engine
2026-08-28T17:37:09Z,219000811,54.838708,11.491822,0.0,Under way using engine
2026-08-28T17:37:14Z,219000809,54.916068,11.360057,0.0,Under way using engine
2026-08-28T17:37:24Z,219002177,54.916360,11.360542,0.0,Under way using engine
2026-08-28T17:37:39Z,219000811,54.838710,11.491823,0.0,Under way using engine
2026-08-28T17:37:44Z,219000809,54.916075,11.360060,0.2,Under way using engine
2026-08-28T17:37:54Z,219002177,54.916348,11.360535,0.0,Under way using engine
2026-08-28T17:38:09Z,219000811,54.838712,11.491822,0.0,Under way using engine
2026-08-28T17:38:14Z,219000809,54.916070,11.360938,5.4,Under way using engine
2026-08-28T17:38:24Z,219002177,54.916348,11.360538,0.0,Under way using engine
2026-08-28T17:38:40Z,219000811,54.838713,11.491822,0.0,Under way using engine
2026-08-28T17:38:44Z,219000809,54.916225,11.362567,7.5,Under way using engine
2026-08-28T17:38:54Z,219002177,54.916345,11.360552,0.0,Under way using engine
2026-08-28T17:39:14Z,219000809,54.916420,11.364548,8.4,Under way using engine
2026-08-28T17:39:24Z,219002177,54.916337,11.360563,0.0,Under way using engine
2026-08-28T17:39:30Z,219000811,54.838715,11.491820,0.0,Under way using engine
2026-08-28T17:39:53Z,219000809,54.916687,11.367243,8.8,Under way using engine
2026-08-28T17:39:54Z,219002177,54.916335,11.360565,0.0,Under way using engine
2026-08-28T17:40:09Z,219000811,54.838718,11.491825,0.0,Under way using engine
2026-08-28T17:40:23Z,219000809,54.916903,11.369302,9.1,Under way using engine
2026-08-28T17:40:24Z,219002177,54.916343,11.360567,0.0,Under way using engine
2026-08-28T17:40:40Z,219000811,54.838720,11.491828,0.0,Under way using engine
2026-08-28T17:40:53Z,219000809,54.917077,11.371507,9.0,Under way using engine
2026-08-28T17:41:05Z,219002177,54.916353,11.360578,0.2,Under way using engine
2026-08-28T17:41:20Z,219000811,54.838720,11.491830,0.0,Under way using engine
2026-08-28T17:41:23Z,219000809,54.917002,11.373607,9.0,Under way using engine
2026-08-28T17:41:45Z,219002177,54.916302,11.361252,3.3,Under way using engine
2026-08-28T17:41:53Z,219000809,54.916325,11.375427,8.9,Under way using engine
2026-08-28T17:41:59Z,219000811,54.838720,11.491832,0.0,Under way using engine
2026-08-28T17:42:15Z,219002177,54.916280,11.362312,4.8,Under way using engine
2026-08-28T17:42:23Z,219000809,54.915587,11.377090,9.1,Under way using engine
2026-08-28T17:42:40Z,219000811,54.838720,11.491828,0.0,Under way using engine
2026-08-28T17:42:45Z,219002177,54.916335,11.363598,5.6,Under way using engine
2026-08-28T17:42:53Z,219000809,54.914778,11.378870,9.1,Under way using engine
2026-08-28T17:43:15Z,219002177,54.916423,11.364987,6.2,Under way using engine
2026-08-28T17:43:20Z,219000811,54.838715,11.491830,0.0,Under way using engine
2026-08-28T17:43:24Z,219000809,54.914023,11.380600,9.1,Under way using engine
2026-08-28T17:43:45Z,219002177,54.916545,11.366582,6.6,Under way using engine
2026-08-28T17:43:59Z,219000811,54.838713,11.491832,0.0,Under way using engine
2026-08-28T17:44:03Z,219000809,54.913010,11.382830,9.0,Under way using engine
2026-08-28T17:44:15Z,219002177,54.916657,11.368148,6.9,Under way using engine
2026-08-28T17:44:30Z,219000811,54.838712,11.491832,0.0,Under way using engine
2026-08-28T17:44:33Z,219000809,54.912237,11.384548,9.1,Under way using engine
2026-08-28T17:44:45Z,219002177,54.916788,11.369875,7.0,Under way using engine
2026-08-28T17:45:04Z,219000809,54.911438,11.386297,9.1,Under way using engine
2026-08-28T17:45:09Z,219000811,54.838707,11.491828,0.0,Under way using engine
2026-08-28T17:45:15Z,219002177,54.917137,11.371148,5.5,Under way using engine
2026-08-28T17:45:40Z,219000811,54.838703,11.491827,0.0,Under way using engine
2026-08-28T17:45:44Z,219000809,54.910393,11.388587,9.1,Under way using engine
2026-08-28T17:45:45Z,219002177,54.917872,11.371387,5.5,Under way using engine
2026-08-28T17:46:14Z,219000809,54.909593,11.390273,9.1,Under way using engine
2026-08-28T17:46:15Z,219002177,54.918678,11.371437,6.2,Under way using engine
2026-08-28T17:46:20Z,219000811,54.838703,11.491827,0.0,Under way using engine
2026-08-28T17:46:44Z,219000809,54.908778,11.391963,9.1,Under way using engine
2026-08-28T17:46:45Z,219002177,54.919608,11.371520,6.7,Under way using engine
2026-08-28T17:46:58Z,219000811,54.838702,11.491827,0.0,Under way using engine
2026-08-28T17:47:14Z,219000809,54.907950,11.393627,9.1,Under way using engine
2026-08-28T17:47:24Z,219002177,54.920855,11.371628,7.0,Under way using engine
2026-08-28T17:47:30Z,219000811,54.838702,11.491827,0.0,Under way using engine
2026-08-28T17:47:44Z,219000809,54.907118,11.395282,9.1,Under way using engine
2026-08-28T17:47:54Z,219002177,54.921852,11.371722,7.3,Under way using engine
2026-08-28T17:48:09Z,219000811,54.838703,11.491827,0.0,Under way using engine
2026-08-28T17:48:14Z,219000809,54.906340,11.397012,9.1,Under way using engine
2026-08-28T17:48:24Z,219002177,54.922875,11.371822,7.4,Under way using engine
2026-08-28T17:48:40Z,219000811,54.838703,11.491828,0.0,Under way using engine
2026-08-28T17:48:44Z,219000809,54.905742,11.398923,9.1,Under way using engine
2026-08-28T17:48:54Z,219002177,54.923905,11.371933,7.5,Under way using engine
2026-08-28T17:49:14Z,219000809,54.905207,11.400918,9.2,Under way using engine
2026-08-28T17:49:20Z,219000811,54.838707,11.491832,0.0,Under way using engine
2026-08-28T17:49:25Z,219002177,54.924942,11.372037,7.5,Under way using engine
2026-08-28T17:49:44Z,219000809,54.904657,11.402907,9.1,Under way using engine
2026-08-28T17:49:59Z,219000811,54.838707,11.491833,0.0,Under way using engine
2026-08-28T17:50:04Z,219002177,54.926323,11.372182,7.5,Under way using engine
2026-08-28T17:50:14Z,219000809,54.904165,11.404945,9.2,Under way using engine
2026-08-28T17:50:30Z,219000811,54.838705,11.491833,0.0,Under way using engine
2026-08-28T17:50:44Z,219000809,54.903647,11.406973,9.2,Under way using engine
2026-08-28T17:50:45Z,219002177,54.927732,11.372330,7.5,Under way using engine
2026-08-28T17:51:09Z,219000811,54.838700,11.491832,0.0,Under way using engine
2026-08-28T17:51:14Z,219000809,54.903152,11.409037,9.3,Under way using engine
2026-08-28T17:51:15Z,219002177,54.928767,11.372412,7.4,Under way using engine
2026-08-28T17:51:40Z,219000811,54.838700,11.491832,0.0,Under way using engine
2026-08-28T17:51:44Z,219000809,54.902648,11.411097,9.3,Under way using engine
2026-08-28T17:51:45Z,219002177,54.929797,11.372492,7.4,Under way using engine
2026-08-28T17:52:14Z,219000809,54.902125,11.413145,9.3,Under way using engine
2026-08-28T17:52:15Z,219002177,54.930825,11.372562,7.4,Under way using engine
2026-08-28T17:52:19Z,219000811,54.838698,11.491837,0.0,Under way using engine
2026-08-28T17:52:44Z,219000809,54.901643,11.415207,9.3,Under way using engine
2026-08-28T17:52:45Z,219002177,54.931808,11.372497,7.1,Under way using engine
2026-08-28T17:52:49Z,219000811,54.838698,11.491837,0.0,Under way using engine
2026-08-28T17:53:14Z,219000809,54.901148,11.417270,9.3,Under way using engine
2026-08-28T17:53:15Z,219002177,54.932780,11.372255,7.1,Under way using engine
2026-08-28T17:53:19Z,219000811,54.838700,11.491837,0.0,Under way using engine
2026-08-28T17:53:44Z,219000809,54.900623,11.419318,9.3,Under way using engine
2026-08-28T17:53:45Z,219002177,54.933720,11.372013,6.6,Under way using engine
2026-08-28T17:53:49Z,219000811,54.838702,11.491837,0.0,Under way using engine
2026-08-28T17:54:14Z,219000809,54.899977,11.421253,9.3,Under way using engine
2026-08-28T17:54:15Z,219002177,54.934547,11.371772,5.8,Under way using engine
2026-08-28T17:54:19Z,219000811,54.838702,11.491837,0.0,Under way using engine
2026-08-28T17:54:44Z,219000809,54.899353,11.423202,9.3,Under way using engine
2026-08-28T17:54:45Z,219002177,54.935193,11.371560,4.1,Under way using engine
2026-08-28T17:54:49Z,219000811,54.838703,11.491837,0.0,Under way using engine
2026-08-28T17:55:14Z,219000809,54.898733,11.425163,9.3,Under way using engine
2026-08-28T17:55:15Z,219002177,54.935582,11.371688,2.5,Under way using engine
2026-08-28T17:55:19Z,219000811,54.838703,11.491830,0.0,Under way using engine
2026-08-28T17:55:44Z,219000809,54.898092,11.427088,9.3,Under way using engine
2026-08-28T17:55:45Z,219002177,54.935805,11.371842,1.4,Under way using engine
2026-08-28T17:55:49Z,219000811,54.838707,11.491827,0.0,Under way using engine
2026-08-28T17:56:14Z,219000809,54.897473,11.429038,9.3,Under way using engine
2026-08-28T17:56:15Z,219002177,54.935915,11.371927,0.8,Under way using engine
2026-08-28T17:56:19Z,219000811,54.838707,11.491827,0.0,Under way using engine
2026-08-28T17:56:44Z,219000809,54.896817,11.430957,9.3,Under way using engine
2026-08-28T17:56:45Z,219002177,54.935967,11.371967,0.1,Under way using engine
2026-08-28T17:56:49Z,219000811,54.838708,11.491822,0.0,Under way using engine
2026-08-28T17:57:14Z,219000809,54.896208,11.432928,9.2,Under way using engine
2026-08-28T17:57:15Z,219002177,54.935972,11.371963,0.0,Under way using engine
2026-08-28T17:57:19Z,219000811,54.838710,11.491823,0.0,Under way using engine
2026-08-28T17:57:44Z,219000809,54.895580,11.434868,9.3,Under way using engine
2026-08-28T17:57:45Z,219002177,54.935960,11.371972,0.0,Under way using engine
2026-08-28T17:57:59Z,219000811,54.838708,11.491820,0.0,Under way using engine
2026-08-28T17:58:14Z,219000809,54.894945,11.436818,9.3,Under way using engine
2026-08-28T17:58:15Z,219002177,54.935960,11.371958,0.0,Under way using engine
2026-08-28T17:58:39Z,219000811,54.838712,11.491823,0.0,Under way using engine
2026-08-28T17:58:44Z,219000809,54.894323,11.438755,9.3,Under way using engine
2026-08-28T17:58:45Z,219002177,54.935958,11.371967,0.0,Under way using engine
2026-08-28T17:59:14Z,219000809,54.893682,11.440693,9.3,Under way using engine
2026-08-28T17:59:19Z,219000811,54.838712,11.491830,0.0,Under way using engine
2026-08-28T17:59:25Z,219002177,54.935960,11.371967,0.0,Under way using engine
2026-08-28T17:59:44Z,219000809,54.893052,11.442638,9.3,Under way using engine
2026-08-28T17:59:59Z,219000811,54.838710,11.491832,0.0,Under way using engine
2026-08-28T18:00:04Z,219002177,54.935970,11.371970,0.0,Under way using engine
2026-08-28T18:00:14Z,219000809,54.892415,11.444585,9.3,Under way using engine
2026-08-28T18:00:34Z,219002177,54.935968,11.371972,0.0,Under way using engine
2026-08-28T18:00:39Z,219000811,54.838705,11.491832,0.0,Under way using engine
2026-08-28T18:00:44Z,219000809,54.891785,11.446533,9.3,Under way using engine
2026-08-28T18:01:04Z,219002177,54.935973,11.371978,0.0,Under way using engine
2026-08-28T18:01:09Z,219000811,54.838702,11.491835,0.0,Under way using engine
2026-08-28T18:01:14Z,219000809,54.891127,11.448445,9.3,Under way using engine
2026-08-28T18:01:34Z,219002177,54.935960,11.371992,0.0,Under way using engine
2026-08-28T18:01:39Z,219000811,54.838702,11.491833,0.0,Under way using engine
2026-08-28T18:01:44Z,219000809,54.890392,11.450347,9.2,Under way using engine
2026-08-28T18:02:04Z,219002177,54.935962,11.371987,0.0,Under way using engine
2026-08-28T18:02:14Z,219000809,54.889670,11.452093,9.3,Under way using engine
2026-08-28T18:02:19Z,219000811,54.838703,11.491830,0.0,Under way using engine
2026-08-28T18:02:34Z,219002177,54.935970,11.371992,0.0,Under way using engine
2026-08-28T18:02:44Z,219000809,54.888900,11.453962,9.3,Under way using engine
2026-08-28T18:02:49Z,219000811,54.838705,11.491827,0.0,Under way using engine
2026-08-28T18:03:04Z,219002177,54.935970,11.371982,0.0,Under way using engine
2026-08-28T18:03:19Z,219000811,54.838707,11.491825,0.0,Under way using engine
2026-08-28T18:03:34Z,219000809,54.887602,11.456773,9.1,Under way using engine
2026-08-28T18:03:34Z,219002177,54.935967,11.371985,0.0,Under way using engine
2026-08-28T18:03:49Z,219000811,54.838712,11.491823,0.0,Under way using engine
2026-08-28T18:04:04Z,219002177,54.935972,11.371987,0.0,Under way using engine
2026-08-28T18:04:13Z,219000809,54.886555,11.458995,9.1,Under way using engine
2026-08-28T18:04:19Z,219000811,54.838712,11.491822,0.0,Under way using engine
2026-08-28T18:04:34Z,219002177,54.935973,11.371982,0.0,Under way using engine
2026-08-28T18:04:44Z,219000809,54.885703,11.460792,9.0,Under way using engine
2026-08-28T18:04:49Z,219000811,54.838713,11.491822,0.0,Under way using engine
2026-08-28T18:05:04Z,219002177,54.935972,11.371985,0.0,Under way using engine
2026-08-28T18:05:19Z,219000811,54.838710,11.491828,0.0,Under way using engine
2026-08-28T18:05:24Z,219000809,54.884690,11.462962,8.9,Under way using engine
2026-08-28T18:05:34Z,219002177,54.935973,11.371973,0.0,Under way using engine
2026-08-28T18:05:49Z,219000811,54.838710,11.491833,0.0,Under way using engine
2026-08-28T18:06:04Z,219000809,54.883628,11.465150,9.0,Under way using engine
2026-08-28T18:06:14Z,219002177,54.935970,11.371965,0.0,Under way using engine
2026-08-28T18:06:19Z,219000811,54.838710,11.491833,0.0,Under way using engine
2026-08-28T18:06:44Z,219000809,54.882550,11.467355,8.9,Under way using engine
2026-08-28T18:06:45Z,219002177,54.935982,11.371963,0.0,Under way using engine
2026-08-28T18:06:49Z,219000811,54.838710,11.491830,0.0,Under way using engine
2026-08-28T18:07:17Z,219000809,54.881775,11.469215,8.9,Under way using engine
2026-08-28T18:07:19Z,219000811,54.838707,11.491837,0.0,Under way using engine
2026-08-28T18:07:25Z,219002177,54.935957,11.371948,0.5,Under way using engine
2026-08-28T18:07:50Z,219000811,54.838705,11.491840,0.0,Under way using engine
2026-08-28T18:07:53Z,219000809,54.881052,11.471462,8.9,Under way using engine
2026-08-28T18:07:55Z,219002177,54.935618,11.371690,3.7,Under way using engine
2026-08-28T18:08:24Z,219000809,54.880760,11.473615,8.6,Under way using engine
2026-08-28T18:08:25Z,219002177,54.934928,11.371278,5.7,Under way using engine
2026-08-28T18:08:30Z,219000811,54.838708,11.491840,0.0,Under way using engine
2026-08-28T18:09:00Z,219000811,54.838705,11.491838,0.0,Under way using engine
2026-08-28T18:09:04Z,219000809,54.880677,11.476328,8.7,Under way using engine
2026-08-28T18:09:04Z,219002177,54.933898,11.371147,6.0,Under way using engine
2026-08-28T18:09:30Z,219000811,54.838710,11.491832,0.0,Under way using engine
2026-08-28T18:09:40Z,219000809,54.880790,11.478870,8.8,Under way using engine
2026-08-28T18:09:44Z,219002177,54.932737,11.372012,7.2,Under way using engine
2026-08-28T18:10:00Z,219000811,54.838710,11.491828,0.0,Under way using engine
2026-08-28T18:10:10Z,219000809,54.881400,11.480688,8.7,Under way using engine
2026-08-28T18:10:14Z,219002177,54.931938,11.372765,6.3,Under way using engine
2026-08-28T18:10:30Z,219000811,54.838710,11.491827,0.0,Under way using engine
2026-08-28T18:10:40Z,219000809,54.882263,11.482165,8.3,Under way using engine
2026-08-28T18:10:44Z,219002177,54.931087,11.373015,6.1,Under way using engine
2026-08-28T18:11:00Z,219000811,54.838708,11.491828,0.0,Under way using engine
2026-08-28T18:11:10Z,219000809,54.883058,11.483188,6.9,Under way using engine
2026-08-28T18:11:14Z,219002177,54.930202,11.373327,6.7,Under way using engine
2026-08-28T18:11:30Z,219000811,54.838703,11.491828,0.0,Under way using engine
2026-08-28T18:11:40Z,219000809,54.883815,11.483317,4.1,Under way using engine
2026-08-28T18:11:44Z,219002177,54.929308,11.373790,6.8,Under way using engine
2026-08-28T18:12:00Z,219000811,54.838707,11.491825,0.0,Under way using engine
2026-08-28T18:12:10Z,219000809,54.884127,11.483273,1.9,Under way using engine
2026-08-28T18:12:14Z,219002177,54.928330,11.374275,7.6,Under way using engine
2026-08-28T18:12:30Z,219000811,54.838708,11.491822,0.0,Under way using engine
2026-08-28T18:12:40Z,219000809,54.884280,11.483245,0.9,Under way using engine
2026-08-28T18:12:44Z,219002177,54.927240,11.374788,8.3,Under way using engine
2026-08-28T18:13:00Z,219000811,54.838705,11.491823,0.0,Under way using engine
2026-08-28T18:13:14Z,219000809,54.884325,11.483223,0.1,Under way using engine
2026-08-28T18:13:14Z,219002177,54.926182,11.375340,7.6,Under way using engine
2026-08-28T18:13:30Z,219000811,54.838705,11.491823,0.0,Under way using engine
2026-08-28T18:13:44Z,219002177,54.925242,11.375823,6.8,Under way using engine
2026-08-28T18:14:00Z,219000811,54.838705,11.491825,0.0,Under way using engine
2026-08-28T18:14:03Z,219000809,54.884335,11.483233,0.0,Under way using engine
2026-08-28T18:14:14Z,219002177,54.924163,11.376305,8.7,Under way using engine
2026-08-28T18:14:30Z,219000811,54.838705,11.491827,0.0,Under way using engine
2026-08-28T18:14:34Z,219000809,54.884328,11.483248,0.0,Under way using engine
2026-08-28T18:14:44Z,219002177,54.922910,11.376467,9.1,Under way using engine
2026-08-28T18:15:00Z,219000811,54.838707,11.491825,0.0,Under way using engine
2026-08-28T18:15:14Z,219000809,54.884320,11.483255,0.0,Under way using engine
2026-08-28T18:15:14Z,219002177,54.921627,11.376300,9.2,Under way using engine
2026-08-28T18:15:30Z,219000811,54.838705,11.491828,0.0,Under way using engine
2026-08-28T18:15:44Z,219002177,54.920457,11.375545,9.0,Under way using engine
2026-08-28T18:15:53Z,219000809,54.884320,11.483238,0.0,Under way using engine
2026-08-28T18:16:00Z,219000811,54.838708,11.491828,0.0,Under way using engine
2026-08-28T18:16:14Z,219002177,54.919368,11.374460,9.1,Under way using engine
2026-08-28T18:16:23Z,219000809,54.884337,11.483218,0.0,Under way using engine
2026-08-28T18:16:30Z,219000811,54.838705,11.491830,0.0,Under way using engine
2026-08-28T18:16:53Z,219000809,54.884335,11.483218,0.1,Under way using engine
2026-08-28T18:16:53Z,219002177,54.918162,11.372680,8.7,Under way using engine
2026-08-28T18:17:00Z,219000811,54.838707,11.491833,0.0,Under way using engine
2026-08-28T18:17:23Z,219000809,54.884335,11.483215,0.0,Under way using engine
2026-08-28T18:17:25Z,219002177,54.917240,11.371227,8.5,Under way using engine
2026-08-28T18:17:50Z,219000811,54.838703,11.491835,0.0,Under way using engine
2026-08-28T18:17:53Z,219000809,54.884322,11.483225,0.0,Under way using engine
2026-08-28T18:18:05Z,219002177,54.916727,11.368675,8.7,Under way using engine
2026-08-28T18:18:23Z,219000809,54.884317,11.483228,0.0,Under way using engine
2026-08-28T18:18:25Z,219000811,54.838705,11.491832,0.0,Under way using engine
2026-08-28T18:18:45Z,219002177,54.916438,11.365870,8.5,Under way using engine
2026-08-28T18:18:53Z,219000809,54.884325,11.483225,0.0,Under way using engine
2026-08-28T18:19:00Z,219000811,54.838707,11.491830,0.0,Under way using engine
2026-08-28T18:19:23Z,219000809,54.884352,11.483203,0.0,Under way using engine
2026-08-28T18:19:25Z,219002177,54.916323,11.363410,7.4,Under way using engine
2026-08-28T18:19:38Z,219000811,54.838707,11.491830,0.0,Under way using engine
2026-08-28T18:19:53Z,219000809,54.884332,11.483230,0.0,Under way using engine
2026-08-28T18:20:05Z,219002177,54.916350,11.361550,4.8,Under way using engine
2026-08-28T18:20:09Z,219000811,54.838705,11.491828,0.0,Under way using engine
2026-08-28T18:20:23Z,219000809,54.884335,11.483232,0.0,Under way using engine
2026-08-28T18:20:45Z,219002177,54.916368,11.360852,1.3,Under way using engine
2026-08-28T18:20:50Z,219000811,54.838708,11.491827,0.0,Under way using engine
2026-08-28T18:20:53Z,219000809,54.884337,11.483240,0.0,Under way using engine
2026-08-28T18:21:23Z,219000809,54.884337,11.483232,0.0,Under way using engine
2026-08-28T18:21:25Z,219002177,54.916375,11.360538,0.6,Under way using engine
2026-08-28T18:21:29Z,219000811,54.838712,11.491827,0.0,Under way using engine
2026-08-28T18:21:54Z,219000809,54.884343,11.483227,0.0,Under way using engine
2026-08-28T18:22:00Z,219000811,54.838710,11.491825,0.0,Under way using engine
2026-08-28T18:22:05Z,219002177,54.916380,11.360527,0.0,Under way using engine
2026-08-28T18:22:34Z,219000809,54.884337,11.483225,0.0,Under way using engine
2026-08-28T18:22:38Z,219000811,54.838710,11.491823,0.0,Under way using engine
2026-08-28T18:22:43Z,219002177,54.916368,11.360542,0.0,Under way using engine
2026-08-28T18:23:04Z,219000809,54.884328,11.483235,0.0,Under way using engine
2026-08-28T18:23:10Z,219000811,54.838705,11.491823,0.0,Under way using engine
2026-08-28T18:23:14Z,219002177,54.916363,11.360542,0.0,Under way using engine
2026-08-28T18:23:34Z,219000809,54.884322,11.483232,0.3,Under way using engine
2026-08-28T18:23:44Z,219002177,54.916385,11.360527,0.0,Under way using engine
2026-08-28T18:23:49Z,219000811,54.838705,11.491827,0.0,Under way using engine
2026-08-28T18:24:04Z,219000809,54.883890,11.483360,4.5,Under way using engine
2026-08-28T18:24:14Z,219002177,54.916357,11.360545,0.0,Under way using engine
2026-08-28T18:24:19Z,219000811,54.838715,11.491823,0.0,Under way using engine
2026-08-28T18:24:34Z,219000809,54.883040,11.483487,6.0,Under way using engine
2026-08-28T18:24:44Z,219002177,54.916360,11.360538,0.0,Under way using engine
2026-08-28T18:24:49Z,219000811,54.838720,11.491822,0.0,Under way using engine
2026-08-28T18:25:04Z,219000809,54.882467,11.483252,2.7,Under way using engine
2026-08-28T18:25:14Z,219002177,54.916365,11.360538,0.0,Under way using engine
2026-08-28T18:25:19Z,219000811,54.838722,11.491820,0.0,Under way using engine
2026-08-28T18:25:34Z,219000809,54.882380,11.482990,1.3,Under way using engine
2026-08-28T18:25:44Z,219002177,54.916392,11.360515,0.0,Under way using engine
2026-08-28T18:26:00Z,219000811,54.838717,11.491818,0.0,Under way using engine
2026-08-28T18:26:04Z,219000809,54.881952,11.482292,6.0,Under way using engine
2026-08-28T18:26:25Z,219002177,54.916390,11.360527,0.0,Under way using engine
2026-08-28T18:26:34Z,219000809,54.881017,11.481190,8.4,Under way using engine
2026-08-28T18:26:40Z,219000811,54.838708,11.491817,0.0,Under way using engine
2026-08-28T18:27:04Z,219000809,54.880145,11.479815,8.9,Under way using engine
2026-08-28T18:27:04Z,219002177,54.916368,11.360538,0.1,Under way using engine
2026-08-28T18:27:10Z,219000811,54.838710,11.491822,0.0,Under way using engine
2026-08-28T18:27:34Z,219000809,54.879812,11.477768,8.7,Under way using engine
2026-08-28T18:27:40Z,219000811,54.838712,11.491828,0.0,Under way using engine
2026-08-28T18:27:44Z,219002177,54.916363,11.360538,0.0,Under way using engine
2026-08-28T18:28:04Z,219000809,54.879828,11.475692,9.0,Under way using engine
2026-08-28T18:28:10Z,219000811,54.838712,11.491827,0.0,Under way using engine
2026-08-28T18:28:15Z,219002177,54.916378,11.360538,0.0,Under way using engine
2026-08-28T18:28:37Z,219000809,54.880110,11.473358,9.0,Under way using engine
2026-08-28T18:28:40Z,219000811,54.838715,11.491825,0.0,Under way using engine
2026-08-28T18:28:54Z,219002177,54.916373,11.360545,0.0,Under way using engine
2026-08-28T18:29:07Z,219000809,54.880667,11.471423,9.1,Under way using engine
2026-08-28T18:29:10Z,219000811,54.838717,11.491827,0.0,Under way using engine
2026-08-28T18:29:25Z,219002177,54.916383,11.360525,0.0,Under way using engine
2026-08-28T18:29:40Z,219000811,54.838710,11.491825,0.0,Under way using engine
2026-08-28T18:29:43Z,219000809,54.881380,11.469177,9.2,Under way using engine
2026-08-28T18:30:05Z,219002177,54.916355,11.360532,0.0,Under way using engine
2026-08-28T18:30:10Z,219000811,54.838707,11.491822,0.0,Under way using engine
2026-08-28T18:30:14Z,219000809,54.882063,11.467123,9.2,Under way using engine
2026-08-28T18:30:35Z,219002177,54.916350,11.360512,0.0,Under way using engine
2026-08-28T18:30:40Z,219000811,54.838707,11.491817,0.0,Under way using engine
2026-08-28T18:30:53Z,219000809,54.882978,11.464797,9.3,Under way using engine
2026-08-28T18:31:05Z,219002177,54.916362,11.360500,0.0,Under way using engine
2026-08-28T18:31:20Z,219000811,54.838710,11.491817,0.0,Under way using engine
2026-08-28T18:31:23Z,219000809,54.883785,11.463047,9.3,Under way using engine
2026-08-28T18:31:35Z,219002177,54.916355,11.360502,0.0,Under way using engine
2026-08-28T18:31:50Z,219000811,54.838712,11.491813,0.0,Under way using engine
2026-08-28T18:31:53Z,219000809,54.884580,11.461308,9.4,Under way using engine
2026-08-28T18:32:05Z,219002177,54.916357,11.360513,0.0,Under way using engine
2026-08-28T18:32:20Z,219000811,54.838713,11.491810,0.0,Under way using engine
2026-08-28T18:32:23Z,219000809,54.885440,11.459703,9.3,Under way using engine
2026-08-28T18:32:35Z,219002177,54.916362,11.360513,0.0,Under way using engine
2026-08-28T18:32:50Z,219000811,54.838718,11.491807,0.0,Under way using engine
2026-08-28T18:32:53Z,219000809,54.886468,11.458313,9.5,Under way using engine
2026-08-28T18:33:05Z,219002177,54.916365,11.360527,0.0,Under way using engine
2026-08-28T18:33:20Z,219000811,54.838720,11.491805,0.0,Under way using engine
2026-08-28T18:33:23Z,219000809,54.887483,11.456932,9.4,Under way using engine
2026-08-28T18:33:35Z,219002177,54.916362,11.360532,0.0,Under way using engine
2026-08-28T18:33:53Z,219000809,54.888490,11.455442,9.4,Under way using engine
2026-08-28T18:34:00Z,219000811,54.838725,11.491797,0.0,Under way using engine
2026-08-28T18:34:05Z,219002177,54.916363,11.360523,0.0,Under way using engine
2026-08-28T18:34:23Z,219000809,54.889468,11.453977,9.3,Under way using engine
2026-08-28T18:34:30Z,219000811,54.838732,11.491797,0.0,Under way using engine
2026-08-28T18:34:35Z,219002177,54.916358,11.360533,0.0,Under way using engine
2026-08-28T18:34:53Z,219000809,54.890232,11.452235,9.2,Under way using engine
2026-08-28T18:35:00Z,219000811,54.838733,11.491798,0.0,Under way using engine
2026-08-28T18:35:05Z,219002177,54.916375,11.360512,0.0,Under way using engine
2026-08-28T18:35:23Z,219000809,54.890883,11.450325,9.3,Under way using engine
2026-08-28T18:35:30Z,219000811,54.838733,11.491803,0.0,Under way using engine
2026-08-28T18:35:35Z,219002177,54.916377,11.360525,0.0,Under way using engine
2026-08-28T18:35:54Z,219000809,54.891570,11.448253,9.3,Under way using engine
2026-08-28T18:36:00Z,219000811,54.838728,11.491797,0.0,Under way using engine
2026-08-28T18:36:05Z,219002177,54.916377,11.360538,0.0,Under way using engine
2026-08-28T18:36:33Z,219000809,54.892417,11.445737,9.2,Under way using engine
2026-08-28T18:36:35Z,219002177,54.916375,11.360537,0.0,Under way using engine
2026-08-28T18:36:39Z,219000811,54.838690,11.491807,0.1,Under way using engine
2026-08-28T18:37:04Z,219000809,54.893037,11.443793,9.3,Under way using engine
2026-08-28T18:37:05Z,219002177,54.916372,11.360545,0.1,Under way using engine
2026-08-28T18:37:09Z,219000811,54.838702,11.491803,0.0,Under way using engine
2026-08-28T18:37:35Z,219002177,54.916365,11.360555,0.2,Under way using engine
2026-08-28T18:37:39Z,219000811,54.838707,11.491802,0.0,Under way using engine
2026-08-28T18:37:43Z,219000809,54.893895,11.441267,9.3,Under way using engine
2026-08-28T18:38:05Z,219002177,54.916328,11.361035,3.6,Under way using engine
2026-08-28T18:38:09Z,219000811,54.838710,11.491803,0.0,Under way using engine
2026-08-28T18:38:13Z,219000809,54.894525,11.439278,9.2,Under way using engine
2026-08-28T18:38:35Z,219002177,54.916285,11.362302,6.0,Under way using engine
2026-08-28T18:38:39Z,219000811,54.838715,11.491803,0.0,Under way using engine
2026-08-28T18:38:43Z,219000809,54.895157,11.437423,9.3,Under way using engine
2026-08-28T18:39:05Z,219002177,54.916335,11.363920,7.1,Under way using engine
2026-08-28T18:39:09Z,219000811,54.838723,11.491803,0.0,Under way using engine
2026-08-28T18:39:13Z,219000809,54.895787,11.435397,9.2,Under way using engine
2026-08-28T18:39:35Z,219002177,54.916442,11.365743,7.9,Under way using engine
2026-08-28T18:39:39Z,219000811,54.838718,11.491807,0.0,Under way using engine
2026-08-28T18:39:43Z,219000809,54.896433,11.433565,9.3,Under way using engine
2026-08-28T18:40:05Z,219002177,54.916610,11.367663,8.2,Under way using engine
2026-08-28T18:40:09Z,219000811,54.838715,11.491808,0.0,Under way using engine
2026-08-28T18:40:13Z,219000809,54.897087,11.431552,9.2,Under way using engine
2026-08-28T18:40:35Z,219002177,54.916817,11.369632,8.5,Under way using engine
2026-08-28T18:40:43Z,219000809,54.897703,11.429698,9.3,Under way using engine
2026-08-28T18:40:50Z,219000811,54.838712,11.491812,0.0,Under way using engine
2026-08-28T18:41:05Z,219002177,54.917242,11.371283,6.8,Under way using engine
2026-08-28T18:41:13Z,219000809,54.898392,11.427712,9.2,Under way using engine
2026-08-28T18:41:20Z,219000811,54.838707,11.491812,0.0,Under way using engine
2026-08-28T18:41:43Z,219000809,54.899005,11.425838,9.2,Under way using engine
2026-08-28T18:41:44Z,219002177,54.918487,11.371643,7.4,Under way using engine
2026-08-28T18:41:50Z,219000811,54.838702,11.491808,0.0,Under way using engine
2026-08-28T18:42:13Z,219000809,54.899647,11.423842,9.2,Under way using engine
2026-08-28T18:42:14Z,219002177,54.919555,11.371815,8.0,Under way using engine
2026-08-28T18:42:20Z,219000811,54.838695,11.491810,0.0,Under way using engine
2026-08-28T18:42:43Z,219000809,54.900190,11.421933,9.1,Under way using engine
2026-08-28T18:42:44Z,219002177,54.920695,11.371977,8.4,Under way using engine
2026-08-28T18:42:50Z,219000811,54.838697,11.491818,0.0,Under way using engine
2026-08-28T18:43:13Z,219000809,54.900755,11.419880,9.1,Under way using engine
2026-08-28T18:43:14Z,219002177,54.921883,11.372185,8.7,Under way using engine
2026-08-28T18:43:20Z,219000811,54.838697,11.491825,0.0,Under way using engine
2026-08-28T18:43:43Z,219000809,54.901285,11.417963,9.1,Under way using engine
2026-08-28T18:43:44Z,219002177,54.923108,11.372362,8.9,Under way using engine
2026-08-28T18:43:50Z,219000811,54.838697,11.491833,0.0,Under way using engine
2026-08-28T18:44:13Z,219000809,54.901855,11.415925,9.1,Under way using engine
2026-08-28T18:44:14Z,219002177,54.924343,11.372537,8.9,Under way using engine
2026-08-28T18:44:20Z,219000811,54.838702,11.491833,0.0,Under way using engine
2026-08-28T18:44:43Z,219000809,54.902382,11.414018,9.1,Under way using engine
2026-08-28T18:44:44Z,219002177,54.925563,11.372720,8.9,Under way using engine
2026-08-28T18:44:50Z,219000811,54.838703,11.491838,0.0,Under way using engine
2026-08-28T18:45:13Z,219000809,54.902925,11.411957,9.1,Under way using engine
2026-08-28T18:45:14Z,219002177,54.926805,11.372882,9.0,Under way using engine
2026-08-28T18:45:20Z,219000811,54.838703,11.491838,0.0,Under way using engine
2026-08-28T18:45:43Z,219000809,54.903487,11.410030,9.1,Under way using engine
2026-08-28T18:45:44Z,219002177,54.928067,11.373063,9.0,Under way using engine
2026-08-28T18:45:50Z,219000811,54.838707,11.491833,0.0,Under way using engine
2026-08-28T18:46:13Z,219000809,54.904022,11.408033,9.2,Under way using engine
2026-08-28T18:46:14Z,219002177,54.929258,11.373022,8.4,Under way using engine
2026-08-28T18:46:28Z,219000811,54.838707,11.491830,0.0,Under way using engine
2026-08-28T18:46:43Z,219000809,54.904580,11.406047,9.2,Under way using engine
2026-08-28T18:46:44Z,219002177,54.930358,11.372713,8.0,Under way using engine
2026-08-28T18:47:00Z,219000811,54.838712,11.491825,0.0,Under way using engine
2026-08-28T18:47:13Z,219000809,54.905113,11.403993,9.2,Under way using engine
2026-08-28T18:47:14Z,219002177,54.931385,11.372333,7.5,Under way using engine
2026-08-28T18:47:40Z,219000811,54.838715,11.491820,0.0,Under way using engine
2026-08-28T18:47:43Z,219000809,54.905622,11.401945,9.2,Under way using engine
2026-08-28T18:47:44Z,219002177,54.932373,11.371782,7.4,Under way using engine
2026-08-28T18:48:10Z,219000811,54.838715,11.491808,0.0,Under way using engine
2026-08-28T18:48:13Z,219000809,54.906133,11.399938,9.2,Under way using engine
2026-08-28T18:48:14Z,219002177,54.933350,11.371318,7.2,Under way using engine
2026-08-28T18:48:40Z,219000811,54.838715,11.491810,0.0,Under way using engine
2026-08-28T18:48:45Z,219002177,54.934360,11.371307,7.0,Under way using engine
2026-08-28T18:48:53Z,219000809,54.906898,11.397287,9.2,Under way using engine
2026-08-28T18:49:10Z,219000811,54.838713,11.491807,0.0,Under way using engine
2026-08-28T18:49:23Z,219000809,54.907542,11.395398,9.2,Under way using engine
2026-08-28T18:49:34Z,219002177,54.935500,11.371635,3.8,Under way using engine
2026-08-28T18:49:40Z,219000811,54.838715,11.491807,0.0,Under way using engine
2026-08-28T18:49:53Z,219000809,54.908248,11.393513,9.0,Under way using engine
2026-08-28T18:50:04Z,219002177,54.935800,11.371813,1.6,Under way using engine
2026-08-28T18:50:10Z,219000811,54.838712,11.491807,0.0,Under way using engine
2026-08-28T18:50:23Z,219000809,54.909068,11.391922,9.2,Under way using engine
2026-08-28T18:50:34Z,219002177,54.935897,11.371915,0.7,Under way using engine
2026-08-28T18:50:40Z,219000811,54.838707,11.491815,0.0,Under way using engine
2026-08-28T18:50:53Z,219000809,54.910010,11.390357,9.2,Under way using engine
2026-08-28T18:51:04Z,219002177,54.935977,11.371998,0.4,Under way using engine
2026-08-28T18:51:10Z,219000811,54.838707,11.491822,0.0,Under way using engine
2026-08-28T18:51:23Z,219000809,54.910935,11.388780,9.2,Under way using engine
2026-08-28T18:51:34Z,219002177,54.935980,11.371970,0.0,Under way using engine
2026-08-28T18:51:40Z,219000811,54.838708,11.491823,0.0,Under way using engine
2026-08-28T18:51:53Z,219000809,54.911815,11.387220,9.3,Under way using engine
2026-08-28T18:52:04Z,219002177,54.935985,11.371967,0.0,Under way using engine
2026-08-28T18:52:10Z,219000811,54.838707,11.491825,0.0,Under way using engine
2026-08-28T18:52:23Z,219000809,54.912592,11.385460,9.3,Under way using engine
2026-08-28T18:52:34Z,219002177,54.935985,11.371978,0.0,Under way using engine
2026-08-28T18:52:40Z,219000811,54.838707,11.491822,0.0,Under way using engine
2026-08-28T18:52:53Z,219000809,54.913340,11.383603,9.3,Under way using engine
2026-08-28T18:53:04Z,219002177,54.935980,11.371958,0.0,Under way using engine
2026-08-28T18:53:10Z,219000811,54.838700,11.491825,0.0,Under way using engine
2026-08-28T18:53:23Z,219000809,54.914087,11.381777,9.3,Under way using engine
2026-08-28T18:53:34Z,219002177,54.935970,11.371987,0.0,Under way using engine
2026-08-28T18:53:40Z,219000811,54.838700,11.491822,0.0,Under way using engine
2026-08-28T18:53:53Z,219000809,54.914833,11.379940,9.4,Under way using engine
2026-08-28T18:54:04Z,219002177,54.935972,11.371968,0.0,Under way using engine
2026-08-28T18:54:10Z,219000811,54.838702,11.491818,0.0,Under way using engine
2026-08-28T18:54:23Z,219000809,54.915572,11.378020,9.3,Under way using engine
2026-08-28T18:54:34Z,219002177,54.935957,11.371975,0.3,Under way using engine
2026-08-28T18:54:40Z,219000811,54.838703,11.491817,0.0,Under way using engine
2026-08-28T18:54:54Z,219000809,54.916188,11.376087,9.2,Under way using engine
2026-08-28T18:55:04Z,219002177,54.935748,11.371822,2.3,Under way using engine
2026-08-28T18:55:10Z,219000811,54.838705,11.491815,0.0,Under way using engine
2026-08-28T18:55:27Z,219000809,54.916577,11.373760,9.0,Under way using engine
2026-08-28T18:55:34Z,219002177,54.935307,11.371415,4.3,Under way using engine
2026-08-28T18:55:40Z,219000811,54.838705,11.491818,0.0,Under way using engine
2026-08-28T18:55:57Z,219000809,54.916665,11.371615,9.0,Under way using engine
2026-08-28T18:56:04Z,219002177,54.934670,11.370862,5.1,Under way using engine
2026-08-28T18:56:10Z,219000811,54.838703,11.491818,0.0,Under way using engine
2026-08-28T18:56:30Z,219000809,54.916608,11.369113,9.2,Under way using engine
2026-08-28T18:56:34Z,219002177,54.933938,11.370827,5.8,Under way using engine
2026-08-28T18:56:40Z,219000811,54.838703,11.491817,0.0,Under way using engine
2026-08-28T18:57:04Z,219000809,54.916507,11.366642,9.0,Under way using engine
2026-08-28T18:57:10Z,219000811,54.838705,11.491812,0.0,Under way using engine
2026-08-28T18:57:14Z,219002177,54.932735,11.370910,6.7,Under way using engine
2026-08-28T18:57:44Z,219000809,54.916433,11.363918,8.6,Under way using engine
2026-08-28T18:57:50Z,219000811,54.838707,11.491815,0.0,Under way using engine
2026-08-28T18:57:54Z,219002177,54.931457,11.370968,7.1,Under way using engine
2026-08-28T18:58:20Z,219000811,54.838707,11.491822,0.0,Under way using engine
2026-08-28T18:58:24Z,219000809,54.916270,11.361565,6.0,Under way using engine
2026-08-28T18:58:34Z,219002177,54.930113,11.371065,7.2,Under way using engine
2026-08-28T18:58:50Z,219000811,54.838710,11.491823,0.0,Under way using engine
2026-08-28T18:58:54Z,219000809,54.916040,11.360723,2.6,Under way using engine
2026-08-28T18:59:04Z,219002177,54.929105,11.371150,7.3,Under way using engine
2026-08-28T18:59:20Z,219000811,54.838710,11.491825,0.0,Under way using engine
2026-08-28T18:59:24Z,219000809,54.915978,11.360592,0.4,Under way using engine
2026-08-28T18:59:34Z,219002177,54.928078,11.371243,7.3,Under way using engine
2026-08-28T18:59:50Z,219000811,54.838708,11.491825,0.0,Under way using engine
2026-08-28T18:59:54Z,219000809,54.916017,11.360287,1.4,Under way using engine
2026-08-28T19:00:04Z,219002177,54.927073,11.371323,7.4,Under way using engine
2026-08-28T19:00:20Z,219000811,54.838710,11.491827,0.0,Under way using engine
2026-08-28T19:00:24Z,219000809,54.916083,11.360083,0.8,Under way using engine
2026-08-28T19:00:34Z,219002177,54.926093,11.371398,7.4,Under way using engine
2026-08-28T19:00:50Z,219000811,54.838713,11.491823,0.0,Under way using engine
2026-08-28T19:00:54Z,219000809,54.916082,11.360028,0.1,Under way using engine
2026-08-28T19:01:04Z,219002177,54.925040,11.371488,7.4,Under way using engine
2026-08-28T19:01:20Z,219000811,54.838708,11.491822,0.0,Under way using engine
2026-08-28T19:01:24Z,219000809,54.916097,11.360027,0.0,Under way using engine
2026-08-28T19:01:34Z,219002177,54.924045,11.371560,7.4,Under way using engine
2026-08-28T19:01:50Z,219000811,54.838707,11.491820,0.0,Under way using engine
2026-08-28T19:01:54Z,219000809,54.916087,11.360028,0.0,Under way using engine
2026-08-28T19:02:04Z,219002177,54.922990,11.371658,7.4,Under way using engine
2026-08-28T19:02:20Z,219000811,54.838707,11.491813,0.0,Under way using engine
2026-08-28T19:02:24Z,219000809,54.916112,11.360042,0.0,Under way using engine
2026-08-28T19:02:34Z,219002177,54.921965,11.371730,7.3,Under way using engine
2026-08-28T19:02:50Z,219000811,54.838707,11.491813,0.0,Under way using engine
2026-08-28T19:02:54Z,219000809,54.916107,11.360028,0.0,Under way using engine
2026-08-28T19:03:04Z,219002177,54.920975,11.371833,7.2,Under way using engine
2026-08-28T19:03:20Z,219000811,54.838707,11.491815,0.0,Under way using engine
2026-08-28T19:03:24Z,219000809,54.916108,11.360012,0.0,Under way using engine
2026-08-28T19:03:35Z,219002177,54.919950,11.371807,7.0,Under way using engine
2026-08-28T19:03:50Z,219000811,54.838700,11.491820,0.0,Under way using engine
2026-08-28T19:03:54Z,219000809,54.916113,11.360018,0.0,Under way using engine
2026-08-28T19:04:15Z,219002177,54.918653,11.371695,7.0,Under way using engine
2026-08-28T19:04:20Z,219000811,54.838702,11.491820,0.0,Under way using engine
2026-08-28T19:04:24Z,219000809,54.916112,11.360023,0.0,Under way using engine
2026-08-28T19:04:50Z,219000811,54.838705,11.491817,0.0,Under way using engine
2026-08-28T19:04:54Z,219000809,54.916095,11.360012,0.0,Under way using engine
2026-08-28T19:04:54Z,219002177,54.917468,11.371333,6.7,Under way using engine
2026-08-28T19:05:20Z,219000811,54.838707,11.491817,0.0,Under way using engine
2026-08-28T19:05:24Z,219000809,54.916085,11.360007,0.0,Under way using engine
2026-08-28T19:05:25Z,219002177,54.916903,11.370135,6.3,Under way using engine
2026-08-28T19:05:54Z,219000809,54.916112,11.360027,0.0,Under way using engine
2026-08-28T19:06:00Z,219000811,54.838700,11.491813,0.0,Under way using engine
2026-08-28T19:06:04Z,219002177,54.916720,11.368145,6.7,Under way using engine
2026-08-28T19:06:34Z,219000809,54.916117,11.360050,0.0,Under way using engine
2026-08-28T19:06:35Z,219002177,54.916592,11.366352,7.1,Under way using engine
2026-08-28T19:06:38Z,219000811,54.838700,11.491813,0.0,Under way using engine
2026-08-28T19:07:10Z,219000811,54.838702,11.491818,0.0,Under way using engine
2026-08-28T19:07:14Z,219000809,54.916095,11.360047,0.0,Under way using engine
2026-08-28T19:07:15Z,219002177,54.916362,11.364010,7.4,Under way using engine
2026-08-28T19:07:44Z,219000809,54.916097,11.360042,0.0,Under way using engine
2026-08-28T19:07:49Z,219000811,54.838703,11.491818,0.0,Under way using engine
2026-08-28T19:07:54Z,219002177,54.916362,11.361990,5.7,Under way using engine
2026-08-28T19:08:14Z,219000809,54.916098,11.360037,0.0,Under way using engine
2026-08-28T19:08:20Z,219000811,54.838707,11.491817,0.0,Under way using engine
2026-08-28T19:08:25Z,219002177,54.916392,11.361007,2.6,Under way using engine
2026-08-28T19:08:44Z,219000809,54.916097,11.360042,0.0,Under way using engine
2026-08-28T19:08:59Z,219000811,54.838708,11.491818,0.0,Under way using engine
2026-08-28T19:09:04Z,219002177,54.916392,11.360615,1.0,Under way using engine
2026-08-28T19:09:14Z,219000809,54.916100,11.360437,3.1,Under way using engine
2026-08-28T19:09:30Z,219000811,54.838710,11.491817,0.0,Under way using engine
2026-08-28T19:09:43Z,219002177,54.916385,11.360538,0.0,Under way using engine
2026-08-28T19:09:44Z,219000809,54.916190,11.361948,7.2,Under way using engine
2026-08-28T19:10:10Z,219000811,54.838713,11.491818,0.0,Under way using engine
2026-08-28T19:10:14Z,219000809,54.916355,11.363872,8.2,Under way using engine
2026-08-28T19:10:14Z,219002177,54.916385,11.360532,0.0,Under way using engine
2026-08-28T19:10:44Z,219000809,54.916553,11.365910,8.7,Under way using engine
2026-08-28T19:10:44Z,219002177,54.916390,11.360540,0.1,Under way using engine
2026-08-28T19:10:49Z,219000811,54.838713,11.491820,0.0,Under way using engine
2026-08-28T19:11:14Z,219000809,54.916767,11.367988,8.9,Under way using engine
2026-08-28T19:11:14Z,219002177,54.916392,11.360533,0.0,Under way using engine
2026-08-28T19:11:19Z,219000811,54.838713,11.491820,0.0,Under way using engine
2026-08-28T19:11:44Z,219000809,54.916975,11.370133,9.0,Under way using engine
2026-08-28T19:11:49Z,219000811,54.838713,11.491820,0.0,Under way using engine
2026-08-28T19:11:55Z,219002177,54.916388,11.360535,0.0,Under way using engine
2026-08-28T19:12:14Z,219000809,54.917130,11.372272,9.0,Under way using engine
2026-08-28T19:12:19Z,219000811,54.838715,11.491818,0.0,Under way using engine
2026-08-28T19:12:33Z,219002177,54.916365,11.360528,0.0,Under way using engine
2026-08-28T19:12:44Z,219000809,54.916920,11.374353,8.8,Under way using engine
2026-08-28T19:12:49Z,219000811,54.838713,11.491820,0.0,Under way using engine
2026-08-28T19:13:05Z,219002177,54.916363,11.360557,0.1,Under way using engine
2026-08-28T19:13:14Z,219000809,54.916157,11.376058,9.1,Under way using engine
2026-08-28T19:13:19Z,219000811,54.838713,11.491815,0.0,Under way using engine
2026-08-28T19:13:44Z,219000809,54.915350,11.377750,9.2,Under way using engine
2026-08-28T19:13:45Z,219002177,54.916388,11.360537,0.1,Under way using engine
2026-08-28T19:13:49Z,219000811,54.838707,11.491815,0.0,Under way using engine
2026-08-28T19:14:14Z,219000809,54.914548,11.379447,9.2,Under way using engine
2026-08-28T19:14:19Z,219000811,54.838710,11.491818,0.0,Under way using engine
2026-08-28T19:14:24Z,219002177,54.916377,11.360510,0.1,Under way using engine
2026-08-28T19:14:44Z,219000809,54.913688,11.381082,9.1,Under way using engine
2026-08-28T19:14:49Z,219000811,54.838707,11.491820,0.0,Under way using engine
2026-08-28T19:14:55Z,219002177,54.916378,11.360535,0.0,Under way using engine
2026-08-28T19:15:14Z,219000809,54.912918,11.382743,9.1,Under way using engine
2026-08-28T19:15:19Z,219000811,54.838708,11.491822,0.0,Under way using engine
2026-08-28T19:15:25Z,219002177,54.916372,11.360542,0.0,Under way using engine
2026-08-28T19:15:44Z,219000809,54.912082,11.384525,9.1,Under way using engine
2026-08-28T19:15:49Z,219000811,54.838708,11.491820,0.0,Under way using engine
2026-08-28T19:15:55Z,219002177,54.916383,11.360540,0.0,Under way using engine
2026-08-28T19:16:14Z,219000809,54.911343,11.386235,9.1,Under way using engine
2026-08-28T19:16:19Z,219000811,54.838707,11.491822,0.0,Under way using engine
2026-08-28T19:16:25Z,219002177,54.916402,11.360565,0.0,Under way using engine
2026-08-28T19:16:44Z,219000809,54.910598,11.388023,9.2,Under way using engine
2026-08-28T19:16:49Z,219000811,54.838705,11.491820,0.0,Under way using engine
2026-08-28T19:16:55Z,219002177,54.916388,11.360552,0.0,Under way using engine
2026-08-28T19:17:14Z,219000809,54.909803,11.389718,9.2,Under way using engine
2026-08-28T19:17:19Z,219000811,54.838707,11.491825,0.0,Under way using engine
2026-08-28T19:17:25Z,219002177,54.916398,11.360513,0.0,Under way using engine
2026-08-28T19:17:44Z,219000809,54.908990,11.391458,9.3,Under way using engine
2026-08-28T19:17:49Z,219000811,54.838708,11.491827,0.0,Under way using engine
2026-08-28T19:18:04Z,219002177,54.916368,11.360533,0.0,Under way using engine
2026-08-28T19:18:14Z,219000809,54.908253,11.393287,9.3,Under way using engine
2026-08-28T19:18:19Z,219000811,54.838708,11.491825,0.0,Under way using engine
2026-08-28T19:18:35Z,219002177,54.916358,11.360547,0.0,Under way using engine
2026-08-28T19:18:47Z,219000809,54.907780,11.395527,8.9,Under way using engine
2026-08-28T19:18:50Z,219000811,54.838705,11.491820,0.0,Under way using engine
2026-08-28T19:19:15Z,219002177,54.916383,11.360560,0.0,Under way using engine
2026-08-28T19:19:17Z,219000809,54.908132,11.397457,8.5,Under way using engine
2026-08-28T19:19:30Z,219000811,54.838707,11.491820,0.0,Under way using engine
2026-08-28T19:19:47Z,219000809,54.908847,11.399168,9.0,Under way using engine
2026-08-28T19:19:54Z,219002177,54.916382,11.360557,0.0,Under way using engine
2026-08-28T19:20:00Z,219000811,54.838702,11.491817,0.0,Under way using engine
2026-08-28T19:20:24Z,219000809,54.909782,11.401258,9.1,Under way using engine
2026-08-28T19:20:25Z,219002177,54.916360,11.360535,0.0,Under way using engine
2026-08-28T19:20:30Z,219000811,54.838697,11.491818,0.0,Under way using engine
2026-08-28T19:20:54Z,219000809,54.910538,11.403017,9.2,Under way using engine
2026-08-28T19:21:04Z,219002177,54.916365,11.360552,0.4,Under way using engine
2026-08-28T19:21:08Z,219000811,54.838697,11.491817,0.0,Under way using engine
2026-08-28T19:21:24Z,219000809,54.911303,11.404742,9.1,Under way using engine
2026-08-28T19:21:34Z,219002177,54.916357,11.361065,3.0,Under way using engine
2026-08-28T19:21:39Z,219000811,54.838700,11.491813,0.0,Under way using engine
2026-08-28T19:21:54Z,219000809,54.912060,11.406472,9.1,Under way using engine
2026-08-28T19:22:04Z,219002177,54.916355,11.362133,4.9,Under way using engine
2026-08-28T19:22:20Z,219000811,54.838702,11.491815,0.0,Under way using engine
2026-08-28T19:22:34Z,219000809,54.913148,11.408865,9.2,Under way using engine
2026-08-28T19:22:35Z,219002177,54.916362,11.363493,5.8,Under way using engine
2026-08-28T19:22:50Z,219000811,54.838707,11.491817,0.0,Under way using engine
2026-08-28T19:23:04Z,219000809,54.913848,11.410488,9.2,Under way using engine
2026-08-28T19:23:13Z,219002177,54.916423,11.365403,6.7,Under way using engine
2026-08-28T19:23:20Z,219000811,54.838712,11.491818,0.0,Under way using engine
2026-08-28T19:23:34Z,219000809,54.914620,11.412225,9.2,Under way using engine
2026-08-28T19:23:45Z,219002177,54.916550,11.367155,7.0,Under way using engine
2026-08-28T19:23:50Z,219000811,54.838710,11.491822,0.0,Under way using engine
2026-08-28T19:24:04Z,219000809,54.915438,11.413933,9.2,Under way using engine
2026-08-28T19:24:20Z,219000811,54.838707,11.491820,0.0,Under way using engine
2026-08-28T19:24:24Z,219002177,54.916805,11.369420,7.3,Under way using engine
2026-08-28T19:24:34Z,219000809,54.916217,11.415715,9.1,Under way using engine
2026-08-28T19:24:50Z,219000811,54.838705,11.491820,0.0,Under way using engine
2026-08-28T19:24:55Z,219002177,54.917140,11.370990,6.2,Under way using engine
2026-08-28T19:25:04Z,219000809,54.916952,11.417395,9.2,Under way using engine
2026-08-28T19:25:20Z,219000811,54.838707,11.491820,0.0,Under way using engine
2026-08-28T19:25:34Z,219000809,54.917780,11.419183,9.2,Under way using engine
2026-08-28T19:25:34Z,219002177,54.918102,11.371355,5.9,Under way using engine
2026-08-28T19:25:50Z,219000811,54.838705,11.491822,0.0,Under way using engine
2026-08-28T19:26:04Z,219000809,54.918603,11.420852,9.1,Under way using engine
2026-08-28T19:26:04Z,219002177,54.918990,11.371393,6.6,Under way using engine
2026-08-28T19:26:20Z,219000811,54.838707,11.491818,0.0,Under way using engine
2026-08-28T19:26:34Z,219000809,54.919397,11.422513,9.1,Under way using engine
2026-08-28T19:26:34Z,219002177,54.919928,11.371410,7.0,Under way using engine
2026-08-28T19:26:50Z,219000811,54.838708,11.491818,0.0,Under way using engine
2026-08-28T19:27:04Z,219000809,54.920158,11.424210,9.0,Under way using engine
2026-08-28T19:27:04Z,219002177,54.920953,11.371425,7.4,Under way using engine
2026-08-28T19:27:20Z,219000811,54.838707,11.491820,0.0,Under way using engine
2026-08-28T19:27:34Z,219000809,54.920938,11.425873,9.1,Under way using engine
2026-08-28T19:27:34Z,219002177,54.921988,11.371438,7.6,Under way using engine
2026-08-28T19:28:04Z,219002177,54.923017,11.371482,7.7,Under way using engine
2026-08-28T19:28:09Z,219000809,54.921728,11.427583,9.0,Under way using engine
2026-08-28T19:28:10Z,219000811,54.838703,11.491815,0.0,Under way using engine
2026-08-28T19:28:34Z,219002177,54.924135,11.371493,7.8,Under way using engine
2026-08-28T19:28:44Z,219000809,54.922787,11.429835,9.1,Under way using engine
2026-08-28T19:28:49Z,219000811,54.838703,11.491810,0.0,Under way using engine
2026-08-28T19:29:04Z,219002177,54.925182,11.371518,7.8,Under way using engine
2026-08-28T19:29:14Z,219000809,54.923555,11.431508,8.8,Under way using engine
2026-08-28T19:29:19Z,219000811,54.838712,11.491820,0.0,Under way using engine
2026-08-28T19:29:34Z,219002177,54.926298,11.371537,7.8,Under way using engine
2026-08-28T19:29:44Z,219000809,54.924335,11.433192,9.2,Under way using engine
2026-08-28T19:29:49Z,219000811,54.838713,11.491822,0.0,Under way using engine
2026-08-28T19:30:04Z,219002177,54.927353,11.371553,7.9,Under way using engine
2026-08-28T19:30:14Z,219000809,54.925152,11.434912,9.2,Under way using engine
2026-08-28T19:30:19Z,219000811,54.838712,11.491823,0.0,Under way using engine
2026-08-28T19:30:43Z,219002177,54.928762,11.371612,7.5,Under way using engine
2026-08-28T19:30:44Z,219000809,54.925962,11.436593,9.1,Under way using engine
2026-08-28T19:30:49Z,219000811,54.838712,11.491818,0.0,Under way using engine
2026-08-28T19:31:14Z,219002177,54.929823,11.371615,7.3,Under way using engine
2026-08-28T19:31:19Z,219000811,54.838708,11.491813,0.0,Under way using engine
2026-08-28T19:31:23Z,219000809,54.927008,11.438793,9.1,Under way using engine
2026-08-28T19:31:49Z,219000811,54.838705,11.491813,0.0,Under way using engine
2026-08-28T19:31:53Z,219000809,54.927792,11.440482,9.0,Under way using engine
2026-08-28T19:31:54Z,219002177,54.931162,11.371640,7.2,Under way using engine
2026-08-28T19:32:19Z,219000811,54.838712,11.491818,0.0,Under way using engine
2026-08-28T19:32:23Z,219000809,54.928597,11.442182,9.0,Under way using engine
2026-08-28T19:32:33Z,219002177,54.932465,11.371667,7.2,Under way using engine
2026-08-28T19:32:49Z,219000811,54.838713,11.491818,0.0,Under way using engine
2026-08-28T19:32:53Z,219000809,54.929360,11.443867,9.0,Under way using engine
2026-08-28T19:33:04Z,219002177,54.933457,11.371672,7.1,Under way using engine
2026-08-28T19:33:19Z,219000811,54.838712,11.491818,0.0,Under way using engine
2026-08-28T19:33:23Z,219000809,54.930147,11.445538,8.9,Under way using engine
2026-08-28T19:33:43Z,219002177,54.934703,11.371573,6.4,Under way using engine
2026-08-28T19:33:49Z,219000811,54.838708,11.491820,0.0,Under way using engine
2026-08-28T19:33:53Z,219000809,54.930900,11.447175,9.0,Under way using engine
2026-08-28T19:34:14Z,219002177,54.935457,11.371633,4.5,Under way using engine
2026-08-28T19:34:19Z,219000811,54.838708,11.491822,0.0,Under way using engine
2026-08-28T19:34:24Z,219000809,54.931705,11.448930,9.1,Under way using engine
2026-08-28T19:34:44Z,219002177,54.935788,11.371812,1.7,Under way using engine
2026-08-28T19:35:00Z,219000811,54.838713,11.491825,0.0,Under way using engine
2026-08-28T19:35:13Z,219000809,54.933017,11.451793,9.1,Under way using engine
2026-08-28T19:35:14Z,219002177,54.935927,11.371962,0.9,Under way using engine
2026-08-28T19:35:30Z,219000811,54.838710,11.491823,0.0,Under way using engine
2026-08-28T19:35:43Z,219000809,54.933702,11.453480,8.7,Under way using engine
2026-08-28T19:35:44Z,219002177,54.935985,11.372008,0.1,Under way using engine
2026-08-28T19:36:00Z,219000811,54.838708,11.491822,0.0,Under way using engine
2026-08-28T19:36:13Z,219000809,54.934292,11.455443,9.0,Under way using engine
2026-08-28T19:36:14Z,219002177,54.935978,11.372017,0.0,Under way using engine
2026-08-28T19:36:30Z,219000811,54.838707,11.491820,0.0,Under way using engine
2026-08-28T19:36:43Z,219000809,54.934920,11.457257,9.0,Under way using engine
2026-08-28T19:36:44Z,219002177,54.935988,11.372007,0.0,Under way using engine
2026-08-28T19:37:08Z,219000811,54.838703,11.491822,0.0,Under way using engine
2026-08-28T19:37:13Z,219000809,54.935517,11.459248,9.0,Under way using engine
2026-08-28T19:37:14Z,219002177,54.935995,11.372038,0.0,Under way using engine
2026-08-28T19:37:40Z,219000811,54.838705,11.491823,0.0,Under way using engine
2026-08-28T19:37:43Z,219000809,54.936080,11.461117,8.9,Under way using engine
2026-08-28T19:37:44Z,219002177,54.936000,11.372023,0.0,Under way using engine
2026-08-28T19:38:13Z,219000809,54.936637,11.463090,8.9,Under way using engine
2026-08-28T19:38:14Z,219002177,54.936002,11.372030,0.0,Under way using engine
2026-08-28T19:38:19Z,219000811,54.838703,11.491823,0.0,Under way using engine
2026-08-28T19:38:43Z,219000809,54.937208,11.464945,8.9,Under way using engine
2026-08-28T19:38:44Z,219002177,54.935988,11.372043,0.0,Under way using engine
2026-08-28T19:38:59Z,219000811,54.838698,11.491820,0.0,Under way using engine
2026-08-28T19:39:13Z,219000809,54.937780,11.466910,8.8,Under way using engine
2026-08-28T19:39:14Z,219002177,54.935985,11.372043,0.0,Under way using engine
2026-08-28T19:39:30Z,219000811,54.838697,11.491810,0.0,Under way using engine
2026-08-28T19:39:43Z,219000809,54.938282,11.468772,8.8,Under way using engine
2026-08-28T19:39:54Z,219002177,54.935970,11.372023,0.0,Under way using engine
2026-08-28T19:40:08Z,219000811,54.838695,11.491807,0.0,Under way using engine
2026-08-28T19:40:13Z,219000809,54.938788,11.470753,8.8,Under way using engine
2026-08-28T19:40:24Z,219002177,54.935980,11.372013,0.0,Under way using engine
2026-08-28T19:40:40Z,219000811,54.838688,11.491810,0.0,Under way using engine
2026-08-28T19:40:43Z,219000809,54.939302,11.472588,8.7,Under way using engine
2026-08-28T19:40:54Z,219002177,54.935993,11.372027,0.0,Under way using engine
2026-08-28T19:41:13Z,219000809,54.939872,11.474482,8.5,Under way using engine
2026-08-28T19:41:19Z,219000811,54.838688,11.491813,0.0,Under way using engine
2026-08-28T19:41:24Z,219002177,54.935985,11.372013,0.0,Under way using engine
2026-08-28T19:41:43Z,219000809,54.940667,11.475903,8.4,Under way using engine
2026-08-28T19:41:54Z,219002177,54.936000,11.372020,0.1,Under way using engine
2026-08-28T19:42:00Z,219000811,54.838688,11.491823,0.0,Under way using engine
2026-08-28T19:42:14Z,219000809,54.941560,11.477415,8.7,Under way using engine
2026-08-28T19:42:35Z,219002177,54.935992,11.372020,0.0,Under way using engine
2026-08-28T19:42:48Z,219000811,54.838693,11.491825,0.0,Under way using engine
2026-08-28T19:42:54Z,219000809,54.942727,11.479387,8.8,Under way using engine
2026-08-28T19:43:14Z,219002177,54.935992,11.372000,0.1,Under way using engine
2026-08-28T19:43:19Z,219000811,54.838688,11.491823,0.0,Under way using engine
2026-08-28T19:43:24Z,219000809,54.943638,11.480960,9.0,Under way using engine
2026-08-28T19:43:54Z,219000809,54.944642,11.481995,8.8,Under way using engine
2026-08-28T19:43:55Z,219002177,54.935968,11.371983,0.4,Under way using engine
2026-08-28T19:44:00Z,219000811,54.838685,11.491820,0.0,Under way using engine
2026-08-28T19:44:27Z,219000809,54.945992,11.482603,9.1,Under way using engine
2026-08-28T19:44:35Z,219002177,54.935615,11.371683,3.5,Under way using engine
2026-08-28T19:44:48Z,219000811,54.838695,11.491815,0.0,Under way using engine
2026-08-28T19:45:03Z,219000809,54.947525,11.483290,9.1,Under way using engine
2026-08-28T19:45:14Z,219002177,54.934857,11.370977,5.1,Under way using engine
2026-08-28T19:45:19Z,219000811,54.838698,11.491810,0.0,Under way using engine
2026-08-28T19:45:34Z,219000809,54.948802,11.483832,9.3,Under way using engine
2026-08-28T19:45:55Z,219002177,54.933883,11.370898,5.6,Under way using engine
2026-08-28T19:46:00Z,219000811,54.838698,11.491810,0.0,Under way using engine
2026-08-28T19:46:07Z,219000809,54.949977,11.484345,9.3,Under way using engine
2026-08-28T19:46:30Z,219000811,54.838702,11.491815,0.0,Under way using engine
2026-08-28T19:46:35Z,219002177,54.932735,11.371088,6.4,Under way using engine
2026-08-28T19:46:43Z,219000809,54.951590,11.485070,9.3,Under way using engine
2026-08-28T19:47:10Z,219000811,54.838698,11.491820,0.0,Under way using engine
2026-08-28T19:47:14Z,219000809,54.952870,11.485667,9.2,Under way using engine
2026-08-28T19:47:14Z,219002177,54.931585,11.371272,6.7,Under way using engine
2026-08-28T19:47:44Z,219002177,54.930608,11.371438,6.8,Under way using engine
2026-08-28T19:47:49Z,219000811,54.838695,11.491818,0.0,Under way using engine
2026-08-28T19:47:54Z,219000809,54.954533,11.486415,9.3,Under way using engine
2026-08-28T19:48:14Z,219002177,54.929682,11.371598,6.9,Under way using engine
2026-08-28T19:48:19Z,219000811,54.838698,11.491817,0.0,Under way using engine
2026-08-28T19:48:24Z,219000809,54.955768,11.486973,9.2,Under way using engine
2026-08-28T19:48:44Z,219002177,54.928683,11.371777,7.0,Under way using engine
2026-08-28T19:48:49Z,219000811,54.838698,11.491815,0.0,Under way using engine
2026-08-28T19:49:03Z,219000809,54.957365,11.487683,9.2,Under way using engine
2026-08-28T19:49:14Z,219002177,54.927757,11.371943,7.0,Under way using engine
2026-08-28T19:49:20Z,219000811,54.838693,11.491818,0.0,Under way using engine
2026-08-28T19:49:33Z,219000809,54.958670,11.488247,9.4,Under way using engine
2026-08-28T19:49:44Z,219002177,54.926765,11.372110,7.0,Under way using engine
2026-08-28T19:49:59Z,219000811,54.838690,11.491818,0.0,Under way using engine
2026-08-28T19:50:03Z,219000809,54.959885,11.488800,9.3,Under way using engine
2026-08-28T19:50:14Z,219002177,54.925798,11.372268,7.0,Under way using engine
2026-08-28T19:50:30Z,219000811,54.838693,11.491820,0.0,Under way using engine
2026-08-28T19:50:33Z,219000809,54.961140,11.489502,9.2,Under way using engine
2026-08-28T19:50:44Z,219002177,54.924822,11.372432,7.0,Under way using engine
2026-08-28T19:51:03Z,219000809,54.962153,11.490695,9.1,Under way using engine
2026-08-28T19:51:10Z,219000811,54.838693,11.491820,0.0,Under way using engine
2026-08-28T19:51:14Z,219002177,54.923858,11.372608,6.9,Under way using engine
2026-08-28T19:51:33Z,219000809,54.963225,11.492013,9.2,Under way using engine
2026-08-28T19:51:45Z,219002177,54.922913,11.372495,6.8,Under way using engine
2026-08-28T19:51:49Z,219000811,54.838697,11.491822,0.0,Under way using engine
2026-08-28T19:52:04Z,219000809,54.964262,11.493318,9.2,Under way using engine
2026-08-28T19:52:20Z,219000811,54.838697,11.491828,0.0,Under way using engine
2026-08-28T19:52:24Z,219002177,54.921670,11.372243,6.8,Under way using engine
2026-08-28T19:52:43Z,219000809,54.965602,11.494978,9.2,Under way using engine
2026-08-28T19:52:54Z,219002177,54.920728,11.372080,6.8,Under way using engine
2026-08-28T19:52:59Z,219000811,54.838698,11.491822,0.0,Under way using engine
2026-08-28T19:53:14Z,219000809,54.966673,11.496332,9.2,Under way using engine
2026-08-28T19:53:24Z,219002177,54.919800,11.371892,6.7,Under way using engine
2026-08-28T19:53:29Z,219000811,54.838697,11.491818,0.0,Under way using engine
2026-08-28T19:53:53Z,219000809,54.967997,11.497997,9.1,Under way using engine
2026-08-28T19:53:54Z,219002177,54.918865,11.371718,6.8,Under way using engine
2026-08-28T19:53:59Z,219000811,54.838700,11.491828,0.0,Under way using engine
2026-08-28T19:54:24Z,219000809,54.969053,11.499327,9.1,Under way using engine
2026-08-28T19:54:24Z,219002177,54.917963,11.371418,6.6,Under way using engine
2026-08-28T19:54:29Z,219000811,54.838698,11.491825,0.0,Under way using engine
2026-08-28T19:54:55Z,219002177,54.917108,11.370907,6.0,Under way using engine
2026-08-28T19:54:59Z,219000811,54.838697,11.491822,0.0,Under way using engine
2026-08-28T19:55:04Z,219000809,54.970378,11.501053,8.9,Under way using engine
2026-08-28T19:55:29Z,219000811,54.838698,11.491825,0.0,Under way using engine
2026-08-28T19:55:34Z,219002177,54.916768,11.369458,5.3,Under way using engine
2026-08-28T19:55:43Z,219000809,54.971590,11.503008,9.0,Under way using engine
2026-08-28T19:55:59Z,219000811,54.838700,11.491823,0.0,Under way using engine
2026-08-28T19:56:04Z,219002177,54.916697,11.368088,5.9,Under way using engine
2026-08-28T19:56:13Z,219000809,54.972212,11.504823,8.7,Under way using engine
2026-08-28T19:56:29Z,219000811,54.838705,11.491825,0.0,Under way using engine
2026-08-28T19:56:34Z,219002177,54.916588,11.366623,6.2,Under way using engine
2026-08-28T19:56:43Z,219000809,54.972252,11.506808,8.3,Under way using engine
2026-08-28T19:56:59Z,219000811,54.838707,11.491823,0.0,Under way using engine
2026-08-28T19:57:04Z,219002177,54.916472,11.365105,6.4,Under way using engine
2026-08-28T19:57:13Z,219000809,54.972160,11.508817,8.3,Under way using engine
2026-08-28T19:57:29Z,219000811,54.838707,11.491823,0.0,Under way using engine
2026-08-28T19:57:34Z,219002177,54.916368,11.363567,6.4,Under way using engine
2026-08-28T19:57:43Z,219000809,54.972053,11.510792,7.8,Under way using engine
2026-08-28T19:57:59Z,219000811,54.838708,11.491818,0.0,Under way using engine
2026-08-28T19:58:04Z,219002177,54.916375,11.362220,5.1,Under way using engine
2026-08-28T19:58:13Z,219000809,54.971958,11.512363,6.0,Under way using engine
2026-08-28T19:58:30Z,219000811,54.838710,11.491813,0.0,Under way using engine
2026-08-28T19:58:34Z,219002177,54.916380,11.361255,3.2,Under way using engine
2026-08-28T19:58:43Z,219000809,54.971943,11.513532,4.1,Under way using engine
2026-08-28T19:59:00Z,219000811,54.838710,11.491813,0.0,Under way using engine
2026-08-28T19:59:04Z,219002177,54.916370,11.360848,1.3,Under way using engine
2026-08-28T19:59:13Z,219000809,54.971945,11.514098,1.8,Under way using engine
2026-08-28T19:59:30Z,219000811,54.838708,11.491807,0.0,Under way using engine
2026-08-28T19:59:34Z,219002177,54.916363,11.360580,0.8,Under way using engine
2026-08-28T19:59:44Z,219000809,54.971933,11.514400,0.9,Under way using engine
2026-08-28T20:00:00Z,219000811,54.838703,11.491807,0.0,Under way using engine
2026-08-28T20:00:04Z,219002177,54.916362,11.360547,0.0,Under way using engine
2026-08-28T20:00:15Z,219000809,54.971922,11.514553,0.4,Under way using engine
2026-08-28T20:00:30Z,219000811,54.838700,11.491810,0.0,Under way using engine
2026-08-28T20:00:34Z,219002177,54.916365,11.360558,0.0,Under way using engine
2026-08-28T20:00:54Z,219000809,54.971917,11.514580,0.0,Under way using engine
2026-08-28T20:01:00Z,219000811,54.838697,11.491812,0.0,Under way using engine
2026-08-28T20:01:04Z,219002177,54.916362,11.360565,0.0,Under way using engine
2026-08-28T20:01:30Z,219000811,54.838698,11.491810,0.0,Under way using engine
2026-08-28T20:01:34Z,219000809,54.971917,11.514585,0.0,Under way using engine
2026-08-28T20:01:34Z,219002177,54.916365,11.360560,0.0,Under way using engine
2026-08-28T20:02:00Z,219000811,54.838698,11.491810,0.0,Under way using engine
2026-08-28T20:02:04Z,219002177,54.916362,11.360538,0.0,Under way using engine
2026-08-28T20:02:13Z,219000809,54.971920,11.514590,0.0,Under way using engine
2026-08-28T20:02:30Z,219000811,54.838700,11.491817,0.0,Under way using engine
2026-08-28T20:02:34Z,219002177,54.916352,11.360665,1.0,Under way using engine
2026-08-28T20:02:44Z,219000809,54.971920,11.514595,0.0,Under way using engine
2026-08-28T20:03:00Z,219000811,54.838700,11.491823,0.0,Under way using engine
2026-08-28T20:03:04Z,219002177,54.916328,11.361298,3.3,Under way using engine
2026-08-28T20:03:23Z,219000809,54.971910,11.514592,0.0,Under way using engine
2026-08-28T20:03:30Z,219000811,54.838698,11.491823,0.0,Under way using engine
2026-08-28T20:03:34Z,219002177,54.916270,11.362093,2.3,Under way using engine
2026-08-28T20:03:53Z,219000809,54.971902,11.514583,0.0,Under way using engine
2026-08-28T20:04:00Z,219000811,54.838697,11.491825,0.0,Under way using engine
2026-08-28T20:04:04Z,219002177,54.916293,11.361848,2.4,Under way using engine
2026-08-28T20:04:23Z,219000809,54.971898,11.514570,0.0,Under way using engine
2026-08-28T20:04:34Z,219002177,54.916370,11.361223,2.3,Under way using engine
2026-08-28T20:04:40Z,219000811,54.838697,11.491825,0.0,Under way using engine
2026-08-28T20:04:53Z,219000809,54.971903,11.514575,0.0,Under way using engine
2026-08-28T20:05:05Z,219002177,54.916372,11.360777,1.5,Under way using engine
2026-08-28T20:05:20Z,219000811,54.838697,11.491822,0.0,Under way using engine
2026-08-28T20:05:23Z,219000809,54.971908,11.514562,0.0,Under way using engine
2026-08-28T20:05:44Z,219002177,54.916363,11.360545,0.1,Under way using engine
2026-08-28T20:05:50Z,219000811,54.838693,11.491822,0.0,Under way using engine
2026-08-28T20:05:53Z,219000809,54.971913,11.514563,0.0,Under way using engine
2026-08-28T20:06:14Z,219002177,54.916363,11.360577,0.4,Under way using engine
2026-08-28T20:06:20Z,219000811,54.838692,11.491822,0.0,Under way using engine
2026-08-28T20:06:23Z,219000809,54.971920,11.514572,0.0,Under way using engine
2026-08-28T20:06:44Z,219002177,54.916328,11.361167,3.5,Under way using engine
2026-08-28T20:06:50Z,219000811,54.838695,11.491823,0.0,Under way using engine
2026-08-28T20:06:53Z,219000809,54.971930,11.514588,0.0,Under way using engine
2026-08-28T20:07:14Z,219002177,54.916280,11.362333,5.4,Under way using engine
2026-08-28T20:07:20Z,219000811,54.838700,11.491823,0.0,Under way using engine
2026-08-28T20:07:23Z,219000809,54.971928,11.514590,0.0,Under way using engine
2026-08-28T20:07:44Z,219002177,54.916343,11.363800,6.4,Under way using engine
2026-08-28T20:07:50Z,219000811,54.838700,11.491823,0.0,Under way using engine
2026-08-28T20:07:53Z,219000809,54.971928,11.514588,0.0,Under way using engine
2026-08-28T20:08:14Z,219002177,54.916420,11.365448,7.0,Under way using engine
2026-08-28T20:08:20Z,219000811,54.838702,11.491823,0.0,Under way using engine
2026-08-28T20:08:23Z,219000809,54.971932,11.514588,0.0,Under way using engine
2026-08-28T20:08:44Z,219002177,54.916555,11.367187,7.4,Under way using engine
2026-08-28T20:08:54Z,219000809,54.971932,11.514582,0.0,Under way using engine
2026-08-28T20:08:58Z,219000811,54.838703,11.491822,0.0,Under way using engine
2026-08-28T20:09:14Z,219002177,54.916718,11.368977,7.6,Under way using engine
2026-08-28T20:09:29Z,219000811,54.838703,11.491822,0.0,Under way using engine
2026-08-28T20:09:34Z,219000809,54.971915,11.514588,0.0,Under way using engine
2026-08-28T20:09:44Z,219002177,54.917017,11.370672,7.1,Under way using engine
2026-08-28T20:09:59Z,219000811,54.838703,11.491820,0.0,Under way using engine
2026-08-28T20:10:13Z,219000809,54.971917,11.514585,0.0,Under way using engine
2026-08-28T20:10:14Z,219002177,54.917777,11.371258,6.0,Under way using engine
2026-08-28T20:10:29Z,219000811,54.838705,11.491818,0.0,Under way using engine
2026-08-28T20:10:43Z,219000809,54.971915,11.514578,0.0,Under way using engine
2026-08-28T20:10:54Z,219002177,54.919010,11.371437,7.0,Under way using engine
2026-08-28T20:10:59Z,219000811,54.838703,11.491822,0.0,Under way using engine
2026-08-28T20:11:13Z,219000809,54.971917,11.514575,0.0,Under way using engine
2026-08-28T20:11:29Z,219000811,54.838703,11.491823,0.0,Under way using engine
2026-08-28T20:11:34Z,219002177,54.920350,11.371620,7.5,Under way using engine
2026-08-28T20:11:44Z,219000809,54.971925,11.514568,0.0,Under way using engine
2026-08-28T20:11:59Z,219000811,54.838702,11.491822,0.0,Under way using engine
2026-08-28T20:12:04Z,219002177,54.921405,11.371767,7.8,Under way using engine
2026-08-28T20:12:23Z,219000809,54.971927,11.514577,0.0,Under way using engine
2026-08-28T20:12:29Z,219000811,54.838698,11.491823,0.0,Under way using engine
2026-08-28T20:12:35Z,219002177,54.922523,11.371888,8.0,Under way using engine
2026-08-28T20:12:54Z,219000809,54.971927,11.514578,0.0,Under way using engine
2026-08-28T20:12:59Z,219000811,54.838695,11.491825,0.0,Under way using engine
2026-08-28T20:13:23Z,219002177,54.924355,11.372117,8.2,Under way using engine
2026-08-28T20:13:29Z,219000811,54.838695,11.491825,0.0,Under way using engine
2026-08-28T20:13:33Z,219000809,54.971922,11.514568,0.0,Under way using engine
2026-08-28T20:13:54Z,219002177,54.925523,11.372248,8.2,Under way using engine
2026-08-28T20:13:59Z,219000811,54.838697,11.491823,0.0,Under way using engine
2026-08-28T20:14:03Z,219000809,54.971905,11.514568,0.0,Under way using engine
2026-08-28T20:14:29Z,219000811,54.838698,11.491822,0.0,Under way using engine
2026-08-28T20:14:33Z,219000809,54.971895,11.514567,0.0,Under way using engine
2026-08-28T20:14:35Z,219002177,54.927037,11.372420,8.2,Under way using engine
2026-08-28T20:15:00Z,219000811,54.838697,11.491823,0.0,Under way using engine
2026-08-28T20:15:04Z,219000809,54.971900,11.514563,0.0,Under way using engine
2026-08-28T20:15:15Z,219002177,54.928580,11.372438,8.1,Under way using engine
2026-08-28T20:15:39Z,219000811,54.838702,11.491825,0.0,Under way using engine
2026-08-28T20:15:44Z,219000809,54.971905,11.514573,0.0,Under way using engine
2026-08-28T20:15:54Z,219002177,54.930047,11.372183,8.1,Under way using engine
2026-08-28T20:16:10Z,219000811,54.838703,11.491825,0.0,Under way using engine
2026-08-28T20:16:23Z,219000809,54.971907,11.514567,0.0,Under way using engine
2026-08-28T20:16:24Z,219002177,54.931132,11.371968,7.7,Under way using engine
2026-08-28T20:16:49Z,219000811,54.838703,11.491822,0.0,Under way using engine
2026-08-28T20:16:54Z,219000809,54.971908,11.514560,0.0,Under way using engine
2026-08-28T20:16:54Z,219002177,54.932170,11.371793,7.5,Under way using engine
2026-08-28T20:17:19Z,219000811,54.838705,11.491823,0.0,Under way using engine
2026-08-28T20:17:24Z,219000809,54.971907,11.514578,0.0,Under way using engine
2026-08-28T20:17:24Z,219002177,54.933155,11.371615,7.4,Under way using engine
2026-08-28T20:17:49Z,219000811,54.838707,11.491823,0.0,Under way using engine
2026-08-28T20:17:54Z,219000809,54.971912,11.514593,0.0,Under way using engine
2026-08-28T20:17:54Z,219002177,54.934167,11.371498,6.9,Under way using engine
2026-08-28T20:18:19Z,219000811,54.838712,11.491825,0.0,Under way using engine
2026-08-28T20:18:24Z,219000809,54.971908,11.514578,0.0,Under way using engine
2026-08-28T20:18:24Z,219002177,54.935025,11.371508,5.9,Under way using engine
2026-08-28T20:18:49Z,219000811,54.838712,11.491828,0.0,Under way using engine
2026-08-28T20:18:54Z,219000809,54.971897,11.514580,0.0,Under way using engine
2026-08-28T20:18:55Z,219002177,54.935620,11.371690,3.2,Under way using engine
2026-08-28T20:19:19Z,219000811,54.838710,11.491827,0.0,Under way using engine
2026-08-28T20:19:24Z,219000809,54.971910,11.514590,0.0,Under way using engine
2026-08-28T20:19:44Z,219002177,54.935953,11.371965,1.0,Under way using engine
2026-08-28T20:19:49Z,219000811,54.838708,11.491827,0.0,Under way using engine
2026-08-28T20:19:54Z,219000809,54.971923,11.514582,0.0,Under way using engine
2026-08-28T20:20:14Z,219002177,54.935988,11.371992,0.0,Under way using engine
2026-08-28T20:20:19Z,219000811,54.838708,11.491823,0.0,Under way using engine
2026-08-28T20:20:24Z,219000809,54.971920,11.514570,0.0,Under way using engine
2026-08-28T20:20:44Z,219002177,54.935990,11.371982,0.0,Under way using engine
2026-08-28T20:20:49Z,219000811,54.838707,11.491822,0.0,Under way using engine
2026-08-28T20:20:54Z,219000809,54.971905,11.514565,0.0,Under way using engine
2026-08-28T20:21:14Z,219002177,54.935993,11.371983,0.0,Under way using engine
2026-08-28T20:21:20Z,219000811,54.838707,11.491823,0.0,Under way using engine
2026-08-28T20:21:24Z,219000809,54.971902,11.514573,0.0,Under way using engine
2026-08-28T20:21:44Z,219002177,54.935997,11.371967,0.0,Under way using engine
2026-08-28T20:21:54Z,219000809,54.971918,11.514575,0.0,Under way using engine
2026-08-28T20:21:59Z,219000811,54.838707,11.491825,0.0,Under way using engine
2026-08-28T20:22:14Z,219002177,54.935993,11.371962,0.0,Under way using engine
2026-08-28T20:22:34Z,219000809,54.971923,11.514568,0.0,Under way using engine
2026-08-28T20:22:40Z,219000811,54.838708,11.491827,0.0,Under way using engine
2026-08-28T20:22:44Z,219002177,54.935992,11.371958,0.0,Under way using engine
2026-08-28T20:23:13Z,219000809,54.971908,11.514570,0.0,Under way using engine
2026-08-28T20:23:14Z,219002177,54.935983,11.371965,0.1,Under way using engine
2026-08-28T20:23:20Z,219000811,54.838710,11.491825,0.0,Under way using engine
2026-08-28T20:23:44Z,219000809,54.971917,11.514572,0.0,Under way using engine
2026-08-28T20:23:44Z,219002177,54.935983,11.371977,0.0,Under way using engine
2026-08-28T20:23:50Z,219000811,54.838712,11.491827,0.0,Under way using engine
2026-08-28T20:24:14Z,219002177,54.935975,11.371985,0.0,Under way using engine
2026-08-28T20:24:20Z,219000811,54.838712,11.491823,0.0,Under way using engine
2026-08-28T20:24:34Z,219000809,54.971912,11.514568,0.0,Under way using engine
2026-08-28T20:24:44Z,219002177,54.935983,11.371993,0.0,Under way using engine
2026-08-28T20:24:50Z,219000811,54.838710,11.491822,0.0,Under way using engine
2026-08-28T20:25:13Z,219000809,54.971905,11.514583,0.0,Under way using engine
2026-08-28T20:25:14Z,219002177,54.935980,11.371997,0.1,Under way using engine
2026-08-28T20:25:30Z,219000811,54.838707,11.491818,0.0,Under way using engine
2026-08-28T20:25:44Z,219000809,54.971910,11.514567,0.0,Under way using engine
2026-08-28T20:25:44Z,219002177,54.935982,11.372002,0.0,Under way using engine
2026-08-28T20:26:09Z,219000811,54.838700,11.491817,0.0,Under way using engine
2026-08-28T20:26:14Z,219002177,54.935982,11.372008,0.0,Under way using engine
2026-08-28T20:26:23Z,219000809,54.971903,11.514572,0.0,Under way using engine
2026-08-28T20:26:40Z,219000811,54.838695,11.491817,0.0,Under way using engine
2026-08-28T20:26:53Z,219000809,54.971910,11.514580,0.0,Under way using engine
2026-08-28T20:26:54Z,219002177,54.935980,11.372012,0.0,Under way using engine
2026-08-28T20:27:19Z,219000811,54.838690,11.491820,0.0,Under way using engine
2026-08-28T20:27:23Z,219000809,54.971907,11.514587,0.0,Under way using engine
2026-08-28T20:27:25Z,219002177,54.935983,11.372017,0.0,Under way using engine
2026-08-28T20:27:50Z,219000811,54.838693,11.491817,0.0,Under way using engine
2026-08-28T20:27:53Z,219000809,54.971905,11.514598,0.0,Under way using engine
2026-08-28T20:28:03Z,219002177,54.935980,11.372005,0.0,Under way using engine
2026-08-28T20:28:23Z,219000809,54.971905,11.514593,0.0,Under way using engine
2026-08-28T20:28:30Z,219000811,54.838697,11.491817,0.0,Under way using engine
2026-08-28T20:28:34Z,219002177,54.935980,11.371998,0.0,Under way using engine
2026-08-28T20:28:54Z,219000809,54.971910,11.514593,0.0,Under way using engine
2026-08-28T20:29:09Z,219000811,54.838697,11.491823,0.0,Under way using engine
2026-08-28T20:29:13Z,219002177,54.935983,11.371995,0.0,Under way using engine
2026-08-28T20:29:33Z,219000809,54.971920,11.514592,0.0,Under way using engine
2026-08-28T20:29:39Z,219000811,54.838692,11.491823,0.0,Under way using engine
2026-08-28T20:29:43Z,219002177,54.935982,11.371993,0.0,Under way using engine
2026-08-28T20:30:04Z,219000809,54.971920,11.514602,0.0,Under way using engine
2026-08-28T20:30:09Z,219000811,54.838693,11.491823,0.0,Under way using engine
2026-08-28T20:30:13Z,219002177,54.935980,11.371988,0.0,Under way using engine
2026-08-28T20:30:39Z,219000811,54.838693,11.491823,0.0,Under way using engine
2026-08-28T20:30:43Z,219000809,54.971927,11.514597,0.0,Under way using engine
2026-08-28T20:30:43Z,219002177,54.935985,11.371980,0.0,Under way using engine
2026-08-28T20:31:09Z,219000811,54.838695,11.491823,0.0,Under way using engine
2026-08-28T20:31:13Z,219002177,54.935982,11.371992,0.0,Under way using engine
2026-08-28T20:31:14Z,219000809,54.971925,11.514607,0.0,Under way using engine
2026-08-28T20:31:39Z,219000811,54.838693,11.491822,0.0,Under way using engine
2026-08-28T20:31:43Z,219002177,54.935985,11.371987,0.0,Under way using engine
2026-08-28T20:31:54Z,219000809,54.971923,11.514588,0.0,Under way using engine
2026-08-28T20:32:10Z,219000811,54.838692,11.491822,0.0,Under way using engine
2026-08-28T20:32:14Z,219002177,54.935993,11.371973,0.0,Under way using engine
2026-08-28T20:32:24Z,219000809,54.971915,11.514592,0.0,Under way using engine
2026-08-28T20:32:45Z,219002177,54.935993,11.371980,0.0,Under way using engine
2026-08-28T20:32:50Z,219000811,54.838698,11.491820,0.0,Under way using engine
2026-08-28T20:32:54Z,219000809,54.971918,11.514582,0.0,Under way using engine
2026-08-28T20:33:24Z,219000809,54.971912,11.514583,0.0,Under way using engine
2026-08-28T20:33:25Z,219002177,54.935988,11.371992,0.0,Under way using engine
2026-08-28T20:33:29Z,219000811,54.838702,11.491817,0.0,Under way using engine
2026-08-28T20:33:54Z,219000809,54.971907,11.514585,0.0,Under way using engine
2026-08-28T20:34:03Z,219002177,54.935987,11.371995,0.0,Under way using engine
2026-08-28T20:34:10Z,219000811,54.838710,11.491817,0.0,Under way using engine
2026-08-28T20:34:24Z,219000809,54.971902,11.514585,0.0,Under way using engine
2026-08-28T20:34:34Z,219002177,54.935987,11.372000,0.0,Under way using engine
2026-08-28T20:34:50Z,219000811,54.838715,11.491815,0.0,Under way using engine
2026-08-28T20:34:54Z,219000809,54.971910,11.514582,0.0,Under way using engine
2026-08-28T20:35:14Z,219002177,54.935983,11.372007,0.0,Under way using engine
2026-08-28T20:35:24Z,219000809,54.971928,11.514580,0.0,Under way using engine
2026-08-28T20:35:29Z,219000811,54.838713,11.491810,0.0,Under way using engine
2026-08-28T20:35:45Z,219002177,54.935982,11.372000,0.0,Under way using engine
2026-08-28T20:35:54Z,219000809,54.971917,11.514578,0.0,Under way using engine
2026-08-28T20:36:10Z,219000811,54.838713,11.491813,0.0,Under way using engine
2026-08-28T20:36:24Z,219000809,54.971917,11.514590,0.0,Under way using engine
2026-08-28T20:36:25Z,219002177,54.935985,11.371998,0.0,Under way using engine
2026-08-28T20:36:50Z,219000811,54.838717,11.491820,0.0,Under way using engine
2026-08-28T20:36:54Z,219000809,54.971923,11.514592,0.0,Under way using engine
2026-08-28T20:37:03Z,219002177,54.935987,11.371985,0.0,Under way using engine
2026-08-28T20:37:29Z,219000811,54.838707,11.491825,0.0,Under way using engine
2026-08-28T20:37:34Z,219000809,54.971918,11.514588,0.0,Under way using engine
2026-08-28T20:37:34Z,219002177,54.935982,11.371972,0.0,Under way using engine
2026-08-28T20:38:04Z,219000809,54.971908,11.514588,0.0,Under way using engine
2026-08-28T20:38:08Z,219000811,54.838703,11.491820,0.0,Under way using engine
2026-08-28T20:38:14Z,219002177,54.935982,11.371990,0.0,Under way using engine
2026-08-28T20:38:34Z,219000809,54.971915,11.514577,0.0,Under way using engine
2026-08-28T20:38:39Z,219000811,54.838705,11.491817,0.0,Under way using engine
2026-08-28T20:38:44Z,219002177,54.935978,11.371998,0.0,Under way using engine
2026-08-28T20:39:04Z,219000809,54.971918,11.514563,0.0,Under way using engine
2026-08-28T20:39:09Z,219000811,54.838707,11.491820,0.0,Under way using engine
2026-08-28T20:39:14Z,219002177,54.935975,11.371998,0.0,Under way using engine
2026-08-28T20:39:34Z,219000809,54.971920,11.514560,0.0,Under way using engine
2026-08-28T20:39:40Z,219000811,54.838707,11.491823,0.0,Under way using engine
2026-08-28T20:39:44Z,219002177,54.935977,11.371997,0.0,Under way using engine
2026-08-28T20:40:04Z,219000809,54.971915,11.514563,0.0,Under way using engine
2026-08-28T20:40:19Z,219000811,54.838707,11.491823,0.0,Under way using engine
2026-08-28T20:40:23Z,219002177,54.935983,11.371998,0.0,Under way using engine
2026-08-28T20:40:34Z,219000809,54.971910,11.514563,0.0,Under way using engine
2026-08-28T20:40:49Z,219000811,54.838708,11.491820,0.0,Under way using engine
2026-08-28T20:40:55Z,219002177,54.935983,11.371987,0.0,Under way using engine
2026-08-28T20:41:04Z,219000809,54.971905,11.514567,0.0,Under way using engine
2026-08-28T20:41:19Z,219000811,54.838708,11.491822,0.0,Under way using engine
2026-08-28T20:41:34Z,219002177,54.935992,11.371985,0.0,Under way using engine
2026-08-28T20:41:43Z,219000809,54.971912,11.514572,0.0,Under way using engine
2026-08-28T20:41:49Z,219000811,54.838707,11.491820,0.0,Under way using engine
2026-08-28T20:42:04Z,219002177,54.936002,11.371980,0.0,Under way using engine
2026-08-28T20:42:13Z,219000809,54.971922,11.514583,0.0,Under way using engine
2026-08-28T20:42:20Z,219000811,54.838703,11.491822,0.0,Under way using engine
2026-08-28T20:42:34Z,219002177,54.935992,11.371972,0.0,Under way using engine
2026-08-28T20:42:43Z,219000809,54.971915,11.514592,0.0,Under way using engine
2026-08-28T20:42:59Z,219000811,54.838702,11.491818,0.0,Under way using engine
2026-08-28T20:43:04Z,219002177,54.935992,11.371965,0.0,Under way using engine
2026-08-28T20:43:13Z,219000809,54.971893,11.514600,0.0,Under way using engine
2026-08-28T20:43:30Z,219000811,54.838703,11.491815,0.0,Under way using engine
2026-08-28T20:43:34Z,219002177,54.935993,11.371968,0.0,Under way using engine
2026-08-28T20:43:43Z,219000809,54.971890,11.514598,0.0,Under way using engine
2026-08-28T20:44:04Z,219002177,54.935982,11.371987,0.0,Under way using engine
2026-08-28T20:44:09Z,219000811,54.838705,11.491817,0.0,Under way using engine
2026-08-28T20:44:14Z,219000809,54.971893,11.514593,0.0,Under way using engine
2026-08-28T20:44:34Z,219002177,54.935990,11.371982,0.0,Under way using engine
2026-08-28T20:44:40Z,219000811,54.838708,11.491818,0.0,Under way using engine
2026-08-28T20:44:53Z,219000809,54.971895,11.514603,0.0,Under way using engine
2026-08-28T20:45:04Z,219002177,54.935995,11.371977,0.0,Under way using engine
2026-08-28T20:45:20Z,219000811,54.838708,11.491818,0.0,Under way using engine
2026-08-28T20:45:24Z,219000809,54.971910,11.514585,0.0,Under way using engine
2026-08-28T20:45:34Z,219002177,54.935978,11.371987,0.0,Under way using engine
2026-08-28T20:45:59Z,219000811,54.838703,11.491818,0.0,Under way using engine
2026-08-28T20:46:03Z,219000809,54.971917,11.514562,0.0,Under way using engine
2026-08-28T20:46:04Z,219002177,54.936010,11.371980,0.0,Under way using engine
2026-08-28T20:46:34Z,219002177,54.935980,11.371995,0.0,Under way using engine
2026-08-28T20:46:40Z,219000811,54.838703,11.491815,0.0,Under way using engine
2026-08-28T20:46:43Z,219000809,54.971902,11.514560,0.0,Under way using engine
2026-08-28T20:47:04Z,219002177,54.935995,11.371988,0.0,Under way using engine
2026-08-28T20:47:14Z,219000809,54.971900,11.514570,0.0,Under way using engine
2026-08-28T20:47:19Z,219000811,54.838702,11.491812,0.0,Under way using engine
2026-08-28T20:47:34Z,219002177,54.935992,11.372003,0.0,Under way using engine
2026-08-28T20:47:49Z,219000811,54.838702,11.491812,0.0,Under way using engine
2026-08-28T20:47:53Z,219000809,54.971900,11.514582,0.0,Under way using engine
2026-08-28T20:48:04Z,219002177,54.935992,11.372000,0.0,Under way using engine
2026-08-28T20:48:22Z,219000811,54.838702,11.491813,0.0,Under way using engine
2026-08-28T20:48:24Z,219000809,54.971923,11.514570,0.0,Under way using engine
2026-08-28T20:48:44Z,219002177,54.935985,11.371997,0.0,Under way using engine
2026-08-28T20:48:59Z,219000811,54.838700,11.491820,0.0,Under way using engine
2026-08-28T20:49:03Z,219000809,54.971920,11.514563,0.0,Under way using engine
2026-08-28T20:49:14Z,219002177,54.935988,11.371993,0.0,Under way using engine
2026-08-28T20:49:34Z,219000809,54.971912,11.514583,0.0,Under way using engine
2026-08-28T20:49:40Z,219000811,54.838695,11.491823,0.0,Under way using engine
2026-08-28T20:49:44Z,219002177,54.935995,11.371985,0.0,Under way using engine
2026-08-28T20:50:14Z,219000809,54.971898,11.514592,0.0,Under way using engine
2026-08-28T20:50:14Z,219002177,54.936008,11.371982,0.0,Under way using engine
2026-08-28T20:50:19Z,219000811,54.838697,11.491822,0.0,Under way using engine
2026-08-28T20:50:44Z,219002177,54.935992,11.371998,0.0,Under way using engine
2026-08-28T20:50:49Z,219000811,54.838695,11.491820,0.0,Under way using engine
2026-08-28T20:50:53Z,219000809,54.971902,11.514587,0.0,Under way using engine
2026-08-28T20:51:14Z,219002177,54.935978,11.371993,0.0,Under way using engine
2026-08-28T20:51:19Z,219000811,54.838697,11.491820,0.0,Under way using engine
2026-08-28T20:51:23Z,219000809,54.971928,11.514580,0.0,Under way using engine
2026-08-28T20:51:44Z,219002177,54.935980,11.372003,0.0,Under way using engine
2026-08-28T20:51:50Z,219000811,54.838698,11.491820,0.0,Under way using engine
2026-08-28T20:51:53Z,219000809,54.971947,11.514578,0.0,Under way using engine
2026-08-28T20:52:14Z,219002177,54.936017,11.371985,0.0,Under way using engine
2026-08-28T20:52:23Z,219000809,54.971948,11.514575,0.0,Under way using engine
2026-08-28T20:52:29Z,219000811,54.838702,11.491822,0.0,Under way using engine
2026-08-28T20:52:44Z,219002177,54.935995,11.371987,0.0,Under way using engine
2026-08-28T20:52:53Z,219000809,54.971945,11.514565,0.0,Under way using engine
2026-08-28T20:52:59Z,219000811,54.838700,11.491823,0.0,Under way using engine
2026-08-28T20:53:14Z,219002177,54.936007,11.371978,0.0,Under way using engine
2026-08-28T20:53:23Z,219000809,54.971947,11.514570,0.0,Under way using engine
2026-08-28T20:53:29Z,219000811,54.838700,11.491825,0.0,Under way using engine
2026-08-28T20:53:44Z,219002177,54.935998,11.371988,0.0,Under way using engine
2026-08-28T20:53:53Z,219000809,54.971933,11.514573,0.0,Under way using engine
2026-08-28T20:53:59Z,219000811,54.838700,11.491827,0.0,Under way using engine
2026-08-28T20:54:14Z,219002177,54.935983,11.372020,0.0,Under way using engine
2026-08-28T20:54:23Z,219000809,54.971935,11.514583,0.0,Under way using engine
2026-08-28T20:54:29Z,219000811,54.838707,11.491825,0.0,Under way using engine
2026-08-28T20:54:53Z,219002177,54.935987,11.372012,0.0,Under way using engine
2026-08-28T20:54:54Z,219000809,54.971930,11.514577,0.0,Under way using engine
2026-08-28T20:54:59Z,219000811,54.838707,11.491823,0.0,Under way using engine
2026-08-28T20:55:25Z,219002177,54.935995,11.372003,0.0,Under way using engine
2026-08-28T20:55:29Z,219000811,54.838707,11.491820,0.0,Under way using engine
2026-08-28T20:55:34Z,219000809,54.971920,11.514568,0.0,Under way using engine
2026-08-28T20:55:59Z,219000811,54.838708,11.491818,0.0,Under way using engine
2026-08-28T20:56:04Z,219000809,54.971922,11.514567,0.0,Under way using engine
2026-08-28T20:56:14Z,219002177,54.935973,11.372003,0.0,Under way using engine
2026-08-28T20:56:29Z,219000811,54.838710,11.491817,0.0,Under way using engine
2026-08-28T20:56:34Z,219000809,54.971905,11.514567,0.0,Under way using engine
2026-08-28T20:56:44Z,219002177,54.935983,11.372018,0.0,Under way using engine
2026-08-28T20:57:00Z,219000811,54.838707,11.491817,0.0,Under way using engine
2026-08-28T20:57:04Z,219000809,54.971908,11.514597,0.0,Under way using engine
2026-08-28T20:57:14Z,219002177,54.935970,11.372018,0.0,Under way using engine
2026-08-28T20:57:34Z,219000809,54.971923,11.514592,0.0,Under way using engine
2026-08-28T20:57:39Z,219000811,54.838705,11.491820,0.0,Under way using engine
2026-08-28T20:57:44Z,219002177,54.935998,11.371998,0.0,Under way using engine
2026-08-28T20:58:04Z,219000809,54.971925,11.514583,0.0,Under way using engine
2026-08-28T20:58:09Z,219000811,54.838702,11.491823,0.0,Under way using engine
2026-08-28T20:58:14Z,219002177,54.935998,11.371995,0.0,Under way using engine
2026-08-28T20:58:34Z,219000809,54.971927,11.514580,0.0,Under way using engine
2026-08-28T20:58:39Z,219000811,54.838700,11.491825,0.0,Under way using engine
2026-08-28T20:58:44Z,219002177,54.935975,11.372012,0.0,Under way using engine
2026-08-28T20:59:04Z,219000809,54.971912,11.514587,0.0,Under way using engine
2026-08-28T20:59:09Z,219000811,54.838703,11.491823,0.0,Under way using engine
2026-08-28T20:59:14Z,219002177,54.936015,11.372060,0.0,Under way using engine
2026-08-28T20:59:34Z,219000809,54.971912,11.514575,0.0,Under way using engine
2026-08-28T20:59:39Z,219000811,54.838702,11.491825,0.0,Under way using engine
2026-08-28T20:59:44Z,219002177,54.935963,11.372083,0.1,Under way using engine
2026-08-28T21:00:04Z,219000809,54.971947,11.514555,0.0,Under way using engine
2026-08-28T21:00:09Z,219000811,54.838700,11.491825,0.0,Under way using engine
2026-08-28T21:00:14Z,219002177,54.936028,11.372012,0.0,Under way using engine
2026-08-28T21:00:34Z,219000809,54.971928,11.514568,0.0,Under way using engine
2026-08-28T21:00:40Z,219000811,54.838700,11.491823,0.0,Under way using engine
2026-08-28T21:00:44Z,219002177,54.935972,11.372015,0.0,Under way using engine
2026-08-28T21:01:14Z,219000809,54.971950,11.514550,0.0,Under way using engine
2026-08-28T21:01:14Z,219002177,54.935993,11.371988,0.0,Under way using engine
2026-08-28T21:01:20Z,219000811,54.838700,11.491823,0.0,Under way using engine
2026-08-28T21:01:44Z,219000809,54.971925,11.514567,0.0,Under way using engine
2026-08-28T21:01:45Z,219002177,54.935972,11.371995,0.0,Under way using engine
2026-08-28T21:02:00Z,219000811,54.838700,11.491822,0.0,Under way using engine
2026-08-28T21:02:14Z,219000809,54.971945,11.514555,0.0,Under way using engine
2026-08-28T21:02:30Z,219000811,54.838698,11.491823,0.0,Under way using engine
2026-08-28T21:02:34Z,219002177,54.935957,11.372008,0.0,Under way using engine
2026-08-28T21:02:44Z,219000809,54.971932,11.514557,0.0,Under way using engine
2026-08-28T21:03:04Z,219002177,54.935997,11.371990,0.0,Under way using engine
2026-08-28T21:03:09Z,219000811,54.838700,11.491820,0.0,Under way using engine
2026-08-28T21:03:14Z,219000809,54.971957,11.514543,0.0,Under way using engine
2026-08-28T21:03:34Z,219002177,54.935980,11.372005,0.0,Under way using engine
2026-08-28T21:03:40Z,219000811,54.838700,11.491822,0.0,Under way using engine
2026-08-28T21:03:44Z,219000809,54.971945,11.514552,0.0,Under way using engine
2026-08-28T21:04:04Z,219002177,54.935978,11.372017,0.0,Under way using engine
2026-08-28T21:04:10Z,219000811,54.838700,11.491822,0.0,Under way using engine
2026-08-28T21:04:23Z,219000809,54.971940,11.514562,0.0,Under way using engine
2026-08-28T21:04:34Z,219002177,54.935978,11.372015,0.0,Under way using engine
2026-08-28T21:04:40Z,219000811,54.838698,11.491825,0.0,Under way using engine
2026-08-28T21:04:53Z,219000809,54.971928,11.514573,0.0,Under way using engine
2026-08-28T21:05:04Z,219002177,54.935980,11.372013,0.0,Under way using engine
2026-08-28T21:05:10Z,219000811,54.838700,11.491825,0.0,Under way using engine
2026-08-28T21:05:23Z,219000809,54.971922,11.514567,0.0,Under way using engine
2026-08-28T21:05:34Z,219002177,54.935978,11.372003,0.0,Under way using engine
2026-08-28T21:05:40Z,219000811,54.838702,11.491830,0.0,Under way using engine
2026-08-28T21:05:53Z,219000809,54.971932,11.514565,0.0,Under way using engine
2026-08-28T21:06:04Z,219002177,54.935983,11.372003,0.0,Under way using engine
2026-08-28T21:06:10Z,219000811,54.838702,11.491833,0.0,Under way using engine
2026-08-28T21:06:23Z,219000809,54.971933,11.514568,0.0,Under way using engine
2026-08-28T21:06:34Z,219002177,54.935993,11.371987,0.0,Under way using engine
2026-08-28T21:06:49Z,219000811,54.838700,11.491832,0.0,Under way using engine
2026-08-28T21:06:53Z,219000809,54.971922,11.514560,0.0,Under way using engine
2026-08-28T21:07:04Z,219002177,54.935988,11.371985,0.0,Under way using engine
2026-08-28T21:07:19Z,219000811,54.838698,11.491833,0.0,Under way using engine
2026-08-28T21:07:24Z,219000809,54.971912,11.514560,0.0,Under way using engine
2026-08-28T21:07:34Z,219002177,54.935992,11.371977,0.1,Under way using engine
2026-08-28T21:07:49Z,219000811,54.838702,11.491832,0.0,Under way using engine
2026-08-28T21:08:03Z,219000809,54.971927,11.514542,0.0,Under way using engine
2026-08-28T21:08:04Z,219002177,54.935985,11.371980,0.0,Under way using engine
2026-08-28T21:08:19Z,219000811,54.838702,11.491833,0.0,Under way using engine
2026-08-28T21:08:33Z,219000809,54.971947,11.514527,0.0,Under way using engine
2026-08-28T21:08:34Z,219002177,54.935992,11.371985,0.0,Under way using engine
2026-08-28T21:08:50Z,219000811,54.838698,11.491835,0.0,Under way using engine
2026-08-28T21:09:03Z,219000809,54.971912,11.514553,0.0,Under way using engine
2026-08-28T21:09:04Z,219002177,54.935967,11.371993,0.0,Under way using engine
2026-08-28T21:09:28Z,219000811,54.838697,11.491835,0.0,Under way using engine
2026-08-28T21:09:33Z,219000809,54.971907,11.514573,0.0,Under way using engine
2026-08-28T21:09:34Z,219002177,54.935980,11.371990,0.1,Under way using engine
2026-08-28T21:09:59Z,219000811,54.838698,11.491830,0.0,Under way using engine
2026-08-28T21:10:03Z,219000809,54.971902,11.514572,0.0,Under way using engine
2026-08-28T21:10:04Z,219002177,54.935970,11.372008,0.0,Under way using engine
2026-08-28T21:10:33Z,219000809,54.971905,11.514580,0.0,Under way using engine
2026-08-28T21:10:39Z,219000811,54.838698,11.491827,0.0,Under way using engine
2026-08-28T21:10:44Z,219002177,54.935988,11.371983,0.1,Under way using engine
2026-08-28T21:11:03Z,219000809,54.971898,11.514587,0.0,Under way using engine
2026-08-28T21:11:09Z,219000811,54.838700,11.491823,0.0,Under way using engine
2026-08-28T21:11:14Z,219002177,54.935967,11.371997,0.0,Under way using engine
2026-08-28T21:11:33Z,219000809,54.971913,11.514583,0.0,Under way using engine
2026-08-28T21:11:40Z,219000811,54.838700,11.491823,0.0,Under way using engine
2026-08-28T21:11:44Z,219002177,54.935940,11.372032,0.1,Under way using engine
2026-08-28T21:12:03Z,219000809,54.971883,11.514610,0.0,Under way using engine
2026-08-28T21:12:14Z,219002177,54.935968,11.372015,0.0,Under way using engine
2026-08-28T21:12:20Z,219000811,54.838700,11.491818,0.0,Under way using engine
2026-08-28T21:12:33Z,219000809,54.971897,11.514593,0.0,Under way using engine
2026-08-28T21:12:44Z,219002177,54.935947,11.372022,0.1,Under way using engine
2026-08-28T21:12:50Z,219000811,54.838703,11.491815,0.0,Under way using engine
2026-08-28T21:13:03Z,219000809,54.971892,11.514590,0.0,Under way using engine
2026-08-28T21:13:14Z,219002177,54.935953,11.372002,0.1,Under way using engine
2026-08-28T21:13:20Z,219000811,54.838707,11.491815,0.0,Under way using engine
2026-08-28T21:13:33Z,219000809,54.971907,11.514585,0.0,Under way using engine
2026-08-28T21:13:44Z,219002177,54.935960,11.371997,0.0,Under way using engine
2026-08-28T21:13:50Z,219000811,54.838705,11.491813,0.0,Under way using engine
2026-08-28T21:14:03Z,219000809,54.971912,11.514577,0.0,Under way using engine
2026-08-28T21:14:14Z,219002177,54.935968,11.371993,0.0,Under way using engine
2026-08-28T21:14:20Z,219000811,54.838702,11.491815,0.0,Under way using engine
2026-08-28T21:14:33Z,219000809,54.971905,11.514585,0.0,Under way using engine
2026-08-28T21:14:44Z,219002177,54.935975,11.371990,0.0,Under way using engine
2026-08-28T21:15:00Z,219000811,54.838700,11.491813,0.0,Under way using engine
2026-08-28T21:15:03Z,219000809,54.971913,11.514590,0.0,Under way using engine
2026-08-28T21:15:14Z,219002177,54.935962,11.372007,0.0,Under way using engine
2026-08-28T21:15:33Z,219000809,54.971910,11.514582,0.0,Under way using engine
2026-08-28T21:15:40Z,219000811,54.838700,11.491815,0.0,Under way using engine
2026-08-28T21:15:44Z,219002177,54.935962,11.372013,0.0,Under way using engine
2026-08-28T21:16:03Z,219000809,54.971910,11.514583,0.0,Under way using engine
2026-08-28T21:16:10Z,219000811,54.838702,11.491817,0.0,Under way using engine
2026-08-28T21:16:15Z,219002177,54.935972,11.372010,0.0,Under way using engine
2026-08-28T21:16:33Z,219000809,54.971895,11.514580,0.1,Under way using engine
2026-08-28T21:16:40Z,219000811,54.838707,11.491815,0.0,Under way using engine
2026-08-28T21:16:48Z,219002177,54.935987,11.372007,0.0,Under way using engine
2026-08-28T21:17:03Z,219000809,54.971893,11.514590,0.0,Under way using engine
2026-08-28T21:17:10Z,219000811,54.838708,11.491817,0.0,Under way using engine
2026-08-28T21:17:33Z,219000809,54.971888,11.514598,0.0,Under way using engine
2026-08-28T21:17:33Z,219002177,54.935977,11.372017,0.0,Under way using engine
2026-08-28T21:17:49Z,219000811,54.838715,11.491815,0.0,Under way using engine
2026-08-28T21:18:03Z,219000809,54.971897,11.514577,0.0,Under way using engine
2026-08-28T21:18:05Z,219002177,54.936003,11.371997,0.0,Under way using engine
2026-08-28T21:18:19Z,219000811,54.838718,11.491810,0.0,Under way using engine
2026-08-28T21:18:44Z,219000809,54.971920,11.514553,0.0,Under way using engine
2026-08-28T21:18:44Z,219002177,54.935980,11.372012,0.1,Under way using engine
2026-08-28T21:18:49Z,219000811,54.838715,11.491808,0.0,Under way using engine
2026-08-28T21:19:14Z,219000809,54.971928,11.514558,0.0,Under way using engine
2026-08-28T21:19:15Z,219002177,54.935965,11.372020,0.0,Under way using engine
2026-08-28T21:19:19Z,219000811,54.838717,11.491810,0.0,Under way using engine
2026-08-28T21:19:44Z,219000809,54.971912,11.514558,0.0,Under way using engine
2026-08-28T21:19:49Z,219000811,54.838717,11.491808,0.0,Under way using engine
2026-08-28T21:19:53Z,219002177,54.935948,11.372012,0.0,Under way using engine
2026-08-28T21:20:14Z,219000809,54.971912,11.514553,0.0,Under way using engine
2026-08-28T21:20:19Z,219000811,54.838713,11.491812,0.0,Under way using engine
2026-08-28T21:20:33Z,219002177,54.935948,11.371992,0.0,Under way using engine
2026-08-28T21:20:44Z,219000809,54.971917,11.514563,0.0,Under way using engine
2026-08-28T21:20:49Z,219000811,54.838715,11.491810,0.0,Under way using engine
2026-08-28T21:21:05Z,219002177,54.935953,11.371998,0.0,Under way using engine
2026-08-28T21:21:14Z,219000809,54.971922,11.514568,0.0,Under way using engine
2026-08-28T21:21:20Z,219000811,54.838717,11.491810,0.0,Under way using engine
2026-08-28T21:21:35Z,219002177,54.935958,11.371998,0.0,Under way using engine
2026-08-28T21:21:44Z,219000809,54.971917,11.514570,0.0,Under way using engine
2026-08-28T21:21:59Z,219000811,54.838710,11.491808,0.0,Under way using engine
2026-08-28T21:22:05Z,219002177,54.935958,11.371993,0.0,Under way using engine
2026-08-28T21:22:14Z,219000809,54.971912,11.514577,0.0,Under way using engine
2026-08-28T21:22:29Z,219000811,54.838710,11.491808,0.0,Under way using engine
2026-08-28T21:22:35Z,219002177,54.935960,11.371998,0.0,Under way using engine
2026-08-28T21:22:44Z,219000809,54.971908,11.514577,0.0,Under way using engine
2026-08-28T21:22:59Z,219000811,54.838713,11.491810,0.0,Under way using engine
2026-08-28T21:23:14Z,219000809,54.971910,11.514582,0.0,Under way using engine
2026-08-28T21:23:15Z,219002177,54.935972,11.372018,0.0,Under way using engine
2026-08-28T21:23:29Z,219000811,54.838710,11.491812,0.0,Under way using engine
2026-08-28T21:23:44Z,219000809,54.971915,11.514588,0.0,Under way using engine
2026-08-28T21:23:55Z,219002177,54.935965,11.372017,0.0,Under way using engine
2026-08-28T21:23:59Z,219000811,54.838707,11.491812,0.0,Under way using engine
2026-08-28T21:24:23Z,219000809,54.971910,11.514578,0.0,Under way using engine
2026-08-28T21:24:35Z,219002177,54.935958,11.372007,0.0,Under way using engine
2026-08-28T21:24:40Z,219000811,54.838708,11.491815,0.0,Under way using engine
2026-08-28T21:24:54Z,219000809,54.971907,11.514575,0.0,Under way using engine
2026-08-28T21:25:15Z,219002177,54.935958,11.372012,0.0,Under way using engine
2026-08-28T21:25:20Z,219000811,54.838705,11.491817,0.0,Under way using engine
2026-08-28T21:25:33Z,219000809,54.971910,11.514585,0.0,Under way using engine
2026-08-28T21:25:54Z,219002177,54.935958,11.371998,0.0,Under way using engine
2026-08-28T21:25:59Z,219000811,54.838710,11.491820,0.0,Under way using engine
2026-08-28T21:26:04Z,219000809,54.971910,11.514582,0.0,Under way using engine
2026-08-28T21:26:29Z,219000811,54.838710,11.491823,0.0,Under way using engine
2026-08-28T21:26:34Z,219002177,54.935950,11.371992,0.0,Under way using engine
2026-08-28T21:26:44Z,219000809,54.971912,11.514578,0.0,Under way using engine
2026-08-28T21:27:04Z,219002177,54.935977,11.371998,0.0,Under way using engine
2026-08-28T21:27:09Z,219000811,54.838708,11.491823,0.0,Under way using engine
2026-08-28T21:27:14Z,219000809,54.971905,11.514588,0.0,Under way using engine
2026-08-28T21:27:34Z,219002177,54.935973,11.371992,0.0,Under way using engine
2026-08-28T21:27:40Z,219000811,54.838708,11.491825,0.0,Under way using engine
2026-08-28T21:27:44Z,219000809,54.971912,11.514583,0.0,Under way using engine
2026-08-28T21:28:04Z,219002177,54.935963,11.372007,0.0,Under way using engine
2026-08-28T21:28:14Z,219000809,54.971918,11.514585,0.0,Under way using engine
2026-08-28T21:28:19Z,219000811,54.838705,11.491823,0.0,Under way using engine
2026-08-28T21:28:34Z,219002177,54.935963,11.372000,0.0,Under way using engine
2026-08-28T21:28:44Z,219000809,54.971928,11.514570,0.0,Under way using engine
2026-08-28T21:28:50Z,219000811,54.838707,11.491823,0.0,Under way using engine
2026-08-28T21:29:04Z,219002177,54.935958,11.372013,0.0,Under way using engine
2026-08-28T21:29:23Z,219000809,54.971922,11.514573,0.0,Under way using engine
2026-08-28T21:29:29Z,219000811,54.838705,11.491825,0.0,Under way using engine
2026-08-28T21:29:34Z,219002177,54.935977,11.372002,0.0,Under way using engine
2026-08-28T21:29:53Z,219000809,54.971928,11.514572,0.0,Under way using engine
2026-08-28T21:29:59Z,219000811,54.838705,11.491827,0.0,Under way using engine
2026-08-28T21:30:04Z,219002177,54.935977,11.372015,0.1,Under way using engine
2026-08-28T21:30:23Z,219000809,54.971927,11.514583,0.0,Under way using engine
2026-08-28T21:30:29Z,219000811,54.838707,11.491830,0.0,Under way using engine
2026-08-28T21:30:34Z,219002177,54.935973,11.372017,0.0,Under way using engine
2026-08-28T21:30:53Z,219000809,54.971923,11.514590,0.0,Under way using engine
2026-08-28T21:30:59Z,219000811,54.838708,11.491828,0.0,Under way using engine
2026-08-28T21:31:04Z,219002177,54.935950,11.372007,0.0,Under way using engine
2026-08-28T21:31:23Z,219000809,54.971903,11.514573,0.0,Under way using engine
2026-08-28T21:31:29Z,219000811,54.838707,11.491828,0.0,Under way using engine
2026-08-28T21:31:34Z,219002177,54.935953,11.372010,0.0,Under way using engine
2026-08-28T21:31:53Z,219000809,54.971915,11.514575,0.0,Under way using engine
2026-08-28T21:32:00Z,219000811,54.838705,11.491828,0.0,Under way using engine
2026-08-28T21:32:04Z,219002177,54.935960,11.372013,0.0,Under way using engine
2026-08-28T21:32:23Z,219000809,54.971895,11.514572,0.0,Under way using engine
2026-08-28T21:32:34Z,219002177,54.935967,11.372022,0.0,Under way using engine
2026-08-28T21:32:40Z,219000811,54.838705,11.491827,0.0,Under way using engine
2026-08-28T21:32:53Z,219000809,54.971905,11.514570,0.0,Under way using engine
2026-08-28T21:33:04Z,219002177,54.935960,11.372013,0.0,Under way using engine
2026-08-28T21:33:19Z,219000811,54.838708,11.491827,0.0,Under way using engine
2026-08-28T21:33:24Z,219000809,54.971907,11.514575,0.0,Under way using engine
2026-08-28T21:33:43Z,219002177,54.935973,11.372007,0.0,Under way using engine
2026-08-28T21:33:49Z,219000811,54.838713,11.491825,0.0,Under way using engine
2026-08-28T21:34:04Z,219000809,54.971908,11.514582,0.0,Under way using engine
2026-08-28T21:34:20Z,219000811,54.838717,11.491822,0.0,Under way using engine
2026-08-28T21:34:24Z,219002177,54.935983,11.372000,0.0,Under way using engine
2026-08-28T21:34:43Z,219000809,54.971917,11.514603,0.0,Under way using engine
2026-08-28T21:34:54Z,219002177,54.935992,11.371983,0.0,Under way using engine
2026-08-28T21:35:00Z,219000811,54.838715,11.491818,0.0,Under way using engine
2026-08-28T21:35:14Z,219000809,54.971922,11.514595,0.0,Under way using engine
2026-08-28T21:35:25Z,219002177,54.935977,11.371988,0.0,Under way using engine
2026-08-28T21:35:39Z,219000811,54.838715,11.491813,0.0,Under way using engine
2026-08-28T21:35:52Z,219000809,54.971912,11.514610,0.0,Under way using engine
2026-08-28T21:36:04Z,219002177,54.935987,11.372018,0.0,Under way using engine
2026-08-28T21:36:09Z,219000811,54.838710,11.491810,0.0,Under way using engine
2026-08-28T21:36:24Z,219000809,54.971908,11.514612,0.0,Under way using engine
2026-08-28T21:36:39Z,219000811,54.838708,11.491812,0.0,Under way using engine
2026-08-28T21:36:45Z,219002177,54.935972,11.372018,0.0,Under way using engine
2026-08-28T21:37:04Z,219000809,54.971898,11.514612,0.0,Under way using engine
2026-08-28T21:37:09Z,219000811,54.838707,11.491812,0.0,Under way using engine
2026-08-28T21:37:25Z,219002177,54.935978,11.372010,0.0,Under way using engine
2026-08-28T21:37:39Z,219000811,54.838710,11.491815,0.0,Under way using engine
2026-08-28T21:37:44Z,219000809,54.971900,11.514598,0.0,Under way using engine
2026-08-28T21:38:03Z,219002177,54.935980,11.371988,0.0,Under way using engine
2026-08-28T21:38:09Z,219000811,54.838718,11.491817,0.0,Under way using engine
2026-08-28T21:38:24Z,219000809,54.971902,11.514583,0.0,Under way using engine
2026-08-28T21:38:33Z,219002177,54.935988,11.371997,0.0,Under way using engine
2026-08-28T21:38:39Z,219000811,54.838718,11.491818,0.0,Under way using engine
2026-08-28T21:39:03Z,219000809,54.971907,11.514578,0.1,Under way using engine
2026-08-28T21:39:03Z,219002177,54.935977,11.372007,0.0,Under way using engine
2026-08-28T21:39:09Z,219000811,54.838717,11.491820,0.0,Under way using engine
2026-08-28T21:39:33Z,219000809,54.971905,11.514583,0.0,Under way using engine
2026-08-28T21:39:33Z,219002177,54.935977,11.372018,0.0,Under way using engine
2026-08-28T21:39:39Z,219000811,54.838715,11.491820,0.0,Under way using engine
2026-08-28T21:40:03Z,219000809,54.971923,11.514602,0.0,Under way using engine
2026-08-28T21:40:03Z,219002177,54.935965,11.372025,0.0,Under way using engine
2026-08-28T21:40:09Z,219000811,54.838715,11.491820,0.0,Under way using engine
2026-08-28T21:40:33Z,219002177,54.935970,11.372023,0.0,Under way using engine
2026-08-28T21:40:34Z,219000809,54.971913,11.514602,0.0,Under way using engine
2026-08-28T21:40:39Z,219000811,54.838718,11.491828,0.0,Under way using engine
2026-08-28T21:41:03Z,219002177,54.935975,11.372025,0.0,Under way using engine
2026-08-28T21:41:09Z,219000811,54.838717,11.491832,0.0,Under way using engine
2026-08-28T21:41:13Z,219000809,54.971928,11.514603,0.0,Under way using engine
2026-08-28T21:41:39Z,219000811,54.838712,11.491830,0.0,Under way using engine
2026-08-28T21:41:44Z,219000809,54.971920,11.514598,0.0,Under way using engine
2026-08-28T21:41:45Z,219002177,54.935948,11.372023,0.0,Under way using engine
2026-08-28T21:42:09Z,219000811,54.838713,11.491832,0.0,Under way using engine
2026-08-28T21:42:14Z,219000809,54.971903,11.514605,0.0,Under way using engine
2026-08-28T21:42:39Z,219000811,54.838717,11.491835,0.0,Under way using engine
2026-08-28T21:42:44Z,219000809,54.971903,11.514607,0.0,Under way using engine
2026-08-28T21:42:45Z,219002177,54.935968,11.372022,0.0,Under way using engine
2026-08-28T21:43:09Z,219000811,54.838718,11.491835,0.0,Under way using engine
2026-08-28T21:43:14Z,219000809,54.971922,11.514598,0.0,Under way using engine
2026-08-28T21:43:25Z,219002177,54.935968,11.372008,0.0,Under way using engine
2026-08-28T21:43:39Z,219000811,54.838720,11.491833,0.0,Under way using engine
2026-08-28T21:43:44Z,219000809,54.971908,11.514592,0.0,Under way using engine
2026-08-28T21:44:04Z,219002177,54.935970,11.371995,0.0,Under way using engine
2026-08-28T21:44:09Z,219000811,54.838715,11.491832,0.0,Under way using engine
2026-08-28T21:44:14Z,219000809,54.971907,11.514590,0.0,Under way using engine
2026-08-28T21:44:39Z,219000811,54.838713,11.491830,0.0,Under way using engine
2026-08-28T21:44:44Z,219000809,54.971902,11.514590,0.0,Under way using engine
2026-08-28T21:44:45Z,219002177,54.935993,11.372007,0.0,Under way using engine
2026-08-28T21:45:09Z,219000811,54.838715,11.491835,0.0,Under way using engine
2026-08-28T21:45:14Z,219000809,54.971905,11.514592,0.0,Under way using engine
2026-08-28T21:45:25Z,219002177,54.935988,11.372003,0.0,Under way using engine
2026-08-28T21:45:39Z,219000811,54.838718,11.491835,0.0,Under way using engine
2026-08-28T21:45:44Z,219000809,54.971910,11.514598,0.0,Under way using engine
2026-08-28T21:46:04Z,219002177,54.935983,11.372007,0.0,Under way using engine
2026-08-28T21:46:09Z,219000811,54.838717,11.491835,0.0,Under way using engine
2026-08-28T21:46:14Z,219000809,54.971912,11.514610,0.0,Under way using engine
2026-08-28T21:46:39Z,219000811,54.838712,11.491833,0.0,Under way using engine
2026-08-28T21:46:44Z,219000809,54.971897,11.514610,0.0,Under way using engine
2026-08-28T21:46:45Z,219002177,54.935997,11.372015,0.0,Under way using engine
2026-08-28T21:47:09Z,219000811,54.838712,11.491830,0.0,Under way using engine
2026-08-28T21:47:14Z,219000809,54.971890,11.514602,0.0,Under way using engine
2026-08-28T21:47:23Z,219002177,54.935988,11.372008,0.0,Under way using engine
2026-08-28T21:47:39Z,219000811,54.838717,11.491830,0.0,Under way using engine
2026-08-28T21:47:44Z,219000809,54.971883,11.514607,0.0,Under way using engine
2026-08-28T21:47:53Z,219002177,54.936015,11.371997,0.0,Under way using engine
2026-08-28T21:48:09Z,219000811,54.838717,11.491832,0.0,Under way using engine
2026-08-28T21:48:14Z,219000809,54.971903,11.514590,0.0,Under way using engine
2026-08-28T21:48:23Z,219002177,54.935973,11.371990,0.0,Under way using engine
2026-08-28T21:48:40Z,219000811,54.838717,11.491832,0.0,Under way using engine
2026-08-28T21:48:44Z,219000809,54.971907,11.514583,0.0,Under way using engine
2026-08-28T21:48:53Z,219002177,54.935985,11.371982,0.0,Under way using engine
2026-08-28T21:49:18Z,219000811,54.838717,11.491832,0.0,Under way using engine
2026-08-28T21:49:23Z,219000809,54.971940,11.514590,0.0,Under way using engine
2026-08-28T21:49:23Z,219002177,54.935975,11.371985,0.0,Under way using engine
2026-08-28T21:49:49Z,219000811,54.838713,11.491833,0.0,Under way using engine
2026-08-28T21:49:53Z,219000809,54.971925,11.514585,0.0,Under way using engine
2026-08-28T21:49:53Z,219002177,54.936005,11.371990,0.0,Under way using engine
2026-08-28T21:50:23Z,219000809,54.971905,11.514580,0.0,Under way using engine
2026-08-28T21:50:23Z,219002177,54.936008,11.372002,0.0,Under way using engine
2026-08-28T21:50:28Z,219000811,54.838712,11.491832,0.0,Under way using engine
2026-08-28T21:50:53Z,219000809,54.971912,11.514582,0.0,Under way using engine
2026-08-28T21:50:53Z,219002177,54.935992,11.371995,0.0,Under way using engine
2026-08-28T21:50:59Z,219000811,54.838707,11.491828,0.0,Under way using engine
2026-08-28T21:51:23Z,219000809,54.971888,11.514580,0.0,Under way using engine
2026-08-28T21:51:23Z,219002177,54.935987,11.371978,0.0,Under way using engine
2026-08-28T21:51:40Z,219000811,54.838705,11.491825,0.0,Under way using engine
2026-08-28T21:51:53Z,219000809,54.971915,11.514573,0.0,Under way using engine
2026-08-28T21:51:53Z,219002177,54.935972,11.372008,0.0,Under way using engine
2026-08-28T21:52:19Z,219000811,54.838703,11.491827,0.0,Under way using engine
2026-08-28T21:52:23Z,219000809,54.971940,11.514615,0.0,Under way using engine
2026-08-28T21:52:23Z,219002177,54.936025,11.372015,0.0,Under way using engine
2026-08-28T21:52:49Z,219000811,54.838702,11.491825,0.0,Under way using engine
2026-08-28T21:52:53Z,219000809,54.971938,11.514605,0.0,Under way using engine
2026-08-28T21:52:53Z,219002177,54.936007,11.372017,0.0,Under way using engine
2026-08-28T21:53:19Z,219000811,54.838702,11.491827,0.0,Under way using engine
2026-08-28T21:53:23Z,219002177,54.936023,11.372003,0.0,Under way using engine
2026-08-28T21:53:24Z,219000809,54.971973,11.514590,0.1,Under way using engine
2026-08-28T21:53:49Z,219000811,54.838702,11.491828,0.0,Under way using engine
2026-08-28T21:53:54Z,219002177,54.936020,11.371993,0.0,Under way using engine
2026-08-28T21:54:04Z,219000809,54.971930,11.514588,0.0,Under way using engine
2026-08-28T21:54:19Z,219000811,54.838698,11.491828,0.0,Under way using engine
2026-08-28T21:54:34Z,219000809,54.971930,11.514585,0.0,Under way using engine
2026-08-28T21:54:34Z,219002177,54.936013,11.372002,0.0,Under way using engine
2026-08-28T21:54:49Z,219000811,54.838697,11.491827,0.0,Under way using engine
2026-08-28T21:55:04Z,219000809,54.971947,11.514562,0.0,Under way using engine
2026-08-28T21:55:05Z,219002177,54.936013,11.372008,0.0,Under way using engine
2026-08-28T21:55:19Z,219000811,54.838693,11.491825,0.0,Under way using engine
2026-08-28T21:55:34Z,219000809,54.971970,11.514593,0.0,Under way using engine
2026-08-28T21:55:45Z,219002177,54.936002,11.372030,0.0,Under way using engine
2026-08-28T21:55:50Z,219000811,54.838698,11.491825,0.0,Under way using engine
2026-08-28T21:56:04Z,219000809,54.971960,11.514592,0.0,Under way using engine
2026-08-28T21:56:25Z,219002177,54.935962,11.372023,0.0,Under way using engine
2026-08-28T21:56:29Z,219000811,54.838705,11.491827,0.0,Under way using engine
2026-08-28T21:56:34Z,219000809,54.971950,11.514592,0.0,Under way using engine
2026-08-28T21:57:00Z,219000811,54.838705,11.491823,0.0,Under way using engine
2026-08-28T21:57:04Z,219000809,54.971947,11.514593,0.0,Under way using engine
2026-08-28T21:57:05Z,219002177,54.935985,11.372037,0.0,Under way using engine
2026-08-28T21:57:34Z,219000809,54.971953,11.514593,0.0,Under way using engine
2026-08-28T21:57:39Z,219000811,54.838705,11.491820,0.0,Under way using engine
2026-08-28T21:57:45Z,219002177,54.936022,11.372020,0.0,Under way using engine
2026-08-28T21:58:04Z,219000809,54.971935,11.514603,0.0,Under way using engine
2026-08-28T21:58:09Z,219000811,54.838708,11.491823,0.0,Under way using engine
2026-08-28T21:58:25Z,219002177,54.936025,11.372022,0.0,Under way using engine
2026-08-28T21:58:34Z,219000809,54.971935,11.514578,0.0,Under way using engine
2026-08-28T21:58:39Z,219000811,54.838707,11.491820,0.0,Under way using engine
2026-08-28T21:59:04Z,219000809,54.971935,11.514565,0.0,Under way using engine
2026-08-28T21:59:05Z,219002177,54.936017,11.372038,0.0,Under way using engine
2026-08-28T21:59:09Z,219000811,54.838707,11.491820,0.0,Under way using engine
2026-08-28T21:59:34Z,219000809,54.971937,11.514567,0.0,Under way using engine
2026-08-28T21:59:45Z,219002177,54.935998,11.372027,0.0,Under way using engine
2026-08-28T21:59:50Z,219000811,54.838712,11.491820,0.0,Under way using engine
2026-08-28T22:00:14Z,219000809,54.971937,11.514577,0.0,Under way using engine
2026-08-28T22:00:20Z,219000811,54.838712,11.491820,0.0,Under way using engine
2026-08-28T22:00:24Z,219002177,54.935982,11.372032,0.0,Under way using engine
2026-08-28T22:00:44Z,219000809,54.971972,11.514577,0.0,Under way using engine
2026-08-28T22:00:50Z,219000811,54.838717,11.491822,0.0,Under way using engine
2026-08-28T22:00:54Z,219002177,54.935998,11.372037,0.0,Under way using engine
2026-08-28T22:01:14Z,219000809,54.971977,11.514585,0.0,Under way using engine
2026-08-28T22:01:20Z,219000811,54.838722,11.491823,0.0,Under way using engine
2026-08-28T22:01:24Z,219002177,54.935997,11.372043,0.0,Under way using engine
2026-08-28T22:01:44Z,219000809,54.971997,11.514588,0.0,Under way using engine
2026-08-28T22:01:50Z,219000811,54.838723,11.491820,0.0,Under way using engine
2026-08-28T22:01:54Z,219002177,54.935993,11.372035,0.0,Under way using engine
2026-08-28T22:02:14Z,219000809,54.971970,11.514590,0.0,Under way using engine
2026-08-28T22:02:20Z,219000811,54.838720,11.491818,0.0,Under way using engine
2026-08-28T22:02:24Z,219002177,54.936000,11.372037,0.0,Under way using engine
2026-08-28T22:02:44Z,219000809,54.971963,11.514600,0.0,Under way using engine
2026-08-28T22:02:50Z,219000811,54.838718,11.491818,0.0,Under way using engine
2026-08-28T22:02:54Z,219002177,54.936013,11.372040,0.0,Under way using engine
2026-08-28T22:03:14Z,219000809,54.971938,11.514602,0.0,Under way using engine
2026-08-28T22:03:24Z,219002177,54.935998,11.372027,0.0,Under way using engine
2026-08-28T22:03:29Z,219000811,54.838717,11.491815,0.0,Under way using engine
2026-08-28T22:03:53Z,219000809,54.971950,11.514590,0.0,Under way using engine
2026-08-28T22:03:54Z,219002177,54.935992,11.372025,0.0,Under way using engine
2026-08-28T22:03:59Z,219000811,54.838715,11.491812,0.0,Under way using engine
2026-08-28T22:04:24Z,219000809,54.971952,11.514583,0.0,Under way using engine
2026-08-28T22:04:24Z,219002177,54.935997,11.372013,0.0,Under way using engine
2026-08-28T22:04:29Z,219000811,54.838720,11.491817,0.0,Under way using engine
2026-08-28T22:04:54Z,219002177,54.935998,11.372010,0.0,Under way using engine
2026-08-28T22:05:00Z,219000811,54.838722,11.491818,0.0,Under way using engine
2026-08-28T22:05:04Z,219000809,54.971912,11.514565,0.0,Under way using engine
2026-08-28T22:05:24Z,219002177,54.936008,11.372022,0.0,Under way using engine
2026-08-28T22:05:30Z,219000811,54.838723,11.491822,0.0,Under way using engine
2026-08-28T22:05:43Z,219000809,54.971920,11.514578,0.0,Under way using engine
2026-08-28T22:05:54Z,219002177,54.936012,11.372013,0.0,Under way using engine
2026-08-28T22:06:00Z,219000811,54.838727,11.491820,0.0,Under way using engine
2026-08-28T22:06:13Z,219000809,54.971910,11.514595,0.0,Under way using engine
2026-08-28T22:06:24Z,219002177,54.936017,11.372013,0.0,Under way using engine
2026-08-28T22:06:30Z,219000811,54.838733,11.491817,0.0,Under way using engine
2026-08-28T22:06:43Z,219000809,54.971928,11.514613,0.0,Under way using engine
2026-08-28T22:06:54Z,219002177,54.936012,11.372013,0.0,Under way using engine
2026-08-28T22:07:00Z,219000811,54.838732,11.491817,0.0,Under way using engine
2026-08-28T22:07:13Z,219000809,54.971897,11.514600,0.0,Under way using engine
2026-08-28T22:07:30Z,219000811,54.838728,11.491817,0.0,Under way using engine
2026-08-28T22:07:43Z,219000809,54.971903,11.514602,0.0,Under way using engine
2026-08-28T22:07:45Z,219002177,54.935998,11.372012,0.0,Under way using engine
2026-08-28T22:08:00Z,219000811,54.838723,11.491818,0.0,Under way using engine
2026-08-28T22:08:13Z,219000809,54.971905,11.514602,0.0,Under way using engine
2026-08-28T22:08:23Z,219002177,54.935995,11.372013,0.0,Under way using engine
2026-08-28T22:08:30Z,219000811,54.838720,11.491822,0.0,Under way using engine
2026-08-28T22:08:43Z,219000809,54.971935,11.514613,0.0,Under way using engine
2026-08-28T22:08:55Z,219002177,54.935995,11.372012,0.0,Under way using engine
2026-08-28T22:09:00Z,219000811,54.838722,11.491825,0.0,Under way using engine
2026-08-28T22:09:13Z,219000809,54.971945,11.514615,0.0,Under way using engine
2026-08-28T22:09:30Z,219000811,54.838723,11.491825,0.0,Under way using engine
2026-08-28T22:09:33Z,219002177,54.936015,11.372025,0.0,Under way using engine
2026-08-28T22:09:43Z,219000809,54.971917,11.514578,0.0,Under way using engine
2026-08-28T22:10:00Z,219000811,54.838718,11.491818,0.0,Under way using engine
2026-08-28T22:10:05Z,219002177,54.935990,11.371997,0.0,Under way using engine
2026-08-28T22:10:13Z,219000809,54.971907,11.514573,0.0,Under way using engine
2026-08-28T22:10:40Z,219000811,54.838710,11.491817,0.0,Under way using engine
2026-08-28T22:10:43Z,219000809,54.971922,11.514575,0.0,Under way using engine
2026-08-28T22:10:45Z,219002177,54.935988,11.371990,0.0,Under way using engine
2026-08-28T22:11:14Z,219000809,54.971938,11.514572,0.0,Under way using engine
2026-08-28T22:11:20Z,219000811,54.838710,11.491815,0.0,Under way using engine
2026-08-28T22:11:23Z,219002177,54.935988,11.371990,0.0,Under way using engine
2026-08-28T22:11:53Z,219000809,54.971948,11.514588,0.0,Under way using engine
2026-08-28T22:11:55Z,219002177,54.936008,11.372020,0.1,Under way using engine
2026-08-28T22:11:59Z,219000811,54.838712,11.491812,0.0,Under way using engine
2026-08-28T22:12:24Z,219000809,54.971945,11.514595,0.0,Under way using engine
2026-08-28T22:12:29Z,219000811,54.838710,11.491810,0.0,Under way using engine
2026-08-28T22:12:33Z,219002177,54.935988,11.372022,0.0,Under way using engine
2026-08-28T22:12:59Z,219000811,54.838712,11.491812,0.0,Under way using engine
2026-08-28T22:13:04Z,219000809,54.971922,11.514583,0.0,Under way using engine
2026-08-28T22:13:04Z,219002177,54.935980,11.372012,0.0,Under way using engine
2026-08-28T22:13:29Z,219000811,54.838710,11.491813,0.0,Under way using engine
2026-08-28T22:13:43Z,219000809,54.971895,11.514568,0.1,Under way using engine
2026-08-28T22:13:45Z,219002177,54.935993,11.372003,0.0,Under way using engine
2026-08-28T22:13:59Z,219000811,54.838712,11.491815,0.0,Under way using engine
2026-08-28T22:14:14Z,219000809,54.971907,11.514567,0.0,Under way using engine
2026-08-28T22:14:24Z,219002177,54.936002,11.372012,0.0,Under way using engine
2026-08-28T22:14:29Z,219000811,54.838712,11.491817,0.0,Under way using engine
2026-08-28T22:14:53Z,219000809,54.971912,11.514587,0.0,Under way using engine
2026-08-28T22:14:55Z,219002177,54.936003,11.372017,0.0,Under way using engine
2026-08-28T22:14:59Z,219000811,54.838715,11.491818,0.0,Under way using engine
2026-08-28T22:15:24Z,219000809,54.971915,11.514593,0.0,Under way using engine
2026-08-28T22:15:29Z,219000811,54.838717,11.491818,0.0,Under way using engine
2026-08-28T22:15:33Z,219002177,54.935998,11.372018,0.0,Under way using engine
2026-08-28T22:15:59Z,219000811,54.838715,11.491818,0.0,Under way using engine
2026-08-28T22:16:04Z,219000809,54.971913,11.514602,0.0,Under way using engine
2026-08-28T22:16:05Z,219002177,54.935992,11.372012,0.0,Under way using engine
2026-08-28T22:16:29Z,219000811,54.838712,11.491820,0.0,Under way using engine
2026-08-28T22:16:43Z,219000809,54.971913,11.514607,0.0,Under way using engine
2026-08-28T22:16:43Z,219002177,54.935990,11.372013,0.0,Under way using engine
2026-08-28T22:16:59Z,219000811,54.838713,11.491820,0.0,Under way using engine
2026-08-28T22:17:13Z,219000809,54.971923,11.514598,0.0,Under way using engine
2026-08-28T22:17:13Z,219002177,54.935997,11.372010,0.0,Under way using engine
2026-08-28T22:17:29Z,219000811,54.838717,11.491820,0.0,Under way using engine
2026-08-28T22:17:43Z,219000809,54.971917,11.514582,0.0,Under way using engine
2026-08-28T22:17:43Z,219002177,54.936007,11.372008,0.0,Under way using engine
2026-08-28T22:17:59Z,219000811,54.838723,11.491815,0.0,Under way using engine
2026-08-28T22:18:13Z,219000809,54.971905,11.514577,0.0,Under way using engine
2026-08-28T22:18:13Z,219002177,54.936012,11.372007,0.0,Under way using engine
2026-08-28T22:18:39Z,219000811,54.838723,11.491817,0.0,Under way using engine
2026-08-28T22:18:43Z,219000809,54.971907,11.514582,0.0,Under way using engine
2026-08-28T22:18:43Z,219002177,54.936002,11.372007,0.0,Under way using engine
2026-08-28T22:19:09Z,219000811,54.838725,11.491822,0.0,Under way using engine
2026-08-28T22:19:13Z,219000809,54.971923,11.514590,0.0,Under way using engine
2026-08-28T22:19:13Z,219002177,54.936005,11.372007,0.0,Under way using engine
2026-08-28T22:19:39Z,219000811,54.838722,11.491825,0.0,Under way using engine
2026-08-28T22:19:43Z,219000809,54.971932,11.514592,0.0,Under way using engine
2026-08-28T22:19:43Z,219002177,54.936012,11.372010,0.0,Under way using engine
2026-08-28T22:20:09Z,219000811,54.838717,11.491830,0.0,Under way using engine
2026-08-28T22:20:13Z,219000809,54.971930,11.514588,0.0,Under way using engine
2026-08-28T22:20:13Z,219002177,54.936013,11.372022,0.0,Under way using engine
2026-08-28T22:20:39Z,219000811,54.838718,11.491830,0.0,Under way using engine
2026-08-28T22:20:43Z,219000809,54.971935,11.514580,0.0,Under way using engine
2026-08-28T22:20:43Z,219002177,54.936015,11.372023,0.0,Under way using engine
2026-08-28T22:21:09Z,219000811,54.838718,11.491832,0.0,Under way using engine
2026-08-28T22:21:13Z,219000809,54.971933,11.514585,0.1,Under way using engine
2026-08-28T22:21:13Z,219002177,54.936008,11.372007,0.0,Under way using engine
2026-08-28T22:21:39Z,219000811,54.838717,11.491833,0.0,Under way using engine
2026-08-28T22:21:43Z,219000809,54.971928,11.514598,0.0,Under way using engine
2026-08-28T22:21:44Z,219002177,54.936012,11.372003,0.0,Under way using engine
2026-08-28T22:22:09Z,219000811,54.838710,11.491833,0.0,Under way using engine
2026-08-28T22:22:14Z,219000809,54.971930,11.514607,0.0,Under way using engine
2026-08-28T22:22:15Z,219002177,54.935995,11.372000,0.0,Under way using engine
2026-08-28T22:22:39Z,219000811,54.838705,11.491832,0.0,Under way using engine
2026-08-28T22:22:50Z,219002177,54.935987,11.371993,0.0,Under way using engine
2026-08-28T22:22:53Z,219000809,54.971915,11.514585,0.0,Under way using engine
2026-08-28T22:23:09Z,219000811,54.838703,11.491830,0.0,Under way using engine
2026-08-28T22:23:24Z,219000809,54.971920,11.514585,0.0,Under way using engine
2026-08-28T22:23:34Z,219002177,54.935985,11.371990,0.0,Under way using engine
2026-08-28T22:23:39Z,219000811,54.838707,11.491828,0.0,Under way using engine
2026-08-28T22:24:03Z,219000809,54.971935,11.514597,0.0,Under way using engine
2026-08-28T22:24:09Z,219000811,54.838707,11.491830,0.0,Under way using engine
2026-08-28T22:24:15Z,219002177,54.935992,11.372000,0.0,Under way using engine
2026-08-28T22:24:34Z,219000809,54.971930,11.514585,0.0,Under way using engine
2026-08-28T22:24:39Z,219000811,54.838707,11.491830,0.0,Under way using engine
2026-08-28T22:24:53Z,219002177,54.935993,11.371995,0.0,Under way using engine
2026-08-28T22:25:09Z,219000811,54.838707,11.491833,0.0,Under way using engine
2026-08-28T22:25:14Z,219000809,54.971907,11.514580,0.0,Under way using engine
2026-08-28T22:25:25Z,219002177,54.935995,11.372007,0.0,Under way using engine
2026-08-28T22:25:39Z,219000811,54.838707,11.491833,0.0,Under way using engine
2026-08-28T22:25:53Z,219000809,54.971910,11.514573,0.0,Under way using engine
2026-08-28T22:26:03Z,219002177,54.935993,11.372003,0.0,Under way using engine
2026-08-28T22:26:09Z,219000811,54.838710,11.491833,0.0,Under way using engine
2026-08-28T22:26:24Z,219000809,54.971928,11.514570,0.0,Under way using engine
2026-08-28T22:26:34Z,219002177,54.935993,11.372000,0.0,Under way using engine
2026-08-28T22:26:39Z,219000811,54.838713,11.491833,0.0,Under way using engine
2026-08-28T22:27:03Z,219000809,54.971930,11.514573,0.0,Under way using engine
2026-08-28T22:27:10Z,219000811,54.838715,11.491832,0.0,Under way using engine
2026-08-28T22:27:15Z,219002177,54.935983,11.372002,0.0,Under way using engine
2026-08-28T22:27:34Z,219000809,54.971930,11.514570,0.0,Under way using engine
2026-08-28T22:27:50Z,219000811,54.838715,11.491830,0.0,Under way using engine
2026-08-28T22:27:53Z,219002177,54.935977,11.371985,0.0,Under way using engine
2026-08-28T22:28:14Z,219000809,54.971932,11.514580,0.0,Under way using engine
2026-08-28T22:28:25Z,219002177,54.935977,11.371987,0.0,Under way using engine
2026-08-28T22:28:30Z,219000811,54.838715,11.491828,0.0,Under way using engine
2026-08-28T22:28:44Z,219000809,54.971945,11.514578,0.0,Under way using engine
2026-08-28T22:28:55Z,219002177,54.935980,11.371997,0.0,Under way using engine
2026-08-28T22:29:00Z,219000811,54.838715,11.491830,0.0,Under way using engine
2026-08-28T22:29:25Z,219002177,54.935980,11.372012,0.0,Under way using engine
2026-08-28T22:29:30Z,219000811,54.838715,11.491830,0.0,Under way using engine
2026-08-28T22:29:34Z,219000809,54.971930,11.514588,0.0,Under way using engine
2026-08-28T22:29:55Z,219002177,54.935977,11.372008,0.0,Under way using engine
2026-08-28T22:30:00Z,219000811,54.838713,11.491830,0.0,Under way using engine
2026-08-28T22:30:13Z,219000809,54.971930,11.514562,0.0,Under way using engine
2026-08-28T22:30:25Z,219002177,54.935977,11.372012,0.0,Under way using engine
2026-08-28T22:30:30Z,219000811,54.838713,11.491827,0.0,Under way using engine
2026-08-28T22:30:44Z,219000809,54.971922,11.514587,0.0,Under way using engine
2026-08-28T22:30:55Z,219002177,54.935983,11.372015,0.0,Under way using engine
2026-08-28T22:31:00Z,219000811,54.838712,11.491825,0.0,Under way using engine
2026-08-28T22:31:24Z,219000809,54.971925,11.514575,0.0,Under way using engine
2026-08-28T22:31:25Z,219002177,54.935992,11.372017,0.0,Under way using engine
2026-08-28T22:31:30Z,219000811,54.838710,11.491825,0.0,Under way using engine
2026-08-28T22:31:55Z,219002177,54.935988,11.372012,0.0,Under way using engine
2026-08-28T22:32:00Z,219000811,54.838708,11.491823,0.0,Under way using engine
2026-08-28T22:32:03Z,219000809,54.971925,11.514560,0.0,Under way using engine
2026-08-28T22:32:33Z,219000809,54.971925,11.514558,0.0,Under way using engine
2026-08-28T22:32:34Z,219002177,54.935988,11.372013,0.0,Under way using engine
2026-08-28T22:32:40Z,219000811,54.838707,11.491827,0.0,Under way using engine
2026-08-28T22:33:04Z,219000809,54.971932,11.514570,0.0,Under way using engine
2026-08-28T22:33:04Z,219002177,54.935977,11.372028,0.0,Under way using engine
2026-08-28T22:33:19Z,219000811,54.838710,11.491820,0.0,Under way using engine
2026-08-28T22:33:34Z,219002177,54.935972,11.372013,0.0,Under way using engine
2026-08-28T22:33:44Z,219000809,54.971937,11.514570,0.0,Under way using engine
2026-08-28T22:33:50Z,219000811,54.838708,11.491818,0.0,Under way using engine
2026-08-28T22:34:04Z,219002177,54.935980,11.372012,0.0,Under way using engine
2026-08-28T22:34:14Z,219000809,54.971938,11.514588,0.0,Under way using engine
2026-08-28T22:34:29Z,219000811,54.838710,11.491818,0.0,Under way using engine
2026-08-28T22:34:34Z,219002177,54.935982,11.372005,0.0,Under way using engine
2026-08-28T22:34:44Z,219000809,54.971938,11.514573,0.0,Under way using engine
2026-08-28T22:35:00Z,219000811,54.838710,11.491818,0.0,Under way using engine
2026-08-28T22:35:14Z,219000809,54.971933,11.514585,0.0,Under way using engine
2026-08-28T22:35:14Z,219002177,54.935987,11.372005,0.0,Under way using engine
2026-08-28T22:35:40Z,219000811,54.838715,11.491815,0.0,Under way using engine
2026-08-28T22:35:44Z,219000809,54.971930,11.514542,0.0,Under way using engine
2026-08-28T22:35:44Z,219002177,54.935982,11.372022,0.0,Under way using engine
2026-08-28T22:36:14Z,219000809,54.971932,11.514558,0.0,Under way using engine
2026-08-28T22:36:14Z,219002177,54.935985,11.372012,0.0,Under way using engine
2026-08-28T22:36:19Z,219000811,54.838715,11.491813,0.0,Under way using engine
2026-08-28T22:36:44Z,219000809,54.971922,11.514578,0.0,Under way using engine
2026-08-28T22:36:45Z,219002177,54.935980,11.372013,0.0,Under way using engine
2026-08-28T22:36:50Z,219000811,54.838718,11.491815,0.0,Under way using engine
2026-08-28T22:37:14Z,219000809,54.971920,11.514567,0.0,Under way using engine
2026-08-28T22:37:23Z,219002177,54.935985,11.372018,0.0,Under way using engine
2026-08-28T22:37:29Z,219000811,54.838720,11.491820,0.0,Under way using engine
2026-08-28T22:37:44Z,219000809,54.971915,11.514567,0.0,Under way using engine
2026-08-28T22:37:53Z,219002177,54.935988,11.372022,0.0,Under way using engine
2026-08-28T22:38:09Z,219000811,54.838722,11.491822,0.0,Under way using engine
2026-08-28T22:38:24Z,219000809,54.971922,11.514557,0.0,Under way using engine
2026-08-28T22:38:24Z,219002177,54.935992,11.372012,0.0,Under way using engine
2026-08-28T22:38:39Z,219000811,54.838718,11.491823,0.0,Under way using engine
2026-08-28T22:38:54Z,219000809,54.971920,11.514558,0.0,Under way using engine
2026-08-28T22:39:05Z,219002177,54.935997,11.372002,0.0,Under way using engine
2026-08-28T22:39:09Z,219000811,54.838717,11.491825,0.0,Under way using engine
2026-08-28T22:39:24Z,219000809,54.971920,11.514550,0.0,Under way using engine
2026-08-28T22:39:35Z,219002177,54.935995,11.371995,0.0,Under way using engine
2026-08-28T22:39:39Z,219000811,54.838715,11.491828,0.0,Under way using engine
2026-08-28T22:39:54Z,219000809,54.971913,11.514532,0.0,Under way using engine
2026-08-28T22:40:05Z,219002177,54.935990,11.372000,0.0,Under way using engine
2026-08-28T22:40:09Z,219000811,54.838713,11.491833,0.0,Under way using engine
2026-08-28T22:40:24Z,219000809,54.971927,11.514545,0.0,Under way using engine
2026-08-28T22:40:35Z,219002177,54.935990,11.371983,0.0,Under way using engine
2026-08-28T22:40:39Z,219000811,54.838715,11.491828,0.0,Under way using engine
2026-08-28T22:40:54Z,219000809,54.971918,11.514555,0.0,Under way using engine
2026-08-28T22:41:05Z,219002177,54.935988,11.371993,0.0,Under way using engine
2026-08-28T22:41:09Z,219000811,54.838715,11.491828,0.0,Under way using engine
2026-08-28T22:41:24Z,219000809,54.971915,11.514555,0.0,Under way using engine
2026-08-28T22:41:35Z,219002177,54.935975,11.371995,0.0,Under way using engine
2026-08-28T22:41:39Z,219000811,54.838715,11.491828,0.0,Under way using engine
2026-08-28T22:41:54Z,219000809,54.971908,11.514553,0.0,Under way using engine
2026-08-28T22:42:09Z,219000811,54.838715,11.491825,0.0,Under way using engine
2026-08-28T22:42:14Z,219002177,54.935975,11.371995,0.0,Under way using engine
2026-08-28T22:42:24Z,219000809,54.971910,11.514560,0.0,Under way using engine
2026-08-28T22:42:39Z,219000811,54.838717,11.491822,0.0,Under way using engine
2026-08-28T22:42:44Z,219002177,54.935977,11.371995,0.0,Under way using engine
2026-08-28T22:42:54Z,219000809,54.971913,11.514567,0.0,Under way using engine
2026-08-28T22:43:09Z,219000811,54.838715,11.491820,0.0,Under way using engine
2026-08-28T22:43:14Z,219002177,54.935960,11.372017,0.0,Under way using engine
2026-08-28T22:43:24Z,219000809,54.971915,11.514573,0.0,Under way using engine
2026-08-28T22:43:39Z,219000811,54.838713,11.491820,0.0,Under way using engine
2026-08-28T22:43:44Z,219002177,54.935965,11.372012,0.0,Under way using engine
2026-08-28T22:43:54Z,219000809,54.971912,11.514583,0.0,Under way using engine
2026-08-28T22:44:09Z,219000811,54.838713,11.491818,0.0,Under way using engine
2026-08-28T22:44:14Z,219002177,54.935972,11.372002,0.0,Under way using engine
2026-08-28T22:44:24Z,219000809,54.971922,11.514573,0.0,Under way using engine
2026-08-28T22:44:39Z,219000811,54.838713,11.491817,0.0,Under way using engine
2026-08-28T22:44:44Z,219002177,54.935973,11.371982,0.0,Under way using engine
2026-08-28T22:45:03Z,219000809,54.971927,11.514550,0.0,Under way using engine
2026-08-28T22:45:09Z,219000811,54.838712,11.491818,0.0,Under way using engine
2026-08-28T22:45:25Z,219002177,54.935980,11.371983,0.0,Under way using engine
2026-08-28T22:45:34Z,219000809,54.971917,11.514545,0.0,Under way using engine
2026-08-28T22:45:39Z,219000811,54.838713,11.491817,0.0,Under way using engine
2026-08-28T22:46:04Z,219000809,54.971923,11.514550,0.0,Under way using engine
2026-08-28T22:46:04Z,219002177,54.935982,11.371987,0.0,Under way using engine
2026-08-28T22:46:09Z,219000811,54.838713,11.491815,0.0,Under way using engine
2026-08-28T22:46:34Z,219000809,54.971920,11.514558,0.0,Under way using engine
2026-08-28T22:46:34Z,219002177,54.935975,11.371987,0.0,Under way using engine
2026-08-28T22:46:39Z,219000811,54.838713,11.491813,0.0,Under way using engine
2026-08-28T22:47:04Z,219000809,54.971922,11.514572,0.0,Under way using engine
2026-08-28T22:47:04Z,219002177,54.935975,11.371978,0.0,Under way using engine
2026-08-28T22:47:09Z,219000811,54.838713,11.491815,0.0,Under way using engine
2026-08-28T22:47:34Z,219000809,54.971925,11.514567,0.0,Under way using engine
2026-08-28T22:47:34Z,219002177,54.935983,11.371985,0.0,Under way using engine
2026-08-28T22:47:39Z,219000811,54.838713,11.491818,0.0,Under way using engine
2026-08-28T22:48:04Z,219000809,54.971913,11.514567,0.0,Under way using engine
2026-08-28T22:48:04Z,219002177,54.935992,11.371988,0.0,Under way using engine
2026-08-28T22:48:09Z,219000811,54.838710,11.491822,0.0,Under way using engine
2026-08-28T22:48:34Z,219000809,54.971912,11.514572,0.0,Under way using engine
2026-08-28T22:48:39Z,219000811,54.838710,11.491822,0.0,Under way using engine
2026-08-28T22:48:45Z,219002177,54.935982,11.372005,0.0,Under way using engine
2026-08-28T22:49:04Z,219000809,54.971923,11.514583,0.0,Under way using engine
2026-08-28T22:49:09Z,219000811,54.838708,11.491822,0.0,Under way using engine
2026-08-28T22:49:24Z,219002177,54.935988,11.372008,0.0,Under way using engine
2026-08-28T22:49:34Z,219000809,54.971920,11.514575,0.0,Under way using engine
2026-08-28T22:49:39Z,219000811,54.838707,11.491823,0.0,Under way using engine
2026-08-28T22:50:04Z,219002177,54.935990,11.372000,0.0,Under way using engine
2026-08-28T22:50:10Z,219000811,54.838705,11.491822,0.0,Under way using engine
2026-08-28T22:50:14Z,219000809,54.971917,11.514570,0.0,Under way using engine
2026-08-28T22:50:45Z,219002177,54.935985,11.371992,0.0,Under way using engine
2026-08-28T22:50:50Z,219000811,54.838705,11.491817,0.0,Under way using engine
2026-08-28T22:50:54Z,219000809,54.971910,11.514558,0.0,Under way using engine
2026-08-28T22:51:24Z,219000809,54.971922,11.514565,0.0,Under way using engine
2026-08-28T22:51:24Z,219002177,54.935983,11.372020,0.0,Under way using engine
2026-08-28T22:51:28Z,219000811,54.838708,11.491813,0.0,Under way using engine
2026-08-28T22:51:54Z,219000809,54.971918,11.514568,0.0,Under way using engine
2026-08-28T22:51:54Z,219002177,54.935975,11.372005,0.0,Under way using engine
2026-08-28T22:51:59Z,219000811,54.838712,11.491813,0.0,Under way using engine
2026-08-28T22:52:24Z,219002177,54.935977,11.372030,0.0,Under way using engine
2026-08-28T22:52:34Z,219000809,54.971908,11.514562,0.0,Under way using engine
2026-08-28T22:52:39Z,219000811,54.838715,11.491812,0.0,Under way using engine
2026-08-28T22:52:54Z,219002177,54.935983,11.372033,0.0,Under way using engine
2026-08-28T22:53:04Z,219000809,54.971910,11.514567,0.0,Under way using engine
2026-08-28T22:53:10Z,219000811,54.838715,11.491813,0.0,Under way using engine
2026-08-28T22:53:33Z,219002177,54.935992,11.371990,0.0,Under way using engine
2026-08-28T22:53:34Z,219000809,54.971903,11.514575,0.0,Under way using engine
2026-08-28T22:53:59Z,219000811,54.838717,11.491810,0.0,Under way using engine
2026-08-28T22:54:04Z,219000809,54.971908,11.514585,0.0,Under way using engine
2026-08-28T22:54:04Z,219002177,54.935988,11.371992,0.0,Under way using engine
2026-08-28T22:54:34Z,219000809,54.971903,11.514570,0.0,Under way using engine
2026-08-28T22:54:40Z,219000811,54.838715,11.491808,0.0,Under way using engine
2026-08-28T22:54:43Z,219002177,54.935975,11.372000,0.0,Under way using engine
2026-08-28T22:55:04Z,219000809,54.971908,11.514563,0.0,Under way using engine
2026-08-28T22:55:10Z,219000811,54.838715,11.491810,0.0,Under way using engine
2026-08-28T22:55:14Z,219002177,54.935973,11.372007,0.0,Under way using engine
2026-08-28T22:55:34Z,219000809,54.971903,11.514578,0.0,Under way using engine
2026-08-28T22:55:40Z,219000811,54.838718,11.491807,0.0,Under way using engine
2026-08-28T22:55:45Z,219002177,54.935973,11.371968,0.0,Under way using engine
2026-08-28T22:56:10Z,219000811,54.838720,11.491807,0.0,Under way using engine
2026-08-28T22:56:14Z,219000809,54.971898,11.514590,0.0,Under way using engine
2026-08-28T22:56:25Z,219002177,54.935982,11.372007,0.0,Under way using engine
2026-08-28T22:56:40Z,219000811,54.838720,11.491808,0.0,Under way using engine
2026-08-28T22:56:53Z,219000809,54.971900,11.514587,0.0,Under way using engine
2026-08-28T22:57:04Z,219002177,54.935993,11.372037,0.0,Under way using engine
2026-08-28T22:57:19Z,219000811,54.838722,11.491812,0.0,Under way using engine
2026-08-28T22:57:23Z,219000809,54.971913,11.514580,0.0,Under way using engine
2026-08-28T22:57:45Z,219002177,54.935990,11.372030,0.0,Under way using engine
2026-08-28T22:57:53Z,219000809,54.971893,11.514562,0.0,Under way using engine
2026-08-28T22:57:59Z,219000811,54.838723,11.491813,0.0,Under way using engine
2026-08-28T22:58:23Z,219000809,54.971907,11.514562,0.0,Under way using engine
2026-08-28T22:58:25Z,219002177,54.935988,11.372008,0.0,Under way using engine
2026-08-28T22:58:30Z,219000811,54.838723,11.491817,0.0,Under way using engine
2026-08-28T22:58:53Z,219000809,54.971903,11.514568,0.0,Under way using engine
2026-08-28T22:59:04Z,219002177,54.935978,11.372003,0.0,Under way using engine
2026-08-28T22:59:08Z,219000811,54.838722,11.491812,0.0,Under way using engine
2026-08-28T22:59:23Z,219000809,54.971905,11.514577,0.0,Under way using engine
2026-08-28T22:59:40Z,219000811,54.838723,11.491813,0.0,Under way using engine
2026-08-28T22:59:43Z,219002177,54.935978,11.372003,0.0,Under way using engine
2026-08-28T22:59:53Z,219000809,54.971893,11.514570,0.0,Under way using engine
2026-08-28T23:00:14Z,219002177,54.935987,11.371988,0.0,Under way using engine
2026-08-28T23:00:19Z,219000811,54.838723,11.491813,0.0,Under way using engine
2026-08-28T23:00:23Z,219000809,54.971898,11.514570,0.0,Under way using engine
2026-08-28T23:01:00Z,219000811,54.838720,11.491813,0.0,Under way using engine
2026-08-28T23:01:03Z,219000809,54.971912,11.514562,0.0,Under way using engine
2026-08-28T23:01:04Z,219002177,54.935990,11.371985,0.0,Under way using engine
2026-08-28T23:01:30Z,219000811,54.838720,11.491817,0.0,Under way using engine
2026-08-28T23:01:43Z,219000809,54.971903,11.514575,0.0,Under way using engine
2026-08-28T23:01:43Z,219002177,54.935982,11.372007,0.0,Under way using engine
2026-08-28T23:02:00Z,219000811,54.838720,11.491820,0.0,Under way using engine
2026-08-28T23:02:13Z,219000809,54.971898,11.514560,0.0,Under way using engine
2026-08-28T23:02:14Z,219002177,54.935990,11.372012,0.0,Under way using engine
2026-08-28T23:02:30Z,219000811,54.838720,11.491822,0.0,Under way using engine
2026-08-28T23:02:44Z,219000809,54.971900,11.514558,0.0,Under way using engine
2026-08-28T23:02:54Z,219002177,54.935990,11.372005,0.0,Under way using engine
2026-08-28T23:03:00Z,219000811,54.838720,11.491823,0.0,Under way using engine
2026-08-28T23:03:23Z,219000809,54.971908,11.514557,0.0,Under way using engine
2026-08-28T23:03:30Z,219000811,54.838717,11.491823,0.0,Under way using engine
2026-08-28T23:03:34Z,219002177,54.935977,11.372005,0.0,Under way using engine
2026-08-28T23:03:53Z,219000809,54.971910,11.514563,0.0,Under way using engine
2026-08-28T23:04:00Z,219000811,54.838717,11.491823,0.0,Under way using engine
2026-08-28T23:04:23Z,219002177,54.935975,11.371978,0.0,Under way using engine
2026-08-28T23:04:24Z,219000809,54.971907,11.514580,0.0,Under way using engine
2026-08-28T23:04:30Z,219000811,54.838715,11.491823,0.0,Under way using engine
2026-08-28T23:04:54Z,219002177,54.935993,11.371975,0.0,Under way using engine
2026-08-28T23:05:00Z,219000811,54.838712,11.491825,0.0,Under way using engine
2026-08-28T23:05:03Z,219000809,54.971907,11.514577,0.0,Under way using engine
2026-08-28T23:05:34Z,219000809,54.971913,11.514582,0.0,Under way using engine
2026-08-28T23:05:38Z,219000811,54.838710,11.491823,0.0,Under way using engine
2026-08-28T23:05:45Z,219002177,54.935995,11.371988,0.0,Under way using engine
2026-08-28T23:06:09Z,219000811,54.838705,11.491823,0.0,Under way using engine
2026-08-28T23:06:14Z,219000809,54.971918,11.514582,0.0,Under way using engine
2026-08-28T23:06:23Z,219002177,54.935990,11.372003,0.0,Under way using engine
2026-08-28T23:06:49Z,219000811,54.838705,11.491823,0.0,Under way using engine
2026-08-28T23:06:53Z,219000809,54.971905,11.514585,0.0,Under way using engine
2026-08-28T23:06:54Z,219002177,54.935988,11.372012,0.0,Under way using engine
2026-08-28T23:07:20Z,219000811,54.838703,11.491823,0.0,Under way using engine
2026-08-28T23:07:24Z,219000809,54.971912,11.514590,0.0,Under way using engine
2026-08-28T23:07:25Z,219002177,54.935988,11.372013,0.0,Under way using engine
2026-08-28T23:07:54Z,219000809,54.971917,11.514587,0.0,Under way using engine
2026-08-28T23:08:00Z,219000811,54.838705,11.491828,0.0,Under way using engine
2026-08-28T23:08:03Z,219002177,54.935997,11.372013,0.0,Under way using engine
2026-08-28T23:08:24Z,219000809,54.971918,11.514585,0.0,Under way using engine
2026-08-28T23:08:33Z,219002177,54.935990,11.372017,0.0,Under way using engine
2026-08-28T23:08:39Z,219000811,54.838705,11.491833,0.0,Under way using engine
2026-08-28T23:09:03Z,219000809,54.971917,11.514577,0.0,Under way using engine
2026-08-28T23:09:09Z,219000811,54.838703,11.491833,0.0,Under way using engine
2026-08-28T23:09:14Z,219002177,54.935992,11.371997,0.0,Under way using engine
2026-08-28T23:09:34Z,219000809,54.971900,11.514595,0.0,Under way using engine
2026-08-28T23:09:39Z,219000811,54.838703,11.491833,0.0,Under way using engine
2026-08-28T23:09:45Z,219002177,54.935985,11.371985,0.0,Under way using engine
2026-08-28T23:10:09Z,219000811,54.838703,11.491832,0.0,Under way using engine
2026-08-28T23:10:14Z,219000809,54.971905,11.514592,0.0,Under way using engine
2026-08-28T23:10:25Z,219002177,54.935990,11.371980,0.0,Under way using engine
2026-08-28T23:10:39Z,219000811,54.838705,11.491830,0.0,Under way using engine
2026-08-28T23:10:44Z,219000809,54.971915,11.514578,0.0,Under way using engine
2026-08-28T23:11:09Z,219000811,54.838705,11.491828,0.0,Under way using engine
2026-08-28T23:11:14Z,219002177,54.935988,11.371980,0.0,Under way using engine
2026-08-28T23:11:23Z,219000809,54.971922,11.514560,0.0,Under way using engine
2026-08-28T23:11:39Z,219000811,54.838705,11.491828,0.0,Under way using engine
2026-08-28T23:11:44Z,219002177,54.935988,11.371980,0.0,Under way using engine
2026-08-28T23:11:53Z,219000809,54.971915,11.514560,0.0,Under way using engine
2026-08-28T23:12:09Z,219000811,54.838707,11.491827,0.0,Under way using engine
2026-08-28T23:12:14Z,219002177,54.935975,11.371990,0.0,Under way using engine
2026-08-28T23:12:23Z,219000809,54.971915,11.514565,0.0,Under way using engine
2026-08-28T23:12:39Z,219000811,54.838708,11.491825,0.0,Under way using engine
2026-08-28T23:12:44Z,219002177,54.935985,11.371985,0.0,Under way using engine
2026-08-28T23:12:53Z,219000809,54.971915,11.514570,0.0,Under way using engine
2026-08-28T23:13:09Z,219000811,54.838712,11.491822,0.0,Under way using engine
2026-08-28T23:13:23Z,219000809,54.971915,11.514572,0.0,Under way using engine
2026-08-28T23:13:33Z,219002177,54.935977,11.371992,0.0,Under way using engine
2026-08-28T23:13:39Z,219000811,54.838713,11.491825,0.0,Under way using engine
2026-08-28T23:13:53Z,219000809,54.971917,11.514567,0.0,Under way using engine
2026-08-28T23:14:04Z,219002177,54.935977,11.371985,0.0,Under way using engine
2026-08-28T23:14:09Z,219000811,54.838713,11.491827,0.0,Under way using engine
2026-08-28T23:14:23Z,219000809,54.971917,11.514568,0.0,Under way using engine
2026-08-28T23:14:39Z,219000811,54.838713,11.491827,0.0,Under way using engine
2026-08-28T23:14:44Z,219002177,54.935978,11.371988,0.0,Under way using engine
2026-08-28T23:14:53Z,219000809,54.971917,11.514573,0.0,Under way using engine
2026-08-28T23:15:09Z,219000811,54.838713,11.491825,0.0,Under way using engine
2026-08-28T23:15:23Z,219000809,54.971908,11.514575,0.0,Under way using engine
2026-08-28T23:15:24Z,219002177,54.935978,11.371985,0.0,Under way using engine
2026-08-28T23:15:39Z,219000811,54.838715,11.491830,0.0,Under way using engine
2026-08-28T23:15:53Z,219000809,54.971913,11.514572,0.0,Under way using engine
2026-08-28T23:15:54Z,219002177,54.935978,11.371985,0.0,Under way using engine
2026-08-28T23:16:09Z,219000811,54.838713,11.491828,0.0,Under way using engine
2026-08-28T23:16:23Z,219000809,54.971917,11.514567,0.0,Under way using engine
2026-08-28T23:16:24Z,219002177,54.935977,11.371993,0.0,Under way using engine
2026-08-28T23:16:39Z,219000811,54.838713,11.491827,0.0,Under way using engine
2026-08-28T23:16:53Z,219000809,54.971915,11.514567,0.0,Under way using engine
2026-08-28T23:16:54Z,219002177,54.935965,11.371988,0.0,Under way using engine
2026-08-28T23:17:09Z,219000811,54.838712,11.491825,0.0,Under way using engine
2026-08-28T23:17:23Z,219000809,54.971905,11.514565,0.0,Under way using engine
2026-08-28T23:17:24Z,219002177,54.935963,11.371987,0.0,Under way using engine
2026-08-28T23:17:39Z,219000811,54.838712,11.491825,0.0,Under way using engine
2026-08-28T23:17:53Z,219000809,54.971912,11.514570,0.0,Under way using engine
2026-08-28T23:17:54Z,219002177,54.935980,11.371985,0.0,Under way using engine
2026-08-28T23:18:09Z,219000811,54.838710,11.491827,0.0,Under way using engine
2026-08-28T23:18:24Z,219000809,54.971910,11.514568,0.0,Under way using engine
2026-08-28T23:18:24Z,219002177,54.935985,11.371982,0.0,Under way using engine
2026-08-28T23:18:39Z,219000811,54.838710,11.491825,0.0,Under way using engine
2026-08-28T23:18:54Z,219002177,54.935982,11.371980,0.0,Under way using engine
2026-08-28T23:19:03Z,219000809,54.971912,11.514563,0.0,Under way using engine
2026-08-28T23:19:09Z,219000811,54.838712,11.491825,0.0,Under way using engine
2026-08-28T23:19:33Z,219000809,54.971913,11.514563,0.0,Under way using engine
2026-08-28T23:19:34Z,219002177,54.935983,11.371990,0.0,Under way using engine
2026-08-28T23:19:39Z,219000811,54.838710,11.491823,0.0,Under way using engine
2026-08-28T23:20:03Z,219000809,54.971907,11.514567,0.0,Under way using engine
2026-08-28T23:20:04Z,219002177,54.935973,11.371988,0.0,Under way using engine
2026-08-28T23:20:10Z,219000811,54.838710,11.491825,0.0,Under way using engine
2026-08-28T23:20:34Z,219000809,54.971907,11.514567,0.0,Under way using engine
2026-08-28T23:20:34Z,219002177,54.935975,11.371997,0.0,Under way using engine
2026-08-28T23:20:49Z,219000811,54.838710,11.491827,0.0,Under way using engine
2026-08-28T23:21:04Z,219002177,54.935970,11.371987,0.0,Under way using engine
2026-08-28T23:21:13Z,219000809,54.971917,11.514572,0.0,Under way using engine
2026-08-28T23:21:29Z,219000811,54.838710,11.491823,0.0,Under way using engine
2026-08-28T23:21:34Z,219002177,54.935970,11.371985,0.0,Under way using engine
2026-08-28T23:21:43Z,219000809,54.971922,11.514568,0.0,Under way using engine
2026-08-28T23:21:59Z,219000811,54.838708,11.491822,0.0,Under way using engine
2026-08-28T23:22:04Z,219002177,54.935967,11.371988,0.0,Under way using engine
2026-08-28T23:22:16Z,219000809,54.971922,11.514568,0.0,Under way using engine
2026-08-28T23:22:29Z,219000811,54.838710,11.491822,0.0,Under way using engine
2026-08-28T23:22:34Z,219002177,54.935973,11.371980,0.0,Under way using engine
2026-08-28T23:22:53Z,219000809,54.971915,11.514567,0.0,Under way using engine
2026-08-28T23:22:59Z,219000811,54.838710,11.491825,0.0,Under way using engine
2026-08-28T23:23:04Z,219002177,54.935975,11.371993,0.1,Under way using engine
2026-08-28T23:23:23Z,219000809,54.971912,11.514568,0.0,Under way using engine
2026-08-28T23:23:30Z,219000811,54.838710,11.491823,0.0,Under way using engine
2026-08-28T23:23:34Z,219002177,54.935975,11.372000,0.0,Under way using engine
2026-08-28T23:23:53Z,219000809,54.971905,11.514572,0.0,Under way using engine
2026-08-28T23:24:04Z,219002177,54.935970,11.371990,0.0,Under way using engine
2026-08-28T23:24:10Z,219000811,54.838713,11.491823,0.0,Under way using engine
2026-08-28T23:24:23Z,219000809,54.971908,11.514583,0.0,Under way using engine
2026-08-28T23:24:34Z,219002177,54.935970,11.371990,0.0,Under way using engine
2026-08-28T23:24:49Z,219000811,54.838713,11.491825,0.0,Under way using engine
2026-08-28T23:24:53Z,219000809,54.971908,11.514578,0.0,Under way using engine
2026-08-28T23:25:05Z,219002177,54.935978,11.371992,0.0,Under way using engine
2026-08-28T23:25:19Z,219000811,54.838713,11.491823,0.0,Under way using engine
2026-08-28T23:25:23Z,219000809,54.971910,11.514568,0.0,Under way using engine
2026-08-28T23:25:43Z,219002177,54.935983,11.371997,0.0,Under way using engine
2026-08-28T23:25:49Z,219000811,54.838712,11.491825,0.0,Under way using engine
2026-08-28T23:25:53Z,219000809,54.971905,11.514568,0.0,Under way using engine
2026-08-28T23:26:13Z,219002177,54.935988,11.371998,0.0,Under way using engine
2026-08-28T23:26:19Z,219000811,54.838710,11.491827,0.0,Under way using engine
2026-08-28T23:26:23Z,219000809,54.971908,11.514578,0.0,Under way using engine
2026-08-28T23:26:43Z,219002177,54.935992,11.371998,0.0,Under way using engine
2026-08-28T23:26:49Z,219000811,54.838708,11.491827,0.0,Under way using engine
2026-08-28T23:26:53Z,219000809,54.971905,11.514580,0.0,Under way using engine
2026-08-28T23:27:13Z,219002177,54.935992,11.371993,0.0,Under way using engine
2026-08-28T23:27:20Z,219000811,54.838710,11.491827,0.0,Under way using engine
2026-08-28T23:27:23Z,219000809,54.971902,11.514568,0.0,Under way using engine
2026-08-28T23:27:43Z,219002177,54.935988,11.371987,0.0,Under way using engine
2026-08-28T23:27:53Z,219000809,54.971905,11.514558,0.0,Under way using engine
2026-08-28T23:27:59Z,219000811,54.838712,11.491828,0.0,Under way using engine
2026-08-28T23:28:13Z,219002177,54.935988,11.371995,0.0,Under way using engine
2026-08-28T23:28:23Z,219000809,54.971915,11.514568,0.0,Under way using engine
2026-08-28T23:28:29Z,219000811,54.838712,11.491827,0.0,Under way using engine
2026-08-28T23:28:43Z,219002177,54.935992,11.371995,0.0,Under way using engine
2026-08-28T23:28:53Z,219000809,54.971910,11.514575,0.0,Under way using engine
2026-08-28T23:28:59Z,219000811,54.838712,11.491823,0.0,Under way using engine
2026-08-28T23:29:13Z,219002177,54.935993,11.371997,0.0,Under way using engine
2026-08-28T23:29:23Z,219000809,54.971913,11.514568,0.0,Under way using engine
2026-08-28T23:29:29Z,219000811,54.838712,11.491823,0.0,Under way using engine
2026-08-28T23:29:43Z,219002177,54.935990,11.372003,0.0,Under way using engine
2026-08-28T23:29:53Z,219000809,54.971915,11.514572,0.0,Under way using engine
2026-08-28T23:29:59Z,219000811,54.838710,11.491822,0.0,Under way using engine
2026-08-28T23:30:13Z,219002177,54.935988,11.371997,0.0,Under way using engine
2026-08-28T23:30:23Z,219000809,54.971915,11.514567,0.0,Under way using engine
2026-08-28T23:30:29Z,219000811,54.838710,11.491822,0.0,Under way using engine
2026-08-28T23:30:43Z,219002177,54.935980,11.372008,0.0,Under way using engine
2026-08-28T23:30:53Z,219000809,54.971910,11.514562,0.0,Under way using engine
2026-08-28T23:30:59Z,219000811,54.838710,11.491825,0.0,Under way using engine
2026-08-28T23:31:15Z,219002177,54.935982,11.372000,0.0,Under way using engine
2026-08-28T23:31:29Z,219000811,54.838710,11.491828,0.0,Under way using engine
2026-08-28T23:31:44Z,219000809,54.971898,11.514563,0.0,Under way using engine
2026-08-28T23:31:53Z,219002177,54.935990,11.371993,0.0,Under way using engine
2026-08-28T23:31:59Z,219000811,54.838708,11.491832,0.0,Under way using engine
2026-08-28T23:32:14Z,219000809,54.971902,11.514558,0.0,Under way using engine
2026-08-28T23:32:24Z,219002177,54.935980,11.372003,0.0,Under way using engine
2026-08-28T23:32:29Z,219000811,54.838710,11.491830,0.0,Under way using engine
2026-08-28T23:32:44Z,219000809,54.971903,11.514573,0.0,Under way using engine
2026-08-28T23:32:59Z,219000811,54.838710,11.491830,0.0,Under way using engine
2026-08-28T23:33:04Z,219002177,54.935983,11.372012,0.0,Under way using engine
2026-08-28T23:33:23Z,219000809,54.971905,11.514587,0.0,Under way using engine
2026-08-28T23:33:29Z,219000811,54.838710,11.491828,0.0,Under way using engine
2026-08-28T23:33:34Z,219002177,54.935982,11.372013,0.0,Under way using engine
2026-08-28T23:33:53Z,219000809,54.971910,11.514560,0.0,Under way using engine
2026-08-28T23:33:59Z,219000811,54.838710,11.491827,0.0,Under way using engine
2026-08-28T23:34:04Z,219002177,54.935978,11.372002,0.0,Under way using engine
2026-08-28T23:34:23Z,219000809,54.971903,11.514550,0.0,Under way using engine
2026-08-28T23:34:29Z,219000811,54.838713,11.491825,0.0,Under way using engine
2026-08-28T23:34:44Z,219002177,54.935983,11.371993,0.0,Under way using engine
2026-08-28T23:34:53Z,219000809,54.971897,11.514557,0.0,Under way using engine
2026-08-28T23:34:59Z,219000811,54.838715,11.491822,0.0,Under way using engine
2026-08-28T23:35:15Z,219002177,54.935983,11.371997,0.0,Under way using engine
2026-08-28T23:35:23Z,219000809,54.971900,11.514568,0.0,Under way using engine
2026-08-28T23:35:29Z,219000811,54.838717,11.491820,0.0,Under way using engine
2026-08-28T23:35:53Z,219000809,54.971898,11.514563,0.0,Under way using engine
2026-08-28T23:35:53Z,219002177,54.935977,11.372018,0.0,Under way using engine
2026-08-28T23:35:59Z,219000811,54.838718,11.491820,0.0,Under way using engine
2026-08-28T23:36:23Z,219000809,54.971908,11.514563,0.0,Under way using engine
2026-08-28T23:36:24Z,219002177,54.935977,11.372012,0.0,Under way using engine
2026-08-28T23:36:29Z,219000811,54.838722,11.491820,0.0,Under way using engine
2026-08-28T23:36:59Z,219000811,54.838723,11.491818,0.0,Under way using engine
2026-08-28T23:37:04Z,219000809,54.971910,11.514562,0.0,Under way using engine
2026-08-28T23:37:04Z,219002177,54.935975,11.372005,0.0,Under way using engine
2026-08-28T23:37:29Z,219000811,54.838723,11.491818,0.0,Under way using engine
2026-08-28T23:37:34Z,219002177,54.935973,11.372020,0.0,Under way using engine
2026-08-28T23:37:43Z,219000809,54.971895,11.514575,0.0,Under way using engine
2026-08-28T23:37:59Z,219000811,54.838723,11.491818,0.0,Under way using engine
2026-08-28T23:38:04Z,219002177,54.935968,11.372018,0.0,Under way using engine
2026-08-28T23:38:13Z,219000809,54.971900,11.514565,0.0,Under way using engine
2026-08-28T23:38:29Z,219000811,54.838722,11.491820,0.0,Under way using engine
2026-08-28T23:38:34Z,219002177,54.935970,11.372003,0.0,Under way using engine
2026-08-28T23:38:43Z,219000809,54.971898,11.514573,0.0,Under way using engine
2026-08-28T23:38:59Z,219000811,54.838718,11.491820,0.0,Under way using engine
2026-08-28T23:39:04Z,219002177,54.935968,11.371993,0.0,Under way using engine
2026-08-28T23:39:13Z,219000809,54.971898,11.514568,0.0,Under way using engine
2026-08-28T23:39:29Z,219000811,54.838717,11.491818,0.0,Under way using engine
2026-08-28T23:39:35Z,219002177,54.935972,11.371983,0.0,Under way using engine
2026-08-28T23:39:43Z,219000809,54.971902,11.514570,0.0,Under way using engine
2026-08-28T23:39:59Z,219000811,54.838717,11.491817,0.0,Under way using engine
2026-08-28T23:40:13Z,219000809,54.971895,11.514582,0.0,Under way using engine
2026-08-28T23:40:15Z,219002177,54.935975,11.371990,0.0,Under way using engine
2026-08-28T23:40:29Z,219000811,54.838717,11.491820,0.0,Under way using engine
2026-08-28T23:40:43Z,219000809,54.971898,11.514575,0.0,Under way using engine
2026-08-28T23:40:53Z,219002177,54.935975,11.371998,0.0,Under way using engine
2026-08-28T23:41:00Z,219000811,54.838715,11.491820,0.0,Under way using engine
2026-08-28T23:41:13Z,219000809,54.971898,11.514573,0.0,Under way using engine
2026-08-28T23:41:24Z,219002177,54.936002,11.371985,0.0,Under way using engine
2026-08-28T23:41:30Z,219000811,54.838715,11.491823,0.0,Under way using engine
2026-08-28T23:41:44Z,219000809,54.971902,11.514570,0.0,Under way using engine
2026-08-28T23:41:54Z,219002177,54.935990,11.372007,0.0,Under way using engine
2026-08-28T23:42:00Z,219000811,54.838713,11.491825,0.0,Under way using engine
2026-08-28T23:42:23Z,219000809,54.971893,11.514585,0.0,Under way using engine
2026-08-28T23:42:24Z,219002177,54.935980,11.372003,0.0,Under way using engine
2026-08-28T23:42:30Z,219000811,54.838712,11.491823,0.0,Under way using engine
2026-08-28T23:42:53Z,219000809,54.971900,11.514585,0.0,Under way using engine
2026-08-28T23:42:54Z,219002177,54.935980,11.372007,0.0,Under way using engine
2026-08-28T23:43:00Z,219000811,54.838712,11.491822,0.0,Under way using engine
2026-08-28T23:43:23Z,219000809,54.971902,11.514580,0.0,Under way using engine
2026-08-28T23:43:24Z,219002177,54.935978,11.372003,0.0,Under way using engine
2026-08-28T23:43:30Z,219000811,54.838710,11.491818,0.0,Under way using engine
2026-08-28T23:43:53Z,219000809,54.971902,11.514580,0.0,Under way using engine
2026-08-28T23:43:54Z,219002177,54.935977,11.371983,0.0,Under way using engine
2026-08-28T23:44:00Z,219000811,54.838710,11.491818,0.0,Under way using engine
2026-08-28T23:44:23Z,219000809,54.971900,11.514582,0.0,Under way using engine
2026-08-28T23:44:24Z,219002177,54.935965,11.371988,0.0,Under way using engine
2026-08-28T23:44:30Z,219000811,54.838713,11.491818,0.0,Under way using engine
2026-08-28T23:44:53Z,219000809,54.971902,11.514578,0.0,Under way using engine
2026-08-28T23:44:54Z,219002177,54.935962,11.372000,0.0,Under way using engine
2026-08-28T23:45:10Z,219000811,54.838717,11.491822,0.0,Under way using engine
2026-08-28T23:45:23Z,219000809,54.971910,11.514580,0.0,Under way using engine
2026-08-28T23:45:35Z,219002177,54.935975,11.371995,0.0,Under way using engine
2026-08-28T23:45:40Z,219000811,54.838718,11.491820,0.0,Under way using engine
2026-08-28T23:45:53Z,219000809,54.971920,11.514575,0.0,Under way using engine
2026-08-28T23:46:10Z,219000811,54.838717,11.491823,0.0,Under way using engine
2026-08-28T23:46:13Z,219002177,54.935985,11.372017,0.0,Under way using engine
2026-08-28T23:46:23Z,219000809,54.971925,11.514580,0.0,Under way using engine
2026-08-28T23:46:40Z,219000811,54.838715,11.491823,0.0,Under way using engine
2026-08-28T23:46:43Z,219002177,54.935970,11.371998,0.0,Under way using engine
2026-08-28T23:46:53Z,219000809,54.971923,11.514580,0.0,Under way using engine
2026-08-28T23:47:10Z,219000811,54.838717,11.491827,0.0,Under way using engine
2026-08-28T23:47:13Z,219002177,54.935977,11.372012,0.0,Under way using engine
2026-08-28T23:47:23Z,219000809,54.971910,11.514580,0.0,Under way using engine
2026-08-28T23:47:40Z,219000811,54.838717,11.491825,0.0,Under way using engine
2026-08-28T23:47:43Z,219002177,54.935983,11.371997,0.0,Under way using engine
2026-08-28T23:47:53Z,219000809,54.971912,11.514578,0.0,Under way using engine
2026-08-28T23:48:13Z,219002177,54.935992,11.372017,0.0,Under way using engine
2026-08-28T23:48:20Z,219000811,54.838715,11.491822,0.0,Under way using engine
2026-08-28T23:48:23Z,219000809,54.971902,11.514572,0.0,Under way using engine
2026-08-28T23:48:43Z,219002177,54.935982,11.372007,0.0,Under way using engine
2026-08-28T23:48:53Z,219000809,54.971903,11.514575,0.0,Under way using engine
2026-08-28T23:48:59Z,219000811,54.838712,11.491820,0.0,Under way using engine
2026-08-28T23:49:13Z,219002177,54.935982,11.372022,0.0,Under way using engine
2026-08-28T23:49:23Z,219000809,54.971898,11.514585,0.0,Under way using engine
2026-08-28T23:49:39Z,219000811,54.838708,11.491820,0.0,Under way using engine
2026-08-28T23:49:43Z,219002177,54.935965,11.371990,0.0,Under way using engine
2026-08-28T23:49:53Z,219000809,54.971887,11.514562,0.0,Under way using engine
2026-08-28T23:50:13Z,219002177,54.935967,11.371987,0.0,Under way using engine
2026-08-28T23:50:20Z,219000811,54.838707,11.491822,0.0,Under way using engine
2026-08-28T23:50:24Z,219000809,54.971887,11.514583,0.0,Under way using engine
2026-08-28T23:50:43Z,219002177,54.935953,11.371985,0.0,Under way using engine
2026-08-28T23:50:50Z,219000811,54.838707,11.491823,0.0,Under way using engine
2026-08-28T23:51:04Z,219000809,54.971900,11.514588,0.0,Under way using engine
2026-08-28T23:51:13Z,219002177,54.935960,11.372007,0.0,Under way using engine
2026-08-28T23:51:20Z,219000811,54.838708,11.491825,0.0,Under way using engine
2026-08-28T23:51:34Z,219000809,54.971898,11.514602,0.0,Under way using engine
2026-08-28T23:51:43Z,219002177,54.935970,11.372007,0.0,Under way using engine
2026-08-28T23:51:50Z,219000811,54.838708,11.491827,0.0,Under way using engine
2026-08-28T23:52:04Z,219000809,54.971902,11.514602,0.0,Under way using engine
2026-08-28T23:52:14Z,219002177,54.935987,11.372007,0.0,Under way using engine
2026-08-28T23:52:20Z,219000811,54.838708,11.491827,0.0,Under way using engine
2026-08-28T23:52:34Z,219000809,54.971920,11.514575,0.0,Under way using engine
2026-08-28T23:52:50Z,219000811,54.838708,11.491825,0.0,Under way using engine
2026-08-28T23:52:53Z,219002177,54.935985,11.372008,0.0,Under way using engine
2026-08-28T23:53:14Z,219000809,54.971908,11.514600,0.0,Under way using engine
2026-08-28T23:53:20Z,219000811,54.838710,11.491825,0.0,Under way using engine
2026-08-28T23:53:25Z,219002177,54.935967,11.371990,0.0,Under way using engine
2026-08-28T23:53:44Z,219000809,54.971905,11.514577,0.0,Under way using engine
2026-08-28T23:53:50Z,219000811,54.838712,11.491825,0.0,Under way using engine
2026-08-28T23:53:55Z,219002177,54.935970,11.372000,0.0,Under way using engine
2026-08-28T23:54:14Z,219000809,54.971905,11.514588,0.0,Under way using engine
2026-08-28T23:54:20Z,219000811,54.838712,11.491825,0.0,Under way using engine
2026-08-28T23:54:25Z,219002177,54.935972,11.372013,0.0,Under way using engine
2026-08-28T23:54:50Z,219000811,54.838713,11.491825,0.0,Under way using engine
2026-08-28T23:54:53Z,219000809,54.971907,11.514550,0.0,Under way using engine
2026-08-28T23:54:55Z,219002177,54.935973,11.372028,0.0,Under way using engine
2026-08-28T23:55:24Z,219000809,54.971905,11.514588,0.0,Under way using engine
2026-08-28T23:55:25Z,219002177,54.935970,11.372015,0.0,Under way using engine
2026-08-28T23:55:29Z,219000811,54.838713,11.491828,0.0,Under way using engine
2026-08-28T23:55:59Z,219000811,54.838713,11.491828,0.0,Under way using engine
2026-08-28T23:56:03Z,219000809,54.971897,11.514588,0.0,Under way using engine
2026-08-28T23:56:14Z,219002177,54.935970,11.372012,0.0,Under way using engine
2026-08-28T23:56:29Z,219000811,54.838713,11.491827,0.0,Under way using engine
2026-08-28T23:56:33Z,219000809,54.971893,11.514602,0.0,Under way using engine
2026-08-28T23:56:54Z,219002177,54.935990,11.372012,0.0,Under way using engine
2026-08-28T23:56:59Z,219000811,54.838713,11.491827,0.0,Under way using engine
2026-08-28T23:57:03Z,219000809,54.971898,11.514597,0.0,Under way using engine
2026-08-28T23:57:25Z,219002177,54.935982,11.372032,0.0,Under way using engine
2026-08-28T23:57:29Z,219000811,54.838713,11.491825,0.0,Under way using engine
2026-08-28T23:57:33Z,219000809,54.971898,11.514588,0.0,Under way using engine
2026-08-28T23:57:59Z,219000811,54.838712,11.491825,0.0,Under way using engine
2026-08-28T23:58:04Z,219000809,54.971928,11.514545,0.0,Under way using engine
2026-08-28T23:58:05Z,219002177,54.936002,11.372017,0.0,Under way using engine
2026-08-28T23:58:29Z,219000811,54.838712,11.491823,0.0,Under way using engine
2026-08-28T23:58:43Z,219000809,54.971903,11.514575,0.0,Under way using engine
2026-08-28T23:58:45Z,219002177,54.935978,11.372027,0.0,Under way using engine
2026-08-28T23:58:59Z,219000811,54.838713,11.491822,0.0,Under way using engine
2026-08-28T23:59:14Z,219000809,54.971907,11.514568,0.0,Under way using engine
2026-08-28T23:59:24Z,219002177,54.935982,11.372013,0.0,Under way using engine
2026-08-28T23:59:29Z,219000811,54.838713,11.491822,0.0,Under way using engine
2026-08-28T23:59:53Z,219000809,54.971910,11.514588,0.0,Under way using engine
2026-08-28T23:59:54Z,219002177,54.935980,11.371998,0.0,Under way using engine
