ts_utc,mmsi,lat,lon,sog,nav
2026-10-02T00:00:05Z,219002177,54.935975,11.372017,0.0,Under way using engine
2026-10-02T00:00:09Z,219000811,54.916058,11.359973,0.0,Under way using engine
2026-10-02T00:00:39Z,219000811,54.916060,11.359982,0.0,Under way using engine
2026-10-02T00:00:55Z,219002177,54.935975,11.372025,0.0,Under way using engine
2026-10-02T00:01:09Z,219000811,54.916062,11.359987,0.0,Under way using engine
2026-10-02T00:01:25Z,219002177,54.935962,11.372020,0.0,Under way using engine
2026-10-02T00:01:39Z,219000811,54.916065,11.359990,0.0,Under way using engine
2026-10-02T00:01:55Z,219002177,54.935967,11.372017,0.0,Under way using engine
2026-10-02T00:02:09Z,219000811,54.916068,11.359992,0.0,Under way using engine
2026-10-02T00:02:25Z,219002177,54.935965,11.372012,0.0,Under way using engine
2026-10-02T00:02:34Z,219000809,54.971915,11.514595,0.0,Moored
2026-10-02T00:02:39Z,219000811,54.916070,11.359993,0.0,Under way using engine
2026-10-02T00:02:55Z,219002177,54.935972,11.372028,0.0,Under way using engine
2026-10-02T00:03:09Z,219000811,54.916072,11.359987,0.0,Under way using engine
2026-10-02T00:03:33Z,219002177,54.935980,11.372030,0.0,Under way using engine
2026-10-02T00:03:39Z,219000811,54.916073,11.359980,0.0,Under way using engine
2026-10-02T00:04:04Z,219002177,54.935980,11.372018,0.0,Under way using engine
2026-10-02T00:04:20Z,219000811,54.916073,11.359977,0.0,Under way using engine
2026-10-02T00:04:32Z,219000809,54.971915,11.514595,0.0,Moored
2026-10-02T00:04:55Z,219002177,54.935973,11.372025,0.0,Under way using engine
2026-10-02T00:04:59Z,219000811,54.916073,11.359972,0.0,Under way using engine
2026-10-02T00:05:29Z,219000811,54.916073,11.359968,0.0,Under way using engine
2026-10-02T00:05:33Z,219002177,54.935968,11.372020,0.0,Under way using engine
2026-10-02T00:05:36Z,219000809,54.971920,11.514582,0.0,Moored
2026-10-02T00:05:59Z,219000811,54.916073,11.359968,0.0,Under way using engine
2026-10-02T00:06:04Z,219002177,54.935967,11.372010,0.0,Under way using engine
2026-10-02T00:06:29Z,219000811,54.916073,11.359968,0.0,Under way using engine
2026-10-02T00:06:55Z,219002177,54.935973,11.372018,0.0,Under way using engine
2026-10-02T00:06:59Z,219000811,54.916075,11.359967,0.0,Under way using engine
2026-10-02T00:07:29Z,219000811,54.916075,11.359967,0.0,Under way using engine
2026-10-02T00:07:33Z,219002177,54.935967,11.372025,0.0,Under way using engine
2026-10-02T00:07:59Z,219000811,54.916072,11.359967,0.0,Under way using engine
2026-10-02T00:08:05Z,219002177,54.935967,11.372022,0.0,Under way using engine
2026-10-02T00:08:29Z,219000811,54.916075,11.359965,0.0,Under way using engine
2026-10-02T00:08:35Z,219000809,54.971927,11.514600,0.0,Moored
2026-10-02T00:08:45Z,219002177,54.935960,11.372028,0.0,Under way using engine
2026-10-02T00:09:08Z,219000811,54.916075,11.359965,0.0,Under way using engine
2026-10-02T00:09:15Z,219002177,54.935973,11.372040,0.0,Under way using engine
2026-10-02T00:09:39Z,219000811,54.916077,11.359965,0.0,Under way using engine
2026-10-02T00:09:45Z,219002177,54.935967,11.372042,0.0,Under way using engine
2026-10-02T00:10:15Z,219002177,54.935977,11.372040,0.0,Under way using engine
2026-10-02T00:10:20Z,219000811,54.916077,11.359967,0.0,Under way using engine
2026-10-02T00:10:32Z,219000809,54.971927,11.514600,0.0,Moored
2026-10-02T00:10:45Z,219002177,54.935977,11.372027,0.0,Under way using engine
2026-10-02T00:10:59Z,219000811,54.916078,11.359967,0.0,Under way using engine
2026-10-02T00:11:15Z,219002177,54.935982,11.372023,0.0,Under way using engine
2026-10-02T00:11:29Z,219000811,54.916082,11.359965,0.0,Under way using engine
2026-10-02T00:11:35Z,219000809,54.971927,11.514603,0.0,Moored
2026-10-02T00:11:45Z,219002177,54.935983,11.372020,0.0,Under way using engine
2026-10-02T00:11:59Z,219000811,54.916083,11.359965,0.0,Under way using engine
2026-10-02T00:12:24Z,219002177,54.935975,11.372018,0.0,Under way using engine
2026-10-02T00:12:30Z,219000811,54.916083,11.359967,0.0,Under way using engine
2026-10-02T00:12:54Z,219002177,54.935972,11.372017,0.0,Under way using engine
2026-10-02T00:13:08Z,219000811,54.916082,11.359968,0.0,Under way using engine
2026-10-02T00:13:24Z,219002177,54.935958,11.372010,0.0,Under way using engine
2026-10-02T00:13:39Z,219000811,54.916082,11.359970,0.0,Under way using engine
2026-10-02T00:13:54Z,219002177,54.935955,11.372033,0.0,Under way using engine
2026-10-02T00:14:10Z,219000811,54.916080,11.359972,0.0,Under way using engine
2026-10-02T00:14:24Z,219002177,54.935950,11.372040,0.0,Under way using engine
2026-10-02T00:14:36Z,219000809,54.971920,11.514610,0.0,Moored
2026-10-02T00:14:49Z,219000811,54.916080,11.359970,0.0,Under way using engine
2026-10-02T00:14:54Z,219002177,54.935955,11.372023,0.0,Under way using engine
2026-10-02T00:15:20Z,219000811,54.916077,11.359972,0.0,Under way using engine
2026-10-02T00:15:24Z,219002177,54.935958,11.372010,0.0,Under way using engine
2026-10-02T00:15:58Z,219000811,54.916073,11.359968,0.0,Under way using engine
2026-10-02T00:16:05Z,219002177,54.935967,11.372012,0.0,Under way using engine
2026-10-02T00:16:30Z,219000811,54.916072,11.359967,0.0,Under way using engine
2026-10-02T00:16:32Z,219000809,54.971920,11.514610,0.0,Moored
2026-10-02T00:16:35Z,219002177,54.935960,11.371993,0.0,Under way using engine
2026-10-02T00:17:05Z,219002177,54.935957,11.371993,0.0,Under way using engine
2026-10-02T00:17:10Z,219000811,54.916068,11.359967,0.0,Under way using engine
2026-10-02T00:17:33Z,219000809,54.971917,11.514598,0.0,Moored
2026-10-02T00:17:35Z,219002177,54.935953,11.372000,0.0,Under way using engine
2026-10-02T00:17:49Z,219000811,54.916065,11.359965,0.0,Under way using engine
2026-10-02T00:18:05Z,219002177,54.935958,11.372012,0.0,Under way using engine
2026-10-02T00:18:20Z,219000811,54.916063,11.359967,0.0,Under way using engine
2026-10-02T00:18:45Z,219002177,54.935967,11.372018,0.0,Under way using engine
2026-10-02T00:18:58Z,219000811,54.916060,11.359967,0.0,Under way using engine
2026-10-02T00:19:18Z,219002177,54.935972,11.372027,0.0,Under way using engine
2026-10-02T00:19:30Z,219000811,54.916062,11.359967,0.0,Under way using engine
2026-10-02T00:19:55Z,219002177,54.935977,11.372030,0.0,Under way using engine
2026-10-02T00:20:08Z,219000811,54.916063,11.359967,0.0,Under way using engine
2026-10-02T00:20:34Z,219002177,54.935973,11.372025,0.0,Under way using engine
2026-10-02T00:20:35Z,219000809,54.971933,11.514620,0.0,Moored
2026-10-02T00:20:39Z,219000811,54.916070,11.359970,0.0,Under way using engine
2026-10-02T00:21:04Z,219002177,54.935972,11.372023,0.0,Under way using engine
2026-10-02T00:21:19Z,219000811,54.916070,11.359965,0.0,Under way using engine
2026-10-02T00:21:34Z,219002177,54.935980,11.372015,0.0,Under way using engine
2026-10-02T00:21:49Z,219000811,54.916070,11.359962,0.0,Under way using engine
2026-10-02T00:22:04Z,219002177,54.935972,11.372008,0.0,Under way using engine
2026-10-02T00:22:19Z,219000811,54.916072,11.359962,0.0,Under way using engine
2026-10-02T00:22:32Z,219000809,54.971933,11.514620,0.0,Moored
2026-10-02T00:22:34Z,219002177,54.935965,11.372022,0.0,Under way using engine
2026-10-02T00:22:49Z,219000811,54.916073,11.359963,0.0,Under way using engine
2026-10-02T00:23:04Z,219002177,54.935970,11.372027,0.0,Under way using engine
2026-10-02T00:23:19Z,219000811,54.916073,11.359965,0.0,Under way using engine
2026-10-02T00:23:33Z,219000809,54.971945,11.514602,0.0,Moored
2026-10-02T00:23:34Z,219002177,54.935973,11.372025,0.0,Under way using engine
2026-10-02T00:23:49Z,219000811,54.916072,11.359965,0.0,Under way using engine
2026-10-02T00:24:04Z,219002177,54.935973,11.372022,0.0,Under way using engine
2026-10-02T00:24:19Z,219000811,54.916072,11.359967,0.0,Under way using engine
2026-10-02T00:24:34Z,219002177,54.935973,11.372008,0.0,Under way using engine
2026-10-02T00:24:49Z,219000811,54.916072,11.359967,0.0,Under way using engine
2026-10-02T00:25:04Z,219002177,54.935955,11.372012,0.0,Under way using engine
2026-10-02T00:25:19Z,219000811,54.916073,11.359967,0.0,Under way using engine
2026-10-02T00:25:45Z,219002177,54.935965,11.372008,0.0,Under way using engine
2026-10-02T00:25:49Z,219000811,54.916073,11.359968,0.0,Under way using engine
2026-10-02T00:26:19Z,219000811,54.916073,11.359970,0.0,Under way using engine
2026-10-02T00:26:23Z,219002177,54.935965,11.372013,0.0,Under way using engine
2026-10-02T00:26:36Z,219000809,54.971915,11.514590,0.0,Moored
2026-10-02T00:26:49Z,219000811,54.916073,11.359972,0.0,Under way using engine
2026-10-02T00:26:55Z,219002177,54.935963,11.372015,0.0,Under way using engine
2026-10-02T00:27:19Z,219000811,54.916070,11.359967,0.0,Under way using engine
2026-10-02T00:27:33Z,219002177,54.935967,11.372020,0.0,Under way using engine
2026-10-02T00:27:49Z,219000811,54.916070,11.359967,0.0,Under way using engine
2026-10-02T00:28:04Z,219002177,54.935962,11.372020,0.0,Under way using engine
2026-10-02T00:28:19Z,219000811,54.916068,11.359965,0.0,Under way using engine
2026-10-02T00:28:32Z,219000809,54.971915,11.514590,0.0,Moored
2026-10-02T00:28:44Z,219002177,54.935962,11.372013,0.0,Under way using engine
2026-10-02T00:28:49Z,219000811,54.916068,11.359965,0.0,Under way using engine
2026-10-02T00:29:14Z,219002177,54.935963,11.372032,0.0,Under way using engine
2026-10-02T00:29:19Z,219000811,54.916068,11.359967,0.0,Under way using engine
2026-10-02T00:29:33Z,219000809,54.971920,11.514585,0.0,Moored
2026-10-02T00:29:44Z,219002177,54.935962,11.372015,0.0,Under way using engine
2026-10-02T00:29:49Z,219000811,54.916068,11.359965,0.0,Under way using engine
2026-10-02T00:30:14Z,219002177,54.935963,11.372013,0.0,Under way using engine
2026-10-02T00:30:19Z,219000811,54.916068,11.359967,0.0,Under way using engine
2026-10-02T00:30:44Z,219002177,54.935972,11.371995,0.0,Under way using engine
2026-10-02T00:30:50Z,219000811,54.916068,11.359970,0.0,Under way using engine
2026-10-02T00:31:14Z,219002177,54.935978,11.371990,0.0,Under way using engine
2026-10-02T00:31:30Z,219000811,54.916070,11.359972,0.0,Under way using engine
2026-10-02T00:31:44Z,219002177,54.935983,11.371998,0.0,Under way using engine
2026-10-02T00:32:10Z,219000811,54.916070,11.359972,0.0,Under way using engine
2026-10-02T00:32:14Z,219002177,54.935945,11.372028,0.0,Under way using engine
2026-10-02T00:32:35Z,219000809,54.971923,11.514582,0.0,Moored
2026-10-02T00:32:40Z,219000811,54.916070,11.359973,0.0,Under way using engine
2026-10-02T00:32:44Z,219002177,54.935965,11.372032,0.0,Under way using engine
2026-10-02T00:33:10Z,219000811,54.916070,11.359975,0.0,Under way using engine
2026-10-02T00:33:14Z,219002177,54.935970,11.372043,0.0,Under way using engine
2026-10-02T00:33:44Z,219002177,54.935972,11.372033,0.0,Under way using engine
2026-10-02T00:33:50Z,219000811,54.916070,11.359977,0.0,Under way using engine
2026-10-02T00:34:15Z,219002177,54.935958,11.372047,0.0,Under way using engine
2026-10-02T00:34:23Z,219000809,54.971923,11.514582,0.0,Moored
2026-10-02T00:34:30Z,219000811,54.916072,11.359977,0.0,Under way using engine
2026-10-02T00:34:54Z,219002177,54.935950,11.372067,0.0,Under way using engine
2026-10-02T00:35:00Z,219000811,54.916073,11.359977,0.0,Under way using engine
2026-10-02T00:35:24Z,219002177,54.935960,11.372063,0.0,Under way using engine
2026-10-02T00:35:37Z,219000809,54.971913,11.514583,0.0,Moored
2026-10-02T00:35:50Z,219000811,54.916073,11.359977,0.0,Under way using engine
2026-10-02T00:35:54Z,219002177,54.935965,11.372045,0.0,Under way using engine
2026-10-02T00:36:24Z,219000811,54.916075,11.359975,0.0,Under way using engine
2026-10-02T00:36:24Z,219002177,54.935960,11.372028,0.0,Under way using engine
2026-10-02T00:37:00Z,219000811,54.916075,11.359972,0.0,Under way using engine
2026-10-02T00:37:04Z,219002177,54.935967,11.372018,0.0,Under way using engine
2026-10-02T00:37:34Z,219002177,54.935970,11.372013,0.0,Under way using engine
2026-10-02T00:37:39Z,219000811,54.916078,11.359967,0.0,Under way using engine
2026-10-02T00:38:04Z,219002177,54.935968,11.372013,0.0,Under way using engine
2026-10-02T00:38:10Z,219000811,54.916082,11.359967,0.0,Under way using engine
2026-10-02T00:38:33Z,219000809,54.971918,11.514585,0.0,Moored
2026-10-02T00:38:34Z,219002177,54.935970,11.372015,0.0,Under way using engine
2026-10-02T00:38:49Z,219000811,54.916083,11.359967,0.0,Under way using engine
2026-10-02T00:39:04Z,219002177,54.935980,11.372008,0.0,Under way using engine
2026-10-02T00:39:19Z,219000811,54.916083,11.359967,0.0,Under way using engine
2026-10-02T00:39:34Z,219002177,54.935982,11.372010,0.0,Under way using engine
2026-10-02T00:39:49Z,219000811,54.916083,11.359967,0.0,Under way using engine
2026-10-02T00:40:04Z,219002177,54.935965,11.372018,0.0,Under way using engine
2026-10-02T00:40:19Z,219000811,54.916085,11.359968,0.0,Under way using engine
2026-10-02T00:40:32Z,219000809,54.971918,11.514585,0.0,Moored
2026-10-02T00:40:34Z,219002177,54.935963,11.372022,0.0,Under way using engine
2026-10-02T00:40:49Z,219000811,54.916087,11.359970,0.0,Under way using engine
2026-10-02T00:41:04Z,219002177,54.935978,11.372018,0.0,Under way using engine
2026-10-02T00:41:19Z,219000811,54.916087,11.359975,0.0,Under way using engine
2026-10-02T00:41:34Z,219002177,54.935970,11.372012,0.0,Under way using engine
2026-10-02T00:41:35Z,219000809,54.971945,11.514567,0.0,Moored
2026-10-02T00:41:49Z,219000811,54.916087,11.359977,0.0,Under way using engine
2026-10-02T00:42:04Z,219002177,54.935967,11.371997,0.0,Under way using engine
2026-10-02T00:42:20Z,219000811,54.916085,11.359977,0.0,Under way using engine
2026-10-02T00:42:34Z,219002177,54.935965,11.372002,0.0,Under way using engine
2026-10-02T00:42:59Z,219000811,54.916085,11.359975,0.0,Under way using engine
2026-10-02T00:43:04Z,219002177,54.935970,11.372010,0.0,Under way using engine
2026-10-02T00:43:29Z,219000811,54.916083,11.359973,0.0,Under way using engine
2026-10-02T00:43:34Z,219002177,54.935975,11.372007,0.0,Under way using engine
2026-10-02T00:43:59Z,219000811,54.916083,11.359972,0.0,Under way using engine
2026-10-02T00:44:04Z,219002177,54.935977,11.372005,0.0,Under way using engine
2026-10-02T00:44:29Z,219000811,54.916083,11.359975,0.0,Under way using engine
2026-10-02T00:44:34Z,219002177,54.935978,11.371983,0.0,Under way using engine
2026-10-02T00:44:35Z,219000809,54.971963,11.514568,0.0,Moored
2026-10-02T00:44:59Z,219000811,54.916083,11.359975,0.0,Under way using engine
2026-10-02T00:45:04Z,219002177,54.935980,11.371997,0.0,Under way using engine
2026-10-02T00:45:29Z,219000811,54.916083,11.359977,0.0,Under way using engine
2026-10-02T00:45:34Z,219002177,54.935982,11.371982,0.0,Under way using engine
2026-10-02T00:45:59Z,219000811,54.916083,11.359975,0.0,Under way using engine
2026-10-02T00:46:04Z,219002177,54.935985,11.371995,0.0,Under way using engine
2026-10-02T00:46:29Z,219000811,54.916082,11.359975,0.0,Under way using engine
2026-10-02T00:46:32Z,219000809,54.971963,11.514568,0.0,Moored
2026-10-02T00:46:34Z,219002177,54.935998,11.371958,0.0,Under way using engine
2026-10-02T00:46:59Z,219000811,54.916078,11.359973,0.0,Under way using engine
2026-10-02T00:47:04Z,219002177,54.935983,11.372005,0.0,Under way using engine
2026-10-02T00:47:29Z,219000811,54.916077,11.359972,0.0,Under way using engine
2026-10-02T00:47:34Z,219000809,54.971945,11.514567,0.0,Moored
2026-10-02T00:47:34Z,219002177,54.935967,11.372007,0.0,Under way using engine
2026-10-02T00:47:59Z,219000811,54.916080,11.359965,0.0,Under way using engine
2026-10-02T00:48:14Z,219002177,54.935960,11.372043,0.0,Under way using engine
2026-10-02T00:48:29Z,219000811,54.916082,11.359962,0.0,Under way using engine
2026-10-02T00:48:54Z,219002177,54.935985,11.371990,0.0,Under way using engine
2026-10-02T00:48:59Z,219000811,54.916083,11.359962,0.0,Under way using engine
2026-10-02T00:49:24Z,219002177,54.936018,11.371980,0.0,Under way using engine
2026-10-02T00:49:29Z,219000811,54.916085,11.359963,0.0,Under way using engine
2026-10-02T00:49:54Z,219002177,54.935983,11.371995,0.0,Under way using engine
2026-10-02T00:49:59Z,219000811,54.916083,11.359965,0.0,Under way using engine
2026-10-02T00:50:24Z,219002177,54.935988,11.372002,0.0,Under way using engine
2026-10-02T00:50:29Z,219000811,54.916082,11.359967,0.0,Under way using engine
2026-10-02T00:50:33Z,219000809,54.971937,11.514567,0.0,Moored
2026-10-02T00:50:54Z,219002177,54.935982,11.372013,0.0,Under way using engine
2026-10-02T00:50:59Z,219000811,54.916080,11.359968,0.0,Under way using engine
2026-10-02T00:51:24Z,219002177,54.935995,11.372005,0.0,Under way using engine
2026-10-02T00:51:29Z,219000811,54.916080,11.359970,0.0,Under way using engine
2026-10-02T00:51:54Z,219002177,54.935968,11.372005,0.0,Under way using engine
2026-10-02T00:51:59Z,219000811,54.916078,11.359970,0.0,Under way using engine
2026-10-02T00:52:24Z,219002177,54.935972,11.371992,0.0,Under way using engine
2026-10-02T00:52:29Z,219000811,54.916075,11.359968,0.0,Under way using engine
2026-10-02T00:52:33Z,219000809,54.971937,11.514567,0.0,Moored
2026-10-02T00:52:54Z,219002177,54.935970,11.371995,0.0,Under way using engine
2026-10-02T00:52:59Z,219000811,54.916073,11.359968,0.0,Under way using engine
2026-10-02T00:53:24Z,219002177,54.935965,11.371990,0.0,Under way using engine
2026-10-02T00:53:29Z,219000811,54.916073,11.359968,0.0,Under way using engine
2026-10-02T00:53:35Z,219000809,54.971930,11.514547,0.0,Moored
2026-10-02T00:53:54Z,219002177,54.935968,11.372043,0.0,Under way using engine
2026-10-02T00:53:59Z,219000811,54.916072,11.359968,0.0,Under way using engine
2026-10-02T00:54:24Z,219002177,54.935998,11.372008,0.0,Under way using engine
2026-10-02T00:54:29Z,219000811,54.916070,11.359968,0.0,Under way using engine
2026-10-02T00:54:54Z,219002177,54.935970,11.372015,0.0,Under way using engine
2026-10-02T00:54:59Z,219000811,54.916068,11.359967,0.0,Under way using engine
2026-10-02T00:55:24Z,219002177,54.935948,11.372047,0.0,Under way using engine
2026-10-02T00:55:30Z,219000811,54.916067,11.359967,0.0,Under way using engine
2026-10-02T00:55:54Z,219002177,54.935960,11.372027,0.0,Under way using engine
2026-10-02T00:56:10Z,219000811,54.916065,11.359968,0.0,Under way using engine
2026-10-02T00:56:25Z,219002177,54.935975,11.372010,0.0,Under way using engine
2026-10-02T00:56:33Z,219000809,54.971930,11.514547,0.0,Moored
2026-10-02T00:56:50Z,219000811,54.916063,11.359970,0.0,Under way using engine
2026-10-02T00:57:04Z,219002177,54.935980,11.371987,0.0,Under way using engine
2026-10-02T00:57:30Z,219000811,54.916063,11.359970,0.0,Under way using engine
2026-10-02T00:57:34Z,219002177,54.935913,11.372018,0.1,Under way using engine
2026-10-02T00:58:00Z,219000811,54.916060,11.359972,0.0,Under way using engine
2026-10-02T00:58:04Z,219002177,54.935948,11.371995,0.0,Under way using engine
2026-10-02T00:58:30Z,219000811,54.916060,11.359975,0.0,Under way using engine
2026-10-02T00:58:32Z,219000809,54.971930,11.514547,0.0,Moored
2026-10-02T00:58:34Z,219002177,54.935935,11.372002,0.1,Under way using engine
2026-10-02T00:59:00Z,219000811,54.916060,11.359977,0.0,Under way using engine
2026-10-02T00:59:04Z,219002177,54.935967,11.371998,0.1,Under way using engine
2026-10-02T00:59:34Z,219002177,54.935977,11.371992,0.0,Under way using engine
2026-10-02T00:59:36Z,219000809,54.971920,11.514550,0.0,Moored
2026-10-02T00:59:39Z,219000811,54.916065,11.359978,0.0,Under way using engine
2026-10-02T01:00:10Z,219000811,54.916068,11.359977,0.0,Under way using engine
2026-10-02T01:00:15Z,219002177,54.935972,11.372013,0.0,Under way using engine
2026-10-02T01:00:40Z,219000811,54.916072,11.359975,0.0,Under way using engine
2026-10-02T01:00:45Z,219002177,54.935968,11.371998,0.0,Under way using engine
2026-10-02T01:01:10Z,219000811,54.916075,11.359973,0.0,Under way using engine
2026-10-02T01:01:15Z,219002177,54.935963,11.372000,0.0,Under way using engine
2026-10-02T01:01:40Z,219000811,54.916078,11.359970,0.0,Under way using engine
2026-10-02T01:01:45Z,219002177,54.935967,11.371977,0.0,Under way using engine
2026-10-02T01:02:10Z,219000811,54.916083,11.359968,0.0,Under way using engine
2026-10-02T01:02:15Z,219002177,54.935958,11.371987,0.0,Under way using engine
2026-10-02T01:02:33Z,219000809,54.971910,11.514592,0.0,Moored
2026-10-02T01:02:40Z,219000811,54.916085,11.359967,0.0,Under way using engine
2026-10-02T01:02:45Z,219002177,54.935963,11.371993,0.0,Under way using engine
2026-10-02T01:03:15Z,219002177,54.935985,11.372003,0.0,Under way using engine
2026-10-02T01:03:19Z,219000811,54.916083,11.359967,0.0,Under way using engine
2026-10-02T01:03:50Z,219000811,54.916080,11.359970,0.0,Under way using engine
2026-10-02T01:03:53Z,219002177,54.935980,11.372003,0.1,Under way using engine
2026-10-02T01:04:25Z,219002177,54.935983,11.372018,0.0,Under way using engine
2026-10-02T01:04:29Z,219000811,54.916078,11.359975,0.0,Under way using engine
2026-10-02T01:04:33Z,219000809,54.971910,11.514592,0.0,Moored
2026-10-02T01:04:59Z,219000811,54.916075,11.359975,0.0,Under way using engine
2026-10-02T01:05:04Z,219002177,54.935970,11.372022,0.1,Under way using engine
2026-10-02T01:05:29Z,219000811,54.916073,11.359975,0.0,Under way using engine
2026-10-02T01:05:44Z,219002177,54.935978,11.372013,0.0,Under way using engine
2026-10-02T01:05:59Z,219000811,54.916070,11.359977,0.0,Under way using engine
2026-10-02T01:06:15Z,219002177,54.935980,11.371997,0.0,Under way using engine
2026-10-02T01:06:29Z,219000811,54.916068,11.359973,0.0,Under way using engine
2026-10-02T01:06:53Z,219002177,54.935958,11.372007,0.0,Under way using engine
2026-10-02T01:06:59Z,219000811,54.916068,11.359975,0.0,Under way using engine
2026-10-02T01:07:25Z,219002177,54.935975,11.371995,0.0,Under way using engine
2026-10-02T01:07:29Z,219000811,54.916067,11.359973,0.0,Under way using engine
2026-10-02T01:07:59Z,219000811,54.916067,11.359972,0.0,Under way using engine
2026-10-02T01:08:04Z,219002177,54.935978,11.371997,0.0,Under way using engine
2026-10-02T01:08:29Z,219000811,54.916067,11.359970,0.0,Under way using engine
2026-10-02T01:08:34Z,219000809,54.971920,11.514578,0.0,Moored
2026-10-02T01:08:45Z,219002177,54.935992,11.372017,0.0,Under way using engine
2026-10-02T01:08:59Z,219000811,54.916065,11.359970,0.0,Under way using engine
2026-10-02T01:09:15Z,219002177,54.935987,11.372007,0.0,Under way using engine
2026-10-02T01:09:29Z,219000811,54.916067,11.359972,0.0,Under way using engine
2026-10-02T01:09:45Z,219002177,54.935987,11.372010,0.0,Under way using engine
2026-10-02T01:09:59Z,219000811,54.916067,11.359973,0.0,Under way using engine
2026-10-02T01:10:24Z,219002177,54.935967,11.371983,0.0,Under way using engine
2026-10-02T01:10:29Z,219000811,54.916068,11.359977,0.0,Under way using engine
2026-10-02T01:10:33Z,219000809,54.971920,11.514578,0.0,Moored
2026-10-02T01:10:54Z,219002177,54.935962,11.371993,0.0,Under way using engine
2026-10-02T01:10:59Z,219000811,54.916070,11.359973,0.0,Under way using engine
2026-10-02T01:11:24Z,219002177,54.935955,11.372000,0.0,Under way using engine
2026-10-02T01:11:29Z,219000811,54.916072,11.359975,0.0,Under way using engine
2026-10-02T01:11:37Z,219000809,54.971937,11.514578,0.0,Moored
2026-10-02T01:11:54Z,219002177,54.935965,11.371987,0.0,Under way using engine
2026-10-02T01:11:59Z,219000811,54.916072,11.359975,0.0,Under way using engine
2026-10-02T01:12:24Z,219002177,54.935955,11.371963,0.0,Under way using engine
2026-10-02T01:12:29Z,219000811,54.916072,11.359975,0.0,Under way using engine
2026-10-02T01:12:54Z,219002177,54.935957,11.371972,0.0,Under way using engine
2026-10-02T01:13:09Z,219000811,54.916070,11.359975,0.0,Under way using engine
2026-10-02T01:13:24Z,219002177,54.935952,11.371988,0.0,Under way using engine
2026-10-02T01:13:39Z,219000811,54.916067,11.359977,0.0,Under way using engine
2026-10-02T01:13:54Z,219002177,54.935958,11.371987,0.0,Under way using engine
2026-10-02T01:14:10Z,219000811,54.916067,11.359978,0.0,Under way using engine
2026-10-02T01:14:24Z,219002177,54.935957,11.371987,0.0,Under way using engine
2026-10-02T01:14:35Z,219000809,54.971940,11.514577,0.0,Moored
2026-10-02T01:14:49Z,219000811,54.916067,11.359980,0.0,Under way using engine
2026-10-02T01:14:54Z,219002177,54.935962,11.371990,0.0,Under way using engine
2026-10-02T01:15:20Z,219000811,54.916068,11.359980,0.0,Under way using engine
2026-10-02T01:15:24Z,219002177,54.935962,11.371998,0.0,Under way using engine
2026-10-02T01:15:54Z,219002177,54.935953,11.371993,0.0,Under way using engine
2026-10-02T01:15:58Z,219000811,54.916068,11.359982,0.0,Under way using engine
2026-10-02T01:16:24Z,219002177,54.935958,11.371975,0.0,Under way using engine
2026-10-02T01:16:29Z,219000811,54.916068,11.359983,0.0,Under way using engine
2026-10-02T01:16:33Z,219000809,54.971940,11.514577,0.0,Moored
2026-10-02T01:16:54Z,219002177,54.935957,11.371990,0.0,Under way using engine
2026-10-02T01:17:10Z,219000811,54.916068,11.359980,0.0,Under way using engine
2026-10-02T01:17:24Z,219002177,54.935957,11.372002,0.0,Under way using engine
2026-10-02T01:17:33Z,219000809,54.971923,11.514570,0.1,Moored
2026-10-02T01:17:49Z,219000811,54.916068,11.359978,0.0,Under way using engine
2026-10-02T01:17:54Z,219002177,54.935958,11.372003,0.0,Under way using engine
2026-10-02T01:18:20Z,219000811,54.916067,11.359977,0.0,Under way using engine
2026-10-02T01:18:24Z,219002177,54.935953,11.372007,0.0,Under way using engine
2026-10-02T01:18:54Z,219002177,54.935955,11.372012,0.0,Under way using engine
2026-10-02T01:18:58Z,219000811,54.916067,11.359970,0.0,Under way using engine
2026-10-02T01:19:24Z,219002177,54.935950,11.372007,0.0,Under way using engine
2026-10-02T01:19:29Z,219000811,54.916068,11.359968,0.0,Under way using engine
2026-10-02T01:19:54Z,219002177,54.935955,11.372002,0.0,Under way using engine
2026-10-02T01:19:59Z,219000811,54.916070,11.359967,0.0,Under way using engine
2026-10-02T01:20:24Z,219002177,54.935947,11.372003,0.0,Under way using engine
2026-10-02T01:20:29Z,219000811,54.916070,11.359965,0.0,Under way using engine
2026-10-02T01:20:33Z,219000809,54.971913,11.514568,0.1,Moored
2026-10-02T01:20:54Z,219002177,54.935953,11.371993,0.0,Under way using engine
2026-10-02T01:20:59Z,219000811,54.916068,11.359965,0.0,Under way using engine
2026-10-02T01:21:24Z,219002177,54.935950,11.371992,0.0,Under way using engine
2026-10-02T01:21:30Z,219000811,54.916068,11.359965,0.0,Under way using engine
2026-10-02T01:21:54Z,219002177,54.935957,11.372000,0.0,Under way using engine
2026-10-02T01:22:08Z,219000811,54.916065,11.359965,0.0,Under way using engine
2026-10-02T01:22:24Z,219002177,54.935955,11.371980,0.0,Under way using engine
2026-10-02T01:22:33Z,219000809,54.971913,11.514568,0.1,Moored
2026-10-02T01:22:39Z,219000811,54.916067,11.359965,0.0,Under way using engine
2026-10-02T01:22:54Z,219002177,54.935957,11.371982,0.0,Under way using engine
2026-10-02T01:23:19Z,219000811,54.916067,11.359968,0.0,Under way using engine
2026-10-02T01:23:24Z,219002177,54.935935,11.371987,0.0,Under way using engine
2026-10-02T01:23:36Z,219000809,54.971918,11.514593,0.0,Moored
2026-10-02T01:23:49Z,219000811,54.916067,11.359972,0.0,Under way using engine
2026-10-02T01:23:54Z,219002177,54.935947,11.371983,0.0,Under way using engine
2026-10-02T01:24:19Z,219000811,54.916067,11.359972,0.0,Under way using engine
2026-10-02T01:24:24Z,219002177,54.935950,11.371983,0.0,Under way using engine
2026-10-02T01:24:49Z,219000811,54.916067,11.359973,0.0,Under way using engine
2026-10-02T01:24:54Z,219002177,54.935948,11.371973,0.0,Under way using engine
2026-10-02T01:25:19Z,219000811,54.916068,11.359973,0.0,Under way using engine
2026-10-02T01:25:24Z,219002177,54.935957,11.371978,0.0,Under way using engine
2026-10-02T01:25:49Z,219000811,54.916067,11.359975,0.0,Under way using engine
2026-10-02T01:25:54Z,219002177,54.935957,11.372013,0.0,Under way using engine
2026-10-02T01:26:19Z,219000811,54.916063,11.359977,0.0,Under way using engine
2026-10-02T01:26:24Z,219002177,54.935937,11.371978,0.0,Under way using engine
2026-10-02T01:26:34Z,219000809,54.971925,11.514607,0.0,Moored
2026-10-02T01:26:49Z,219000811,54.916060,11.359978,0.0,Under way using engine
2026-10-02T01:26:54Z,219002177,54.935950,11.371985,0.0,Under way using engine
2026-10-02T01:27:19Z,219000811,54.916058,11.359978,0.0,Under way using engine
2026-10-02T01:27:24Z,219002177,54.935973,11.371995,0.1,Under way using engine
2026-10-02T01:27:49Z,219000811,54.916057,11.359980,0.0,Under way using engine
2026-10-02T01:27:54Z,219002177,54.935952,11.371993,0.0,Under way using engine
2026-10-02T01:28:19Z,219000811,54.916053,11.359982,0.0,Under way using engine
2026-10-02T01:28:24Z,219002177,54.935958,11.372000,0.0,Under way using engine
2026-10-02T01:28:33Z,219000809,54.971925,11.514607,0.0,Moored
2026-10-02T01:28:54Z,219002177,54.935957,11.371995,0.0,Under way using engine
2026-10-02T01:28:59Z,219000811,54.916053,11.359980,0.0,Under way using engine
2026-10-02T01:29:24Z,219002177,54.935955,11.371993,0.0,Under way using engine
2026-10-02T01:29:34Z,219000809,54.971937,11.514580,0.0,Moored
2026-10-02T01:29:39Z,219000811,54.916055,11.359982,0.0,Under way using engine
2026-10-02T01:29:54Z,219002177,54.935957,11.372002,0.0,Under way using engine
2026-10-02T01:30:10Z,219000811,54.916057,11.359983,0.0,Under way using engine
2026-10-02T01:30:24Z,219002177,54.935957,11.372000,0.0,Under way using engine
2026-10-02T01:30:48Z,219000811,54.916062,11.359985,0.0,Under way using engine
2026-10-02T01:30:54Z,219002177,54.935953,11.371992,0.0,Under way using engine
2026-10-02T01:31:18Z,219000811,54.916065,11.359985,0.0,Under way using engine
2026-10-02T01:31:24Z,219002177,54.935943,11.371987,0.0,Under way using engine
2026-10-02T01:31:48Z,219000811,54.916068,11.359982,0.0,Under way using engine
2026-10-02T01:31:54Z,219002177,54.935950,11.372000,0.0,Under way using engine
2026-10-02T01:32:18Z,219000811,54.916068,11.359977,0.0,Under way using engine
2026-10-02T01:32:25Z,219002177,54.935945,11.372000,0.0,Under way using engine
2026-10-02T01:32:36Z,219000809,54.971927,11.514597,0.0,Moored
2026-10-02T01:32:48Z,219000811,54.916065,11.359975,0.0,Under way using engine
2026-10-02T01:33:04Z,219002177,54.935945,11.371995,0.0,Under way using engine
2026-10-02T01:33:28Z,219000811,54.916065,11.359977,0.0,Under way using engine
2026-10-02T01:33:35Z,219002177,54.935962,11.371982,0.0,Under way using engine
2026-10-02T01:33:59Z,219000811,54.916062,11.359978,0.0,Under way using engine
2026-10-02T01:34:13Z,219002177,54.935963,11.371997,0.0,Under way using engine
2026-10-02T01:34:32Z,219000809,54.971927,11.514597,0.0,Moored
2026-10-02T01:34:40Z,219000811,54.916058,11.359975,0.0,Under way using engine
2026-10-02T01:34:43Z,219002177,54.935962,11.371985,0.0,Under way using engine
2026-10-02T01:35:10Z,219000811,54.916057,11.359972,0.0,Under way using engine
2026-10-02T01:35:13Z,219002177,54.935970,11.371985,0.0,Under way using engine
2026-10-02T01:35:35Z,219000809,54.971915,11.514592,0.0,Moored
2026-10-02T01:35:40Z,219000811,54.916060,11.359968,0.0,Under way using engine
2026-10-02T01:35:44Z,219002177,54.935967,11.371997,0.0,Under way using engine
2026-10-02T01:36:10Z,219000811,54.916063,11.359970,0.0,Under way using engine
2026-10-02T01:36:24Z,219002177,54.935952,11.371997,0.0,Under way using engine
2026-10-02T01:36:40Z,219000811,54.916065,11.359972,0.0,Under way using engine
2026-10-02T01:36:55Z,219002177,54.935967,11.372007,0.0,Under way using engine
2026-10-02T01:37:19Z,219000811,54.916068,11.359977,0.0,Under way using engine
2026-10-02T01:37:25Z,219002177,54.935973,11.372013,0.0,Under way using engine
2026-10-02T01:37:50Z,219000811,54.916070,11.359980,0.0,Under way using engine
2026-10-02T01:37:55Z,219002177,54.935968,11.371997,0.0,Under way using engine
2026-10-02T01:38:25Z,219002177,54.935972,11.371997,0.0,Under way using engine
2026-10-02T01:38:29Z,219000811,54.916072,11.359977,0.0,Under way using engine
2026-10-02T01:38:35Z,219000809,54.971935,11.514552,0.0,Moored
2026-10-02T01:38:55Z,219002177,54.935983,11.372000,0.0,Under way using engine
2026-10-02T01:38:59Z,219000811,54.916072,11.359975,0.0,Under way using engine
2026-10-02T01:39:25Z,219002177,54.935970,11.372008,0.0,Under way using engine
2026-10-02T01:39:29Z,219000811,54.916072,11.359977,0.0,Under way using engine
2026-10-02T01:39:55Z,219002177,54.935988,11.371995,0.0,Under way using engine
2026-10-02T01:39:59Z,219000811,54.916070,11.359978,0.0,Under way using engine
2026-10-02T01:40:25Z,219002177,54.935990,11.371993,0.0,Under way using engine
2026-10-02T01:40:29Z,219000811,54.916068,11.359980,0.0,Under way using engine
2026-10-02T01:40:33Z,219000809,54.971935,11.514552,0.0,Moored
2026-10-02T01:40:55Z,219002177,54.935977,11.371998,0.0,Under way using engine
2026-10-02T01:41:09Z,219000811,54.916067,11.359978,0.0,Under way using engine
2026-10-02T01:41:25Z,219002177,54.935973,11.371998,0.0,Under way using engine
2026-10-02T01:41:34Z,219000809,54.971948,11.514575,0.0,Moored
2026-10-02T01:41:50Z,219000811,54.916067,11.359975,0.0,Under way using engine
2026-10-02T01:41:55Z,219002177,54.935972,11.372000,0.0,Under way using engine
2026-10-02T01:42:24Z,219000811,54.916065,11.359975,0.0,Under way using engine
2026-10-02T01:42:25Z,219002177,54.935990,11.371998,0.0,Under way using engine
2026-10-02T01:42:55Z,219002177,54.935988,11.371998,0.0,Under way using engine
2026-10-02T01:42:58Z,219000811,54.916065,11.359978,0.0,Under way using engine
2026-10-02T01:43:25Z,219002177,54.935972,11.372005,0.0,Under way using engine
2026-10-02T01:43:29Z,219000811,54.916067,11.359982,0.0,Under way using engine
2026-10-02T01:44:05Z,219002177,54.935958,11.371998,0.0,Under way using engine
2026-10-02T01:44:09Z,219000811,54.916067,11.359982,0.0,Under way using engine
2026-10-02T01:44:34Z,219000809,54.971938,11.514570,0.0,Moored
2026-10-02T01:44:40Z,219000811,54.916068,11.359980,0.0,Under way using engine
2026-10-02T01:44:44Z,219002177,54.935945,11.371997,0.0,Under way using engine
2026-10-02T01:45:15Z,219002177,54.935973,11.371987,0.0,Under way using engine
2026-10-02T01:45:19Z,219000811,54.916072,11.359982,0.0,Under way using engine
2026-10-02T01:45:49Z,219000811,54.916073,11.359983,0.0,Under way using engine
2026-10-02T01:45:54Z,219002177,54.935957,11.371978,0.1,Under way using engine
2026-10-02T01:46:19Z,219000811,54.916072,11.359985,0.0,Under way using engine
2026-10-02T01:46:24Z,219002177,54.935980,11.371982,0.0,Under way using engine
2026-10-02T01:46:32Z,219000809,54.971938,11.514570,0.0,Moored
2026-10-02T01:46:49Z,219000811,54.916072,11.359987,0.0,Under way using engine
2026-10-02T01:46:54Z,219002177,54.935977,11.371980,0.0,Under way using engine
2026-10-02T01:47:19Z,219000811,54.916072,11.359987,0.0,Under way using engine
2026-10-02T01:47:24Z,219002177,54.935965,11.371988,0.0,Under way using engine
2026-10-02T01:47:36Z,219000809,54.971923,11.514575,0.0,Moored
2026-10-02T01:47:49Z,219000811,54.916072,11.359983,0.0,Under way using engine
2026-10-02T01:47:54Z,219002177,54.935958,11.371992,0.0,Under way using engine
2026-10-02T01:48:19Z,219000811,54.916072,11.359983,0.0,Under way using engine
2026-10-02T01:48:34Z,219002177,54.935988,11.371993,0.1,Under way using engine
2026-10-02T01:48:49Z,219000811,54.916072,11.359985,0.0,Under way using engine
2026-10-02T01:49:05Z,219002177,54.936000,11.371995,0.1,Under way using engine
2026-10-02T01:49:19Z,219000811,54.916068,11.359985,0.0,Under way using engine
2026-10-02T01:49:44Z,219002177,54.935987,11.371992,0.0,Under way using engine
2026-10-02T01:49:49Z,219000811,54.916068,11.359983,0.0,Under way using engine
2026-10-02T01:50:14Z,219002177,54.935968,11.371987,0.0,Under way using engine
2026-10-02T01:50:19Z,219000811,54.916067,11.359983,0.0,Under way using engine
2026-10-02T01:50:35Z,219000809,54.971913,11.514588,0.0,Moored
2026-10-02T01:50:44Z,219002177,54.935960,11.371990,0.0,Under way using engine
2026-10-02T01:50:49Z,219000811,54.916065,11.359982,0.0,Under way using engine
2026-10-02T01:51:14Z,219002177,54.935962,11.372000,0.0,Under way using engine
2026-10-02T01:51:19Z,219000811,54.916067,11.359978,0.0,Under way using engine
2026-10-02T01:51:44Z,219002177,54.935987,11.372005,0.1,Under way using engine
2026-10-02T01:51:49Z,219000811,54.916067,11.359978,0.0,Under way using engine
2026-10-02T01:52:14Z,219002177,54.935977,11.371993,0.0,Under way using engine
2026-10-02T01:52:20Z,219000811,54.916065,11.359975,0.0,Under way using engine
2026-10-02T01:52:33Z,219000809,54.971913,11.514588,0.0,Moored
2026-10-02T01:52:44Z,219002177,54.935998,11.371992,0.0,Under way using engine
2026-10-02T01:52:59Z,219000811,54.916068,11.359977,0.0,Under way using engine
2026-10-02T01:53:14Z,219002177,54.935975,11.371990,0.0,Under way using engine
2026-10-02T01:53:30Z,219000811,54.916068,11.359980,0.0,Under way using engine
2026-10-02T01:53:35Z,219000809,54.971928,11.514582,0.0,Moored
2026-10-02T01:53:44Z,219002177,54.935983,11.371997,0.0,Under way using engine
2026-10-02T01:54:09Z,219000811,54.916070,11.359982,0.0,Under way using engine
2026-10-02T01:54:14Z,219002177,54.935958,11.372002,0.0,Under way using engine
2026-10-02T01:54:44Z,219002177,54.935955,11.372003,0.0,Under way using engine
2026-10-02T01:54:50Z,219000811,54.916068,11.359983,0.0,Under way using engine
2026-10-02T01:55:20Z,219000811,54.916067,11.359985,0.0,Under way using engine
2026-10-02T01:55:22Z,219002177,54.936008,11.372015,0.1,Under way using engine
2026-10-02T01:55:50Z,219000811,54.916067,11.359987,0.0,Under way using engine
2026-10-02T01:55:55Z,219002177,54.935982,11.372027,0.0,Under way using engine
2026-10-02T01:56:20Z,219000811,54.916065,11.359985,0.0,Under way using engine
2026-10-02T01:56:34Z,219002177,54.936002,11.372018,0.0,Under way using engine
2026-10-02T01:56:36Z,219000809,54.971948,11.514593,0.0,Moored
2026-10-02T01:56:50Z,219000811,54.916065,11.359983,0.0,Under way using engine
2026-10-02T01:57:13Z,219002177,54.935987,11.372023,0.0,Under way using engine
2026-10-02T01:57:20Z,219000811,54.916065,11.359983,0.0,Under way using engine
2026-10-02T01:57:45Z,219002177,54.935975,11.372012,0.0,Under way using engine
2026-10-02T01:57:50Z,219000811,54.916067,11.359982,0.0,Under way using engine
2026-10-02T01:58:20Z,219000811,54.916067,11.359982,0.0,Under way using engine
2026-10-02T01:58:24Z,219002177,54.935988,11.372013,0.0,Under way using engine
2026-10-02T01:58:33Z,219000809,54.971948,11.514593,0.0,Moored
2026-10-02T01:58:50Z,219000811,54.916067,11.359980,0.0,Under way using engine
2026-10-02T01:58:55Z,219002177,54.935975,11.371998,0.0,Under way using engine
2026-10-02T01:59:20Z,219000811,54.916068,11.359978,0.0,Under way using engine
2026-10-02T01:59:34Z,219000809,54.971925,11.514587,0.1,Moored
2026-10-02T01:59:34Z,219002177,54.935975,11.372007,0.0,Under way using engine
2026-10-02T01:59:50Z,219000811,54.916068,11.359975,0.0,Under way using engine
2026-10-02T02:00:04Z,219002177,54.935993,11.372008,0.0,Under way using engine
2026-10-02T02:00:20Z,219000811,54.916067,11.359975,0.0,Under way using engine
2026-10-02T02:00:34Z,219002177,54.935985,11.372003,0.0,Under way using engine
2026-10-02T02:00:59Z,219000811,54.916065,11.359975,0.0,Under way using engine
2026-10-02T02:01:04Z,219002177,54.936000,11.372008,0.1,Under way using engine
2026-10-02T02:01:30Z,219000811,54.916063,11.359978,0.0,Under way using engine
2026-10-02T02:01:34Z,219002177,54.935978,11.372010,0.1,Under way using engine
2026-10-02T02:02:04Z,219002177,54.935967,11.372013,0.1,Under way using engine
2026-10-02T02:02:10Z,219000811,54.916062,11.359978,0.0,Under way using engine
2026-10-02T02:02:33Z,219000809,54.971915,11.514602,0.0,Moored
2026-10-02T02:02:34Z,219002177,54.935975,11.372012,0.1,Under way using engine
2026-10-02T02:02:49Z,219000811,54.916068,11.359977,0.0,Under way using engine
2026-10-02T02:03:04Z,219002177,54.935992,11.372013,0.1,Under way using engine
2026-10-02T02:03:30Z,219000811,54.916073,11.359977,0.0,Under way using engine
2026-10-02T02:03:34Z,219002177,54.935987,11.372003,0.0,Under way using engine
2026-10-02T02:04:04Z,219002177,54.935968,11.371998,0.1,Under way using engine
2026-10-02T02:04:10Z,219000811,54.916075,11.359972,0.0,Under way using engine
2026-10-02T02:04:33Z,219000809,54.971915,11.514602,0.0,Moored
2026-10-02T02:04:34Z,219002177,54.935930,11.371992,0.1,Under way using engine
2026-10-02T02:04:49Z,219000811,54.916075,11.359970,0.0,Under way using engine
2026-10-02T02:05:04Z,219002177,54.935970,11.372008,0.0,Under way using engine
2026-10-02T02:05:20Z,219000811,54.916073,11.359970,0.0,Under way using engine
2026-10-02T02:05:34Z,219002177,54.935975,11.372005,0.0,Under way using engine
2026-10-02T02:05:35Z,219000809,54.971912,11.514610,0.0,Moored
2026-10-02T02:05:59Z,219000811,54.916070,11.359968,0.0,Under way using engine
2026-10-02T02:06:04Z,219002177,54.935978,11.372013,0.0,Under way using engine
2026-10-02T02:06:29Z,219000811,54.916072,11.359970,0.0,Under way using engine
2026-10-02T02:06:34Z,219002177,54.935977,11.372012,0.0,Under way using engine
2026-10-02T02:06:59Z,219000811,54.916068,11.359970,0.0,Under way using engine
2026-10-02T02:07:04Z,219002177,54.935980,11.372012,0.0,Under way using engine
2026-10-02T02:07:29Z,219000811,54.916067,11.359972,0.0,Under way using engine
2026-10-02T02:07:34Z,219002177,54.935977,11.372018,0.0,Under way using engine
2026-10-02T02:07:59Z,219000811,54.916067,11.359972,0.0,Under way using engine
2026-10-02T02:08:04Z,219002177,54.935975,11.372015,0.0,Under way using engine
2026-10-02T02:08:29Z,219000811,54.916068,11.359972,0.0,Under way using engine
2026-10-02T02:08:35Z,219000809,54.971918,11.514597,0.0,Moored
2026-10-02T02:08:45Z,219002177,54.935970,11.372017,0.0,Under way using engine
2026-10-02T02:08:59Z,219000811,54.916068,11.359972,0.0,Under way using engine
2026-10-02T02:09:25Z,219002177,54.935970,11.372015,0.0,Under way using engine
2026-10-02T02:09:29Z,219000811,54.916068,11.359970,0.0,Under way using engine
2026-10-02T02:09:59Z,219000811,54.916068,11.359972,0.0,Under way using engine
2026-10-02T02:10:04Z,219002177,54.935965,11.372015,0.0,Under way using engine
2026-10-02T02:10:29Z,219000811,54.916068,11.359973,0.0,Under way using engine
2026-10-02T02:10:33Z,219000809,54.971918,11.514597,0.0,Moored
2026-10-02T02:10:45Z,219002177,54.935975,11.372012,0.0,Under way using engine
2026-10-02T02:10:59Z,219000811,54.916070,11.359973,0.0,Under way using engine
2026-10-02T02:11:24Z,219002177,54.935973,11.371997,0.0,Under way using engine
2026-10-02T02:11:29Z,219000811,54.916072,11.359973,0.0,Under way using engine
2026-10-02T02:11:36Z,219000809,54.971918,11.514587,0.0,Moored
2026-10-02T02:11:54Z,219002177,54.935972,11.372000,0.0,Under way using engine
2026-10-02T02:11:59Z,219000811,54.916072,11.359972,0.0,Under way using engine
2026-10-02T02:12:24Z,219002177,54.935970,11.371998,0.0,Under way using engine
2026-10-02T02:12:30Z,219000811,54.916068,11.359975,0.0,Under way using engine
2026-10-02T02:13:05Z,219002177,54.935975,11.371998,0.0,Under way using engine
2026-10-02T02:13:10Z,219000811,54.916063,11.359975,0.0,Under way using engine
2026-10-02T02:13:40Z,219000811,54.916063,11.359975,0.0,Under way using engine
2026-10-02T02:13:45Z,219002177,54.935970,11.372000,0.0,Under way using engine
2026-10-02T02:14:10Z,219000811,54.916060,11.359973,0.0,Under way using engine
2026-10-02T02:14:24Z,219002177,54.935977,11.371993,0.0,Under way using engine
2026-10-02T02:14:34Z,219000809,54.971902,11.514598,0.0,Moored
2026-10-02T02:14:40Z,219000811,54.916060,11.359975,0.0,Under way using engine
2026-10-02T02:15:05Z,219002177,54.935978,11.371997,0.0,Under way using engine
2026-10-02T02:15:19Z,219000811,54.916063,11.359978,0.0,Under way using engine
2026-10-02T02:15:45Z,219002177,54.935983,11.372007,0.0,Under way using engine
2026-10-02T02:15:50Z,219000811,54.916067,11.359978,0.0,Under way using engine
2026-10-02T02:16:24Z,219002177,54.935978,11.372012,0.0,Under way using engine
2026-10-02T02:16:30Z,219000811,54.916070,11.359978,0.0,Under way using engine
2026-10-02T02:16:33Z,219000809,54.971902,11.514598,0.0,Moored
2026-10-02T02:17:05Z,219002177,54.935980,11.372003,0.0,Under way using engine
2026-10-02T02:17:09Z,219000811,54.916072,11.359980,0.0,Under way using engine
2026-10-02T02:17:33Z,219000809,54.971910,11.514577,0.0,Moored
2026-10-02T02:17:40Z,219000811,54.916075,11.359983,0.0,Under way using engine
2026-10-02T02:17:45Z,219002177,54.935978,11.372003,0.0,Under way using engine
2026-10-02T02:18:19Z,219000811,54.916075,11.359982,0.0,Under way using engine
2026-10-02T02:18:24Z,219002177,54.935985,11.372003,0.0,Under way using engine
2026-10-02T02:18:50Z,219000811,54.916075,11.359977,0.0,Under way using engine
2026-10-02T02:19:03Z,219002177,54.935985,11.372007,0.0,Under way using engine
2026-10-02T02:19:30Z,219000811,54.916072,11.359978,0.0,Under way using engine
2026-10-02T02:19:45Z,219002177,54.935982,11.372015,0.0,Under way using engine
2026-10-02T02:20:09Z,219000811,54.916068,11.359980,0.0,Under way using engine
2026-10-02T02:20:24Z,219002177,54.935985,11.372012,0.0,Under way using engine
2026-10-02T02:20:34Z,219000809,54.971913,11.514590,0.0,Moored
2026-10-02T02:20:40Z,219000811,54.916067,11.359982,0.0,Under way using engine
2026-10-02T02:20:55Z,219002177,54.935985,11.372017,0.0,Under way using engine
2026-10-02T02:21:19Z,219000811,54.916065,11.359978,0.0,Under way using engine
2026-10-02T02:21:33Z,219002177,54.935980,11.371998,0.0,Under way using engine
2026-10-02T02:21:50Z,219000811,54.916067,11.359975,0.0,Under way using engine
2026-10-02T02:22:03Z,219002177,54.935977,11.372007,0.0,Under way using engine
2026-10-02T02:22:29Z,219000811,54.916068,11.359975,0.0,Under way using engine
2026-10-02T02:22:32Z,219000809,54.971913,11.514590,0.0,Moored
2026-10-02T02:22:33Z,219002177,54.935987,11.372012,0.0,Under way using engine
2026-10-02T02:22:59Z,219000811,54.916068,11.359977,0.0,Under way using engine
2026-10-02T02:23:03Z,219002177,54.935990,11.372000,0.0,Under way using engine
2026-10-02T02:23:29Z,219000811,54.916067,11.359978,0.0,Under way using engine
2026-10-02T02:23:34Z,219002177,54.935975,11.371998,0.0,Under way using engine
2026-10-02T02:23:35Z,219000809,54.971913,11.514587,0.0,Moored
2026-10-02T02:23:59Z,219000811,54.916068,11.359978,0.0,Under way using engine
2026-10-02T02:24:14Z,219002177,54.935970,11.371997,0.0,Under way using engine
2026-10-02T02:24:29Z,219000811,54.916067,11.359977,0.0,Under way using engine
2026-10-02T02:24:44Z,219002177,54.935968,11.372008,0.0,Under way using engine
2026-10-02T02:24:59Z,219000811,54.916063,11.359978,0.0,Under way using engine
2026-10-02T02:25:14Z,219002177,54.935975,11.372008,0.0,Under way using engine
2026-10-02T02:25:29Z,219000811,54.916063,11.359978,0.0,Under way using engine
2026-10-02T02:25:44Z,219002177,54.935970,11.372003,0.0,Under way using engine
2026-10-02T02:25:59Z,219000811,54.916065,11.359982,0.0,Under way using engine
2026-10-02T02:26:14Z,219002177,54.935963,11.371997,0.0,Under way using engine
2026-10-02T02:26:29Z,219000811,54.916063,11.359980,0.0,Under way using engine
2026-10-02T02:26:36Z,219000809,54.971910,11.514588,0.0,Moored
2026-10-02T02:26:44Z,219002177,54.935950,11.371990,0.0,Under way using engine
2026-10-02T02:26:59Z,219000811,54.916063,11.359978,0.0,Under way using engine
2026-10-02T02:27:14Z,219002177,54.935957,11.371995,0.0,Under way using engine
2026-10-02T02:27:29Z,219000811,54.916063,11.359977,0.0,Under way using engine
2026-10-02T02:27:44Z,219002177,54.935950,11.372008,0.0,Under way using engine
2026-10-02T02:27:59Z,219000811,54.916067,11.359980,0.0,Under way using engine
2026-10-02T02:28:14Z,219002177,54.935958,11.372003,0.0,Under way using engine
2026-10-02T02:28:30Z,219000811,54.916065,11.359983,0.0,Under way using engine
2026-10-02T02:28:33Z,219000809,54.971910,11.514588,0.0,Moored
2026-10-02T02:28:44Z,219002177,54.935957,11.372000,0.0,Under way using engine
2026-10-02T02:29:14Z,219002177,54.935963,11.372017,0.0,Under way using engine
2026-10-02T02:29:19Z,219000811,54.916063,11.359983,0.0,Under way using engine
2026-10-02T02:29:36Z,219000809,54.971913,11.514600,0.0,Moored
2026-10-02T02:29:45Z,219002177,54.935975,11.371993,0.0,Under way using engine
2026-10-02T02:29:50Z,219000811,54.916062,11.359980,0.0,Under way using engine
2026-10-02T02:30:23Z,219002177,54.935965,11.371995,0.0,Under way using engine
2026-10-02T02:30:24Z,219000811,54.916060,11.359980,0.0,Under way using engine
2026-10-02T02:30:54Z,219002177,54.935967,11.371997,0.0,Under way using engine
2026-10-02T02:30:59Z,219000811,54.916062,11.359982,0.0,Under way using engine
2026-10-02T02:31:30Z,219000811,54.916062,11.359983,0.0,Under way using engine
2026-10-02T02:31:35Z,219002177,54.936010,11.372023,0.0,Under way using engine
2026-10-02T02:32:10Z,219000811,54.916060,11.359983,0.0,Under way using engine
2026-10-02T02:32:13Z,219002177,54.935978,11.372007,0.0,Under way using engine
2026-10-02T02:32:34Z,219000809,54.971907,11.514602,0.0,Moored
2026-10-02T02:32:45Z,219002177,54.935992,11.372027,0.0,Under way using engine
2026-10-02T02:32:50Z,219000811,54.916058,11.359978,0.0,Under way using engine
2026-10-02T02:33:23Z,219002177,54.935992,11.372037,0.0,Under way using engine
2026-10-02T02:33:30Z,219000811,54.916055,11.359977,0.0,Under way using engine
2026-10-02T02:33:54Z,219002177,54.935987,11.372032,0.0,Under way using engine
2026-10-02T02:34:09Z,219000811,54.916055,11.359975,0.0,Under way using engine
2026-10-02T02:34:33Z,219000809,54.971907,11.514602,0.0,Moored
2026-10-02T02:34:35Z,219002177,54.935972,11.372013,0.0,Under way using engine
2026-10-02T02:34:39Z,219000811,54.916057,11.359973,0.0,Under way using engine
2026-10-02T02:35:09Z,219000811,54.916060,11.359970,0.0,Under way using engine
2026-10-02T02:35:15Z,219002177,54.935985,11.372025,0.0,Under way using engine
2026-10-02T02:35:39Z,219000811,54.916062,11.359970,0.0,Under way using engine
2026-10-02T02:35:45Z,219002177,54.935973,11.372027,0.0,Under way using engine
2026-10-02T02:36:09Z,219000811,54.916063,11.359972,0.0,Under way using engine
2026-10-02T02:36:15Z,219002177,54.935968,11.372028,0.0,Under way using engine
2026-10-02T02:36:49Z,219000811,54.916067,11.359978,0.0,Under way using engine
2026-10-02T02:36:53Z,219002177,54.935997,11.372045,0.0,Under way using engine
2026-10-02T02:37:19Z,219000811,54.916065,11.359978,0.0,Under way using engine
2026-10-02T02:37:23Z,219002177,54.936002,11.372042,0.0,Under way using engine
2026-10-02T02:37:49Z,219000811,54.916063,11.359977,0.0,Under way using engine
2026-10-02T02:37:53Z,219002177,54.935972,11.372003,0.0,Under way using engine
2026-10-02T02:38:19Z,219000811,54.916063,11.359975,0.0,Under way using engine
2026-10-02T02:38:23Z,219002177,54.935980,11.372012,0.0,Under way using engine
2026-10-02T02:38:36Z,219000809,54.971915,11.514590,0.0,Moored
2026-10-02T02:38:49Z,219000811,54.916063,11.359978,0.0,Under way using engine
2026-10-02T02:38:53Z,219002177,54.935985,11.371992,0.0,Under way using engine
2026-10-02T02:39:19Z,219000811,54.916063,11.359980,0.0,Under way using engine
2026-10-02T02:39:23Z,219002177,54.935973,11.372010,0.0,Under way using engine
2026-10-02T02:39:49Z,219000811,54.916062,11.359978,0.0,Under way using engine
2026-10-02T02:39:53Z,219002177,54.935975,11.372015,0.0,Under way using engine
2026-10-02T02:40:19Z,219000811,54.916060,11.359975,0.0,Under way using engine
2026-10-02T02:40:24Z,219002177,54.935988,11.372027,0.0,Under way using engine
2026-10-02T02:40:33Z,219000809,54.971915,11.514590,0.0,Moored
2026-10-02T02:40:49Z,219000811,54.916058,11.359973,0.0,Under way using engine
2026-10-02T02:41:05Z,219002177,54.935973,11.372013,0.0,Under way using engine
2026-10-02T02:41:19Z,219000811,54.916058,11.359975,0.0,Under way using engine
2026-10-02T02:41:35Z,219000809,54.971917,11.514578,0.0,Moored
2026-10-02T02:41:49Z,219000811,54.916060,11.359977,0.0,Under way using engine
2026-10-02T02:41:53Z,219002177,54.935957,11.372013,0.0,Under way using engine
2026-10-02T02:42:19Z,219000811,54.916058,11.359977,0.0,Under way using engine
2026-10-02T02:42:24Z,219002177,54.935962,11.372017,0.0,Under way using engine
2026-10-02T02:42:50Z,219000811,54.916062,11.359973,0.0,Under way using engine
2026-10-02T02:42:54Z,219002177,54.935957,11.372003,0.0,Under way using engine
2026-10-02T02:43:24Z,219002177,54.935967,11.372020,0.0,Under way using engine
2026-10-02T02:43:30Z,219000811,54.916062,11.359970,0.0,Under way using engine
2026-10-02T02:43:54Z,219002177,54.935972,11.372023,0.0,Under way using engine
2026-10-02T02:44:00Z,219000811,54.916063,11.359970,0.0,Under way using engine
2026-10-02T02:44:25Z,219002177,54.935973,11.372025,0.0,Under way using engine
2026-10-02T02:44:35Z,219000809,54.971912,11.514567,0.0,Moored
2026-10-02T02:44:39Z,219000811,54.916062,11.359968,0.0,Under way using engine
2026-10-02T02:45:05Z,219002177,54.935973,11.372012,0.0,Under way using engine
2026-10-02T02:45:09Z,219000811,54.916060,11.359968,0.0,Under way using engine
2026-10-02T02:45:39Z,219000811,54.916060,11.359968,0.0,Under way using engine
2026-10-02T02:45:44Z,219002177,54.935972,11.372030,0.0,Under way using engine
2026-10-02T02:46:09Z,219000811,54.916060,11.359973,0.0,Under way using engine
2026-10-02T02:46:25Z,219002177,54.935950,11.372005,0.0,Under way using engine
2026-10-02T02:46:33Z,219000809,54.971912,11.514567,0.0,Moored
2026-10-02T02:46:39Z,219000811,54.916062,11.359975,0.0,Under way using engine
2026-10-02T02:47:04Z,219002177,54.935968,11.372027,0.0,Under way using engine
2026-10-02T02:47:09Z,219000811,54.916063,11.359980,0.0,Under way using engine
2026-10-02T02:47:34Z,219000809,54.971905,11.514580,0.0,Moored
2026-10-02T02:47:39Z,219000811,54.916067,11.359982,0.0,Under way using engine
2026-10-02T02:47:44Z,219002177,54.935980,11.372038,0.0,Under way using engine
2026-10-02T02:48:09Z,219000811,54.916067,11.359982,0.0,Under way using engine
2026-10-02T02:48:14Z,219002177,54.935968,11.372030,0.0,Under way using engine
2026-10-02T02:48:39Z,219000811,54.916068,11.359985,0.0,Under way using engine
2026-10-02T02:48:44Z,219002177,54.935963,11.372013,0.0,Under way using engine
2026-10-02T02:49:09Z,219000811,54.916070,11.359985,0.0,Under way using engine
2026-10-02T02:49:14Z,219002177,54.935965,11.372000,0.0,Under way using engine
2026-10-02T02:49:39Z,219000811,54.916068,11.359983,0.0,Under way using engine
2026-10-02T02:49:44Z,219002177,54.935980,11.372003,0.0,Under way using engine
2026-10-02T02:50:09Z,219000811,54.916070,11.359983,0.0,Under way using engine
2026-10-02T02:50:14Z,219002177,54.935978,11.372027,0.0,Under way using engine
2026-10-02T02:50:35Z,219000809,54.971917,11.514597,0.0,Moored
2026-10-02T02:50:39Z,219000811,54.916068,11.359980,0.0,Under way using engine
2026-10-02T02:50:44Z,219002177,54.935975,11.372000,0.0,Under way using engine
2026-10-02T02:51:09Z,219000811,54.916065,11.359977,0.0,Under way using engine
2026-10-02T02:51:14Z,219002177,54.935963,11.372005,0.0,Under way using engine
2026-10-02T02:51:39Z,219000811,54.916065,11.359973,0.0,Under way using engine
2026-10-02T02:51:44Z,219002177,54.935973,11.371995,0.0,Under way using engine
2026-10-02T02:52:09Z,219000811,54.916067,11.359973,0.0,Under way using engine
2026-10-02T02:52:14Z,219002177,54.935975,11.372000,0.0,Under way using engine
2026-10-02T02:52:33Z,219000809,54.971917,11.514597,0.0,Moored
2026-10-02T02:52:40Z,219000811,54.916065,11.359973,0.0,Under way using engine
2026-10-02T02:52:44Z,219002177,54.935958,11.372002,0.0,Under way using engine
2026-10-02T02:53:14Z,219002177,54.935947,11.372005,0.0,Under way using engine
2026-10-02T02:53:19Z,219000811,54.916063,11.359968,0.0,Under way using engine
2026-10-02T02:53:44Z,219002177,54.935962,11.372002,0.0,Under way using engine
2026-10-02T02:53:49Z,219000811,54.916063,11.359968,0.0,Under way using engine
2026-10-02T02:54:14Z,219002177,54.935965,11.371997,0.0,Under way using engine
2026-10-02T02:54:19Z,219000811,54.916062,11.359968,0.0,Under way using engine
2026-10-02T02:54:44Z,219002177,54.935970,11.372017,0.0,Under way using engine
2026-10-02T02:54:49Z,219000811,54.916062,11.359970,0.0,Under way using engine
2026-10-02T02:55:14Z,219002177,54.935975,11.372012,0.0,Under way using engine
2026-10-02T02:55:19Z,219000811,54.916065,11.359970,0.0,Under way using engine
2026-10-02T02:55:44Z,219002177,54.935968,11.372015,0.0,Under way using engine
2026-10-02T02:55:49Z,219000811,54.916068,11.359972,0.0,Under way using engine
2026-10-02T02:56:14Z,219002177,54.935957,11.372007,0.0,Under way using engine
2026-10-02T02:56:19Z,219000811,54.916072,11.359970,0.0,Under way using engine
2026-10-02T02:56:36Z,219000809,54.971900,11.514573,0.0,Moored
2026-10-02T02:56:44Z,219002177,54.935962,11.371995,0.0,Under way using engine
2026-10-02T02:56:49Z,219000811,54.916073,11.359968,0.0,Under way using engine
2026-10-02T02:57:14Z,219002177,54.935967,11.372013,0.0,Under way using engine
2026-10-02T02:57:19Z,219000811,54.916075,11.359967,0.0,Under way using engine
2026-10-02T02:57:44Z,219002177,54.935968,11.372022,0.0,Under way using engine
2026-10-02T02:58:00Z,219000811,54.916073,11.359963,0.0,Under way using engine
2026-10-02T02:58:14Z,219002177,54.935972,11.372013,0.0,Under way using engine
2026-10-02T02:58:33Z,219000809,54.971900,11.514573,0.0,Moored
2026-10-02T02:58:40Z,219000811,54.916070,11.359965,0.0,Under way using engine
2026-10-02T02:58:44Z,219002177,54.935972,11.371997,0.0,Under way using engine
2026-10-02T02:59:10Z,219000811,54.916065,11.359972,0.0,Under way using engine
2026-10-02T02:59:14Z,219002177,54.935972,11.371990,0.0,Under way using engine
2026-10-02T02:59:34Z,219000809,54.971907,11.514567,0.0,Moored
2026-10-02T02:59:40Z,219000811,54.916062,11.359978,0.0,Under way using engine
2026-10-02T02:59:44Z,219002177,54.935982,11.372025,0.0,Under way using engine
2026-10-02T03:00:10Z,219000811,54.916060,11.359983,0.0,Under way using engine
2026-10-02T03:00:14Z,219002177,54.935973,11.372012,0.0,Under way using engine
2026-10-02T03:00:40Z,219000811,54.916060,11.359985,0.0,Under way using engine
2026-10-02T03:00:55Z,219002177,54.935972,11.371990,0.0,Under way using engine
2026-10-02T03:01:10Z,219000811,54.916060,11.359987,0.0,Under way using engine
2026-10-02T03:01:25Z,219002177,54.935973,11.371985,0.0,Under way using engine
2026-10-02T03:01:40Z,219000811,54.916062,11.359983,0.0,Under way using engine
2026-10-02T03:01:55Z,219002177,54.935967,11.371978,0.0,Under way using engine
2026-10-02T03:02:10Z,219000811,54.916063,11.359980,0.0,Under way using engine
2026-10-02T03:02:25Z,219002177,54.935970,11.372022,0.0,Under way using engine
2026-10-02T03:02:34Z,219000809,54.971910,11.514575,0.0,Moored
2026-10-02T03:02:49Z,219000811,54.916065,11.359973,0.0,Under way using engine
2026-10-02T03:02:55Z,219002177,54.935970,11.372022,0.0,Under way using engine
2026-10-02T03:03:20Z,219000811,54.916067,11.359963,0.0,Under way using engine
2026-10-02T03:03:25Z,219002177,54.935973,11.372012,0.0,Under way using engine
2026-10-02T03:04:00Z,219000811,54.916068,11.359955,0.0,Under way using engine
2026-10-02T03:04:04Z,219002177,54.935970,11.371997,0.0,Under way using engine
2026-10-02T03:04:30Z,219000811,54.916068,11.359950,0.0,Under way using engine
2026-10-02T03:04:33Z,219000809,54.971910,11.514575,0.0,Moored
2026-10-02T03:04:43Z,219002177,54.935990,11.372047,0.0,Under way using engine
2026-10-02T03:05:00Z,219000811,54.916065,11.359953,0.0,Under way using engine
2026-10-02T03:05:14Z,219002177,54.935995,11.372055,0.1,Under way using engine
2026-10-02T03:05:30Z,219000811,54.916063,11.359962,0.0,Under way using engine
2026-10-02T03:05:35Z,219000809,54.971903,11.514575,0.0,Moored
2026-10-02T03:05:53Z,219002177,54.935982,11.372028,0.1,Under way using engine
2026-10-02T03:06:00Z,219000811,54.916060,11.359968,0.0,Under way using engine
2026-10-02T03:06:24Z,219002177,54.935968,11.372002,0.0,Under way using engine
2026-10-02T03:06:30Z,219000811,54.916062,11.359975,0.0,Under way using engine
2026-10-02T03:07:00Z,219000811,54.916057,11.359983,0.0,Under way using engine
2026-10-02T03:07:04Z,219002177,54.935970,11.371998,0.0,Under way using engine
2026-10-02T03:07:30Z,219000811,54.916057,11.359992,0.0,Under way using engine
2026-10-02T03:07:43Z,219002177,54.935968,11.371978,0.0,Under way using engine
2026-10-02T03:08:00Z,219000811,54.916055,11.359992,0.0,Under way using engine
2026-10-02T03:08:24Z,219002177,54.935965,11.371968,0.0,Under way using engine
2026-10-02T03:08:30Z,219000811,54.916053,11.359987,0.0,Under way using engine
2026-10-02T03:08:34Z,219000809,54.971908,11.514602,0.0,Moored
2026-10-02T03:09:00Z,219000811,54.916052,11.359978,0.0,Under way using engine
2026-10-02T03:09:04Z,219002177,54.935968,11.371978,0.0,Under way using engine
2026-10-02T03:09:30Z,219000811,54.916055,11.359967,0.0,Under way using engine
2026-10-02T03:09:45Z,219002177,54.935977,11.371977,0.0,Under way using engine
2026-10-02T03:10:00Z,219000811,54.916060,11.359960,0.0,Under way using engine
2026-10-02T03:10:24Z,219002177,54.935972,11.371988,0.0,Under way using engine
2026-10-02T03:10:30Z,219000811,54.916063,11.359955,0.0,Under way using engine
2026-10-02T03:10:33Z,219000809,54.971908,11.514602,0.0,Moored
2026-10-02T03:10:55Z,219002177,54.935977,11.371985,0.0,Under way using engine
2026-10-02T03:11:00Z,219000811,54.916067,11.359958,0.0,Under way using engine
2026-10-02T03:11:30Z,219000811,54.916070,11.359965,0.0,Under way using engine
2026-10-02T03:11:35Z,219000809,54.971907,11.514617,0.0,Moored
2026-10-02T03:11:35Z,219002177,54.935977,11.371980,0.0,Under way using engine
2026-10-02T03:12:00Z,219000811,54.916073,11.359968,0.0,Under way using engine
2026-10-02T03:12:14Z,219002177,54.935972,11.371982,0.0,Under way using engine
2026-10-02T03:12:30Z,219000811,54.916077,11.359973,0.0,Under way using engine
2026-10-02T03:12:55Z,219002177,54.935978,11.371987,0.0,Under way using engine
2026-10-02T03:13:00Z,219000811,54.916082,11.359978,0.0,Under way using engine
2026-10-02T03:13:30Z,219000811,54.916083,11.359978,0.0,Under way using engine
2026-10-02T03:13:35Z,219002177,54.935978,11.371992,0.0,Under way using engine
2026-10-02T03:14:00Z,219000811,54.916083,11.359977,0.0,Under way using engine
2026-10-02T03:14:05Z,219002177,54.935978,11.371990,0.0,Under way using engine
2026-10-02T03:14:30Z,219000811,54.916083,11.359972,0.0,Under way using engine
2026-10-02T03:14:34Z,219000809,54.971923,11.514590,0.0,Moored
2026-10-02T03:14:35Z,219002177,54.935998,11.371975,0.0,Under way using engine
2026-10-02T03:15:00Z,219000811,54.916085,11.359968,0.0,Under way using engine
2026-10-02T03:15:05Z,219002177,54.935978,11.371967,0.3,Under way using engine
2026-10-02T03:15:30Z,219000811,54.916083,11.359967,0.0,Under way using engine
2026-10-02T03:15:35Z,219002177,54.935762,11.371808,2.3,Under way using engine
2026-10-02T03:16:00Z,219000811,54.916083,11.359967,0.0,Under way using engine
2026-10-02T03:16:05Z,219002177,54.935328,11.371453,3.8,Under way using engine
2026-10-02T03:16:30Z,219000811,54.916083,11.359967,0.0,Under way using engine
2026-10-02T03:16:32Z,219000809,54.971923,11.514590,0.0,Moored
2026-10-02T03:16:35Z,219002177,54.934725,11.371142,4.9,Under way using engine
2026-10-02T03:17:00Z,219000811,54.916083,11.359970,0.0,Under way using engine
2026-10-02T03:17:05Z,219002177,54.933978,11.371198,5.6,Under way using engine
2026-10-02T03:17:30Z,219000811,54.916080,11.359972,0.0,Under way using engine
2026-10-02T03:17:35Z,219002177,54.933163,11.371277,6.0,Under way using engine
2026-10-02T03:17:36Z,219000809,54.971922,11.514585,0.0,Moored
2026-10-02T03:18:00Z,219000811,54.916077,11.359975,0.0,Under way using engine
2026-10-02T03:18:05Z,219002177,54.932302,11.371265,6.3,Under way using engine
2026-10-02T03:18:30Z,219000811,54.916073,11.359977,0.0,Under way using engine
2026-10-02T03:18:44Z,219002177,54.931097,11.371323,6.5,Under way using engine
2026-10-02T03:19:00Z,219000811,54.916073,11.359977,0.0,Under way using engine
2026-10-02T03:19:24Z,219002177,54.929913,11.371387,6.6,Under way using engine
2026-10-02T03:19:30Z,219000811,54.916070,11.359977,0.0,Under way using engine
2026-10-02T03:19:54Z,219002177,54.928992,11.371433,6.7,Under way using engine
2026-10-02T03:20:00Z,219000811,54.916068,11.359978,0.0,Under way using engine
2026-10-02T03:20:24Z,219002177,54.928058,11.371498,6.7,Under way using engine
2026-10-02T03:20:30Z,219000811,54.916067,11.359978,0.0,Under way using engine
2026-10-02T03:20:34Z,219000809,54.971937,11.514597,0.0,Moored
2026-10-02T03:20:54Z,219002177,54.927127,11.371547,6.7,Under way using engine
2026-10-02T03:21:00Z,219000811,54.916062,11.359978,0.0,Under way using engine
2026-10-02T03:21:24Z,219002177,54.926200,11.371602,6.7,Under way using engine
2026-10-02T03:21:39Z,219000811,54.916058,11.359982,0.0,Under way using engine
2026-10-02T03:21:54Z,219002177,54.925267,11.371657,6.7,Under way using engine
2026-10-02T03:22:10Z,219000811,54.916058,11.359985,0.0,Under way using engine
2026-10-02T03:22:24Z,219002177,54.924345,11.371717,6.7,Under way using engine
2026-10-02T03:22:33Z,219000809,54.971937,11.514597,0.0,Moored
2026-10-02T03:22:50Z,219000811,54.916058,11.359983,0.0,Under way using engine
2026-10-02T03:22:54Z,219002177,54.923418,11.371772,6.7,Under way using engine
2026-10-02T03:23:24Z,219002177,54.922495,11.371815,6.6,Under way using engine
2026-10-02T03:23:29Z,219000811,54.916062,11.359985,0.0,Under way using engine
2026-10-02T03:23:36Z,219000809,54.971910,11.514607,0.0,Moored
2026-10-02T03:23:54Z,219002177,54.921580,11.371842,6.6,Under way using engine
2026-10-02T03:24:00Z,219000811,54.916065,11.359987,0.0,Under way using engine
2026-10-02T03:24:24Z,219002177,54.920682,11.371868,6.5,Under way using engine
2026-10-02T03:24:39Z,219000811,54.916070,11.359987,0.0,Under way using engine
2026-10-02T03:24:54Z,219002177,54.919783,11.371883,6.5,Under way using engine
2026-10-02T03:25:10Z,219000811,54.916070,11.359987,0.0,Under way using engine
2026-10-02T03:25:24Z,219002177,54.918887,11.371837,6.4,Under way using engine
2026-10-02T03:25:49Z,219000811,54.916072,11.359988,0.0,Under way using engine
2026-10-02T03:25:54Z,219002177,54.918043,11.371555,6.2,Under way using engine
2026-10-02T03:26:19Z,219000811,54.916072,11.359990,0.0,Under way using engine
2026-10-02T03:26:24Z,219002177,54.917297,11.370967,5.7,Under way using engine
2026-10-02T03:26:36Z,219000809,54.971922,11.514603,0.0,Moored
2026-10-02T03:26:49Z,219000811,54.916067,11.359993,0.0,Under way using engine
2026-10-02T03:26:54Z,219002177,54.916908,11.369943,5.0,Under way using engine
2026-10-02T03:27:19Z,219000811,54.916067,11.359993,0.0,Under way using engine
2026-10-02T03:27:24Z,219002177,54.916773,11.368748,5.1,Under way using engine
2026-10-02T03:27:49Z,219000811,54.916068,11.359990,0.0,Under way using engine
2026-10-02T03:27:54Z,219002177,54.916680,11.367507,5.3,Under way using engine
2026-10-02T03:28:19Z,219000811,54.916070,11.359988,0.0,Under way using engine
2026-10-02T03:28:24Z,219002177,54.916533,11.366252,5.3,Under way using engine
2026-10-02T03:28:33Z,219000809,54.971922,11.514603,0.0,Moored
2026-10-02T03:28:49Z,219000811,54.916070,11.359987,0.0,Under way using engine
2026-10-02T03:28:54Z,219002177,54.916418,11.364963,5.4,Under way using engine
2026-10-02T03:29:19Z,219000811,54.916070,11.359985,0.0,Under way using engine
2026-10-02T03:29:24Z,219002177,54.916340,11.363660,5.4,Under way using engine
2026-10-02T03:29:34Z,219000809,54.971937,11.514568,0.0,Moored
2026-10-02T03:29:49Z,219000811,54.916068,11.359983,0.0,Under way using engine
2026-10-02T03:29:54Z,219002177,54.916322,11.362412,4.9,Under way using engine
2026-10-02T03:30:19Z,219000811,54.916063,11.359983,0.0,Under way using engine
2026-10-02T03:30:24Z,219002177,54.916373,11.361458,3.3,Under way using engine
2026-10-02T03:30:49Z,219000811,54.916062,11.359980,0.0,Under way using engine
2026-10-02T03:30:54Z,219002177,54.916385,11.360923,1.8,Under way using engine
2026-10-02T03:31:20Z,219000811,54.916060,11.359978,0.0,Under way using engine
2026-10-02T03:31:24Z,219002177,54.916382,11.360637,1.0,Under way using engine
2026-10-02T03:31:54Z,219002177,54.916388,11.360545,0.1,Under way using engine
2026-10-02T03:32:00Z,219000811,54.916060,11.359980,0.0,Under way using engine
2026-10-02T03:32:24Z,219002177,54.916380,11.360540,0.0,Under way using engine
2026-10-02T03:32:35Z,219000809,54.971917,11.514578,0.0,Moored
2026-10-02T03:32:40Z,219000811,54.916060,11.359978,0.0,Under way using engine
2026-10-02T03:32:54Z,219002177,54.916363,11.360535,0.0,Under way using engine
2026-10-02T03:33:10Z,219000811,54.916063,11.359978,0.0,Under way using engine
2026-10-02T03:33:24Z,219002177,54.916377,11.360533,0.0,Under way using engine
2026-10-02T03:33:40Z,219000811,54.916068,11.359980,0.0,Under way using engine
2026-10-02T03:33:54Z,219002177,54.916382,11.360535,0.0,Under way using engine
2026-10-02T03:34:10Z,219000811,54.916072,11.359982,0.0,Under way using engine
2026-10-02T03:34:33Z,219000809,54.971917,11.514578,0.0,Moored
2026-10-02T03:34:35Z,219002177,54.916353,11.360560,0.0,Under way using engine
2026-10-02T03:34:40Z,219000811,54.916073,11.359982,0.0,Under way using engine
2026-10-02T03:35:10Z,219000811,54.916075,11.359982,0.0,Under way using engine
2026-10-02T03:35:15Z,219002177,54.916368,11.360555,0.0,Under way using engine
2026-10-02T03:35:35Z,219000809,54.971917,11.514585,0.0,Moored
2026-10-02T03:35:40Z,219000811,54.916070,11.359983,0.0,Under way using engine
2026-10-02T03:35:55Z,219002177,54.916400,11.360560,0.0,Under way using engine
2026-10-02T03:36:10Z,219000811,54.916065,11.359985,0.0,Under way using engine
2026-10-02T03:36:35Z,219002177,54.916375,11.360582,0.0,Under way using engine
2026-10-02T03:36:40Z,219000811,54.916060,11.359985,0.0,Under way using engine
2026-10-02T03:37:10Z,219000811,54.916058,11.359983,0.0,Under way using engine
2026-10-02T03:37:15Z,219002177,54.916363,11.360578,0.0,Under way using engine
2026-10-02T03:37:50Z,219000811,54.916058,11.359983,0.0,Under way using engine
2026-10-02T03:37:55Z,219002177,54.916370,11.360567,0.0,Under way using engine
2026-10-02T03:38:30Z,219000811,54.916065,11.359980,0.0,Under way using engine
2026-10-02T03:38:35Z,219002177,54.916390,11.360535,0.0,Under way using engine
2026-10-02T03:39:00Z,219000811,54.916068,11.359978,0.0,Under way using engine
2026-10-02T03:39:13Z,219002177,54.916363,11.360535,0.0,Under way using engine
2026-10-02T03:39:30Z,219000811,54.916070,11.359978,0.0,Under way using engine
2026-10-02T03:39:55Z,219002177,54.916365,11.360542,0.0,Under way using engine
2026-10-02T03:40:00Z,219000811,54.916072,11.359978,0.0,Under way using engine
2026-10-02T03:40:30Z,219000811,54.916070,11.359980,0.0,Under way using engine
2026-10-02T03:40:32Z,219000809,54.971917,11.514585,0.0,Moored
2026-10-02T03:40:35Z,219002177,54.916385,11.360567,0.0,Under way using engine
2026-10-02T03:41:00Z,219000811,54.916068,11.359980,0.0,Under way using engine
2026-10-02T03:41:13Z,219002177,54.916398,11.360562,0.0,Under way using engine
2026-10-02T03:41:30Z,219000811,54.916070,11.359980,0.0,Under way using engine
2026-10-02T03:41:33Z,219000809,54.971928,11.514587,0.0,Moored
2026-10-02T03:41:55Z,219002177,54.916373,11.360565,0.0,Under way using engine
2026-10-02T03:42:00Z,219000811,54.916072,11.359982,0.0,Under way using engine
2026-10-02T03:42:30Z,219000811,54.916075,11.359982,0.0,Under way using engine
2026-10-02T03:42:35Z,219002177,54.916368,11.360538,0.0,Under way using engine
2026-10-02T03:43:00Z,219000811,54.916080,11.359978,0.0,Under way using engine
2026-10-02T03:43:13Z,219002177,54.916367,11.360552,0.0,Under way using engine
2026-10-02T03:43:30Z,219000811,54.916083,11.359977,0.0,Under way using engine
2026-10-02T03:43:44Z,219002177,54.916360,11.360577,0.0,Under way using engine
2026-10-02T03:44:00Z,219000811,54.916087,11.359973,0.0,Under way using engine
2026-10-02T03:44:24Z,219002177,54.916378,11.360568,0.1,Under way using engine
2026-10-02T03:44:30Z,219000811,54.916085,11.359975,0.0,Under way using engine
2026-10-02T03:44:35Z,219000809,54.971925,11.514582,0.1,Moored
2026-10-02T03:44:55Z,219002177,54.916362,11.360578,0.0,Under way using engine
2026-10-02T03:45:00Z,219000811,54.916080,11.359977,0.0,Under way using engine
2026-10-02T03:45:30Z,219000811,54.916075,11.359978,0.0,Under way using engine
2026-10-02T03:45:34Z,219002177,54.916365,11.360573,0.0,Under way using engine
2026-10-02T03:46:00Z,219000811,54.916070,11.359982,0.0,Under way using engine
2026-10-02T03:46:15Z,219002177,54.916373,11.360570,0.1,Under way using engine
2026-10-02T03:46:30Z,219000811,54.916068,11.359980,0.0,Under way using engine
2026-10-02T03:46:33Z,219000809,54.971925,11.514582,0.1,Moored
2026-10-02T03:46:45Z,219002177,54.916370,11.360580,0.0,Under way using engine
2026-10-02T03:47:00Z,219000811,54.916068,11.359977,0.0,Under way using engine
2026-10-02T03:47:15Z,219002177,54.916343,11.360605,0.1,Under way using engine
2026-10-02T03:47:30Z,219000811,54.916067,11.359977,0.0,Under way using engine
2026-10-02T03:47:36Z,219000809,54.971905,11.514587,0.0,Moored
2026-10-02T03:47:45Z,219002177,54.916358,11.360563,0.0,Under way using engine
2026-10-02T03:48:00Z,219000811,54.916068,11.359978,0.0,Under way using engine
2026-10-02T03:48:15Z,219002177,54.916358,11.360525,0.0,Under way using engine
2026-10-02T03:48:30Z,219000811,54.916068,11.359980,0.0,Under way using engine
2026-10-02T03:48:45Z,219002177,54.916365,11.360502,0.0,Under way using engine
2026-10-02T03:49:10Z,219000811,54.916065,11.359982,0.0,Under way using engine
2026-10-02T03:49:15Z,219002177,54.916358,11.360517,0.0,Under way using engine
2026-10-02T03:49:45Z,219002177,54.916355,11.360517,0.0,Under way using engine
2026-10-02T03:49:48Z,219000811,54.916062,11.359983,0.0,Under way using engine
2026-10-02T03:50:15Z,219002177,54.916347,11.360540,0.4,Under way using engine
2026-10-02T03:50:19Z,219000811,54.916062,11.359985,0.0,Under way using engine
2026-10-02T03:50:36Z,219000809,54.971917,11.514567,0.0,Moored
2026-10-02T03:50:45Z,219002177,54.916338,11.360942,2.3,Under way using engine
2026-10-02T03:50:58Z,219000811,54.916065,11.359983,0.0,Under way using engine
2026-10-02T03:51:15Z,219002177,54.916302,11.361772,3.9,Under way using engine
2026-10-02T03:51:30Z,219000811,54.916067,11.359980,0.0,Under way using engine
2026-10-02T03:51:45Z,219002177,54.916325,11.362852,4.6,Under way using engine
2026-10-02T03:52:09Z,219000811,54.916067,11.359975,0.0,Under way using engine
2026-10-02T03:52:25Z,219002177,54.916410,11.364467,5.4,Under way using engine
2026-10-02T03:52:33Z,219000809,54.971917,11.514567,0.0,Moored
2026-10-02T03:52:39Z,219000811,54.916068,11.359970,0.0,Under way using engine
2026-10-02T03:53:03Z,219000809,54.971918,11.514562,0.0,Under way using engine
2026-10-02T03:53:05Z,219002177,54.916530,11.366260,5.8,Under way using engine
2026-10-02T03:53:09Z,219000811,54.916068,11.359968,0.0,Under way using engine
2026-10-02T03:53:33Z,219000809,54.971920,11.514568,0.0,Under way using engine
2026-10-02T03:53:35Z,219002177,54.916608,11.367677,6.0,Under way using engine
2026-10-02T03:53:39Z,219000811,54.916068,11.359970,0.0,Under way using engine
2026-10-02T03:54:03Z,219000809,54.971910,11.514552,0.0,Under way using engine
2026-10-02T03:54:05Z,219002177,54.916752,11.369095,6.1,Under way using engine
2026-10-02T03:54:09Z,219000811,54.916067,11.359970,0.0,Under way using engine
2026-10-02T03:54:33Z,219000809,54.971913,11.514545,0.0,Under way using engine
2026-10-02T03:54:35Z,219002177,54.916978,11.370458,5.8,Under way using engine
2026-10-02T03:54:39Z,219000811,54.916065,11.359972,0.0,Under way using engine
2026-10-02T03:55:03Z,219000809,54.971920,11.514545,0.0,Under way using engine
2026-10-02T03:55:05Z,219002177,54.917490,11.371272,4.7,Under way using engine
2026-10-02T03:55:09Z,219000811,54.916068,11.359973,0.0,Under way using engine
2026-10-02T03:55:33Z,219000809,54.971913,11.514562,0.0,Under way using engine
2026-10-02T03:55:39Z,219000811,54.916068,11.359973,0.0,Under way using engine
2026-10-02T03:55:54Z,219002177,54.918622,11.371498,5.2,Under way using engine
2026-10-02T03:56:03Z,219000809,54.971915,11.514563,0.0,Under way using engine
2026-10-02T03:56:09Z,219000811,54.916067,11.359973,0.0,Under way using engine
2026-10-02T03:56:24Z,219002177,54.919357,11.371575,5.5,Under way using engine
2026-10-02T03:56:33Z,219000809,54.971913,11.514560,0.0,Under way using engine
2026-10-02T03:56:39Z,219000811,54.916070,11.359972,0.0,Under way using engine
2026-10-02T03:56:54Z,219002177,54.920153,11.371643,5.6,Under way using engine
2026-10-02T03:57:03Z,219000809,54.971913,11.514558,0.0,Under way using engine
2026-10-02T03:57:09Z,219000811,54.916072,11.359973,0.0,Under way using engine
2026-10-02T03:57:24Z,219002177,54.920893,11.371730,5.6,Under way using engine
2026-10-02T03:57:33Z,219000809,54.971917,11.514553,0.0,Under way using engine
2026-10-02T03:57:39Z,219000811,54.916072,11.359978,0.0,Under way using engine
2026-10-02T03:57:54Z,219002177,54.921705,11.371807,5.7,Under way using engine
2026-10-02T03:58:03Z,219000809,54.971908,11.514557,0.0,Under way using engine
2026-10-02T03:58:09Z,219000811,54.916072,11.359982,0.0,Under way using engine
2026-10-02T03:58:24Z,219002177,54.922477,11.371913,5.8,Under way using engine
2026-10-02T03:58:33Z,219000809,54.971902,11.514555,0.0,Under way using engine
2026-10-02T03:58:39Z,219000811,54.916075,11.359980,0.0,Under way using engine
2026-10-02T03:58:54Z,219002177,54.923298,11.371957,5.7,Under way using engine
2026-10-02T03:59:03Z,219000809,54.971902,11.514360,1.1,Under way using engine
2026-10-02T03:59:09Z,219000811,54.916073,11.359985,0.0,Under way using engine
2026-10-02T03:59:24Z,219002177,54.924065,11.371968,5.7,Under way using engine
2026-10-02T03:59:33Z,219000809,54.971878,11.513833,2.8,Under way using engine
2026-10-02T03:59:50Z,219000811,54.916070,11.359993,0.0,Under way using engine
2026-10-02T03:59:54Z,219002177,54.924883,11.371995,5.7,Under way using engine
2026-10-02T04:00:03Z,219000809,54.971840,11.513147,2.3,Under way using engine
2026-10-02T04:00:24Z,219002177,54.925662,11.372017,5.8,Under way using engine
2026-10-02T04:00:30Z,219000811,54.916068,11.360003,0.0,Under way using engine
2026-10-02T04:00:33Z,219000809,54.971792,11.512903,0.8,Under way using engine
2026-10-02T04:00:54Z,219002177,54.926487,11.371993,5.8,Under way using engine
2026-10-02T04:01:03Z,219000809,54.971792,11.512628,1.9,Under way using engine
2026-10-02T04:01:09Z,219000811,54.916048,11.360125,0.5,Under way using engine
2026-10-02T04:01:24Z,219002177,54.927257,11.371957,5.8,Under way using engine
2026-10-02T04:01:33Z,219000809,54.971953,11.511587,5.4,Under way using engine
2026-10-02T04:01:39Z,219000811,54.916043,11.360653,2.3,Under way using engine
2026-10-02T04:01:55Z,219002177,54.928080,11.371915,5.8,Under way using engine
2026-10-02T04:02:03Z,219000809,54.972103,11.509990,7.1,Under way using engine
2026-10-02T04:02:09Z,219000811,54.916160,11.361432,3.3,Under way using engine
2026-10-02T04:02:33Z,219000809,54.972217,11.508150,8.1,Under way using engine
2026-10-02T04:02:34Z,219002177,54.929123,11.371867,5.8,Under way using engine
2026-10-02T04:02:39Z,219000811,54.916280,11.362450,4.3,Under way using engine
2026-10-02T04:03:03Z,219000809,54.972253,11.506110,8.3,Under way using engine
2026-10-02T04:03:05Z,219002177,54.929970,11.371882,6.0,Under way using engine
2026-10-02T04:03:09Z,219000811,54.916333,11.363925,6.1,Under way using engine
2026-10-02T04:03:34Z,219000809,54.972132,11.504288,6.3,Under way using engine
2026-10-02T04:03:39Z,219000811,54.916360,11.365662,7.3,Under way using engine
2026-10-02T04:03:44Z,219002177,54.931060,11.371780,6.1,Under way using engine
2026-10-02T04:04:04Z,219000809,54.971967,11.502957,6.1,Under way using engine
2026-10-02T04:04:09Z,219000811,54.916378,11.367497,7.5,Under way using engine
2026-10-02T04:04:14Z,219002177,54.931908,11.371697,6.2,Under way using engine
2026-10-02T04:04:34Z,219000809,54.971552,11.501210,8.3,Under way using engine
2026-10-02T04:04:39Z,219000811,54.916075,11.369212,7.5,Under way using engine
2026-10-02T04:04:44Z,219002177,54.932768,11.371603,6.1,Under way using engine
2026-10-02T04:05:04Z,219000809,54.970827,11.499520,8.9,Under way using engine
2026-10-02T04:05:09Z,219000811,54.915532,11.370820,7.8,Under way using engine
2026-10-02T04:05:14Z,219002177,54.933610,11.371562,6.1,Under way using engine
2026-10-02T04:05:34Z,219000809,54.969937,11.497963,9.1,Under way using engine
2026-10-02T04:05:39Z,219000811,54.914882,11.372460,8.1,Under way using engine
2026-10-02T04:05:44Z,219002177,54.934453,11.371580,6.1,Under way using engine
2026-10-02T04:06:04Z,219000809,54.968950,11.496547,9.2,Under way using engine
2026-10-02T04:06:09Z,219000811,54.914258,11.374018,8.2,Under way using engine
2026-10-02T04:06:14Z,219002177,54.935188,11.371645,4.7,Under way using engine
2026-10-02T04:06:34Z,219000809,54.967882,11.495287,9.3,Under way using engine
2026-10-02T04:06:39Z,219000811,54.913583,11.375702,8.3,Under way using engine
2026-10-02T04:06:44Z,219002177,54.935667,11.371718,2.9,Under way using engine
2026-10-02T04:07:04Z,219000809,54.966785,11.494082,9.4,Under way using engine
2026-10-02T04:07:09Z,219000811,54.912912,11.377343,8.4,Under way using engine
2026-10-02T04:07:14Z,219002177,54.935885,11.371890,1.4,Under way using engine
2026-10-02T04:07:34Z,219000809,54.965698,11.492823,9.3,Under way using engine
2026-10-02T04:07:39Z,219000811,54.912193,11.379057,8.6,Under way using engine
2026-10-02T04:07:44Z,219002177,54.935948,11.371960,0.2,Under way using engine
2026-10-02T04:08:09Z,219000811,54.911512,11.380665,8.6,Under way using engine
2026-10-02T04:08:13Z,219000809,54.964152,11.491547,9.4,Under way using engine
2026-10-02T04:08:14Z,219002177,54.935950,11.371973,0.0,Under way using engine
2026-10-02T04:08:39Z,219000811,54.910800,11.382325,8.7,Under way using engine
2026-10-02T04:08:43Z,219000809,54.962920,11.491028,9.5,Under way using engine
2026-10-02T04:08:44Z,219002177,54.935958,11.371985,0.0,Under way using engine
2026-10-02T04:09:09Z,219000811,54.910058,11.384042,8.7,Under way using engine
2026-10-02T04:09:13Z,219000809,54.961575,11.490527,9.8,Under way using engine
2026-10-02T04:09:14Z,219002177,54.935962,11.371990,0.0,Under way using engine
2026-10-02T04:09:39Z,219000811,54.909332,11.385752,8.7,Under way using engine
2026-10-02T04:09:44Z,219000809,54.960268,11.489913,9.7,Under way using engine
2026-10-02T04:09:44Z,219002177,54.935962,11.371988,0.0,Under way using engine
2026-10-02T04:10:10Z,219000811,54.908640,11.387542,8.7,Under way using engine
2026-10-02T04:10:14Z,219002177,54.935967,11.371988,0.0,Under way using engine
2026-10-02T04:10:23Z,219000809,54.958588,11.489148,9.7,Under way using engine
2026-10-02T04:10:44Z,219002177,54.935958,11.371980,0.0,Under way using engine
2026-10-02T04:10:49Z,219000811,54.907762,11.389858,8.8,Under way using engine
2026-10-02T04:10:54Z,219000809,54.957257,11.488467,9.7,Under way using engine
2026-10-02T04:11:14Z,219002177,54.935963,11.371987,0.0,Under way using engine
2026-10-02T04:11:29Z,219000811,54.906982,11.392238,8.7,Under way using engine
2026-10-02T04:11:33Z,219000809,54.955598,11.487595,9.7,Under way using engine
2026-10-02T04:11:44Z,219002177,54.935953,11.371988,0.0,Under way using engine
2026-10-02T04:11:59Z,219000811,54.906448,11.394190,8.7,Under way using engine
2026-10-02T04:12:03Z,219000809,54.954302,11.486920,9.8,Under way using engine
2026-10-02T04:12:14Z,219002177,54.935970,11.371963,0.0,Under way using engine
2026-10-02T04:12:29Z,219000811,54.905930,11.396083,8.8,Under way using engine
2026-10-02T04:12:33Z,219000809,54.953003,11.486223,9.8,Under way using engine
2026-10-02T04:12:44Z,219002177,54.935962,11.371965,0.0,Under way using engine
2026-10-02T04:12:59Z,219000811,54.905405,11.397968,8.8,Under way using engine
2026-10-02T04:13:03Z,219000809,54.951708,11.485538,9.8,Under way using engine
2026-10-02T04:13:15Z,219002177,54.935957,11.371962,0.0,Under way using engine
2026-10-02T04:13:29Z,219000811,54.904903,11.399872,8.8,Under way using engine
2026-10-02T04:13:33Z,219000809,54.950418,11.484937,9.8,Under way using engine
2026-10-02T04:13:54Z,219002177,54.935962,11.371967,0.0,Under way using engine
2026-10-02T04:13:59Z,219000811,54.904417,11.401772,8.7,Under way using engine
2026-10-02T04:14:03Z,219000809,54.949107,11.484318,9.8,Under way using engine
2026-10-02T04:14:25Z,219002177,54.935965,11.371965,0.0,Under way using engine
2026-10-02T04:14:29Z,219000811,54.903913,11.403713,8.6,Under way using engine
2026-10-02T04:14:33Z,219000809,54.947787,11.483703,9.7,Under way using engine
2026-10-02T04:14:55Z,219002177,54.935943,11.371982,0.0,Under way using engine
2026-10-02T04:14:59Z,219000811,54.903425,11.405585,8.5,Under way using engine
2026-10-02T04:15:03Z,219000809,54.946492,11.483082,9.7,Under way using engine
2026-10-02T04:15:25Z,219002177,54.935950,11.371963,0.0,Under way using engine
2026-10-02T04:15:29Z,219000811,54.902940,11.407470,8.4,Under way using engine
2026-10-02T04:15:33Z,219000809,54.945190,11.482467,9.8,Under way using engine
2026-10-02T04:15:55Z,219002177,54.935955,11.371968,0.0,Under way using engine
2026-10-02T04:16:00Z,219000811,54.902473,11.409292,8.4,Under way using engine
2026-10-02T04:16:03Z,219000809,54.943917,11.481793,9.7,Under way using engine
2026-10-02T04:16:25Z,219002177,54.935950,11.371977,0.0,Under way using engine
2026-10-02T04:16:33Z,219000809,54.942813,11.480768,9.0,Under way using engine
2026-10-02T04:16:39Z,219000811,54.901873,11.411692,8.3,Under way using engine
2026-10-02T04:16:55Z,219002177,54.935960,11.371990,0.0,Under way using engine
2026-10-02T04:17:03Z,219000809,54.941898,11.479245,9.1,Under way using engine
2026-10-02T04:17:10Z,219000811,54.901400,11.413618,8.2,Under way using engine
2026-10-02T04:17:25Z,219002177,54.935960,11.371958,0.0,Under way using engine
2026-10-02T04:17:33Z,219000809,54.940967,11.477735,9.1,Under way using engine
2026-10-02T04:17:49Z,219000811,54.900820,11.415992,8.2,Under way using engine
2026-10-02T04:17:55Z,219002177,54.935958,11.371970,0.0,Under way using engine
2026-10-02T04:18:03Z,219000809,54.940093,11.476153,9.1,Under way using engine
2026-10-02T04:18:19Z,219000811,54.900370,11.417862,8.2,Under way using engine
2026-10-02T04:18:33Z,219000809,54.939440,11.474385,8.8,Under way using engine
2026-10-02T04:18:33Z,219002177,54.935950,11.371958,0.0,Under way using engine
2026-10-02T04:18:49Z,219000811,54.899927,11.419657,8.2,Under way using engine
2026-10-02T04:19:03Z,219002177,54.935955,11.371952,0.0,Under way using engine
2026-10-02T04:19:04Z,219000809,54.938820,11.472350,8.9,Under way using engine
2026-10-02T04:19:19Z,219000811,54.899423,11.421417,8.2,Under way using engine
2026-10-02T04:19:33Z,219002177,54.935968,11.371978,0.0,Under way using engine
2026-10-02T04:19:44Z,219000809,54.938102,11.469917,8.9,Under way using engine
2026-10-02T04:19:49Z,219000811,54.898908,11.423195,8.3,Under way using engine
2026-10-02T04:20:03Z,219002177,54.935988,11.371980,0.0,Under way using engine
2026-10-02T04:20:19Z,219000811,54.898400,11.424962,8.3,Under way using engine
2026-10-02T04:20:23Z,219000809,54.937377,11.467417,9.0,Under way using engine
2026-10-02T04:20:33Z,219002177,54.935973,11.371978,0.0,Under way using engine
2026-10-02T04:20:49Z,219000811,54.897877,11.426812,8.3,Under way using engine
2026-10-02T04:20:53Z,219000809,54.936823,11.465505,9.0,Under way using engine
2026-10-02T04:21:03Z,219002177,54.935970,11.371972,0.0,Under way using engine
2026-10-02T04:21:19Z,219000811,54.897362,11.428593,8.3,Under way using engine
2026-10-02T04:21:23Z,219000809,54.936258,11.463575,9.0,Under way using engine
2026-10-02T04:21:33Z,219002177,54.935970,11.371957,0.0,Under way using engine
2026-10-02T04:21:50Z,219000811,54.896825,11.430433,8.3,Under way using engine
2026-10-02T04:21:53Z,219000809,54.935680,11.461632,9.0,Under way using engine
2026-10-02T04:22:03Z,219002177,54.935990,11.371990,0.0,Under way using engine
2026-10-02T04:22:23Z,219000809,54.935100,11.459710,9.0,Under way using engine
2026-10-02T04:22:29Z,219000811,54.896100,11.432653,8.3,Under way using engine
2026-10-02T04:22:33Z,219002177,54.935978,11.371988,0.0,Under way using engine
2026-10-02T04:23:00Z,219000811,54.895492,11.434505,8.3,Under way using engine
2026-10-02T04:23:03Z,219002177,54.935995,11.372015,0.0,Under way using engine
2026-10-02T04:23:04Z,219000809,54.934308,11.457015,9.0,Under way using engine
2026-10-02T04:23:30Z,219000811,54.894922,11.436252,8.4,Under way using engine
2026-10-02T04:23:34Z,219002177,54.935970,11.372002,0.0,Under way using engine
2026-10-02T04:23:44Z,219000809,54.933568,11.454517,9.0,Under way using engine
2026-10-02T04:24:04Z,219002177,54.935972,11.372008,0.0,Under way using engine
2026-10-02T04:24:08Z,219000811,54.894198,11.438488,8.4,Under way using engine
2026-10-02T04:24:14Z,219000809,54.932873,11.452615,9.0,Under way using engine
2026-10-02T04:24:34Z,219002177,54.935993,11.372003,0.0,Under way using engine
2026-10-02T04:24:39Z,219000811,54.893583,11.440252,8.4,Under way using engine
2026-10-02T04:24:53Z,219000809,54.931902,11.450458,9.0,Under way using engine
2026-10-02T04:25:04Z,219002177,54.935978,11.371993,0.0,Under way using engine
2026-10-02T04:25:18Z,219000811,54.892792,11.442505,8.4,Under way using engine
2026-10-02T04:25:23Z,219000809,54.931118,11.448753,9.0,Under way using engine
2026-10-02T04:25:34Z,219002177,54.935978,11.371987,0.0,Under way using engine
2026-10-02T04:25:53Z,219000809,54.930357,11.447010,9.0,Under way using engine
2026-10-02T04:25:59Z,219000811,54.891928,11.444855,8.4,Under way using engine
2026-10-02T04:26:04Z,219002177,54.935990,11.371987,0.0,Under way using engine
2026-10-02T04:26:23Z,219000809,54.929613,11.445332,8.9,Under way using engine
2026-10-02T04:26:30Z,219000811,54.891265,11.446592,8.5,Under way using engine
2026-10-02T04:26:34Z,219002177,54.935977,11.371990,0.0,Under way using engine
2026-10-02T04:26:53Z,219000809,54.928827,11.443593,9.2,Under way using engine
2026-10-02T04:27:04Z,219002177,54.935985,11.372000,0.0,Under way using engine
2026-10-02T04:27:10Z,219000811,54.890367,11.448923,8.5,Under way using engine
2026-10-02T04:27:23Z,219000809,54.928062,11.441853,9.1,Under way using engine
2026-10-02T04:27:34Z,219002177,54.935998,11.371993,0.0,Under way using engine
2026-10-02T04:27:50Z,219000811,54.889490,11.451122,8.5,Under way using engine
2026-10-02T04:27:53Z,219000809,54.927298,11.440120,9.0,Under way using engine
2026-10-02T04:28:04Z,219002177,54.935982,11.371990,0.0,Under way using engine
2026-10-02T04:28:23Z,219000809,54.926548,11.438363,9.1,Under way using engine
2026-10-02T04:28:30Z,219000811,54.888587,11.453355,8.5,Under way using engine
2026-10-02T04:28:34Z,219002177,54.935995,11.371997,0.0,Under way using engine
2026-10-02T04:28:53Z,219000809,54.925785,11.436648,9.0,Under way using engine
2026-10-02T04:29:00Z,219000811,54.887897,11.455000,8.5,Under way using engine
2026-10-02T04:29:05Z,219002177,54.935988,11.371998,0.0,Under way using engine
2026-10-02T04:29:23Z,219000809,54.925033,11.434892,9.0,Under way using engine
2026-10-02T04:29:30Z,219000811,54.887157,11.456562,8.4,Under way using engine
2026-10-02T04:29:45Z,219002177,54.935992,11.372002,0.0,Under way using engine
2026-10-02T04:29:53Z,219000809,54.924293,11.433138,9.1,Under way using engine
2026-10-02T04:30:00Z,219000811,54.886378,11.458073,8.5,Under way using engine
2026-10-02T04:30:24Z,219002177,54.935993,11.372002,0.0,Under way using engine
2026-10-02T04:30:30Z,219000811,54.885585,11.459607,8.5,Under way using engine
2026-10-02T04:30:34Z,219000809,54.923272,11.430780,8.8,Under way using engine
2026-10-02T04:31:00Z,219000811,54.884790,11.461093,8.5,Under way using engine
2026-10-02T04:31:05Z,219002177,54.935987,11.372007,0.0,Under way using engine
2026-10-02T04:31:14Z,219000809,54.922277,11.428407,9.1,Under way using engine
2026-10-02T04:31:30Z,219000811,54.884000,11.462573,8.4,Under way using engine
2026-10-02T04:31:45Z,219002177,54.935997,11.372013,0.0,Under way using engine
2026-10-02T04:31:53Z,219000809,54.921218,11.426203,9.1,Under way using engine
2026-10-02T04:32:00Z,219000811,54.883210,11.464052,8.4,Under way using engine
2026-10-02T04:32:23Z,219000809,54.920452,11.424560,9.1,Under way using engine
2026-10-02T04:32:24Z,219002177,54.935990,11.372010,0.0,Under way using engine
2026-10-02T04:32:30Z,219000811,54.882387,11.465562,8.4,Under way using engine
2026-10-02T04:32:53Z,219000809,54.919610,11.422855,9.0,Under way using engine
2026-10-02T04:32:54Z,219002177,54.935988,11.372003,0.0,Under way using engine
2026-10-02T04:33:06Z,219000811,54.881532,11.467470,8.4,Under way using engine
2026-10-02T04:33:23Z,219000809,54.918845,11.421197,9.1,Under way using engine
2026-10-02T04:33:24Z,219002177,54.936000,11.372005,0.0,Under way using engine
2026-10-02T04:33:39Z,219000811,54.880870,11.469285,8.4,Under way using engine
2026-10-02T04:33:53Z,219000809,54.918002,11.419458,9.0,Under way using engine
2026-10-02T04:33:54Z,219002177,54.935993,11.371998,0.0,Under way using engine
2026-10-02T04:34:10Z,219000811,54.880445,11.471233,8.2,Under way using engine
2026-10-02T04:34:23Z,219000809,54.917218,11.417840,9.1,Under way using engine
2026-10-02T04:34:24Z,219002177,54.936000,11.372005,0.0,Under way using engine
2026-10-02T04:34:43Z,219000811,54.880445,11.473365,8.0,Under way using engine
2026-10-02T04:34:53Z,219000809,54.916410,11.416063,9.0,Under way using engine
2026-10-02T04:34:54Z,219002177,54.936012,11.371985,0.0,Under way using engine
2026-10-02T04:35:19Z,219000811,54.880493,11.475700,8.1,Under way using engine
2026-10-02T04:35:23Z,219000809,54.915665,11.414425,9.1,Under way using engine
2026-10-02T04:35:24Z,219002177,54.935875,11.371887,1.8,Under way using engine
2026-10-02T04:35:50Z,219000811,54.880763,11.477648,8.0,Under way using engine
2026-10-02T04:35:53Z,219000809,54.914860,11.412743,9.1,Under way using engine
2026-10-02T04:35:54Z,219002177,54.935473,11.371562,3.6,Under way using engine
2026-10-02T04:36:23Z,219000809,54.914052,11.411050,9.1,Under way using engine
2026-10-02T04:36:24Z,219000811,54.881152,11.479353,7.9,Under way using engine
2026-10-02T04:36:24Z,219002177,54.934903,11.371140,4.8,Under way using engine
2026-10-02T04:36:53Z,219000809,54.913267,11.409357,9.1,Under way using engine
2026-10-02T04:36:56Z,219000811,54.881693,11.481472,7.8,Under way using engine
2026-10-02T04:37:05Z,219002177,54.933842,11.371172,5.9,Under way using engine
2026-10-02T04:37:23Z,219000809,54.912475,11.407618,9.2,Under way using engine
2026-10-02T04:37:26Z,219000811,54.882307,11.482555,6.1,Under way using engine
2026-10-02T04:37:44Z,219002177,54.932695,11.371150,6.6,Under way using engine
2026-10-02T04:37:53Z,219000809,54.911665,11.405908,9.2,Under way using engine
2026-10-02T04:37:56Z,219000811,54.882873,11.483128,4.8,Under way using engine
2026-10-02T04:38:15Z,219002177,54.931727,11.371218,6.9,Under way using engine
2026-10-02T04:38:23Z,219000809,54.910863,11.404167,9.2,Under way using engine
2026-10-02T04:38:26Z,219000811,54.883480,11.483325,4.4,Under way using engine
2026-10-02T04:38:53Z,219000809,54.910057,11.402407,9.4,Under way using engine
2026-10-02T04:38:53Z,219002177,54.930480,11.371268,7.1,Under way using engine
2026-10-02T04:38:58Z,219000811,54.884085,11.483325,4.0,Under way using engine
2026-10-02T04:39:23Z,219000809,54.909247,11.400657,9.3,Under way using engine
2026-10-02T04:39:24Z,219002177,54.929445,11.371342,7.2,Under way using engine
2026-10-02T04:39:30Z,219000811,54.884275,11.483295,1.0,Under way using engine
2026-10-02T04:39:53Z,219000809,54.908422,11.398895,9.5,Under way using engine
2026-10-02T04:40:05Z,219002177,54.928078,11.371422,7.2,Under way using engine
2026-10-02T04:40:10Z,219000811,54.884332,11.483282,0.2,Under way using engine
2026-10-02T04:40:23Z,219000809,54.907603,11.397140,8.9,Under way using engine
2026-10-02T04:40:35Z,219002177,54.927053,11.371478,7.3,Under way using engine
2026-10-02T04:40:50Z,219000811,54.884332,11.483283,0.0,Under way using engine
2026-10-02T04:40:53Z,219000809,54.907813,11.395402,7.8,Under way using engine
2026-10-02T04:41:05Z,219002177,54.926030,11.371560,7.3,Under way using engine
2026-10-02T04:41:23Z,219000809,54.908460,11.393705,8.6,Under way using engine
2026-10-02T04:41:30Z,219000811,54.884332,11.483282,0.0,Under way using engine
2026-10-02T04:41:35Z,219002177,54.925015,11.371610,7.4,Under way using engine
2026-10-02T04:41:53Z,219000809,54.909155,11.391982,8.8,Under way using engine
2026-10-02T04:42:00Z,219000811,54.884330,11.483282,0.0,Under way using engine
2026-10-02T04:42:05Z,219002177,54.923978,11.371677,7.5,Under way using engine
2026-10-02T04:42:23Z,219000809,54.909852,11.390227,8.8,Under way using engine
2026-10-02T04:42:30Z,219000811,54.884328,11.483280,0.0,Under way using engine
2026-10-02T04:42:35Z,219002177,54.922935,11.371727,7.5,Under way using engine
2026-10-02T04:42:53Z,219000809,54.910547,11.388455,8.8,Under way using engine
2026-10-02T04:43:05Z,219002177,54.921907,11.371723,7.4,Under way using engine
2026-10-02T04:43:10Z,219000811,54.884327,11.483280,0.0,Under way using engine
2026-10-02T04:43:23Z,219000809,54.911227,11.386715,8.8,Under way using engine
2026-10-02T04:43:35Z,219002177,54.920872,11.371715,7.4,Under way using engine
2026-10-02T04:43:40Z,219000811,54.884327,11.483280,0.0,Under way using engine
2026-10-02T04:43:53Z,219000809,54.911918,11.384948,8.8,Under way using engine
2026-10-02T04:44:05Z,219002177,54.919860,11.371692,7.3,Under way using engine
2026-10-02T04:44:10Z,219000811,54.884327,11.483278,0.0,Under way using engine
2026-10-02T04:44:23Z,219000809,54.912610,11.383175,8.9,Under way using engine
2026-10-02T04:44:35Z,219002177,54.918872,11.371575,7.1,Under way using engine
2026-10-02T04:44:40Z,219000811,54.884325,11.483278,0.0,Under way using engine
2026-10-02T04:44:53Z,219000809,54.913310,11.381412,8.9,Under way using engine
2026-10-02T04:45:10Z,219000811,54.884322,11.483277,0.0,Under way using engine
2026-10-02T04:45:15Z,219002177,54.917603,11.371120,6.8,Under way using engine
2026-10-02T04:45:24Z,219000809,54.914020,11.379588,8.9,Under way using engine
2026-10-02T04:45:40Z,219000811,54.884320,11.483275,0.0,Under way using engine
2026-10-02T04:45:53Z,219002177,54.916940,11.369810,5.7,Under way using engine
2026-10-02T04:46:03Z,219000809,54.914937,11.377313,8.8,Under way using engine
2026-10-02T04:46:10Z,219000811,54.884318,11.483275,0.0,Under way using engine
2026-10-02T04:46:24Z,219002177,54.916778,11.368303,6.3,Under way using engine
2026-10-02T04:46:33Z,219000809,54.915655,11.375562,8.9,Under way using engine
2026-10-02T04:46:40Z,219000811,54.884313,11.483273,0.0,Under way using engine
2026-10-02T04:47:03Z,219000809,54.916380,11.373825,8.9,Under way using engine
2026-10-02T04:47:04Z,219002177,54.916632,11.366208,6.5,Under way using engine
2026-10-02T04:47:10Z,219000811,54.884103,11.483310,1.5,Under way using engine
2026-10-02T04:47:33Z,219000809,54.916967,11.371975,8.7,Under way using engine
2026-10-02T04:47:34Z,219002177,54.916498,11.364637,6.7,Under way using engine
2026-10-02T04:47:40Z,219000811,54.883683,11.483395,3.2,Under way using engine
2026-10-02T04:48:03Z,219000809,54.916888,11.369868,8.9,Under way using engine
2026-10-02T04:48:04Z,219002177,54.916393,11.363063,6.4,Under way using engine
2026-10-02T04:48:10Z,219000811,54.883405,11.483798,2.7,Under way using engine
2026-10-02T04:48:33Z,219000809,54.916687,11.367697,9.1,Under way using engine
2026-10-02T04:48:34Z,219002177,54.916372,11.361790,4.8,Under way using engine
2026-10-02T04:48:40Z,219000811,54.883215,11.484050,1.7,Under way using engine
2026-10-02T04:49:04Z,219000809,54.916517,11.365565,8.1,Under way using engine
2026-10-02T04:49:04Z,219002177,54.916372,11.360970,2.5,Under way using engine
2026-10-02T04:49:10Z,219000811,54.882652,11.483960,4.1,Under way using engine
2026-10-02T04:49:34Z,219000809,54.916385,11.363785,7.2,Under way using engine
2026-10-02T04:49:34Z,219002177,54.916368,11.360587,1.1,Under way using engine
2026-10-02T04:49:40Z,219000811,54.881875,11.483183,6.6,Under way using engine
2026-10-02T04:50:04Z,219000809,54.916255,11.362118,6.9,Under way using engine
2026-10-02T04:50:05Z,219002177,54.916363,11.360557,0.1,Under way using engine
2026-10-02T04:50:10Z,219000811,54.881420,11.481703,7.5,Under way using engine
2026-10-02T04:50:34Z,219000809,54.916050,11.360810,4.5,Under way using engine
2026-10-02T04:50:40Z,219000811,54.881252,11.479740,8.0,Under way using engine
2026-10-02T04:50:43Z,219002177,54.916373,11.360548,0.0,Under way using engine
2026-10-02T04:51:04Z,219000809,54.915963,11.360583,0.3,Under way using engine
2026-10-02T04:51:10Z,219000811,54.881077,11.477710,8.3,Under way using engine
2026-10-02T04:51:14Z,219002177,54.916365,11.360543,0.0,Under way using engine
2026-10-02T04:51:34Z,219000809,54.916057,11.360523,0.7,Under way using engine
2026-10-02T04:51:40Z,219000811,54.880897,11.475690,8.6,Under way using engine
2026-10-02T04:51:44Z,219002177,54.916360,11.360552,0.0,Under way using engine
2026-10-02T04:52:04Z,219000809,54.916073,11.360293,1.1,Under way using engine
2026-10-02T04:52:10Z,219000811,54.880828,11.473598,8.4,Under way using engine
2026-10-02T04:52:15Z,219002177,54.916350,11.360540,0.0,Under way using engine
2026-10-02T04:52:34Z,219000809,54.916085,11.360160,0.7,Under way using engine
2026-10-02T04:52:40Z,219000811,54.881018,11.471672,8.4,Under way using engine
2026-10-02T04:53:04Z,219000809,54.916102,11.360055,0.2,Under way using engine
2026-10-02T04:53:05Z,219002177,54.916368,11.360557,0.0,Under way using engine
2026-10-02T04:53:10Z,219000811,54.881210,11.469663,8.5,Under way using engine
2026-10-02T04:53:34Z,219000809,54.916102,11.360033,0.0,Under way using engine
2026-10-02T04:53:40Z,219000811,54.881647,11.467820,8.1,Under way using engine
2026-10-02T04:53:43Z,219002177,54.916383,11.360562,0.0,Under way using engine
2026-10-02T04:54:10Z,219000811,54.882310,11.466218,8.2,Under way using engine
2026-10-02T04:54:14Z,219000809,54.916065,11.360020,0.1,Under way using engine
2026-10-02T04:54:15Z,219002177,54.916355,11.360548,0.0,Under way using engine
2026-10-02T04:54:40Z,219000811,54.883042,11.464662,8.4,Under way using engine
2026-10-02T04:54:44Z,219000809,54.916085,11.360028,0.0,Under way using engine
2026-10-02T04:54:54Z,219002177,54.916367,11.360555,0.1,Under way using engine
2026-10-02T04:55:10Z,219000811,54.883753,11.463138,8.5,Under way using engine
2026-10-02T04:55:24Z,219000809,54.916102,11.360032,0.0,Under way using engine
2026-10-02T04:55:24Z,219002177,54.916363,11.360560,0.0,Under way using engine
2026-10-02T04:55:40Z,219000811,54.884522,11.461515,8.5,Under way using engine
2026-10-02T04:55:54Z,219002177,54.916363,11.360548,0.0,Under way using engine
2026-10-02T04:56:03Z,219000809,54.916090,11.360035,0.0,Under way using engine
2026-10-02T04:56:10Z,219000811,54.885270,11.459915,8.4,Under way using engine
2026-10-02T04:56:24Z,219002177,54.916355,11.360542,0.0,Under way using engine
2026-10-02T04:56:33Z,219000809,54.916035,11.360017,0.0,Under way using engine
2026-10-02T04:56:40Z,219000811,54.886057,11.458352,8.4,Under way using engine
2026-10-02T04:56:54Z,219002177,54.916360,11.360557,0.0,Under way using engine
2026-10-02T04:57:03Z,219000809,54.916032,11.360025,0.1,Under way using engine
2026-10-02T04:57:18Z,219000811,54.887032,11.456443,8.4,Under way using engine
2026-10-02T04:57:24Z,219002177,54.916363,11.360562,0.0,Under way using engine
2026-10-02T04:57:33Z,219000809,54.916033,11.360030,0.1,Under way using engine
2026-10-02T04:57:48Z,219000811,54.887798,11.455005,8.3,Under way using engine
2026-10-02T04:57:54Z,219002177,54.916367,11.360547,0.0,Under way using engine
2026-10-02T04:58:03Z,219000809,54.916065,11.360038,0.0,Under way using engine
2026-10-02T04:58:18Z,219000811,54.888577,11.453527,8.3,Under way using engine
2026-10-02T04:58:24Z,219002177,54.916357,11.360535,0.0,Under way using engine
2026-10-02T04:58:33Z,219000809,54.916087,11.360032,0.0,Under way using engine
2026-10-02T04:58:48Z,219000811,54.889373,11.452008,8.3,Under way using engine
2026-10-02T04:58:54Z,219002177,54.916362,11.360543,0.0,Under way using engine
2026-10-02T04:59:03Z,219000809,54.916098,11.360040,0.0,Under way using engine
2026-10-02T04:59:18Z,219000811,54.890143,11.450483,8.3,Under way using engine
2026-10-02T04:59:24Z,219002177,54.916368,11.360562,0.0,Under way using engine
2026-10-02T04:59:33Z,219000809,54.916087,11.360047,0.0,Under way using engine
2026-10-02T04:59:48Z,219000811,54.890648,11.448787,8.1,Under way using engine
2026-10-02T04:59:54Z,219002177,54.916362,11.360543,0.0,Under way using engine
2026-10-02T05:00:03Z,219000809,54.916095,11.360060,0.0,Under way using engine
2026-10-02T05:00:18Z,219000811,54.891213,11.447043,8.1,Under way using engine
2026-10-02T05:00:24Z,219002177,54.916352,11.360550,0.0,Under way using engine
2026-10-02T05:00:33Z,219000809,54.916105,11.360068,0.0,Under way using engine
2026-10-02T05:00:48Z,219000811,54.891782,11.445372,8.2,Under way using engine
2026-10-02T05:00:54Z,219002177,54.916355,11.360547,0.0,Under way using engine
2026-10-02T05:01:03Z,219000809,54.916098,11.360052,0.0,Under way using engine
2026-10-02T05:01:18Z,219000811,54.892365,11.443675,8.2,Under way using engine
2026-10-02T05:01:24Z,219002177,54.916373,11.360577,0.0,Under way using engine
2026-10-02T05:01:33Z,219000809,54.916082,11.360047,0.0,Under way using engine
2026-10-02T05:01:50Z,219000811,54.892988,11.441863,8.3,Under way using engine
2026-10-02T05:01:54Z,219002177,54.916370,11.360567,0.0,Under way using engine
2026-10-02T05:02:04Z,219000809,54.916062,11.360037,0.0,Under way using engine
2026-10-02T05:02:24Z,219002177,54.916367,11.360555,0.0,Under way using engine
2026-10-02T05:02:30Z,219000811,54.893782,11.439572,8.3,Under way using engine
2026-10-02T05:02:43Z,219000809,54.916077,11.360047,0.0,Under way using engine
2026-10-02T05:02:54Z,219002177,54.916363,11.360565,0.0,Under way using engine
2026-10-02T05:03:10Z,219000811,54.894573,11.437252,8.4,Under way using engine
2026-10-02T05:03:14Z,219000809,54.916067,11.360042,0.0,Under way using engine
2026-10-02T05:03:24Z,219002177,54.916357,11.360537,0.0,Under way using engine
2026-10-02T05:03:40Z,219000811,54.895147,11.435590,8.4,Under way using engine
2026-10-02T05:03:54Z,219002177,54.916355,11.360555,0.0,Under way using engine
2026-10-02T05:04:04Z,219000809,54.916078,11.360055,0.0,Under way using engine
2026-10-02T05:04:10Z,219000811,54.895678,11.433793,8.4,Under way using engine
2026-10-02T05:04:24Z,219002177,54.916355,11.360552,0.0,Under way using engine
2026-10-02T05:04:34Z,219000809,54.916092,11.360067,0.0,Under way using engine
2026-10-02T05:04:40Z,219000811,54.896218,11.431935,8.4,Under way using engine
2026-10-02T05:04:54Z,219002177,54.916358,11.360552,0.0,Under way using engine
2026-10-02T05:05:04Z,219000809,54.916082,11.360068,0.0,Under way using engine
2026-10-02T05:05:19Z,219000811,54.896902,11.429585,8.4,Under way using engine
2026-10-02T05:05:24Z,219002177,54.916372,11.360573,0.0,Under way using engine
2026-10-02T05:05:34Z,219000809,54.916080,11.360040,0.0,Under way using engine
2026-10-02T05:05:50Z,219000811,54.897440,11.427730,8.4,Under way using engine
2026-10-02T05:05:55Z,219002177,54.916372,11.360650,0.9,Under way using engine
2026-10-02T05:06:04Z,219000809,54.916082,11.360045,0.0,Under way using engine
2026-10-02T05:06:22Z,219000811,54.897948,11.426003,8.4,Under way using engine
2026-10-02T05:06:34Z,219000809,54.916083,11.360048,0.0,Under way using engine
2026-10-02T05:06:34Z,219002177,54.916345,11.361460,3.4,Under way using engine
2026-10-02T05:07:00Z,219000811,54.898678,11.423455,8.4,Under way using engine
2026-10-02T05:07:04Z,219000809,54.916080,11.360065,0.0,Under way using engine
2026-10-02T05:07:14Z,219002177,54.916345,11.362888,5.0,Under way using engine
2026-10-02T05:07:34Z,219000809,54.916085,11.360070,0.0,Under way using engine
2026-10-02T05:07:40Z,219000811,54.899373,11.421103,8.5,Under way using engine
2026-10-02T05:07:55Z,219002177,54.916453,11.364662,5.6,Under way using engine
2026-10-02T05:08:04Z,219000809,54.916090,11.360072,0.0,Under way using engine
2026-10-02T05:08:18Z,219000811,54.900040,11.418770,8.5,Under way using engine
2026-10-02T05:08:34Z,219002177,54.916570,11.366412,5.8,Under way using engine
2026-10-02T05:08:43Z,219000809,54.916088,11.360060,0.0,Under way using engine
2026-10-02T05:08:49Z,219000811,54.900600,11.416828,8.5,Under way using engine
2026-10-02T05:09:04Z,219002177,54.916715,11.367788,5.8,Under way using engine
2026-10-02T05:09:13Z,219000809,54.916080,11.360052,0.0,Under way using engine
2026-10-02T05:09:29Z,219000811,54.901267,11.414335,8.6,Under way using engine
2026-10-02T05:09:34Z,219002177,54.916838,11.369185,5.9,Under way using engine
2026-10-02T05:09:43Z,219000809,54.916077,11.360052,0.0,Under way using engine
2026-10-02T05:10:00Z,219000811,54.901747,11.412445,8.6,Under way using engine
2026-10-02T05:10:04Z,219002177,54.917112,11.370512,5.7,Under way using engine
2026-10-02T05:10:24Z,219000809,54.916075,11.360143,1.0,Under way using engine
2026-10-02T05:10:34Z,219002177,54.917673,11.371342,5.3,Under way using engine
2026-10-02T05:10:40Z,219000811,54.902380,11.409892,8.6,Under way using engine
2026-10-02T05:10:54Z,219000809,54.916038,11.360742,3.1,Under way using engine
2026-10-02T05:11:04Z,219002177,54.918393,11.371602,5.4,Under way using engine
2026-10-02T05:11:18Z,219000811,54.902977,11.407437,8.5,Under way using engine
2026-10-02T05:11:33Z,219000809,54.916177,11.362442,6.6,Under way using engine
2026-10-02T05:11:34Z,219002177,54.919155,11.371657,5.6,Under way using engine
2026-10-02T05:11:49Z,219000811,54.903435,11.405520,8.4,Under way using engine
2026-10-02T05:12:04Z,219000809,54.916313,11.364247,7.8,Under way using engine
2026-10-02T05:12:04Z,219002177,54.919932,11.371735,5.7,Under way using engine
2026-10-02T05:12:23Z,219000811,54.903872,11.403662,8.4,Under way using engine
2026-10-02T05:12:34Z,219000809,54.916467,11.366245,8.5,Under way using engine
2026-10-02T05:12:34Z,219002177,54.920723,11.371775,5.8,Under way using engine
2026-10-02T05:12:59Z,219000811,54.904428,11.401193,8.2,Under way using engine
2026-10-02T05:13:04Z,219000809,54.916618,11.368320,8.8,Under way using engine
2026-10-02T05:13:04Z,219002177,54.921532,11.371828,5.9,Under way using engine
2026-10-02T05:13:29Z,219000811,54.904837,11.399380,8.1,Under way using engine
2026-10-02T05:13:34Z,219000809,54.916802,11.370432,9.0,Under way using engine
2026-10-02T05:13:34Z,219002177,54.922348,11.371872,5.9,Under way using engine
2026-10-02T05:13:59Z,219000811,54.905232,11.397568,8.0,Under way using engine
2026-10-02T05:14:04Z,219000809,54.916990,11.372570,8.9,Under way using engine
2026-10-02T05:14:04Z,219002177,54.923175,11.371905,6.0,Under way using engine
2026-10-02T05:14:29Z,219000811,54.905633,11.395772,8.1,Under way using engine
2026-10-02T05:14:34Z,219000809,54.916930,11.374678,8.8,Under way using engine
2026-10-02T05:14:34Z,219002177,54.924010,11.371925,6.0,Under way using engine
2026-10-02T05:14:59Z,219000811,54.906127,11.393993,7.9,Under way using engine
2026-10-02T05:15:04Z,219000809,54.916405,11.376645,9.2,Under way using engine
2026-10-02T05:15:14Z,219002177,54.925118,11.371947,6.0,Under way using engine
2026-10-02T05:15:29Z,219000811,54.906670,11.392323,8.0,Under way using engine
2026-10-02T05:15:34Z,219000809,54.915683,11.378495,9.4,Under way using engine
2026-10-02T05:15:44Z,219002177,54.925950,11.371922,6.0,Under way using engine
2026-10-02T05:16:00Z,219000811,54.907280,11.390653,8.0,Under way using engine
2026-10-02T05:16:14Z,219000809,54.914608,11.380873,9.4,Under way using engine
2026-10-02T05:16:14Z,219002177,54.926788,11.371907,6.0,Under way using engine
2026-10-02T05:16:40Z,219000811,54.908167,11.388587,8.0,Under way using engine
2026-10-02T05:16:44Z,219002177,54.927623,11.371885,6.0,Under way using engine
2026-10-02T05:16:53Z,219000809,54.913565,11.383213,9.4,Under way using engine
2026-10-02T05:17:14Z,219002177,54.928460,11.371860,6.1,Under way using engine
2026-10-02T05:17:19Z,219000811,54.909083,11.386538,8.1,Under way using engine
2026-10-02T05:17:24Z,219000809,54.912750,11.385065,9.4,Under way using engine
2026-10-02T05:17:44Z,219002177,54.929302,11.371833,6.0,Under way using engine
2026-10-02T05:17:49Z,219000811,54.909768,11.385085,8.1,Under way using engine
2026-10-02T05:18:03Z,219000809,54.911725,11.387398,9.5,Under way using engine
2026-10-02T05:18:14Z,219002177,54.930137,11.371810,6.0,Under way using engine
2026-10-02T05:18:20Z,219000811,54.910548,11.383497,8.2,Under way using engine
2026-10-02T05:18:34Z,219000809,54.910892,11.389257,9.5,Under way using engine
2026-10-02T05:18:44Z,219002177,54.930975,11.371785,6.0,Under way using engine
2026-10-02T05:19:09Z,219000811,54.911757,11.381020,8.2,Under way using engine
2026-10-02T05:19:14Z,219000809,54.909808,11.391643,9.5,Under way using engine
2026-10-02T05:19:14Z,219002177,54.931805,11.371743,6.0,Under way using engine
2026-10-02T05:19:40Z,219000811,54.912510,11.379478,8.2,Under way using engine
2026-10-02T05:19:44Z,219002177,54.932625,11.371643,6.0,Under way using engine
2026-10-02T05:20:03Z,219000809,54.908472,11.394547,9.4,Under way using engine
2026-10-02T05:20:14Z,219002177,54.933453,11.371570,6.0,Under way using engine
2026-10-02T05:20:20Z,219000811,54.913482,11.377477,8.3,Under way using engine
2026-10-02T05:20:34Z,219000809,54.907858,11.396507,8.8,Under way using engine
2026-10-02T05:20:44Z,219002177,54.934272,11.371483,5.9,Under way using engine
2026-10-02T05:21:00Z,219000811,54.914513,11.375448,8.4,Under way using engine
2026-10-02T05:21:13Z,219000809,54.908330,11.398938,8.4,Under way using engine
2026-10-02T05:21:14Z,219002177,54.935038,11.371455,5.1,Under way using engine
2026-10-02T05:21:39Z,219000811,54.915518,11.373437,8.5,Under way using engine
2026-10-02T05:21:43Z,219000809,54.909048,11.400630,8.7,Under way using engine
2026-10-02T05:21:44Z,219002177,54.935567,11.371638,3.2,Under way using engine
2026-10-02T05:22:09Z,219000811,54.916285,11.371803,8.5,Under way using engine
2026-10-02T05:22:13Z,219000809,54.909790,11.402297,8.8,Under way using engine
2026-10-02T05:22:14Z,219002177,54.935825,11.371842,1.7,Under way using engine
2026-10-02T05:22:39Z,219000811,54.916765,11.369947,8.5,Under way using engine
2026-10-02T05:22:43Z,219000809,54.910585,11.403895,8.8,Under way using engine
2026-10-02T05:22:44Z,219002177,54.935960,11.371965,0.8,Under way using engine
2026-10-02T05:23:09Z,219000811,54.916740,11.367842,8.5,Under way using engine
2026-10-02T05:23:13Z,219000809,54.911385,11.405485,8.9,Under way using engine
2026-10-02T05:23:14Z,219002177,54.935973,11.371980,0.0,Under way using engine
2026-10-02T05:23:39Z,219000811,54.916608,11.365817,8.5,Under way using engine
2026-10-02T05:23:43Z,219000809,54.912187,11.407123,8.9,Under way using engine
2026-10-02T05:23:44Z,219002177,54.935970,11.371990,0.0,Under way using engine
2026-10-02T05:24:09Z,219000811,54.916437,11.363912,8.0,Under way using engine
2026-10-02T05:24:13Z,219000809,54.912997,11.408747,9.0,Under way using engine
2026-10-02T05:24:14Z,219002177,54.935970,11.371987,0.0,Under way using engine
2026-10-02T05:24:43Z,219000809,54.913798,11.410390,8.9,Under way using engine
2026-10-02T05:24:44Z,219002177,54.935965,11.371980,0.0,Under way using engine
2026-10-02T05:24:49Z,219000811,54.916280,11.361962,5.9,Under way using engine
2026-10-02T05:25:14Z,219000809,54.914640,11.412073,9.0,Under way using engine
2026-10-02T05:25:14Z,219002177,54.935962,11.371967,0.0,Under way using engine
2026-10-02T05:25:20Z,219000811,54.916118,11.360895,4.3,Under way using engine
2026-10-02T05:25:44Z,219002177,54.935965,11.371965,0.0,Under way using engine
2026-10-02T05:25:52Z,219000811,54.915898,11.360680,1.6,Under way using engine
2026-10-02T05:25:53Z,219000809,54.915637,11.414310,9.1,Under way using engine
2026-10-02T05:26:14Z,219002177,54.935970,11.371965,0.0,Under way using engine
2026-10-02T05:26:22Z,219000811,54.915917,11.360747,0.4,Under way using engine
2026-10-02T05:26:24Z,219000809,54.916410,11.416053,8.9,Under way using engine
2026-10-02T05:26:44Z,219002177,54.935977,11.371978,0.0,Under way using engine
2026-10-02T05:26:52Z,219000811,54.915992,11.360592,0.9,Under way using engine
2026-10-02T05:27:04Z,219000809,54.917455,11.418352,9.1,Under way using engine
2026-10-02T05:27:14Z,219002177,54.935973,11.371978,0.0,Under way using engine
2026-10-02T05:27:23Z,219000811,54.916007,11.360315,1.1,Under way using engine
2026-10-02T05:27:34Z,219000809,54.918218,11.420078,9.1,Under way using engine
2026-10-02T05:27:44Z,219002177,54.935973,11.371982,0.0,Under way using engine
2026-10-02T05:27:59Z,219000811,54.916025,11.360053,0.8,Under way using engine
2026-10-02T05:28:04Z,219000809,54.919005,11.421792,9.1,Under way using engine
2026-10-02T05:28:14Z,219002177,54.935972,11.371980,0.0,Under way using engine
2026-10-02T05:28:30Z,219000811,54.916055,11.359973,0.3,Under way using engine
2026-10-02T05:28:36Z,219000809,54.919515,11.422918,9.1,Under way using engine
2026-10-02T05:28:44Z,219002177,54.935970,11.371968,0.0,Under way using engine
2026-10-02T05:29:09Z,219000811,54.916060,11.359962,0.0,Under way using engine
2026-10-02T05:29:14Z,219000809,54.920837,11.425732,9.1,Under way using engine
2026-10-02T05:29:14Z,219002177,54.935970,11.371962,0.0,Under way using engine
2026-10-02T05:29:40Z,219000811,54.916062,11.359960,0.0,Under way using engine
2026-10-02T05:29:44Z,219000809,54.921647,11.427443,9.0,Under way using engine
2026-10-02T05:29:44Z,219002177,54.935963,11.371975,0.0,Under way using engine
2026-10-02T05:30:10Z,219000811,54.916063,11.359962,0.0,Under way using engine
2026-10-02T05:30:14Z,219000809,54.922432,11.429153,9.1,Under way using engine
2026-10-02T05:30:14Z,219002177,54.935967,11.371980,0.1,Under way using engine
2026-10-02T05:30:40Z,219000811,54.916062,11.359963,0.0,Under way using engine
2026-10-02T05:30:44Z,219000809,54.923232,11.430843,8.9,Under way using engine
2026-10-02T05:30:45Z,219002177,54.935787,11.371843,2.2,Under way using engine
2026-10-02T05:31:10Z,219000811,54.916062,11.359967,0.0,Under way using engine
2026-10-02T05:31:14Z,219000809,54.923968,11.432525,9.0,Under way using engine
2026-10-02T05:31:24Z,219002177,54.935227,11.371352,4.1,Under way using engine
2026-10-02T05:31:40Z,219000811,54.916062,11.359967,0.0,Under way using engine
2026-10-02T05:31:44Z,219000809,54.924803,11.434220,9.1,Under way using engine
2026-10-02T05:32:05Z,219002177,54.934325,11.370963,5.2,Under way using engine
2026-10-02T05:32:10Z,219000811,54.916062,11.359967,0.0,Under way using engine
2026-10-02T05:32:14Z,219000809,54.925605,11.435933,9.1,Under way using engine
2026-10-02T05:32:40Z,219000811,54.916060,11.359967,0.0,Under way using engine
2026-10-02T05:32:44Z,219000809,54.926402,11.437643,9.1,Under way using engine
2026-10-02T05:32:45Z,219002177,54.933287,11.370853,5.9,Under way using engine
2026-10-02T05:33:10Z,219000811,54.916060,11.359967,0.0,Under way using engine
2026-10-02T05:33:14Z,219000809,54.927188,11.439345,9.1,Under way using engine
2026-10-02T05:33:24Z,219002177,54.932167,11.370838,6.3,Under way using engine
2026-10-02T05:33:40Z,219000811,54.916060,11.359967,0.0,Under way using engine
2026-10-02T05:33:44Z,219000809,54.927970,11.441048,9.1,Under way using engine
2026-10-02T05:34:05Z,219002177,54.930940,11.370868,6.5,Under way using engine
2026-10-02T05:34:10Z,219000811,54.916058,11.359965,0.0,Under way using engine
2026-10-02T05:34:14Z,219000809,54.928780,11.442738,9.1,Under way using engine
2026-10-02T05:34:40Z,219000811,54.916058,11.359965,0.0,Under way using engine
2026-10-02T05:34:44Z,219000809,54.929570,11.444432,9.1,Under way using engine
2026-10-02T05:34:45Z,219002177,54.929720,11.371002,6.6,Under way using engine
2026-10-02T05:35:10Z,219000811,54.916060,11.359967,0.0,Under way using engine
2026-10-02T05:35:14Z,219000809,54.930355,11.446093,8.8,Under way using engine
2026-10-02T05:35:24Z,219002177,54.928525,11.371098,6.7,Under way using engine
2026-10-02T05:35:40Z,219000811,54.916062,11.359968,0.0,Under way using engine
2026-10-02T05:35:54Z,219000809,54.931410,11.448433,9.1,Under way using engine
2026-10-02T05:36:03Z,219002177,54.927328,11.371200,6.6,Under way using engine
2026-10-02T05:36:10Z,219000811,54.916062,11.359967,0.0,Under way using engine
2026-10-02T05:36:33Z,219002177,54.926408,11.371318,6.6,Under way using engine
2026-10-02T05:36:34Z,219000809,54.932288,11.450877,9.2,Under way using engine
2026-10-02T05:36:40Z,219000811,54.916063,11.359963,0.0,Under way using engine
2026-10-02T05:37:03Z,219002177,54.925490,11.371413,6.6,Under way using engine
2026-10-02T05:37:04Z,219000809,54.932890,11.452838,9.2,Under way using engine
2026-10-02T05:37:10Z,219000811,54.916062,11.359963,0.0,Under way using engine
2026-10-02T05:37:33Z,219002177,54.924577,11.371508,6.6,Under way using engine
2026-10-02T05:37:34Z,219000809,54.933488,11.454782,9.2,Under way using engine
2026-10-02T05:37:48Z,219000811,54.916062,11.359965,0.0,Under way using engine
2026-10-02T05:38:03Z,219002177,54.923658,11.371608,6.6,Under way using engine
2026-10-02T05:38:04Z,219000809,54.934097,11.456720,9.2,Under way using engine
2026-10-02T05:38:20Z,219000811,54.916062,11.359962,0.0,Under way using engine
2026-10-02T05:38:33Z,219002177,54.922745,11.371692,6.6,Under way using engine
2026-10-02T05:38:34Z,219000809,54.934680,11.458687,9.2,Under way using engine
2026-10-02T05:38:59Z,219000811,54.916063,11.359963,0.0,Under way using engine
2026-10-02T05:39:03Z,219002177,54.921845,11.371813,6.4,Under way using engine
2026-10-02T05:39:13Z,219000809,54.935460,11.461223,9.2,Under way using engine
2026-10-02T05:39:29Z,219000811,54.916060,11.359967,0.0,Under way using engine
2026-10-02T05:39:33Z,219002177,54.920985,11.371892,6.1,Under way using engine
2026-10-02T05:39:44Z,219000809,54.936068,11.463233,9.1,Under way using engine
2026-10-02T05:39:59Z,219000811,54.916045,11.360098,0.6,Under way using engine
2026-10-02T05:40:03Z,219002177,54.920142,11.371858,6.0,Under way using engine
2026-10-02T05:40:23Z,219000809,54.936828,11.465757,9.1,Under way using engine
2026-10-02T05:40:29Z,219000811,54.916043,11.360935,3.6,Under way using engine
2026-10-02T05:40:33Z,219002177,54.919333,11.371795,5.8,Under way using engine
2026-10-02T05:40:54Z,219000809,54.937445,11.467755,9.1,Under way using engine
2026-10-02T05:41:00Z,219000811,54.916275,11.362800,7.6,Under way using engine
2026-10-02T05:41:04Z,219002177,54.918525,11.371592,5.5,Under way using engine
2026-10-02T05:41:34Z,219000809,54.938228,11.470348,9.1,Under way using engine
2026-10-02T05:41:39Z,219000811,54.916435,11.365513,8.8,Under way using engine
2026-10-02T05:41:45Z,219002177,54.917602,11.371103,4.9,Under way using engine
2026-10-02T05:42:10Z,219000811,54.916155,11.367452,8.5,Under way using engine
2026-10-02T05:42:14Z,219000809,54.939030,11.472933,9.1,Under way using engine
2026-10-02T05:42:24Z,219002177,54.917000,11.370050,5.0,Under way using engine
2026-10-02T05:42:43Z,219000811,54.915390,11.369232,8.1,Under way using engine
2026-10-02T05:42:44Z,219000809,54.939620,11.474880,9.2,Under way using engine
2026-10-02T05:42:55Z,219002177,54.916833,11.368707,5.6,Under way using engine
2026-10-02T05:43:14Z,219000809,54.940210,11.476783,9.0,Under way using engine
2026-10-02T05:43:20Z,219000811,54.914672,11.371278,8.1,Under way using engine
2026-10-02T05:43:29Z,219002177,54.916778,11.367385,5.8,Under way using engine
2026-10-02T05:43:44Z,219000809,54.940785,11.478647,8.5,Under way using engine
2026-10-02T05:44:00Z,219000811,54.913887,11.373485,8.0,Under way using engine
2026-10-02T05:44:04Z,219002177,54.916595,11.365525,5.9,Under way using engine
2026-10-02T05:44:14Z,219000809,54.941290,11.480468,8.4,Under way using engine
2026-10-02T05:44:39Z,219000811,54.913120,11.375638,8.1,Under way using engine
2026-10-02T05:44:44Z,219000809,54.941995,11.482097,8.4,Under way using engine
2026-10-02T05:44:44Z,219002177,54.916427,11.363620,6.0,Under way using engine
2026-10-02T05:45:10Z,219000811,54.912500,11.377328,8.1,Under way using engine
2026-10-02T05:45:14Z,219000809,54.942922,11.483083,8.2,Under way using engine
2026-10-02T05:45:14Z,219002177,54.916375,11.362255,5.4,Under way using engine
2026-10-02T05:45:44Z,219000809,54.944008,11.483782,8.5,Under way using engine
2026-10-02T05:45:44Z,219002177,54.916373,11.361258,3.4,Under way using engine
2026-10-02T05:45:50Z,219000811,54.911653,11.379548,8.2,Under way using engine
2026-10-02T05:46:14Z,219000809,54.945157,11.484308,8.6,Under way using engine
2026-10-02T05:46:14Z,219002177,54.916368,11.360788,1.5,Under way using engine
2026-10-02T05:46:20Z,219000811,54.911040,11.381220,8.3,Under way using engine
2026-10-02T05:46:44Z,219000809,54.946343,11.484728,8.7,Under way using engine
2026-10-02T05:46:44Z,219002177,54.916358,11.360558,0.7,Under way using engine
2026-10-02T05:46:50Z,219000811,54.910440,11.382910,8.3,Under way using engine
2026-10-02T05:47:14Z,219000809,54.947520,11.485147,8.7,Under way using engine
2026-10-02T05:47:14Z,219002177,54.916373,11.360557,0.0,Under way using engine
2026-10-02T05:47:20Z,219000811,54.909833,11.384597,8.3,Under way using engine
2026-10-02T05:47:44Z,219000809,54.948703,11.485522,8.7,Under way using engine
2026-10-02T05:47:44Z,219002177,54.916347,11.360542,0.0,Under way using engine
2026-10-02T05:47:50Z,219000811,54.909228,11.386277,8.3,Under way using engine
2026-10-02T05:48:14Z,219000809,54.949875,11.485967,8.7,Under way using engine
2026-10-02T05:48:14Z,219002177,54.916373,11.360562,0.0,Under way using engine
2026-10-02T05:48:20Z,219000811,54.908588,11.388027,8.4,Under way using engine
2026-10-02T05:48:44Z,219000809,54.951063,11.486372,8.7,Under way using engine
2026-10-02T05:48:44Z,219002177,54.916350,11.360528,0.0,Under way using engine
2026-10-02T05:48:50Z,219000811,54.907960,11.389740,8.4,Under way using engine
2026-10-02T05:49:14Z,219000809,54.952253,11.486785,8.8,Under way using engine
2026-10-02T05:49:14Z,219002177,54.916363,11.360530,0.0,Under way using engine
2026-10-02T05:49:20Z,219000811,54.907355,11.391385,8.5,Under way using engine
2026-10-02T05:49:44Z,219000809,54.953442,11.487157,8.7,Under way using engine
2026-10-02T05:49:44Z,219002177,54.916355,11.360532,0.0,Under way using engine
2026-10-02T05:49:50Z,219000811,54.906708,11.393157,8.5,Under way using engine
2026-10-02T05:50:14Z,219002177,54.916362,11.360550,0.0,Under way using engine
2026-10-02T05:50:20Z,219000811,54.906158,11.394938,8.5,Under way using engine
2026-10-02T05:50:23Z,219000809,54.954990,11.487675,8.7,Under way using engine
2026-10-02T05:50:44Z,219002177,54.916367,11.360547,0.0,Under way using engine
2026-10-02T05:50:50Z,219000811,54.905612,11.396788,8.4,Under way using engine
2026-10-02T05:50:54Z,219000809,54.956187,11.488117,8.6,Under way using engine
2026-10-02T05:51:14Z,219002177,54.916365,11.360540,0.0,Under way using engine
2026-10-02T05:51:29Z,219000811,54.904943,11.399165,8.4,Under way using engine
2026-10-02T05:51:33Z,219000809,54.957747,11.488672,8.8,Under way using engine
2026-10-02T05:51:44Z,219002177,54.916343,11.360520,0.0,Under way using engine
2026-10-02T05:52:00Z,219000811,54.904427,11.401048,8.4,Under way using engine
2026-10-02T05:52:03Z,219000809,54.958900,11.489070,8.8,Under way using engine
2026-10-02T05:52:14Z,219002177,54.916358,11.360547,0.0,Under way using engine
2026-10-02T05:52:30Z,219000811,54.903937,11.402855,8.3,Under way using engine
2026-10-02T05:52:33Z,219000809,54.960135,11.489490,8.7,Under way using engine
2026-10-02T05:52:44Z,219002177,54.916363,11.360550,0.0,Under way using engine
2026-10-02T05:53:00Z,219000811,54.903452,11.404630,8.2,Under way using engine
2026-10-02T05:53:03Z,219000809,54.961277,11.489952,8.7,Under way using engine
2026-10-02T05:53:14Z,219002177,54.916360,11.360545,0.0,Under way using engine
2026-10-02T05:53:30Z,219000811,54.902955,11.406462,8.2,Under way using engine
2026-10-02T05:53:33Z,219000809,54.962398,11.490852,8.6,Under way using engine
2026-10-02T05:54:00Z,219000811,54.902480,11.408222,8.1,Under way using engine
2026-10-02T05:54:03Z,219000809,54.963328,11.492068,8.8,Under way using engine
2026-10-02T05:54:05Z,219002177,54.916362,11.360553,0.0,Under way using engine
2026-10-02T05:54:30Z,219000811,54.902015,11.409985,8.1,Under way using engine
2026-10-02T05:54:33Z,219000809,54.964318,11.493430,8.8,Under way using engine
2026-10-02T05:54:43Z,219002177,54.916375,11.360565,0.0,Under way using engine
2026-10-02T05:55:00Z,219000811,54.901542,11.411835,8.0,Under way using engine
2026-10-02T05:55:03Z,219000809,54.965263,11.494660,8.8,Under way using engine
2026-10-02T05:55:14Z,219002177,54.916368,11.360547,0.0,Under way using engine
2026-10-02T05:55:30Z,219000811,54.901113,11.413512,8.0,Under way using engine
2026-10-02T05:55:33Z,219000809,54.966300,11.495985,9.0,Under way using engine
2026-10-02T05:55:55Z,219002177,54.916385,11.360562,0.0,Under way using engine
2026-10-02T05:56:00Z,219000811,54.900667,11.415340,8.0,Under way using engine
2026-10-02T05:56:04Z,219000809,54.967305,11.497248,8.8,Under way using engine
2026-10-02T05:56:30Z,219000811,54.900228,11.417112,8.1,Under way using engine
2026-10-02T05:56:34Z,219000809,54.968308,11.498490,9.0,Under way using engine
2026-10-02T05:56:34Z,219002177,54.916370,11.360560,0.0,Under way using engine
2026-10-02T05:57:04Z,219000809,54.969338,11.499707,9.0,Under way using engine
2026-10-02T05:57:05Z,219002177,54.916360,11.360548,0.0,Under way using engine
2026-10-02T05:57:09Z,219000811,54.899607,11.419498,8.6,Under way using engine
2026-10-02T05:57:34Z,219000809,54.970355,11.500922,8.9,Under way using engine
2026-10-02T05:57:40Z,219000811,54.899052,11.421545,8.8,Under way using engine
2026-10-02T05:57:55Z,219002177,54.916368,11.360550,0.0,Under way using engine
2026-10-02T05:58:04Z,219000809,54.971370,11.502145,8.9,Under way using engine
2026-10-02T05:58:19Z,219000811,54.898327,11.424022,9.0,Under way using engine
2026-10-02T05:58:34Z,219000809,54.972148,11.503787,8.9,Under way using engine
2026-10-02T05:58:34Z,219002177,54.916370,11.360547,0.0,Under way using engine
2026-10-02T05:58:50Z,219000811,54.897733,11.426045,9.0,Under way using engine
2026-10-02T05:59:04Z,219000809,54.972393,11.505732,8.3,Under way using engine
2026-10-02T05:59:05Z,219002177,54.916363,11.360540,0.0,Under way using engine
2026-10-02T05:59:29Z,219000811,54.897000,11.428495,9.0,Under way using engine
2026-10-02T05:59:34Z,219000809,54.972247,11.507710,8.3,Under way using engine
2026-10-02T05:59:43Z,219002177,54.916358,11.360547,0.1,Under way using engine
2026-10-02T06:00:04Z,219000809,54.972083,11.509543,7.1,Under way using engine
2026-10-02T06:00:09Z,219000811,54.896210,11.431080,9.1,Under way using engine
2026-10-02T06:00:13Z,219002177,54.916362,11.360708,1.3,Under way using engine
2026-10-02T06:00:34Z,219000809,54.972010,11.510882,5.0,Under way using engine
2026-10-02T06:00:40Z,219000811,54.895582,11.433110,9.1,Under way using engine
2026-10-02T06:00:44Z,219002177,54.916337,11.361320,3.0,Under way using engine
2026-10-02T06:01:04Z,219000809,54.971937,11.512042,5.0,Under way using engine
2026-10-02T06:01:19Z,219000811,54.894792,11.435635,9.1,Under way using engine
2026-10-02T06:01:24Z,219002177,54.916307,11.362562,4.3,Under way using engine
2026-10-02T06:01:34Z,219000809,54.971888,11.513040,3.5,Under way using engine
2026-10-02T06:01:49Z,219000811,54.894190,11.437533,9.1,Under way using engine
2026-10-02T06:01:55Z,219002177,54.916365,11.363725,4.9,Under way using engine
2026-10-02T06:02:04Z,219000809,54.971885,11.513723,2.6,Under way using engine
2026-10-02T06:02:19Z,219000811,54.893583,11.439447,9.1,Under way using engine
2026-10-02T06:02:34Z,219000809,54.971892,11.514182,1.5,Under way using engine
2026-10-02T06:02:34Z,219002177,54.916497,11.365373,5.5,Under way using engine
2026-10-02T06:02:49Z,219000811,54.892950,11.441430,9.1,Under way using engine
2026-10-02T06:03:04Z,219000809,54.971895,11.514432,0.7,Under way using engine
2026-10-02T06:03:05Z,219002177,54.916598,11.366773,5.7,Under way using engine
2026-10-02T06:03:29Z,219000811,54.892147,11.443915,9.1,Under way using engine
2026-10-02T06:03:34Z,219000809,54.971902,11.514530,0.3,Under way using engine
2026-10-02T06:03:44Z,219002177,54.916770,11.368583,6.0,Under way using engine
2026-10-02T06:04:00Z,219000811,54.891462,11.445940,9.1,Under way using engine
2026-10-02T06:04:13Z,219000809,54.971910,11.514578,0.1,Under way using engine
2026-10-02T06:04:15Z,219002177,54.916982,11.370042,6.0,Under way using engine
2026-10-02T06:04:39Z,219000811,54.890605,11.448390,9.2,Under way using engine
2026-10-02T06:04:44Z,219000809,54.971920,11.514578,0.0,Under way using engine
2026-10-02T06:04:55Z,219002177,54.917578,11.371513,5.4,Under way using engine
2026-10-02T06:05:10Z,219000811,54.889892,11.450207,9.2,Under way using engine
2026-10-02T06:05:24Z,219000809,54.971923,11.514575,0.0,Under way using engine
2026-10-02T06:05:35Z,219002177,54.918542,11.371923,5.5,Under way using engine
2026-10-02T06:05:40Z,219000811,54.889147,11.452072,9.2,Under way using engine
2026-10-02T06:06:10Z,219000811,54.888400,11.453842,9.2,Under way using engine
2026-10-02T06:06:13Z,219000809,54.971923,11.514573,0.0,Under way using engine
2026-10-02T06:06:15Z,219002177,54.919608,11.372002,5.8,Under way using engine
2026-10-02T06:06:40Z,219000811,54.887657,11.455583,9.2,Under way using engine
2026-10-02T06:06:44Z,219000809,54.971910,11.514558,0.0,Under way using engine
2026-10-02T06:06:55Z,219002177,54.920718,11.371967,6.1,Under way using engine
2026-10-02T06:07:18Z,219000811,54.886688,11.457842,9.0,Under way using engine
2026-10-02T06:07:24Z,219000809,54.971917,11.514565,0.0,Under way using engine
2026-10-02T06:07:30Z,219002177,54.921537,11.371955,6.2,Under way using engine
2026-10-02T06:07:49Z,219000811,54.885900,11.459685,9.0,Under way using engine
2026-10-02T06:08:03Z,219000809,54.971908,11.514570,0.0,Under way using engine
2026-10-02T06:08:04Z,219002177,54.922697,11.371927,6.3,Under way using engine
2026-10-02T06:08:29Z,219000811,54.884937,11.461887,8.7,Under way using engine
2026-10-02T06:08:33Z,219000809,54.971908,11.514570,0.0,Under way using engine
2026-10-02T06:08:35Z,219002177,54.923598,11.371905,6.3,Under way using engine
2026-10-02T06:08:59Z,219000811,54.884192,11.463607,8.8,Under way using engine
2026-10-02T06:09:03Z,219000809,54.971910,11.514567,0.0,Under way using engine
2026-10-02T06:09:14Z,219002177,54.924727,11.371895,6.3,Under way using engine
2026-10-02T06:09:29Z,219000811,54.883450,11.465308,8.9,Under way using engine
2026-10-02T06:09:33Z,219000809,54.971912,11.514575,0.0,Under way using engine
2026-10-02T06:09:45Z,219002177,54.925603,11.371868,6.3,Under way using engine
2026-10-02T06:09:59Z,219000811,54.882727,11.467035,8.8,Under way using engine
2026-10-02T06:10:24Z,219000809,54.971922,11.514582,0.0,Under way using engine
2026-10-02T06:10:24Z,219002177,54.926783,11.371793,6.3,Under way using engine
2026-10-02T06:10:29Z,219000811,54.881998,11.468833,8.9,Under way using engine
2026-10-02T06:10:59Z,219000811,54.881402,11.470612,8.9,Under way using engine
2026-10-02T06:11:03Z,219000809,54.971918,11.514587,0.0,Under way using engine
2026-10-02T06:11:04Z,219002177,54.927952,11.371735,6.3,Under way using engine
2026-10-02T06:11:30Z,219000811,54.881123,11.472777,8.7,Under way using engine
2026-10-02T06:11:34Z,219000809,54.971923,11.514587,0.0,Under way using engine
2026-10-02T06:11:35Z,219002177,54.928857,11.371683,6.3,Under way using engine
2026-10-02T06:12:02Z,219000811,54.881082,11.474980,8.6,Under way using engine
2026-10-02T06:12:04Z,219000809,54.971932,11.514585,0.0,Under way using engine
2026-10-02T06:12:14Z,219002177,54.929988,11.371622,6.3,Under way using engine
2026-10-02T06:12:34Z,219000809,54.971930,11.514583,0.0,Under way using engine
2026-10-02T06:12:38Z,219000811,54.881072,11.477440,8.3,Under way using engine
2026-10-02T06:12:45Z,219002177,54.930868,11.371560,6.3,Under way using engine
2026-10-02T06:13:09Z,219000811,54.881113,11.479447,8.5,Under way using engine
2026-10-02T06:13:14Z,219000809,54.971930,11.514583,0.0,Under way using engine
2026-10-02T06:13:24Z,219002177,54.932033,11.371492,6.3,Under way using engine
2026-10-02T06:13:42Z,219000811,54.881625,11.481363,7.7,Under way using engine
2026-10-02T06:13:44Z,219000809,54.971923,11.514575,0.0,Under way using engine
2026-10-02T06:13:54Z,219002177,54.932905,11.371403,6.3,Under way using engine
2026-10-02T06:14:13Z,219000811,54.882247,11.482507,6.2,Under way using engine
2026-10-02T06:14:14Z,219000809,54.971923,11.514570,0.0,Under way using engine
2026-10-02T06:14:24Z,219002177,54.933778,11.371378,6.3,Under way using engine
2026-10-02T06:14:43Z,219000811,54.882892,11.483102,5.5,Under way using engine
2026-10-02T06:14:44Z,219000809,54.971933,11.514432,1.4,Under way using engine
2026-10-02T06:14:54Z,219002177,54.934622,11.371425,6.0,Under way using engine
2026-10-02T06:15:13Z,219000811,54.883605,11.483228,5.0,Under way using engine
2026-10-02T06:15:14Z,219000809,54.971928,11.513815,2.8,Under way using engine
2026-10-02T06:15:34Z,219002177,54.935493,11.371593,3.7,Under way using engine
2026-10-02T06:15:44Z,219000809,54.971842,11.513190,2.4,Under way using engine
2026-10-02T06:15:50Z,219000811,54.884063,11.483288,2.1,Under way using engine
2026-10-02T06:16:04Z,219002177,54.935803,11.371818,1.9,Under way using engine
2026-10-02T06:16:14Z,219000809,54.971798,11.512825,1.6,Under way using engine
2026-10-02T06:16:30Z,219000811,54.884265,11.483272,1.0,Under way using engine
2026-10-02T06:16:34Z,219002177,54.935948,11.371957,1.0,Under way using engine
2026-10-02T06:16:54Z,219000809,54.972017,11.511047,7.4,Under way using engine
2026-10-02T06:17:04Z,219002177,54.935975,11.371983,0.0,Under way using engine
2026-10-02T06:17:09Z,219000811,54.884318,11.483275,0.2,Under way using engine
2026-10-02T06:17:24Z,219000809,54.972217,11.509035,8.8,Under way using engine
2026-10-02T06:17:34Z,219002177,54.935980,11.371987,0.0,Under way using engine
2026-10-02T06:17:48Z,219000811,54.884320,11.483275,0.0,Under way using engine
2026-10-02T06:17:54Z,219000809,54.972348,11.506932,8.8,Under way using engine
2026-10-02T06:18:05Z,219002177,54.935983,11.371997,0.0,Under way using engine
2026-10-02T06:18:19Z,219000811,54.884318,11.483277,0.0,Under way using engine
2026-10-02T06:18:34Z,219000809,54.972283,11.503998,9.4,Under way using engine
2026-10-02T06:18:44Z,219002177,54.935997,11.371935,0.0,Under way using engine
2026-10-02T06:18:59Z,219000811,54.884320,11.483275,0.0,Under way using engine
2026-10-02T06:19:04Z,219000809,54.971950,11.501890,8.4,Under way using engine
2026-10-02T06:19:25Z,219002177,54.935988,11.371953,0.0,Under way using engine
2026-10-02T06:19:30Z,219000811,54.884320,11.483275,0.0,Under way using engine
2026-10-02T06:19:54Z,219000809,54.970223,11.499837,9.4,Under way using engine
2026-10-02T06:19:55Z,219002177,54.935985,11.371955,0.0,Under way using engine
2026-10-02T06:20:09Z,219000811,54.884320,11.483277,0.0,Under way using engine
2026-10-02T06:20:25Z,219002177,54.935972,11.371962,0.0,Under way using engine
2026-10-02T06:20:33Z,219000809,54.968757,11.498330,9.5,Under way using engine
2026-10-02T06:20:39Z,219000811,54.884318,11.483277,0.0,Under way using engine
2026-10-02T06:20:55Z,219002177,54.935977,11.371972,0.0,Under way using engine
2026-10-02T06:21:04Z,219000809,54.967603,11.497113,9.5,Under way using engine
2026-10-02T06:21:19Z,219000811,54.884317,11.483278,0.0,Under way using engine
2026-10-02T06:21:25Z,219002177,54.935977,11.371992,0.0,Under way using engine
2026-10-02T06:21:43Z,219000809,54.966125,11.495618,9.6,Under way using engine
2026-10-02T06:21:55Z,219002177,54.935987,11.371990,0.0,Under way using engine
2026-10-02T06:21:59Z,219000811,54.884317,11.483282,0.0,Under way using engine
2026-10-02T06:22:14Z,219000809,54.964965,11.494428,9.3,Under way using engine
2026-10-02T06:22:25Z,219002177,54.935978,11.372005,0.0,Under way using engine
2026-10-02T06:22:29Z,219000811,54.884317,11.483283,0.0,Under way using engine
2026-10-02T06:22:54Z,219000809,54.963457,11.492943,9.5,Under way using engine
2026-10-02T06:22:59Z,219000811,54.884318,11.483280,0.0,Under way using engine
2026-10-02T06:23:05Z,219002177,54.935998,11.371988,0.0,Under way using engine
2026-10-02T06:23:33Z,219000809,54.961960,11.491432,9.7,Under way using engine
2026-10-02T06:23:39Z,219000811,54.884317,11.483277,0.0,Under way using engine
2026-10-02T06:23:44Z,219002177,54.935987,11.371982,0.0,Under way using engine
2026-10-02T06:24:04Z,219000809,54.960738,11.490320,9.7,Under way using engine
2026-10-02T06:24:19Z,219000811,54.884318,11.483275,0.0,Under way using engine
2026-10-02T06:24:23Z,219002177,54.935988,11.371987,0.0,Under way using engine
2026-10-02T06:24:43Z,219000809,54.959118,11.489258,9.6,Under way using engine
2026-10-02T06:24:50Z,219000811,54.884318,11.483272,0.0,Under way using engine
2026-10-02T06:24:54Z,219002177,54.935987,11.371995,0.0,Under way using engine
2026-10-02T06:25:14Z,219000809,54.957772,11.488658,9.7,Under way using engine
2026-10-02T06:25:29Z,219000811,54.884318,11.483268,0.0,Under way using engine
2026-10-02T06:25:30Z,219002177,54.935977,11.371997,0.0,Under way using engine
2026-10-02T06:25:53Z,219000809,54.956105,11.487902,9.4,Under way using engine
2026-10-02T06:26:03Z,219002177,54.935995,11.371982,0.0,Under way using engine
2026-10-02T06:26:10Z,219000811,54.884318,11.483270,0.0,Under way using engine
2026-10-02T06:26:23Z,219000809,54.954815,11.487272,9.8,Under way using engine
2026-10-02T06:26:33Z,219002177,54.935988,11.371977,0.0,Under way using engine
2026-10-02T06:26:50Z,219000811,54.884318,11.483267,0.0,Under way using engine
2026-10-02T06:26:53Z,219000809,54.953525,11.486568,9.7,Under way using engine
2026-10-02T06:27:03Z,219002177,54.935992,11.371983,0.0,Under way using engine
2026-10-02T06:27:20Z,219000811,54.884318,11.483270,0.0,Under way using engine
2026-10-02T06:27:23Z,219000809,54.952235,11.485897,9.7,Under way using engine
2026-10-02T06:27:33Z,219002177,54.935992,11.371978,0.0,Under way using engine
2026-10-02T06:27:50Z,219000811,54.884320,11.483273,0.0,Under way using engine
2026-10-02T06:27:53Z,219000809,54.950950,11.485215,9.7,Under way using engine
2026-10-02T06:28:03Z,219002177,54.935997,11.371973,0.0,Under way using engine
2026-10-02T06:28:20Z,219000811,54.884320,11.483277,0.0,Under way using engine
2026-10-02T06:28:24Z,219000809,54.949632,11.484525,9.7,Under way using engine
2026-10-02T06:28:33Z,219002177,54.935985,11.371988,0.0,Under way using engine
2026-10-02T06:28:50Z,219000811,54.884318,11.483277,0.0,Under way using engine
2026-10-02T06:29:03Z,219002177,54.935990,11.371978,0.0,Under way using engine
2026-10-02T06:29:04Z,219000809,54.947927,11.483630,9.6,Under way using engine
2026-10-02T06:29:20Z,219000811,54.884318,11.483277,0.0,Under way using engine
2026-10-02T06:29:33Z,219002177,54.936005,11.371967,0.0,Under way using engine
2026-10-02T06:29:34Z,219000809,54.946667,11.482952,9.5,Under way using engine
2026-10-02T06:29:50Z,219000811,54.884317,11.483280,0.0,Under way using engine
2026-10-02T06:30:04Z,219000809,54.945393,11.482278,9.6,Under way using engine
2026-10-02T06:30:15Z,219002177,54.935967,11.371967,0.6,Under way using engine
2026-10-02T06:30:20Z,219000811,54.884317,11.483283,0.0,Under way using engine
2026-10-02T06:30:34Z,219000809,54.944142,11.481602,9.4,Under way using engine
2026-10-02T06:30:53Z,219002177,54.935602,11.371675,3.0,Under way using engine
2026-10-02T06:31:00Z,219000811,54.884315,11.483283,0.0,Under way using engine
2026-10-02T06:31:04Z,219000809,54.943045,11.480480,9.2,Under way using engine
2026-10-02T06:31:24Z,219002177,54.935118,11.371240,4.1,Under way using engine
2026-10-02T06:31:30Z,219000811,54.884313,11.483283,0.0,Under way using engine
2026-10-02T06:31:34Z,219000809,54.942077,11.479082,9.1,Under way using engine
2026-10-02T06:32:00Z,219000811,54.884313,11.483280,0.0,Under way using engine
2026-10-02T06:32:04Z,219000809,54.941158,11.477602,9.1,Under way using engine
2026-10-02T06:32:04Z,219002177,54.934285,11.371037,4.9,Under way using engine
2026-10-02T06:32:30Z,219000811,54.884315,11.483277,0.0,Under way using engine
2026-10-02T06:32:34Z,219000809,54.940273,11.476050,9.0,Under way using engine
2026-10-02T06:32:35Z,219002177,54.933530,11.371012,5.3,Under way using engine
2026-10-02T06:33:00Z,219000811,54.884315,11.483275,0.0,Under way using engine
2026-10-02T06:33:04Z,219000809,54.939580,11.474272,8.9,Under way using engine
2026-10-02T06:33:15Z,219002177,54.932500,11.370975,5.7,Under way using engine
2026-10-02T06:33:30Z,219000811,54.884315,11.483272,0.0,Under way using engine
2026-10-02T06:33:34Z,219000809,54.939007,11.472342,9.1,Under way using engine
2026-10-02T06:33:53Z,219002177,54.931487,11.371040,5.9,Under way using engine
2026-10-02T06:34:00Z,219000811,54.884315,11.483272,0.0,Under way using engine
2026-10-02T06:34:04Z,219000809,54.938433,11.470390,9.1,Under way using engine
2026-10-02T06:34:24Z,219002177,54.930632,11.371172,6.0,Under way using engine
2026-10-02T06:34:30Z,219000811,54.884315,11.483270,0.0,Under way using engine
2026-10-02T06:34:34Z,219000809,54.937865,11.468435,9.1,Under way using engine
2026-10-02T06:34:54Z,219002177,54.929800,11.371233,6.0,Under way using engine
2026-10-02T06:35:00Z,219000811,54.884315,11.483268,0.0,Under way using engine
2026-10-02T06:35:04Z,219000809,54.937292,11.466473,9.1,Under way using engine
2026-10-02T06:35:24Z,219002177,54.928952,11.371287,6.0,Under way using engine
2026-10-02T06:35:34Z,219000809,54.936718,11.464500,9.2,Under way using engine
2026-10-02T06:35:39Z,219000811,54.884315,11.483268,0.0,Under way using engine
2026-10-02T06:35:54Z,219002177,54.928115,11.371378,6.1,Under way using engine
2026-10-02T06:36:04Z,219000809,54.936145,11.462530,9.2,Under way using engine
2026-10-02T06:36:10Z,219000811,54.884313,11.483268,0.0,Under way using engine
2026-10-02T06:36:25Z,219002177,54.927243,11.371447,6.0,Under way using engine
2026-10-02T06:36:34Z,219000809,54.935527,11.460597,9.2,Under way using engine
2026-10-02T06:36:50Z,219000811,54.884312,11.483272,0.0,Under way using engine
2026-10-02T06:37:04Z,219000809,54.934927,11.458638,9.2,Under way using engine
2026-10-02T06:37:05Z,219002177,54.926127,11.371562,6.0,Under way using engine
2026-10-02T06:37:28Z,219000811,54.884313,11.483277,0.0,Under way using engine
2026-10-02T06:37:34Z,219000809,54.934305,11.456695,9.2,Under way using engine
2026-10-02T06:37:35Z,219002177,54.925282,11.371650,6.0,Under way using engine
2026-10-02T06:37:59Z,219000811,54.884315,11.483278,0.0,Under way using engine
2026-10-02T06:38:04Z,219000809,54.933667,11.454783,9.2,Under way using engine
2026-10-02T06:38:05Z,219002177,54.924438,11.371740,6.0,Under way using engine
2026-10-02T06:38:34Z,219000809,54.932932,11.452965,9.2,Under way using engine
2026-10-02T06:38:35Z,219002177,54.923600,11.371812,6.0,Under way using engine
2026-10-02T06:38:39Z,219000811,54.884317,11.483280,0.0,Under way using engine
2026-10-02T06:39:04Z,219000809,54.932115,11.451257,9.3,Under way using engine
2026-10-02T06:39:05Z,219002177,54.922775,11.371893,6.0,Under way using engine
2026-10-02T06:39:10Z,219000811,54.884318,11.483282,0.0,Under way using engine
2026-10-02T06:39:34Z,219000809,54.931297,11.449525,9.3,Under way using engine
2026-10-02T06:39:35Z,219002177,54.921955,11.371957,5.9,Under way using engine
2026-10-02T06:39:50Z,219000811,54.884318,11.483283,0.0,Under way using engine
2026-10-02T06:40:04Z,219000809,54.930508,11.447758,9.2,Under way using engine
2026-10-02T06:40:05Z,219002177,54.921128,11.372007,5.9,Under way using engine
2026-10-02T06:40:28Z,219000811,54.884315,11.483283,0.0,Under way using engine
2026-10-02T06:40:34Z,219000809,54.929993,11.446597,9.0,Under way using engine
2026-10-02T06:40:35Z,219002177,54.920307,11.372022,5.8,Under way using engine
2026-10-02T06:40:59Z,219000811,54.884313,11.483282,0.0,Under way using engine
2026-10-02T06:41:05Z,219002177,54.919515,11.371903,5.7,Under way using engine
2026-10-02T06:41:13Z,219000809,54.928728,11.443840,9.4,Under way using engine
2026-10-02T06:41:35Z,219002177,54.918732,11.371713,5.6,Under way using engine
2026-10-02T06:41:39Z,219000811,54.884313,11.483280,0.0,Under way using engine
2026-10-02T06:41:43Z,219000809,54.927882,11.442033,9.3,Under way using engine
2026-10-02T06:42:05Z,219002177,54.918005,11.371323,5.5,Under way using engine
2026-10-02T06:42:09Z,219000811,54.884317,11.483277,0.0,Under way using engine
2026-10-02T06:42:13Z,219000809,54.927102,11.440330,9.3,Under way using engine
2026-10-02T06:42:35Z,219002177,54.917322,11.370758,5.3,Under way using engine
2026-10-02T06:42:39Z,219000811,54.884317,11.483275,0.0,Under way using engine
2026-10-02T06:42:43Z,219000809,54.926287,11.438493,9.3,Under way using engine
2026-10-02T06:43:05Z,219002177,54.916853,11.369825,5.1,Under way using engine
2026-10-02T06:43:09Z,219000811,54.884318,11.483273,0.0,Under way using engine
2026-10-02T06:43:14Z,219000809,54.925460,11.436662,9.3,Under way using engine
2026-10-02T06:43:35Z,219002177,54.916730,11.368593,5.2,Under way using engine
2026-10-02T06:43:39Z,219000811,54.884318,11.483272,0.0,Under way using engine
2026-10-02T06:43:53Z,219000809,54.924408,11.434363,9.3,Under way using engine
2026-10-02T06:44:09Z,219000811,54.884318,11.483270,0.0,Under way using engine
2026-10-02T06:44:15Z,219002177,54.916598,11.366902,5.4,Under way using engine
2026-10-02T06:44:24Z,219000809,54.923598,11.432510,9.3,Under way using engine
2026-10-02T06:44:39Z,219000811,54.884318,11.483272,0.0,Under way using engine
2026-10-02T06:44:54Z,219002177,54.916482,11.365200,5.5,Under way using engine
2026-10-02T06:45:09Z,219000811,54.884315,11.483273,0.0,Under way using engine
2026-10-02T06:45:14Z,219000809,54.922300,11.429552,9.5,Under way using engine
2026-10-02T06:45:25Z,219002177,54.916372,11.363852,5.5,Under way using engine
2026-10-02T06:45:39Z,219000811,54.884313,11.483273,0.0,Under way using engine
2026-10-02T06:45:53Z,219000809,54.921265,11.427242,9.3,Under way using engine
2026-10-02T06:46:04Z,219002177,54.916333,11.362182,4.9,Under way using engine
2026-10-02T06:46:18Z,219000811,54.884313,11.483275,0.0,Under way using engine
2026-10-02T06:46:24Z,219000809,54.920458,11.425375,9.4,Under way using engine
2026-10-02T06:46:34Z,219002177,54.916357,11.361248,3.3,Under way using engine
2026-10-02T06:46:49Z,219000811,54.884315,11.483275,0.0,Under way using engine
2026-10-02T06:47:03Z,219000809,54.919445,11.423060,9.3,Under way using engine
2026-10-02T06:47:04Z,219002177,54.916363,11.360707,1.8,Under way using engine
2026-10-02T06:47:29Z,219000811,54.884315,11.483278,0.0,Under way using engine
2026-10-02T06:47:33Z,219000809,54.918647,11.421270,9.4,Under way using engine
2026-10-02T06:47:34Z,219002177,54.916367,11.360552,0.2,Under way using engine
2026-10-02T06:48:00Z,219000811,54.884315,11.483280,0.1,Under way using engine
2026-10-02T06:48:03Z,219000809,54.917847,11.419502,9.3,Under way using engine
2026-10-02T06:48:04Z,219002177,54.916355,11.360547,0.0,Under way using engine
2026-10-02T06:48:33Z,219000809,54.917028,11.417685,9.3,Under way using engine
2026-10-02T06:48:34Z,219002177,54.916382,11.360515,0.0,Under way using engine
2026-10-02T06:48:40Z,219000811,54.884317,11.483278,0.0,Under way using engine
2026-10-02T06:49:03Z,219000809,54.916245,11.415928,9.2,Under way using engine
2026-10-02T06:49:04Z,219002177,54.916362,11.360525,0.0,Under way using engine
2026-10-02T06:49:18Z,219000811,54.884318,11.483278,0.0,Under way using engine
2026-10-02T06:49:33Z,219000809,54.915447,11.414163,9.4,Under way using engine
2026-10-02T06:49:35Z,219002177,54.916350,11.360515,0.0,Under way using engine
2026-10-02T06:49:50Z,219000811,54.884318,11.483275,0.0,Under way using engine
2026-10-02T06:50:03Z,219000809,54.914687,11.412332,9.4,Under way using engine
2026-10-02T06:50:15Z,219002177,54.916410,11.360535,0.0,Under way using engine
2026-10-02T06:50:29Z,219000811,54.884318,11.483278,0.0,Under way using engine
2026-10-02T06:50:33Z,219000809,54.913892,11.410517,9.4,Under way using engine
2026-10-02T06:50:55Z,219002177,54.916385,11.360510,0.0,Under way using engine
2026-10-02T06:51:00Z,219000811,54.884318,11.483278,0.0,Under way using engine
2026-10-02T06:51:03Z,219000809,54.913103,11.408703,9.4,Under way using engine
2026-10-02T06:51:25Z,219002177,54.916355,11.360543,0.0,Under way using engine
2026-10-02T06:51:33Z,219000809,54.912330,11.406867,9.5,Under way using engine
2026-10-02T06:51:50Z,219000811,54.884320,11.483275,0.0,Under way using engine
2026-10-02T06:51:55Z,219002177,54.916352,11.360535,0.0,Under way using engine
2026-10-02T06:52:03Z,219000809,54.911525,11.405048,9.5,Under way using engine
2026-10-02T06:52:25Z,219002177,54.916358,11.360547,0.0,Under way using engine
2026-10-02T06:52:29Z,219000811,54.884317,11.483272,0.0,Under way using engine
2026-10-02T06:52:33Z,219000809,54.910738,11.403210,9.5,Under way using engine
2026-10-02T06:52:55Z,219002177,54.916343,11.360528,0.0,Under way using engine
2026-10-02T06:53:00Z,219000811,54.884317,11.483270,0.0,Under way using engine
2026-10-02T06:53:03Z,219000809,54.909960,11.401345,9.6,Under way using engine
2026-10-02T06:53:25Z,219002177,54.916355,11.360528,0.0,Under way using engine
2026-10-02T06:53:33Z,219000809,54.909255,11.399407,9.5,Under way using engine
2026-10-02T06:53:40Z,219000811,54.884317,11.483270,0.0,Under way using engine
2026-10-02T06:53:55Z,219002177,54.916377,11.360557,0.0,Under way using engine
2026-10-02T06:54:03Z,219000809,54.908505,11.397522,9.5,Under way using engine
2026-10-02T06:54:19Z,219000811,54.884317,11.483272,0.0,Under way using engine
2026-10-02T06:54:25Z,219002177,54.916365,11.360538,0.0,Under way using engine
2026-10-02T06:54:33Z,219000809,54.907867,11.395522,9.5,Under way using engine
2026-10-02T06:54:49Z,219000811,54.884318,11.483270,0.0,Under way using engine
2026-10-02T06:54:55Z,219002177,54.916348,11.360537,0.0,Under way using engine
2026-10-02T06:55:03Z,219000809,54.907703,11.393357,9.0,Under way using engine
2026-10-02T06:55:25Z,219002177,54.916348,11.360535,0.0,Under way using engine
2026-10-02T06:55:33Z,219000809,54.908300,11.391480,9.0,Under way using engine
2026-10-02T06:55:38Z,219000811,54.884255,11.483282,0.4,Under way using engine
2026-10-02T06:56:03Z,219000809,54.909300,11.390142,9.2,Under way using engine
2026-10-02T06:56:05Z,219002177,54.916358,11.360542,0.0,Under way using engine
2026-10-02T06:56:09Z,219000811,54.883970,11.483333,2.1,Under way using engine
2026-10-02T06:56:33Z,219000809,54.910425,11.389138,9.1,Under way using engine
2026-10-02T06:56:42Z,219000811,54.883497,11.483503,3.1,Under way using engine
2026-10-02T06:56:54Z,219002177,54.916350,11.360532,0.0,Under way using engine
2026-10-02T06:57:04Z,219000809,54.911262,11.387448,9.1,Under way using engine
2026-10-02T06:57:13Z,219000811,54.883283,11.483957,2.5,Under way using engine
2026-10-02T06:57:25Z,219002177,54.916358,11.360553,0.0,Under way using engine
2026-10-02T06:57:43Z,219000811,54.883237,11.484198,1.0,Under way using engine
2026-10-02T06:57:44Z,219000809,54.912152,11.385012,9.3,Under way using engine
2026-10-02T06:58:04Z,219002177,54.916348,11.360533,0.0,Under way using engine
2026-10-02T06:58:13Z,219000811,54.882913,11.484375,2.4,Under way using engine
2026-10-02T06:58:14Z,219000809,54.912845,11.383007,9.4,Under way using engine
2026-10-02T06:58:35Z,219002177,54.916355,11.360533,0.0,Under way using engine
2026-10-02T06:58:44Z,219000809,54.913512,11.381103,9.4,Under way using engine
2026-10-02T06:58:46Z,219000811,54.882290,11.484330,4.2,Under way using engine
2026-10-02T06:59:14Z,219002177,54.916363,11.360525,0.0,Under way using engine
2026-10-02T06:59:16Z,219000811,54.881665,11.483853,5.0,Under way using engine
2026-10-02T06:59:24Z,219000809,54.914405,11.378460,9.4,Under way using engine
2026-10-02T06:59:45Z,219002177,54.916378,11.360537,0.0,Under way using engine
2026-10-02T06:59:46Z,219000811,54.881323,11.482752,5.2,Under way using engine
2026-10-02T06:59:54Z,219000809,54.915043,11.376533,9.3,Under way using engine
2026-10-02T07:00:23Z,219000811,54.881512,11.481240,5.4,Under way using engine
2026-10-02T07:00:24Z,219000809,54.915640,11.374575,9.3,Under way using engine
2026-10-02T07:00:25Z,219002177,54.916370,11.360518,0.0,Under way using engine
2026-10-02T07:00:53Z,219000811,54.881462,11.479850,5.7,Under way using engine
2026-10-02T07:00:54Z,219000809,54.916202,11.372593,9.1,Under way using engine
2026-10-02T07:01:04Z,219002177,54.916368,11.360530,0.0,Under way using engine
2026-10-02T07:01:23Z,219000811,54.881202,11.478503,6.0,Under way using engine
2026-10-02T07:01:24Z,219000809,54.916548,11.370520,9.0,Under way using engine
2026-10-02T07:01:35Z,219002177,54.916377,11.360502,0.0,Under way using engine
2026-10-02T07:01:54Z,219000809,54.916710,11.368290,9.5,Under way using engine
2026-10-02T07:01:56Z,219000811,54.880963,11.476735,6.7,Under way using engine
2026-10-02T07:02:15Z,219002177,54.916360,11.360508,0.0,Under way using engine
2026-10-02T07:02:24Z,219000809,54.916615,11.366177,9.0,Under way using engine
2026-10-02T07:02:26Z,219000811,54.881048,11.475092,7.1,Under way using engine
2026-10-02T07:02:45Z,219002177,54.916348,11.360515,0.0,Under way using engine
2026-10-02T07:02:54Z,219000809,54.916400,11.364007,8.7,Under way using engine
2026-10-02T07:03:00Z,219000811,54.881215,11.473100,7.4,Under way using engine
2026-10-02T07:03:15Z,219002177,54.916362,11.360523,0.0,Under way using engine
2026-10-02T07:03:24Z,219000809,54.916250,11.362312,6.8,Under way using engine
2026-10-02T07:03:38Z,219000811,54.881532,11.470825,7.4,Under way using engine
2026-10-02T07:03:45Z,219002177,54.916370,11.360523,0.0,Under way using engine
2026-10-02T07:03:54Z,219000809,54.916085,11.360887,5.2,Under way using engine
2026-10-02T07:04:09Z,219000811,54.881892,11.469105,7.4,Under way using engine
2026-10-02T07:04:15Z,219002177,54.916367,11.360513,0.0,Under way using engine
2026-10-02T07:04:24Z,219000809,54.915940,11.360505,0.4,Under way using engine
2026-10-02T07:04:45Z,219002177,54.916353,11.360522,0.0,Under way using engine
2026-10-02T07:04:49Z,219000811,54.882490,11.466957,7.4,Under way using engine
2026-10-02T07:04:54Z,219000809,54.916005,11.360550,0.5,Under way using engine
2026-10-02T07:05:15Z,219002177,54.916373,11.360550,0.0,Under way using engine
2026-10-02T07:05:20Z,219000811,54.882972,11.465312,7.5,Under way using engine
2026-10-02T07:05:24Z,219000809,54.916060,11.360407,1.1,Under way using engine
2026-10-02T07:05:45Z,219002177,54.916373,11.360532,0.0,Under way using engine
2026-10-02T07:06:00Z,219000811,54.883600,11.463158,7.6,Under way using engine
2026-10-02T07:06:03Z,219000809,54.916105,11.360098,0.6,Under way using engine
2026-10-02T07:06:24Z,219002177,54.916372,11.360555,0.3,Under way using engine
2026-10-02T07:06:33Z,219000809,54.916100,11.360062,0.2,Under way using engine
2026-10-02T07:06:36Z,219000811,54.884325,11.461400,7.6,Under way using engine
2026-10-02T07:07:03Z,219000809,54.916095,11.360050,0.0,Under way using engine
2026-10-02T07:07:04Z,219002177,54.916367,11.361110,2.7,Under way using engine
2026-10-02T07:07:09Z,219000811,54.885175,11.459955,7.7,Under way using engine
2026-10-02T07:07:34Z,219000809,54.916105,11.360042,0.0,Under way using engine
2026-10-02T07:07:34Z,219002177,54.916365,11.362058,4.4,Under way using engine
2026-10-02T07:07:49Z,219000811,54.886228,11.458255,7.8,Under way using engine
2026-10-02T07:08:04Z,219002177,54.916433,11.363263,5.3,Under way using engine
2026-10-02T07:08:14Z,219000809,54.916102,11.360043,0.0,Under way using engine
2026-10-02T07:08:20Z,219000811,54.887085,11.456903,7.8,Under way using engine
2026-10-02T07:08:34Z,219002177,54.916505,11.364608,5.7,Under way using engine
2026-10-02T07:08:44Z,219000809,54.916090,11.360052,0.0,Under way using engine
2026-10-02T07:09:00Z,219000811,54.888082,11.455248,7.7,Under way using engine
2026-10-02T07:09:04Z,219002177,54.916587,11.366037,6.1,Under way using engine
2026-10-02T07:09:14Z,219000809,54.916092,11.360058,0.0,Under way using engine
2026-10-02T07:09:40Z,219000811,54.889122,11.453535,7.6,Under way using engine
2026-10-02T07:09:44Z,219000809,54.916087,11.360072,0.0,Under way using engine
2026-10-02T07:09:45Z,219002177,54.916743,11.368078,6.3,Under way using engine
2026-10-02T07:10:10Z,219000811,54.889880,11.452272,7.6,Under way using engine
2026-10-02T07:10:14Z,219000809,54.916133,11.360035,0.0,Under way using engine
2026-10-02T07:10:25Z,219002177,54.917060,11.369988,6.3,Under way using engine
2026-10-02T07:10:40Z,219000811,54.890613,11.451063,7.6,Under way using engine
2026-10-02T07:10:44Z,219000809,54.916088,11.360045,0.0,Under way using engine
2026-10-02T07:10:55Z,219002177,54.917517,11.371215,5.8,Under way using engine
2026-10-02T07:11:10Z,219000811,54.891382,11.449698,7.7,Under way using engine
2026-10-02T07:11:14Z,219000809,54.916098,11.360042,0.0,Under way using engine
2026-10-02T07:11:33Z,219002177,54.918515,11.371717,6.0,Under way using engine
2026-10-02T07:11:40Z,219000811,54.892100,11.448265,7.8,Under way using engine
2026-10-02T07:11:44Z,219000809,54.916090,11.360028,0.0,Under way using engine
2026-10-02T07:12:04Z,219002177,54.919375,11.371793,6.2,Under way using engine
2026-10-02T07:12:10Z,219000811,54.892823,11.446850,7.9,Under way using engine
2026-10-02T07:12:14Z,219000809,54.916108,11.360018,0.0,Under way using engine
2026-10-02T07:12:40Z,219000811,54.893542,11.445418,7.9,Under way using engine
2026-10-02T07:12:44Z,219000809,54.916128,11.360025,0.0,Under way using engine
2026-10-02T07:12:45Z,219002177,54.920578,11.371872,6.5,Under way using engine
2026-10-02T07:13:10Z,219000811,54.894212,11.443872,7.8,Under way using engine
2026-10-02T07:13:14Z,219000809,54.916115,11.360035,0.0,Under way using engine
2026-10-02T07:13:24Z,219002177,54.921755,11.371895,6.6,Under way using engine
2026-10-02T07:13:40Z,219000811,54.894833,11.442357,7.8,Under way using engine
2026-10-02T07:13:53Z,219000809,54.916113,11.360038,0.0,Under way using engine
2026-10-02T07:13:54Z,219002177,54.922688,11.371885,6.7,Under way using engine
2026-10-02T07:14:10Z,219000811,54.895418,11.440788,7.8,Under way using engine
2026-10-02T07:14:23Z,219000809,54.916118,11.360030,0.0,Under way using engine
2026-10-02T07:14:24Z,219002177,54.923600,11.371892,6.7,Under way using engine
2026-10-02T07:14:40Z,219000811,54.895997,11.439192,7.8,Under way using engine
2026-10-02T07:14:53Z,219000809,54.916118,11.360025,0.0,Under way using engine
2026-10-02T07:14:54Z,219002177,54.924542,11.371893,6.7,Under way using engine
2026-10-02T07:15:19Z,219000811,54.896697,11.437148,7.8,Under way using engine
2026-10-02T07:15:23Z,219000809,54.916115,11.360043,0.0,Under way using engine
2026-10-02T07:15:24Z,219002177,54.925490,11.371843,6.7,Under way using engine
2026-10-02T07:15:49Z,219000811,54.897223,11.435437,7.8,Under way using engine
2026-10-02T07:15:53Z,219000809,54.916100,11.360050,0.0,Under way using engine
2026-10-02T07:15:54Z,219002177,54.926428,11.371840,6.7,Under way using engine
2026-10-02T07:16:19Z,219000811,54.897720,11.433767,7.8,Under way using engine
2026-10-02T07:16:23Z,219000809,54.916107,11.360030,0.0,Under way using engine
2026-10-02T07:16:24Z,219002177,54.927353,11.371802,6.7,Under way using engine
2026-10-02T07:16:49Z,219000811,54.898207,11.432108,7.8,Under way using engine
2026-10-02T07:16:53Z,219000809,54.916088,11.360028,0.0,Under way using engine
2026-10-02T07:16:54Z,219002177,54.928277,11.371797,6.8,Under way using engine
2026-10-02T07:17:19Z,219000811,54.898702,11.430403,7.8,Under way using engine
2026-10-02T07:17:23Z,219000809,54.916087,11.360013,0.0,Under way using engine
2026-10-02T07:17:24Z,219002177,54.929203,11.371753,6.7,Under way using engine
2026-10-02T07:17:49Z,219000811,54.899173,11.428703,7.8,Under way using engine
2026-10-02T07:17:53Z,219000809,54.916082,11.360038,0.0,Under way using engine
2026-10-02T07:17:54Z,219002177,54.930130,11.371695,6.7,Under way using engine
2026-10-02T07:18:19Z,219000811,54.899627,11.426995,7.8,Under way using engine
2026-10-02T07:18:23Z,219000809,54.916102,11.360037,0.0,Under way using engine
2026-10-02T07:18:24Z,219002177,54.931080,11.371618,6.7,Under way using engine
2026-10-02T07:18:49Z,219000811,54.900078,11.425338,7.9,Under way using engine
2026-10-02T07:18:53Z,219000809,54.916095,11.360035,0.0,Under way using engine
2026-10-02T07:18:54Z,219002177,54.931995,11.371532,6.7,Under way using engine
2026-10-02T07:19:19Z,219000811,54.900557,11.423580,7.9,Under way using engine
2026-10-02T07:19:23Z,219000809,54.916102,11.360027,0.0,Under way using engine
2026-10-02T07:19:24Z,219002177,54.932908,11.371480,6.7,Under way using engine
2026-10-02T07:19:49Z,219000811,54.901032,11.421807,7.9,Under way using engine
2026-10-02T07:19:53Z,219000809,54.916105,11.360027,0.0,Under way using engine
2026-10-02T07:19:54Z,219002177,54.933820,11.371365,6.6,Under way using engine
2026-10-02T07:20:19Z,219000811,54.901482,11.420175,7.9,Under way using engine
2026-10-02T07:20:23Z,219000809,54.916097,11.360023,0.0,Under way using engine
2026-10-02T07:20:24Z,219002177,54.934687,11.371425,6.1,Under way using engine
2026-10-02T07:20:49Z,219000811,54.901912,11.418375,7.9,Under way using engine
2026-10-02T07:20:53Z,219000809,54.916107,11.360027,0.0,Under way using engine
2026-10-02T07:20:54Z,219002177,54.935420,11.371553,4.7,Under way using engine
2026-10-02T07:21:19Z,219000811,54.902313,11.416600,7.9,Under way using engine
2026-10-02T07:21:23Z,219000809,54.916063,11.360583,3.6,Under way using engine
2026-10-02T07:21:24Z,219002177,54.935825,11.371802,2.3,Under way using engine
2026-10-02T07:21:49Z,219000811,54.902718,11.414833,7.9,Under way using engine
2026-10-02T07:21:53Z,219000809,54.916145,11.361857,5.9,Under way using engine
2026-10-02T07:21:54Z,219002177,54.935975,11.371945,0.8,Under way using engine
2026-10-02T07:22:19Z,219000811,54.903125,11.413033,7.9,Under way using engine
2026-10-02T07:22:23Z,219000809,54.916330,11.363440,7.3,Under way using engine
2026-10-02T07:22:24Z,219002177,54.935985,11.371967,0.0,Under way using engine
2026-10-02T07:22:49Z,219000811,54.903518,11.411265,7.9,Under way using engine
2026-10-02T07:22:53Z,219000809,54.916458,11.365315,7.7,Under way using engine
2026-10-02T07:22:54Z,219002177,54.935972,11.371973,0.0,Under way using engine
2026-10-02T07:23:19Z,219000811,54.903922,11.409428,7.9,Under way using engine
2026-10-02T07:23:24Z,219000809,54.916662,11.367347,8.6,Under way using engine
2026-10-02T07:23:24Z,219002177,54.935972,11.371963,0.0,Under way using engine
2026-10-02T07:23:49Z,219000811,54.904295,11.407718,7.9,Under way using engine
2026-10-02T07:23:54Z,219002177,54.935977,11.371973,0.0,Under way using engine
2026-10-02T07:24:04Z,219000809,54.916882,11.370202,9.1,Under way using engine
2026-10-02T07:24:19Z,219000811,54.904695,11.405912,7.8,Under way using engine
2026-10-02T07:24:24Z,219002177,54.935983,11.371993,0.0,Under way using engine
2026-10-02T07:24:34Z,219000809,54.916872,11.372380,8.8,Under way using engine
2026-10-02T07:24:49Z,219000811,54.905095,11.404262,7.8,Under way using engine
2026-10-02T07:24:54Z,219002177,54.935987,11.371980,0.0,Under way using engine
2026-10-02T07:25:04Z,219000809,54.916258,11.374198,8.9,Under way using engine
2026-10-02T07:25:19Z,219000811,54.905543,11.402428,7.8,Under way using engine
2026-10-02T07:25:24Z,219002177,54.935967,11.371977,0.0,Under way using engine
2026-10-02T07:25:44Z,219000809,54.915342,11.376697,9.3,Under way using engine
2026-10-02T07:25:49Z,219000811,54.905962,11.400768,7.8,Under way using engine
2026-10-02T07:25:54Z,219002177,54.935972,11.371992,0.0,Under way using engine
2026-10-02T07:26:14Z,219000809,54.914588,11.378565,9.4,Under way using engine
2026-10-02T07:26:19Z,219000811,54.906425,11.399100,7.7,Under way using engine
2026-10-02T07:26:24Z,219002177,54.935967,11.372002,0.0,Under way using engine
2026-10-02T07:26:44Z,219000809,54.913863,11.380458,9.4,Under way using engine
2026-10-02T07:26:49Z,219000811,54.906867,11.397370,7.8,Under way using engine
2026-10-02T07:26:54Z,219002177,54.935965,11.371982,0.0,Under way using engine
2026-10-02T07:27:14Z,219000809,54.913178,11.382375,9.4,Under way using engine
2026-10-02T07:27:19Z,219000811,54.907245,11.395595,7.8,Under way using engine
2026-10-02T07:27:24Z,219002177,54.935980,11.371978,0.0,Under way using engine
2026-10-02T07:27:44Z,219000809,54.912460,11.384272,9.4,Under way using engine
2026-10-02T07:27:49Z,219000811,54.907558,11.393865,7.8,Under way using engine
2026-10-02T07:27:54Z,219002177,54.935985,11.371950,0.0,Under way using engine
2026-10-02T07:28:14Z,219000809,54.911723,11.386132,9.5,Under way using engine
2026-10-02T07:28:19Z,219000811,54.907867,11.391962,7.9,Under way using engine
2026-10-02T07:28:24Z,219002177,54.935985,11.371970,0.0,Under way using engine
2026-10-02T07:28:44Z,219000809,54.910980,11.388070,9.4,Under way using engine
2026-10-02T07:28:49Z,219000811,54.908172,11.390145,7.9,Under way using engine
2026-10-02T07:28:54Z,219002177,54.935938,11.371992,0.0,Under way using engine
2026-10-02T07:29:14Z,219000809,54.910270,11.389950,9.5,Under way using engine
2026-10-02T07:29:19Z,219000811,54.908608,11.388480,7.6,Under way using engine
2026-10-02T07:29:24Z,219002177,54.935972,11.371968,0.0,Under way using engine
2026-10-02T07:29:44Z,219000809,54.909513,11.391845,9.4,Under way using engine
2026-10-02T07:29:49Z,219000811,54.909282,11.387095,7.8,Under way using engine
2026-10-02T07:29:55Z,219002177,54.935972,11.371985,0.1,Under way using engine
2026-10-02T07:30:14Z,219000809,54.908785,11.393702,9.5,Under way using engine
2026-10-02T07:30:19Z,219000811,54.910033,11.385573,7.9,Under way using engine
2026-10-02T07:30:33Z,219002177,54.935832,11.371858,2.0,Under way using engine
2026-10-02T07:30:54Z,219000809,54.908093,11.396362,9.1,Under way using engine
2026-10-02T07:31:05Z,219002177,54.935407,11.371465,3.8,Under way using engine
2026-10-02T07:31:10Z,219000811,54.911232,11.383175,7.9,Under way using engine
2026-10-02T07:31:33Z,219000809,54.908382,11.399007,8.7,Under way using engine
2026-10-02T07:31:44Z,219002177,54.934608,11.370955,5.1,Under way using engine
2026-10-02T07:31:48Z,219000811,54.912140,11.381308,7.9,Under way using engine
2026-10-02T07:32:03Z,219000809,54.909097,11.400750,9.0,Under way using engine
2026-10-02T07:32:19Z,219000811,54.912865,11.379850,7.8,Under way using engine
2026-10-02T07:32:25Z,219002177,54.933530,11.370848,5.9,Under way using engine
2026-10-02T07:32:33Z,219000809,54.909893,11.402508,9.2,Under way using engine
2026-10-02T07:32:55Z,219002177,54.932733,11.370867,6.2,Under way using engine
2026-10-02T07:32:59Z,219000811,54.913798,11.377928,7.8,Under way using engine
2026-10-02T07:33:03Z,219000809,54.910633,11.404263,9.1,Under way using engine
2026-10-02T07:33:25Z,219002177,54.931825,11.370967,6.5,Under way using engine
2026-10-02T07:33:29Z,219000811,54.914522,11.376472,7.9,Under way using engine
2026-10-02T07:33:33Z,219000809,54.911410,11.405985,9.1,Under way using engine
2026-10-02T07:33:55Z,219002177,54.930923,11.371067,6.6,Under way using engine
2026-10-02T07:33:59Z,219000811,54.915202,11.375097,7.9,Under way using engine
2026-10-02T07:34:03Z,219000809,54.912212,11.407683,9.1,Under way using engine
2026-10-02T07:34:29Z,219000811,54.915932,11.373572,7.9,Under way using engine
2026-10-02T07:34:33Z,219000809,54.913015,11.409412,9.2,Under way using engine
2026-10-02T07:34:44Z,219002177,54.929418,11.371255,6.7,Under way using engine
2026-10-02T07:34:59Z,219000811,54.916420,11.372072,7.7,Under way using engine
2026-10-02T07:35:03Z,219000809,54.913822,11.411105,9.2,Under way using engine
2026-10-02T07:35:25Z,219002177,54.928142,11.371443,6.7,Under way using engine
2026-10-02T07:35:29Z,219000811,54.916682,11.370160,7.7,Under way using engine
2026-10-02T07:35:33Z,219000809,54.914638,11.412828,9.2,Under way using engine
2026-10-02T07:35:59Z,219000811,54.916683,11.368395,7.8,Under way using engine
2026-10-02T07:36:03Z,219000809,54.915455,11.414527,9.3,Under way using engine
2026-10-02T07:36:05Z,219002177,54.926897,11.371527,6.7,Under way using engine
2026-10-02T07:36:29Z,219000811,54.916593,11.366425,7.7,Under way using engine
2026-10-02T07:36:33Z,219000809,54.916278,11.416228,9.2,Under way using engine
2026-10-02T07:36:54Z,219002177,54.925375,11.371648,6.7,Under way using engine
2026-10-02T07:36:59Z,219000811,54.916505,11.364768,7.1,Under way using engine
2026-10-02T07:37:03Z,219000809,54.917088,11.417947,9.3,Under way using engine
2026-10-02T07:37:24Z,219002177,54.924460,11.371735,6.6,Under way using engine
2026-10-02T07:37:30Z,219000811,54.916368,11.363252,6.1,Under way using engine
2026-10-02T07:37:33Z,219000809,54.917922,11.419692,9.4,Under way using engine
2026-10-02T07:37:54Z,219002177,54.923538,11.371780,6.6,Under way using engine
2026-10-02T07:38:03Z,219000809,54.918745,11.421427,9.4,Under way using engine
2026-10-02T07:38:10Z,219000811,54.916160,11.361747,4.6,Under way using engine
2026-10-02T07:38:24Z,219002177,54.922632,11.371817,6.6,Under way using engine
2026-10-02T07:38:33Z,219000809,54.919548,11.423157,9.3,Under way using engine
2026-10-02T07:38:43Z,219000811,54.916067,11.360948,2.8,Under way using engine
2026-10-02T07:38:54Z,219002177,54.921707,11.371822,6.5,Under way using engine
2026-10-02T07:39:03Z,219000809,54.920358,11.424855,9.3,Under way using engine
2026-10-02T07:39:13Z,219000811,54.915983,11.360895,0.6,Under way using engine
2026-10-02T07:39:24Z,219002177,54.920797,11.371783,6.4,Under way using engine
2026-10-02T07:39:33Z,219000809,54.921180,11.426575,9.3,Under way using engine
2026-10-02T07:39:43Z,219000811,54.915922,11.361003,0.6,Under way using engine
2026-10-02T07:39:55Z,219002177,54.919912,11.371770,6.3,Under way using engine
2026-10-02T07:40:04Z,219000809,54.922037,11.428337,9.2,Under way using engine
2026-10-02T07:40:13Z,219000811,54.915923,11.360885,0.7,Under way using engine
2026-10-02T07:40:34Z,219000809,54.922837,11.429995,9.3,Under way using engine
2026-10-02T07:40:35Z,219002177,54.918770,11.371575,6.1,Under way using engine
2026-10-02T07:40:43Z,219000811,54.915920,11.360522,1.5,Under way using engine
2026-10-02T07:41:04Z,219000809,54.923660,11.431737,9.0,Under way using engine
2026-10-02T07:41:05Z,219002177,54.917922,11.371183,6.1,Under way using engine
2026-10-02T07:41:13Z,219000811,54.915972,11.360198,1.3,Under way using engine
2026-10-02T07:41:34Z,219000809,54.924428,11.433438,9.4,Under way using engine
2026-10-02T07:41:35Z,219002177,54.917210,11.370592,5.7,Under way using engine
2026-10-02T07:41:48Z,219000811,54.916033,11.360077,0.5,Under way using engine
2026-10-02T07:42:04Z,219000809,54.925277,11.435168,9.3,Under way using engine
2026-10-02T07:42:05Z,219002177,54.916800,11.369382,5.6,Under way using engine
2026-10-02T07:42:20Z,219000811,54.916052,11.360022,0.2,Under way using engine
2026-10-02T07:42:34Z,219000809,54.926053,11.436907,9.4,Under way using engine
2026-10-02T07:42:35Z,219002177,54.916697,11.368115,5.7,Under way using engine
2026-10-02T07:43:00Z,219000811,54.916055,11.359970,0.1,Under way using engine
2026-10-02T07:43:05Z,219002177,54.916638,11.366660,5.8,Under way using engine
2026-10-02T07:43:14Z,219000809,54.927173,11.439195,9.2,Under way using engine
2026-10-02T07:43:30Z,219000811,54.916057,11.359967,0.0,Under way using engine
2026-10-02T07:43:35Z,219002177,54.916492,11.365317,5.9,Under way using engine
2026-10-02T07:43:44Z,219000809,54.927968,11.440940,9.3,Under way using engine
2026-10-02T07:44:00Z,219000811,54.916060,11.359968,0.0,Under way using engine
2026-10-02T07:44:14Z,219000809,54.928783,11.442653,9.2,Under way using engine
2026-10-02T07:44:14Z,219002177,54.916345,11.363455,6.0,Under way using engine
2026-10-02T07:44:30Z,219000811,54.916057,11.359970,0.1,Under way using engine
2026-10-02T07:44:44Z,219000809,54.929577,11.444377,9.2,Under way using engine
2026-10-02T07:44:45Z,219002177,54.916325,11.362095,5.0,Under way using engine
2026-10-02T07:45:00Z,219000811,54.916058,11.359965,0.0,Under way using engine
2026-10-02T07:45:14Z,219000809,54.930367,11.446065,8.9,Under way using engine
2026-10-02T07:45:15Z,219002177,54.916368,11.361198,2.8,Under way using engine
2026-10-02T07:45:39Z,219000811,54.916055,11.359967,0.0,Under way using engine
2026-10-02T07:45:44Z,219000809,54.931163,11.447787,9.3,Under way using engine
2026-10-02T07:45:45Z,219002177,54.916367,11.360827,1.3,Under way using engine
2026-10-02T07:46:09Z,219000811,54.916053,11.359965,0.0,Under way using engine
2026-10-02T07:46:14Z,219000809,54.931917,11.449595,9.3,Under way using engine
2026-10-02T07:46:15Z,219002177,54.916358,11.360565,0.8,Under way using engine
2026-10-02T07:46:39Z,219000811,54.916050,11.359965,0.0,Under way using engine
2026-10-02T07:46:44Z,219000809,54.932535,11.451575,9.4,Under way using engine
2026-10-02T07:46:45Z,219002177,54.916365,11.360567,0.0,Under way using engine
2026-10-02T07:47:09Z,219000811,54.916052,11.359963,0.0,Under way using engine
2026-10-02T07:47:14Z,219000809,54.933073,11.453587,9.3,Under way using engine
2026-10-02T07:47:15Z,219002177,54.916368,11.360583,0.0,Under way using engine
2026-10-02T07:47:39Z,219000811,54.916052,11.359967,0.0,Under way using engine
2026-10-02T07:47:44Z,219000809,54.933692,11.455558,9.3,Under way using engine
2026-10-02T07:47:45Z,219002177,54.916353,11.360567,0.0,Under way using engine
2026-10-02T07:48:09Z,219000811,54.916052,11.359963,0.0,Under way using engine
2026-10-02T07:48:14Z,219000809,54.934315,11.457518,9.3,Under way using engine
2026-10-02T07:48:15Z,219002177,54.916357,11.360560,0.0,Under way using engine
2026-10-02T07:48:39Z,219000811,54.916048,11.359963,0.0,Under way using engine
2026-10-02T07:48:44Z,219000809,54.934917,11.459515,9.3,Under way using engine
2026-10-02T07:48:54Z,219002177,54.916357,11.360587,0.0,Under way using engine
2026-10-02T07:49:09Z,219000811,54.916047,11.359967,0.0,Under way using engine
2026-10-02T07:49:14Z,219000809,54.935555,11.461443,9.3,Under way using engine
2026-10-02T07:49:24Z,219002177,54.916368,11.360580,0.0,Under way using engine
2026-10-02T07:49:39Z,219000811,54.916048,11.359965,0.0,Under way using engine
2026-10-02T07:49:44Z,219000809,54.936137,11.463442,9.2,Under way using engine
2026-10-02T07:49:54Z,219002177,54.916365,11.360572,0.0,Under way using engine
2026-10-02T07:50:09Z,219000811,54.916048,11.359968,0.0,Under way using engine
2026-10-02T07:50:14Z,219000809,54.936745,11.465392,9.2,Under way using engine
2026-10-02T07:50:24Z,219002177,54.916363,11.360577,0.0,Under way using engine
2026-10-02T07:50:39Z,219000811,54.916048,11.359970,0.0,Under way using engine
2026-10-02T07:50:44Z,219000809,54.937325,11.467357,9.2,Under way using engine
2026-10-02T07:50:55Z,219002177,54.916362,11.360582,0.0,Under way using engine
2026-10-02T07:51:09Z,219000811,54.916050,11.359972,0.0,Under way using engine
2026-10-02T07:51:14Z,219000809,54.937928,11.469298,9.2,Under way using engine
2026-10-02T07:51:33Z,219002177,54.916358,11.360548,0.0,Under way using engine
2026-10-02T07:51:39Z,219000811,54.916053,11.359972,0.0,Under way using engine
2026-10-02T07:51:44Z,219000809,54.938512,11.471252,9.2,Under way using engine
2026-10-02T07:52:04Z,219002177,54.916355,11.360523,0.0,Under way using engine
2026-10-02T07:52:09Z,219000811,54.916057,11.359970,0.0,Under way using engine
2026-10-02T07:52:14Z,219000809,54.939092,11.473235,9.2,Under way using engine
2026-10-02T07:52:39Z,219000811,54.916057,11.359970,0.0,Under way using engine
2026-10-02T07:52:44Z,219000809,54.939662,11.475178,9.1,Under way using engine
2026-10-02T07:52:44Z,219002177,54.916355,11.360548,0.0,Under way using engine
2026-10-02T07:53:09Z,219000811,54.916055,11.359973,0.0,Under way using engine
2026-10-02T07:53:14Z,219000809,54.940437,11.476773,8.8,Under way using engine
2026-10-02T07:53:14Z,219002177,54.916357,11.360545,0.0,Under way using engine
2026-10-02T07:53:39Z,219000811,54.916025,11.360435,2.1,Under way using engine
2026-10-02T07:53:44Z,219000809,54.941310,11.478298,8.9,Under way using engine
2026-10-02T07:53:55Z,219002177,54.916362,11.360555,0.0,Under way using engine
2026-10-02T07:54:10Z,219000811,54.916108,11.361867,6.1,Under way using engine
2026-10-02T07:54:14Z,219000809,54.942165,11.479858,8.9,Under way using engine
2026-10-02T07:54:25Z,219002177,54.916368,11.360552,0.0,Under way using engine
2026-10-02T07:54:44Z,219000809,54.943178,11.480995,8.7,Under way using engine
2026-10-02T07:54:49Z,219000811,54.916300,11.364202,7.6,Under way using engine
2026-10-02T07:54:55Z,219002177,54.916358,11.360548,0.0,Under way using engine
2026-10-02T07:55:20Z,219000811,54.916450,11.366177,7.9,Under way using engine
2026-10-02T07:55:25Z,219002177,54.916357,11.360542,0.0,Under way using engine
2026-10-02T07:55:34Z,219000809,54.945150,11.481897,8.8,Under way using engine
2026-10-02T07:55:55Z,219002177,54.916367,11.360540,0.0,Under way using engine
2026-10-02T07:56:00Z,219000811,54.916503,11.368713,7.9,Under way using engine
2026-10-02T07:56:04Z,219000809,54.946340,11.482438,8.9,Under way using engine
2026-10-02T07:56:30Z,219000811,54.916030,11.370310,7.5,Under way using engine
2026-10-02T07:56:34Z,219000809,54.947527,11.482997,8.9,Under way using engine
2026-10-02T07:56:34Z,219002177,54.916362,11.360563,0.0,Under way using engine
2026-10-02T07:57:00Z,219000811,54.915418,11.371845,7.7,Under way using engine
2026-10-02T07:57:04Z,219000809,54.948715,11.483565,9.0,Under way using engine
2026-10-02T07:57:05Z,219002177,54.916362,11.360548,0.0,Under way using engine
2026-10-02T07:57:30Z,219000811,54.914865,11.373445,7.8,Under way using engine
2026-10-02T07:57:43Z,219000809,54.950265,11.484362,9.0,Under way using engine
2026-10-02T07:57:44Z,219002177,54.916355,11.360580,0.0,Under way using engine
2026-10-02T07:58:00Z,219000811,54.914267,11.375115,7.9,Under way using engine
2026-10-02T07:58:14Z,219000809,54.951498,11.484980,9.0,Under way using engine
2026-10-02T07:58:14Z,219002177,54.916362,11.360577,0.0,Under way using engine
2026-10-02T07:58:30Z,219000811,54.913668,11.376742,8.0,Under way using engine
2026-10-02T07:58:44Z,219002177,54.916353,11.360557,0.0,Under way using engine
2026-10-02T07:58:54Z,219000809,54.953078,11.485825,8.9,Under way using engine
2026-10-02T07:59:00Z,219000811,54.913073,11.378352,8.1,Under way using engine
2026-10-02T07:59:24Z,219000809,54.954265,11.486448,9.0,Under way using engine
2026-10-02T07:59:24Z,219002177,54.916363,11.360550,0.0,Under way using engine
2026-10-02T07:59:39Z,219000811,54.912290,11.380507,8.1,Under way using engine
2026-10-02T07:59:55Z,219002177,54.916355,11.360553,0.0,Under way using engine
2026-10-02T08:00:04Z,219000809,54.955828,11.487322,8.9,Under way using engine
2026-10-02T08:00:20Z,219000811,54.911440,11.382818,8.3,Under way using engine
2026-10-02T08:00:34Z,219002177,54.916363,11.360552,0.0,Under way using engine
2026-10-02T08:00:43Z,219000809,54.957338,11.488158,8.9,Under way using engine
2026-10-02T08:01:00Z,219000811,54.910568,11.385223,8.6,Under way using engine
2026-10-02T08:01:05Z,219002177,54.916377,11.360560,0.0,Under way using engine
2026-10-02T08:01:14Z,219000809,54.958570,11.488815,9.0,Under way using engine
2026-10-02T08:01:30Z,219000811,54.909942,11.386927,8.7,Under way using engine
2026-10-02T08:01:44Z,219002177,54.916362,11.360577,0.0,Under way using engine
2026-10-02T08:01:53Z,219000809,54.960115,11.489647,8.9,Under way using engine
2026-10-02T08:02:00Z,219000811,54.909325,11.388740,8.8,Under way using engine
2026-10-02T08:02:14Z,219002177,54.916368,11.360557,0.0,Under way using engine
2026-10-02T08:02:24Z,219000809,54.961338,11.490353,9.0,Under way using engine
2026-10-02T08:02:30Z,219000811,54.908698,11.390605,8.8,Under way using engine
2026-10-02T08:02:44Z,219002177,54.916360,11.360572,0.0,Under way using engine
2026-10-02T08:03:00Z,219000811,54.908100,11.392352,8.8,Under way using engine
2026-10-02T08:03:03Z,219000809,54.962792,11.491500,8.9,Under way using engine
2026-10-02T08:03:14Z,219002177,54.916353,11.360557,0.0,Under way using engine
2026-10-02T08:03:30Z,219000811,54.907478,11.394228,8.8,Under way using engine
2026-10-02T08:03:33Z,219000809,54.963770,11.492717,9.1,Under way using engine
2026-10-02T08:03:44Z,219002177,54.916362,11.360572,0.1,Under way using engine
2026-10-02T08:04:00Z,219000811,54.906857,11.396055,8.9,Under way using engine
2026-10-02T08:04:03Z,219000809,54.964820,11.494107,9.1,Under way using engine
2026-10-02T08:04:14Z,219002177,54.916363,11.360563,0.0,Under way using engine
2026-10-02T08:04:30Z,219000811,54.906197,11.397995,9.1,Under way using engine
2026-10-02T08:04:33Z,219000809,54.965840,11.495395,9.2,Under way using engine
2026-10-02T08:04:45Z,219002177,54.916367,11.360572,0.0,Under way using engine
2026-10-02T08:05:00Z,219000811,54.905577,11.399880,9.1,Under way using engine
2026-10-02T08:05:03Z,219000809,54.966853,11.496722,9.3,Under way using engine
2026-10-02T08:05:25Z,219002177,54.916357,11.360648,0.7,Under way using engine
2026-10-02T08:05:30Z,219000811,54.904915,11.401825,9.1,Under way using engine
2026-10-02T08:05:33Z,219000809,54.967893,11.498045,9.2,Under way using engine
2026-10-02T08:05:55Z,219002177,54.916353,11.361083,2.4,Under way using engine
2026-10-02T08:06:00Z,219000811,54.904298,11.403662,9.1,Under way using engine
2026-10-02T08:06:03Z,219000809,54.968922,11.499347,9.3,Under way using engine
2026-10-02T08:06:25Z,219002177,54.916323,11.361900,3.7,Under way using engine
2026-10-02T08:06:30Z,219000811,54.903663,11.405575,9.2,Under way using engine
2026-10-02T08:06:33Z,219000809,54.969972,11.500647,9.2,Under way using engine
2026-10-02T08:06:55Z,219002177,54.916333,11.362863,4.4,Under way using engine
2026-10-02T08:07:00Z,219000811,54.903013,11.407552,9.2,Under way using engine
2026-10-02T08:07:03Z,219000809,54.971007,11.501918,9.2,Under way using engine
2026-10-02T08:07:30Z,219000811,54.902422,11.409487,9.2,Under way using engine
2026-10-02T08:07:33Z,219000809,54.971997,11.503327,9.1,Under way using engine
2026-10-02T08:07:34Z,219002177,54.916373,11.363602,4.8,Under way using engine
2026-10-02T08:08:00Z,219000811,54.901840,11.411420,9.1,Under way using engine
2026-10-02T08:08:04Z,219000809,54.972452,11.505278,8.4,Under way using engine
2026-10-02T08:08:14Z,219002177,54.916523,11.366112,5.5,Under way using engine
2026-10-02T08:08:30Z,219000811,54.901250,11.413380,8.9,Under way using engine
2026-10-02T08:08:44Z,219000809,54.972170,11.507975,8.6,Under way using engine
2026-10-02T08:08:45Z,219002177,54.916653,11.367483,5.8,Under way using engine
2026-10-02T08:09:00Z,219000811,54.900690,11.415267,9.0,Under way using engine
2026-10-02T08:09:14Z,219000809,54.972030,11.509840,7.7,Under way using engine
2026-10-02T08:09:25Z,219002177,54.916853,11.369380,5.9,Under way using engine
2026-10-02T08:09:30Z,219000811,54.900127,11.417177,9.1,Under way using engine
2026-10-02T08:09:44Z,219000809,54.971970,11.511530,6.4,Under way using engine
2026-10-02T08:09:55Z,219002177,54.917158,11.370618,5.7,Under way using engine
2026-10-02T08:10:00Z,219000811,54.899542,11.419183,9.0,Under way using engine
2026-10-02T08:10:14Z,219000809,54.971908,11.512823,4.9,Under way using engine
2026-10-02T08:10:25Z,219002177,54.917743,11.371472,5.5,Under way using engine
2026-10-02T08:10:30Z,219000811,54.898987,11.421098,9.0,Under way using engine
2026-10-02T08:10:44Z,219000809,54.971885,11.513657,3.1,Under way using engine
2026-10-02T08:11:00Z,219000811,54.898433,11.423027,9.0,Under way using engine
2026-10-02T08:11:03Z,219002177,54.918687,11.371948,5.7,Under way using engine
2026-10-02T08:11:14Z,219000809,54.971905,11.514187,1.8,Under way using engine
2026-10-02T08:11:30Z,219000811,54.897862,11.425028,9.0,Under way using engine
2026-10-02T08:11:34Z,219002177,54.919507,11.371990,5.8,Under way using engine
2026-10-02T08:11:44Z,219000809,54.971895,11.514443,0.9,Under way using engine
2026-10-02T08:12:00Z,219000811,54.897313,11.426950,9.0,Under way using engine
2026-10-02T08:12:14Z,219000809,54.971923,11.514562,0.2,Under way using engine
2026-10-02T08:12:14Z,219002177,54.920618,11.371967,6.0,Under way using engine
2026-10-02T08:12:30Z,219000811,54.896760,11.428878,9.0,Under way using engine
2026-10-02T08:12:44Z,219000809,54.971903,11.514557,0.0,Under way using engine
2026-10-02T08:12:44Z,219002177,54.921457,11.371977,6.1,Under way using engine
2026-10-02T08:13:00Z,219000811,54.896205,11.430823,9.1,Under way using engine
2026-10-02T08:13:14Z,219000809,54.971915,11.514592,0.0,Under way using engine
2026-10-02T08:13:14Z,219002177,54.922323,11.371945,6.2,Under way using engine
2026-10-02T08:13:30Z,219000811,54.895628,11.432850,9.1,Under way using engine
2026-10-02T08:13:44Z,219000809,54.971893,11.514572,0.0,Under way using engine
2026-10-02T08:13:44Z,219002177,54.923180,11.371898,6.2,Under way using engine
2026-10-02T08:14:00Z,219000811,54.895088,11.434723,9.1,Under way using engine
2026-10-02T08:14:14Z,219000809,54.971927,11.514622,0.0,Under way using engine
2026-10-02T08:14:14Z,219002177,54.924063,11.371875,6.3,Under way using engine
2026-10-02T08:14:30Z,219000811,54.894520,11.436732,9.1,Under way using engine
2026-10-02T08:14:44Z,219002177,54.924923,11.371812,6.3,Under way using engine
2026-10-02T08:14:53Z,219000809,54.971878,11.514573,0.0,Under way using engine
2026-10-02T08:15:00Z,219000811,54.893945,11.438700,9.2,Under way using engine
2026-10-02T08:15:14Z,219002177,54.925808,11.371792,6.3,Under way using engine
2026-10-02T08:15:23Z,219000809,54.971912,11.514600,0.0,Under way using engine
2026-10-02T08:15:30Z,219000811,54.893355,11.440720,9.2,Under way using engine
2026-10-02T08:15:44Z,219002177,54.926692,11.371753,6.3,Under way using engine
2026-10-02T08:15:53Z,219000809,54.971898,11.514580,0.1,Under way using engine
2026-10-02T08:16:00Z,219000811,54.892793,11.442662,9.2,Under way using engine
2026-10-02T08:16:14Z,219002177,54.927537,11.371700,6.3,Under way using engine
2026-10-02T08:16:23Z,219000809,54.971912,11.514587,0.0,Under way using engine
2026-10-02T08:16:30Z,219000811,54.892248,11.444568,9.2,Under way using engine
2026-10-02T08:16:44Z,219002177,54.928405,11.371663,6.3,Under way using engine
2026-10-02T08:16:53Z,219000809,54.971913,11.514592,0.0,Under way using engine
2026-10-02T08:17:00Z,219000811,54.891645,11.446585,9.2,Under way using engine
2026-10-02T08:17:14Z,219002177,54.929288,11.371652,6.3,Under way using engine
2026-10-02T08:17:23Z,219000809,54.971915,11.514585,0.0,Under way using engine
2026-10-02T08:17:30Z,219000811,54.890993,11.448480,9.2,Under way using engine
2026-10-02T08:17:44Z,219002177,54.930120,11.371613,6.2,Under way using engine
2026-10-02T08:17:53Z,219000809,54.971930,11.514588,0.0,Under way using engine
2026-10-02T08:18:00Z,219000811,54.890272,11.450365,9.2,Under way using engine
2026-10-02T08:18:14Z,219002177,54.931013,11.371560,6.3,Under way using engine
2026-10-02T08:18:23Z,219000809,54.971902,11.514553,0.0,Under way using engine
2026-10-02T08:18:30Z,219000811,54.889567,11.452090,9.1,Under way using engine
2026-10-02T08:18:44Z,219002177,54.931848,11.371527,6.3,Under way using engine
2026-10-02T08:18:54Z,219000809,54.971893,11.514557,0.0,Under way using engine
2026-10-02T08:19:00Z,219000811,54.888743,11.453832,9.1,Under way using engine
2026-10-02T08:19:14Z,219002177,54.932733,11.371458,6.3,Under way using engine
2026-10-02T08:19:24Z,219000809,54.971898,11.514565,0.1,Under way using engine
2026-10-02T08:19:30Z,219000811,54.887883,11.455497,9.2,Under way using engine
2026-10-02T08:19:44Z,219002177,54.933580,11.371452,6.3,Under way using engine
2026-10-02T08:19:54Z,219000809,54.971912,11.514573,0.1,Under way using engine
2026-10-02T08:20:00Z,219000811,54.887003,11.457083,9.2,Under way using engine
2026-10-02T08:20:24Z,219000809,54.971912,11.514572,0.1,Under way using engine
2026-10-02T08:20:24Z,219002177,54.934743,11.371415,6.0,Under way using engine
2026-10-02T08:20:40Z,219000811,54.885878,11.459210,8.9,Under way using engine
2026-10-02T08:20:54Z,219000809,54.971908,11.514540,0.0,Under way using engine
2026-10-02T08:21:03Z,219002177,54.935548,11.371637,3.7,Under way using engine
2026-10-02T08:21:20Z,219000811,54.884795,11.461267,8.3,Under way using engine
2026-10-02T08:21:24Z,219000809,54.971898,11.514537,0.1,Under way using engine
2026-10-02T08:21:33Z,219002177,54.935838,11.371892,1.7,Under way using engine
2026-10-02T08:21:54Z,219000809,54.971897,11.514525,0.0,Under way using engine
2026-10-02T08:22:03Z,219002177,54.935905,11.371913,0.8,Under way using engine
2026-10-02T08:22:09Z,219000811,54.883578,11.463553,8.2,Under way using engine
2026-10-02T08:22:24Z,219000809,54.971907,11.514540,0.0,Under way using engine
2026-10-02T08:22:33Z,219002177,54.935957,11.371967,0.1,Under way using engine
2026-10-02T08:22:40Z,219000811,54.882758,11.465070,8.2,Under way using engine
2026-10-02T08:22:54Z,219000809,54.971910,11.514535,0.0,Under way using engine
2026-10-02T08:23:03Z,219002177,54.935950,11.371955,0.0,Under way using engine
2026-10-02T08:23:20Z,219000811,54.881695,11.467052,8.2,Under way using engine
2026-10-02T08:23:24Z,219000809,54.971908,11.514532,0.0,Under way using engine
2026-10-02T08:23:33Z,219002177,54.935938,11.371958,0.1,Under way using engine
2026-10-02T08:23:53Z,219000811,54.881192,11.468925,8.2,Under way using engine
2026-10-02T08:24:03Z,219002177,54.935953,11.371965,0.0,Under way using engine
2026-10-02T08:24:04Z,219000809,54.971900,11.514528,0.0,Under way using engine
2026-10-02T08:24:23Z,219000811,54.881118,11.470908,8.1,Under way using engine
2026-10-02T08:24:33Z,219002177,54.935955,11.371963,0.0,Under way using engine
2026-10-02T08:24:43Z,219000809,54.971893,11.514555,0.0,Under way using engine
2026-10-02T08:25:00Z,219000811,54.881047,11.473358,8.2,Under way using engine
2026-10-02T08:25:03Z,219002177,54.935965,11.371948,0.0,Under way using engine
2026-10-02T08:25:13Z,219000809,54.971895,11.514555,0.0,Under way using engine
2026-10-02T08:25:33Z,219002177,54.935957,11.371958,0.0,Under way using engine
2026-10-02T08:25:39Z,219000811,54.880977,11.475848,8.1,Under way using engine
2026-10-02T08:25:43Z,219000809,54.971893,11.514540,0.0,Under way using engine
2026-10-02T08:26:03Z,219002177,54.935968,11.371978,0.0,Under way using engine
2026-10-02T08:26:09Z,219000811,54.880932,11.477737,7.9,Under way using engine
2026-10-02T08:26:13Z,219000809,54.971898,11.514547,0.0,Under way using engine
2026-10-02T08:26:35Z,219002177,54.935963,11.371977,0.0,Under way using engine
2026-10-02T08:26:39Z,219000811,54.880942,11.479633,7.6,Under way using engine
2026-10-02T08:26:43Z,219000809,54.971903,11.514543,0.0,Under way using engine
2026-10-02T08:27:09Z,219000811,54.881287,11.481243,7.2,Under way using engine
2026-10-02T08:27:13Z,219000809,54.971898,11.514542,0.0,Under way using engine
2026-10-02T08:27:14Z,219002177,54.935963,11.371972,0.0,Under way using engine
2026-10-02T08:27:39Z,219000811,54.882003,11.482297,6.8,Under way using engine
2026-10-02T08:27:43Z,219000809,54.971903,11.514543,0.0,Under way using engine
2026-10-02T08:27:45Z,219002177,54.935957,11.371965,0.0,Under way using engine
2026-10-02T08:28:09Z,219000811,54.882787,11.482978,6.3,Under way using engine
2026-10-02T08:28:13Z,219000809,54.971898,11.514547,0.0,Under way using engine
2026-10-02T08:28:25Z,219002177,54.935963,11.371962,0.0,Under way using engine
2026-10-02T08:28:39Z,219000811,54.883512,11.483247,5.3,Under way using engine
2026-10-02T08:28:43Z,219000809,54.971903,11.514552,0.0,Under way using engine
2026-10-02T08:29:04Z,219002177,54.935982,11.371937,0.0,Under way using engine
2026-10-02T08:29:09Z,219000811,54.884048,11.483292,3.7,Under way using engine
2026-10-02T08:29:13Z,219000809,54.971905,11.514555,0.0,Under way using engine
2026-10-02T08:29:35Z,219002177,54.935973,11.371957,0.0,Under way using engine
2026-10-02T08:29:39Z,219000811,54.884265,11.483282,1.6,Under way using engine
2026-10-02T08:29:43Z,219000809,54.971900,11.514565,0.0,Under way using engine
2026-10-02T08:30:09Z,219000811,54.884302,11.483272,0.2,Under way using engine
2026-10-02T08:30:13Z,219000809,54.971900,11.514578,0.0,Under way using engine
2026-10-02T08:30:14Z,219002177,54.935962,11.371948,0.2,Under way using engine
2026-10-02T08:30:40Z,219000811,54.884303,11.483273,0.0,Under way using engine
2026-10-02T08:30:43Z,219000809,54.971897,11.514575,0.0,Under way using engine
2026-10-02T08:30:45Z,219002177,54.935768,11.371780,2.4,Under way using engine
2026-10-02T08:31:13Z,219000809,54.971918,11.514595,0.0,Under way using engine
2026-10-02T08:31:20Z,219000811,54.884302,11.483272,0.0,Under way using engine
2026-10-02T08:31:25Z,219002177,54.935210,11.371277,4.2,Under way using engine
2026-10-02T08:31:43Z,219000809,54.971917,11.514575,0.0,Under way using engine
2026-10-02T08:31:59Z,219000811,54.884302,11.483273,0.0,Under way using engine
2026-10-02T08:32:04Z,219002177,54.934330,11.370852,5.4,Under way using engine
2026-10-02T08:32:13Z,219000809,54.971897,11.514565,0.0,Under way using engine
2026-10-02T08:32:29Z,219000811,54.884302,11.483273,0.0,Under way using engine
2026-10-02T08:32:35Z,219002177,54.933500,11.370840,5.9,Under way using engine
2026-10-02T08:32:43Z,219000809,54.971888,11.514552,0.0,Under way using engine
2026-10-02T08:32:59Z,219000811,54.884280,11.483282,0.0,Under way using engine
2026-10-02T08:33:14Z,219000809,54.971898,11.514550,0.0,Under way using engine
2026-10-02T08:33:14Z,219002177,54.932408,11.370875,6.3,Under way using engine
2026-10-02T08:33:29Z,219000811,54.883862,11.483377,3.2,Under way using engine
2026-10-02T08:33:45Z,219002177,54.931483,11.370887,6.5,Under way using engine
2026-10-02T08:33:53Z,219000809,54.971913,11.514557,0.0,Under way using engine
2026-10-02T08:33:59Z,219000811,54.883305,11.483602,4.3,Under way using engine
2026-10-02T08:34:15Z,219002177,54.930573,11.370935,6.6,Under way using engine
2026-10-02T08:34:24Z,219000809,54.971898,11.514538,0.0,Under way using engine
2026-10-02T08:34:29Z,219000811,54.883005,11.483642,2.1,Under way using engine
2026-10-02T08:34:59Z,219000811,54.882302,11.482480,7.3,Under way using engine
2026-10-02T08:35:03Z,219000809,54.971892,11.514537,0.0,Under way using engine
2026-10-02T08:35:15Z,219002177,54.928742,11.371112,6.6,Under way using engine
2026-10-02T08:35:29Z,219000811,54.881457,11.480918,8.7,Under way using engine
2026-10-02T08:35:33Z,219000809,54.971892,11.514553,0.0,Under way using engine
2026-10-02T08:35:54Z,219002177,54.927530,11.371232,6.5,Under way using engine
2026-10-02T08:35:59Z,219000811,54.881035,11.479050,8.8,Under way using engine
2026-10-02T08:36:03Z,219000809,54.971882,11.514542,0.1,Under way using engine
2026-10-02T08:36:25Z,219002177,54.926640,11.371328,6.5,Under way using engine
2026-10-02T08:36:29Z,219000811,54.881052,11.476780,8.9,Under way using engine
2026-10-02T08:36:34Z,219000809,54.971883,11.514535,0.0,Under way using engine
2026-10-02T08:36:59Z,219000811,54.881093,11.474710,8.9,Under way using engine
2026-10-02T08:37:04Z,219002177,54.925450,11.371455,6.4,Under way using engine
2026-10-02T08:37:14Z,219000809,54.971888,11.514530,0.0,Under way using engine
2026-10-02T08:37:29Z,219000811,54.881128,11.472522,9.1,Under way using engine
2026-10-02T08:37:34Z,219002177,54.924612,11.371533,6.3,Under way using engine
2026-10-02T08:37:44Z,219000809,54.971890,11.514547,0.0,Under way using engine
2026-10-02T08:37:59Z,219000811,54.881163,11.470247,9.2,Under way using engine
2026-10-02T08:38:04Z,219002177,54.923713,11.371643,6.3,Under way using engine
2026-10-02T08:38:14Z,219000809,54.971895,11.514558,0.0,Under way using engine
2026-10-02T08:38:29Z,219000811,54.881442,11.468173,9.0,Under way using engine
2026-10-02T08:38:44Z,219000809,54.971900,11.514558,0.0,Under way using engine
2026-10-02T08:38:44Z,219002177,54.922583,11.371778,6.3,Under way using engine
2026-10-02T08:38:59Z,219000811,54.882248,11.466568,9.2,Under way using engine
2026-10-02T08:39:14Z,219000809,54.971903,11.514565,0.0,Under way using engine
2026-10-02T08:39:15Z,219002177,54.921683,11.371905,6.2,Under way using engine
2026-10-02T08:39:29Z,219000811,54.883162,11.464858,9.4,Under way using engine
2026-10-02T08:39:44Z,219000809,54.971913,11.514562,0.0,Under way using engine
2026-10-02T08:39:55Z,219002177,54.920527,11.371912,6.1,Under way using engine
2026-10-02T08:39:59Z,219000811,54.884050,11.463205,9.5,Under way using engine
2026-10-02T08:40:14Z,219000809,54.971915,11.514570,0.1,Under way using engine
2026-10-02T08:40:29Z,219000811,54.884923,11.461578,9.5,Under way using engine
2026-10-02T08:40:33Z,219002177,54.919480,11.371768,6.0,Under way using engine
2026-10-02T08:40:44Z,219000809,54.971938,11.514583,0.0,Under way using engine
2026-10-02T08:41:00Z,219000811,54.885908,11.459738,9.5,Under way using engine
2026-10-02T08:41:04Z,219002177,54.918658,11.371548,5.9,Under way using engine
2026-10-02T08:41:14Z,219000809,54.971917,11.514562,0.0,Under way using engine
2026-10-02T08:41:39Z,219000811,54.887063,11.457530,9.6,Under way using engine
2026-10-02T08:41:44Z,219000809,54.971905,11.514558,0.0,Under way using engine
2026-10-02T08:41:45Z,219002177,54.917582,11.370993,5.7,Under way using engine
2026-10-02T08:42:09Z,219000811,54.887845,11.455723,9.5,Under way using engine
2026-10-02T08:42:14Z,219000809,54.971917,11.514542,0.1,Under way using engine
2026-10-02T08:42:15Z,219002177,54.917008,11.370222,5.3,Under way using engine
2026-10-02T08:42:39Z,219000811,54.888565,11.453722,9.4,Under way using engine
2026-10-02T08:42:44Z,219000809,54.971915,11.514532,0.1,Under way using engine
2026-10-02T08:42:45Z,219002177,54.916792,11.368973,5.3,Under way using engine
2026-10-02T08:43:14Z,219000809,54.971932,11.514552,0.0,Under way using engine
2026-10-02T08:43:15Z,219002177,54.916700,11.367715,5.5,Under way using engine
2026-10-02T08:43:19Z,219000811,54.889463,11.451247,9.4,Under way using engine
2026-10-02T08:43:44Z,219000809,54.971922,11.514553,0.0,Under way using engine
2026-10-02T08:43:45Z,219002177,54.916595,11.366323,5.6,Under way using engine
2026-10-02T08:43:50Z,219000811,54.890182,11.449302,9.3,Under way using engine
2026-10-02T08:44:14Z,219000809,54.971927,11.514548,0.0,Under way using engine
2026-10-02T08:44:24Z,219002177,54.916448,11.364570,5.7,Under way using engine
2026-10-02T08:44:29Z,219000811,54.891123,11.446770,9.3,Under way using engine
2026-10-02T08:44:44Z,219000809,54.971940,11.514558,0.0,Under way using engine
2026-10-02T08:44:55Z,219002177,54.916332,11.363172,5.7,Under way using engine
2026-10-02T08:45:00Z,219000811,54.891813,11.444907,9.3,Under way using engine
2026-10-02T08:45:24Z,219000809,54.971927,11.514342,1.3,Under way using engine
2026-10-02T08:45:34Z,219002177,54.916345,11.361657,4.3,Under way using engine
2026-10-02T08:45:39Z,219000811,54.892748,11.442422,9.3,Under way using engine
2026-10-02T08:46:04Z,219000809,54.971927,11.513668,2.2,Under way using engine
2026-10-02T08:46:04Z,219002177,54.916375,11.360958,2.3,Under way using engine
2026-10-02T08:46:19Z,219000811,54.893685,11.439895,9.3,Under way using engine
2026-10-02T08:46:34Z,219002177,54.916367,11.360592,1.2,Under way using engine
2026-10-02T08:46:35Z,219000809,54.971863,11.513235,1.8,Under way using engine
2026-10-02T08:46:50Z,219000811,54.894395,11.437993,9.3,Under way using engine
2026-10-02T08:47:04Z,219002177,54.916345,11.360535,0.1,Under way using engine
2026-10-02T08:47:14Z,219000809,54.971717,11.513015,0.7,Under way using engine
2026-10-02T08:47:29Z,219000811,54.895317,11.435548,9.3,Under way using engine
2026-10-02T08:47:34Z,219002177,54.916353,11.360525,0.0,Under way using engine
2026-10-02T08:47:54Z,219000809,54.971848,11.512448,3.4,Under way using engine
2026-10-02T08:48:00Z,219000811,54.896048,11.433607,9.4,Under way using engine
2026-10-02T08:48:04Z,219002177,54.916345,11.360538,0.0,Under way using engine
2026-10-02T08:48:24Z,219000809,54.972003,11.511307,5.3,Under way using engine
2026-10-02T08:48:34Z,219002177,54.916355,11.360537,0.0,Under way using engine
2026-10-02T08:48:40Z,219000811,54.896963,11.431043,9.4,Under way using engine
2026-10-02T08:48:54Z,219000809,54.972130,11.509885,6.2,Under way using engine
2026-10-02T08:49:04Z,219002177,54.916358,11.360545,0.0,Under way using engine
2026-10-02T08:49:10Z,219000811,54.897603,11.429090,9.4,Under way using engine
2026-10-02T08:49:24Z,219000809,54.972258,11.508320,6.6,Under way using engine
2026-10-02T08:49:34Z,219002177,54.916370,11.360530,0.0,Under way using engine
2026-10-02T08:49:40Z,219000811,54.898243,11.427075,9.4,Under way using engine
2026-10-02T08:49:54Z,219000809,54.972333,11.506732,6.9,Under way using engine
2026-10-02T08:50:04Z,219002177,54.916367,11.360540,0.0,Under way using engine
2026-10-02T08:50:10Z,219000811,54.898872,11.425092,9.4,Under way using engine
2026-10-02T08:50:24Z,219000809,54.972170,11.504942,7.8,Under way using engine
2026-10-02T08:50:34Z,219002177,54.916358,11.360535,0.0,Under way using engine
2026-10-02T08:50:40Z,219000811,54.899492,11.423137,9.4,Under way using engine
2026-10-02T08:50:54Z,219000809,54.971488,11.503380,8.3,Under way using engine
2026-10-02T08:51:04Z,219002177,54.916362,11.360533,0.0,Under way using engine
2026-10-02T08:51:10Z,219000811,54.900127,11.421182,9.4,Under way using engine
2026-10-02T08:51:24Z,219000809,54.970642,11.501933,8.6,Under way using engine
2026-10-02T08:51:34Z,219002177,54.916360,11.360535,0.0,Under way using engine
2026-10-02T08:51:40Z,219000811,54.900765,11.419152,9.4,Under way using engine
2026-10-02T08:51:54Z,219000809,54.969783,11.500472,8.7,Under way using engine
2026-10-02T08:52:04Z,219002177,54.916357,11.360542,0.0,Under way using engine
2026-10-02T08:52:10Z,219000811,54.901387,11.417163,9.5,Under way using engine
2026-10-02T08:52:24Z,219000809,54.968925,11.498980,8.8,Under way using engine
2026-10-02T08:52:35Z,219002177,54.916350,11.360528,0.0,Under way using engine
2026-10-02T08:52:40Z,219000811,54.902020,11.415172,9.5,Under way using engine
2026-10-02T08:52:54Z,219000809,54.968040,11.497508,8.8,Under way using engine
2026-10-02T08:53:10Z,219000811,54.902647,11.413107,9.5,Under way using engine
2026-10-02T08:53:15Z,219002177,54.916345,11.360513,0.0,Under way using engine
2026-10-02T08:53:24Z,219000809,54.967188,11.496023,8.7,Under way using engine
2026-10-02T08:53:40Z,219000811,54.903202,11.411060,9.5,Under way using engine
2026-10-02T08:53:55Z,219002177,54.916360,11.360520,0.0,Under way using engine
2026-10-02T08:54:04Z,219000809,54.966005,11.494072,8.9,Under way using engine
2026-10-02T08:54:10Z,219000811,54.903755,11.409023,9.4,Under way using engine
2026-10-02T08:54:35Z,219002177,54.916365,11.360543,0.0,Under way using engine
2026-10-02T08:54:40Z,219000811,54.904300,11.406983,9.3,Under way using engine
2026-10-02T08:54:43Z,219000809,54.964877,11.492258,8.7,Under way using engine
2026-10-02T08:55:13Z,219000809,54.963863,11.491117,8.7,Under way using engine
2026-10-02T08:55:15Z,219002177,54.916342,11.360518,0.0,Under way using engine
2026-10-02T08:55:18Z,219000811,54.904985,11.404407,9.3,Under way using engine
2026-10-02T08:55:43Z,219000809,54.962738,11.490368,8.8,Under way using engine
2026-10-02T08:55:45Z,219002177,54.916338,11.360548,0.0,Under way using engine
2026-10-02T08:55:50Z,219000811,54.905578,11.402208,9.3,Under way using engine
2026-10-02T08:56:13Z,219000809,54.961522,11.489805,9.1,Under way using engine
2026-10-02T08:56:15Z,219002177,54.916343,11.360552,0.0,Under way using engine
2026-10-02T08:56:30Z,219000811,54.906312,11.399513,9.3,Under way using engine
2026-10-02T08:56:43Z,219000809,54.960290,11.489238,9.1,Under way using engine
2026-10-02T08:56:45Z,219002177,54.916355,11.360535,0.0,Under way using engine
2026-10-02T08:57:09Z,219000811,54.907113,11.396970,9.3,Under way using engine
2026-10-02T08:57:13Z,219000809,54.959070,11.488697,9.1,Under way using engine
2026-10-02T08:57:15Z,219002177,54.916362,11.360533,0.0,Under way using engine
2026-10-02T08:57:40Z,219000811,54.907760,11.394963,9.3,Under way using engine
2026-10-02T08:57:43Z,219000809,54.957865,11.488110,9.1,Under way using engine
2026-10-02T08:57:45Z,219002177,54.916353,11.360513,0.0,Under way using engine
2026-10-02T08:58:13Z,219000809,54.956655,11.487583,8.9,Under way using engine
2026-10-02T08:58:15Z,219002177,54.916350,11.360530,0.0,Under way using engine
2026-10-02T08:58:18Z,219000811,54.908583,11.392423,9.3,Under way using engine
2026-10-02T08:58:43Z,219000809,54.955488,11.486988,9.0,Under way using engine
2026-10-02T08:58:50Z,219000811,54.909247,11.390350,9.4,Under way using engine
2026-10-02T08:58:54Z,219002177,54.916347,11.360557,0.0,Under way using engine
2026-10-02T08:59:13Z,219000809,54.954202,11.486383,9.3,Under way using engine
2026-10-02T08:59:24Z,219002177,54.916352,11.360543,0.0,Under way using engine
2026-10-02T08:59:30Z,219000811,54.910100,11.387722,9.4,Under way using engine
2026-10-02T08:59:43Z,219000809,54.953017,11.485760,9.2,Under way using engine
2026-10-02T08:59:54Z,219002177,54.916342,11.360538,0.0,Under way using engine
2026-10-02T09:00:09Z,219000811,54.910857,11.385403,8.3,Under way using engine
2026-10-02T09:00:13Z,219000809,54.951763,11.485103,9.2,Under way using engine
2026-10-02T09:00:24Z,219002177,54.916345,11.360543,0.0,Under way using engine
2026-10-02T09:00:40Z,219000811,54.911403,11.383730,7.8,Under way using engine
2026-10-02T09:00:43Z,219000809,54.950582,11.484473,9.2,Under way using engine
2026-10-02T09:00:54Z,219002177,54.916358,11.360553,0.0,Under way using engine
2026-10-02T09:01:13Z,219000809,54.949312,11.483838,9.2,Under way using engine
2026-10-02T09:01:18Z,219000811,54.912097,11.381603,7.9,Under way using engine
2026-10-02T09:01:24Z,219002177,54.916348,11.360548,0.0,Under way using engine
2026-10-02T09:01:43Z,219000809,54.948138,11.483257,9.1,Under way using engine
2026-10-02T09:01:49Z,219000811,54.912642,11.379990,7.8,Under way using engine
2026-10-02T09:01:54Z,219002177,54.916335,11.360550,0.0,Under way using engine
2026-10-02T09:02:13Z,219000809,54.946900,11.482622,9.0,Under way using engine
2026-10-02T09:02:24Z,219002177,54.916337,11.360548,0.0,Under way using engine
2026-10-02T09:02:29Z,219000811,54.913348,11.377887,7.4,Under way using engine
2026-10-02T09:02:43Z,219000809,54.945708,11.482000,9.0,Under way using engine
2026-10-02T09:02:54Z,219002177,54.916353,11.360537,0.1,Under way using engine
2026-10-02T09:02:59Z,219000811,54.913817,11.376487,6.6,Under way using engine
2026-10-02T09:03:13Z,219000809,54.944515,11.481390,8.9,Under way using engine
2026-10-02T09:03:25Z,219002177,54.916358,11.360543,0.0,Under way using engine
2026-10-02T09:03:29Z,219000811,54.914272,11.375123,6.3,Under way using engine
2026-10-02T09:03:43Z,219000809,54.943375,11.480593,8.8,Under way using engine
2026-10-02T09:03:59Z,219000811,54.914658,11.373992,5.6,Under way using engine
2026-10-02T09:04:05Z,219002177,54.916360,11.360555,0.0,Under way using engine
2026-10-02T09:04:13Z,219000809,54.942330,11.479573,8.6,Under way using engine
2026-10-02T09:04:29Z,219000811,54.914970,11.373082,4.2,Under way using engine
2026-10-02T09:04:43Z,219000809,54.941435,11.478257,8.3,Under way using engine
2026-10-02T09:04:54Z,219002177,54.916338,11.360575,0.1,Under way using engine
2026-10-02T09:04:59Z,219000811,54.915203,11.372420,3.2,Under way using engine
2026-10-02T09:05:13Z,219000809,54.940623,11.477078,7.3,Under way using engine
2026-10-02T09:05:25Z,219002177,54.916350,11.360558,0.0,Under way using engine
2026-10-02T09:05:29Z,219000811,54.915385,11.371883,2.5,Under way using engine
2026-10-02T09:05:43Z,219000809,54.940012,11.475798,6.8,Under way using engine
2026-10-02T09:05:59Z,219000811,54.915535,11.371460,2.0,Under way using engine
2026-10-02T09:06:04Z,219002177,54.916337,11.360567,0.0,Under way using engine
2026-10-02T09:06:13Z,219000809,54.939472,11.474503,6.6,Under way using engine
2026-10-02T09:06:29Z,219000811,54.915672,11.371103,1.7,Under way using engine
2026-10-02T09:06:34Z,219002177,54.916305,11.360607,0.0,Under way using engine
2026-10-02T09:06:43Z,219000809,54.938983,11.473175,6.6,Under way using engine
2026-10-02T09:06:59Z,219000811,54.915783,11.370818,1.4,Under way using engine
2026-10-02T09:07:04Z,219002177,54.916297,11.360637,0.1,Under way using engine
2026-10-02T09:07:13Z,219000809,54.938620,11.471563,7.4,Under way using engine
2026-10-02T09:07:34Z,219002177,54.916323,11.360592,0.0,Under way using engine
2026-10-02T09:07:39Z,219000811,54.915912,11.370507,1.1,Under way using engine
2026-10-02T09:07:44Z,219000809,54.938127,11.469747,8.3,Under way using engine
2026-10-02T09:08:04Z,219002177,54.916313,11.360592,0.1,Under way using engine
2026-10-02T09:08:09Z,219000811,54.915997,11.370317,1.0,Under way using engine
2026-10-02T09:08:24Z,219000809,54.937472,11.467240,8.7,Under way using engine
2026-10-02T09:08:35Z,219002177,54.916340,11.360572,0.0,Under way using engine
2026-10-02T09:08:46Z,219000811,54.916185,11.369727,2.6,Under way using engine
2026-10-02T09:08:54Z,219000809,54.936978,11.465277,8.9,Under way using engine
2026-10-02T09:09:14Z,219002177,54.916348,11.360567,0.0,Under way using engine
2026-10-02T09:09:16Z,219000811,54.916512,11.368095,7.1,Under way using engine
2026-10-02T09:09:24Z,219000809,54.936433,11.463375,8.8,Under way using engine
2026-10-02T09:09:44Z,219002177,54.916345,11.360568,0.0,Under way using engine
2026-10-02T09:09:46Z,219000811,54.916550,11.366098,8.7,Under way using engine
2026-10-02T09:09:54Z,219000809,54.935940,11.461430,8.8,Under way using engine
2026-10-02T09:10:14Z,219002177,54.916348,11.360568,0.0,Under way using engine
2026-10-02T09:10:19Z,219000811,54.916403,11.363758,8.4,Under way using engine
2026-10-02T09:10:24Z,219000809,54.935378,11.459557,8.8,Under way using engine
2026-10-02T09:10:44Z,219002177,54.916353,11.360570,0.0,Under way using engine
2026-10-02T09:10:50Z,219000811,54.916245,11.362108,6.9,Under way using engine
2026-10-02T09:10:54Z,219000809,54.934798,11.457692,8.8,Under way using engine
2026-10-02T09:11:14Z,219002177,54.916357,11.360580,0.0,Under way using engine
2026-10-02T09:11:24Z,219000809,54.934203,11.455847,8.9,Under way using engine
2026-10-02T09:11:29Z,219000811,54.915983,11.360745,4.3,Under way using engine
2026-10-02T09:11:44Z,219002177,54.916350,11.360582,0.0,Under way using engine
2026-10-02T09:11:54Z,219000809,54.933562,11.454022,8.9,Under way using engine
2026-10-02T09:12:00Z,219000811,54.915837,11.360798,1.3,Under way using engine
2026-10-02T09:12:14Z,219002177,54.916357,11.360568,0.0,Under way using engine
2026-10-02T09:12:33Z,219000811,54.915853,11.360722,0.8,Under way using engine
2026-10-02T09:12:34Z,219000809,54.932558,11.451778,8.8,Under way using engine
2026-10-02T09:12:45Z,219002177,54.916352,11.360572,0.0,Under way using engine
2026-10-02T09:13:09Z,219000811,54.915972,11.360250,1.8,Under way using engine
2026-10-02T09:13:14Z,219000809,54.931540,11.449545,8.9,Under way using engine
2026-10-02T09:13:24Z,219002177,54.916350,11.360560,0.0,Under way using engine
2026-10-02T09:13:43Z,219000811,54.916033,11.360047,0.7,Under way using engine
2026-10-02T09:13:54Z,219000809,54.930512,11.447350,8.8,Under way using engine
2026-10-02T09:13:54Z,219002177,54.916348,11.360545,0.0,Under way using engine
2026-10-02T09:14:19Z,219000811,54.916043,11.359965,0.1,Under way using engine
2026-10-02T09:14:24Z,219002177,54.916348,11.360525,0.0,Under way using engine
2026-10-02T09:14:34Z,219000809,54.929542,11.445157,8.7,Under way using engine
2026-10-02T09:14:49Z,219000811,54.916043,11.359965,0.0,Under way using engine
2026-10-02T09:15:04Z,219002177,54.916345,11.360532,0.0,Under way using engine
2026-10-02T09:15:14Z,219000809,54.928510,11.442937,9.0,Under way using engine
2026-10-02T09:15:19Z,219000811,54.916045,11.359965,0.0,Under way using engine
2026-10-02T09:15:35Z,219002177,54.916345,11.360542,0.0,Under way using engine
2026-10-02T09:15:49Z,219000811,54.916043,11.359967,0.0,Under way using engine
2026-10-02T09:15:54Z,219000809,54.927515,11.440647,9.0,Under way using engine
2026-10-02T09:16:13Z,219002177,54.916340,11.360550,0.0,Under way using engine
2026-10-02T09:16:19Z,219000811,54.916042,11.359970,0.0,Under way using engine
2026-10-02T09:16:34Z,219000809,54.926457,11.438433,9.0,Under way using engine
2026-10-02T09:16:45Z,219002177,54.916347,11.360548,0.0,Under way using engine
2026-10-02T09:16:49Z,219000811,54.916043,11.359972,0.0,Under way using engine
2026-10-02T09:17:14Z,219000809,54.925453,11.436248,9.0,Under way using engine
2026-10-02T09:17:19Z,219000811,54.916043,11.359972,0.0,Under way using engine
2026-10-02T09:17:34Z,219002177,54.916343,11.360557,0.0,Under way using engine
2026-10-02T09:17:44Z,219000809,54.924702,11.434553,8.9,Under way using engine
2026-10-02T09:17:49Z,219000811,54.916045,11.359972,0.0,Under way using engine
2026-10-02T09:18:05Z,219002177,54.916337,11.360538,0.0,Under way using engine
2026-10-02T09:18:14Z,219000809,54.923920,11.432887,8.9,Under way using engine
2026-10-02T09:18:19Z,219000811,54.916047,11.359970,0.0,Under way using engine
2026-10-02T09:18:44Z,219000809,54.923152,11.431222,8.7,Under way using engine
2026-10-02T09:18:44Z,219002177,54.916345,11.360542,0.0,Under way using engine
2026-10-02T09:18:50Z,219000811,54.916048,11.359970,0.0,Under way using engine
2026-10-02T09:19:14Z,219000809,54.922383,11.429577,9.0,Under way using engine
2026-10-02T09:19:24Z,219002177,54.916357,11.360553,0.0,Under way using engine
2026-10-02T09:19:39Z,219000811,54.916048,11.359972,0.0,Under way using engine
2026-10-02T09:19:44Z,219000809,54.921643,11.427843,9.0,Under way using engine
2026-10-02T09:19:54Z,219002177,54.916357,11.360555,0.0,Under way using engine
2026-10-02T09:20:10Z,219000811,54.916050,11.359970,0.0,Under way using engine
2026-10-02T09:20:14Z,219000809,54.920875,11.426137,9.1,Under way using engine
2026-10-02T09:20:24Z,219002177,54.916353,11.360552,0.0,Under way using engine
2026-10-02T09:20:44Z,219000809,54.920127,11.424378,9.1,Under way using engine
2026-10-02T09:20:50Z,219000811,54.916052,11.359968,0.0,Under way using engine
2026-10-02T09:20:54Z,219002177,54.916352,11.360548,0.0,Under way using engine
2026-10-02T09:21:23Z,219000809,54.919082,11.422162,9.0,Under way using engine
2026-10-02T09:21:24Z,219002177,54.916345,11.360533,0.0,Under way using engine
2026-10-02T09:21:28Z,219000811,54.916052,11.359965,0.0,Under way using engine
2026-10-02T09:21:54Z,219000809,54.918300,11.420490,8.9,Under way using engine
2026-10-02T09:21:54Z,219002177,54.916348,11.360528,0.0,Under way using engine
2026-10-02T09:22:00Z,219000811,54.916053,11.359967,0.0,Under way using engine
2026-10-02T09:22:24Z,219002177,54.916335,11.360542,0.0,Under way using engine
2026-10-02T09:22:33Z,219000809,54.917537,11.418825,8.9,Under way using engine
2026-10-02T09:22:39Z,219000811,54.916057,11.359968,0.0,Under way using engine
2026-10-02T09:22:54Z,219002177,54.916338,11.360548,0.0,Under way using engine
2026-10-02T09:23:04Z,219000809,54.916502,11.416578,8.7,Under way using engine
2026-10-02T09:23:10Z,219000811,54.916058,11.359968,0.0,Under way using engine
2026-10-02T09:23:24Z,219002177,54.916350,11.360552,0.0,Under way using engine
2026-10-02T09:23:34Z,219000809,54.915755,11.414942,8.7,Under way using engine
2026-10-02T09:23:50Z,219000811,54.916058,11.359965,0.0,Under way using engine
2026-10-02T09:23:54Z,219002177,54.916355,11.360560,0.0,Under way using engine
2026-10-02T09:24:04Z,219000809,54.914980,11.413308,8.8,Under way using engine
2026-10-02T09:24:20Z,219000811,54.916055,11.359962,0.0,Under way using engine
2026-10-02T09:24:24Z,219002177,54.916358,11.360557,0.0,Under way using engine
2026-10-02T09:24:43Z,219000809,54.914033,11.411203,8.8,Under way using engine
2026-10-02T09:24:50Z,219000811,54.916050,11.360015,0.1,Under way using engine
2026-10-02T09:24:54Z,219002177,54.916358,11.360550,0.0,Under way using engine
2026-10-02T09:25:14Z,219000809,54.913213,11.409457,8.7,Under way using engine
2026-10-02T09:25:20Z,219000811,54.916032,11.360822,3.5,Under way using engine
2026-10-02T09:25:24Z,219002177,54.916350,11.360550,0.0,Under way using engine
2026-10-02T09:25:50Z,219000811,54.916140,11.362262,5.9,Under way using engine
2026-10-02T09:25:53Z,219000809,54.912273,11.407317,8.8,Under way using engine
2026-10-02T09:25:54Z,219002177,54.916352,11.360558,0.0,Under way using engine
2026-10-02T09:26:20Z,219000811,54.916245,11.363892,6.8,Under way using engine
2026-10-02T09:26:23Z,219000809,54.911488,11.405613,8.8,Under way using engine
2026-10-02T09:26:24Z,219002177,54.916353,11.360553,0.0,Under way using engine
2026-10-02T09:26:50Z,219000811,54.916353,11.365558,7.2,Under way using engine
2026-10-02T09:26:53Z,219000809,54.910762,11.403977,8.9,Under way using engine
2026-10-02T09:26:54Z,219002177,54.916347,11.360530,0.0,Under way using engine
2026-10-02T09:27:20Z,219000811,54.916488,11.367375,7.4,Under way using engine
2026-10-02T09:27:23Z,219000809,54.909962,11.402252,9.0,Under way using engine
2026-10-02T09:27:24Z,219002177,54.916345,11.360530,0.0,Under way using engine
2026-10-02T09:27:50Z,219000811,54.916632,11.369137,7.4,Under way using engine
2026-10-02T09:27:53Z,219000809,54.909198,11.400652,9.0,Under way using engine
2026-10-02T09:27:54Z,219002177,54.916355,11.360542,0.0,Under way using engine
2026-10-02T09:28:20Z,219000811,54.916688,11.370822,7.2,Under way using engine
2026-10-02T09:28:23Z,219000809,54.908432,11.398848,9.0,Under way using engine
2026-10-02T09:28:24Z,219002177,54.916350,11.360548,0.0,Under way using engine
2026-10-02T09:28:50Z,219000811,54.916217,11.372370,6.9,Under way using engine
2026-10-02T09:28:53Z,219000809,54.907958,11.396948,8.9,Under way using engine
2026-10-02T09:28:54Z,219002177,54.916350,11.360550,0.0,Under way using engine
2026-10-02T09:29:20Z,219000811,54.915553,11.373650,7.2,Under way using engine
2026-10-02T09:29:23Z,219000809,54.907820,11.394803,8.6,Under way using engine
2026-10-02T09:29:24Z,219002177,54.916343,11.360555,0.0,Under way using engine
2026-10-02T09:29:50Z,219000811,54.914878,11.374988,7.4,Under way using engine
2026-10-02T09:29:53Z,219000809,54.908375,11.393190,8.3,Under way using engine
2026-10-02T09:29:54Z,219002177,54.916337,11.360563,0.0,Under way using engine
2026-10-02T09:30:20Z,219000811,54.914182,11.376360,7.5,Under way using engine
2026-10-02T09:30:24Z,219000809,54.909212,11.391545,8.6,Under way using engine
2026-10-02T09:30:24Z,219002177,54.916342,11.360572,0.0,Under way using engine
2026-10-02T09:30:50Z,219000811,54.913487,11.377727,7.6,Under way using engine
2026-10-02T09:30:54Z,219002177,54.916347,11.360560,0.0,Under way using engine
2026-10-02T09:31:03Z,219000809,54.910262,11.389517,8.8,Under way using engine
2026-10-02T09:31:20Z,219000811,54.912798,11.379070,7.6,Under way using engine
2026-10-02T09:31:24Z,219002177,54.916345,11.360548,0.0,Under way using engine
2026-10-02T09:31:33Z,219000809,54.911050,11.387920,8.8,Under way using engine
2026-10-02T09:31:50Z,219000811,54.912053,11.380550,7.7,Under way using engine
2026-10-02T09:31:54Z,219002177,54.916350,11.360543,0.0,Under way using engine
2026-10-02T09:32:03Z,219000809,54.911863,11.386362,8.7,Under way using engine
2026-10-02T09:32:20Z,219000811,54.911362,11.381895,7.9,Under way using engine
2026-10-02T09:32:24Z,219002177,54.916347,11.360533,0.0,Under way using engine
2026-10-02T09:32:33Z,219000809,54.912660,11.384785,8.7,Under way using engine
2026-10-02T09:32:50Z,219000811,54.910603,11.383390,8.1,Under way using engine
2026-10-02T09:32:54Z,219002177,54.916348,11.360537,0.0,Under way using engine
2026-10-02T09:33:03Z,219000809,54.913470,11.383207,8.7,Under way using engine
2026-10-02T09:33:24Z,219002177,54.916348,11.360543,0.0,Under way using engine
2026-10-02T09:33:30Z,219000811,54.909643,11.385303,8.1,Under way using engine
2026-10-02T09:33:33Z,219000809,54.914295,11.381640,8.8,Under way using engine
2026-10-02T09:33:54Z,219002177,54.916340,11.360558,0.0,Under way using engine
2026-10-02T09:34:03Z,219000809,54.915088,11.380028,8.8,Under way using engine
2026-10-02T09:34:10Z,219000811,54.908607,11.387360,8.1,Under way using engine
2026-10-02T09:34:24Z,219002177,54.916337,11.360558,0.0,Under way using engine
2026-10-02T09:34:33Z,219000809,54.915820,11.378338,8.8,Under way using engine
2026-10-02T09:34:40Z,219000811,54.907898,11.388773,8.1,Under way using engine
2026-10-02T09:34:54Z,219002177,54.916343,11.360572,0.1,Under way using engine
2026-10-02T09:35:04Z,219000809,54.916372,11.376392,8.7,Under way using engine
2026-10-02T09:35:10Z,219000811,54.907143,11.390283,8.2,Under way using engine
2026-10-02T09:35:25Z,219002177,54.916350,11.360573,0.0,Under way using engine
2026-10-02T09:35:43Z,219000809,54.916695,11.373775,8.6,Under way using engine
2026-10-02T09:35:43Z,219000811,54.906643,11.392213,8.0,Under way using engine
2026-10-02T09:36:03Z,219002177,54.916350,11.360573,0.0,Under way using engine
2026-10-02T09:36:14Z,219000809,54.916752,11.371702,8.7,Under way using engine
2026-10-02T09:36:16Z,219000811,54.906268,11.394265,8.0,Under way using engine
2026-10-02T09:36:35Z,219002177,54.916353,11.360558,0.0,Under way using engine
2026-10-02T09:36:49Z,219000811,54.906005,11.396403,8.1,Under way using engine
2026-10-02T09:36:53Z,219000809,54.916723,11.368878,8.9,Under way using engine
2026-10-02T09:37:14Z,219002177,54.916353,11.360573,0.0,Under way using engine
2026-10-02T09:37:19Z,219000811,54.905767,11.398237,8.2,Under way using engine
2026-10-02T09:37:24Z,219000809,54.916588,11.366775,8.8,Under way using engine
2026-10-02T09:37:44Z,219002177,54.916342,11.360568,0.0,Under way using engine
2026-10-02T09:37:49Z,219000811,54.905543,11.400097,8.0,Under way using engine
2026-10-02T09:38:04Z,219000809,54.916375,11.364277,7.1,Under way using engine
2026-10-02T09:38:14Z,219002177,54.916343,11.360567,0.0,Under way using engine
2026-10-02T09:38:20Z,219000811,54.905293,11.402115,8.0,Under way using engine
2026-10-02T09:38:34Z,219000809,54.916240,11.362732,6.2,Under way using engine
2026-10-02T09:38:54Z,219002177,54.916353,11.360570,0.0,Under way using engine
2026-10-02T09:39:00Z,219000811,54.904982,11.404630,8.0,Under way using engine
2026-10-02T09:39:04Z,219000809,54.916150,11.361413,5.2,Under way using engine
2026-10-02T09:39:24Z,219002177,54.916353,11.360562,0.0,Under way using engine
2026-10-02T09:39:30Z,219000811,54.904743,11.406448,8.0,Under way using engine
2026-10-02T09:39:34Z,219000809,54.916015,11.360667,2.0,Under way using engine
2026-10-02T09:39:54Z,219002177,54.916358,11.360557,0.0,Under way using engine
2026-10-02T09:40:00Z,219000811,54.904497,11.408460,8.0,Under way using engine
2026-10-02T09:40:04Z,219000809,54.915957,11.360607,0.2,Under way using engine
2026-10-02T09:40:24Z,219002177,54.916353,11.360562,0.0,Under way using engine
2026-10-02T09:40:30Z,219000811,54.904265,11.410270,8.0,Under way using engine
2026-10-02T09:40:34Z,219000809,54.915988,11.360540,0.7,Under way using engine
2026-10-02T09:40:54Z,219002177,54.916352,11.360553,0.0,Under way using engine
2026-10-02T09:41:00Z,219000811,54.904023,11.412190,8.0,Under way using engine
2026-10-02T09:41:04Z,219000809,54.916035,11.360348,0.9,Under way using engine
2026-10-02T09:41:24Z,219002177,54.916355,11.360545,0.0,Under way using engine
2026-10-02T09:41:30Z,219000811,54.903795,11.414072,8.0,Under way using engine
2026-10-02T09:41:34Z,219000809,54.916060,11.360178,0.7,Under way using engine
2026-10-02T09:41:54Z,219002177,54.916353,11.360545,0.0,Under way using engine
2026-10-02T09:42:00Z,219000811,54.903592,11.415955,7.9,Under way using engine
2026-10-02T09:42:04Z,219000809,54.916070,11.360095,0.3,Under way using engine
2026-10-02T09:42:24Z,219002177,54.916357,11.360548,0.0,Under way using engine
2026-10-02T09:42:30Z,219000811,54.903387,11.417852,7.9,Under way using engine
2026-10-02T09:42:53Z,219000809,54.916065,11.360048,0.0,Under way using engine
2026-10-02T09:42:54Z,219002177,54.916360,11.360553,0.0,Under way using engine
2026-10-02T09:43:00Z,219000811,54.903188,11.419698,7.9,Under way using engine
2026-10-02T09:43:23Z,219000809,54.916070,11.360045,0.0,Under way using engine
2026-10-02T09:43:24Z,219002177,54.916353,11.360552,0.0,Under way using engine
2026-10-02T09:43:30Z,219000811,54.902987,11.421563,7.9,Under way using engine
2026-10-02T09:43:53Z,219000809,54.916078,11.360035,0.1,Under way using engine
2026-10-02T09:43:54Z,219002177,54.916352,11.360505,0.0,Under way using engine
2026-10-02T09:44:00Z,219000811,54.902618,11.423293,7.7,Under way using engine
2026-10-02T09:44:23Z,219000809,54.916083,11.360033,0.0,Under way using engine
2026-10-02T09:44:24Z,219002177,54.916345,11.360518,0.0,Under way using engine
2026-10-02T09:44:30Z,219000811,54.902032,11.424953,7.8,Under way using engine
2026-10-02T09:44:54Z,219000809,54.916073,11.360035,0.0,Under way using engine
2026-10-02T09:44:54Z,219002177,54.916340,11.360535,0.1,Under way using engine
2026-10-02T09:45:00Z,219000811,54.901408,11.426475,7.9,Under way using engine
2026-10-02T09:45:24Z,219002177,54.916347,11.360548,0.0,Under way using engine
2026-10-02T09:45:30Z,219000811,54.900775,11.428028,7.9,Under way using engine
2026-10-02T09:45:33Z,219000809,54.916075,11.360035,0.0,Under way using engine
2026-10-02T09:45:54Z,219002177,54.916360,11.360567,0.0,Under way using engine
2026-10-02T09:46:03Z,219000809,54.916075,11.360037,0.0,Under way using engine
2026-10-02T09:46:09Z,219000811,54.899957,11.430057,8.0,Under way using engine
2026-10-02T09:46:24Z,219002177,54.916373,11.360590,0.0,Under way using engine
2026-10-02T09:46:34Z,219000809,54.916078,11.360042,0.0,Under way using engine
2026-10-02T09:46:39Z,219000811,54.899297,11.431565,7.9,Under way using engine
2026-10-02T09:46:54Z,219002177,54.916362,11.360558,0.0,Under way using engine
2026-10-02T09:47:09Z,219000811,54.898617,11.433057,7.9,Under way using engine
2026-10-02T09:47:14Z,219000809,54.916113,11.359972,0.0,Under way using engine
2026-10-02T09:47:24Z,219002177,54.916355,11.360557,0.0,Under way using engine
2026-10-02T09:47:40Z,219000811,54.897892,11.434647,8.0,Under way using engine
2026-10-02T09:47:54Z,219000809,54.916107,11.359980,0.0,Under way using engine
2026-10-02T09:47:54Z,219002177,54.916353,11.360560,0.0,Under way using engine
2026-10-02T09:48:20Z,219000811,54.896977,11.436662,8.0,Under way using engine
2026-10-02T09:48:24Z,219002177,54.916355,11.360540,0.0,Under way using engine
2026-10-02T09:48:34Z,219000809,54.916092,11.360007,0.0,Under way using engine
2026-10-02T09:48:50Z,219000811,54.896293,11.438178,8.0,Under way using engine
2026-10-02T09:48:54Z,219002177,54.916357,11.360533,0.0,Under way using engine
2026-10-02T09:49:04Z,219000809,54.916083,11.360017,0.0,Under way using engine
2026-10-02T09:49:20Z,219000811,54.895622,11.439673,8.0,Under way using engine
2026-10-02T09:49:24Z,219002177,54.916345,11.360555,0.0,Under way using engine
2026-10-02T09:49:34Z,219000809,54.916083,11.360018,0.0,Under way using engine
2026-10-02T09:49:54Z,219002177,54.916343,11.360545,0.0,Under way using engine
2026-10-02T09:49:59Z,219000811,54.894688,11.441737,8.0,Under way using engine
2026-10-02T09:50:04Z,219000809,54.916078,11.360028,0.0,Under way using engine
2026-10-02T09:50:24Z,219002177,54.916350,11.360563,0.0,Under way using engine
2026-10-02T09:50:29Z,219000811,54.894008,11.443215,8.0,Under way using engine
2026-10-02T09:50:34Z,219000809,54.916073,11.360042,0.0,Under way using engine
2026-10-02T09:50:54Z,219002177,54.916345,11.360573,0.0,Under way using engine
2026-10-02T09:50:59Z,219000811,54.893313,11.444727,8.1,Under way using engine
2026-10-02T09:51:04Z,219000809,54.916072,11.360042,0.0,Under way using engine
2026-10-02T09:51:24Z,219002177,54.916328,11.360735,1.7,Under way using engine
2026-10-02T09:51:29Z,219000811,54.892652,11.446185,8.1,Under way using engine
2026-10-02T09:51:34Z,219000809,54.916070,11.360043,0.0,Under way using engine
2026-10-02T09:51:54Z,219002177,54.916323,11.361647,4.5,Under way using engine
2026-10-02T09:52:00Z,219000811,54.891912,11.447805,8.1,Under way using engine
2026-10-02T09:52:04Z,219000809,54.916063,11.360038,0.0,Under way using engine
2026-10-02T09:52:24Z,219002177,54.916317,11.362973,5.9,Under way using engine
2026-10-02T09:52:34Z,219000809,54.916063,11.360027,0.0,Under way using engine
2026-10-02T09:52:40Z,219000811,54.890968,11.449842,8.1,Under way using engine
2026-10-02T09:52:55Z,219002177,54.916392,11.364545,6.6,Under way using engine
2026-10-02T09:53:04Z,219000809,54.916072,11.360028,0.0,Under way using engine
2026-10-02T09:53:19Z,219000811,54.890060,11.451852,8.1,Under way using engine
2026-10-02T09:53:34Z,219000809,54.916077,11.360022,0.0,Under way using engine
2026-10-02T09:53:35Z,219002177,54.916520,11.366725,7.1,Under way using engine
2026-10-02T09:54:00Z,219000811,54.889125,11.453902,8.1,Under way using engine
2026-10-02T09:54:04Z,219000809,54.916073,11.360023,0.0,Under way using engine
2026-10-02T09:54:14Z,219002177,54.916715,11.369058,7.4,Under way using engine
2026-10-02T09:54:30Z,219000811,54.888387,11.455457,8.1,Under way using engine
2026-10-02T09:54:34Z,219000809,54.916075,11.360023,0.0,Under way using engine
2026-10-02T09:54:45Z,219002177,54.917018,11.370683,6.6,Under way using engine
2026-10-02T09:55:00Z,219000811,54.887540,11.456745,8.1,Under way using engine
2026-10-02T09:55:04Z,219000809,54.916083,11.360038,0.0,Under way using engine
2026-10-02T09:55:24Z,219002177,54.917912,11.371185,5.3,Under way using engine
2026-10-02T09:55:30Z,219000811,54.886653,11.458047,8.2,Under way using engine
2026-10-02T09:55:34Z,219000809,54.916083,11.360053,0.0,Under way using engine
2026-10-02T09:55:55Z,219002177,54.918725,11.371217,5.8,Under way using engine
2026-10-02T09:56:04Z,219000809,54.916080,11.360058,0.0,Under way using engine
2026-10-02T09:56:10Z,219000811,54.885513,11.459708,8.2,Under way using engine
2026-10-02T09:56:34Z,219000809,54.916080,11.360055,0.0,Under way using engine
2026-10-02T09:56:35Z,219002177,54.919817,11.371263,6.2,Under way using engine
2026-10-02T09:56:40Z,219000811,54.884627,11.460993,8.2,Under way using engine
2026-10-02T09:57:05Z,219002177,54.920703,11.371297,6.4,Under way using engine
2026-10-02T09:57:10Z,219000811,54.883765,11.462247,8.2,Under way using engine
2026-10-02T09:57:13Z,219000809,54.916082,11.360060,0.0,Under way using engine
2026-10-02T09:57:35Z,219002177,54.921572,11.371323,6.5,Under way using engine
2026-10-02T09:57:40Z,219000811,54.882938,11.463617,8.1,Under way using engine
2026-10-02T09:57:43Z,219000809,54.916073,11.360052,0.0,Under way using engine
2026-10-02T09:58:05Z,219002177,54.922522,11.371380,6.6,Under way using engine
2026-10-02T09:58:10Z,219000811,54.882142,11.464965,8.1,Under way using engine
2026-10-02T09:58:13Z,219000809,54.916053,11.360052,0.0,Under way using engine
2026-10-02T09:58:35Z,219002177,54.923418,11.371433,6.7,Under way using engine
2026-10-02T09:58:40Z,219000811,54.881392,11.466473,8.0,Under way using engine
2026-10-02T09:58:43Z,219000809,54.916053,11.360055,0.0,Under way using engine
2026-10-02T09:59:05Z,219002177,54.924385,11.371492,6.7,Under way using engine
2026-10-02T09:59:10Z,219000811,54.880995,11.468195,7.9,Under way using engine
2026-10-02T09:59:13Z,219000809,54.916068,11.360022,0.0,Under way using engine
2026-10-02T09:59:35Z,219002177,54.925320,11.371545,6.7,Under way using engine
2026-10-02T09:59:40Z,219000811,54.880863,11.470037,7.8,Under way using engine
2026-10-02T09:59:43Z,219000809,54.916073,11.360022,0.0,Under way using engine
2026-10-02T10:00:05Z,219002177,54.926232,11.371585,6.8,Under way using engine
2026-10-02T10:00:10Z,219000811,54.880810,11.471950,7.8,Under way using engine
2026-10-02T10:00:13Z,219000809,54.916072,11.360013,0.0,Under way using engine
2026-10-02T10:00:35Z,219002177,54.927203,11.371635,6.8,Under way using engine
2026-10-02T10:00:40Z,219000811,54.880778,11.473813,7.8,Under way using engine
2026-10-02T10:00:43Z,219000809,54.916077,11.360000,0.0,Under way using engine
2026-10-02T10:01:05Z,219002177,54.928157,11.371697,6.8,Under way using engine
2026-10-02T10:01:10Z,219000811,54.880730,11.475667,7.7,Under way using engine
2026-10-02T10:01:13Z,219000809,54.916077,11.360017,0.0,Under way using engine
2026-10-02T10:01:35Z,219002177,54.929083,11.371777,6.8,Under way using engine
2026-10-02T10:01:40Z,219000811,54.880683,11.477533,7.7,Under way using engine
2026-10-02T10:01:43Z,219000809,54.916082,11.360025,0.0,Under way using engine
2026-10-02T10:02:05Z,219002177,54.930017,11.371828,6.8,Under way using engine
2026-10-02T10:02:10Z,219000811,54.880652,11.479408,7.5,Under way using engine
2026-10-02T10:02:13Z,219000809,54.916087,11.360002,0.0,Under way using engine
2026-10-02T10:02:35Z,219002177,54.930948,11.371882,6.7,Under way using engine
2026-10-02T10:02:40Z,219000811,54.880677,11.481123,7.5,Under way using engine
2026-10-02T10:02:43Z,219000809,54.916080,11.360020,0.0,Under way using engine
2026-10-02T10:03:05Z,219002177,54.931880,11.371928,6.6,Under way using engine
2026-10-02T10:03:10Z,219000811,54.881148,11.482640,7.0,Under way using engine
2026-10-02T10:03:13Z,219000809,54.916068,11.360035,0.0,Under way using engine
2026-10-02T10:03:35Z,219002177,54.932788,11.371793,6.5,Under way using engine
2026-10-02T10:03:40Z,219000811,54.881923,11.483325,6.3,Under way using engine
2026-10-02T10:03:43Z,219000809,54.916065,11.360038,0.0,Under way using engine
2026-10-02T10:04:05Z,219002177,54.933668,11.371622,6.3,Under way using engine
2026-10-02T10:04:10Z,219000811,54.882778,11.483465,6.0,Under way using engine
2026-10-02T10:04:13Z,219000809,54.916067,11.360013,0.0,Under way using engine
2026-10-02T10:04:35Z,219002177,54.934538,11.371472,6.1,Under way using engine
2026-10-02T10:04:40Z,219000811,54.883537,11.483405,5.7,Under way using engine
2026-10-02T10:04:43Z,219000809,54.916073,11.360005,0.0,Under way using engine
2026-10-02T10:05:10Z,219000811,54.884053,11.483302,3.6,Under way using engine
2026-10-02T10:05:13Z,219000809,54.916077,11.360013,0.1,Under way using engine
2026-10-02T10:05:14Z,219002177,54.935463,11.371587,4.4,Under way using engine
2026-10-02T10:05:43Z,219000809,54.916078,11.360010,0.1,Under way using engine
2026-10-02T10:05:44Z,219002177,54.935827,11.371845,2.0,Under way using engine
2026-10-02T10:05:48Z,219000811,54.884255,11.483288,1.0,Under way using engine
2026-10-02T10:06:13Z,219000809,54.916082,11.359978,0.0,Under way using engine
2026-10-02T10:06:14Z,219002177,54.935942,11.371953,0.8,Under way using engine
2026-10-02T10:06:19Z,219000811,54.884303,11.483277,0.2,Under way using engine
2026-10-02T10:06:43Z,219000809,54.916070,11.360018,0.0,Under way using engine
2026-10-02T10:06:44Z,219002177,54.935972,11.371968,0.0,Under way using engine
2026-10-02T10:06:59Z,219000811,54.884308,11.483280,0.0,Under way using engine
2026-10-02T10:07:13Z,219000809,54.916068,11.360060,0.0,Under way using engine
2026-10-02T10:07:14Z,219002177,54.935975,11.371973,0.0,Under way using engine
2026-10-02T10:07:29Z,219000811,54.884307,11.483282,0.0,Under way using engine
2026-10-02T10:07:43Z,219000809,54.916077,11.360047,0.0,Under way using engine
2026-10-02T10:07:44Z,219002177,54.935977,11.371977,0.0,Under way using engine
2026-10-02T10:07:59Z,219000811,54.884307,11.483285,0.0,Under way using engine
2026-10-02T10:08:13Z,219000809,54.916083,11.360003,0.0,Under way using engine
2026-10-02T10:08:24Z,219002177,54.935958,11.371990,0.0,Under way using engine
2026-10-02T10:08:29Z,219000811,54.884307,11.483283,0.0,Under way using engine
2026-10-02T10:08:43Z,219000809,54.916063,11.360033,0.1,Under way using engine
2026-10-02T10:08:55Z,219002177,54.935965,11.371987,0.0,Under way using engine
2026-10-02T10:08:59Z,219000811,54.884307,11.483282,0.0,Under way using engine
2026-10-02T10:09:13Z,219000809,54.916067,11.360023,0.0,Under way using engine
2026-10-02T10:09:29Z,219000811,54.884308,11.483280,0.0,Under way using engine
2026-10-02T10:09:35Z,219002177,54.935957,11.371977,0.0,Under way using engine
2026-10-02T10:09:43Z,219000809,54.916070,11.360033,0.0,Under way using engine
2026-10-02T10:09:59Z,219000811,54.884310,11.483280,0.0,Under way using engine
2026-10-02T10:10:13Z,219000809,54.916082,11.359972,0.0,Under way using engine
2026-10-02T10:10:13Z,219002177,54.935955,11.371977,0.0,Under way using engine
2026-10-02T10:10:39Z,219000811,54.884317,11.483278,0.0,Under way using engine
2026-10-02T10:10:43Z,219000809,54.916105,11.360005,0.0,Under way using engine
2026-10-02T10:10:44Z,219002177,54.935972,11.371992,0.0,Under way using engine
2026-10-02T10:11:09Z,219000811,54.884313,11.483280,0.0,Under way using engine
2026-10-02T10:11:13Z,219000809,54.916108,11.360012,0.0,Under way using engine
2026-10-02T10:11:24Z,219002177,54.935952,11.371957,0.0,Under way using engine
2026-10-02T10:11:39Z,219000811,54.884313,11.483280,0.0,Under way using engine
2026-10-02T10:11:43Z,219000809,54.916123,11.360012,0.0,Under way using engine
2026-10-02T10:11:55Z,219002177,54.935963,11.371968,0.1,Under way using engine
2026-10-02T10:12:10Z,219000811,54.884312,11.483280,0.0,Under way using engine
2026-10-02T10:12:13Z,219000809,54.916105,11.360003,0.0,Under way using engine
2026-10-02T10:12:35Z,219002177,54.935973,11.371958,0.0,Under way using engine
2026-10-02T10:12:40Z,219000811,54.884310,11.483282,0.0,Under way using engine
2026-10-02T10:12:43Z,219000809,54.916078,11.360032,0.0,Under way using engine
2026-10-02T10:13:10Z,219000811,54.884308,11.483282,0.0,Under way using engine
2026-10-02T10:13:13Z,219000809,54.916080,11.360013,0.0,Under way using engine
2026-10-02T10:13:13Z,219002177,54.935947,11.371965,0.0,Under way using engine
2026-10-02T10:13:40Z,219000811,54.884307,11.483282,0.0,Under way using engine
2026-10-02T10:13:43Z,219000809,54.916080,11.360032,0.0,Under way using engine
2026-10-02T10:13:44Z,219002177,54.935952,11.371973,0.0,Under way using engine
2026-10-02T10:14:10Z,219000811,54.884307,11.483280,0.0,Under way using engine
2026-10-02T10:14:13Z,219000809,54.916082,11.360025,0.0,Under way using engine
2026-10-02T10:14:24Z,219002177,54.935953,11.371960,0.0,Under way using engine
2026-10-02T10:14:40Z,219000811,54.884180,11.483308,1.0,Under way using engine
2026-10-02T10:14:43Z,219000809,54.916082,11.360025,0.0,Under way using engine
2026-10-02T10:14:54Z,219002177,54.935943,11.371957,0.0,Under way using engine
2026-10-02T10:15:10Z,219000811,54.883837,11.483382,2.3,Under way using engine
2026-10-02T10:15:13Z,219000809,54.916090,11.360003,0.1,Under way using engine
2026-10-02T10:15:24Z,219002177,54.935950,11.371965,0.0,Under way using engine
2026-10-02T10:15:40Z,219000811,54.883468,11.483593,3.0,Under way using engine
2026-10-02T10:15:44Z,219000809,54.916087,11.360022,0.0,Under way using engine
2026-10-02T10:15:54Z,219002177,54.935970,11.371963,0.0,Under way using engine
2026-10-02T10:16:10Z,219000811,54.883297,11.483507,1.3,Under way using engine
2026-10-02T10:16:23Z,219000809,54.916090,11.360008,0.0,Under way using engine
2026-10-02T10:16:24Z,219002177,54.935993,11.371962,0.0,Under way using engine
2026-10-02T10:16:40Z,219000811,54.882755,11.482818,4.9,Under way using engine
2026-10-02T10:16:54Z,219000809,54.916098,11.360022,0.1,Under way using engine
2026-10-02T10:16:54Z,219002177,54.935710,11.371827,3.1,Under way using engine
2026-10-02T10:17:10Z,219000811,54.881962,11.481997,6.8,Under way using engine
2026-10-02T10:17:24Z,219002177,54.935157,11.371430,4.8,Under way using engine
2026-10-02T10:17:34Z,219000809,54.916088,11.360032,0.0,Under way using engine
2026-10-02T10:17:40Z,219000811,54.881115,11.481015,7.4,Under way using engine
2026-10-02T10:18:03Z,219002177,54.934155,11.371075,6.0,Under way using engine
2026-10-02T10:18:04Z,219000809,54.916088,11.360057,0.0,Under way using engine
2026-10-02T10:18:10Z,219000811,54.880705,11.479620,6.7,Under way using engine
2026-10-02T10:18:34Z,219000809,54.916090,11.360043,0.0,Under way using engine
2026-10-02T10:18:34Z,219002177,54.933220,11.371128,6.7,Under way using engine
2026-10-02T10:18:40Z,219000811,54.880725,11.477875,7.3,Under way using engine
2026-10-02T10:19:04Z,219000809,54.916095,11.360032,0.1,Under way using engine
2026-10-02T10:19:10Z,219000811,54.880733,11.476017,7.5,Under way using engine
2026-10-02T10:19:14Z,219002177,54.931913,11.371167,7.3,Under way using engine
2026-10-02T10:19:34Z,219000809,54.916085,11.360012,0.0,Under way using engine
2026-10-02T10:19:40Z,219000811,54.880735,11.474202,7.5,Under way using engine
2026-10-02T10:19:45Z,219002177,54.930893,11.371197,7.4,Under way using engine
2026-10-02T10:20:04Z,219000809,54.916088,11.360032,0.0,Under way using engine
2026-10-02T10:20:10Z,219000811,54.880745,11.472368,7.6,Under way using engine
2026-10-02T10:20:24Z,219002177,54.929525,11.371310,7.6,Under way using engine
2026-10-02T10:20:34Z,219000809,54.916083,11.360042,0.0,Under way using engine
2026-10-02T10:20:40Z,219000811,54.880747,11.470535,7.6,Under way using engine
2026-10-02T10:21:03Z,219002177,54.928128,11.371473,7.6,Under way using engine
2026-10-02T10:21:04Z,219000809,54.916098,11.360022,0.0,Under way using engine
2026-10-02T10:21:10Z,219000811,54.880765,11.468728,7.6,Under way using engine
2026-10-02T10:21:34Z,219000809,54.916100,11.360035,0.0,Under way using engine
2026-10-02T10:21:34Z,219002177,54.927048,11.371598,7.6,Under way using engine
2026-10-02T10:21:40Z,219000811,54.881150,11.467103,7.3,Under way using engine
2026-10-02T10:22:04Z,219000809,54.916110,11.360017,0.0,Under way using engine
2026-10-02T10:22:10Z,219000811,54.881622,11.465403,7.5,Under way using engine
2026-10-02T10:22:14Z,219002177,54.925655,11.371792,7.6,Under way using engine
2026-10-02T10:22:34Z,219000809,54.916093,11.360003,0.0,Under way using engine
2026-10-02T10:22:40Z,219000811,54.882287,11.464147,7.4,Under way using engine
2026-10-02T10:22:44Z,219002177,54.924597,11.371937,7.6,Under way using engine
2026-10-02T10:23:04Z,219000809,54.916085,11.360030,0.0,Under way using engine
2026-10-02T10:23:10Z,219000811,54.883087,11.462987,7.5,Under way using engine
2026-10-02T10:23:14Z,219002177,54.923548,11.372042,7.6,Under way using engine
2026-10-02T10:23:34Z,219000809,54.916078,11.360010,0.0,Under way using engine
2026-10-02T10:23:40Z,219000811,54.883927,11.461803,7.6,Under way using engine
2026-10-02T10:23:44Z,219002177,54.922488,11.372222,7.6,Under way using engine
2026-10-02T10:24:10Z,219000811,54.884730,11.460647,7.6,Under way using engine
2026-10-02T10:24:14Z,219000809,54.916088,11.360013,0.0,Under way using engine
2026-10-02T10:24:14Z,219002177,54.921470,11.372337,7.5,Under way using engine
2026-10-02T10:24:40Z,219000811,54.885532,11.459505,7.5,Under way using engine
2026-10-02T10:24:44Z,219000809,54.916080,11.360023,0.1,Under way using engine
2026-10-02T10:24:44Z,219002177,54.920430,11.372455,7.4,Under way using engine
2026-10-02T10:25:10Z,219000811,54.886370,11.458352,7.5,Under way using engine
2026-10-02T10:25:14Z,219000809,54.916075,11.360030,0.0,Under way using engine
2026-10-02T10:25:14Z,219002177,54.919433,11.372520,7.1,Under way using engine
2026-10-02T10:25:40Z,219000811,54.887172,11.457210,7.5,Under way using engine
2026-10-02T10:25:44Z,219000809,54.916070,11.360023,0.0,Under way using engine
2026-10-02T10:25:44Z,219002177,54.918492,11.372345,6.8,Under way using engine
2026-10-02T10:26:10Z,219000811,54.887990,11.456075,7.6,Under way using engine
2026-10-02T10:26:14Z,219000809,54.916072,11.360035,0.0,Under way using engine
2026-10-02T10:26:14Z,219002177,54.917597,11.371925,6.7,Under way using engine
2026-10-02T10:26:40Z,219000811,54.888713,11.454855,7.6,Under way using engine
2026-10-02T10:26:44Z,219000809,54.916078,11.360038,0.1,Under way using engine
2026-10-02T10:26:44Z,219002177,54.916962,11.370968,5.7,Under way using engine
2026-10-02T10:27:10Z,219000811,54.889353,11.453330,7.6,Under way using engine
2026-10-02T10:27:14Z,219000809,54.916085,11.360027,0.0,Under way using engine
2026-10-02T10:27:14Z,219002177,54.916747,11.369653,5.8,Under way using engine
2026-10-02T10:27:40Z,219000811,54.889983,11.451860,7.6,Under way using engine
2026-10-02T10:27:44Z,219000809,54.916075,11.360038,0.0,Under way using engine
2026-10-02T10:27:44Z,219002177,54.916572,11.368222,6.1,Under way using engine
2026-10-02T10:28:10Z,219000811,54.890620,11.450363,7.7,Under way using engine
2026-10-02T10:28:14Z,219000809,54.916077,11.360022,0.0,Under way using engine
2026-10-02T10:28:14Z,219002177,54.916472,11.366787,6.3,Under way using engine
2026-10-02T10:28:40Z,219000811,54.891235,11.448883,7.6,Under way using engine
2026-10-02T10:28:44Z,219000809,54.916057,11.360017,0.0,Under way using engine
2026-10-02T10:29:05Z,219002177,54.916262,11.364155,6.4,Under way using engine
2026-10-02T10:29:10Z,219000811,54.891880,11.447362,7.6,Under way using engine
2026-10-02T10:29:14Z,219000809,54.916087,11.360022,0.0,Under way using engine
2026-10-02T10:29:40Z,219000811,54.892490,11.445955,7.7,Under way using engine
2026-10-02T10:29:44Z,219000809,54.916067,11.360028,0.0,Under way using engine
2026-10-02T10:29:55Z,219002177,54.916297,11.361888,5.2,Under way using engine
2026-10-02T10:30:10Z,219000811,54.893138,11.444428,7.7,Under way using engine
2026-10-02T10:30:14Z,219000809,54.916080,11.360033,0.0,Under way using engine
2026-10-02T10:30:25Z,219002177,54.916355,11.360963,2.9,Under way using engine
2026-10-02T10:30:40Z,219000811,54.893782,11.442980,7.7,Under way using engine
2026-10-02T10:30:44Z,219000809,54.916077,11.360032,0.0,Under way using engine
2026-10-02T10:31:04Z,219002177,54.916365,11.360598,0.7,Under way using engine
2026-10-02T10:31:10Z,219000811,54.894438,11.441530,7.7,Under way using engine
2026-10-02T10:31:14Z,219000809,54.916083,11.360037,0.0,Under way using engine
2026-10-02T10:31:34Z,219002177,54.916357,11.360520,0.0,Under way using engine
2026-10-02T10:31:40Z,219000811,54.895090,11.440098,7.7,Under way using engine
2026-10-02T10:31:44Z,219000809,54.916082,11.360052,0.0,Under way using engine
2026-10-02T10:32:04Z,219002177,54.916357,11.360523,0.0,Under way using engine
2026-10-02T10:32:10Z,219000811,54.895773,11.438628,7.7,Under way using engine
2026-10-02T10:32:14Z,219000809,54.916073,11.360048,0.0,Under way using engine
2026-10-02T10:32:34Z,219002177,54.916367,11.360538,0.0,Under way using engine
2026-10-02T10:32:44Z,219000809,54.916090,11.360045,0.0,Under way using engine
2026-10-02T10:32:49Z,219000811,54.896623,11.436733,7.7,Under way using engine
2026-10-02T10:33:04Z,219002177,54.916372,11.360550,0.0,Under way using engine
2026-10-02T10:33:14Z,219000809,54.916078,11.360030,0.0,Under way using engine
2026-10-02T10:33:19Z,219000811,54.897297,11.435298,7.7,Under way using engine
2026-10-02T10:33:34Z,219002177,54.916340,11.360540,0.0,Under way using engine
2026-10-02T10:33:49Z,219000811,54.897980,11.433817,7.7,Under way using engine
2026-10-02T10:33:54Z,219000809,54.916067,11.360032,0.0,Under way using engine
2026-10-02T10:34:04Z,219002177,54.916363,11.360545,0.0,Under way using engine
2026-10-02T10:34:19Z,219000811,54.898642,11.432385,7.7,Under way using engine
2026-10-02T10:34:24Z,219000809,54.916037,11.360012,0.0,Under way using engine
2026-10-02T10:34:34Z,219002177,54.916378,11.360583,0.0,Under way using engine
2026-10-02T10:34:49Z,219000811,54.899317,11.430957,7.7,Under way using engine
2026-10-02T10:34:54Z,219000809,54.916030,11.360023,0.0,Under way using engine
2026-10-02T10:35:04Z,219002177,54.916337,11.360563,0.0,Under way using engine
2026-10-02T10:35:19Z,219000811,54.900017,11.429458,7.7,Under way using engine
2026-10-02T10:35:24Z,219000809,54.916050,11.360033,0.0,Under way using engine
2026-10-02T10:35:43Z,219002177,54.916348,11.360567,0.1,Under way using engine
2026-10-02T10:35:49Z,219000811,54.900607,11.427997,7.7,Under way using engine
2026-10-02T10:35:54Z,219000809,54.916038,11.360127,1.3,Under way using engine
2026-10-02T10:36:14Z,219002177,54.916342,11.360552,0.0,Under way using engine
2026-10-02T10:36:19Z,219000811,54.901072,11.426272,7.6,Under way using engine
2026-10-02T10:36:24Z,219000809,54.916020,11.361070,4.6,Under way using engine
2026-10-02T10:36:49Z,219000811,54.901452,11.424615,7.7,Under way using engine
2026-10-02T10:36:54Z,219000809,54.916208,11.362345,6.1,Under way using engine
2026-10-02T10:36:54Z,219002177,54.916378,11.360533,0.0,Under way using engine
2026-10-02T10:37:19Z,219000811,54.901843,11.422808,7.8,Under way using engine
2026-10-02T10:37:24Z,219000809,54.916403,11.364342,8.5,Under way using engine
2026-10-02T10:37:25Z,219002177,54.916328,11.360527,0.0,Under way using engine
2026-10-02T10:37:49Z,219000811,54.902075,11.420998,7.7,Under way using engine
2026-10-02T10:37:54Z,219000809,54.916622,11.366448,9.0,Under way using engine
2026-10-02T10:38:04Z,219002177,54.916400,11.360613,0.1,Under way using engine
2026-10-02T10:38:19Z,219000811,54.902298,11.419188,7.8,Under way using engine
2026-10-02T10:38:24Z,219000809,54.916667,11.368672,9.3,Under way using engine
2026-10-02T10:38:43Z,219002177,54.916347,11.360548,0.0,Under way using engine
2026-10-02T10:38:49Z,219000811,54.902527,11.417348,7.7,Under way using engine
2026-10-02T10:38:54Z,219000809,54.916793,11.370877,9.3,Under way using engine
2026-10-02T10:39:14Z,219002177,54.916367,11.360587,0.1,Under way using engine
2026-10-02T10:39:19Z,219000811,54.902765,11.415555,7.7,Under way using engine
2026-10-02T10:39:24Z,219000809,54.916622,11.373105,8.9,Under way using engine
2026-10-02T10:39:45Z,219002177,54.916352,11.360558,0.0,Under way using engine
2026-10-02T10:39:49Z,219000811,54.902992,11.413748,7.7,Under way using engine
2026-10-02T10:39:54Z,219000809,54.915918,11.374860,9.4,Under way using engine
2026-10-02T10:40:19Z,219000811,54.903227,11.411870,7.7,Under way using engine
2026-10-02T10:40:24Z,219000809,54.915117,11.376822,9.9,Under way using engine
2026-10-02T10:40:25Z,219002177,54.916368,11.360565,0.0,Under way using engine
2026-10-02T10:40:49Z,219000811,54.903450,11.410133,7.7,Under way using engine
2026-10-02T10:40:54Z,219000809,54.914333,11.378722,10.0,Under way using engine
2026-10-02T10:40:55Z,219002177,54.916337,11.360550,0.0,Under way using engine
2026-10-02T10:41:24Z,219000809,54.913500,11.380743,10.0,Under way using engine
2026-10-02T10:41:25Z,219002177,54.916328,11.360540,0.0,Under way using engine
2026-10-02T10:41:29Z,219000811,54.903752,11.407720,7.7,Under way using engine
2026-10-02T10:41:54Z,219000809,54.912733,11.382632,9.9,Under way using engine
2026-10-02T10:41:55Z,219002177,54.916315,11.360530,0.0,Under way using engine
2026-10-02T10:41:59Z,219000811,54.903983,11.405920,7.7,Under way using engine
2026-10-02T10:42:24Z,219000809,54.911872,11.384607,9.9,Under way using engine
2026-10-02T10:42:29Z,219000811,54.904213,11.404113,7.7,Under way using engine
2026-10-02T10:42:33Z,219002177,54.916325,11.360547,0.0,Under way using engine
2026-10-02T10:42:54Z,219000809,54.911067,11.386460,9.9,Under way using engine
2026-10-02T10:42:59Z,219000811,54.904423,11.402283,7.6,Under way using engine
2026-10-02T10:43:04Z,219002177,54.916322,11.360545,0.0,Under way using engine
2026-10-02T10:43:24Z,219000809,54.910305,11.388540,9.9,Under way using engine
2026-10-02T10:43:29Z,219000811,54.904712,11.400568,7.5,Under way using engine
2026-10-02T10:43:39Z,219002177,54.916327,11.360533,0.0,Under way using engine
2026-10-02T10:44:00Z,219000811,54.905088,11.398895,7.4,Under way using engine
2026-10-02T10:44:04Z,219000809,54.909377,11.391285,10.0,Under way using engine
2026-10-02T10:44:14Z,219002177,54.916318,11.360572,0.0,Under way using engine
2026-10-02T10:44:40Z,219000811,54.905737,11.396635,7.5,Under way using engine
2026-10-02T10:44:43Z,219000809,54.908452,11.393943,9.9,Under way using engine
2026-10-02T10:44:45Z,219002177,54.916323,11.360573,0.0,Under way using engine
2026-10-02T10:45:10Z,219000811,54.906205,11.395107,7.4,Under way using engine
2026-10-02T10:45:13Z,219000809,54.907898,11.396002,9.7,Under way using engine
2026-10-02T10:45:24Z,219002177,54.916338,11.360570,0.0,Under way using engine
2026-10-02T10:45:40Z,219000811,54.906763,11.393682,7.3,Under way using engine
2026-10-02T10:45:43Z,219000809,54.908183,11.398032,8.6,Under way using engine
2026-10-02T10:45:55Z,219002177,54.916332,11.360555,0.0,Under way using engine
2026-10-02T10:46:10Z,219000811,54.907427,11.392263,7.4,Under way using engine
2026-10-02T10:46:13Z,219000809,54.908947,11.399717,9.3,Under way using engine
2026-10-02T10:46:34Z,219002177,54.916345,11.360550,0.0,Under way using engine
2026-10-02T10:46:40Z,219000811,54.908093,11.390855,7.4,Under way using engine
2026-10-02T10:46:43Z,219000809,54.909778,11.401527,9.5,Under way using engine
2026-10-02T10:47:04Z,219002177,54.916330,11.360548,0.0,Under way using engine
2026-10-02T10:47:10Z,219000811,54.908727,11.389525,7.5,Under way using engine
2026-10-02T10:47:13Z,219000809,54.910610,11.403262,9.7,Under way using engine
2026-10-02T10:47:35Z,219002177,54.916328,11.360537,0.0,Under way using engine
2026-10-02T10:47:40Z,219000811,54.909408,11.388035,7.5,Under way using engine
2026-10-02T10:47:43Z,219000809,54.911452,11.405138,9.6,Under way using engine
2026-10-02T10:48:10Z,219000811,54.910032,11.386682,7.5,Under way using engine
2026-10-02T10:48:13Z,219000809,54.912258,11.406900,9.6,Under way using engine
2026-10-02T10:48:13Z,219002177,54.916313,11.360548,0.0,Under way using engine
2026-10-02T10:48:40Z,219000811,54.910693,11.385313,7.4,Under way using engine
2026-10-02T10:48:43Z,219000809,54.913103,11.408765,9.7,Under way using engine
2026-10-02T10:48:44Z,219002177,54.916328,11.360553,0.0,Under way using engine
2026-10-02T10:49:10Z,219000811,54.911290,11.384002,6.9,Under way using engine
2026-10-02T10:49:13Z,219000809,54.913912,11.410533,9.6,Under way using engine
2026-10-02T10:49:24Z,219002177,54.916322,11.360548,0.0,Under way using engine
2026-10-02T10:49:40Z,219000811,54.911865,11.382760,6.6,Under way using engine
2026-10-02T10:49:44Z,219000809,54.914807,11.412490,9.7,Under way using engine
2026-10-02T10:49:55Z,219002177,54.916337,11.360568,0.0,Under way using engine
2026-10-02T10:50:10Z,219000811,54.912405,11.381565,6.3,Under way using engine
2026-10-02T10:50:23Z,219000809,54.915853,11.414808,9.7,Under way using engine
2026-10-02T10:50:35Z,219002177,54.916323,11.360568,0.0,Under way using engine
2026-10-02T10:50:40Z,219000811,54.912942,11.380418,6.0,Under way using engine
2026-10-02T10:50:53Z,219000809,54.916717,11.416692,9.5,Under way using engine
2026-10-02T10:51:10Z,219000811,54.913477,11.379348,5.9,Under way using engine
2026-10-02T10:51:13Z,219002177,54.916335,11.360563,0.0,Under way using engine
2026-10-02T10:51:23Z,219000809,54.917485,11.418468,9.7,Under way using engine
2026-10-02T10:51:40Z,219000811,54.913968,11.378342,5.4,Under way using engine
2026-10-02T10:51:44Z,219002177,54.916328,11.360553,0.0,Under way using engine
2026-10-02T10:51:53Z,219000809,54.918327,11.420412,9.7,Under way using engine
2026-10-02T10:52:10Z,219000811,54.914312,11.377682,3.8,Under way using engine
2026-10-02T10:52:23Z,219000809,54.919113,11.422202,9.6,Under way using engine
2026-10-02T10:52:24Z,219002177,54.916323,11.360565,0.0,Under way using engine
2026-10-02T10:52:40Z,219000811,54.914650,11.377427,2.6,Under way using engine
2026-10-02T10:52:53Z,219000809,54.919897,11.424117,9.5,Under way using engine
2026-10-02T10:52:54Z,219002177,54.916325,11.360577,0.0,Under way using engine
2026-10-02T10:53:10Z,219000811,54.914938,11.377430,2.0,Under way using engine
2026-10-02T10:53:23Z,219000809,54.920685,11.425903,9.6,Under way using engine
2026-10-02T10:53:24Z,219002177,54.916337,11.360575,0.0,Under way using engine
2026-10-02T10:53:40Z,219000811,54.915165,11.377450,1.6,Under way using engine
2026-10-02T10:53:53Z,219000809,54.921547,11.427782,9.5,Under way using engine
2026-10-02T10:53:54Z,219002177,54.916315,11.360748,1.3,Under way using engine
2026-10-02T10:54:10Z,219000811,54.915337,11.377442,1.2,Under way using engine
2026-10-02T10:54:23Z,219000809,54.922310,11.429537,9.5,Under way using engine
2026-10-02T10:54:24Z,219002177,54.916307,11.361322,3.0,Under way using engine
2026-10-02T10:54:40Z,219000811,54.915480,11.377395,1.0,Under way using engine
2026-10-02T10:54:53Z,219000809,54.923162,11.431373,9.3,Under way using engine
2026-10-02T10:54:54Z,219002177,54.916292,11.362407,5.2,Under way using engine
2026-10-02T10:55:10Z,219000811,54.915660,11.377053,1.9,Under way using engine
2026-10-02T10:55:23Z,219000809,54.923938,11.433070,9.6,Under way using engine
2026-10-02T10:55:24Z,219002177,54.916345,11.363888,6.5,Under way using engine
2026-10-02T10:55:40Z,219000811,54.915727,11.376260,3.4,Under way using engine
2026-10-02T10:55:53Z,219000809,54.924813,11.434937,9.6,Under way using engine
2026-10-02T10:55:54Z,219002177,54.916435,11.365638,7.6,Under way using engine
2026-10-02T10:56:10Z,219000811,54.915835,11.375273,4.1,Under way using engine
2026-10-02T10:56:23Z,219000809,54.925557,11.436693,9.5,Under way using engine
2026-10-02T10:56:24Z,219002177,54.916562,11.367513,7.9,Under way using engine
2026-10-02T10:56:40Z,219000811,54.915945,11.374577,3.0,Under way using engine
2026-10-02T10:56:53Z,219000809,54.926428,11.438537,9.5,Under way using engine
2026-10-02T10:56:54Z,219002177,54.916685,11.369415,8.0,Under way using engine
2026-10-02T10:57:10Z,219000811,54.916097,11.373687,4.0,Under way using engine
2026-10-02T10:57:23Z,219000809,54.927225,11.440305,9.4,Under way using engine
2026-10-02T10:57:24Z,219002177,54.917120,11.370917,6.3,Under way using engine
2026-10-02T10:57:40Z,219000811,54.916288,11.372205,6.4,Under way using engine
2026-10-02T10:57:54Z,219000809,54.928048,11.442120,9.4,Under way using engine
2026-10-02T10:57:54Z,219002177,54.917953,11.371108,6.3,Under way using engine
2026-10-02T10:58:10Z,219000811,54.916483,11.370495,7.1,Under way using engine
2026-10-02T10:58:34Z,219000809,54.929130,11.444472,9.4,Under way using engine
2026-10-02T10:58:34Z,219002177,54.919227,11.371260,7.1,Under way using engine
2026-10-02T10:58:40Z,219000811,54.916583,11.368732,7.4,Under way using engine
2026-10-02T10:59:04Z,219000809,54.929942,11.446247,9.1,Under way using engine
2026-10-02T10:59:04Z,219002177,54.920257,11.371293,7.4,Under way using engine
2026-10-02T10:59:10Z,219000811,54.916517,11.366928,7.6,Under way using engine
2026-10-02T10:59:34Z,219000809,54.930625,11.448052,9.5,Under way using engine
2026-10-02T10:59:34Z,219002177,54.921332,11.371328,7.7,Under way using engine
2026-10-02T10:59:40Z,219000811,54.916412,11.365143,7.5,Under way using engine
2026-10-02T11:00:04Z,219000809,54.931395,11.450022,9.5,Under way using engine
2026-10-02T11:00:05Z,219002177,54.922445,11.371335,8.0,Under way using engine
2026-10-02T11:00:20Z,219000811,54.916373,11.362910,6.6,Under way using engine
2026-10-02T11:00:43Z,219002177,54.923855,11.371380,8.1,Under way using engine
2026-10-02T11:00:44Z,219000809,54.932368,11.452557,9.4,Under way using engine
2026-10-02T11:00:53Z,219000811,54.916243,11.361613,4.7,Under way using engine
2026-10-02T11:01:14Z,219000809,54.933115,11.454442,9.3,Under way using engine
2026-10-02T11:01:14Z,219002177,54.924992,11.371422,8.2,Under way using engine
2026-10-02T11:01:26Z,219000811,54.916063,11.360677,3.8,Under way using engine
2026-10-02T11:01:44Z,219000809,54.933703,11.456407,9.3,Under way using engine
2026-10-02T11:01:54Z,219002177,54.926565,11.371505,8.2,Under way using engine
2026-10-02T11:01:56Z,219000811,54.915845,11.360620,1.5,Under way using engine
2026-10-02T11:02:14Z,219000809,54.934368,11.458357,9.3,Under way using engine
2026-10-02T11:02:26Z,219000811,54.915907,11.360548,0.8,Under way using engine
2026-10-02T11:02:43Z,219002177,54.928482,11.371633,8.3,Under way using engine
2026-10-02T11:02:44Z,219000809,54.935017,11.460223,9.3,Under way using engine
2026-10-02T11:02:56Z,219000811,54.915990,11.360288,1.2,Under way using engine
2026-10-02T11:03:14Z,219000809,54.935715,11.462253,9.2,Under way using engine
2026-10-02T11:03:14Z,219002177,54.929597,11.371687,8.4,Under way using engine
2026-10-02T11:03:29Z,219000811,54.916043,11.360043,0.9,Under way using engine
2026-10-02T11:03:44Z,219000809,54.936287,11.464075,9.2,Under way using engine
2026-10-02T11:03:54Z,219002177,54.931187,11.371800,8.4,Under way using engine
2026-10-02T11:04:00Z,219000811,54.916050,11.359992,0.2,Under way using engine
2026-10-02T11:04:14Z,219000809,54.936945,11.466042,9.1,Under way using engine
2026-10-02T11:04:24Z,219002177,54.932308,11.371878,8.3,Under way using engine
2026-10-02T11:04:40Z,219000811,54.916052,11.359973,0.0,Under way using engine
2026-10-02T11:04:44Z,219000809,54.937503,11.467950,9.1,Under way using engine
2026-10-02T11:04:54Z,219002177,54.933477,11.371902,8.0,Under way using engine
2026-10-02T11:05:20Z,219000811,54.916052,11.359973,0.0,Under way using engine
2026-10-02T11:05:24Z,219000809,54.938270,11.470622,9.1,Under way using engine
2026-10-02T11:05:24Z,219002177,54.934467,11.371662,7.1,Under way using engine
2026-10-02T11:05:54Z,219000809,54.938812,11.472512,9.0,Under way using engine
2026-10-02T11:05:54Z,219002177,54.935272,11.371567,5.1,Under way using engine
2026-10-02T11:06:00Z,219000811,54.916052,11.359973,0.0,Under way using engine
2026-10-02T11:06:24Z,219000809,54.939478,11.474372,8.8,Under way using engine
2026-10-02T11:06:24Z,219002177,54.935753,11.371812,2.8,Under way using engine
2026-10-02T11:06:40Z,219000811,54.916052,11.359973,0.0,Under way using engine
2026-10-02T11:06:54Z,219000809,54.940222,11.475948,8.8,Under way using engine
2026-10-02T11:06:54Z,219002177,54.935943,11.371977,0.9,Under way using engine
2026-10-02T11:07:20Z,219000811,54.916053,11.359972,0.0,Under way using engine
2026-10-02T11:07:24Z,219000809,54.941068,11.477567,8.8,Under way using engine
2026-10-02T11:07:24Z,219002177,54.935962,11.372013,0.0,Under way using engine
2026-10-02T11:07:54Z,219000809,54.941907,11.479050,8.8,Under way using engine
2026-10-02T11:07:54Z,219002177,54.935962,11.372008,0.0,Under way using engine
2026-10-02T11:08:00Z,219000811,54.916053,11.359972,0.0,Under way using engine
2026-10-02T11:08:24Z,219000809,54.942778,11.480603,8.6,Under way using engine
2026-10-02T11:08:24Z,219002177,54.935955,11.371995,0.0,Under way using engine
2026-10-02T11:08:40Z,219000811,54.916053,11.359973,0.0,Under way using engine
2026-10-02T11:08:54Z,219000809,54.943858,11.481205,8.5,Under way using engine
2026-10-02T11:08:54Z,219002177,54.935960,11.372002,0.0,Under way using engine
2026-10-02T11:09:20Z,219000811,54.916052,11.359972,0.0,Under way using engine
2026-10-02T11:09:24Z,219000809,54.945035,11.481773,8.6,Under way using engine
2026-10-02T11:09:34Z,219002177,54.935945,11.371995,0.0,Under way using engine
2026-10-02T11:09:54Z,219000809,54.946158,11.482405,8.8,Under way using engine
2026-10-02T11:10:00Z,219000811,54.916052,11.359972,0.0,Under way using engine
2026-10-02T11:10:04Z,219002177,54.935957,11.372007,0.1,Under way using engine
2026-10-02T11:10:24Z,219000809,54.947360,11.483130,8.8,Under way using engine
2026-10-02T11:10:34Z,219002177,54.935968,11.372007,0.0,Under way using engine
2026-10-02T11:10:40Z,219000811,54.916052,11.359973,0.0,Under way using engine
2026-10-02T11:10:54Z,219000809,54.948467,11.483812,8.9,Under way using engine
2026-10-02T11:11:04Z,219002177,54.935962,11.372015,0.0,Under way using engine
2026-10-02T11:11:19Z,219000811,54.916052,11.359972,0.0,Under way using engine
2026-10-02T11:11:33Z,219000809,54.949975,11.484743,8.9,Under way using engine
2026-10-02T11:11:34Z,219002177,54.935947,11.372015,0.0,Under way using engine
2026-10-02T11:11:49Z,219000811,54.916052,11.359970,0.0,Under way using engine
2026-10-02T11:12:03Z,219000809,54.951167,11.485458,8.8,Under way using engine
2026-10-02T11:12:04Z,219002177,54.935962,11.372012,0.0,Under way using engine
2026-10-02T11:12:25Z,219000811,54.916050,11.359970,0.0,Under way using engine
2026-10-02T11:12:33Z,219000809,54.952307,11.485983,8.8,Under way using engine
2026-10-02T11:12:34Z,219002177,54.935948,11.371982,0.0,Under way using engine
2026-10-02T11:13:00Z,219000811,54.916047,11.359970,0.0,Under way using engine
2026-10-02T11:13:04Z,219000809,54.953565,11.486587,8.8,Under way using engine
2026-10-02T11:13:04Z,219002177,54.935960,11.372005,0.0,Under way using engine
2026-10-02T11:13:39Z,219000811,54.916047,11.359972,0.0,Under way using engine
2026-10-02T11:13:43Z,219000809,54.955100,11.487350,8.8,Under way using engine
2026-10-02T11:13:44Z,219002177,54.935947,11.371995,0.0,Under way using engine
2026-10-02T11:14:09Z,219000811,54.916047,11.359972,0.0,Under way using engine
2026-10-02T11:14:13Z,219000809,54.956213,11.487860,8.6,Under way using engine
2026-10-02T11:14:24Z,219002177,54.935958,11.371998,0.0,Under way using engine
2026-10-02T11:14:39Z,219000811,54.916047,11.359970,0.0,Under way using engine
2026-10-02T11:14:43Z,219000809,54.957410,11.488425,8.8,Under way using engine
2026-10-02T11:14:54Z,219002177,54.935962,11.372010,0.0,Under way using engine
2026-10-02T11:15:09Z,219000811,54.916047,11.359973,0.0,Under way using engine
2026-10-02T11:15:13Z,219000809,54.958562,11.488973,9.0,Under way using engine
2026-10-02T11:15:24Z,219002177,54.935968,11.372003,0.0,Under way using engine
2026-10-02T11:15:43Z,219000809,54.959790,11.489572,8.8,Under way using engine
2026-10-02T11:15:49Z,219000811,54.916047,11.359977,0.0,Under way using engine
2026-10-02T11:15:55Z,219002177,54.935890,11.371957,1.3,Under way using engine
2026-10-02T11:16:13Z,219000809,54.960922,11.490115,8.9,Under way using engine
2026-10-02T11:16:19Z,219000811,54.916048,11.359980,0.0,Under way using engine
2026-10-02T11:16:34Z,219002177,54.935320,11.371602,4.1,Under way using engine
2026-10-02T11:16:43Z,219000809,54.962077,11.491098,9.0,Under way using engine
2026-10-02T11:16:49Z,219000811,54.916048,11.359983,0.0,Under way using engine
2026-10-02T11:17:05Z,219002177,54.934693,11.371338,5.0,Under way using engine
2026-10-02T11:17:13Z,219000809,54.963117,11.492147,9.0,Under way using engine
2026-10-02T11:17:19Z,219000811,54.916048,11.359987,0.0,Under way using engine
2026-10-02T11:17:44Z,219000809,54.964240,11.493270,9.1,Under way using engine
2026-10-02T11:17:44Z,219002177,54.933677,11.371570,6.0,Under way using engine
2026-10-02T11:17:49Z,219000811,54.916047,11.359988,0.0,Under way using engine
2026-10-02T11:18:15Z,219002177,54.932753,11.371693,6.5,Under way using engine
2026-10-02T11:18:19Z,219000811,54.916045,11.359990,0.0,Under way using engine
2026-10-02T11:18:24Z,219000809,54.965728,11.494733,9.1,Under way using engine
2026-10-02T11:18:49Z,219000811,54.916047,11.359990,0.0,Under way using engine
2026-10-02T11:18:54Z,219000809,54.966850,11.495877,9.3,Under way using engine
2026-10-02T11:18:55Z,219002177,54.931500,11.371930,6.8,Under way using engine
2026-10-02T11:19:19Z,219000811,54.916048,11.359988,0.0,Under way using engine
2026-10-02T11:19:24Z,219000809,54.967943,11.496965,9.2,Under way using engine
2026-10-02T11:19:34Z,219002177,54.930268,11.371920,6.9,Under way using engine
2026-10-02T11:19:49Z,219000811,54.916052,11.359988,0.0,Under way using engine
2026-10-02T11:19:54Z,219000809,54.969042,11.498030,9.3,Under way using engine
2026-10-02T11:20:05Z,219002177,54.929298,11.371973,7.1,Under way using engine
2026-10-02T11:20:19Z,219000811,54.916053,11.359990,0.0,Under way using engine
2026-10-02T11:20:24Z,219000809,54.970208,11.499138,9.3,Under way using engine
2026-10-02T11:20:44Z,219002177,54.928003,11.371977,7.2,Under way using engine
2026-10-02T11:20:49Z,219000811,54.916055,11.359987,0.0,Under way using engine
2026-10-02T11:20:54Z,219000809,54.971303,11.500177,9.4,Under way using engine
2026-10-02T11:21:15Z,219002177,54.926933,11.371985,7.2,Under way using engine
2026-10-02T11:21:19Z,219000811,54.916053,11.359985,0.0,Under way using engine
2026-10-02T11:21:24Z,219000809,54.972053,11.501910,8.9,Under way using engine
2026-10-02T11:21:49Z,219000811,54.916055,11.359983,0.0,Under way using engine
2026-10-02T11:21:53Z,219002177,54.925668,11.372022,7.2,Under way using engine
2026-10-02T11:21:54Z,219000809,54.972212,11.504015,9.4,Under way using engine
2026-10-02T11:22:19Z,219000811,54.916057,11.359983,0.0,Under way using engine
2026-10-02T11:22:24Z,219000809,54.972295,11.506290,9.1,Under way using engine
2026-10-02T11:22:24Z,219002177,54.924657,11.372082,7.3,Under way using engine
2026-10-02T11:22:49Z,219000811,54.916057,11.359978,0.0,Under way using engine
2026-10-02T11:22:54Z,219000809,54.972143,11.508320,8.6,Under way using engine
2026-10-02T11:23:04Z,219002177,54.923292,11.372235,7.2,Under way using engine
2026-10-02T11:23:19Z,219000811,54.916057,11.359978,0.0,Under way using engine
2026-10-02T11:23:34Z,219000809,54.971928,11.510940,7.8,Under way using engine
2026-10-02T11:23:45Z,219002177,54.921945,11.372275,7.2,Under way using engine
2026-10-02T11:23:49Z,219000811,54.916058,11.359980,0.0,Under way using engine
2026-10-02T11:24:13Z,219000809,54.971855,11.512985,5.5,Under way using engine
2026-10-02T11:24:15Z,219002177,54.920913,11.372318,7.2,Under way using engine
2026-10-02T11:24:19Z,219000811,54.916058,11.359978,0.0,Under way using engine
2026-10-02T11:24:44Z,219000809,54.971895,11.513957,3.4,Under way using engine
2026-10-02T11:24:45Z,219002177,54.919952,11.372352,7.2,Under way using engine
2026-10-02T11:24:49Z,219000811,54.916057,11.359975,0.0,Under way using engine
2026-10-02T11:25:15Z,219002177,54.918930,11.372340,7.1,Under way using engine
2026-10-02T11:25:19Z,219000811,54.916057,11.359975,0.0,Under way using engine
2026-10-02T11:25:23Z,219000809,54.971887,11.514507,0.9,Under way using engine
2026-10-02T11:25:45Z,219002177,54.917978,11.372175,7.1,Under way using engine
2026-10-02T11:25:50Z,219000811,54.916055,11.359975,0.0,Under way using engine
2026-10-02T11:25:54Z,219000809,54.971887,11.514562,0.0,Under way using engine
2026-10-02T11:26:15Z,219002177,54.917148,11.371445,6.4,Under way using engine
2026-10-02T11:26:29Z,219000811,54.916053,11.359975,0.0,Under way using engine
2026-10-02T11:26:34Z,219000809,54.971895,11.514570,0.0,Under way using engine
2026-10-02T11:26:53Z,219002177,54.916783,11.369858,5.6,Under way using engine
2026-10-02T11:27:00Z,219000811,54.916048,11.359973,0.0,Under way using engine
2026-10-02T11:27:04Z,219000809,54.971880,11.514552,0.0,Under way using engine
2026-10-02T11:27:25Z,219002177,54.916640,11.368435,5.8,Under way using engine
2026-10-02T11:27:34Z,219000809,54.971898,11.514583,0.0,Under way using engine
2026-10-02T11:27:39Z,219000811,54.916048,11.359973,0.0,Under way using engine
2026-10-02T11:28:04Z,219000809,54.971898,11.514583,0.0,Under way using engine
2026-10-02T11:28:05Z,219002177,54.916503,11.366533,6.1,Under way using engine
2026-10-02T11:28:10Z,219000811,54.916052,11.359973,0.0,Under way using engine
2026-10-02T11:28:34Z,219000809,54.971905,11.514590,0.0,Under way using engine
2026-10-02T11:28:35Z,219002177,54.916373,11.365055,6.3,Under way using engine
2026-10-02T11:28:50Z,219000811,54.916052,11.359972,0.0,Under way using engine
2026-10-02T11:29:04Z,219000809,54.971908,11.514598,0.0,Under way using engine
2026-10-02T11:29:05Z,219002177,54.916252,11.363532,6.4,Under way using engine
2026-10-02T11:29:29Z,219000811,54.916050,11.359968,0.0,Under way using engine
2026-10-02T11:29:34Z,219000809,54.971913,11.514605,0.0,Under way using engine
2026-10-02T11:29:44Z,219002177,54.916243,11.361810,4.6,Under way using engine
2026-10-02T11:30:00Z,219000811,54.916048,11.359965,0.0,Under way using engine
2026-10-02T11:30:04Z,219000809,54.971910,11.514605,0.0,Under way using engine
2026-10-02T11:30:15Z,219002177,54.916318,11.361020,2.5,Under way using engine
2026-10-02T11:30:30Z,219000811,54.916043,11.359970,0.0,Under way using engine
2026-10-02T11:30:34Z,219000809,54.971915,11.514603,0.0,Under way using engine
2026-10-02T11:30:55Z,219002177,54.916343,11.360667,0.7,Under way using engine
2026-10-02T11:31:00Z,219000811,54.916042,11.359973,0.0,Under way using engine
2026-10-02T11:31:04Z,219000809,54.971913,11.514597,0.0,Under way using engine
2026-10-02T11:31:30Z,219000811,54.916042,11.359980,0.0,Under way using engine
2026-10-02T11:31:34Z,219000809,54.971912,11.514597,0.0,Under way using engine
2026-10-02T11:31:34Z,219002177,54.916342,11.360578,0.0,Under way using engine
2026-10-02T11:32:00Z,219000811,54.916043,11.359985,0.0,Under way using engine
2026-10-02T11:32:05Z,219002177,54.916340,11.360585,0.0,Under way using engine
2026-10-02T11:32:14Z,219000809,54.971913,11.514610,0.0,Under way using engine
2026-10-02T11:32:30Z,219000811,54.916045,11.359985,0.0,Under way using engine
2026-10-02T11:32:43Z,219002177,54.916345,11.360585,0.0,Under way using engine
2026-10-02T11:32:53Z,219000809,54.971918,11.514598,0.0,Under way using engine
2026-10-02T11:33:10Z,219000811,54.916047,11.359980,0.0,Under way using engine
2026-10-02T11:33:15Z,219002177,54.916345,11.360588,0.0,Under way using engine
2026-10-02T11:33:24Z,219000809,54.971910,11.514592,0.0,Under way using engine
2026-10-02T11:33:50Z,219000811,54.916048,11.359977,0.0,Under way using engine
2026-10-02T11:33:55Z,219002177,54.916343,11.360585,0.0,Under way using engine
2026-10-02T11:34:03Z,219000809,54.971902,11.514400,2.0,Under way using engine
2026-10-02T11:34:30Z,219000811,54.916048,11.359973,0.0,Under way using engine
2026-10-02T11:34:33Z,219000809,54.971898,11.513558,3.7,Under way using engine
2026-10-02T11:34:34Z,219002177,54.916338,11.360568,0.0,Under way using engine
2026-10-02T11:35:03Z,219000809,54.971727,11.513057,1.1,Under way using engine
2026-10-02T11:35:04Z,219002177,54.916338,11.360573,0.0,Under way using engine
2026-10-02T11:35:10Z,219000811,54.916047,11.359977,0.0,Under way using engine
2026-10-02T11:35:33Z,219000809,54.971762,11.512762,2.5,Under way using engine
2026-10-02T11:35:35Z,219002177,54.916333,11.360573,0.0,Under way using engine
2026-10-02T11:35:50Z,219000811,54.916048,11.359982,0.0,Under way using engine
2026-10-02T11:36:03Z,219000809,54.971912,11.511300,7.2,Under way using engine
2026-10-02T11:36:15Z,219002177,54.916335,11.360567,0.0,Under way using engine
2026-10-02T11:36:22Z,219000811,54.916048,11.359983,0.0,Under way using engine
2026-10-02T11:36:33Z,219000809,54.972110,11.509395,8.3,Under way using engine
2026-10-02T11:36:55Z,219002177,54.916342,11.360557,0.0,Under way using engine
2026-10-02T11:36:59Z,219000811,54.916048,11.359985,0.0,Under way using engine
2026-10-02T11:37:03Z,219000809,54.972298,11.507373,8.4,Under way using engine
2026-10-02T11:37:29Z,219000811,54.916047,11.359987,0.0,Under way using engine
2026-10-02T11:37:33Z,219000809,54.972068,11.505393,8.5,Under way using engine
2026-10-02T11:37:41Z,219002177,54.916338,11.360563,0.0,Under way using engine
2026-10-02T11:37:59Z,219000811,54.916047,11.359985,0.0,Under way using engine
2026-10-02T11:38:04Z,219000809,54.971485,11.503407,9.2,Under way using engine
2026-10-02T11:38:15Z,219002177,54.916340,11.360555,0.0,Under way using engine
2026-10-02T11:38:29Z,219000811,54.916047,11.359983,0.0,Under way using engine
2026-10-02T11:38:34Z,219000809,54.970707,11.501532,9.3,Under way using engine
2026-10-02T11:38:53Z,219002177,54.916338,11.360572,0.0,Under way using engine
2026-10-02T11:38:59Z,219000811,54.916047,11.359982,0.0,Under way using engine
2026-10-02T11:39:04Z,219000809,54.969940,11.499840,9.3,Under way using engine
2026-10-02T11:39:24Z,219002177,54.916345,11.360577,0.0,Under way using engine
2026-10-02T11:39:29Z,219000811,54.916047,11.359978,0.0,Under way using engine
2026-10-02T11:39:34Z,219000809,54.969138,11.498010,9.3,Under way using engine
2026-10-02T11:39:59Z,219000811,54.916048,11.359978,0.0,Under way using engine
2026-10-02T11:40:04Z,219000809,54.968333,11.496363,9.3,Under way using engine
2026-10-02T11:40:04Z,219002177,54.916347,11.360570,0.0,Under way using engine
2026-10-02T11:40:29Z,219000811,54.916050,11.359977,0.0,Under way using engine
2026-10-02T11:40:34Z,219000809,54.967358,11.494790,9.3,Under way using engine
2026-10-02T11:40:34Z,219002177,54.916347,11.360575,0.0,Under way using engine
2026-10-02T11:40:59Z,219000811,54.916048,11.359978,0.0,Under way using engine
2026-10-02T11:41:04Z,219000809,54.966375,11.493392,9.5,Under way using engine
2026-10-02T11:41:04Z,219002177,54.916348,11.360577,0.0,Under way using engine
2026-10-02T11:41:29Z,219000811,54.916048,11.359982,0.0,Under way using engine
2026-10-02T11:41:34Z,219000809,54.965235,11.492132,9.4,Under way using engine
2026-10-02T11:41:34Z,219002177,54.916353,11.360582,0.0,Under way using engine
2026-10-02T11:41:59Z,219000811,54.916052,11.359983,0.0,Under way using engine
2026-10-02T11:42:04Z,219000809,54.964060,11.491278,9.5,Under way using engine
2026-10-02T11:42:04Z,219002177,54.916353,11.360567,0.0,Under way using engine
2026-10-02T11:42:30Z,219000811,54.916052,11.359982,0.0,Under way using engine
2026-10-02T11:42:34Z,219000809,54.962717,11.490697,9.6,Under way using engine
2026-10-02T11:42:34Z,219002177,54.916348,11.360565,0.0,Under way using engine
2026-10-02T11:43:04Z,219000809,54.961432,11.490180,9.9,Under way using engine
2026-10-02T11:43:04Z,219002177,54.916343,11.360550,0.0,Under way using engine
2026-10-02T11:43:09Z,219000811,54.916052,11.359982,0.0,Under way using engine
2026-10-02T11:43:34Z,219000809,54.960048,11.489623,9.9,Under way using engine
2026-10-02T11:43:34Z,219002177,54.916340,11.360553,0.0,Under way using engine
2026-10-02T11:43:39Z,219000811,54.916053,11.359978,0.0,Under way using engine
2026-10-02T11:44:04Z,219000809,54.958783,11.489028,9.8,Under way using engine
2026-10-02T11:44:04Z,219002177,54.916347,11.360565,0.0,Under way using engine
2026-10-02T11:44:09Z,219000811,54.916055,11.359975,0.0,Under way using engine
2026-10-02T11:44:34Z,219002177,54.916340,11.360570,0.0,Under way using engine
2026-10-02T11:44:39Z,219000811,54.916055,11.359973,0.0,Under way using engine
2026-10-02T11:44:44Z,219000809,54.957033,11.488152,9.8,Under way using engine
2026-10-02T11:45:04Z,219002177,54.916343,11.360570,0.0,Under way using engine
2026-10-02T11:45:14Z,219000809,54.955703,11.487500,9.8,Under way using engine
2026-10-02T11:45:19Z,219000811,54.916048,11.359972,0.0,Under way using engine
2026-10-02T11:45:34Z,219002177,54.916347,11.360567,0.0,Under way using engine
2026-10-02T11:45:44Z,219000809,54.954395,11.486863,10.1,Under way using engine
2026-10-02T11:45:49Z,219000811,54.916047,11.359972,0.0,Under way using engine
2026-10-02T11:46:04Z,219002177,54.916337,11.360553,0.0,Under way using engine
2026-10-02T11:46:14Z,219000809,54.953012,11.486165,9.9,Under way using engine
2026-10-02T11:46:19Z,219000811,54.916043,11.359975,0.0,Under way using engine
2026-10-02T11:46:34Z,219002177,54.916335,11.360550,0.0,Under way using engine
2026-10-02T11:46:44Z,219000809,54.951802,11.485630,9.1,Under way using engine
2026-10-02T11:46:49Z,219000811,54.916045,11.359977,0.0,Under way using engine
2026-10-02T11:47:04Z,219002177,54.916343,11.360547,0.0,Under way using engine
2026-10-02T11:47:14Z,219000809,54.950567,11.485047,9.0,Under way using engine
2026-10-02T11:47:19Z,219000811,54.916048,11.359978,0.0,Under way using engine
2026-10-02T11:47:34Z,219002177,54.916345,11.360562,0.0,Under way using engine
2026-10-02T11:47:44Z,219000809,54.949403,11.484527,9.0,Under way using engine
2026-10-02T11:47:49Z,219000811,54.916050,11.359980,0.0,Under way using engine
2026-10-02T11:48:04Z,219002177,54.916347,11.360550,0.0,Under way using engine
2026-10-02T11:48:23Z,219000811,54.916053,11.359980,0.0,Under way using engine
2026-10-02T11:48:24Z,219000809,54.947792,11.483808,9.0,Under way using engine
2026-10-02T11:48:34Z,219002177,54.916345,11.360550,0.0,Under way using engine
2026-10-02T11:48:54Z,219000809,54.946565,11.483210,8.9,Under way using engine
2026-10-02T11:48:58Z,219000811,54.916057,11.359982,0.0,Under way using engine
2026-10-02T11:49:04Z,219002177,54.916357,11.360543,0.0,Under way using engine
2026-10-02T11:49:29Z,219000811,54.916057,11.359982,0.0,Under way using engine
2026-10-02T11:49:33Z,219000809,54.945043,11.482513,9.0,Under way using engine
2026-10-02T11:49:34Z,219002177,54.916347,11.360543,0.0,Under way using engine
2026-10-02T11:50:03Z,219000809,54.943817,11.481938,8.8,Under way using engine
2026-10-02T11:50:04Z,219002177,54.916332,11.360548,0.0,Under way using engine
2026-10-02T11:50:08Z,219000811,54.916060,11.359983,0.0,Under way using engine
2026-10-02T11:50:33Z,219000809,54.942710,11.481315,8.6,Under way using engine
2026-10-02T11:50:34Z,219002177,54.916333,11.360543,0.0,Under way using engine
2026-10-02T11:50:40Z,219000811,54.916062,11.359985,0.0,Under way using engine
2026-10-02T11:51:03Z,219000809,54.941880,11.479990,7.9,Under way using engine
2026-10-02T11:51:04Z,219002177,54.916337,11.360557,0.0,Under way using engine
2026-10-02T11:51:18Z,219000811,54.916062,11.359988,0.0,Under way using engine
2026-10-02T11:51:33Z,219000809,54.941170,11.478570,8.2,Under way using engine
2026-10-02T11:51:34Z,219002177,54.916342,11.360558,0.1,Under way using engine
2026-10-02T11:51:50Z,219000811,54.916058,11.359990,0.0,Under way using engine
2026-10-02T11:52:03Z,219000809,54.940363,11.477047,8.3,Under way using engine
2026-10-02T11:52:14Z,219002177,54.916348,11.360548,0.0,Under way using engine
2026-10-02T11:52:29Z,219000811,54.916055,11.359992,0.0,Under way using engine
2026-10-02T11:52:37Z,219000809,54.939915,11.476060,8.2,Under way using engine
2026-10-02T11:52:44Z,219002177,54.916352,11.360558,0.0,Under way using engine
2026-10-02T11:53:09Z,219000811,54.916053,11.359992,0.0,Under way using engine
2026-10-02T11:53:14Z,219000809,54.938897,11.473085,8.3,Under way using engine
2026-10-02T11:53:25Z,219002177,54.916330,11.361082,3.6,Under way using engine
2026-10-02T11:53:40Z,219000811,54.916050,11.359992,0.0,Under way using engine
2026-10-02T11:53:44Z,219000809,54.938370,11.471305,8.3,Under way using engine
2026-10-02T11:54:04Z,219002177,54.916293,11.362788,6.0,Under way using engine
2026-10-02T11:54:14Z,219000809,54.937848,11.469518,8.3,Under way using engine
2026-10-02T11:54:20Z,219000811,54.916013,11.360390,1.8,Under way using engine
2026-10-02T11:54:34Z,219002177,54.916350,11.364323,6.8,Under way using engine
2026-10-02T11:54:44Z,219000809,54.937332,11.467737,8.3,Under way using engine
2026-10-02T11:54:50Z,219000811,54.916088,11.361440,4.4,Under way using engine
2026-10-02T11:55:04Z,219002177,54.916460,11.366087,7.2,Under way using engine
2026-10-02T11:55:14Z,219000809,54.936800,11.465962,8.3,Under way using engine
2026-10-02T11:55:20Z,219000811,54.916190,11.362762,5.8,Under way using engine
2026-10-02T11:55:34Z,219002177,54.916577,11.367822,7.5,Under way using engine
2026-10-02T11:55:44Z,219000809,54.936287,11.464163,8.4,Under way using engine
2026-10-02T11:55:50Z,219000811,54.916342,11.364447,6.9,Under way using engine
2026-10-02T11:56:04Z,219002177,54.916768,11.369688,7.6,Under way using engine
2026-10-02T11:56:14Z,219000809,54.935765,11.462337,8.4,Under way using engine
2026-10-02T11:56:20Z,219000811,54.916465,11.366253,7.4,Under way using engine
2026-10-02T11:56:34Z,219002177,54.917202,11.371077,6.4,Under way using engine
2026-10-02T11:56:44Z,219000809,54.935270,11.460520,8.4,Under way using engine
2026-10-02T11:56:50Z,219000811,54.916567,11.368097,7.7,Under way using engine
2026-10-02T11:57:04Z,219002177,54.918048,11.371560,6.3,Under way using engine
2026-10-02T11:57:20Z,219000811,54.916653,11.369997,8.0,Under way using engine
2026-10-02T11:57:23Z,219000809,54.934628,11.458233,8.4,Under way using engine
2026-10-02T11:57:34Z,219002177,54.918928,11.371678,6.6,Under way using engine
2026-10-02T11:57:50Z,219000811,54.916320,11.371640,7.5,Under way using engine
2026-10-02T11:57:54Z,219000809,54.934122,11.456365,8.3,Under way using engine
2026-10-02T11:58:04Z,219002177,54.919882,11.371707,6.7,Under way using engine
2026-10-02T11:58:20Z,219000811,54.915510,11.373145,8.0,Under way using engine
2026-10-02T11:58:33Z,219000809,54.933437,11.454055,8.3,Under way using engine
2026-10-02T11:58:34Z,219002177,54.920792,11.371750,6.8,Under way using engine
2026-10-02T11:58:50Z,219000811,54.914740,11.374565,8.4,Under way using engine
2026-10-02T11:59:03Z,219000809,54.932952,11.452228,8.3,Under way using engine
2026-10-02T11:59:04Z,219002177,54.921787,11.371797,7.0,Under way using engine
2026-10-02T11:59:20Z,219000811,54.913918,11.376067,8.6,Under way using engine
2026-10-02T11:59:34Z,219000809,54.932238,11.450510,8.3,Under way using engine
2026-10-02T11:59:45Z,219002177,54.923100,11.371883,7.2,Under way using engine
2026-10-02T11:59:50Z,219000811,54.913117,11.377632,8.6,Under way using engine
2026-10-02T12:00:13Z,219000809,54.931308,11.448557,8.3,Under way using engine
2026-10-02T12:00:20Z,219000811,54.912348,11.379197,8.6,Under way using engine
2026-10-02T12:00:24Z,219002177,54.924392,11.371952,7.2,Under way using engine
2026-10-02T12:00:44Z,219000809,54.930568,11.446973,8.2,Under way using engine
2026-10-02T12:00:50Z,219000811,54.911605,11.380892,8.6,Under way using engine
2026-10-02T12:00:54Z,219002177,54.925433,11.372025,7.3,Under way using engine
2026-10-02T12:01:20Z,219000811,54.910913,11.382495,8.6,Under way using engine
2026-10-02T12:01:23Z,219000809,54.929650,11.445023,8.1,Under way using engine
2026-10-02T12:01:24Z,219002177,54.926420,11.372115,7.4,Under way using engine
2026-10-02T12:01:50Z,219000811,54.910205,11.384135,8.6,Under way using engine
2026-10-02T12:01:54Z,219000809,54.928917,11.443435,8.3,Under way using engine
2026-10-02T12:01:54Z,219002177,54.927475,11.372180,7.4,Under way using engine
2026-10-02T12:02:24Z,219002177,54.928470,11.372232,7.4,Under way using engine
2026-10-02T12:02:28Z,219000811,54.909263,11.386293,8.6,Under way using engine
2026-10-02T12:02:34Z,219000809,54.927922,11.441327,8.3,Under way using engine
2026-10-02T12:02:54Z,219002177,54.929535,11.372288,7.4,Under way using engine
2026-10-02T12:02:58Z,219000811,54.908545,11.387950,8.6,Under way using engine
2026-10-02T12:03:13Z,219000809,54.926975,11.439323,8.3,Under way using engine
2026-10-02T12:03:24Z,219002177,54.930530,11.372327,7.4,Under way using engine
2026-10-02T12:03:28Z,219000811,54.907822,11.389598,8.6,Under way using engine
2026-10-02T12:03:44Z,219000809,54.926237,11.437787,8.3,Under way using engine
2026-10-02T12:03:54Z,219002177,54.931580,11.372205,7.3,Under way using engine
2026-10-02T12:03:59Z,219000811,54.907113,11.391352,8.6,Under way using engine
2026-10-02T12:04:23Z,219000809,54.925285,11.435818,8.2,Under way using engine
2026-10-02T12:04:24Z,219002177,54.932563,11.372060,7.3,Under way using engine
2026-10-02T12:04:36Z,219000811,54.906418,11.393605,8.6,Under way using engine
2026-10-02T12:04:54Z,219000809,54.924540,11.434265,8.1,Under way using engine
2026-10-02T12:04:54Z,219002177,54.933600,11.371882,7.2,Under way using engine
2026-10-02T12:05:09Z,219000811,54.906048,11.395743,8.5,Under way using engine
2026-10-02T12:05:24Z,219002177,54.934467,11.371662,6.2,Under way using engine
2026-10-02T12:05:34Z,219000809,54.923537,11.432247,8.1,Under way using engine
2026-10-02T12:05:50Z,219000811,54.905577,11.398437,8.6,Under way using engine
2026-10-02T12:05:54Z,219002177,54.935198,11.371572,4.9,Under way using engine
2026-10-02T12:06:04Z,219000809,54.922843,11.430802,8.0,Under way using engine
2026-10-02T12:06:24Z,219000811,54.905248,11.400385,8.6,Under way using engine
2026-10-02T12:06:24Z,219002177,54.935682,11.371762,3.0,Under way using engine
2026-10-02T12:06:34Z,219000809,54.922098,11.429245,8.1,Under way using engine
2026-10-02T12:06:54Z,219002177,54.935873,11.371912,1.1,Under way using engine
2026-10-02T12:06:59Z,219000811,54.904848,11.402887,8.5,Under way using engine
2026-10-02T12:07:04Z,219000809,54.921408,11.427822,8.1,Under way using engine
2026-10-02T12:07:25Z,219002177,54.935955,11.371975,0.3,Under way using engine
2026-10-02T12:07:29Z,219000811,54.904528,11.404982,8.5,Under way using engine
2026-10-02T12:07:34Z,219000809,54.920687,11.426355,8.1,Under way using engine
2026-10-02T12:07:59Z,219000811,54.904300,11.406890,8.4,Under way using engine
2026-10-02T12:08:04Z,219000809,54.919963,11.424872,8.1,Under way using engine
2026-10-02T12:08:05Z,219002177,54.935953,11.371993,0.0,Under way using engine
2026-10-02T12:08:29Z,219000811,54.904070,11.408988,8.3,Under way using engine
2026-10-02T12:08:34Z,219000809,54.919230,11.423395,8.0,Under way using engine
2026-10-02T12:08:44Z,219002177,54.935953,11.372012,0.0,Under way using engine
2026-10-02T12:08:59Z,219000811,54.903867,11.410877,8.3,Under way using engine
2026-10-02T12:09:04Z,219000809,54.918505,11.421928,8.0,Under way using engine
2026-10-02T12:09:25Z,219002177,54.935952,11.372003,0.0,Under way using engine
2026-10-02T12:09:29Z,219000811,54.903650,11.412833,8.4,Under way using engine
2026-10-02T12:09:34Z,219000809,54.917787,11.420478,8.0,Under way using engine
2026-10-02T12:10:00Z,219000811,54.903417,11.414927,8.3,Under way using engine
2026-10-02T12:10:04Z,219000809,54.917070,11.419007,8.0,Under way using engine
2026-10-02T12:10:05Z,219002177,54.935935,11.371998,0.0,Under way using engine
2026-10-02T12:10:34Z,219000809,54.916357,11.417525,8.0,Under way using engine
2026-10-02T12:10:40Z,219000811,54.903130,11.417513,8.3,Under way using engine
2026-10-02T12:10:44Z,219002177,54.935942,11.371995,0.0,Under way using engine
2026-10-02T12:11:04Z,219000809,54.915640,11.416042,8.0,Under way using engine
2026-10-02T12:11:14Z,219002177,54.935945,11.372005,0.0,Under way using engine
2026-10-02T12:11:20Z,219000811,54.902852,11.420122,8.2,Under way using engine
2026-10-02T12:11:34Z,219000809,54.914920,11.414573,8.0,Under way using engine
2026-10-02T12:11:44Z,219002177,54.935957,11.371998,0.0,Under way using engine
2026-10-02T12:11:50Z,219000811,54.902638,11.422082,8.3,Under way using engine
2026-10-02T12:12:04Z,219000809,54.914217,11.413087,8.0,Under way using engine
2026-10-02T12:12:14Z,219002177,54.935962,11.371997,0.0,Under way using engine
2026-10-02T12:12:20Z,219000811,54.902168,11.423865,8.0,Under way using engine
2026-10-02T12:12:34Z,219000809,54.913495,11.411618,8.1,Under way using engine
2026-10-02T12:12:44Z,219002177,54.935963,11.371993,0.0,Under way using engine
2026-10-02T12:12:50Z,219000811,54.901438,11.425360,8.1,Under way using engine
2026-10-02T12:13:04Z,219000809,54.912800,11.410122,8.0,Under way using engine
2026-10-02T12:13:14Z,219002177,54.935967,11.371995,0.0,Under way using engine
2026-10-02T12:13:20Z,219000811,54.900747,11.426852,8.2,Under way using engine
2026-10-02T12:13:34Z,219000809,54.912053,11.408647,8.1,Under way using engine
2026-10-02T12:13:44Z,219002177,54.935963,11.372003,0.0,Under way using engine
2026-10-02T12:13:50Z,219000811,54.900035,11.428545,8.2,Under way using engine
2026-10-02T12:14:04Z,219000809,54.911342,11.407145,8.1,Under way using engine
2026-10-02T12:14:14Z,219002177,54.935962,11.372013,0.0,Under way using engine
2026-10-02T12:14:20Z,219000811,54.899393,11.430075,8.2,Under way using engine
2026-10-02T12:14:44Z,219000809,54.910377,11.405163,8.2,Under way using engine
2026-10-02T12:14:44Z,219002177,54.935957,11.372012,0.0,Under way using engine
2026-10-02T12:14:50Z,219000811,54.898713,11.431705,8.2,Under way using engine
2026-10-02T12:15:14Z,219000809,54.909662,11.403667,8.1,Under way using engine
2026-10-02T12:15:14Z,219002177,54.935960,11.372005,0.0,Under way using engine
2026-10-02T12:15:20Z,219000811,54.898047,11.433302,8.2,Under way using engine
2026-10-02T12:15:44Z,219000809,54.908923,11.402157,8.2,Under way using engine
2026-10-02T12:15:44Z,219002177,54.935960,11.372000,0.0,Under way using engine
2026-10-02T12:15:50Z,219000811,54.897360,11.434948,8.2,Under way using engine
2026-10-02T12:16:14Z,219000809,54.908307,11.400547,8.0,Under way using engine
2026-10-02T12:16:14Z,219002177,54.935842,11.371915,1.9,Under way using engine
2026-10-02T12:16:20Z,219000811,54.896712,11.436498,8.3,Under way using engine
2026-10-02T12:16:44Z,219000809,54.907968,11.398730,7.9,Under way using engine
2026-10-02T12:16:44Z,219002177,54.935355,11.371640,4.2,Under way using engine
2026-10-02T12:16:50Z,219000811,54.896020,11.438142,8.3,Under way using engine
2026-10-02T12:17:14Z,219000809,54.907863,11.396902,7.5,Under way using engine
2026-10-02T12:17:14Z,219002177,54.934682,11.371310,5.5,Under way using engine
2026-10-02T12:17:20Z,219000811,54.895362,11.439742,8.3,Under way using engine
2026-10-02T12:17:44Z,219000809,54.908125,11.395155,7.5,Under way using engine
2026-10-02T12:17:44Z,219002177,54.933802,11.371333,6.5,Under way using engine
2026-10-02T12:17:50Z,219000811,54.894662,11.441393,8.3,Under way using engine
2026-10-02T12:18:14Z,219000809,54.908583,11.393525,7.5,Under way using engine
2026-10-02T12:18:14Z,219002177,54.932850,11.371317,7.3,Under way using engine
2026-10-02T12:18:24Z,219000811,54.894018,11.442937,8.3,Under way using engine
2026-10-02T12:18:44Z,219000809,54.909068,11.391900,7.6,Under way using engine
2026-10-02T12:18:44Z,219002177,54.931762,11.371323,7.8,Under way using engine
2026-10-02T12:19:00Z,219000811,54.893102,11.445140,8.3,Under way using engine
2026-10-02T12:19:14Z,219002177,54.930705,11.371333,7.9,Under way using engine
2026-10-02T12:19:23Z,219000809,54.909705,11.389783,7.6,Under way using engine
2026-10-02T12:19:39Z,219000811,54.892218,11.447262,8.4,Under way using engine
2026-10-02T12:19:45Z,219002177,54.929518,11.371397,8.1,Under way using engine
2026-10-02T12:19:54Z,219000809,54.910230,11.388110,7.6,Under way using engine
2026-10-02T12:20:09Z,219000811,54.891540,11.448890,8.4,Under way using engine
2026-10-02T12:20:24Z,219002177,54.928075,11.371487,8.2,Under way using engine
2026-10-02T12:20:33Z,219000809,54.911038,11.386220,7.6,Under way using engine
2026-10-02T12:20:39Z,219000811,54.890837,11.450572,8.4,Under way using engine
2026-10-02T12:20:55Z,219002177,54.926948,11.371545,7.8,Under way using engine
2026-10-02T12:21:04Z,219000809,54.911770,11.384737,7.6,Under way using engine
2026-10-02T12:21:09Z,219000811,54.890163,11.452217,8.5,Under way using engine
2026-10-02T12:21:33Z,219002177,54.925592,11.371695,7.5,Under way using engine
2026-10-02T12:21:39Z,219000811,54.889457,11.453815,8.4,Under way using engine
2026-10-02T12:21:44Z,219000809,54.912547,11.383142,5.3,Under way using engine
2026-10-02T12:22:04Z,219002177,54.924523,11.371825,7.2,Under way using engine
2026-10-02T12:22:09Z,219000811,54.888593,11.455195,8.4,Under way using engine
2026-10-02T12:22:23Z,219000809,54.913320,11.381520,8.0,Under way using engine
2026-10-02T12:22:39Z,219000811,54.887657,11.456543,8.6,Under way using engine
2026-10-02T12:22:45Z,219002177,54.923273,11.372107,6.5,Under way using engine
2026-10-02T12:22:53Z,219000809,54.914057,11.379927,8.6,Under way using engine
2026-10-02T12:23:09Z,219000811,54.886773,11.457763,8.6,Under way using engine
2026-10-02T12:23:24Z,219000809,54.914748,11.378087,8.6,Under way using engine
2026-10-02T12:23:24Z,219002177,54.922210,11.372467,6.1,Under way using engine
2026-10-02T12:23:39Z,219000811,54.885760,11.458938,8.5,Under way using engine
2026-10-02T12:24:03Z,219000809,54.915497,11.375755,8.5,Under way using engine
2026-10-02T12:24:04Z,219002177,54.921102,11.372752,5.9,Under way using engine
2026-10-02T12:24:09Z,219000811,54.884738,11.459967,8.7,Under way using engine
2026-10-02T12:24:33Z,219000809,54.916020,11.373992,8.5,Under way using engine
2026-10-02T12:24:39Z,219000811,54.883652,11.461008,8.7,Under way using engine
2026-10-02T12:24:45Z,219002177,54.920005,11.373053,6.0,Under way using engine
2026-10-02T12:25:03Z,219000809,54.916503,11.372045,8.5,Under way using engine
2026-10-02T12:25:09Z,219000811,54.882638,11.461970,8.7,Under way using engine
2026-10-02T12:25:24Z,219002177,54.918917,11.373148,6.2,Under way using engine
2026-10-02T12:25:33Z,219000809,54.916635,11.370042,8.9,Under way using engine
2026-10-02T12:25:39Z,219000811,54.881563,11.463175,8.7,Under way using engine
2026-10-02T12:26:04Z,219000809,54.916518,11.367717,9.0,Under way using engine
2026-10-02T12:26:04Z,219002177,54.917775,11.372395,6.5,Under way using engine
2026-10-02T12:26:10Z,219000811,54.880925,11.464855,8.5,Under way using engine
2026-10-02T12:26:42Z,219000811,54.880767,11.466980,8.1,Under way using engine
2026-10-02T12:26:44Z,219000809,54.916303,11.365027,8.3,Under way using engine
2026-10-02T12:26:45Z,219002177,54.916985,11.370767,6.5,Under way using engine
2026-10-02T12:27:20Z,219000811,54.880640,11.469330,8.2,Under way using engine
2026-10-02T12:27:24Z,219000809,54.916223,11.362472,7.6,Under way using engine
2026-10-02T12:27:33Z,219002177,54.916658,11.368300,6.7,Under way using engine
2026-10-02T12:27:50Z,219000811,54.880555,11.471413,8.2,Under way using engine
2026-10-02T12:28:04Z,219000809,54.916035,11.360650,4.0,Under way using engine
2026-10-02T12:28:04Z,219002177,54.916490,11.366665,6.7,Under way using engine
2026-10-02T12:28:20Z,219000811,54.880487,11.473342,8.2,Under way using engine
2026-10-02T12:28:34Z,219000809,54.915938,11.360538,0.0,Under way using engine
2026-10-02T12:28:44Z,219002177,54.916345,11.364593,6.6,Under way using engine
2026-10-02T12:28:50Z,219000811,54.880438,11.475375,8.1,Under way using engine
2026-10-02T12:29:04Z,219000809,54.915993,11.360322,1.3,Under way using engine
2026-10-02T12:29:14Z,219002177,54.916270,11.363022,6.4,Under way using engine
2026-10-02T12:29:20Z,219000811,54.880398,11.477270,8.2,Under way using engine
2026-10-02T12:29:34Z,219000809,54.916057,11.360128,0.7,Under way using engine
2026-10-02T12:29:44Z,219002177,54.916273,11.361685,5.0,Under way using engine
2026-10-02T12:29:50Z,219000811,54.880363,11.479225,8.2,Under way using engine
2026-10-02T12:30:04Z,219000809,54.916053,11.360058,0.2,Under way using engine
2026-10-02T12:30:14Z,219002177,54.916318,11.360913,2.1,Under way using engine
2026-10-02T12:30:20Z,219000811,54.880355,11.481138,8.0,Under way using engine
2026-10-02T12:30:34Z,219000809,54.916055,11.360055,0.0,Under way using engine
2026-10-02T12:30:44Z,219002177,54.916348,11.360653,0.8,Under way using engine
2026-10-02T12:30:50Z,219000811,54.880712,11.482847,7.4,Under way using engine
2026-10-02T12:31:04Z,219000809,54.916067,11.360045,0.0,Under way using engine
2026-10-02T12:31:14Z,219002177,54.916345,11.360553,0.2,Under way using engine
2026-10-02T12:31:20Z,219000811,54.881495,11.483733,6.9,Under way using engine
2026-10-02T12:31:34Z,219000809,54.916080,11.360043,0.0,Under way using engine
2026-10-02T12:31:44Z,219002177,54.916342,11.360560,0.0,Under way using engine
2026-10-02T12:31:50Z,219000811,54.882378,11.483637,6.4,Under way using engine
2026-10-02T12:32:04Z,219000809,54.916068,11.360045,0.0,Under way using engine
2026-10-02T12:32:14Z,219002177,54.916338,11.360570,0.0,Under way using engine
2026-10-02T12:32:20Z,219000811,54.883225,11.483480,5.9,Under way using engine
2026-10-02T12:32:34Z,219000809,54.916055,11.360042,0.0,Under way using engine
2026-10-02T12:32:44Z,219002177,54.916332,11.360580,0.0,Under way using engine
2026-10-02T12:32:50Z,219000811,54.883872,11.483373,4.7,Under way using engine
2026-10-02T12:33:04Z,219000809,54.916048,11.360050,0.0,Under way using engine
2026-10-02T12:33:14Z,219002177,54.916333,11.360572,0.0,Under way using engine
2026-10-02T12:33:20Z,219000811,54.884173,11.483330,2.1,Under way using engine
2026-10-02T12:33:44Z,219000809,54.916043,11.360045,0.0,Under way using engine
2026-10-02T12:33:45Z,219002177,54.916340,11.360572,0.0,Under way using engine
2026-10-02T12:33:50Z,219000811,54.884267,11.483303,0.5,Under way using engine
2026-10-02T12:34:14Z,219000809,54.916043,11.360048,0.0,Under way using engine
2026-10-02T12:34:20Z,219000811,54.884303,11.483300,0.3,Under way using engine
2026-10-02T12:34:25Z,219002177,54.916338,11.360572,0.0,Under way using engine
2026-10-02T12:34:44Z,219000809,54.916058,11.360047,0.0,Under way using engine
2026-10-02T12:34:50Z,219000811,54.884305,11.483298,0.0,Under way using engine
2026-10-02T12:35:05Z,219002177,54.916338,11.360560,0.0,Under way using engine
2026-10-02T12:35:14Z,219000809,54.916057,11.360045,0.0,Under way using engine
2026-10-02T12:35:20Z,219000811,54.884305,11.483295,0.0,Under way using engine
2026-10-02T12:35:44Z,219000809,54.916052,11.360043,0.0,Under way using engine
2026-10-02T12:35:45Z,219002177,54.916332,11.360550,0.0,Under way using engine
2026-10-02T12:35:50Z,219000811,54.884303,11.483293,0.0,Under way using engine
2026-10-02T12:36:14Z,219000809,54.916057,11.360037,0.0,Under way using engine
2026-10-02T12:36:20Z,219000811,54.884305,11.483292,0.0,Under way using engine
2026-10-02T12:36:25Z,219002177,54.916340,11.360537,0.0,Under way using engine
2026-10-02T12:36:44Z,219000809,54.916058,11.360053,0.0,Under way using engine
2026-10-02T12:36:50Z,219000811,54.884305,11.483292,0.0,Under way using engine
2026-10-02T12:37:05Z,219002177,54.916347,11.360540,0.0,Under way using engine
2026-10-02T12:37:20Z,219000811,54.884305,11.483293,0.0,Under way using engine
2026-10-02T12:37:23Z,219000809,54.916072,11.360057,0.0,Under way using engine
2026-10-02T12:37:42Z,219002177,54.916347,11.360542,0.0,Under way using engine
2026-10-02T12:37:50Z,219000811,54.884307,11.483295,0.1,Under way using engine
2026-10-02T12:37:54Z,219000809,54.916082,11.360047,0.0,Under way using engine
2026-10-02T12:38:14Z,219002177,54.916353,11.360543,0.0,Under way using engine
2026-10-02T12:38:20Z,219000811,54.884305,11.483297,0.0,Under way using engine
2026-10-02T12:38:33Z,219000809,54.916087,11.360038,0.0,Under way using engine
2026-10-02T12:38:50Z,219000811,54.884307,11.483295,0.0,Under way using engine
2026-10-02T12:38:54Z,219002177,54.916348,11.360537,0.0,Under way using engine
2026-10-02T12:39:03Z,219000809,54.916097,11.360047,0.0,Under way using engine
2026-10-02T12:39:20Z,219000811,54.884305,11.483293,0.0,Under way using engine
2026-10-02T12:39:25Z,219002177,54.916340,11.360547,0.0,Under way using engine
2026-10-02T12:39:33Z,219000809,54.916075,11.360063,0.0,Under way using engine
2026-10-02T12:39:50Z,219000811,54.884303,11.483295,0.0,Under way using engine
2026-10-02T12:40:03Z,219000809,54.916068,11.360053,0.0,Under way using engine
2026-10-02T12:40:03Z,219002177,54.916340,11.360557,0.0,Under way using engine
2026-10-02T12:40:20Z,219000811,54.884303,11.483297,0.0,Under way using engine
2026-10-02T12:40:33Z,219000809,54.916067,11.360062,0.0,Under way using engine
2026-10-02T12:40:34Z,219002177,54.916322,11.360535,0.0,Under way using engine
2026-10-02T12:40:59Z,219000811,54.884302,11.483297,0.0,Under way using engine
2026-10-02T12:41:03Z,219000809,54.916068,11.360050,0.0,Under way using engine
2026-10-02T12:41:15Z,219002177,54.916327,11.360538,0.0,Under way using engine
2026-10-02T12:41:29Z,219000811,54.884123,11.483342,1.4,Under way using engine
2026-10-02T12:41:33Z,219000809,54.916067,11.360037,0.0,Under way using engine
2026-10-02T12:41:54Z,219002177,54.916327,11.360540,0.0,Under way using engine
2026-10-02T12:42:00Z,219000811,54.883735,11.483458,2.7,Under way using engine
2026-10-02T12:42:03Z,219000809,54.916063,11.360048,0.0,Under way using engine
2026-10-02T12:42:25Z,219002177,54.916340,11.360553,0.0,Under way using engine
2026-10-02T12:42:33Z,219000809,54.916058,11.360058,0.0,Under way using engine
2026-10-02T12:42:33Z,219000811,54.883293,11.483742,3.3,Under way using engine
2026-10-02T12:43:03Z,219000809,54.916048,11.360058,0.0,Under way using engine
2026-10-02T12:43:03Z,219000811,54.883110,11.483665,1.3,Under way using engine
2026-10-02T12:43:03Z,219002177,54.916342,11.360553,0.0,Under way using engine
2026-10-02T12:43:33Z,219000809,54.916055,11.360067,0.0,Under way using engine
2026-10-02T12:43:33Z,219000811,54.882660,11.483182,3.9,Under way using engine
2026-10-02T12:43:34Z,219002177,54.916350,11.360562,0.0,Under way using engine
2026-10-02T12:44:03Z,219000809,54.916068,11.360062,0.0,Under way using engine
2026-10-02T12:44:05Z,219002177,54.916350,11.360547,0.0,Under way using engine
2026-10-02T12:44:10Z,219000811,54.881918,11.481998,6.1,Under way using engine
2026-10-02T12:44:33Z,219000809,54.916075,11.360073,0.0,Under way using engine
2026-10-02T12:44:40Z,219000811,54.881215,11.480785,7.0,Under way using engine
2026-10-02T12:44:45Z,219002177,54.916337,11.360557,0.0,Under way using engine
2026-10-02T12:45:03Z,219000809,54.916072,11.360062,0.0,Under way using engine
2026-10-02T12:45:10Z,219000811,54.880745,11.479420,6.7,Under way using engine
2026-10-02T12:45:15Z,219002177,54.916345,11.360570,0.0,Under way using engine
2026-10-02T12:45:33Z,219000809,54.916073,11.360067,0.0,Under way using engine
2026-10-02T12:45:40Z,219000811,54.880727,11.477775,6.8,Under way using engine
2026-10-02T12:45:45Z,219002177,54.916335,11.360563,0.0,Under way using engine
2026-10-02T12:46:03Z,219000809,54.916043,11.360322,2.5,Under way using engine
2026-10-02T12:46:10Z,219000811,54.880713,11.476095,7.1,Under way using engine
2026-10-02T12:46:25Z,219002177,54.916335,11.360555,0.0,Under way using engine
2026-10-02T12:46:33Z,219000809,54.916047,11.361373,5.1,Under way using engine
2026-10-02T12:46:40Z,219000811,54.880742,11.474355,7.0,Under way using engine
2026-10-02T12:47:03Z,219000809,54.916218,11.362833,6.3,Under way using engine
2026-10-02T12:47:05Z,219002177,54.916345,11.360570,0.0,Under way using engine
2026-10-02T12:47:10Z,219000811,54.880802,11.472652,7.1,Under way using engine
2026-10-02T12:47:33Z,219000809,54.916325,11.364390,6.8,Under way using engine
2026-10-02T12:47:40Z,219000811,54.880840,11.470938,7.2,Under way using engine
2026-10-02T12:47:45Z,219002177,54.916345,11.360567,0.0,Under way using engine
2026-10-02T12:48:03Z,219000809,54.916445,11.366063,7.3,Under way using engine
2026-10-02T12:48:10Z,219000811,54.880867,11.469182,7.2,Under way using engine
2026-10-02T12:48:33Z,219000809,54.916560,11.368093,8.8,Under way using engine
2026-10-02T12:48:34Z,219002177,54.916348,11.360583,0.0,Under way using engine
2026-10-02T12:48:40Z,219000811,54.880962,11.467513,7.0,Under way using engine
2026-10-02T12:49:03Z,219000809,54.916640,11.370280,9.2,Under way using engine
2026-10-02T12:49:05Z,219002177,54.916322,11.360565,0.0,Under way using engine
2026-10-02T12:49:10Z,219000811,54.881512,11.466277,6.5,Under way using engine
2026-10-02T12:49:33Z,219000809,54.916707,11.372508,9.3,Under way using engine
2026-10-02T12:49:40Z,219000811,54.882213,11.465110,6.8,Under way using engine
2026-10-02T12:49:43Z,219002177,54.916332,11.360572,0.0,Under way using engine
2026-10-02T12:50:03Z,219000809,54.916693,11.374788,9.4,Under way using engine
2026-10-02T12:50:10Z,219000811,54.882897,11.463950,7.0,Under way using engine
2026-10-02T12:50:14Z,219002177,54.916350,11.360570,0.0,Under way using engine
2026-10-02T12:50:33Z,219000809,54.915995,11.376765,9.9,Under way using engine
2026-10-02T12:50:40Z,219000811,54.883582,11.462773,7.0,Under way using engine
2026-10-02T12:50:54Z,219002177,54.916335,11.360713,1.5,Under way using engine
2026-10-02T12:51:03Z,219000809,54.915130,11.378708,10.3,Under way using engine
2026-10-02T12:51:10Z,219000811,54.884272,11.461598,7.0,Under way using engine
2026-10-02T12:51:25Z,219002177,54.916332,11.361623,4.5,Under way using engine
2026-10-02T12:51:33Z,219000809,54.914257,11.380658,10.3,Under way using engine
2026-10-02T12:51:40Z,219000811,54.884987,11.460408,7.0,Under way using engine
2026-10-02T12:52:04Z,219000809,54.913340,11.382650,10.3,Under way using engine
2026-10-02T12:52:10Z,219000811,54.885692,11.459240,7.0,Under way using engine
2026-10-02T12:52:14Z,219002177,54.916348,11.363928,6.3,Under way using engine
2026-10-02T12:52:37Z,219000809,54.912472,11.384487,10.2,Under way using engine
2026-10-02T12:52:50Z,219000811,54.886667,11.457688,7.0,Under way using engine
2026-10-02T12:52:55Z,219002177,54.916477,11.366085,7.0,Under way using engine
2026-10-02T12:53:13Z,219000809,54.911292,11.387033,10.2,Under way using engine
2026-10-02T12:53:35Z,219002177,54.916680,11.368345,7.3,Under way using engine
2026-10-02T12:53:39Z,219000811,54.887800,11.455725,7.0,Under way using engine
2026-10-02T12:53:44Z,219000809,54.910342,11.389060,10.2,Under way using engine
2026-10-02T12:54:05Z,219002177,54.916862,11.370083,7.3,Under way using engine
2026-10-02T12:54:12Z,219000811,54.888355,11.454207,6.9,Under way using engine
2026-10-02T12:54:24Z,219000809,54.909192,11.391538,10.2,Under way using engine
2026-10-02T12:54:35Z,219002177,54.917353,11.371240,5.4,Under way using engine
2026-10-02T12:54:50Z,219000811,54.889105,11.452525,7.0,Under way using engine
2026-10-02T12:54:54Z,219000809,54.908270,11.393495,10.2,Under way using engine
2026-10-02T12:55:05Z,219002177,54.918115,11.371390,5.7,Under way using engine
2026-10-02T12:55:24Z,219000809,54.907602,11.395418,9.3,Under way using engine
2026-10-02T12:55:35Z,219002177,54.918957,11.371492,6.2,Under way using engine
2026-10-02T12:55:39Z,219000811,54.890115,11.450357,7.1,Under way using engine
2026-10-02T12:55:54Z,219000809,54.907708,11.397532,8.3,Under way using engine
2026-10-02T12:56:05Z,219002177,54.919837,11.371543,6.4,Under way using engine
2026-10-02T12:56:10Z,219000811,54.890775,11.448912,7.2,Under way using engine
2026-10-02T12:56:24Z,219000809,54.908435,11.399135,8.9,Under way using engine
2026-10-02T12:56:35Z,219002177,54.920738,11.371628,6.6,Under way using engine
2026-10-02T12:56:40Z,219000811,54.891362,11.447627,7.2,Under way using engine
2026-10-02T12:56:54Z,219000809,54.909297,11.400847,9.3,Under way using engine
2026-10-02T12:57:05Z,219002177,54.921660,11.371723,6.7,Under way using engine
2026-10-02T12:57:10Z,219000811,54.892003,11.446230,7.2,Under way using engine
2026-10-02T12:57:24Z,219000809,54.910127,11.402460,9.4,Under way using engine
2026-10-02T12:57:35Z,219002177,54.922607,11.371853,6.8,Under way using engine
2026-10-02T12:57:48Z,219000811,54.892787,11.444513,7.2,Under way using engine
2026-10-02T12:57:54Z,219000809,54.911028,11.404202,9.3,Under way using engine
2026-10-02T12:58:05Z,219002177,54.923553,11.371980,6.9,Under way using engine
2026-10-02T12:58:18Z,219000811,54.893413,11.443143,7.3,Under way using engine
2026-10-02T12:58:24Z,219000809,54.911805,11.405897,9.4,Under way using engine
2026-10-02T12:58:35Z,219002177,54.924513,11.372082,7.0,Under way using engine
2026-10-02T12:58:48Z,219000811,54.894050,11.441732,7.3,Under way using engine
2026-10-02T12:58:54Z,219000809,54.912682,11.407697,9.4,Under way using engine
2026-10-02T12:59:13Z,219002177,54.925773,11.372220,7.0,Under way using engine
2026-10-02T12:59:18Z,219000811,54.894698,11.440335,7.3,Under way using engine
2026-10-02T12:59:24Z,219000809,54.913488,11.409395,9.4,Under way using engine
2026-10-02T12:59:44Z,219002177,54.926777,11.372337,7.1,Under way using engine
2026-10-02T12:59:48Z,219000811,54.895297,11.438992,7.3,Under way using engine
2026-10-02T12:59:54Z,219000809,54.914342,11.411227,9.5,Under way using engine
2026-10-02T13:00:18Z,219000811,54.895925,11.437613,7.3,Under way using engine
2026-10-02T13:00:24Z,219002177,54.928073,11.372440,7.0,Under way using engine
2026-10-02T13:00:43Z,219000809,54.915672,11.414117,9.6,Under way using engine
2026-10-02T13:00:48Z,219000811,54.896565,11.436223,7.4,Under way using engine
2026-10-02T13:00:55Z,219002177,54.929047,11.372337,7.0,Under way using engine
2026-10-02T13:01:14Z,219000809,54.916473,11.416045,9.4,Under way using engine
2026-10-02T13:01:18Z,219000811,54.897212,11.434802,7.4,Under way using engine
2026-10-02T13:01:33Z,219002177,54.930320,11.372197,7.1,Under way using engine
2026-10-02T13:01:49Z,219000811,54.897858,11.433407,7.4,Under way using engine
2026-10-02T13:01:54Z,219000809,54.917547,11.418565,9.7,Under way using engine
2026-10-02T13:02:04Z,219002177,54.931328,11.372093,7.1,Under way using engine
2026-10-02T13:02:20Z,219000811,54.898503,11.431987,7.3,Under way using engine
2026-10-02T13:02:33Z,219000809,54.918552,11.420960,9.6,Under way using engine
2026-10-02T13:02:44Z,219002177,54.932617,11.372113,6.9,Under way using engine
2026-10-02T13:03:00Z,219000811,54.899338,11.430172,7.4,Under way using engine
2026-10-02T13:03:03Z,219000809,54.919348,11.422817,9.6,Under way using engine
2026-10-02T13:03:14Z,219002177,54.933530,11.372008,6.7,Under way using engine
2026-10-02T13:03:30Z,219000811,54.900005,11.428692,7.3,Under way using engine
2026-10-02T13:03:33Z,219000809,54.920127,11.424683,9.5,Under way using engine
2026-10-02T13:03:55Z,219002177,54.934725,11.371583,5.9,Under way using engine
2026-10-02T13:04:00Z,219000811,54.900613,11.427372,7.4,Under way using engine
2026-10-02T13:04:03Z,219000809,54.920927,11.426533,9.6,Under way using engine
2026-10-02T13:04:30Z,219000811,54.901270,11.425942,7.4,Under way using engine
2026-10-02T13:04:33Z,219000809,54.921712,11.428370,9.5,Under way using engine
2026-10-02T13:04:33Z,219002177,54.935518,11.371680,3.7,Under way using engine
2026-10-02T13:05:00Z,219000811,54.901655,11.424323,7.3,Under way using engine
2026-10-02T13:05:04Z,219000809,54.922523,11.430293,9.6,Under way using engine
2026-10-02T13:05:04Z,219002177,54.935815,11.371875,1.7,Under way using engine
2026-10-02T13:05:30Z,219000811,54.901885,11.422570,7.3,Under way using engine
2026-10-02T13:05:43Z,219000809,54.923552,11.432653,9.5,Under way using engine
2026-10-02T13:05:43Z,219002177,54.935925,11.371975,0.4,Under way using engine
2026-10-02T13:06:00Z,219000811,54.902128,11.420927,7.3,Under way using engine
2026-10-02T13:06:14Z,219000809,54.924387,11.434538,9.6,Under way using engine
2026-10-02T13:06:14Z,219002177,54.935933,11.371988,0.0,Under way using engine
2026-10-02T13:06:30Z,219000811,54.902403,11.419187,7.3,Under way using engine
2026-10-02T13:06:53Z,219000809,54.925457,11.436953,9.5,Under way using engine
2026-10-02T13:06:54Z,219002177,54.935942,11.371980,0.0,Under way using engine
2026-10-02T13:07:00Z,219000811,54.902673,11.417472,7.3,Under way using engine
2026-10-02T13:07:24Z,219000809,54.926255,11.438768,9.5,Under way using engine
2026-10-02T13:07:24Z,219002177,54.935928,11.371967,0.0,Under way using engine
2026-10-02T13:07:30Z,219000811,54.902945,11.415798,7.3,Under way using engine
2026-10-02T13:07:54Z,219002177,54.935932,11.371977,0.0,Under way using engine
2026-10-02T13:08:00Z,219000811,54.903210,11.414123,7.3,Under way using engine
2026-10-02T13:08:04Z,219000809,54.927290,11.441235,9.4,Under way using engine
2026-10-02T13:08:24Z,219002177,54.935932,11.371962,0.0,Under way using engine
2026-10-02T13:08:30Z,219000811,54.903493,11.412388,7.3,Under way using engine
2026-10-02T13:08:44Z,219000809,54.928422,11.443582,9.3,Under way using engine
2026-10-02T13:08:54Z,219002177,54.935920,11.371957,0.0,Under way using engine
2026-10-02T13:09:14Z,219000809,54.929240,11.445232,9.4,Under way using engine
2026-10-02T13:09:20Z,219000811,54.903945,11.409620,7.3,Under way using engine
2026-10-02T13:09:24Z,219002177,54.935935,11.371967,0.0,Under way using engine
2026-10-02T13:09:44Z,219000809,54.930093,11.446990,9.1,Under way using engine
2026-10-02T13:09:50Z,219000811,54.904220,11.407880,7.3,Under way using engine
2026-10-02T13:09:54Z,219002177,54.935952,11.371970,0.0,Under way using engine
2026-10-02T13:10:14Z,219000809,54.930898,11.448637,9.4,Under way using engine
2026-10-02T13:10:20Z,219000811,54.904472,11.406195,7.3,Under way using engine
2026-10-02T13:10:24Z,219002177,54.935957,11.371967,0.0,Under way using engine
2026-10-02T13:10:44Z,219000809,54.931777,11.450415,9.4,Under way using engine
2026-10-02T13:10:50Z,219000811,54.904730,11.404522,7.2,Under way using engine
2026-10-02T13:10:54Z,219002177,54.935945,11.371960,0.0,Under way using engine
2026-10-02T13:11:14Z,219000809,54.932582,11.452070,9.3,Under way using engine
2026-10-02T13:11:20Z,219000811,54.905147,11.402895,7.2,Under way using engine
2026-10-02T13:11:24Z,219002177,54.935952,11.371968,0.0,Under way using engine
2026-10-02T13:11:44Z,219000809,54.933387,11.453918,9.3,Under way using engine
2026-10-02T13:11:50Z,219000811,54.905588,11.401447,7.2,Under way using engine
2026-10-02T13:11:54Z,219002177,54.935943,11.371967,0.0,Under way using engine
2026-10-02T13:12:14Z,219000809,54.933968,11.455843,9.3,Under way using engine
2026-10-02T13:12:20Z,219000811,54.906073,11.399895,7.1,Under way using engine
2026-10-02T13:12:24Z,219002177,54.935962,11.371962,0.0,Under way using engine
2026-10-02T13:12:44Z,219000809,54.934557,11.457918,9.3,Under way using engine
2026-10-02T13:12:50Z,219000811,54.906548,11.398435,7.0,Under way using engine
2026-10-02T13:12:54Z,219002177,54.935962,11.371953,0.0,Under way using engine
2026-10-02T13:13:14Z,219000809,54.935127,11.459872,9.3,Under way using engine
2026-10-02T13:13:24Z,219002177,54.935963,11.371962,0.0,Under way using engine
2026-10-02T13:13:29Z,219000811,54.907165,11.396495,6.9,Under way using engine
2026-10-02T13:13:44Z,219000809,54.935733,11.461943,9.3,Under way using engine
2026-10-02T13:13:54Z,219002177,54.935962,11.371963,0.0,Under way using engine
2026-10-02T13:13:59Z,219000811,54.907605,11.395138,6.9,Under way using engine
2026-10-02T13:14:14Z,219000809,54.936292,11.463880,9.3,Under way using engine
2026-10-02T13:14:24Z,219002177,54.935955,11.371972,0.0,Under way using engine
2026-10-02T13:14:29Z,219000811,54.908088,11.393587,6.9,Under way using engine
2026-10-02T13:14:54Z,219000809,54.937082,11.466582,9.2,Under way using engine
2026-10-02T13:14:54Z,219002177,54.935950,11.371973,0.0,Under way using engine
2026-10-02T13:14:59Z,219000811,54.908543,11.392163,6.9,Under way using engine
2026-10-02T13:15:24Z,219000809,54.937662,11.468540,9.2,Under way using engine
2026-10-02T13:15:24Z,219002177,54.935960,11.371982,0.0,Under way using engine
2026-10-02T13:15:29Z,219000811,54.909070,11.390792,6.9,Under way using engine
2026-10-02T13:15:54Z,219000809,54.938243,11.470515,9.2,Under way using engine
2026-10-02T13:15:54Z,219002177,54.935930,11.371958,0.2,Under way using engine
2026-10-02T13:15:59Z,219000811,54.909637,11.389470,6.9,Under way using engine
2026-10-02T13:16:24Z,219000809,54.938835,11.472505,9.2,Under way using engine
2026-10-02T13:16:24Z,219002177,54.935648,11.371788,3.1,Under way using engine
2026-10-02T13:16:29Z,219000811,54.910240,11.388107,6.9,Under way using engine
2026-10-02T13:16:54Z,219000809,54.939437,11.474473,9.1,Under way using engine
2026-10-02T13:16:54Z,219002177,54.935122,11.371500,4.3,Under way using engine
2026-10-02T13:17:10Z,219000811,54.911025,11.386328,6.9,Under way using engine
2026-10-02T13:17:24Z,219000809,54.940205,11.476108,9.1,Under way using engine
2026-10-02T13:17:24Z,219002177,54.934463,11.371282,4.9,Under way using engine
2026-10-02T13:17:40Z,219000811,54.911607,11.385020,6.9,Under way using engine
2026-10-02T13:17:54Z,219002177,54.933757,11.371352,5.5,Under way using engine
2026-10-02T13:18:03Z,219000809,54.941300,11.478178,9.1,Under way using engine
2026-10-02T13:18:10Z,219000811,54.912210,11.383690,6.8,Under way using engine
2026-10-02T13:18:33Z,219000809,54.942158,11.479773,9.0,Under way using engine
2026-10-02T13:18:34Z,219002177,54.932647,11.371383,6.1,Under way using engine
2026-10-02T13:18:40Z,219000811,54.912755,11.382447,6.8,Under way using engine
2026-10-02T13:19:03Z,219000809,54.943047,11.481315,8.5,Under way using engine
2026-10-02T13:19:04Z,219002177,54.931800,11.371443,6.3,Under way using engine
2026-10-02T13:19:10Z,219000811,54.913353,11.381113,6.8,Under way using engine
2026-10-02T13:19:33Z,219000809,54.944138,11.481903,8.4,Under way using engine
2026-10-02T13:19:34Z,219002177,54.930898,11.371543,6.5,Under way using engine
2026-10-02T13:19:40Z,219000811,54.913933,11.379833,6.8,Under way using engine
2026-10-02T13:20:03Z,219000809,54.945265,11.482453,8.6,Under way using engine
2026-10-02T13:20:04Z,219002177,54.930013,11.371657,6.6,Under way using engine
2026-10-02T13:20:18Z,219000811,54.914675,11.378223,6.8,Under way using engine
2026-10-02T13:20:33Z,219000809,54.946412,11.483043,8.6,Under way using engine
2026-10-02T13:20:45Z,219002177,54.928765,11.371802,6.6,Under way using engine
2026-10-02T13:20:49Z,219000811,54.915277,11.376918,6.7,Under way using engine
2026-10-02T13:21:03Z,219000809,54.947558,11.483570,8.5,Under way using engine
2026-10-02T13:21:15Z,219002177,54.927825,11.372023,6.7,Under way using engine
2026-10-02T13:21:26Z,219000811,54.915858,11.375192,6.7,Under way using engine
2026-10-02T13:21:34Z,219000809,54.948723,11.484180,8.6,Under way using engine
2026-10-02T13:21:54Z,219002177,54.926600,11.372290,7.0,Under way using engine
2026-10-02T13:21:58Z,219000811,54.916313,11.373552,6.8,Under way using engine
2026-10-02T13:22:04Z,219000809,54.949868,11.484790,8.6,Under way using engine
2026-10-02T13:22:29Z,219000811,54.916647,11.371978,6.9,Under way using engine
2026-10-02T13:22:33Z,219002177,54.925292,11.372565,7.2,Under way using engine
2026-10-02T13:22:34Z,219000809,54.951027,11.485365,8.6,Under way using engine
2026-10-02T13:22:59Z,219000811,54.916628,11.370240,7.0,Under way using engine
2026-10-02T13:23:03Z,219002177,54.924325,11.372678,7.1,Under way using engine
2026-10-02T13:23:04Z,219000809,54.952155,11.485960,8.6,Under way using engine
2026-10-02T13:23:29Z,219000811,54.916537,11.368525,7.2,Under way using engine
2026-10-02T13:23:33Z,219002177,54.923312,11.372802,7.2,Under way using engine
2026-10-02T13:23:34Z,219000809,54.953305,11.486527,8.6,Under way using engine
2026-10-02T13:23:59Z,219000811,54.916470,11.366888,7.0,Under way using engine
2026-10-02T13:24:03Z,219002177,54.922340,11.372820,7.1,Under way using engine
2026-10-02T13:24:04Z,219000809,54.954462,11.487065,8.6,Under way using engine
2026-10-02T13:24:29Z,219000811,54.916418,11.365287,6.4,Under way using engine
2026-10-02T13:24:33Z,219002177,54.921332,11.372802,7.2,Under way using engine
2026-10-02T13:24:34Z,219000809,54.955630,11.487688,8.5,Under way using engine
2026-10-02T13:24:59Z,219000811,54.916378,11.363803,6.2,Under way using engine
2026-10-02T13:25:03Z,219002177,54.920340,11.372830,7.1,Under way using engine
2026-10-02T13:25:04Z,219000809,54.956723,11.488255,8.4,Under way using engine
2026-10-02T13:25:29Z,219000811,54.916330,11.362357,5.9,Under way using engine
2026-10-02T13:25:33Z,219002177,54.919348,11.372755,7.0,Under way using engine
2026-10-02T13:25:34Z,219000809,54.957878,11.488750,8.7,Under way using engine
2026-10-02T13:25:59Z,219000811,54.916278,11.361223,4.7,Under way using engine
2026-10-02T13:26:03Z,219002177,54.918430,11.372580,6.8,Under way using engine
2026-10-02T13:26:04Z,219000809,54.959075,11.489335,8.7,Under way using engine
2026-10-02T13:26:29Z,219000811,54.916025,11.360590,3.1,Under way using engine
2026-10-02T13:26:33Z,219002177,54.917523,11.372167,6.5,Under way using engine
2026-10-02T13:26:34Z,219000809,54.960217,11.489833,8.7,Under way using engine
2026-10-02T13:26:59Z,219000811,54.915843,11.360610,1.4,Under way using engine
2026-10-02T13:27:04Z,219000809,54.961413,11.490432,8.9,Under way using engine
2026-10-02T13:27:04Z,219002177,54.916963,11.371185,5.3,Under way using engine
2026-10-02T13:27:29Z,219000811,54.915918,11.360465,0.9,Under way using engine
2026-10-02T13:27:34Z,219000809,54.962605,11.490985,8.8,Under way using engine
2026-10-02T13:27:35Z,219002177,54.916798,11.369958,5.3,Under way using engine
2026-10-02T13:27:59Z,219000811,54.915985,11.360242,1.0,Under way using engine
2026-10-02T13:28:04Z,219000809,54.963680,11.491910,8.9,Under way using engine
2026-10-02T13:28:13Z,219002177,54.916652,11.368228,5.7,Under way using engine
2026-10-02T13:28:29Z,219000811,54.916020,11.360110,0.5,Under way using engine
2026-10-02T13:28:34Z,219000809,54.964760,11.493050,9.0,Under way using engine
2026-10-02T13:28:45Z,219002177,54.916533,11.366803,5.9,Under way using engine
2026-10-02T13:28:59Z,219000811,54.916040,11.360045,0.3,Under way using engine
2026-10-02T13:29:04Z,219000809,54.965832,11.494258,9.2,Under way using engine
2026-10-02T13:29:24Z,219002177,54.916365,11.364990,5.9,Under way using engine
2026-10-02T13:29:29Z,219000811,54.916038,11.360012,0.1,Under way using engine
2026-10-02T13:29:34Z,219000809,54.966923,11.495455,9.2,Under way using engine
2026-10-02T13:29:55Z,219002177,54.916205,11.363502,5.9,Under way using engine
2026-10-02T13:29:59Z,219000811,54.916043,11.359977,0.1,Under way using engine
2026-10-02T13:30:04Z,219000809,54.968003,11.496610,9.1,Under way using engine
2026-10-02T13:30:29Z,219000811,54.916045,11.359977,0.0,Under way using engine
2026-10-02T13:30:34Z,219000809,54.969090,11.497808,9.3,Under way using engine
2026-10-02T13:30:35Z,219002177,54.916233,11.361825,4.6,Under way using engine
2026-10-02T13:30:59Z,219000811,54.916048,11.359975,0.1,Under way using engine
2026-10-02T13:31:04Z,219000809,54.970185,11.498983,9.2,Under way using engine
2026-10-02T13:31:14Z,219002177,54.916317,11.360938,1.9,Under way using engine
2026-10-02T13:31:29Z,219000811,54.916048,11.359975,0.0,Under way using engine
2026-10-02T13:31:34Z,219000809,54.971270,11.500160,9.1,Under way using engine
2026-10-02T13:31:45Z,219002177,54.916328,11.360737,1.1,Under way using engine
2026-10-02T13:31:59Z,219000811,54.916047,11.359975,0.0,Under way using engine
2026-10-02T13:32:04Z,219000809,54.972067,11.501877,9.2,Under way using engine
2026-10-02T13:32:24Z,219002177,54.916323,11.360557,0.0,Under way using engine
2026-10-02T13:32:39Z,219000811,54.916047,11.359975,0.0,Under way using engine
2026-10-02T13:32:43Z,219000809,54.972483,11.504508,9.0,Under way using engine
2026-10-02T13:32:55Z,219002177,54.916323,11.360548,0.0,Under way using engine
2026-10-02T13:33:10Z,219000811,54.916047,11.359978,0.0,Under way using engine
2026-10-02T13:33:13Z,219000809,54.972333,11.506662,9.0,Under way using engine
2026-10-02T13:33:35Z,219002177,54.916325,11.360543,0.0,Under way using engine
2026-10-02T13:33:43Z,219000809,54.972225,11.508752,8.4,Under way using engine
2026-10-02T13:33:49Z,219000811,54.916047,11.359980,0.0,Under way using engine
2026-10-02T13:34:13Z,219000809,54.972033,11.510652,7.7,Under way using engine
2026-10-02T13:34:14Z,219002177,54.916335,11.360542,0.0,Under way using engine
2026-10-02T13:34:28Z,219000811,54.916048,11.359982,0.0,Under way using engine
2026-10-02T13:34:43Z,219000809,54.971868,11.512247,6.1,Under way using engine
2026-10-02T13:34:45Z,219002177,54.916328,11.360553,0.0,Under way using engine
2026-10-02T13:34:59Z,219000811,54.916048,11.359980,0.0,Under way using engine
2026-10-02T13:35:13Z,219000809,54.971873,11.513377,4.1,Under way using engine
2026-10-02T13:35:24Z,219002177,54.916323,11.360560,0.0,Under way using engine
2026-10-02T13:35:39Z,219000811,54.916047,11.359980,0.0,Under way using engine
2026-10-02T13:35:43Z,219000809,54.971887,11.514112,2.5,Under way using engine
2026-10-02T13:35:55Z,219002177,54.916323,11.360563,0.0,Under way using engine
2026-10-02T13:36:10Z,219000811,54.916047,11.359980,0.0,Under way using engine
2026-10-02T13:36:14Z,219000809,54.971908,11.514543,1.1,Under way using engine
2026-10-02T13:36:35Z,219002177,54.916335,11.360558,0.0,Under way using engine
2026-10-02T13:36:50Z,219000811,54.916048,11.359978,0.0,Under way using engine
2026-10-02T13:36:54Z,219000809,54.971880,11.514577,0.0,Under way using engine
2026-10-02T13:37:14Z,219002177,54.916332,11.360565,0.0,Under way using engine
2026-10-02T13:37:20Z,219000811,54.916048,11.359980,0.0,Under way using engine
2026-10-02T13:37:33Z,219000809,54.971887,11.514573,0.0,Under way using engine
2026-10-02T13:37:44Z,219002177,54.916320,11.360572,0.0,Under way using engine
2026-10-02T13:37:50Z,219000811,54.916048,11.359982,0.0,Under way using engine
2026-10-02T13:38:04Z,219000809,54.971893,11.514572,0.0,Under way using engine
2026-10-02T13:38:14Z,219002177,54.916332,11.360565,0.0,Under way using engine
2026-10-02T13:38:20Z,219000811,54.916048,11.359983,0.0,Under way using engine
2026-10-02T13:38:43Z,219000809,54.971885,11.514567,0.0,Under way using engine
2026-10-02T13:38:45Z,219002177,54.916318,11.360570,0.0,Under way using engine
2026-10-02T13:38:50Z,219000811,54.916048,11.359983,0.0,Under way using engine
2026-10-02T13:39:14Z,219000809,54.971887,11.514588,0.0,Under way using engine
2026-10-02T13:39:20Z,219000811,54.916048,11.359983,0.0,Under way using engine
2026-10-02T13:39:23Z,219002177,54.916323,11.360570,0.0,Under way using engine
2026-10-02T13:39:50Z,219000811,54.916050,11.359982,0.0,Under way using engine
2026-10-02T13:39:54Z,219000809,54.971902,11.514588,0.0,Under way using engine
2026-10-02T13:39:54Z,219002177,54.916317,11.360572,0.0,Under way using engine
2026-10-02T13:40:20Z,219000811,54.916052,11.359983,0.0,Under way using engine
2026-10-02T13:40:33Z,219000809,54.971923,11.514592,0.0,Under way using engine
2026-10-02T13:40:33Z,219002177,54.916333,11.360568,0.0,Under way using engine
2026-10-02T13:40:50Z,219000811,54.916048,11.359982,0.0,Under way using engine
2026-10-02T13:41:03Z,219002177,54.916318,11.360560,0.0,Under way using engine
2026-10-02T13:41:04Z,219000809,54.971920,11.514598,0.0,Under way using engine
2026-10-02T13:41:20Z,219000811,54.916018,11.360335,1.5,Under way using engine
2026-10-02T13:41:33Z,219002177,54.916328,11.360560,0.0,Under way using engine
2026-10-02T13:41:44Z,219000809,54.971900,11.514577,0.0,Under way using engine
2026-10-02T13:41:50Z,219000811,54.916063,11.361577,5.2,Under way using engine
2026-10-02T13:42:03Z,219002177,54.916312,11.360567,0.0,Under way using engine
2026-10-02T13:42:14Z,219000809,54.971888,11.514552,0.0,Under way using engine
2026-10-02T13:42:23Z,219000811,54.916210,11.363120,6.8,Under way using engine
2026-10-02T13:42:33Z,219002177,54.916325,11.360567,0.0,Under way using engine
2026-10-02T13:42:44Z,219000809,54.971882,11.514552,0.0,Under way using engine
2026-10-02T13:42:56Z,219000811,54.916388,11.365278,7.4,Under way using engine
2026-10-02T13:43:03Z,219002177,54.916310,11.360575,0.0,Under way using engine
2026-10-02T13:43:14Z,219000809,54.971875,11.514542,0.0,Under way using engine
2026-10-02T13:43:29Z,219000811,54.916538,11.367347,7.7,Under way using engine
2026-10-02T13:43:35Z,219002177,54.916318,11.360563,0.0,Under way using engine
2026-10-02T13:43:44Z,219000809,54.971868,11.514543,0.0,Under way using engine
2026-10-02T13:44:00Z,219000811,54.916670,11.369178,7.7,Under way using engine
2026-10-02T13:44:05Z,219002177,54.916328,11.360557,0.0,Under way using engine
2026-10-02T13:44:14Z,219000809,54.971868,11.514547,0.0,Under way using engine
2026-10-02T13:44:35Z,219002177,54.916318,11.360558,0.0,Under way using engine
2026-10-02T13:44:40Z,219000811,54.916838,11.371653,7.7,Under way using engine
2026-10-02T13:44:44Z,219000809,54.971875,11.514542,0.0,Under way using engine
2026-10-02T13:45:05Z,219002177,54.916328,11.360555,0.0,Under way using engine
2026-10-02T13:45:10Z,219000811,54.916550,11.373343,7.2,Under way using engine
2026-10-02T13:45:14Z,219000809,54.971862,11.513978,3.7,Under way using engine
2026-10-02T13:45:35Z,219002177,54.916327,11.360558,0.0,Under way using engine
2026-10-02T13:45:40Z,219000811,54.915900,11.374860,7.9,Under way using engine
2026-10-02T13:45:44Z,219000809,54.971867,11.513275,2.4,Under way using engine
2026-10-02T13:46:05Z,219002177,54.916318,11.360548,0.0,Under way using engine
2026-10-02T13:46:10Z,219000811,54.915212,11.376392,8.3,Under way using engine
2026-10-02T13:46:14Z,219000809,54.971693,11.512978,1.1,Under way using engine
2026-10-02T13:46:35Z,219002177,54.916315,11.360550,0.0,Under way using engine
2026-10-02T13:46:40Z,219000811,54.914470,11.378023,8.5,Under way using engine
2026-10-02T13:46:44Z,219000809,54.971777,11.512588,3.2,Under way using engine
2026-10-02T13:47:05Z,219002177,54.916313,11.360563,0.0,Under way using engine
2026-10-02T13:47:10Z,219000811,54.913718,11.379675,8.5,Under way using engine
2026-10-02T13:47:14Z,219000809,54.971945,11.511130,7.3,Under way using engine
2026-10-02T13:47:35Z,219002177,54.916317,11.360562,0.1,Under way using engine
2026-10-02T13:47:40Z,219000811,54.912988,11.381287,8.6,Under way using engine
2026-10-02T13:47:44Z,219000809,54.972128,11.509092,8.6,Under way using engine
2026-10-02T13:48:05Z,219002177,54.916323,11.360563,0.0,Under way using engine
2026-10-02T13:48:10Z,219000811,54.912232,11.382955,8.6,Under way using engine
2026-10-02T13:48:14Z,219000809,54.972317,11.507098,8.7,Under way using engine
2026-10-02T13:48:35Z,219002177,54.916317,11.360563,0.0,Under way using engine
2026-10-02T13:48:40Z,219000811,54.911492,11.384572,8.6,Under way using engine
2026-10-02T13:48:44Z,219000809,54.972040,11.505132,8.6,Under way using engine
2026-10-02T13:49:05Z,219002177,54.916317,11.360560,0.0,Under way using engine
2026-10-02T13:49:14Z,219000809,54.971352,11.503270,9.3,Under way using engine
2026-10-02T13:49:19Z,219000811,54.910557,11.386635,8.6,Under way using engine
2026-10-02T13:49:35Z,219002177,54.916318,11.360557,0.0,Under way using engine
2026-10-02T13:49:50Z,219000811,54.909793,11.388330,8.5,Under way using engine
2026-10-02T13:49:53Z,219000809,54.970365,11.500865,9.4,Under way using engine
2026-10-02T13:50:05Z,219002177,54.916312,11.360553,0.0,Under way using engine
2026-10-02T13:50:24Z,219000809,54.969547,11.498887,9.5,Under way using engine
2026-10-02T13:50:35Z,219002177,54.916302,11.360552,0.0,Under way using engine
2026-10-02T13:50:40Z,219000811,54.908678,11.391170,8.5,Under way using engine
2026-10-02T13:51:04Z,219000809,54.968518,11.496430,9.4,Under way using engine
2026-10-02T13:51:05Z,219002177,54.916320,11.360553,0.0,Under way using engine
2026-10-02T13:51:19Z,219000811,54.907837,11.393390,8.5,Under way using engine
2026-10-02T13:51:34Z,219000809,54.967763,11.494582,9.4,Under way using engine
2026-10-02T13:51:35Z,219002177,54.916328,11.360560,0.0,Under way using engine
2026-10-02T13:51:49Z,219000811,54.907217,11.395168,8.4,Under way using engine
2026-10-02T13:52:04Z,219000809,54.966973,11.492750,9.6,Under way using engine
2026-10-02T13:52:05Z,219002177,54.916342,11.360552,0.0,Under way using engine
2026-10-02T13:52:19Z,219000811,54.906625,11.396820,8.4,Under way using engine
2026-10-02T13:52:34Z,219000809,54.966177,11.490920,9.5,Under way using engine
2026-10-02T13:52:35Z,219002177,54.916343,11.360553,0.1,Under way using engine
2026-10-02T13:52:49Z,219000811,54.906028,11.398605,8.4,Under way using engine
2026-10-02T13:53:04Z,219000809,54.965252,11.489493,8.9,Under way using engine
2026-10-02T13:53:05Z,219002177,54.916338,11.360570,0.1,Under way using engine
2026-10-02T13:53:19Z,219000811,54.905530,11.400373,8.2,Under way using engine
2026-10-02T13:53:34Z,219000809,54.963980,11.488980,9.6,Under way using engine
2026-10-02T13:53:35Z,219002177,54.916333,11.360658,1.1,Under way using engine
2026-10-02T13:53:49Z,219000811,54.905268,11.402243,8.0,Under way using engine
2026-10-02T13:54:04Z,219000809,54.962657,11.488540,10.0,Under way using engine
2026-10-02T13:54:05Z,219002177,54.916327,11.361393,3.9,Under way using engine
2026-10-02T13:54:19Z,219000811,54.905018,11.404097,8.0,Under way using engine
2026-10-02T13:54:34Z,219000809,54.961278,11.488090,10.1,Under way using engine
2026-10-02T13:54:35Z,219002177,54.916308,11.362622,5.6,Under way using engine
2026-10-02T13:54:49Z,219000811,54.904773,11.406012,7.9,Under way using engine
2026-10-02T13:55:04Z,219000809,54.959908,11.487688,10.0,Under way using engine
2026-10-02T13:55:05Z,219002177,54.916333,11.364102,6.3,Under way using engine
2026-10-02T13:55:19Z,219000811,54.904563,11.407810,7.9,Under way using engine
2026-10-02T13:55:34Z,219000809,54.958512,11.487315,10.2,Under way using engine
2026-10-02T13:55:35Z,219002177,54.916427,11.365715,6.9,Under way using engine
2026-10-02T13:55:49Z,219000811,54.904332,11.409725,7.9,Under way using engine
2026-10-02T13:56:04Z,219000809,54.957127,11.486940,10.0,Under way using engine
2026-10-02T13:56:15Z,219002177,54.916578,11.367967,7.2,Under way using engine
2026-10-02T13:56:19Z,219000811,54.904112,11.411527,7.9,Under way using engine
2026-10-02T13:56:34Z,219000809,54.955758,11.486578,10.1,Under way using engine
2026-10-02T13:56:50Z,219000811,54.903858,11.413510,8.0,Under way using engine
2026-10-02T13:56:53Z,219002177,54.916852,11.370212,7.3,Under way using engine
2026-10-02T13:57:14Z,219000809,54.953920,11.486097,10.4,Under way using engine
2026-10-02T13:57:24Z,219002177,54.917382,11.371290,5.5,Under way using engine
2026-10-02T13:57:29Z,219000811,54.903575,11.416013,8.0,Under way using engine
2026-10-02T13:57:53Z,219000809,54.952098,11.485387,10.1,Under way using engine
2026-10-02T13:58:04Z,219002177,54.918443,11.371425,6.0,Under way using engine
2026-10-02T13:58:06Z,219000811,54.903258,11.418272,7.9,Under way using engine
2026-10-02T13:58:23Z,219000809,54.950738,11.484710,10.2,Under way using engine
2026-10-02T13:58:34Z,219002177,54.919332,11.371555,6.3,Under way using engine
2026-10-02T13:58:40Z,219000811,54.902855,11.420290,7.8,Under way using engine
2026-10-02T13:58:54Z,219000809,54.949338,11.484003,10.2,Under way using engine
2026-10-02T13:59:04Z,219002177,54.920182,11.371550,6.4,Under way using engine
2026-10-02T13:59:10Z,219000811,54.902387,11.422002,7.9,Under way using engine
2026-10-02T13:59:33Z,219000809,54.947635,11.483123,10.1,Under way using engine
2026-10-02T13:59:34Z,219002177,54.921108,11.371583,6.5,Under way using engine
2026-10-02T13:59:40Z,219000811,54.901887,11.423702,7.9,Under way using engine
2026-10-02T14:00:03Z,219000809,54.946253,11.482448,10.0,Under way using engine
2026-10-02T14:00:04Z,219002177,54.921997,11.371617,6.6,Under way using engine
2026-10-02T14:00:10Z,219000811,54.901283,11.425288,7.9,Under way using engine
2026-10-02T14:00:33Z,219000809,54.944973,11.481767,10.0,Under way using engine
2026-10-02T14:00:34Z,219002177,54.922955,11.371653,6.7,Under way using engine
2026-10-02T14:00:40Z,219000811,54.900628,11.426857,7.9,Under way using engine
2026-10-02T14:01:03Z,219000809,54.943607,11.481023,9.8,Under way using engine
2026-10-02T14:01:04Z,219002177,54.923872,11.371672,6.8,Under way using engine
2026-10-02T14:01:10Z,219000811,54.900023,11.428338,7.9,Under way using engine
2026-10-02T14:01:33Z,219000809,54.942430,11.480208,9.3,Under way using engine
2026-10-02T14:01:34Z,219002177,54.924845,11.371712,6.8,Under way using engine
2026-10-02T14:01:49Z,219000811,54.899157,11.430398,8.0,Under way using engine
2026-10-02T14:02:03Z,219000809,54.941540,11.478530,9.2,Under way using engine
2026-10-02T14:02:04Z,219002177,54.925782,11.371735,6.9,Under way using engine
2026-10-02T14:02:30Z,219000811,54.898282,11.432535,7.9,Under way using engine
2026-10-02T14:02:33Z,219000809,54.940735,11.476902,9.3,Under way using engine
2026-10-02T14:02:34Z,219002177,54.926777,11.371770,6.9,Under way using engine
2026-10-02T14:03:03Z,219000809,54.939875,11.475250,9.2,Under way using engine
2026-10-02T14:03:04Z,219002177,54.927698,11.371780,7.0,Under way using engine
2026-10-02T14:03:10Z,219000811,54.897435,11.434603,7.9,Under way using engine
2026-10-02T14:03:33Z,219000809,54.939053,11.473523,9.3,Under way using engine
2026-10-02T14:03:34Z,219002177,54.928702,11.371818,7.0,Under way using engine
2026-10-02T14:03:49Z,219000811,54.896620,11.436632,7.9,Under way using engine
2026-10-02T14:04:03Z,219000809,54.938485,11.471545,9.1,Under way using engine
2026-10-02T14:04:04Z,219002177,54.929632,11.371855,7.0,Under way using engine
2026-10-02T14:04:30Z,219000811,54.895750,11.438748,7.9,Under way using engine
2026-10-02T14:04:33Z,219000809,54.937975,11.469495,9.3,Under way using engine
2026-10-02T14:04:34Z,219002177,54.930642,11.371902,7.0,Under way using engine
2026-10-02T14:05:00Z,219000811,54.895128,11.440307,7.9,Under way using engine
2026-10-02T14:05:03Z,219000809,54.937430,11.467448,9.4,Under way using engine
2026-10-02T14:05:04Z,219002177,54.931577,11.371902,7.0,Under way using engine
2026-10-02T14:05:30Z,219000811,54.894472,11.441887,8.0,Under way using engine
2026-10-02T14:05:33Z,219000809,54.936917,11.465353,9.4,Under way using engine
2026-10-02T14:05:34Z,219002177,54.932577,11.371895,7.0,Under way using engine
2026-10-02T14:06:00Z,219000811,54.893833,11.443438,8.0,Under way using engine
2026-10-02T14:06:03Z,219000809,54.936320,11.463347,9.4,Under way using engine
2026-10-02T14:06:04Z,219002177,54.933502,11.371893,6.8,Under way using engine
2026-10-02T14:06:33Z,219000809,54.935673,11.461383,9.4,Under way using engine
2026-10-02T14:06:34Z,219002177,54.934437,11.371782,6.3,Under way using engine
2026-10-02T14:06:40Z,219000811,54.892953,11.445592,8.0,Under way using engine
2026-10-02T14:07:03Z,219000809,54.935055,11.459373,9.5,Under way using engine
2026-10-02T14:07:04Z,219002177,54.935163,11.371628,4.9,Under way using engine
2026-10-02T14:07:19Z,219000811,54.892120,11.447575,8.0,Under way using engine
2026-10-02T14:07:33Z,219000809,54.934397,11.457412,9.5,Under way using engine
2026-10-02T14:07:34Z,219002177,54.935712,11.371762,3.3,Under way using engine
2026-10-02T14:07:50Z,219000811,54.891460,11.449213,8.1,Under way using engine
2026-10-02T14:08:03Z,219000809,54.933757,11.455422,9.5,Under way using engine
2026-10-02T14:08:04Z,219002177,54.935917,11.371938,1.2,Under way using engine
2026-10-02T14:08:29Z,219000811,54.890603,11.451268,8.1,Under way using engine
2026-10-02T14:08:33Z,219000809,54.933093,11.453357,9.5,Under way using engine
2026-10-02T14:08:34Z,219002177,54.935973,11.371995,0.2,Under way using engine
2026-10-02T14:09:00Z,219000811,54.889887,11.452890,7.9,Under way using engine
2026-10-02T14:09:04Z,219000809,54.932350,11.451447,9.3,Under way using engine
2026-10-02T14:09:04Z,219002177,54.935967,11.371995,0.0,Under way using engine
2026-10-02T14:09:33Z,219000811,54.889040,11.454325,8.0,Under way using engine
2026-10-02T14:09:34Z,219002177,54.935970,11.372005,0.0,Under way using engine
2026-10-02T14:09:43Z,219000809,54.931345,11.449185,9.4,Under way using engine
2026-10-02T14:10:04Z,219002177,54.935975,11.372013,0.0,Under way using engine
2026-10-02T14:10:09Z,219000811,54.888023,11.456035,8.3,Under way using engine
2026-10-02T14:10:14Z,219000809,54.930507,11.447390,9.4,Under way using engine
2026-10-02T14:10:34Z,219002177,54.935970,11.372017,0.0,Under way using engine
2026-10-02T14:10:40Z,219000811,54.887190,11.457457,8.3,Under way using engine
2026-10-02T14:10:54Z,219000809,54.929477,11.445012,9.3,Under way using engine
2026-10-02T14:11:14Z,219002177,54.935965,11.372008,0.0,Under way using engine
2026-10-02T14:11:19Z,219000811,54.886132,11.459222,8.4,Under way using engine
2026-10-02T14:11:24Z,219000809,54.928655,11.443232,9.5,Under way using engine
2026-10-02T14:11:45Z,219002177,54.935960,11.372008,0.0,Under way using engine
2026-10-02T14:11:50Z,219000811,54.885262,11.460662,8.4,Under way using engine
2026-10-02T14:11:54Z,219000809,54.927873,11.441402,9.4,Under way using engine
2026-10-02T14:12:24Z,219000809,54.927067,11.439632,9.4,Under way using engine
2026-10-02T14:12:24Z,219000811,54.884423,11.462028,8.3,Under way using engine
2026-10-02T14:12:25Z,219002177,54.935973,11.372008,0.0,Under way using engine
2026-10-02T14:12:55Z,219002177,54.935980,11.372013,0.0,Under way using engine
2026-10-02T14:12:59Z,219000811,54.883285,11.463830,8.3,Under way using engine
2026-10-02T14:13:03Z,219000809,54.926053,11.437245,9.4,Under way using engine
2026-10-02T14:13:25Z,219002177,54.935987,11.372015,0.0,Under way using engine
2026-10-02T14:13:29Z,219000811,54.882422,11.465182,8.3,Under way using engine
2026-10-02T14:13:33Z,219000809,54.925225,11.435483,9.4,Under way using engine
2026-10-02T14:13:55Z,219002177,54.935978,11.372005,0.0,Under way using engine
2026-10-02T14:13:59Z,219000811,54.881610,11.466470,8.3,Under way using engine
2026-10-02T14:14:03Z,219000809,54.924422,11.433707,9.4,Under way using engine
2026-10-02T14:14:29Z,219000811,54.880945,11.468135,8.2,Under way using engine
2026-10-02T14:14:33Z,219000809,54.923612,11.431960,9.3,Under way using engine
2026-10-02T14:14:33Z,219002177,54.935960,11.371993,0.0,Under way using engine
2026-10-02T14:14:59Z,219000811,54.880805,11.469985,7.8,Under way using engine
2026-10-02T14:15:03Z,219000809,54.922843,11.430228,9.2,Under way using engine
2026-10-02T14:15:04Z,219002177,54.935958,11.371988,0.0,Under way using engine
2026-10-02T14:15:29Z,219000811,54.880732,11.471857,7.8,Under way using engine
2026-10-02T14:15:33Z,219000809,54.922040,11.428442,9.4,Under way using engine
2026-10-02T14:15:44Z,219002177,54.935990,11.372012,0.0,Under way using engine
2026-10-02T14:15:59Z,219000811,54.880693,11.473740,7.7,Under way using engine
2026-10-02T14:16:03Z,219000809,54.921242,11.426672,9.3,Under way using engine
2026-10-02T14:16:24Z,219002177,54.935975,11.372008,0.0,Under way using engine
2026-10-02T14:16:29Z,219000811,54.880658,11.475577,7.7,Under way using engine
2026-10-02T14:16:33Z,219000809,54.920455,11.424890,9.3,Under way using engine
2026-10-02T14:16:59Z,219000811,54.880620,11.477412,7.7,Under way using engine
2026-10-02T14:17:03Z,219000809,54.919640,11.423172,9.2,Under way using engine
2026-10-02T14:17:04Z,219002177,54.935955,11.371992,0.5,Under way using engine
2026-10-02T14:17:29Z,219000811,54.880593,11.479310,7.7,Under way using engine
2026-10-02T14:17:33Z,219000809,54.918837,11.421412,9.4,Under way using engine
2026-10-02T14:17:44Z,219002177,54.935583,11.371783,3.0,Under way using engine
2026-10-02T14:17:59Z,219000811,54.880588,11.481170,7.8,Under way using engine
2026-10-02T14:18:03Z,219000809,54.918013,11.419668,9.4,Under way using engine
2026-10-02T14:18:24Z,219002177,54.934837,11.371428,4.8,Under way using engine
2026-10-02T14:18:30Z,219000811,54.881050,11.482783,7.4,Under way using engine
2026-10-02T14:18:33Z,219000809,54.917213,11.417893,9.4,Under way using engine
2026-10-02T14:19:02Z,219000811,54.881910,11.483480,6.3,Under way using engine
2026-10-02T14:19:03Z,219000809,54.916435,11.416092,9.3,Under way using engine
2026-10-02T14:19:04Z,219002177,54.933777,11.371455,6.1,Under way using engine
2026-10-02T14:19:32Z,219000811,54.882673,11.483475,5.3,Under way using engine
2026-10-02T14:19:33Z,219000809,54.915627,11.414340,9.4,Under way using engine
2026-10-02T14:19:34Z,219002177,54.932912,11.371465,6.7,Under way using engine
2026-10-02T14:20:04Z,219000809,54.914790,11.412407,9.4,Under way using engine
2026-10-02T14:20:04Z,219002177,54.931908,11.371497,7.2,Under way using engine
2026-10-02T14:20:09Z,219000811,54.883565,11.483397,5.2,Under way using engine
2026-10-02T14:20:34Z,219002177,54.930928,11.371530,7.4,Under way using engine
2026-10-02T14:20:39Z,219000811,54.884002,11.483337,3.2,Under way using engine
2026-10-02T14:20:43Z,219000809,54.913813,11.410120,9.4,Under way using engine
2026-10-02T14:21:04Z,219002177,54.929865,11.371573,7.5,Under way using engine
2026-10-02T14:21:09Z,219000811,54.884218,11.483310,1.4,Under way using engine
2026-10-02T14:21:13Z,219000809,54.913013,11.408340,9.5,Under way using engine
2026-10-02T14:21:34Z,219002177,54.928843,11.371605,7.5,Under way using engine
2026-10-02T14:21:39Z,219000811,54.884292,11.483287,0.5,Under way using engine
2026-10-02T14:21:43Z,219000809,54.912222,11.406510,9.4,Under way using engine
2026-10-02T14:22:04Z,219002177,54.927797,11.371648,7.6,Under way using engine
2026-10-02T14:22:10Z,219000811,54.884307,11.483287,0.1,Under way using engine
2026-10-02T14:22:13Z,219000809,54.911403,11.404615,9.5,Under way using engine
2026-10-02T14:22:34Z,219002177,54.926753,11.371700,7.6,Under way using engine
2026-10-02T14:22:43Z,219000809,54.910648,11.402835,9.5,Under way using engine
2026-10-02T14:22:49Z,219000811,54.884310,11.483287,0.0,Under way using engine
2026-10-02T14:23:04Z,219002177,54.925708,11.371742,7.6,Under way using engine
2026-10-02T14:23:13Z,219000809,54.909837,11.400915,9.6,Under way using engine
2026-10-02T14:23:20Z,219000811,54.884310,11.483287,0.0,Under way using engine
2026-10-02T14:23:34Z,219002177,54.924663,11.371785,7.5,Under way using engine
2026-10-02T14:23:43Z,219000809,54.909053,11.399142,9.6,Under way using engine
2026-10-02T14:23:59Z,219000811,54.884310,11.483287,0.0,Under way using engine
2026-10-02T14:24:04Z,219002177,54.923615,11.371858,7.5,Under way using engine
2026-10-02T14:24:13Z,219000809,54.908295,11.397148,9.6,Under way using engine
2026-10-02T14:24:29Z,219000811,54.884308,11.483287,0.0,Under way using engine
2026-10-02T14:24:34Z,219002177,54.922568,11.371958,7.5,Under way using engine
2026-10-02T14:24:43Z,219000809,54.907713,11.395200,9.2,Under way using engine
2026-10-02T14:25:04Z,219002177,54.921518,11.372045,7.5,Under way using engine
2026-10-02T14:25:10Z,219000811,54.884308,11.483290,0.0,Under way using engine
2026-10-02T14:25:13Z,219000809,54.907957,11.393200,8.5,Under way using engine
2026-10-02T14:25:34Z,219002177,54.920483,11.372160,7.5,Under way using engine
2026-10-02T14:25:43Z,219000809,54.908452,11.391330,8.9,Under way using engine
2026-10-02T14:25:49Z,219000811,54.884308,11.483290,0.0,Under way using engine
2026-10-02T14:26:04Z,219002177,54.919457,11.372222,7.3,Under way using engine
2026-10-02T14:26:13Z,219000809,54.909098,11.389480,8.6,Under way using engine
2026-10-02T14:26:20Z,219000811,54.884308,11.483290,0.0,Under way using engine
2026-10-02T14:26:34Z,219002177,54.918445,11.372163,7.3,Under way using engine
2026-10-02T14:26:43Z,219000809,54.909892,11.387993,8.8,Under way using engine
2026-10-02T14:26:58Z,219000811,54.884110,11.483337,1.5,Under way using engine
2026-10-02T14:27:05Z,219002177,54.917470,11.371717,6.9,Under way using engine
2026-10-02T14:27:13Z,219000809,54.910723,11.386450,8.8,Under way using engine
2026-10-02T14:27:29Z,219000811,54.883667,11.483420,3.2,Under way using engine
2026-10-02T14:27:35Z,219002177,54.916892,11.370685,5.7,Under way using engine
2026-10-02T14:27:43Z,219000809,54.911578,11.384940,8.7,Under way using engine
2026-10-02T14:28:03Z,219000811,54.883240,11.483585,2.6,Under way using engine
2026-10-02T14:28:05Z,219002177,54.916740,11.369363,5.8,Under way using engine
2026-10-02T14:28:13Z,219000809,54.912408,11.383407,8.8,Under way using engine
2026-10-02T14:28:33Z,219000811,54.882933,11.483085,3.2,Under way using engine
2026-10-02T14:28:35Z,219002177,54.916620,11.367933,6.1,Under way using engine
2026-10-02T14:28:44Z,219000809,54.913270,11.381837,8.8,Under way using engine
2026-10-02T14:29:03Z,219000811,54.882290,11.481902,7.1,Under way using engine
2026-10-02T14:29:05Z,219002177,54.916487,11.366447,6.3,Under way using engine
2026-10-02T14:29:24Z,219000809,54.914393,11.379797,8.8,Under way using engine
2026-10-02T14:29:35Z,219002177,54.916370,11.364940,6.4,Under way using engine
2026-10-02T14:29:39Z,219000811,54.881365,11.480100,8.2,Under way using engine
2026-10-02T14:29:54Z,219000809,54.915248,11.378277,8.8,Under way using engine
2026-10-02T14:30:05Z,219002177,54.916217,11.363408,6.3,Under way using engine
2026-10-02T14:30:10Z,219000811,54.881118,11.478157,8.1,Under way using engine
2026-10-02T14:30:24Z,219000809,54.916063,11.376738,8.7,Under way using engine
2026-10-02T14:30:35Z,219002177,54.916225,11.362048,5.2,Under way using engine
2026-10-02T14:30:50Z,219000811,54.881058,11.475445,8.3,Under way using engine
2026-10-02T14:30:54Z,219000809,54.916648,11.374922,8.7,Under way using engine
2026-10-02T14:31:05Z,219002177,54.916302,11.361163,2.6,Under way using engine
2026-10-02T14:31:20Z,219000811,54.881098,11.473498,8.4,Under way using engine
2026-10-02T14:31:34Z,219000809,54.916902,11.372172,9.0,Under way using engine
2026-10-02T14:31:35Z,219002177,54.916350,11.360848,1.0,Under way using engine
2026-10-02T14:31:50Z,219000811,54.881145,11.471315,8.6,Under way using engine
2026-10-02T14:32:04Z,219000809,54.916820,11.369893,9.3,Under way using engine
2026-10-02T14:32:15Z,219002177,54.916358,11.360633,0.6,Under way using engine
2026-10-02T14:32:29Z,219000811,54.881162,11.468697,8.6,Under way using engine
2026-10-02T14:32:34Z,219000809,54.916653,11.367743,9.3,Under way using engine
2026-10-02T14:32:53Z,219002177,54.916355,11.360563,0.0,Under way using engine
2026-10-02T14:33:10Z,219000811,54.881255,11.465985,8.2,Under way using engine
2026-10-02T14:33:13Z,219000809,54.916432,11.364872,9.3,Under way using engine
2026-10-02T14:33:25Z,219002177,54.916363,11.360563,0.0,Under way using engine
2026-10-02T14:33:42Z,219000811,54.882018,11.464487,7.6,Under way using engine
2026-10-02T14:33:44Z,219000809,54.916195,11.362800,8.1,Under way using engine
2026-10-02T14:34:03Z,219002177,54.916357,11.360567,0.0,Under way using engine
2026-10-02T14:34:14Z,219000809,54.916105,11.361192,6.1,Under way using engine
2026-10-02T14:34:29Z,219000811,54.883222,11.462385,8.0,Under way using engine
2026-10-02T14:34:33Z,219002177,54.916352,11.360562,0.0,Under way using engine
2026-10-02T14:34:44Z,219000809,54.915893,11.360535,1.4,Under way using engine
2026-10-02T14:35:03Z,219002177,54.916357,11.360553,0.0,Under way using engine
2026-10-02T14:35:10Z,219000811,54.884390,11.460712,8.0,Under way using engine
2026-10-02T14:35:14Z,219000809,54.915952,11.360445,0.7,Under way using engine
2026-10-02T14:35:33Z,219002177,54.916357,11.360557,0.0,Under way using engine
2026-10-02T14:35:44Z,219000809,54.916035,11.360258,1.1,Under way using engine
2026-10-02T14:35:48Z,219000811,54.885513,11.459157,8.0,Under way using engine
2026-10-02T14:36:05Z,219002177,54.916353,11.360558,0.0,Under way using engine
2026-10-02T14:36:14Z,219000809,54.916073,11.360082,0.5,Under way using engine
2026-10-02T14:36:20Z,219000811,54.886433,11.457878,8.0,Under way using engine
2026-10-02T14:36:44Z,219000809,54.916075,11.360045,0.1,Under way using engine
2026-10-02T14:36:45Z,219002177,54.916358,11.360562,0.0,Under way using engine
2026-10-02T14:36:59Z,219000811,54.887537,11.456380,8.0,Under way using engine
2026-10-02T14:37:14Z,219000809,54.916072,11.360042,0.0,Under way using engine
2026-10-02T14:37:15Z,219002177,54.916362,11.360555,0.0,Under way using engine
2026-10-02T14:37:29Z,219000811,54.888443,11.455162,8.0,Under way using engine
2026-10-02T14:37:45Z,219002177,54.916357,11.360553,0.0,Under way using engine
2026-10-02T14:37:53Z,219000809,54.916072,11.360045,0.0,Under way using engine
2026-10-02T14:37:59Z,219000811,54.889143,11.453712,7.9,Under way using engine
2026-10-02T14:38:15Z,219002177,54.916357,11.360553,0.0,Under way using engine
2026-10-02T14:38:23Z,219000809,54.916060,11.360042,0.0,Under way using engine
2026-10-02T14:38:29Z,219000811,54.889737,11.452048,8.0,Under way using engine
2026-10-02T14:38:45Z,219002177,54.916358,11.360572,0.0,Under way using engine
2026-10-02T14:38:53Z,219000809,54.916062,11.360028,0.0,Under way using engine
2026-10-02T14:38:59Z,219000811,54.890377,11.450455,8.1,Under way using engine
2026-10-02T14:39:15Z,219002177,54.916348,11.360562,0.0,Under way using engine
2026-10-02T14:39:23Z,219000809,54.916062,11.360027,0.0,Under way using engine
2026-10-02T14:39:29Z,219000811,54.891025,11.448877,8.2,Under way using engine
2026-10-02T14:39:53Z,219000809,54.916080,11.360032,0.0,Under way using engine
2026-10-02T14:39:55Z,219002177,54.916345,11.360552,0.0,Under way using engine
2026-10-02T14:39:59Z,219000811,54.891722,11.447245,8.2,Under way using engine
2026-10-02T14:40:23Z,219000809,54.916085,11.360040,0.0,Under way using engine
2026-10-02T14:40:29Z,219000811,54.892418,11.445673,8.2,Under way using engine
2026-10-02T14:40:44Z,219002177,54.916348,11.360558,0.0,Under way using engine
2026-10-02T14:40:53Z,219000809,54.916078,11.360048,0.0,Under way using engine
2026-10-02T14:41:10Z,219000811,54.893368,11.443512,8.3,Under way using engine
2026-10-02T14:41:15Z,219002177,54.916347,11.360557,0.0,Under way using engine
2026-10-02T14:41:23Z,219000809,54.916072,11.360047,0.0,Under way using engine
2026-10-02T14:41:48Z,219000811,54.894282,11.441473,8.3,Under way using engine
2026-10-02T14:41:53Z,219000809,54.916077,11.360045,0.0,Under way using engine
2026-10-02T14:41:55Z,219002177,54.916355,11.360557,0.0,Under way using engine
2026-10-02T14:42:20Z,219000811,54.895017,11.439817,8.3,Under way using engine
2026-10-02T14:42:23Z,219000809,54.916075,11.360047,0.0,Under way using engine
2026-10-02T14:42:35Z,219002177,54.916352,11.360557,0.0,Under way using engine
2026-10-02T14:42:53Z,219000809,54.916048,11.360033,0.0,Under way using engine
2026-10-02T14:42:58Z,219000811,54.895905,11.437820,8.3,Under way using engine
2026-10-02T14:43:05Z,219002177,54.916350,11.360548,0.0,Under way using engine
2026-10-02T14:43:23Z,219000809,54.916052,11.360033,0.0,Under way using engine
2026-10-02T14:43:29Z,219000811,54.896593,11.436235,8.3,Under way using engine
2026-10-02T14:43:35Z,219002177,54.916352,11.360547,0.0,Under way using engine
2026-10-02T14:43:53Z,219000809,54.916045,11.360032,0.0,Under way using engine
2026-10-02T14:44:05Z,219002177,54.916355,11.360545,0.0,Under way using engine
2026-10-02T14:44:10Z,219000811,54.897582,11.433997,8.4,Under way using engine
2026-10-02T14:44:23Z,219000809,54.916055,11.360030,0.0,Under way using engine
2026-10-02T14:44:35Z,219002177,54.916352,11.360542,0.0,Under way using engine
2026-10-02T14:44:48Z,219000811,54.898493,11.431895,8.4,Under way using engine
2026-10-02T14:44:53Z,219000809,54.916057,11.360033,0.0,Under way using engine
2026-10-02T14:45:05Z,219002177,54.916343,11.360543,0.0,Under way using engine
2026-10-02T14:45:20Z,219000811,54.899240,11.430222,8.4,Under way using engine
2026-10-02T14:45:23Z,219000809,54.916053,11.360053,0.0,Under way using engine
2026-10-02T14:45:35Z,219002177,54.916343,11.360555,0.0,Under way using engine
2026-10-02T14:45:53Z,219000809,54.916057,11.360058,0.0,Under way using engine
2026-10-02T14:45:59Z,219000811,54.900155,11.428137,8.4,Under way using engine
2026-10-02T14:46:23Z,219000809,54.916058,11.360052,0.0,Under way using engine
2026-10-02T14:46:24Z,219002177,54.916350,11.360552,0.0,Under way using engine
2026-10-02T14:46:29Z,219000811,54.900878,11.426520,8.4,Under way using engine
2026-10-02T14:46:53Z,219000809,54.916070,11.360045,0.0,Under way using engine
2026-10-02T14:46:54Z,219002177,54.916357,11.360552,0.0,Under way using engine
2026-10-02T14:46:59Z,219000811,54.901585,11.424907,8.5,Under way using engine
2026-10-02T14:47:23Z,219000809,54.916073,11.360040,0.0,Under way using engine
2026-10-02T14:47:24Z,219002177,54.916358,11.360550,0.0,Under way using engine
2026-10-02T14:47:29Z,219000811,54.902182,11.423222,8.4,Under way using engine
2026-10-02T14:47:53Z,219000809,54.916070,11.360038,0.0,Under way using engine
2026-10-02T14:47:54Z,219002177,54.916362,11.360552,0.0,Under way using engine
2026-10-02T14:47:59Z,219000811,54.902565,11.421262,8.4,Under way using engine
2026-10-02T14:48:23Z,219000809,54.916068,11.360052,0.0,Under way using engine
2026-10-02T14:48:24Z,219002177,54.916355,11.360560,0.0,Under way using engine
2026-10-02T14:48:29Z,219000811,54.902930,11.419305,8.5,Under way using engine
2026-10-02T14:48:54Z,219000809,54.916068,11.360053,0.0,Under way using engine
2026-10-02T14:48:54Z,219002177,54.916352,11.360560,0.0,Under way using engine
2026-10-02T14:48:59Z,219000811,54.903247,11.417420,8.5,Under way using engine
2026-10-02T14:49:34Z,219000809,54.916080,11.360052,0.0,Under way using engine
2026-10-02T14:49:34Z,219002177,54.916358,11.360565,0.0,Under way using engine
2026-10-02T14:49:40Z,219000811,54.903653,11.414618,8.5,Under way using engine
2026-10-02T14:50:04Z,219000809,54.916073,11.360057,0.0,Under way using engine
2026-10-02T14:50:10Z,219000811,54.903937,11.412642,8.6,Under way using engine
2026-10-02T14:50:13Z,219002177,54.916358,11.360550,0.0,Under way using engine
2026-10-02T14:50:34Z,219000809,54.916067,11.360058,0.0,Under way using engine
2026-10-02T14:50:40Z,219000811,54.904222,11.410647,8.6,Under way using engine
2026-10-02T14:50:44Z,219002177,54.916353,11.360557,0.0,Under way using engine
2026-10-02T14:51:10Z,219000811,54.904528,11.408595,8.6,Under way using engine
2026-10-02T14:51:13Z,219000809,54.916062,11.360058,0.0,Under way using engine
2026-10-02T14:51:24Z,219002177,54.916350,11.360748,1.9,Under way using engine
2026-10-02T14:51:40Z,219000811,54.904812,11.406587,8.6,Under way using engine
2026-10-02T14:51:43Z,219000809,54.916058,11.360052,0.0,Under way using engine
2026-10-02T14:52:04Z,219002177,54.916345,11.362112,5.2,Under way using engine
2026-10-02T14:52:10Z,219000811,54.905102,11.404658,8.6,Under way using engine
2026-10-02T14:52:13Z,219000809,54.916055,11.360057,0.0,Under way using engine
2026-10-02T14:52:34Z,219002177,54.916355,11.363573,6.4,Under way using engine
2026-10-02T14:52:43Z,219000809,54.916060,11.360060,0.0,Under way using engine
2026-10-02T14:52:49Z,219000811,54.905520,11.401987,8.6,Under way using engine
2026-10-02T14:53:04Z,219002177,54.916425,11.365213,7.0,Under way using engine
2026-10-02T14:53:13Z,219000809,54.916067,11.360055,0.0,Under way using engine
2026-10-02T14:53:19Z,219000811,54.905805,11.399998,8.6,Under way using engine
2026-10-02T14:53:34Z,219002177,54.916553,11.366950,7.4,Under way using engine
2026-10-02T14:53:43Z,219000809,54.916070,11.360052,0.0,Under way using engine
2026-10-02T14:53:49Z,219000811,54.906080,11.397948,8.5,Under way using engine
2026-10-02T14:54:04Z,219002177,54.916695,11.368757,7.6,Under way using engine
2026-10-02T14:54:13Z,219000809,54.916062,11.360155,1.3,Under way using engine
2026-10-02T14:54:20Z,219000811,54.906327,11.395968,8.3,Under way using engine
2026-10-02T14:54:34Z,219002177,54.916938,11.370517,7.3,Under way using engine
2026-10-02T14:54:53Z,219000809,54.916038,11.361458,5.0,Under way using engine
2026-10-02T14:54:59Z,219000811,54.906625,11.393452,8.2,Under way using engine
2026-10-02T14:55:04Z,219002177,54.917627,11.371267,5.8,Under way using engine
2026-10-02T14:55:24Z,219000809,54.916218,11.363193,7.9,Under way using engine
2026-10-02T14:55:29Z,219000811,54.906985,11.391708,7.7,Under way using engine
2026-10-02T14:55:34Z,219002177,54.918500,11.371355,6.5,Under way using engine
2026-10-02T14:55:59Z,219000811,54.907548,11.390033,7.8,Under way using engine
2026-10-02T14:56:03Z,219000809,54.916493,11.365938,9.0,Under way using engine
2026-10-02T14:56:04Z,219002177,54.919407,11.371493,6.9,Under way using engine
2026-10-02T14:56:29Z,219000811,54.908185,11.388613,7.7,Under way using engine
2026-10-02T14:56:33Z,219000809,54.916673,11.368032,9.2,Under way using engine
2026-10-02T14:56:34Z,219002177,54.920410,11.371617,7.1,Under way using engine
2026-10-02T14:56:59Z,219000811,54.908950,11.387232,7.8,Under way using engine
2026-10-02T14:57:03Z,219000809,54.916803,11.370262,9.3,Under way using engine
2026-10-02T14:57:04Z,219002177,54.921373,11.371708,7.2,Under way using engine
2026-10-02T14:57:29Z,219000811,54.909695,11.385890,7.8,Under way using engine
2026-10-02T14:57:33Z,219000809,54.916895,11.372485,9.2,Under way using engine
2026-10-02T14:57:35Z,219002177,54.922423,11.371822,7.4,Under way using engine
2026-10-02T14:57:59Z,219000811,54.910455,11.384492,7.9,Under way using engine
2026-10-02T14:58:03Z,219000809,54.916470,11.374567,9.3,Under way using engine
2026-10-02T14:58:14Z,219002177,54.923763,11.371950,7.5,Under way using engine
2026-10-02T14:58:29Z,219000811,54.911207,11.383128,7.9,Under way using engine
2026-10-02T14:58:33Z,219000809,54.915847,11.376625,9.8,Under way using engine
2026-10-02T14:58:44Z,219002177,54.924835,11.372057,7.5,Under way using engine
2026-10-02T14:58:59Z,219000811,54.911977,11.381767,7.9,Under way using engine
2026-10-02T14:59:03Z,219000809,54.915138,11.378672,10.0,Under way using engine
2026-10-02T14:59:14Z,219002177,54.925838,11.372163,7.6,Under way using engine
2026-10-02T14:59:29Z,219000811,54.912732,11.380403,7.8,Under way using engine
2026-10-02T14:59:33Z,219000809,54.914380,11.380667,10.0,Under way using engine
2026-10-02T14:59:44Z,219002177,54.926923,11.372270,7.6,Under way using engine
2026-10-02T14:59:59Z,219000811,54.913445,11.379103,7.4,Under way using engine
2026-10-02T15:00:03Z,219000809,54.913553,11.382578,10.0,Under way using engine
2026-10-02T15:00:14Z,219002177,54.927943,11.372367,7.6,Under way using engine
2026-10-02T15:00:29Z,219000811,54.914182,11.377778,7.4,Under way using engine
2026-10-02T15:00:33Z,219000809,54.912720,11.384488,10.0,Under way using engine
2026-10-02T15:00:44Z,219002177,54.929032,11.372330,7.6,Under way using engine
2026-10-02T15:00:59Z,219000811,54.914883,11.376545,7.4,Under way using engine
2026-10-02T15:01:03Z,219000809,54.911878,11.386398,10.0,Under way using engine
2026-10-02T15:01:14Z,219002177,54.930045,11.372283,7.6,Under way using engine
2026-10-02T15:01:29Z,219000811,54.915575,11.375262,7.3,Under way using engine
2026-10-02T15:01:33Z,219000809,54.911037,11.388312,10.0,Under way using engine
2026-10-02T15:01:44Z,219002177,54.931132,11.372255,7.6,Under way using engine
2026-10-02T15:01:59Z,219000811,54.916098,11.373852,7.0,Under way using engine
2026-10-02T15:02:03Z,219000809,54.910205,11.390235,10.0,Under way using engine
2026-10-02T15:02:14Z,219002177,54.932147,11.372177,7.6,Under way using engine
2026-10-02T15:02:29Z,219000811,54.916425,11.372187,6.9,Under way using engine
2026-10-02T15:02:33Z,219000809,54.909378,11.392153,10.0,Under way using engine
2026-10-02T15:02:44Z,219002177,54.933230,11.372042,7.4,Under way using engine
2026-10-02T15:02:59Z,219000811,54.916578,11.370583,7.0,Under way using engine
2026-10-02T15:03:03Z,219000809,54.908543,11.394055,9.9,Under way using engine
2026-10-02T15:03:14Z,219002177,54.934140,11.371805,6.6,Under way using engine
2026-10-02T15:03:29Z,219000811,54.916580,11.368863,7.2,Under way using engine
2026-10-02T15:03:33Z,219000809,54.907728,11.395967,9.8,Under way using engine
2026-10-02T15:03:44Z,219002177,54.934952,11.371550,5.2,Under way using engine
2026-10-02T15:03:59Z,219000811,54.916520,11.367132,7.2,Under way using engine
2026-10-02T15:04:03Z,219000809,54.907822,11.397783,7.8,Under way using engine
2026-10-02T15:04:15Z,219002177,54.935543,11.371673,3.9,Under way using engine
2026-10-02T15:04:29Z,219000811,54.916435,11.365315,7.3,Under way using engine
2026-10-02T15:04:33Z,219000809,54.908582,11.399383,8.9,Under way using engine
2026-10-02T15:04:53Z,219002177,54.935883,11.371922,1.0,Under way using engine
2026-10-02T15:04:59Z,219000811,54.916363,11.363663,7.1,Under way using engine
2026-10-02T15:05:03Z,219000809,54.909392,11.401033,9.1,Under way using engine
2026-10-02T15:05:25Z,219002177,54.935960,11.371995,0.5,Under way using engine
2026-10-02T15:05:29Z,219000811,54.916322,11.362097,6.2,Under way using engine
2026-10-02T15:05:33Z,219000809,54.910215,11.402705,9.2,Under way using engine
2026-10-02T15:05:59Z,219000811,54.916167,11.361000,5.0,Under way using engine
2026-10-02T15:06:03Z,219000809,54.911043,11.404373,9.1,Under way using engine
2026-10-02T15:06:04Z,219002177,54.935952,11.371990,0.0,Under way using engine
2026-10-02T15:06:29Z,219000811,54.915897,11.360767,2.2,Under way using engine
2026-10-02T15:06:33Z,219000809,54.911888,11.406040,9.2,Under way using engine
2026-10-02T15:06:35Z,219002177,54.935950,11.371992,0.0,Under way using engine
2026-10-02T15:06:59Z,219000811,54.915975,11.360693,0.9,Under way using engine
2026-10-02T15:07:03Z,219000809,54.912732,11.407705,9.2,Under way using engine
2026-10-02T15:07:05Z,219002177,54.935940,11.371995,0.0,Under way using engine
2026-10-02T15:07:29Z,219000811,54.916012,11.360257,1.7,Under way using engine
2026-10-02T15:07:33Z,219000809,54.913582,11.409370,9.2,Under way using engine
2026-10-02T15:07:35Z,219002177,54.935945,11.371995,0.0,Under way using engine
2026-10-02T15:07:59Z,219000811,54.916042,11.360047,0.9,Under way using engine
2026-10-02T15:08:03Z,219000809,54.914420,11.411047,9.3,Under way using engine
2026-10-02T15:08:05Z,219002177,54.935938,11.371990,0.0,Under way using engine
2026-10-02T15:08:29Z,219000811,54.916050,11.359973,0.2,Under way using engine
2026-10-02T15:08:33Z,219000809,54.915250,11.412765,9.3,Under way using engine
2026-10-02T15:08:35Z,219002177,54.935942,11.371993,0.0,Under way using engine
2026-10-02T15:09:00Z,219000811,54.916055,11.359973,0.0,Under way using engine
2026-10-02T15:09:03Z,219000809,54.916038,11.414542,9.3,Under way using engine
2026-10-02T15:09:05Z,219002177,54.935945,11.372002,0.0,Under way using engine
2026-10-02T15:09:33Z,219000809,54.916837,11.416283,9.2,Under way using engine
2026-10-02T15:09:35Z,219002177,54.935947,11.372003,0.0,Under way using engine
2026-10-02T15:09:39Z,219000811,54.916057,11.359973,0.0,Under way using engine
2026-10-02T15:10:03Z,219000809,54.917630,11.418057,9.4,Under way using engine
2026-10-02T15:10:05Z,219002177,54.935957,11.371988,0.0,Under way using engine
2026-10-02T15:10:09Z,219000811,54.916057,11.359972,0.0,Under way using engine
2026-10-02T15:10:33Z,219000809,54.918427,11.419853,9.4,Under way using engine
2026-10-02T15:10:35Z,219002177,54.935958,11.371990,0.0,Under way using engine
2026-10-02T15:10:39Z,219000811,54.916058,11.359972,0.0,Under way using engine
2026-10-02T15:11:03Z,219000809,54.919220,11.421640,9.4,Under way using engine
2026-10-02T15:11:05Z,219002177,54.935957,11.371992,0.0,Under way using engine
2026-10-02T15:11:09Z,219000811,54.916060,11.359970,0.0,Under way using engine
2026-10-02T15:11:33Z,219000809,54.920015,11.423423,9.3,Under way using engine
2026-10-02T15:11:39Z,219000811,54.916058,11.359972,0.0,Under way using engine
2026-10-02T15:11:45Z,219002177,54.935947,11.371983,0.0,Under way using engine
2026-10-02T15:12:03Z,219000809,54.920810,11.425195,9.5,Under way using engine
2026-10-02T15:12:09Z,219000811,54.916057,11.359972,0.0,Under way using engine
2026-10-02T15:12:24Z,219002177,54.935958,11.371982,0.0,Under way using engine
2026-10-02T15:12:33Z,219000809,54.921615,11.426988,9.4,Under way using engine
2026-10-02T15:12:39Z,219000811,54.916053,11.359970,0.0,Under way using engine
2026-10-02T15:12:55Z,219002177,54.935957,11.372000,0.0,Under way using engine
2026-10-02T15:13:03Z,219000809,54.922410,11.428765,9.4,Under way using engine
2026-10-02T15:13:09Z,219000811,54.916052,11.359970,0.0,Under way using engine
2026-10-02T15:13:33Z,219000809,54.923218,11.430552,9.3,Under way using engine
2026-10-02T15:13:34Z,219002177,54.935953,11.372003,0.0,Under way using engine
2026-10-02T15:13:39Z,219000811,54.916052,11.359970,0.0,Under way using engine
2026-10-02T15:14:03Z,219000809,54.924008,11.432302,9.3,Under way using engine
2026-10-02T15:14:09Z,219000811,54.916052,11.359972,0.0,Under way using engine
2026-10-02T15:14:14Z,219002177,54.935947,11.371998,0.0,Under way using engine
2026-10-02T15:14:33Z,219000809,54.924830,11.434105,9.5,Under way using engine
2026-10-02T15:14:39Z,219000811,54.916052,11.359973,0.0,Under way using engine
2026-10-02T15:14:45Z,219002177,54.935947,11.372000,0.0,Under way using engine
2026-10-02T15:15:03Z,219000809,54.925650,11.435887,9.4,Under way using engine
2026-10-02T15:15:09Z,219000811,54.916052,11.359973,0.0,Under way using engine
2026-10-02T15:15:23Z,219002177,54.935950,11.371997,0.0,Under way using engine
2026-10-02T15:15:33Z,219000809,54.926450,11.437693,9.4,Under way using engine
2026-10-02T15:15:39Z,219000811,54.916052,11.359975,0.0,Under way using engine
2026-10-02T15:15:55Z,219002177,54.935958,11.371990,0.0,Under way using engine
2026-10-02T15:16:03Z,219000809,54.927240,11.439495,9.4,Under way using engine
2026-10-02T15:16:09Z,219000811,54.916052,11.359975,0.0,Under way using engine
2026-10-02T15:16:34Z,219000809,54.928052,11.441342,9.4,Under way using engine
2026-10-02T15:16:34Z,219002177,54.935868,11.371933,1.4,Under way using engine
2026-10-02T15:16:39Z,219000811,54.916052,11.359977,0.0,Under way using engine
2026-10-02T15:17:09Z,219000811,54.916050,11.359977,0.0,Under way using engine
2026-10-02T15:17:13Z,219002177,54.935297,11.371592,4.2,Under way using engine
2026-10-02T15:17:14Z,219000809,54.929117,11.443695,9.2,Under way using engine
2026-10-02T15:17:39Z,219000811,54.916050,11.359975,0.0,Under way using engine
2026-10-02T15:17:44Z,219000809,54.929882,11.445447,9.1,Under way using engine
2026-10-02T15:17:45Z,219002177,54.934613,11.371203,5.3,Under way using engine
2026-10-02T15:18:09Z,219000811,54.916052,11.359973,0.0,Under way using engine
2026-10-02T15:18:14Z,219000809,54.930665,11.447248,9.2,Under way using engine
2026-10-02T15:18:23Z,219002177,54.933562,11.371212,6.2,Under way using engine
2026-10-02T15:18:39Z,219000811,54.916052,11.359972,0.0,Under way using engine
2026-10-02T15:18:44Z,219000809,54.931468,11.449012,9.4,Under way using engine
2026-10-02T15:18:55Z,219002177,54.932618,11.371248,6.7,Under way using engine
2026-10-02T15:19:09Z,219000811,54.916053,11.359973,0.0,Under way using engine
2026-10-02T15:19:14Z,219000809,54.932273,11.450793,9.4,Under way using engine
2026-10-02T15:19:25Z,219002177,54.931652,11.371300,7.1,Under way using engine
2026-10-02T15:19:39Z,219000811,54.916053,11.359973,0.0,Under way using engine
2026-10-02T15:19:44Z,219000809,54.933065,11.452563,9.4,Under way using engine
2026-10-02T15:20:04Z,219002177,54.930357,11.371382,7.2,Under way using engine
2026-10-02T15:20:09Z,219000811,54.916055,11.359975,0.0,Under way using engine
2026-10-02T15:20:14Z,219000809,54.933732,11.454493,9.3,Under way using engine
2026-10-02T15:20:34Z,219002177,54.929353,11.371448,7.3,Under way using engine
2026-10-02T15:20:39Z,219000811,54.916053,11.359977,0.0,Under way using engine
2026-10-02T15:20:44Z,219000809,54.934333,11.456492,9.3,Under way using engine
2026-10-02T15:21:09Z,219000811,54.916053,11.359980,0.0,Under way using engine
2026-10-02T15:21:14Z,219000809,54.934885,11.458527,9.3,Under way using engine
2026-10-02T15:21:14Z,219002177,54.927998,11.371545,7.3,Under way using engine
2026-10-02T15:21:39Z,219000811,54.916052,11.359980,0.0,Under way using engine
2026-10-02T15:21:44Z,219000809,54.935420,11.460593,9.4,Under way using engine
2026-10-02T15:21:45Z,219002177,54.926942,11.371660,7.4,Under way using engine
2026-10-02T15:22:09Z,219000811,54.916050,11.359982,0.0,Under way using engine
2026-10-02T15:22:14Z,219000809,54.935965,11.462638,9.3,Under way using engine
2026-10-02T15:22:25Z,219002177,54.925575,11.371788,7.4,Under way using engine
2026-10-02T15:22:39Z,219000811,54.916047,11.359982,0.0,Under way using engine
2026-10-02T15:22:44Z,219000809,54.936495,11.464693,9.3,Under way using engine
2026-10-02T15:22:55Z,219002177,54.924543,11.371905,7.5,Under way using engine
2026-10-02T15:23:09Z,219000811,54.916045,11.359982,0.0,Under way using engine
2026-10-02T15:23:14Z,219000809,54.937045,11.466735,9.3,Under way using engine
2026-10-02T15:23:25Z,219002177,54.923512,11.371998,7.5,Under way using engine
2026-10-02T15:23:39Z,219000811,54.916043,11.359982,0.0,Under way using engine
2026-10-02T15:23:44Z,219000809,54.937597,11.468742,9.3,Under way using engine
2026-10-02T15:23:55Z,219002177,54.922482,11.372103,7.4,Under way using engine
2026-10-02T15:24:09Z,219000811,54.916043,11.359983,0.0,Under way using engine
2026-10-02T15:24:14Z,219000809,54.938132,11.470697,9.2,Under way using engine
2026-10-02T15:24:25Z,219002177,54.921467,11.372223,7.4,Under way using engine
2026-10-02T15:24:39Z,219000811,54.916045,11.359983,0.0,Under way using engine
2026-10-02T15:24:44Z,219000809,54.938820,11.472635,9.3,Under way using engine
2026-10-02T15:24:55Z,219002177,54.920460,11.372330,7.2,Under way using engine
2026-10-02T15:25:09Z,219000811,54.916048,11.359982,0.0,Under way using engine
2026-10-02T15:25:14Z,219000809,54.939475,11.474492,9.3,Under way using engine
2026-10-02T15:25:25Z,219002177,54.919460,11.372427,7.2,Under way using engine
2026-10-02T15:25:39Z,219000811,54.916052,11.359980,0.0,Under way using engine
2026-10-02T15:25:54Z,219000809,54.940540,11.476807,9.3,Under way using engine
2026-10-02T15:25:55Z,219002177,54.918467,11.372457,7.1,Under way using engine
2026-10-02T15:26:09Z,219000811,54.916053,11.359978,0.0,Under way using engine
2026-10-02T15:26:25Z,219002177,54.917540,11.372083,6.8,Under way using engine
2026-10-02T15:26:33Z,219000809,54.941643,11.478990,9.2,Under way using engine
2026-10-02T15:26:39Z,219000811,54.916055,11.359978,0.0,Under way using engine
2026-10-02T15:26:55Z,219002177,54.916935,11.371065,5.8,Under way using engine
2026-10-02T15:27:04Z,219000809,54.942480,11.480750,9.1,Under way using engine
2026-10-02T15:27:09Z,219000811,54.916057,11.359978,0.0,Under way using engine
2026-10-02T15:27:25Z,219002177,54.916768,11.369723,5.8,Under way using engine
2026-10-02T15:27:39Z,219000811,54.916058,11.359977,0.0,Under way using engine
2026-10-02T15:27:43Z,219000809,54.943878,11.481872,8.8,Under way using engine
2026-10-02T15:27:55Z,219002177,54.916613,11.368288,6.2,Under way using engine
2026-10-02T15:28:09Z,219000811,54.916060,11.359973,0.0,Under way using engine
2026-10-02T15:28:14Z,219000809,54.945087,11.482573,8.9,Under way using engine
2026-10-02T15:28:25Z,219002177,54.916480,11.366785,6.4,Under way using engine
2026-10-02T15:28:40Z,219000811,54.916063,11.359973,0.0,Under way using engine
2026-10-02T15:28:54Z,219000809,54.946655,11.483482,8.9,Under way using engine
2026-10-02T15:28:55Z,219002177,54.916363,11.365252,6.5,Under way using engine
2026-10-02T15:29:19Z,219000811,54.916065,11.359975,0.0,Under way using engine
2026-10-02T15:29:25Z,219002177,54.916257,11.363708,6.5,Under way using engine
2026-10-02T15:29:33Z,219000809,54.948173,11.484408,8.9,Under way using engine
2026-10-02T15:29:50Z,219000811,54.916065,11.359977,0.0,Under way using engine
2026-10-02T15:29:55Z,219002177,54.916147,11.362258,5.6,Under way using engine
2026-10-02T15:30:04Z,219000809,54.949390,11.485102,8.9,Under way using engine
2026-10-02T15:30:22Z,219000811,54.916062,11.359978,0.0,Under way using engine
2026-10-02T15:30:25Z,219002177,54.916245,11.361305,3.3,Under way using engine
2026-10-02T15:30:44Z,219000809,54.950947,11.485962,8.8,Under way using engine
2026-10-02T15:30:55Z,219002177,54.916330,11.360853,1.5,Under way using engine
2026-10-02T15:30:59Z,219000811,54.916055,11.359980,0.0,Under way using engine
2026-10-02T15:31:14Z,219000809,54.952137,11.486495,8.9,Under way using engine
2026-10-02T15:31:25Z,219002177,54.916355,11.360645,0.6,Under way using engine
2026-10-02T15:31:29Z,219000811,54.916053,11.359982,0.0,Under way using engine
2026-10-02T15:31:44Z,219000809,54.953330,11.487065,8.9,Under way using engine
2026-10-02T15:31:59Z,219000811,54.916050,11.359983,0.0,Under way using engine
2026-10-02T15:32:04Z,219002177,54.916347,11.360555,0.0,Under way using engine
2026-10-02T15:32:14Z,219000809,54.954520,11.487615,8.8,Under way using engine
2026-10-02T15:32:29Z,219000811,54.916048,11.359983,0.0,Under way using engine
2026-10-02T15:32:34Z,219002177,54.916347,11.360555,0.0,Under way using engine
2026-10-02T15:32:44Z,219000809,54.955705,11.488148,8.8,Under way using engine
2026-10-02T15:32:59Z,219000811,54.916047,11.359985,0.0,Under way using engine
2026-10-02T15:33:04Z,219002177,54.916342,11.360550,0.0,Under way using engine
2026-10-02T15:33:14Z,219000809,54.956875,11.488632,8.6,Under way using engine
2026-10-02T15:33:29Z,219000811,54.916045,11.359987,0.0,Under way using engine
2026-10-02T15:33:34Z,219002177,54.916348,11.360562,0.0,Under way using engine
2026-10-02T15:33:44Z,219000809,54.958063,11.489183,9.0,Under way using engine
2026-10-02T15:33:59Z,219000811,54.916045,11.359988,0.0,Under way using engine
2026-10-02T15:34:04Z,219002177,54.916357,11.360555,0.0,Under way using engine
2026-10-02T15:34:14Z,219000809,54.959275,11.489713,9.0,Under way using engine
2026-10-02T15:34:29Z,219000811,54.916045,11.359988,0.0,Under way using engine
2026-10-02T15:34:34Z,219002177,54.916348,11.360552,0.0,Under way using engine
2026-10-02T15:34:44Z,219000809,54.960487,11.490275,9.0,Under way using engine
2026-10-02T15:34:59Z,219000811,54.916047,11.359990,0.0,Under way using engine
2026-10-02T15:35:04Z,219002177,54.916350,11.360552,0.0,Under way using engine
2026-10-02T15:35:14Z,219000809,54.961712,11.490835,9.1,Under way using engine
2026-10-02T15:35:30Z,219000811,54.916048,11.359990,0.0,Under way using engine
2026-10-02T15:35:34Z,219002177,54.916345,11.360543,0.0,Under way using engine
2026-10-02T15:35:44Z,219000809,54.962883,11.491547,9.0,Under way using engine
2026-10-02T15:36:00Z,219000811,54.916048,11.359990,0.0,Under way using engine
2026-10-02T15:36:04Z,219002177,54.916353,11.360552,0.0,Under way using engine
2026-10-02T15:36:14Z,219000809,54.963993,11.492597,9.2,Under way using engine
2026-10-02T15:36:30Z,219000811,54.916050,11.359988,0.0,Under way using engine
2026-10-02T15:36:34Z,219002177,54.916350,11.360540,0.0,Under way using engine
2026-10-02T15:36:44Z,219000809,54.965113,11.493665,9.2,Under way using engine
2026-10-02T15:37:00Z,219000811,54.916052,11.359987,0.0,Under way using engine
2026-10-02T15:37:14Z,219002177,54.916352,11.360555,0.0,Under way using engine
2026-10-02T15:37:23Z,219000809,54.966610,11.495105,9.5,Under way using engine
2026-10-02T15:37:30Z,219000811,54.916053,11.359983,0.0,Under way using engine
2026-10-02T15:37:45Z,219002177,54.916360,11.360555,0.0,Under way using engine
2026-10-02T15:37:53Z,219000809,54.967750,11.496162,9.3,Under way using engine
2026-10-02T15:38:00Z,219000811,54.916055,11.359982,0.0,Under way using engine
2026-10-02T15:38:24Z,219000809,54.968945,11.497250,9.4,Under way using engine
2026-10-02T15:38:24Z,219002177,54.916347,11.360558,0.0,Under way using engine
2026-10-02T15:38:30Z,219000811,54.916055,11.359982,0.0,Under way using engine
2026-10-02T15:39:00Z,219000811,54.916055,11.359982,0.0,Under way using engine
2026-10-02T15:39:04Z,219000809,54.970483,11.498645,9.4,Under way using engine
2026-10-02T15:39:04Z,219002177,54.916353,11.360568,0.0,Under way using engine
2026-10-02T15:39:30Z,219000811,54.916055,11.359982,0.0,Under way using engine
2026-10-02T15:39:34Z,219000809,54.971593,11.499787,9.2,Under way using engine
2026-10-02T15:39:34Z,219002177,54.916357,11.360558,0.0,Under way using engine
2026-10-02T15:40:00Z,219000811,54.916053,11.359982,0.0,Under way using engine
2026-10-02T15:40:04Z,219000809,54.972360,11.501518,9.0,Under way using engine
2026-10-02T15:40:04Z,219002177,54.916352,11.360552,0.0,Under way using engine
2026-10-02T15:40:30Z,219000811,54.916053,11.359982,0.0,Under way using engine
2026-10-02T15:40:34Z,219000809,54.972525,11.503635,9.0,Under way using engine
2026-10-02T15:40:45Z,219002177,54.916355,11.360542,0.0,Under way using engine
2026-10-02T15:41:00Z,219000811,54.916053,11.359980,0.0,Under way using engine
2026-10-02T15:41:04Z,219000809,54.972415,11.505813,9.0,Under way using engine
2026-10-02T15:41:25Z,219002177,54.916353,11.360545,0.0,Under way using engine
2026-10-02T15:41:30Z,219000811,54.916053,11.359977,0.0,Under way using engine
2026-10-02T15:41:34Z,219000809,54.972302,11.507947,8.8,Under way using engine
2026-10-02T15:42:00Z,219000811,54.916055,11.359972,0.0,Under way using engine
2026-10-02T15:42:04Z,219000809,54.972108,11.510035,8.8,Under way using engine
2026-10-02T15:42:04Z,219002177,54.916348,11.360548,0.0,Under way using engine
2026-10-02T15:42:30Z,219000811,54.916057,11.359967,0.0,Under way using engine
2026-10-02T15:42:34Z,219000809,54.971945,11.511925,7.5,Under way using engine
2026-10-02T15:42:34Z,219002177,54.916350,11.360558,0.0,Under way using engine
2026-10-02T15:43:00Z,219000811,54.916060,11.359958,0.0,Under way using engine
2026-10-02T15:43:04Z,219000809,54.971865,11.513270,4.8,Under way using engine
2026-10-02T15:43:04Z,219002177,54.916343,11.360562,0.0,Under way using engine
2026-10-02T15:43:30Z,219000811,54.916062,11.359952,0.0,Under way using engine
2026-10-02T15:43:34Z,219000809,54.971897,11.514155,3.1,Under way using engine
2026-10-02T15:43:34Z,219002177,54.916347,11.360550,0.0,Under way using engine
2026-10-02T15:44:00Z,219000811,54.916062,11.359952,0.0,Under way using engine
2026-10-02T15:44:04Z,219000809,54.971902,11.514542,1.0,Under way using engine
2026-10-02T15:44:04Z,219002177,54.916358,11.360542,0.0,Under way using engine
2026-10-02T15:44:30Z,219000811,54.916058,11.359957,0.0,Under way using engine
2026-10-02T15:44:34Z,219000809,54.971893,11.514577,0.1,Under way using engine
2026-10-02T15:44:34Z,219002177,54.916360,11.360538,0.0,Under way using engine
2026-10-02T15:45:00Z,219000811,54.916057,11.359962,0.0,Under way using engine
2026-10-02T15:45:04Z,219000809,54.971902,11.514575,0.0,Under way using engine
2026-10-02T15:45:04Z,219002177,54.916368,11.360542,0.0,Under way using engine
2026-10-02T15:45:30Z,219000811,54.916053,11.359970,0.0,Under way using engine
2026-10-02T15:45:34Z,219002177,54.916365,11.360557,0.0,Under way using engine
2026-10-02T15:45:43Z,219000809,54.971890,11.514577,0.0,Under way using engine
2026-10-02T15:46:00Z,219000811,54.916052,11.359975,0.0,Under way using engine
2026-10-02T15:46:13Z,219002177,54.916368,11.360555,0.0,Under way using engine
2026-10-02T15:46:14Z,219000809,54.971892,11.514583,0.0,Under way using engine
2026-10-02T15:46:39Z,219000811,54.916052,11.359978,0.0,Under way using engine
2026-10-02T15:46:44Z,219002177,54.916382,11.360535,0.0,Under way using engine
2026-10-02T15:46:53Z,219000809,54.971902,11.514568,0.0,Under way using engine
2026-10-02T15:47:10Z,219000811,54.916050,11.359983,0.0,Under way using engine
2026-10-02T15:47:23Z,219000809,54.971908,11.514558,0.0,Under way using engine
2026-10-02T15:47:23Z,219002177,54.916362,11.360548,0.0,Under way using engine
2026-10-02T15:47:50Z,219000811,54.916047,11.359987,0.0,Under way using engine
2026-10-02T15:47:54Z,219000809,54.971903,11.514560,0.0,Under way using engine
2026-10-02T15:47:55Z,219002177,54.916367,11.360540,0.0,Under way using engine
2026-10-02T15:48:22Z,219000811,54.916043,11.359988,0.0,Under way using engine
2026-10-02T15:48:34Z,219002177,54.916378,11.360553,0.0,Under way using engine
2026-10-02T15:48:43Z,219000809,54.971905,11.514598,0.0,Under way using engine
2026-10-02T15:49:00Z,219000811,54.916042,11.359992,0.0,Under way using engine
2026-10-02T15:49:04Z,219002177,54.916363,11.360578,0.0,Under way using engine
2026-10-02T15:49:14Z,219000809,54.971892,11.514605,0.0,Under way using engine
2026-10-02T15:49:39Z,219000811,54.916047,11.359990,0.0,Under way using engine
2026-10-02T15:49:44Z,219000809,54.971883,11.514602,0.0,Under way using engine
2026-10-02T15:49:44Z,219002177,54.916365,11.360562,0.0,Under way using engine
2026-10-02T15:50:10Z,219000811,54.916055,11.359985,0.0,Under way using engine
2026-10-02T15:50:14Z,219000809,54.971872,11.514610,0.0,Under way using engine
2026-10-02T15:50:44Z,219000809,54.971860,11.514630,0.0,Under way using engine
2026-10-02T15:50:44Z,219002177,54.916358,11.360567,0.2,Under way using engine
2026-10-02T15:50:49Z,219000811,54.916062,11.359983,0.0,Under way using engine
2026-10-02T15:51:14Z,219000809,54.971875,11.514613,0.0,Under way using engine
2026-10-02T15:51:19Z,219000811,54.916063,11.359983,0.0,Under way using engine
2026-10-02T15:51:23Z,219002177,54.916348,11.361392,4.0,Under way using engine
2026-10-02T15:51:44Z,219000809,54.971898,11.514587,0.0,Under way using engine
2026-10-02T15:51:49Z,219000811,54.916063,11.359980,0.0,Under way using engine
2026-10-02T15:51:53Z,219002177,54.916360,11.362535,5.3,Under way using engine
2026-10-02T15:52:14Z,219000809,54.971915,11.514582,0.0,Under way using engine
2026-10-02T15:52:19Z,219000811,54.916062,11.359977,0.0,Under way using engine
2026-10-02T15:52:23Z,219002177,54.916407,11.364003,6.1,Under way using engine
2026-10-02T15:52:44Z,219000809,54.971908,11.514595,0.0,Under way using engine
2026-10-02T15:52:49Z,219000811,54.916060,11.359978,0.0,Under way using engine
2026-10-02T15:52:55Z,219002177,54.916497,11.365608,6.6,Under way using engine
2026-10-02T15:53:20Z,219000811,54.916058,11.359980,0.0,Under way using engine
2026-10-02T15:53:23Z,219000809,54.971890,11.514603,0.0,Under way using engine
2026-10-02T15:53:25Z,219002177,54.916622,11.367233,6.9,Under way using engine
2026-10-02T15:53:54Z,219000809,54.971905,11.514522,0.9,Under way using engine
2026-10-02T15:53:55Z,219002177,54.916760,11.368912,7.1,Under way using engine
2026-10-02T15:53:59Z,219000811,54.916055,11.359982,0.0,Under way using engine
2026-10-02T15:54:25Z,219002177,54.916972,11.370550,6.9,Under way using engine
2026-10-02T15:54:29Z,219000811,54.916052,11.359983,0.0,Under way using engine
2026-10-02T15:54:33Z,219000809,54.971937,11.513500,3.5,Under way using engine
2026-10-02T15:54:55Z,219002177,54.917523,11.371567,5.5,Under way using engine
2026-10-02T15:54:59Z,219000811,54.916048,11.359987,0.0,Under way using engine
2026-10-02T15:55:03Z,219000809,54.971762,11.513067,1.9,Under way using engine
2026-10-02T15:55:25Z,219002177,54.918313,11.371705,6.0,Under way using engine
2026-10-02T15:55:29Z,219000811,54.916032,11.360190,0.9,Under way using engine
2026-10-02T15:55:33Z,219000809,54.971820,11.512633,4.0,Under way using engine
2026-10-02T15:55:55Z,219002177,54.919192,11.371773,6.5,Under way using engine
2026-10-02T15:56:00Z,219000811,54.916065,11.361305,4.7,Under way using engine
2026-10-02T15:56:03Z,219000809,54.972013,11.511000,7.7,Under way using engine
2026-10-02T15:56:25Z,219002177,54.920122,11.371847,6.8,Under way using engine
2026-10-02T15:56:33Z,219000809,54.972193,11.508975,8.9,Under way using engine
2026-10-02T15:56:33Z,219000811,54.916217,11.362930,6.5,Under way using engine
2026-10-02T15:56:55Z,219002177,54.921082,11.371920,7.0,Under way using engine
2026-10-02T15:57:04Z,219000809,54.972372,11.506747,8.8,Under way using engine
2026-10-02T15:57:08Z,219000811,54.916387,11.364980,7.2,Under way using engine
2026-10-02T15:57:25Z,219002177,54.922065,11.371980,7.2,Under way using engine
2026-10-02T15:57:40Z,219000811,54.916507,11.366845,7.4,Under way using engine
2026-10-02T15:57:44Z,219000809,54.971712,11.504200,9.1,Under way using engine
2026-10-02T15:57:55Z,219002177,54.923068,11.372000,7.3,Under way using engine
2026-10-02T15:58:19Z,219000811,54.916578,11.369207,7.5,Under way using engine
2026-10-02T15:58:24Z,219000809,54.970798,11.501632,9.4,Under way using engine
2026-10-02T15:58:25Z,219002177,54.924072,11.372015,7.3,Under way using engine
2026-10-02T15:58:53Z,219000811,54.916490,11.371240,7.2,Under way using engine
2026-10-02T15:58:55Z,219002177,54.925077,11.372072,7.3,Under way using engine
2026-10-02T15:59:04Z,219000809,54.969820,11.499165,9.3,Under way using engine
2026-10-02T15:59:25Z,219002177,54.926092,11.372125,7.4,Under way using engine
2026-10-02T15:59:28Z,219000811,54.915898,11.373002,7.3,Under way using engine
2026-10-02T15:59:44Z,219000809,54.968613,11.496998,9.4,Under way using engine
2026-10-02T15:59:55Z,219002177,54.927120,11.372188,7.4,Under way using engine
2026-10-02T16:00:00Z,219000811,54.915160,11.374440,7.6,Under way using engine
2026-10-02T16:00:24Z,219000809,54.967398,11.494862,9.4,Under way using engine
2026-10-02T16:00:25Z,219002177,54.928133,11.372205,7.3,Under way using engine
2026-10-02T16:00:40Z,219000811,54.914233,11.376317,7.8,Under way using engine
2026-10-02T16:00:55Z,219002177,54.929142,11.372110,7.3,Under way using engine
2026-10-02T16:01:04Z,219000809,54.966132,11.492758,9.4,Under way using engine
2026-10-02T16:01:19Z,219000811,54.913335,11.378237,7.9,Under way using engine
2026-10-02T16:01:25Z,219002177,54.930155,11.372032,7.3,Under way using engine
2026-10-02T16:01:44Z,219000809,54.964810,11.490933,9.0,Under way using engine
2026-10-02T16:01:49Z,219000811,54.912632,11.379772,7.9,Under way using engine
2026-10-02T16:01:55Z,219002177,54.931153,11.371893,7.3,Under way using engine
2026-10-02T16:02:19Z,219000811,54.911958,11.381217,8.0,Under way using engine
2026-10-02T16:02:24Z,219000809,54.963127,11.490193,9.4,Under way using engine
2026-10-02T16:02:25Z,219002177,54.932153,11.371802,7.3,Under way using engine
2026-10-02T16:02:50Z,219000811,54.911200,11.382810,8.1,Under way using engine
2026-10-02T16:02:55Z,219002177,54.933170,11.371682,7.3,Under way using engine
2026-10-02T16:03:04Z,219000809,54.961375,11.489503,9.9,Under way using engine
2026-10-02T16:03:25Z,219002177,54.934160,11.371560,7.0,Under way using engine
2026-10-02T16:03:28Z,219000811,54.910265,11.384752,8.1,Under way using engine
2026-10-02T16:03:44Z,219000809,54.959605,11.488872,9.7,Under way using engine
2026-10-02T16:03:55Z,219002177,54.935030,11.371473,5.7,Under way using engine
2026-10-02T16:03:59Z,219000811,54.909532,11.386268,8.1,Under way using engine
2026-10-02T16:04:14Z,219000809,54.958295,11.488307,9.8,Under way using engine
2026-10-02T16:04:25Z,219002177,54.935615,11.371700,3.7,Under way using engine
2026-10-02T16:04:29Z,219000811,54.908783,11.387767,8.1,Under way using engine
2026-10-02T16:04:44Z,219000809,54.956968,11.487820,9.6,Under way using engine
2026-10-02T16:04:55Z,219002177,54.935838,11.371878,1.2,Under way using engine
2026-10-02T16:04:59Z,219000811,54.908048,11.389303,8.1,Under way using engine
2026-10-02T16:05:14Z,219000809,54.955660,11.487357,9.7,Under way using engine
2026-10-02T16:05:25Z,219002177,54.935913,11.371947,0.4,Under way using engine
2026-10-02T16:05:40Z,219000811,54.907092,11.391300,8.1,Under way using engine
2026-10-02T16:05:44Z,219000809,54.954308,11.486872,10.0,Under way using engine
2026-10-02T16:06:04Z,219002177,54.935963,11.372008,0.1,Under way using engine
2026-10-02T16:06:13Z,219000811,54.906485,11.393152,8.0,Under way using engine
2026-10-02T16:06:14Z,219000809,54.952993,11.486250,9.8,Under way using engine
2026-10-02T16:06:35Z,219002177,54.935962,11.372015,0.0,Under way using engine
2026-10-02T16:06:43Z,219000811,54.906178,11.394933,7.9,Under way using engine
2026-10-02T16:06:53Z,219000809,54.951277,11.485603,9.8,Under way using engine
2026-10-02T16:07:13Z,219002177,54.935962,11.372015,0.0,Under way using engine
2026-10-02T16:07:19Z,219000811,54.905793,11.397245,7.9,Under way using engine
2026-10-02T16:07:24Z,219000809,54.949863,11.485027,9.8,Under way using engine
2026-10-02T16:07:45Z,219002177,54.935965,11.372017,0.0,Under way using engine
2026-10-02T16:07:50Z,219000811,54.905533,11.399062,7.8,Under way using engine
2026-10-02T16:08:03Z,219000809,54.948157,11.484252,9.8,Under way using engine
2026-10-02T16:08:25Z,219002177,54.935963,11.372028,0.0,Under way using engine
2026-10-02T16:08:29Z,219000811,54.905248,11.401433,7.7,Under way using engine
2026-10-02T16:08:34Z,219000809,54.946822,11.483638,9.7,Under way using engine
2026-10-02T16:08:59Z,219000811,54.905025,11.403212,7.6,Under way using engine
2026-10-02T16:09:05Z,219002177,54.935972,11.372018,0.0,Under way using engine
2026-10-02T16:09:14Z,219000809,54.945075,11.482852,9.8,Under way using engine
2026-10-02T16:09:29Z,219000811,54.904810,11.405032,7.5,Under way using engine
2026-10-02T16:09:45Z,219002177,54.935973,11.372000,0.0,Under way using engine
2026-10-02T16:09:53Z,219000809,54.943430,11.482053,9.4,Under way using engine
2026-10-02T16:09:59Z,219000811,54.904590,11.406792,7.5,Under way using engine
2026-10-02T16:10:23Z,219000809,54.942453,11.480877,8.5,Under way using engine
2026-10-02T16:10:24Z,219002177,54.935970,11.372000,0.0,Under way using engine
2026-10-02T16:10:29Z,219000811,54.904352,11.408620,7.6,Under way using engine
2026-10-02T16:10:53Z,219000809,54.941672,11.479222,9.0,Under way using engine
2026-10-02T16:10:54Z,219002177,54.935968,11.371998,0.0,Under way using engine
2026-10-02T16:10:59Z,219000811,54.904120,11.410332,7.6,Under way using engine
2026-10-02T16:11:23Z,219000809,54.940867,11.477543,9.1,Under way using engine
2026-10-02T16:11:24Z,219002177,54.935965,11.372002,0.0,Under way using engine
2026-10-02T16:11:30Z,219000811,54.903870,11.412197,7.7,Under way using engine
2026-10-02T16:11:53Z,219000809,54.940072,11.475858,9.0,Under way using engine
2026-10-02T16:11:54Z,219002177,54.935967,11.372010,0.0,Under way using engine
2026-10-02T16:12:08Z,219000811,54.903585,11.414480,7.7,Under way using engine
2026-10-02T16:12:23Z,219000809,54.939443,11.473980,9.0,Under way using engine
2026-10-02T16:12:24Z,219002177,54.935973,11.372005,0.0,Under way using engine
2026-10-02T16:12:40Z,219000811,54.903323,11.416410,7.7,Under way using engine
2026-10-02T16:12:53Z,219000809,54.938793,11.472080,9.2,Under way using engine
2026-10-02T16:12:54Z,219002177,54.935968,11.372005,0.0,Under way using engine
2026-10-02T16:13:18Z,219000811,54.903017,11.418788,7.8,Under way using engine
2026-10-02T16:13:23Z,219000809,54.938135,11.470183,9.2,Under way using engine
2026-10-02T16:13:24Z,219002177,54.935965,11.372013,0.0,Under way using engine
2026-10-02T16:13:49Z,219000811,54.902762,11.420663,7.8,Under way using engine
2026-10-02T16:13:54Z,219000809,54.937487,11.468160,9.3,Under way using engine
2026-10-02T16:13:54Z,219002177,54.935963,11.372020,0.0,Under way using engine
2026-10-02T16:14:25Z,219002177,54.935975,11.371988,0.1,Under way using engine
2026-10-02T16:14:30Z,219000811,54.902415,11.423138,7.7,Under way using engine
2026-10-02T16:14:34Z,219000809,54.936770,11.465463,9.3,Under way using engine
2026-10-02T16:15:03Z,219000811,54.901810,11.424753,7.5,Under way using engine
2026-10-02T16:15:05Z,219002177,54.935975,11.372005,0.0,Under way using engine
2026-10-02T16:15:14Z,219000809,54.936020,11.462713,9.4,Under way using engine
2026-10-02T16:15:40Z,219000811,54.901018,11.426712,7.9,Under way using engine
2026-10-02T16:15:45Z,219002177,54.935973,11.372013,0.0,Under way using engine
2026-10-02T16:15:54Z,219000809,54.935305,11.459938,9.4,Under way using engine
2026-10-02T16:16:19Z,219000811,54.900175,11.428735,8.0,Under way using engine
2026-10-02T16:16:25Z,219002177,54.935967,11.372002,0.0,Under way using engine
2026-10-02T16:16:34Z,219000809,54.934532,11.457228,9.4,Under way using engine
2026-10-02T16:16:49Z,219000811,54.899513,11.430273,8.0,Under way using engine
2026-10-02T16:17:04Z,219002177,54.935965,11.372012,0.0,Under way using engine
2026-10-02T16:17:14Z,219000809,54.933797,11.454472,9.5,Under way using engine
2026-10-02T16:17:19Z,219000811,54.898855,11.431818,8.0,Under way using engine
2026-10-02T16:17:34Z,219002177,54.935970,11.372000,0.0,Under way using engine
2026-10-02T16:17:49Z,219000811,54.898197,11.433362,8.1,Under way using engine
2026-10-02T16:17:54Z,219000809,54.932857,11.451957,9.3,Under way using engine
2026-10-02T16:18:04Z,219002177,54.935968,11.371993,0.0,Under way using engine
2026-10-02T16:18:19Z,219000811,54.897532,11.434917,8.1,Under way using engine
2026-10-02T16:18:24Z,219000809,54.931975,11.450285,9.4,Under way using engine
2026-10-02T16:18:34Z,219002177,54.935972,11.372005,0.0,Under way using engine
2026-10-02T16:18:49Z,219000811,54.896818,11.436527,8.1,Under way using engine
2026-10-02T16:18:54Z,219000809,54.931082,11.448605,9.4,Under way using engine
2026-10-02T16:19:04Z,219002177,54.935965,11.371978,0.0,Under way using engine
2026-10-02T16:19:19Z,219000811,54.896135,11.438050,8.2,Under way using engine
2026-10-02T16:19:24Z,219000809,54.930250,11.446852,9.3,Under way using engine
2026-10-02T16:19:34Z,219002177,54.935960,11.371972,0.0,Under way using engine
2026-10-02T16:19:49Z,219000811,54.895423,11.439617,8.2,Under way using engine
2026-10-02T16:19:54Z,219000809,54.929407,11.445188,9.3,Under way using engine
2026-10-02T16:20:04Z,219002177,54.935950,11.372002,0.0,Under way using engine
2026-10-02T16:20:19Z,219000811,54.894727,11.441162,8.2,Under way using engine
2026-10-02T16:20:24Z,219000809,54.928533,11.443487,9.6,Under way using engine
2026-10-02T16:20:34Z,219002177,54.935958,11.372012,0.0,Under way using engine
2026-10-02T16:20:49Z,219000811,54.894028,11.442698,8.2,Under way using engine
2026-10-02T16:21:04Z,219000809,54.927468,11.441047,9.5,Under way using engine
2026-10-02T16:21:04Z,219002177,54.935972,11.372003,0.0,Under way using engine
2026-10-02T16:21:19Z,219000811,54.893335,11.444237,8.2,Under way using engine
2026-10-02T16:21:35Z,219002177,54.935967,11.371995,0.0,Under way using engine
2026-10-02T16:21:43Z,219000809,54.926337,11.438765,9.4,Under way using engine
2026-10-02T16:21:49Z,219000811,54.892622,11.445830,8.2,Under way using engine
2026-10-02T16:22:14Z,219000809,54.925513,11.436913,9.5,Under way using engine
2026-10-02T16:22:15Z,219002177,54.935947,11.371967,0.0,Under way using engine
2026-10-02T16:22:19Z,219000811,54.891932,11.447398,8.2,Under way using engine
2026-10-02T16:22:49Z,219000811,54.891250,11.448950,8.2,Under way using engine
2026-10-02T16:22:53Z,219000809,54.924457,11.434605,9.5,Under way using engine
2026-10-02T16:22:55Z,219002177,54.935962,11.371990,0.0,Under way using engine
2026-10-02T16:23:19Z,219000811,54.890535,11.450553,8.2,Under way using engine
2026-10-02T16:23:24Z,219000809,54.923592,11.432782,9.5,Under way using engine
2026-10-02T16:23:35Z,219002177,54.935965,11.371990,0.0,Under way using engine
2026-10-02T16:23:49Z,219000811,54.889867,11.452075,8.2,Under way using engine
2026-10-02T16:24:04Z,219000809,54.922542,11.430420,9.3,Under way using engine
2026-10-02T16:24:15Z,219002177,54.935928,11.371953,1.1,Under way using engine
2026-10-02T16:24:19Z,219000811,54.889178,11.453657,8.2,Under way using engine
2026-10-02T16:24:44Z,219000809,54.921438,11.428078,9.4,Under way using engine
2026-10-02T16:24:49Z,219000811,54.888452,11.455200,8.1,Under way using engine
2026-10-02T16:24:55Z,219002177,54.935200,11.371447,5.3,Under way using engine
2026-10-02T16:25:19Z,219000811,54.887585,11.456452,8.1,Under way using engine
2026-10-02T16:25:24Z,219000809,54.920380,11.425688,9.5,Under way using engine
2026-10-02T16:25:35Z,219002177,54.934110,11.370963,6.4,Under way using engine
2026-10-02T16:25:49Z,219000811,54.886720,11.457697,8.2,Under way using engine
2026-10-02T16:26:04Z,219000809,54.919268,11.423365,9.3,Under way using engine
2026-10-02T16:26:15Z,219002177,54.932822,11.370892,7.3,Under way using engine
2026-10-02T16:26:19Z,219000811,54.885815,11.459030,8.2,Under way using engine
2026-10-02T16:26:44Z,219000809,54.918188,11.420982,9.4,Under way using engine
2026-10-02T16:26:50Z,219000811,54.884983,11.460243,8.2,Under way using engine
2026-10-02T16:26:55Z,219002177,54.931420,11.370803,7.7,Under way using engine
2026-10-02T16:27:23Z,219000809,54.917132,11.418657,9.5,Under way using engine
2026-10-02T16:27:29Z,219000811,54.883822,11.461922,8.2,Under way using engine
2026-10-02T16:27:35Z,219002177,54.929985,11.370778,7.8,Under way using engine
2026-10-02T16:27:53Z,219000809,54.916360,11.417028,8.3,Under way using engine
2026-10-02T16:27:59Z,219000811,54.882972,11.463152,8.1,Under way using engine
2026-10-02T16:28:15Z,219002177,54.928537,11.370860,7.9,Under way using engine
2026-10-02T16:28:23Z,219000809,54.915700,11.415497,7.9,Under way using engine
2026-10-02T16:28:29Z,219000811,54.882073,11.464433,8.1,Under way using engine
2026-10-02T16:28:53Z,219000809,54.915000,11.414013,8.0,Under way using engine
2026-10-02T16:28:54Z,219002177,54.927115,11.370963,7.9,Under way using engine
2026-10-02T16:28:59Z,219000811,54.881225,11.465707,8.1,Under way using engine
2026-10-02T16:29:23Z,219000809,54.914327,11.412492,8.0,Under way using engine
2026-10-02T16:29:24Z,219002177,54.926015,11.371067,7.9,Under way using engine
2026-10-02T16:29:29Z,219000811,54.880783,11.467362,7.7,Under way using engine
2026-10-02T16:29:53Z,219000809,54.913648,11.410972,8.0,Under way using engine
2026-10-02T16:29:54Z,219002177,54.924918,11.371143,7.9,Under way using engine
2026-10-02T16:29:59Z,219000811,54.880712,11.469220,7.7,Under way using engine
2026-10-02T16:30:23Z,219000809,54.912942,11.409500,8.0,Under way using engine
2026-10-02T16:30:24Z,219002177,54.923820,11.371255,7.9,Under way using engine
2026-10-02T16:30:29Z,219000811,54.880683,11.471068,7.8,Under way using engine
2026-10-02T16:30:53Z,219000809,54.912243,11.407975,8.1,Under way using engine
2026-10-02T16:30:54Z,219002177,54.922735,11.371285,7.9,Under way using engine
2026-10-02T16:30:59Z,219000811,54.880663,11.472982,7.8,Under way using engine
2026-10-02T16:31:23Z,219000809,54.911572,11.406440,8.0,Under way using engine
2026-10-02T16:31:24Z,219002177,54.921662,11.371397,7.7,Under way using engine
2026-10-02T16:31:29Z,219000811,54.880650,11.474898,7.7,Under way using engine
2026-10-02T16:31:53Z,219000809,54.910870,11.404927,8.1,Under way using engine
2026-10-02T16:31:54Z,219002177,54.920615,11.371627,7.6,Under way using engine
2026-10-02T16:31:59Z,219000811,54.880645,11.476735,7.7,Under way using engine
2026-10-02T16:32:23Z,219000809,54.910227,11.403355,8.1,Under way using engine
2026-10-02T16:32:24Z,219002177,54.919587,11.371865,7.5,Under way using engine
2026-10-02T16:32:29Z,219000811,54.880628,11.478560,7.3,Under way using engine
2026-10-02T16:32:53Z,219000809,54.909582,11.401752,8.1,Under way using engine
2026-10-02T16:32:54Z,219002177,54.918557,11.372048,7.4,Under way using engine
2026-10-02T16:32:59Z,219000811,54.880617,11.480275,7.2,Under way using engine
2026-10-02T16:33:23Z,219000809,54.908942,11.400150,8.1,Under way using engine
2026-10-02T16:33:24Z,219002177,54.917567,11.371888,7.0,Under way using engine
2026-10-02T16:33:29Z,219000811,54.880893,11.481752,6.6,Under way using engine
2026-10-02T16:33:53Z,219000809,54.908272,11.398577,8.1,Under way using engine
2026-10-02T16:33:54Z,219002177,54.916962,11.370855,5.8,Under way using engine
2026-10-02T16:33:59Z,219000811,54.881523,11.482663,5.9,Under way using engine
2026-10-02T16:34:23Z,219000809,54.907870,11.396912,7.3,Under way using engine
2026-10-02T16:34:29Z,219000811,54.882280,11.483235,6.0,Under way using engine
2026-10-02T16:34:34Z,219002177,54.916798,11.368885,6.5,Under way using engine
2026-10-02T16:34:53Z,219000809,54.907953,11.395083,7.7,Under way using engine
2026-10-02T16:34:59Z,219000811,54.883053,11.483383,5.4,Under way using engine
2026-10-02T16:35:05Z,219002177,54.916620,11.367197,6.9,Under way using engine
2026-10-02T16:35:29Z,219000811,54.883623,11.483370,4.2,Under way using engine
2026-10-02T16:35:34Z,219000809,54.908385,11.392748,7.5,Under way using engine
2026-10-02T16:35:44Z,219002177,54.916397,11.365008,7.2,Under way using engine
2026-10-02T16:35:59Z,219000811,54.884007,11.483343,2.6,Under way using engine
2026-10-02T16:36:13Z,219000809,54.909228,11.390885,7.6,Under way using engine
2026-10-02T16:36:23Z,219002177,54.916250,11.362807,6.9,Under way using engine
2026-10-02T16:36:29Z,219000811,54.884213,11.483310,1.5,Under way using engine
2026-10-02T16:36:43Z,219000809,54.909903,11.389500,7.6,Under way using engine
2026-10-02T16:36:53Z,219002177,54.916273,11.361433,5.1,Under way using engine
2026-10-02T16:36:59Z,219000811,54.884283,11.483283,0.5,Under way using engine
2026-10-02T16:37:13Z,219000809,54.910583,11.388080,7.6,Under way using engine
2026-10-02T16:37:23Z,219002177,54.916357,11.360807,1.6,Under way using engine
2026-10-02T16:37:29Z,219000811,54.884303,11.483273,0.1,Under way using engine
2026-10-02T16:37:43Z,219000809,54.911253,11.386685,7.6,Under way using engine
2026-10-02T16:37:53Z,219002177,54.916348,11.360632,0.6,Under way using engine
2026-10-02T16:37:59Z,219000811,54.884310,11.483285,0.1,Under way using engine
2026-10-02T16:38:13Z,219000809,54.911923,11.385262,7.6,Under way using engine
2026-10-02T16:38:29Z,219000811,54.884308,11.483283,0.0,Under way using engine
2026-10-02T16:38:34Z,219002177,54.916362,11.360547,0.0,Under way using engine
2026-10-02T16:38:43Z,219000809,54.912592,11.383853,7.6,Under way using engine
2026-10-02T16:38:59Z,219000811,54.884308,11.483283,0.0,Under way using engine
2026-10-02T16:39:05Z,219002177,54.916355,11.360538,0.0,Under way using engine
2026-10-02T16:39:13Z,219000809,54.913288,11.382478,7.6,Under way using engine
2026-10-02T16:39:29Z,219000811,54.884307,11.483285,0.0,Under way using engine
2026-10-02T16:39:43Z,219000809,54.914003,11.381115,7.6,Under way using engine
2026-10-02T16:39:44Z,219002177,54.916383,11.360528,0.0,Under way using engine
2026-10-02T16:39:59Z,219000811,54.884307,11.483285,0.0,Under way using engine
2026-10-02T16:40:13Z,219000809,54.914688,11.379730,7.6,Under way using engine
2026-10-02T16:40:29Z,219000811,54.884305,11.483285,0.0,Under way using engine
2026-10-02T16:40:33Z,219002177,54.916358,11.360548,0.0,Under way using engine
2026-10-02T16:40:43Z,219000809,54.915383,11.378342,7.6,Under way using engine
2026-10-02T16:40:59Z,219000811,54.884303,11.483285,0.1,Under way using engine
2026-10-02T16:41:05Z,219002177,54.916370,11.360537,0.0,Under way using engine
2026-10-02T16:41:13Z,219000809,54.916062,11.376908,7.6,Under way using engine
2026-10-02T16:41:29Z,219000811,54.884303,11.483283,0.0,Under way using engine
2026-10-02T16:41:43Z,219000809,54.916548,11.375275,7.6,Under way using engine
2026-10-02T16:41:43Z,219002177,54.916365,11.360567,0.0,Under way using engine
2026-10-02T16:41:59Z,219000811,54.884303,11.483282,0.0,Under way using engine
2026-10-02T16:42:13Z,219000809,54.916815,11.373503,7.6,Under way using engine
2026-10-02T16:42:15Z,219002177,54.916375,11.360560,0.0,Under way using engine
2026-10-02T16:42:29Z,219000811,54.884303,11.483280,0.0,Under way using engine
2026-10-02T16:42:43Z,219000809,54.916900,11.371652,7.7,Under way using engine
2026-10-02T16:42:59Z,219000811,54.884227,11.483295,0.5,Under way using engine
2026-10-02T16:43:05Z,219002177,54.916375,11.360560,0.0,Under way using engine
2026-10-02T16:43:13Z,219000809,54.916812,11.369837,7.5,Under way using engine
2026-10-02T16:43:29Z,219000811,54.883898,11.483360,2.3,Under way using engine
2026-10-02T16:43:43Z,219000809,54.916678,11.368047,7.4,Under way using engine
2026-10-02T16:43:43Z,219002177,54.916375,11.360558,0.0,Under way using engine
2026-10-02T16:43:59Z,219000811,54.883487,11.483530,3.2,Under way using engine
2026-10-02T16:44:13Z,219000809,54.916557,11.366325,7.4,Under way using engine
2026-10-02T16:44:15Z,219002177,54.916377,11.360558,0.0,Under way using engine
2026-10-02T16:44:29Z,219000811,54.883250,11.483738,1.7,Under way using engine
2026-10-02T16:44:43Z,219000809,54.916397,11.364520,7.6,Under way using engine
2026-10-02T16:44:59Z,219000811,54.882955,11.483370,2.8,Under way using engine
2026-10-02T16:45:05Z,219002177,54.916348,11.360563,0.0,Under way using engine
2026-10-02T16:45:13Z,219000809,54.916242,11.362715,7.6,Under way using engine
2026-10-02T16:45:29Z,219000811,54.882342,11.482463,5.6,Under way using engine
2026-10-02T16:45:43Z,219000809,54.916132,11.361072,6.2,Under way using engine
2026-10-02T16:45:43Z,219002177,54.916358,11.360555,0.0,Under way using engine
2026-10-02T16:45:59Z,219000811,54.881652,11.481405,6.7,Under way using engine
2026-10-02T16:46:13Z,219000809,54.915938,11.360557,0.9,Under way using engine
2026-10-02T16:46:15Z,219002177,54.916362,11.360560,0.0,Under way using engine
2026-10-02T16:46:29Z,219000811,54.881267,11.479872,6.8,Under way using engine
2026-10-02T16:46:43Z,219000809,54.916015,11.360468,0.9,Under way using engine
2026-10-02T16:46:54Z,219002177,54.916370,11.360565,0.0,Under way using engine
2026-10-02T16:47:00Z,219000811,54.880938,11.478240,7.0,Under way using engine
2026-10-02T16:47:24Z,219000809,54.916093,11.360180,0.9,Under way using engine
2026-10-02T16:47:32Z,219000811,54.880917,11.476427,7.2,Under way using engine
2026-10-02T16:47:33Z,219002177,54.916380,11.360555,0.0,Under way using engine
2026-10-02T16:48:04Z,219000809,54.916095,11.360037,0.2,Under way using engine
2026-10-02T16:48:04Z,219002177,54.916368,11.360547,0.0,Under way using engine
2026-10-02T16:48:09Z,219000811,54.880913,11.474240,7.3,Under way using engine
2026-10-02T16:48:34Z,219000809,54.916092,11.360040,0.1,Under way using engine
2026-10-02T16:48:40Z,219000811,54.880922,11.472390,7.5,Under way using engine
2026-10-02T16:48:44Z,219002177,54.916377,11.360555,0.0,Under way using engine
2026-10-02T16:49:04Z,219000809,54.916082,11.360040,0.0,Under way using engine
2026-10-02T16:49:19Z,219000811,54.880932,11.470053,7.5,Under way using engine
2026-10-02T16:49:33Z,219002177,54.916363,11.360552,0.0,Under way using engine
2026-10-02T16:49:34Z,219000809,54.916080,11.360045,0.0,Under way using engine
2026-10-02T16:49:50Z,219000811,54.880990,11.468218,7.4,Under way using engine
2026-10-02T16:50:04Z,219002177,54.916368,11.360552,0.0,Under way using engine
2026-10-02T16:50:13Z,219000809,54.916070,11.360058,0.0,Under way using engine
2026-10-02T16:50:23Z,219000811,54.881355,11.466400,7.3,Under way using engine
2026-10-02T16:50:43Z,219000809,54.916048,11.360055,0.1,Under way using engine
2026-10-02T16:50:44Z,219002177,54.916340,11.360558,0.1,Under way using engine
2026-10-02T16:50:53Z,219000811,54.881857,11.464872,7.3,Under way using engine
2026-10-02T16:51:13Z,219000809,54.916062,11.360033,0.1,Under way using engine
2026-10-02T16:51:23Z,219000811,54.882595,11.463682,7.3,Under way using engine
2026-10-02T16:51:24Z,219002177,54.916370,11.360542,0.0,Under way using engine
2026-10-02T16:51:43Z,219000809,54.916063,11.360028,0.1,Under way using engine
2026-10-02T16:51:54Z,219002177,54.916375,11.360562,0.1,Under way using engine
2026-10-02T16:52:00Z,219000811,54.883597,11.462297,7.5,Under way using engine
2026-10-02T16:52:13Z,219000809,54.916070,11.360043,0.0,Under way using engine
2026-10-02T16:52:24Z,219002177,54.916377,11.360563,0.1,Under way using engine
2026-10-02T16:52:40Z,219000811,54.884690,11.460783,7.5,Under way using engine
2026-10-02T16:52:43Z,219000809,54.916078,11.360048,0.1,Under way using engine
2026-10-02T16:52:54Z,219002177,54.916333,11.360842,2.0,Under way using engine
2026-10-02T16:53:13Z,219000809,54.915997,11.360045,0.1,Under way using engine
2026-10-02T16:53:19Z,219000811,54.885763,11.459308,7.6,Under way using engine
2026-10-02T16:53:24Z,219002177,54.916318,11.361683,4.3,Under way using engine
2026-10-02T16:53:43Z,219000809,54.916005,11.360040,0.0,Under way using engine
2026-10-02T16:53:49Z,219000811,54.886565,11.458173,7.5,Under way using engine
2026-10-02T16:53:54Z,219002177,54.916312,11.362942,5.9,Under way using engine
2026-10-02T16:54:13Z,219000809,54.916022,11.360023,0.0,Under way using engine
2026-10-02T16:54:19Z,219000811,54.887408,11.457017,7.5,Under way using engine
2026-10-02T16:54:24Z,219002177,54.916400,11.364497,6.8,Under way using engine
2026-10-02T16:54:43Z,219000809,54.916040,11.360047,0.0,Under way using engine
2026-10-02T16:54:49Z,219000811,54.888222,11.455912,7.5,Under way using engine
2026-10-02T16:54:54Z,219002177,54.916538,11.366210,7.3,Under way using engine
2026-10-02T16:55:13Z,219000809,54.916057,11.360057,0.0,Under way using engine
2026-10-02T16:55:20Z,219000811,54.888927,11.454532,7.4,Under way using engine
2026-10-02T16:55:24Z,219002177,54.916700,11.368007,7.6,Under way using engine
2026-10-02T16:55:44Z,219000809,54.916060,11.360073,0.0,Under way using engine
2026-10-02T16:55:54Z,219002177,54.916863,11.369847,7.7,Under way using engine
2026-10-02T16:56:00Z,219000811,54.889797,11.452613,7.5,Under way using engine
2026-10-02T16:56:23Z,219000809,54.916062,11.360080,0.0,Under way using engine
2026-10-02T16:56:24Z,219002177,54.917332,11.371360,7.2,Under way using engine
2026-10-02T16:56:40Z,219000811,54.890620,11.450727,7.4,Under way using engine
2026-10-02T16:56:53Z,219000809,54.916035,11.360065,0.0,Under way using engine
2026-10-02T16:56:54Z,219002177,54.918240,11.372013,7.3,Under way using engine
2026-10-02T16:57:20Z,219000811,54.891477,11.448852,7.4,Under way using engine
2026-10-02T16:57:24Z,219000809,54.915993,11.360390,3.2,Under way using engine
2026-10-02T16:57:24Z,219002177,54.919280,11.372012,7.6,Under way using engine
2026-10-02T16:57:50Z,219000811,54.892105,11.447450,7.4,Under way using engine
2026-10-02T16:57:54Z,219002177,54.920362,11.371982,7.8,Under way using engine
2026-10-02T16:58:04Z,219000809,54.916133,11.362278,7.4,Under way using engine
2026-10-02T16:58:20Z,219000811,54.892732,11.446037,7.4,Under way using engine
2026-10-02T16:58:24Z,219002177,54.921442,11.371850,8.0,Under way using engine
2026-10-02T16:58:34Z,219000809,54.916380,11.364273,8.7,Under way using engine
2026-10-02T16:58:50Z,219000811,54.893355,11.444625,7.4,Under way using engine
2026-10-02T16:58:54Z,219002177,54.922648,11.371737,8.2,Under way using engine
2026-10-02T16:59:04Z,219000809,54.916557,11.366422,9.1,Under way using engine
2026-10-02T16:59:20Z,219000811,54.894017,11.443193,7.4,Under way using engine
2026-10-02T16:59:25Z,219002177,54.923755,11.371592,8.3,Under way using engine
2026-10-02T16:59:34Z,219000809,54.916760,11.368607,9.3,Under way using engine
2026-10-02T16:59:50Z,219000811,54.894655,11.441815,7.4,Under way using engine
2026-10-02T17:00:04Z,219000809,54.916945,11.370827,9.2,Under way using engine
2026-10-02T17:00:04Z,219002177,54.925330,11.371445,8.3,Under way using engine
2026-10-02T17:00:25Z,219000811,54.895243,11.440507,7.4,Under way using engine
2026-10-02T17:00:34Z,219000809,54.916715,11.372972,9.0,Under way using engine
2026-10-02T17:00:34Z,219002177,54.926418,11.371297,8.2,Under way using engine
2026-10-02T17:01:00Z,219000811,54.896170,11.438512,7.4,Under way using engine
2026-10-02T17:01:04Z,219000809,54.916072,11.374860,9.2,Under way using engine
2026-10-02T17:01:14Z,219002177,54.927890,11.371047,8.2,Under way using engine
2026-10-02T17:01:30Z,219000811,54.896810,11.437155,7.4,Under way using engine
2026-10-02T17:01:44Z,219000809,54.915052,11.377303,9.5,Under way using engine
2026-10-02T17:01:44Z,219002177,54.929028,11.370872,8.3,Under way using engine
2026-10-02T17:02:09Z,219000811,54.897625,11.435312,7.4,Under way using engine
2026-10-02T17:02:14Z,219000809,54.914275,11.379140,9.6,Under way using engine
2026-10-02T17:02:14Z,219002177,54.930167,11.370663,8.3,Under way using engine
2026-10-02T17:02:39Z,219000811,54.898163,11.433827,7.4,Under way using engine
2026-10-02T17:02:44Z,219000809,54.913472,11.380983,9.5,Under way using engine
2026-10-02T17:02:44Z,219002177,54.931297,11.370493,8.1,Under way using engine
2026-10-02T17:03:09Z,219000811,54.898727,11.432280,7.4,Under way using engine
2026-10-02T17:03:14Z,219000809,54.912720,11.382855,9.6,Under way using engine
2026-10-02T17:03:14Z,219002177,54.932388,11.370507,7.7,Under way using engine
2026-10-02T17:03:39Z,219000811,54.899197,11.430788,7.4,Under way using engine
2026-10-02T17:03:44Z,219000809,54.911918,11.384707,9.6,Under way using engine
2026-10-02T17:03:54Z,219002177,54.933738,11.370673,6.8,Under way using engine
2026-10-02T17:04:09Z,219000811,54.899667,11.429152,7.4,Under way using engine
2026-10-02T17:04:14Z,219000809,54.911107,11.386545,9.6,Under way using engine
2026-10-02T17:04:25Z,219002177,54.934563,11.371005,5.8,Under way using engine
2026-10-02T17:04:39Z,219000811,54.900053,11.427500,7.4,Under way using engine
2026-10-02T17:04:54Z,219000809,54.910063,11.389045,9.7,Under way using engine
2026-10-02T17:05:03Z,219002177,54.935357,11.371478,3.9,Under way using engine
2026-10-02T17:05:19Z,219000811,54.900512,11.425315,7.4,Under way using engine
2026-10-02T17:05:33Z,219000809,54.909007,11.391445,9.6,Under way using engine
2026-10-02T17:05:34Z,219002177,54.935678,11.371705,1.8,Under way using engine
2026-10-02T17:05:49Z,219000811,54.900845,11.423528,7.5,Under way using engine
2026-10-02T17:06:03Z,219000809,54.908220,11.393298,9.6,Under way using engine
2026-10-02T17:06:14Z,219002177,54.935863,11.371912,1.0,Under way using engine
2026-10-02T17:06:20Z,219000811,54.901153,11.421762,7.5,Under way using engine
2026-10-02T17:06:33Z,219000809,54.907620,11.395275,9.0,Under way using engine
2026-10-02T17:06:53Z,219002177,54.935975,11.372023,0.2,Under way using engine
2026-10-02T17:06:58Z,219000811,54.901560,11.419578,7.5,Under way using engine
2026-10-02T17:07:03Z,219000809,54.907843,11.397288,8.6,Under way using engine
2026-10-02T17:07:25Z,219002177,54.935963,11.371988,0.0,Under way using engine
2026-10-02T17:07:29Z,219000811,54.901882,11.417785,7.6,Under way using engine
2026-10-02T17:07:33Z,219000809,54.908543,11.399037,9.1,Under way using engine
2026-10-02T17:08:03Z,219000809,54.909342,11.400743,9.1,Under way using engine
2026-10-02T17:08:03Z,219002177,54.935955,11.371965,0.0,Under way using engine
2026-10-02T17:08:09Z,219000811,54.902288,11.415432,7.6,Under way using engine
2026-10-02T17:08:33Z,219000809,54.910115,11.402490,9.1,Under way using engine
2026-10-02T17:08:34Z,219002177,54.935965,11.371973,0.0,Under way using engine
2026-10-02T17:08:49Z,219000811,54.902712,11.413035,7.7,Under way using engine
2026-10-02T17:09:03Z,219000809,54.910923,11.404182,9.1,Under way using engine
2026-10-02T17:09:15Z,219002177,54.935970,11.371980,0.0,Under way using engine
2026-10-02T17:09:20Z,219000811,54.903027,11.411267,7.7,Under way using engine
2026-10-02T17:09:33Z,219000809,54.911738,11.405857,9.2,Under way using engine
2026-10-02T17:09:53Z,219002177,54.935960,11.371950,0.0,Under way using engine
2026-10-02T17:09:58Z,219000811,54.903427,11.409012,7.7,Under way using engine
2026-10-02T17:10:04Z,219000809,54.912560,11.407642,9.2,Under way using engine
2026-10-02T17:10:24Z,219002177,54.935978,11.371992,0.0,Under way using engine
2026-10-02T17:10:29Z,219000811,54.903768,11.407115,7.7,Under way using engine
2026-10-02T17:10:39Z,219000809,54.913353,11.409245,9.2,Under way using engine
2026-10-02T17:11:04Z,219002177,54.935982,11.371992,0.0,Under way using engine
2026-10-02T17:11:09Z,219000811,54.904193,11.404755,7.7,Under way using engine
2026-10-02T17:11:13Z,219000809,54.914427,11.411593,9.3,Under way using engine
2026-10-02T17:11:34Z,219002177,54.935975,11.372020,0.0,Under way using engine
2026-10-02T17:11:43Z,219000809,54.915273,11.413262,9.3,Under way using engine
2026-10-02T17:11:49Z,219000811,54.904658,11.402470,7.6,Under way using engine
2026-10-02T17:12:04Z,219002177,54.935977,11.371997,0.0,Under way using engine
2026-10-02T17:12:13Z,219000809,54.916068,11.415032,9.3,Under way using engine
2026-10-02T17:12:20Z,219000811,54.904985,11.400692,7.6,Under way using engine
2026-10-02T17:12:34Z,219002177,54.935960,11.372018,0.0,Under way using engine
2026-10-02T17:12:43Z,219000809,54.916860,11.416747,9.2,Under way using engine
2026-10-02T17:12:59Z,219000811,54.905400,11.398435,7.6,Under way using engine
2026-10-02T17:13:04Z,219002177,54.935972,11.371998,0.0,Under way using engine
2026-10-02T17:13:13Z,219000809,54.917668,11.418522,9.4,Under way using engine
2026-10-02T17:13:29Z,219000811,54.905728,11.396740,7.5,Under way using engine
2026-10-02T17:13:34Z,219002177,54.935967,11.372035,0.0,Under way using engine
2026-10-02T17:13:43Z,219000809,54.918467,11.420313,9.3,Under way using engine
2026-10-02T17:13:59Z,219000811,54.906180,11.395015,7.5,Under way using engine
2026-10-02T17:14:04Z,219002177,54.935982,11.372033,0.1,Under way using engine
2026-10-02T17:14:13Z,219000809,54.919293,11.422077,9.4,Under way using engine
2026-10-02T17:14:29Z,219000811,54.906678,11.393537,7.4,Under way using engine
2026-10-02T17:14:34Z,219002177,54.935980,11.372013,0.0,Under way using engine
2026-10-02T17:14:43Z,219000809,54.920065,11.423852,9.3,Under way using engine
2026-10-02T17:14:59Z,219000811,54.907305,11.392033,7.5,Under way using engine
2026-10-02T17:15:04Z,219002177,54.935977,11.372018,0.0,Under way using engine
2026-10-02T17:15:13Z,219000809,54.920863,11.425620,9.5,Under way using engine
2026-10-02T17:15:29Z,219000811,54.907917,11.390635,7.4,Under way using engine
2026-10-02T17:15:34Z,219002177,54.935970,11.371993,0.3,Under way using engine
2026-10-02T17:15:43Z,219000809,54.921673,11.427433,9.4,Under way using engine
2026-10-02T17:15:59Z,219000811,54.908562,11.389187,7.4,Under way using engine
2026-10-02T17:16:13Z,219000809,54.922487,11.429192,9.5,Under way using engine
2026-10-02T17:16:14Z,219002177,54.935682,11.371828,2.8,Under way using engine
2026-10-02T17:16:29Z,219000811,54.909167,11.387835,7.4,Under way using engine
2026-10-02T17:16:43Z,219000809,54.923268,11.431000,9.2,Under way using engine
2026-10-02T17:16:45Z,219002177,54.935163,11.371465,4.5,Under way using engine
2026-10-02T17:16:59Z,219000811,54.909808,11.386395,7.4,Under way using engine
2026-10-02T17:17:14Z,219000809,54.924100,11.432780,9.4,Under way using engine
2026-10-02T17:17:24Z,219002177,54.934268,11.370942,5.6,Under way using engine
2026-10-02T17:17:29Z,219000811,54.910443,11.385002,7.4,Under way using engine
2026-10-02T17:17:54Z,219000809,54.925162,11.435198,9.4,Under way using engine
2026-10-02T17:17:54Z,219002177,54.933433,11.370868,5.9,Under way using engine
2026-10-02T17:18:08Z,219000811,54.911285,11.383160,7.5,Under way using engine
2026-10-02T17:18:24Z,219002177,54.932623,11.370910,6.2,Under way using engine
2026-10-02T17:18:33Z,219000809,54.926212,11.437473,9.3,Under way using engine
2026-10-02T17:18:39Z,219000811,54.911960,11.381653,7.5,Under way using engine
2026-10-02T17:18:54Z,219002177,54.931718,11.370925,6.4,Under way using engine
2026-10-02T17:19:04Z,219000809,54.927023,11.439323,9.4,Under way using engine
2026-10-02T17:19:18Z,219000811,54.912802,11.379825,7.5,Under way using engine
2026-10-02T17:19:24Z,219002177,54.930858,11.371043,6.5,Under way using engine
2026-10-02T17:19:43Z,219000809,54.928082,11.441617,9.4,Under way using engine
2026-10-02T17:19:50Z,219000811,54.913475,11.378383,7.5,Under way using engine
2026-10-02T17:19:54Z,219002177,54.929928,11.371212,6.6,Under way using engine
2026-10-02T17:20:14Z,219000809,54.928913,11.443455,9.3,Under way using engine
2026-10-02T17:20:24Z,219002177,54.929042,11.371360,6.7,Under way using engine
2026-10-02T17:20:30Z,219000811,54.914382,11.376502,7.6,Under way using engine
2026-10-02T17:20:54Z,219000809,54.929982,11.445768,9.2,Under way using engine
2026-10-02T17:20:54Z,219002177,54.928097,11.371523,6.7,Under way using engine
2026-10-02T17:21:09Z,219000811,54.915253,11.374688,7.5,Under way using engine
2026-10-02T17:21:24Z,219002177,54.927203,11.371682,6.7,Under way using engine
2026-10-02T17:21:33Z,219000809,54.931002,11.447947,9.4,Under way using engine
2026-10-02T17:21:50Z,219000811,54.916138,11.372748,7.5,Under way using engine
2026-10-02T17:21:54Z,219002177,54.926235,11.371865,6.8,Under way using engine
2026-10-02T17:22:04Z,219000809,54.931802,11.449833,9.4,Under way using engine
2026-10-02T17:22:22Z,219000811,54.916568,11.370963,7.4,Under way using engine
2026-10-02T17:22:24Z,219002177,54.925360,11.372050,6.7,Under way using engine
2026-10-02T17:22:37Z,219000809,54.932603,11.451572,9.4,Under way using engine
2026-10-02T17:22:53Z,219000811,54.916673,11.369190,7.5,Under way using engine
2026-10-02T17:22:54Z,219002177,54.924395,11.372205,6.7,Under way using engine
2026-10-02T17:23:14Z,219000809,54.933535,11.454193,9.3,Under way using engine
2026-10-02T17:23:24Z,219002177,54.923500,11.372357,6.7,Under way using engine
2026-10-02T17:23:30Z,219000811,54.916645,11.366947,7.6,Under way using engine
2026-10-02T17:23:44Z,219000809,54.934163,11.456137,9.3,Under way using engine
2026-10-02T17:23:55Z,219002177,54.922543,11.372522,6.7,Under way using engine
2026-10-02T17:24:09Z,219000811,54.916518,11.364668,7.0,Under way using engine
2026-10-02T17:24:14Z,219000809,54.934822,11.458085,9.2,Under way using engine
2026-10-02T17:24:35Z,219002177,54.921318,11.372538,6.5,Under way using engine
2026-10-02T17:24:44Z,219000809,54.935435,11.460028,9.3,Under way using engine
2026-10-02T17:24:50Z,219000811,54.916410,11.362517,6.5,Under way using engine
2026-10-02T17:25:05Z,219002177,54.920440,11.372332,6.4,Under way using engine
2026-10-02T17:25:14Z,219000809,54.936065,11.461985,9.3,Under way using engine
2026-10-02T17:25:26Z,219000811,54.916267,11.361248,4.2,Under way using engine
2026-10-02T17:25:35Z,219002177,54.919563,11.372152,6.4,Under way using engine
2026-10-02T17:25:44Z,219000809,54.936688,11.463928,9.3,Under way using engine
2026-10-02T17:25:56Z,219000811,54.916073,11.360718,2.3,Under way using engine
2026-10-02T17:26:05Z,219002177,54.918698,11.371995,6.3,Under way using engine
2026-10-02T17:26:14Z,219000809,54.937293,11.465888,9.2,Under way using engine
2026-10-02T17:26:26Z,219000811,54.916003,11.360782,0.6,Under way using engine
2026-10-02T17:26:35Z,219002177,54.917862,11.371668,6.2,Under way using engine
2026-10-02T17:26:44Z,219000809,54.937877,11.467857,9.2,Under way using engine
2026-10-02T17:26:56Z,219000811,54.916013,11.360798,0.3,Under way using engine
2026-10-02T17:27:05Z,219002177,54.917137,11.371023,5.7,Under way using engine
2026-10-02T17:27:14Z,219000809,54.938437,11.469835,9.2,Under way using engine
2026-10-02T17:27:26Z,219000811,54.916010,11.360398,1.6,Under way using engine
2026-10-02T17:27:35Z,219002177,54.916865,11.369788,5.5,Under way using engine
2026-10-02T17:27:44Z,219000809,54.938997,11.471837,9.2,Under way using engine
2026-10-02T17:27:59Z,219000811,54.916043,11.360088,1.1,Under way using engine
2026-10-02T17:28:05Z,219002177,54.916772,11.368398,6.0,Under way using engine
2026-10-02T17:28:14Z,219000809,54.939585,11.473823,9.2,Under way using engine
2026-10-02T17:28:30Z,219000811,54.916052,11.360013,0.3,Under way using engine
2026-10-02T17:28:44Z,219000809,54.940307,11.475605,9.1,Under way using engine
2026-10-02T17:28:44Z,219002177,54.916640,11.366490,6.1,Under way using engine
2026-10-02T17:29:09Z,219000811,54.916057,11.359977,0.1,Under way using engine
2026-10-02T17:29:14Z,219000809,54.941178,11.477257,9.4,Under way using engine
2026-10-02T17:29:14Z,219002177,54.916542,11.365087,5.7,Under way using engine
2026-10-02T17:29:39Z,219000811,54.916057,11.359975,0.0,Under way using engine
2026-10-02T17:29:44Z,219000809,54.941998,11.479005,9.3,Under way using engine
2026-10-02T17:29:44Z,219002177,54.916425,11.363783,5.3,Under way using engine
2026-10-02T17:30:10Z,219000811,54.916057,11.359972,0.1,Under way using engine
2026-10-02T17:30:14Z,219000809,54.942925,11.480558,9.3,Under way using engine
2026-10-02T17:30:14Z,219002177,54.916333,11.362552,5.0,Under way using engine
2026-10-02T17:30:44Z,219000809,54.944102,11.481312,9.1,Under way using engine
2026-10-02T17:30:44Z,219002177,54.916342,11.361595,3.2,Under way using engine
2026-10-02T17:30:49Z,219000811,54.916058,11.359972,0.0,Under way using engine
2026-10-02T17:31:14Z,219000809,54.945325,11.481820,9.1,Under way using engine
2026-10-02T17:31:14Z,219002177,54.916365,11.361082,1.7,Under way using engine
2026-10-02T17:31:20Z,219000811,54.916060,11.359972,0.0,Under way using engine
2026-10-02T17:31:44Z,219000809,54.946557,11.482320,9.2,Under way using engine
2026-10-02T17:31:44Z,219002177,54.916368,11.360797,1.0,Under way using engine
2026-10-02T17:31:59Z,219000811,54.916062,11.359973,0.0,Under way using engine
2026-10-02T17:32:14Z,219000809,54.947782,11.482850,9.2,Under way using engine
2026-10-02T17:32:14Z,219002177,54.916357,11.360592,0.8,Under way using engine
2026-10-02T17:32:30Z,219000811,54.916062,11.359975,0.0,Under way using engine
2026-10-02T17:32:44Z,219002177,54.916360,11.360555,0.0,Under way using engine
2026-10-02T17:32:53Z,219000809,54.949380,11.483663,9.2,Under way using engine
2026-10-02T17:33:10Z,219000811,54.916060,11.359980,0.0,Under way using engine
2026-10-02T17:33:15Z,219002177,54.916357,11.360560,0.0,Under way using engine
2026-10-02T17:33:24Z,219000809,54.950662,11.484267,9.3,Under way using engine
2026-10-02T17:33:49Z,219000811,54.916057,11.359983,0.0,Under way using engine
2026-10-02T17:33:54Z,219002177,54.916355,11.360565,0.0,Under way using engine
2026-10-02T17:34:04Z,219000809,54.952287,11.485152,9.2,Under way using engine
2026-10-02T17:34:20Z,219000811,54.916057,11.359983,0.0,Under way using engine
2026-10-02T17:34:24Z,219002177,54.916360,11.360565,0.0,Under way using engine
2026-10-02T17:34:37Z,219000809,54.953470,11.485748,9.3,Under way using engine
2026-10-02T17:34:54Z,219002177,54.916362,11.360565,0.0,Under way using engine
2026-10-02T17:34:59Z,219000811,54.916057,11.359982,0.0,Under way using engine
2026-10-02T17:35:14Z,219000809,54.955155,11.486557,9.2,Under way using engine
2026-10-02T17:35:24Z,219002177,54.916360,11.360555,0.0,Under way using engine
2026-10-02T17:35:30Z,219000811,54.916055,11.359983,0.0,Under way using engine
2026-10-02T17:35:53Z,219000809,54.956723,11.487320,9.0,Under way using engine
2026-10-02T17:35:54Z,219002177,54.916357,11.360538,0.0,Under way using engine
2026-10-02T17:36:09Z,219000811,54.916052,11.359985,0.0,Under way using engine
2026-10-02T17:36:24Z,219000809,54.957987,11.487912,9.2,Under way using engine
2026-10-02T17:36:24Z,219002177,54.916362,11.360540,0.0,Under way using engine
2026-10-02T17:36:40Z,219000811,54.916048,11.359985,0.0,Under way using engine
2026-10-02T17:36:54Z,219002177,54.916353,11.360538,0.0,Under way using engine
2026-10-02T17:37:04Z,219000809,54.959630,11.488728,9.2,Under way using engine
2026-10-02T17:37:19Z,219000811,54.916045,11.359978,0.0,Under way using engine
2026-10-02T17:37:24Z,219002177,54.916353,11.360542,0.0,Under way using engine
2026-10-02T17:37:43Z,219000809,54.961160,11.489767,9.2,Under way using engine
2026-10-02T17:37:50Z,219000811,54.916047,11.359977,0.0,Under way using engine
2026-10-02T17:37:54Z,219002177,54.916360,11.360543,0.0,Under way using engine
2026-10-02T17:38:13Z,219000809,54.962252,11.490935,9.2,Under way using engine
2026-10-02T17:38:24Z,219002177,54.916355,11.360553,0.0,Under way using engine
2026-10-02T17:38:30Z,219000811,54.916050,11.359975,0.0,Under way using engine
2026-10-02T17:38:43Z,219000809,54.963318,11.492140,9.2,Under way using engine
2026-10-02T17:38:54Z,219002177,54.916357,11.360558,0.0,Under way using engine
2026-10-02T17:39:09Z,219000811,54.916055,11.359973,0.0,Under way using engine
2026-10-02T17:39:13Z,219000809,54.964400,11.493352,9.3,Under way using engine
2026-10-02T17:39:34Z,219002177,54.916357,11.360557,0.0,Under way using engine
2026-10-02T17:39:40Z,219000811,54.916060,11.359973,0.0,Under way using engine
2026-10-02T17:39:43Z,219000809,54.965488,11.494553,9.3,Under way using engine
2026-10-02T17:40:04Z,219002177,54.916350,11.360553,0.0,Under way using engine
2026-10-02T17:40:13Z,219000809,54.966602,11.495795,9.6,Under way using engine
2026-10-02T17:40:19Z,219000811,54.916038,11.360323,1.5,Under way using engine
2026-10-02T17:40:34Z,219002177,54.916353,11.360545,0.0,Under way using engine
2026-10-02T17:40:43Z,219000809,54.967697,11.497023,9.4,Under way using engine
2026-10-02T17:40:50Z,219000811,54.916053,11.361103,3.2,Under way using engine
2026-10-02T17:41:04Z,219002177,54.916352,11.360553,0.0,Under way using engine
2026-10-02T17:41:13Z,219000809,54.968815,11.498238,9.6,Under way using engine
2026-10-02T17:41:26Z,219000811,54.916203,11.362548,5.3,Under way using engine
2026-10-02T17:41:34Z,219002177,54.916357,11.360558,0.0,Under way using engine
2026-10-02T17:41:43Z,219000809,54.969910,11.499497,9.4,Under way using engine
2026-10-02T17:42:00Z,219000811,54.916337,11.364440,7.0,Under way using engine
2026-10-02T17:42:04Z,219002177,54.916358,11.360558,0.0,Under way using engine
2026-10-02T17:42:13Z,219000809,54.970928,11.500923,9.4,Under way using engine
2026-10-02T17:42:30Z,219000811,54.916463,11.366233,7.5,Under way using engine
2026-10-02T17:42:43Z,219000809,54.971870,11.502488,9.3,Under way using engine
2026-10-02T17:42:45Z,219002177,54.916372,11.360562,0.0,Under way using engine
2026-10-02T17:43:00Z,219000811,54.916610,11.368003,7.6,Under way using engine
2026-10-02T17:43:13Z,219000809,54.972348,11.504477,9.0,Under way using engine
2026-10-02T17:43:15Z,219002177,54.916372,11.360548,0.0,Under way using engine
2026-10-02T17:43:39Z,219000811,54.916750,11.370393,7.6,Under way using engine
2026-10-02T17:43:43Z,219000809,54.972357,11.506585,8.7,Under way using engine
2026-10-02T17:43:45Z,219002177,54.916365,11.360552,0.0,Under way using engine
2026-10-02T17:44:09Z,219000811,54.916495,11.372067,7.0,Under way using engine
2026-10-02T17:44:13Z,219000809,54.972207,11.508677,8.7,Under way using engine
2026-10-02T17:44:15Z,219002177,54.916353,11.360563,0.0,Under way using engine
2026-10-02T17:44:39Z,219000811,54.915962,11.373587,7.4,Under way using engine
2026-10-02T17:44:44Z,219000809,54.972092,11.510758,8.1,Under way using engine
2026-10-02T17:44:45Z,219002177,54.916358,11.360558,0.0,Under way using engine
2026-10-02T17:45:09Z,219000811,54.915433,11.375072,7.5,Under way using engine
2026-10-02T17:45:14Z,219000809,54.971900,11.512377,6.2,Under way using engine
2026-10-02T17:45:15Z,219002177,54.916367,11.360553,0.0,Under way using engine
2026-10-02T17:45:39Z,219000811,54.914770,11.376558,7.6,Under way using engine
2026-10-02T17:45:44Z,219000809,54.971890,11.513452,3.8,Under way using engine
2026-10-02T17:45:45Z,219002177,54.916363,11.360545,0.0,Under way using engine
2026-10-02T17:46:10Z,219000811,54.913995,11.377983,7.6,Under way using engine
2026-10-02T17:46:14Z,219000809,54.971892,11.514140,2.4,Under way using engine
2026-10-02T17:46:24Z,219002177,54.916362,11.360537,0.0,Under way using engine
2026-10-02T17:46:44Z,219000809,54.971902,11.514532,1.2,Under way using engine
2026-10-02T17:46:50Z,219000811,54.913033,11.379765,7.7,Under way using engine
2026-10-02T17:46:55Z,219002177,54.916362,11.360548,0.0,Under way using engine
2026-10-02T17:47:14Z,219000809,54.971903,11.514592,0.1,Under way using engine
2026-10-02T17:47:28Z,219000811,54.912075,11.381453,7.8,Under way using engine
2026-10-02T17:47:34Z,219002177,54.916355,11.360550,0.0,Under way using engine
2026-10-02T17:47:44Z,219000809,54.971905,11.514580,0.0,Under way using engine
2026-10-02T17:48:00Z,219000811,54.911248,11.382937,7.9,Under way using engine
2026-10-02T17:48:04Z,219002177,54.916357,11.360555,0.0,Under way using engine
2026-10-02T17:48:14Z,219000809,54.971905,11.514580,0.0,Under way using engine
2026-10-02T17:48:34Z,219002177,54.916365,11.360547,0.0,Under way using engine
2026-10-02T17:48:39Z,219000811,54.910260,11.384672,7.9,Under way using engine
2026-10-02T17:48:44Z,219000809,54.971897,11.514572,0.1,Under way using engine
2026-10-02T17:49:04Z,219002177,54.916360,11.360537,0.0,Under way using engine
2026-10-02T17:49:10Z,219000811,54.909463,11.386068,8.0,Under way using engine
2026-10-02T17:49:14Z,219000809,54.971907,11.514100,2.8,Under way using engine
2026-10-02T17:49:34Z,219002177,54.916358,11.360542,0.0,Under way using engine
2026-10-02T17:49:44Z,219000809,54.971808,11.513223,3.6,Under way using engine
2026-10-02T17:49:50Z,219000811,54.908437,11.387902,8.0,Under way using engine
2026-10-02T17:50:04Z,219002177,54.916355,11.360652,1.3,Under way using engine
2026-10-02T17:50:14Z,219000809,54.971820,11.512917,1.5,Under way using engine
2026-10-02T17:50:29Z,219000811,54.907412,11.389705,8.0,Under way using engine
2026-10-02T17:50:34Z,219002177,54.916337,11.361492,4.4,Under way using engine
2026-10-02T17:50:44Z,219000809,54.971925,11.511727,6.6,Under way using engine
2026-10-02T17:51:00Z,219000811,54.906653,11.391153,8.0,Under way using engine
2026-10-02T17:51:04Z,219002177,54.916365,11.362805,5.9,Under way using engine
2026-10-02T17:51:14Z,219000809,54.972110,11.509808,8.5,Under way using engine
2026-10-02T17:51:33Z,219000811,54.906060,11.393012,7.8,Under way using engine
2026-10-02T17:51:34Z,219002177,54.916443,11.364353,6.7,Under way using engine
2026-10-02T17:51:44Z,219000809,54.972312,11.507685,8.9,Under way using engine
2026-10-02T17:52:03Z,219000811,54.905740,11.394817,7.9,Under way using engine
2026-10-02T17:52:04Z,219002177,54.916597,11.366038,7.2,Under way using engine
2026-10-02T17:52:14Z,219000809,54.972257,11.505553,8.9,Under way using engine
2026-10-02T17:52:34Z,219002177,54.916735,11.367798,7.4,Under way using engine
2026-10-02T17:52:39Z,219000811,54.905418,11.397025,7.9,Under way using engine
2026-10-02T17:52:44Z,219000809,54.971712,11.503575,9.3,Under way using engine
2026-10-02T17:53:04Z,219002177,54.916902,11.369603,7.6,Under way using engine
2026-10-02T17:53:10Z,219000811,54.905157,11.398987,7.9,Under way using engine
2026-10-02T17:53:14Z,219000809,54.970948,11.501717,9.5,Under way using engine
2026-10-02T17:53:34Z,219002177,54.917295,11.371137,6.5,Under way using engine
2026-10-02T17:53:44Z,219000809,54.970200,11.499880,9.4,Under way using engine
2026-10-02T17:53:50Z,219000811,54.904880,11.401413,7.8,Under way using engine
2026-10-02T17:54:04Z,219002177,54.918130,11.371362,6.5,Under way using engine
2026-10-02T17:54:14Z,219000809,54.969402,11.498085,9.4,Under way using engine
2026-10-02T17:54:29Z,219000811,54.904612,11.403887,7.7,Under way using engine
2026-10-02T17:54:34Z,219002177,54.919097,11.371323,7.2,Under way using engine
2026-10-02T17:54:44Z,219000809,54.968585,11.496313,9.4,Under way using engine
2026-10-02T17:55:04Z,219002177,54.920130,11.371278,7.6,Under way using engine
2026-10-02T17:55:10Z,219000811,54.904372,11.406340,7.7,Under way using engine
2026-10-02T17:55:14Z,219000809,54.967815,11.494503,9.4,Under way using engine
2026-10-02T17:55:34Z,219002177,54.921210,11.371237,7.9,Under way using engine
2026-10-02T17:55:44Z,219000809,54.966992,11.492747,9.4,Under way using engine
2026-10-02T17:55:50Z,219000811,54.904148,11.408778,7.7,Under way using engine
2026-10-02T17:56:04Z,219002177,54.922335,11.371168,8.2,Under way using engine
2026-10-02T17:56:23Z,219000809,54.965963,11.490400,9.3,Under way using engine
2026-10-02T17:56:30Z,219000811,54.903930,11.411163,7.7,Under way using engine
2026-10-02T17:56:34Z,219002177,54.923478,11.371118,8.3,Under way using engine
2026-10-02T17:56:54Z,219000809,54.965168,11.488547,9.3,Under way using engine
2026-10-02T17:57:00Z,219000811,54.903753,11.413048,7.7,Under way using engine
2026-10-02T17:57:04Z,219002177,54.924620,11.371097,8.2,Under way using engine
2026-10-02T17:57:30Z,219000811,54.903592,11.414882,7.7,Under way using engine
2026-10-02T17:57:34Z,219000809,54.964002,11.486368,9.2,Under way using engine
2026-10-02T17:57:34Z,219002177,54.925762,11.371117,8.2,Under way using engine
2026-10-02T17:58:00Z,219000811,54.903408,11.416718,7.7,Under way using engine
2026-10-02T17:58:04Z,219000809,54.962802,11.485563,9.4,Under way using engine
2026-10-02T17:58:04Z,219002177,54.926902,11.371183,8.3,Under way using engine
2026-10-02T17:58:30Z,219000811,54.903188,11.418528,7.8,Under way using engine
2026-10-02T17:58:34Z,219000809,54.961518,11.484910,9.7,Under way using engine
2026-10-02T17:58:34Z,219002177,54.928047,11.371242,8.3,Under way using engine
2026-10-02T17:59:00Z,219000811,54.902940,11.420353,7.8,Under way using engine
2026-10-02T17:59:04Z,219000809,54.960220,11.484368,9.6,Under way using engine
2026-10-02T17:59:04Z,219002177,54.929205,11.371310,8.4,Under way using engine
2026-10-02T17:59:30Z,219000811,54.902692,11.422170,7.8,Under way using engine
2026-10-02T17:59:34Z,219000809,54.958900,11.483992,9.6,Under way using engine
2026-10-02T17:59:34Z,219002177,54.930365,11.371375,8.3,Under way using engine
2026-10-02T18:00:00Z,219000811,54.902355,11.423963,7.6,Under way using engine
2026-10-02T18:00:04Z,219000809,54.957585,11.483650,9.6,Under way using engine
2026-10-02T18:00:04Z,219002177,54.931515,11.371485,8.3,Under way using engine
2026-10-02T18:00:33Z,219000811,54.901718,11.425570,7.7,Under way using engine
2026-10-02T18:00:34Z,219000809,54.956277,11.483227,9.6,Under way using engine
2026-10-02T18:00:34Z,219002177,54.932662,11.371592,8.3,Under way using engine
2026-10-02T18:01:04Z,219000809,54.954955,11.482830,9.7,Under way using engine
2026-10-02T18:01:04Z,219002177,54.933775,11.371617,7.7,Under way using engine
2026-10-02T18:01:09Z,219000811,54.900932,11.427490,7.8,Under way using engine
2026-10-02T18:01:34Z,219000809,54.953640,11.482560,9.5,Under way using engine
2026-10-02T18:01:34Z,219002177,54.934742,11.371472,6.4,Under way using engine
2026-10-02T18:01:39Z,219000811,54.900298,11.428987,7.8,Under way using engine
2026-10-02T18:02:04Z,219000809,54.952313,11.482395,9.6,Under way using engine
2026-10-02T18:02:04Z,219002177,54.935455,11.371577,4.5,Under way using engine
2026-10-02T18:02:09Z,219000811,54.899663,11.430515,7.9,Under way using engine
2026-10-02T18:02:34Z,219000809,54.951007,11.482230,9.5,Under way using engine
2026-10-02T18:02:35Z,219002177,54.935852,11.371863,2.0,Under way using engine
2026-10-02T18:02:39Z,219000811,54.899018,11.432027,7.9,Under way using engine
2026-10-02T18:03:04Z,219000809,54.949698,11.482050,9.5,Under way using engine
2026-10-02T18:03:09Z,219000811,54.898353,11.433610,7.9,Under way using engine
2026-10-02T18:03:15Z,219002177,54.935975,11.371995,0.2,Under way using engine
2026-10-02T18:03:34Z,219000809,54.948393,11.481822,9.5,Under way using engine
2026-10-02T18:03:39Z,219000811,54.897700,11.435125,7.9,Under way using engine
2026-10-02T18:03:54Z,219002177,54.935970,11.372007,0.0,Under way using engine
2026-10-02T18:04:04Z,219000809,54.947093,11.481630,9.4,Under way using engine
2026-10-02T18:04:09Z,219000811,54.897038,11.436690,7.9,Under way using engine
2026-10-02T18:04:34Z,219000809,54.945798,11.481405,9.4,Under way using engine
2026-10-02T18:04:35Z,219002177,54.935980,11.371992,0.0,Under way using engine
2026-10-02T18:04:39Z,219000811,54.896408,11.438145,7.9,Under way using engine
2026-10-02T18:05:04Z,219000809,54.944513,11.481195,9.3,Under way using engine
2026-10-02T18:05:09Z,219000811,54.895737,11.439703,7.9,Under way using engine
2026-10-02T18:05:15Z,219002177,54.935980,11.371987,0.0,Under way using engine
2026-10-02T18:05:39Z,219000811,54.895083,11.441120,7.9,Under way using engine
2026-10-02T18:05:44Z,219000809,54.942805,11.480868,9.2,Under way using engine
2026-10-02T18:05:54Z,219002177,54.935973,11.371993,0.0,Under way using engine
2026-10-02T18:06:09Z,219000811,54.894335,11.442668,7.9,Under way using engine
2026-10-02T18:06:23Z,219000809,54.941640,11.479188,8.6,Under way using engine
2026-10-02T18:06:24Z,219002177,54.935957,11.372005,0.0,Under way using engine
2026-10-02T18:06:39Z,219000811,54.893635,11.444130,7.9,Under way using engine
2026-10-02T18:06:53Z,219000809,54.940913,11.477567,8.9,Under way using engine
2026-10-02T18:06:54Z,219002177,54.935962,11.372002,0.0,Under way using engine
2026-10-02T18:07:09Z,219000811,54.892950,11.445520,7.9,Under way using engine
2026-10-02T18:07:23Z,219000809,54.940115,11.475835,8.9,Under way using engine
2026-10-02T18:07:24Z,219002177,54.935973,11.371990,0.0,Under way using engine
2026-10-02T18:07:39Z,219000811,54.892228,11.446998,7.9,Under way using engine
2026-10-02T18:07:53Z,219000809,54.939533,11.474043,8.9,Under way using engine
2026-10-02T18:07:55Z,219002177,54.935980,11.371980,0.0,Under way using engine
2026-10-02T18:08:09Z,219000811,54.891525,11.448442,7.9,Under way using engine
2026-10-02T18:08:23Z,219000809,54.939022,11.471988,9.0,Under way using engine
2026-10-02T18:08:35Z,219002177,54.935982,11.371983,0.0,Under way using engine
2026-10-02T18:08:39Z,219000811,54.890787,11.449917,7.9,Under way using engine
2026-10-02T18:08:53Z,219000809,54.938483,11.470100,9.0,Under way using engine
2026-10-02T18:09:09Z,219000811,54.890098,11.451338,7.9,Under way using engine
2026-10-02T18:09:14Z,219002177,54.935975,11.371982,0.0,Under way using engine
2026-10-02T18:09:23Z,219000809,54.937935,11.468065,9.1,Under way using engine
2026-10-02T18:09:39Z,219000811,54.889382,11.452763,7.9,Under way using engine
2026-10-02T18:09:44Z,219002177,54.935978,11.371977,0.0,Under way using engine
2026-10-02T18:09:53Z,219000809,54.937387,11.466188,9.1,Under way using engine
2026-10-02T18:10:09Z,219000811,54.888658,11.454237,7.9,Under way using engine
2026-10-02T18:10:14Z,219002177,54.935970,11.371987,0.0,Under way using engine
2026-10-02T18:10:23Z,219000809,54.936823,11.464122,9.2,Under way using engine
2026-10-02T18:10:40Z,219000811,54.887900,11.455625,7.8,Under way using engine
2026-10-02T18:10:44Z,219002177,54.935967,11.371973,0.0,Under way using engine
2026-10-02T18:10:54Z,219000809,54.936245,11.462053,9.2,Under way using engine
2026-10-02T18:11:14Z,219002177,54.935970,11.371973,0.0,Under way using engine
2026-10-02T18:11:19Z,219000811,54.886860,11.457327,7.8,Under way using engine
2026-10-02T18:11:33Z,219000809,54.935490,11.459453,9.3,Under way using engine
2026-10-02T18:11:44Z,219002177,54.935963,11.371980,0.0,Under way using engine
2026-10-02T18:11:50Z,219000811,54.886100,11.458618,7.8,Under way using engine
2026-10-02T18:12:04Z,219000809,54.934880,11.457393,9.3,Under way using engine
2026-10-02T18:12:14Z,219002177,54.935973,11.371987,0.0,Under way using engine
2026-10-02T18:12:23Z,219000811,54.885325,11.459905,7.8,Under way using engine
2026-10-02T18:12:44Z,219000809,54.934102,11.454703,9.4,Under way using engine
2026-10-02T18:12:55Z,219002177,54.935965,11.372002,0.0,Under way using engine
2026-10-02T18:13:00Z,219000811,54.884302,11.461672,7.8,Under way using engine
2026-10-02T18:13:23Z,219000809,54.933328,11.452080,9.4,Under way using engine
2026-10-02T18:13:34Z,219002177,54.935968,11.372015,0.0,Under way using engine
2026-10-02T18:13:40Z,219000811,54.883253,11.463443,7.8,Under way using engine
2026-10-02T18:13:54Z,219000809,54.932523,11.450237,9.3,Under way using engine
2026-10-02T18:14:14Z,219002177,54.935965,11.372020,0.0,Under way using engine
2026-10-02T18:14:20Z,219000811,54.882233,11.465193,7.8,Under way using engine
2026-10-02T18:14:34Z,219000809,54.931487,11.447960,9.4,Under way using engine
2026-10-02T18:14:55Z,219002177,54.935975,11.372005,0.0,Under way using engine
2026-10-02T18:14:58Z,219000811,54.881222,11.466890,7.8,Under way using engine
2026-10-02T18:15:04Z,219000809,54.930600,11.446223,9.3,Under way using engine
2026-10-02T18:15:29Z,219000811,54.880633,11.468483,7.6,Under way using engine
2026-10-02T18:15:34Z,219000809,54.929815,11.444603,9.2,Under way using engine
2026-10-02T18:15:34Z,219002177,54.935970,11.372020,0.0,Under way using engine
2026-10-02T18:16:04Z,219000809,54.928955,11.442810,9.4,Under way using engine
2026-10-02T18:16:05Z,219002177,54.935885,11.371927,1.4,Under way using engine
2026-10-02T18:16:06Z,219000811,54.880093,11.470552,7.7,Under way using engine
2026-10-02T18:16:34Z,219000809,54.928142,11.441145,9.4,Under way using engine
2026-10-02T18:16:36Z,219000811,54.879855,11.472308,7.6,Under way using engine
2026-10-02T18:16:44Z,219002177,54.935333,11.371577,4.4,Under way using engine
2026-10-02T18:17:04Z,219000809,54.927265,11.439353,9.3,Under way using engine
2026-10-02T18:17:06Z,219000811,54.879798,11.474170,7.5,Under way using engine
2026-10-02T18:17:14Z,219002177,54.934638,11.371148,5.4,Under way using engine
2026-10-02T18:17:34Z,219000809,54.926465,11.437687,9.4,Under way using engine
2026-10-02T18:17:40Z,219000811,54.879787,11.476220,7.6,Under way using engine
2026-10-02T18:17:44Z,219002177,54.933808,11.371173,6.4,Under way using engine
2026-10-02T18:18:04Z,219000809,54.925592,11.435883,9.5,Under way using engine
2026-10-02T18:18:14Z,219002177,54.932835,11.371097,7.3,Under way using engine
2026-10-02T18:18:19Z,219000811,54.879783,11.478582,7.5,Under way using engine
2026-10-02T18:18:34Z,219000809,54.924782,11.434208,9.4,Under way using engine
2026-10-02T18:18:44Z,219002177,54.931788,11.371047,7.7,Under way using engine
2026-10-02T18:18:49Z,219000811,54.879782,11.480337,7.2,Under way using engine
2026-10-02T18:19:04Z,219000809,54.923895,11.432433,9.4,Under way using engine
2026-10-02T18:19:14Z,219002177,54.930685,11.370985,7.9,Under way using engine
2026-10-02T18:19:19Z,219000811,54.879870,11.482028,6.9,Under way using engine
2026-10-02T18:19:34Z,219000809,54.923108,11.430778,9.1,Under way using engine
2026-10-02T18:19:44Z,219002177,54.929580,11.371055,8.0,Under way using engine
2026-10-02T18:19:49Z,219000811,54.880270,11.483417,6.7,Under way using engine
2026-10-02T18:20:04Z,219000809,54.922275,11.428968,9.5,Under way using engine
2026-10-02T18:20:14Z,219002177,54.928458,11.371127,8.1,Under way using engine
2026-10-02T18:20:19Z,219000811,54.881085,11.483717,6.2,Under way using engine
2026-10-02T18:20:34Z,219000809,54.921462,11.427287,9.3,Under way using engine
2026-10-02T18:20:44Z,219002177,54.927348,11.371207,8.1,Under way using engine
2026-10-02T18:20:49Z,219000811,54.881963,11.483453,6.3,Under way using engine
2026-10-02T18:21:04Z,219000809,54.920593,11.425507,9.4,Under way using engine
2026-10-02T18:21:14Z,219002177,54.926215,11.371267,8.1,Under way using engine
2026-10-02T18:21:19Z,219000811,54.882808,11.483295,6.0,Under way using engine
2026-10-02T18:21:44Z,219000809,54.919502,11.423278,9.3,Under way using engine
2026-10-02T18:21:44Z,219002177,54.925095,11.371342,8.1,Under way using engine
2026-10-02T18:21:49Z,219000811,54.883482,11.483292,4.9,Under way using engine
2026-10-02T18:22:14Z,219000809,54.918663,11.421468,9.4,Under way using engine
2026-10-02T18:22:15Z,219002177,54.923957,11.371515,8.0,Under way using engine
2026-10-02T18:22:19Z,219000811,54.883975,11.483292,3.4,Under way using engine
2026-10-02T18:22:44Z,219000809,54.917833,11.419822,9.4,Under way using engine
2026-10-02T18:22:45Z,219002177,54.922853,11.371705,8.0,Under way using engine
2026-10-02T18:22:49Z,219000811,54.884242,11.483287,1.8,Under way using engine
2026-10-02T18:23:14Z,219000809,54.916993,11.418015,9.4,Under way using engine
2026-10-02T18:23:19Z,219000811,54.884297,11.483280,0.3,Under way using engine
2026-10-02T18:23:24Z,219002177,54.921428,11.371913,7.8,Under way using engine
2026-10-02T18:23:44Z,219000809,54.916182,11.416345,9.4,Under way using engine
2026-10-02T18:23:49Z,219000811,54.884313,11.483285,0.1,Under way using engine
2026-10-02T18:23:55Z,219002177,54.920318,11.372030,7.7,Under way using engine
2026-10-02T18:24:14Z,219000809,54.915330,11.414555,9.5,Under way using engine
2026-10-02T18:24:19Z,219000811,54.884312,11.483285,0.1,Under way using engine
2026-10-02T18:24:34Z,219002177,54.918958,11.372065,7.6,Under way using engine
2026-10-02T18:24:44Z,219000809,54.914525,11.412807,9.5,Under way using engine
2026-10-02T18:24:49Z,219000811,54.884312,11.483285,0.0,Under way using engine
2026-10-02T18:25:05Z,219002177,54.917895,11.371740,7.5,Under way using engine
2026-10-02T18:25:14Z,219000809,54.913685,11.410982,9.5,Under way using engine
2026-10-02T18:25:19Z,219000811,54.884312,11.483285,0.0,Under way using engine
2026-10-02T18:25:44Z,219000809,54.912893,11.409250,9.4,Under way using engine
2026-10-02T18:25:45Z,219002177,54.916865,11.370525,6.5,Under way using engine
2026-10-02T18:25:49Z,219000811,54.884312,11.483283,0.0,Under way using engine
2026-10-02T18:26:14Z,219000809,54.912117,11.407330,9.5,Under way using engine
2026-10-02T18:26:20Z,219000811,54.884313,11.483282,0.0,Under way using engine
2026-10-02T18:26:24Z,219002177,54.916657,11.368405,7.2,Under way using engine
2026-10-02T18:26:44Z,219000809,54.911358,11.405567,9.5,Under way using engine
2026-10-02T18:26:55Z,219002177,54.916583,11.366568,7.5,Under way using engine
2026-10-02T18:27:00Z,219000811,54.884315,11.483282,0.0,Under way using engine
2026-10-02T18:27:14Z,219000809,54.910577,11.403640,9.5,Under way using engine
2026-10-02T18:27:34Z,219002177,54.916425,11.364250,7.4,Under way using engine
2026-10-02T18:27:44Z,219000809,54.909815,11.401868,9.6,Under way using engine
2026-10-02T18:27:49Z,219000811,54.884313,11.483285,0.0,Under way using engine
2026-10-02T18:28:05Z,219002177,54.916243,11.362558,6.5,Under way using engine
2026-10-02T18:28:20Z,219000811,54.884312,11.483288,0.0,Under way using engine
2026-10-02T18:28:24Z,219000809,54.908712,11.399335,9.6,Under way using engine
2026-10-02T18:28:45Z,219002177,54.916280,11.361107,3.1,Under way using engine
2026-10-02T18:28:58Z,219000811,54.884312,11.483290,0.0,Under way using engine
2026-10-02T18:29:04Z,219000809,54.907883,11.396753,9.4,Under way using engine
2026-10-02T18:29:24Z,219002177,54.916357,11.360638,0.9,Under way using engine
2026-10-02T18:29:29Z,219000811,54.884312,11.483290,0.0,Under way using engine
2026-10-02T18:29:34Z,219000809,54.907863,11.394435,9.4,Under way using engine
2026-10-02T18:29:54Z,219002177,54.916353,11.360537,0.2,Under way using engine
2026-10-02T18:30:04Z,219000809,54.908210,11.392380,9.2,Under way using engine
2026-10-02T18:30:08Z,219000811,54.884313,11.483290,0.0,Under way using engine
2026-10-02T18:30:24Z,219002177,54.916362,11.360568,0.0,Under way using engine
2026-10-02T18:30:34Z,219000809,54.908975,11.390460,9.4,Under way using engine
2026-10-02T18:30:40Z,219000811,54.884315,11.483290,0.0,Under way using engine
2026-10-02T18:30:54Z,219002177,54.916360,11.360557,0.0,Under way using engine
2026-10-02T18:31:04Z,219000809,54.909765,11.388767,9.4,Under way using engine
2026-10-02T18:31:19Z,219000811,54.884317,11.483290,0.0,Under way using engine
2026-10-02T18:31:24Z,219002177,54.916368,11.360547,0.0,Under way using engine
2026-10-02T18:31:34Z,219000809,54.910578,11.386910,9.4,Under way using engine
2026-10-02T18:31:49Z,219000811,54.884317,11.483292,0.0,Under way using engine
2026-10-02T18:31:54Z,219002177,54.916362,11.360545,0.0,Under way using engine
2026-10-02T18:32:04Z,219000809,54.911378,11.385215,9.4,Under way using engine
2026-10-02T18:32:19Z,219000811,54.884318,11.483292,0.0,Under way using engine
2026-10-02T18:32:25Z,219002177,54.916362,11.360580,0.0,Under way using engine
2026-10-02T18:32:34Z,219000809,54.912220,11.383408,9.0,Under way using engine
2026-10-02T18:32:49Z,219000811,54.884318,11.483292,0.0,Under way using engine
2026-10-02T18:33:04Z,219000809,54.912778,11.382132,6.4,Under way using engine
2026-10-02T18:33:04Z,219002177,54.916362,11.360555,0.0,Under way using engine
2026-10-02T18:33:19Z,219000811,54.884320,11.483292,0.0,Under way using engine
2026-10-02T18:33:34Z,219000809,54.913498,11.380658,8.7,Under way using engine
2026-10-02T18:33:34Z,219002177,54.916353,11.360605,0.0,Under way using engine
2026-10-02T18:33:49Z,219000811,54.884317,11.483292,0.0,Under way using engine
2026-10-02T18:34:04Z,219002177,54.916383,11.360578,0.1,Under way using engine
2026-10-02T18:34:12Z,219000809,54.914538,11.378450,9.5,Under way using engine
2026-10-02T18:34:19Z,219000811,54.884055,11.483365,2.0,Under way using engine
2026-10-02T18:34:34Z,219002177,54.916345,11.360602,0.0,Under way using engine
2026-10-02T18:34:43Z,219000809,54.915402,11.376620,9.5,Under way using engine
2026-10-02T18:34:49Z,219000811,54.883617,11.483468,3.2,Under way using engine
2026-10-02T18:35:04Z,219002177,54.916348,11.360563,0.0,Under way using engine
2026-10-02T18:35:14Z,219000809,54.916275,11.374757,9.5,Under way using engine
2026-10-02T18:35:19Z,219000811,54.883093,11.483708,4.0,Under way using engine
2026-10-02T18:35:34Z,219002177,54.916352,11.360558,0.0,Under way using engine
2026-10-02T18:35:49Z,219000811,54.882815,11.483772,1.9,Under way using engine
2026-10-02T18:35:54Z,219000809,54.916993,11.372113,9.2,Under way using engine
2026-10-02T18:36:05Z,219002177,54.916365,11.360548,0.0,Under way using engine
2026-10-02T18:36:19Z,219000811,54.882272,11.482980,5.4,Under way using engine
2026-10-02T18:36:34Z,219000809,54.916865,11.369137,9.3,Under way using engine
2026-10-02T18:36:45Z,219002177,54.916377,11.360537,0.0,Under way using engine
2026-10-02T18:36:49Z,219000811,54.881535,11.481618,7.4,Under way using engine
2026-10-02T18:37:14Z,219000809,54.916598,11.366265,8.7,Under way using engine
2026-10-02T18:37:19Z,219000811,54.881185,11.480022,7.6,Under way using engine
2026-10-02T18:37:25Z,219002177,54.916370,11.360533,0.0,Under way using engine
2026-10-02T18:37:49Z,219000811,54.881230,11.478072,7.9,Under way using engine
2026-10-02T18:37:54Z,219000809,54.916355,11.363742,7.5,Under way using engine
2026-10-02T18:38:05Z,219002177,54.916357,11.360542,0.0,Under way using engine
2026-10-02T18:38:19Z,219000811,54.881210,11.476077,8.1,Under way using engine
2026-10-02T18:38:34Z,219000809,54.916172,11.361562,6.4,Under way using engine
2026-10-02T18:38:45Z,219002177,54.916353,11.360547,0.0,Under way using engine
2026-10-02T18:38:49Z,219000811,54.881145,11.474125,8.1,Under way using engine
2026-10-02T18:39:14Z,219000809,54.915818,11.360495,1.2,Under way using engine
2026-10-02T18:39:19Z,219000811,54.881077,11.472208,8.3,Under way using engine
2026-10-02T18:39:34Z,219002177,54.916370,11.360543,0.0,Under way using engine
2026-10-02T18:39:50Z,219000811,54.881003,11.470132,8.2,Under way using engine
2026-10-02T18:39:54Z,219000809,54.915980,11.360403,1.0,Under way using engine
2026-10-02T18:40:15Z,219002177,54.916373,11.360552,0.0,Under way using engine
2026-10-02T18:40:22Z,219000811,54.881063,11.468113,7.9,Under way using engine
2026-10-02T18:40:34Z,219000809,54.916088,11.360093,0.9,Under way using engine
2026-10-02T18:40:45Z,219002177,54.916355,11.360555,0.0,Under way using engine
2026-10-02T18:41:00Z,219000811,54.881330,11.465747,8.0,Under way using engine
2026-10-02T18:41:04Z,219000809,54.916072,11.360050,0.0,Under way using engine
2026-10-02T18:41:15Z,219002177,54.916363,11.360533,0.0,Under way using engine
2026-10-02T18:41:33Z,219000811,54.881942,11.464052,7.7,Under way using engine
2026-10-02T18:41:34Z,219000809,54.916087,11.360040,0.0,Under way using engine
2026-10-02T18:42:03Z,219000811,54.882842,11.462838,8.0,Under way using engine
2026-10-02T18:42:03Z,219002177,54.916377,11.360532,0.0,Under way using engine
2026-10-02T18:42:04Z,219000809,54.916068,11.360047,0.0,Under way using engine
2026-10-02T18:42:33Z,219002177,54.916358,11.360555,0.0,Under way using engine
2026-10-02T18:42:34Z,219000809,54.916078,11.360047,0.0,Under way using engine
2026-10-02T18:42:39Z,219000811,54.883925,11.461433,8.1,Under way using engine
2026-10-02T18:43:03Z,219002177,54.916378,11.360542,0.0,Under way using engine
2026-10-02T18:43:04Z,219000809,54.916090,11.360035,0.0,Under way using engine
2026-10-02T18:43:19Z,219000811,54.885143,11.459847,8.2,Under way using engine
2026-10-02T18:43:33Z,219002177,54.916352,11.360550,0.0,Under way using engine
2026-10-02T18:43:34Z,219000809,54.916100,11.360027,0.0,Under way using engine
2026-10-02T18:43:50Z,219000811,54.886063,11.458668,8.3,Under way using engine
2026-10-02T18:44:03Z,219002177,54.916377,11.360530,0.0,Under way using engine
2026-10-02T18:44:13Z,219000809,54.916092,11.360038,0.0,Under way using engine
2026-10-02T18:44:20Z,219000811,54.887048,11.457393,8.3,Under way using engine
2026-10-02T18:44:33Z,219002177,54.916378,11.360523,0.0,Under way using engine
2026-10-02T18:44:44Z,219000809,54.916098,11.360032,0.0,Under way using engine
2026-10-02T18:44:50Z,219000811,54.887930,11.456215,8.3,Under way using engine
2026-10-02T18:45:03Z,219002177,54.916368,11.360527,0.0,Under way using engine
2026-10-02T18:45:20Z,219000811,54.888837,11.454985,8.2,Under way using engine
2026-10-02T18:45:23Z,219000809,54.916077,11.360040,0.0,Under way using engine
2026-10-02T18:45:33Z,219002177,54.916357,11.360540,0.0,Under way using engine
2026-10-02T18:45:52Z,219000811,54.889588,11.453368,8.1,Under way using engine
2026-10-02T18:45:54Z,219000809,54.916080,11.360040,0.0,Under way using engine
2026-10-02T18:46:03Z,219002177,54.916375,11.360535,0.1,Under way using engine
2026-10-02T18:46:29Z,219000811,54.890472,11.451443,8.1,Under way using engine
2026-10-02T18:46:33Z,219002177,54.916352,11.360540,0.0,Under way using engine
2026-10-02T18:46:34Z,219000809,54.916092,11.360030,0.0,Under way using engine
2026-10-02T18:47:03Z,219002177,54.916385,11.360515,0.0,Under way using engine
2026-10-02T18:47:09Z,219000811,54.891355,11.449445,8.0,Under way using engine
2026-10-02T18:47:13Z,219000809,54.916073,11.360048,0.0,Under way using engine
2026-10-02T18:47:33Z,219002177,54.916348,11.360532,0.0,Under way using engine
2026-10-02T18:47:39Z,219000811,54.892038,11.447920,8.0,Under way using engine
2026-10-02T18:47:43Z,219000809,54.916073,11.360048,0.0,Under way using engine
2026-10-02T18:48:03Z,219002177,54.916352,11.360532,0.1,Under way using engine
2026-10-02T18:48:09Z,219000811,54.892732,11.446408,8.0,Under way using engine
2026-10-02T18:48:14Z,219000809,54.916077,11.360053,0.0,Under way using engine
2026-10-02T18:48:33Z,219002177,54.916345,11.360552,0.0,Under way using engine
2026-10-02T18:48:39Z,219000811,54.893423,11.444863,8.0,Under way using engine
2026-10-02T18:48:54Z,219000809,54.916100,11.360050,0.0,Under way using engine
2026-10-02T18:49:03Z,219002177,54.916370,11.360543,0.1,Under way using engine
2026-10-02T18:49:09Z,219000811,54.894082,11.443428,8.0,Under way using engine
2026-10-02T18:49:24Z,219000809,54.916082,11.360067,0.0,Under way using engine
2026-10-02T18:49:33Z,219002177,54.916347,11.360555,0.0,Under way using engine
2026-10-02T18:49:39Z,219000811,54.894785,11.441880,8.0,Under way using engine
2026-10-02T18:49:54Z,219000809,54.916058,11.360077,0.1,Under way using engine
2026-10-02T18:50:03Z,219002177,54.916347,11.360553,0.0,Under way using engine
2026-10-02T18:50:09Z,219000811,54.895475,11.440335,8.0,Under way using engine
2026-10-02T18:50:24Z,219000809,54.916078,11.360065,0.0,Under way using engine
2026-10-02T18:50:39Z,219000811,54.896162,11.438828,8.0,Under way using engine
2026-10-02T18:50:45Z,219002177,54.916335,11.360665,1.2,Under way using engine
2026-10-02T18:50:54Z,219000809,54.916070,11.360058,0.0,Under way using engine
2026-10-02T18:51:09Z,219000811,54.896862,11.437267,8.0,Under way using engine
2026-10-02T18:51:15Z,219002177,54.916320,11.361487,4.3,Under way using engine
2026-10-02T18:51:24Z,219000809,54.916050,11.360060,0.0,Under way using engine
2026-10-02T18:51:39Z,219000811,54.897542,11.435765,8.0,Under way using engine
2026-10-02T18:51:45Z,219002177,54.916320,11.362770,5.7,Under way using engine
2026-10-02T18:51:54Z,219000809,54.916092,11.360042,0.0,Under way using engine
2026-10-02T18:52:09Z,219000811,54.898198,11.434298,8.0,Under way using engine
2026-10-02T18:52:15Z,219002177,54.916398,11.364278,6.5,Under way using engine
2026-10-02T18:52:24Z,219000809,54.916082,11.360047,0.0,Under way using engine
2026-10-02T18:52:39Z,219000811,54.898905,11.432762,8.0,Under way using engine
2026-10-02T18:52:45Z,219002177,54.916535,11.365897,7.0,Under way using engine
2026-10-02T18:53:04Z,219000809,54.916085,11.360053,0.0,Under way using engine
2026-10-02T18:53:09Z,219000811,54.899587,11.431197,8.0,Under way using engine
2026-10-02T18:53:24Z,219002177,54.916730,11.368120,7.2,Under way using engine
2026-10-02T18:53:40Z,219000811,54.900265,11.429598,8.0,Under way using engine
2026-10-02T18:53:53Z,219000809,54.916078,11.360048,0.2,Under way using engine
2026-10-02T18:54:04Z,219002177,54.916973,11.370402,6.9,Under way using engine
2026-10-02T18:54:19Z,219000811,54.901077,11.427583,8.0,Under way using engine
2026-10-02T18:54:24Z,219000809,54.916035,11.360995,5.2,Under way using engine
2026-10-02T18:54:44Z,219002177,54.917710,11.371432,4.9,Under way using engine
2026-10-02T18:54:49Z,219000811,54.901617,11.425858,8.0,Under way using engine
2026-10-02T18:55:04Z,219000809,54.916297,11.363252,8.4,Under way using engine
2026-10-02T18:55:14Z,219002177,54.918432,11.371510,5.3,Under way using engine
2026-10-02T18:55:19Z,219000811,54.901955,11.424043,8.0,Under way using engine
2026-10-02T18:55:43Z,219000809,54.916512,11.366073,9.4,Under way using engine
2026-10-02T18:55:44Z,219002177,54.919185,11.371602,5.5,Under way using engine
2026-10-02T18:55:49Z,219000811,54.902222,11.422125,8.0,Under way using engine
2026-10-02T18:56:13Z,219000809,54.916682,11.368362,9.7,Under way using engine
2026-10-02T18:56:14Z,219002177,54.919998,11.371568,5.7,Under way using engine
2026-10-02T18:56:19Z,219000811,54.902480,11.420273,8.0,Under way using engine
2026-10-02T18:56:43Z,219000809,54.916917,11.370695,9.8,Under way using engine
2026-10-02T18:56:44Z,219002177,54.920798,11.371608,5.9,Under way using engine
2026-10-02T18:56:49Z,219000811,54.902755,11.418342,8.0,Under way using engine
2026-10-02T18:57:14Z,219000809,54.917132,11.372993,9.7,Under way using engine
2026-10-02T18:57:14Z,219002177,54.921603,11.371612,6.0,Under way using engine
2026-10-02T18:57:19Z,219000811,54.903032,11.416458,8.1,Under way using engine
2026-10-02T18:57:44Z,219002177,54.922470,11.371600,6.1,Under way using engine
2026-10-02T18:57:49Z,219000811,54.903290,11.414607,8.1,Under way using engine
2026-10-02T18:57:53Z,219000809,54.916500,11.375658,9.4,Under way using engine
2026-10-02T18:58:14Z,219002177,54.923327,11.371578,6.1,Under way using engine
2026-10-02T18:58:19Z,219000811,54.903555,11.412722,8.1,Under way using engine
2026-10-02T18:58:24Z,219000809,54.915685,11.377672,9.8,Under way using engine
2026-10-02T18:58:44Z,219002177,54.924167,11.371505,6.3,Under way using engine
2026-10-02T18:58:49Z,219000811,54.903845,11.410770,8.2,Under way using engine
2026-10-02T18:59:03Z,219000809,54.914707,11.380208,9.8,Under way using engine
2026-10-02T18:59:14Z,219002177,54.925040,11.371417,6.3,Under way using engine
2026-10-02T18:59:19Z,219000811,54.904117,11.408898,8.2,Under way using engine
2026-10-02T18:59:34Z,219000809,54.913900,11.382192,9.9,Under way using engine
2026-10-02T18:59:49Z,219000811,54.904405,11.406933,8.2,Under way using engine
2026-10-02T18:59:54Z,219002177,54.926200,11.371308,6.3,Under way using engine
2026-10-02T19:00:14Z,219000809,54.912848,11.384717,9.9,Under way using engine
2026-10-02T19:00:19Z,219000811,54.904680,11.405098,8.2,Under way using engine
2026-10-02T19:00:24Z,219002177,54.927075,11.371235,6.3,Under way using engine
2026-10-02T19:00:49Z,219000811,54.904942,11.403172,8.2,Under way using engine
2026-10-02T19:00:54Z,219000809,54.911728,11.387327,9.9,Under way using engine
2026-10-02T19:00:54Z,219002177,54.927945,11.371178,6.3,Under way using engine
2026-10-02T19:01:20Z,219000811,54.905208,11.401148,8.2,Under way using engine
2026-10-02T19:01:24Z,219002177,54.928820,11.371190,6.3,Under way using engine
2026-10-02T19:01:34Z,219000809,54.910605,11.389835,9.9,Under way using engine
2026-10-02T19:01:54Z,219002177,54.929692,11.371218,6.3,Under way using engine
2026-10-02T19:01:59Z,219000811,54.905508,11.398708,8.2,Under way using engine
2026-10-02T19:02:04Z,219000809,54.909772,11.391733,9.9,Under way using engine
2026-10-02T19:02:24Z,219002177,54.930562,11.371282,6.2,Under way using engine
2026-10-02T19:02:29Z,219000811,54.905737,11.396723,8.2,Under way using engine
2026-10-02T19:02:34Z,219000809,54.909022,11.393707,9.7,Under way using engine
2026-10-02T19:02:54Z,219002177,54.931422,11.371327,6.3,Under way using engine
2026-10-02T19:02:59Z,219000811,54.906075,11.394890,8.1,Under way using engine
2026-10-02T19:03:04Z,219000809,54.908323,11.395655,9.5,Under way using engine
2026-10-02T19:03:24Z,219002177,54.932283,11.371378,6.3,Under way using engine
2026-10-02T19:03:29Z,219000811,54.906562,11.393230,7.9,Under way using engine
2026-10-02T19:03:34Z,219000809,54.908045,11.397897,9.6,Under way using engine
2026-10-02T19:03:54Z,219002177,54.933153,11.371400,6.3,Under way using engine
2026-10-02T19:03:59Z,219000811,54.907263,11.391697,7.9,Under way using engine
2026-10-02T19:04:04Z,219000809,54.908600,11.399863,9.3,Under way using engine
2026-10-02T19:04:24Z,219002177,54.934003,11.371385,6.2,Under way using engine
2026-10-02T19:04:29Z,219000811,54.908017,11.390305,8.0,Under way using engine
2026-10-02T19:04:34Z,219000809,54.909417,11.401660,9.6,Under way using engine
2026-10-02T19:04:54Z,219002177,54.934820,11.371408,5.6,Under way using engine
2026-10-02T19:04:59Z,219000811,54.908777,11.388922,8.0,Under way using engine
2026-10-02T19:05:14Z,219000809,54.910557,11.403947,9.6,Under way using engine
2026-10-02T19:05:24Z,219002177,54.935447,11.371612,3.9,Under way using engine
2026-10-02T19:05:29Z,219000811,54.909538,11.387547,8.0,Under way using engine
2026-10-02T19:05:53Z,219000809,54.911632,11.406410,9.7,Under way using engine
2026-10-02T19:05:54Z,219002177,54.935758,11.371795,1.7,Under way using engine
2026-10-02T19:05:59Z,219000811,54.910327,11.386095,8.0,Under way using engine
2026-10-02T19:06:23Z,219000809,54.912513,11.408153,9.7,Under way using engine
2026-10-02T19:06:24Z,219002177,54.935897,11.371925,0.9,Under way using engine
2026-10-02T19:06:30Z,219000811,54.911125,11.384662,8.1,Under way using engine
2026-10-02T19:06:53Z,219000809,54.913338,11.410020,9.8,Under way using engine
2026-10-02T19:06:54Z,219002177,54.935958,11.371982,0.4,Under way using engine
2026-10-02T19:07:10Z,219000811,54.912200,11.382750,8.1,Under way using engine
2026-10-02T19:07:23Z,219000809,54.914242,11.411808,9.9,Under way using engine
2026-10-02T19:07:24Z,219002177,54.935942,11.371977,0.0,Under way using engine
2026-10-02T19:07:48Z,219000811,54.913188,11.380977,8.1,Under way using engine
2026-10-02T19:07:53Z,219000809,54.915082,11.413658,9.8,Under way using engine
2026-10-02T19:07:54Z,219002177,54.935952,11.371970,0.1,Under way using engine
2026-10-02T19:08:20Z,219000811,54.913977,11.379607,7.7,Under way using engine
2026-10-02T19:08:23Z,219000809,54.915910,11.415442,9.8,Under way using engine
2026-10-02T19:08:24Z,219002177,54.935970,11.371987,0.0,Under way using engine
2026-10-02T19:08:53Z,219000809,54.916805,11.417278,9.7,Under way using engine
2026-10-02T19:08:54Z,219002177,54.935977,11.371995,0.0,Under way using engine
2026-10-02T19:08:59Z,219000811,54.914980,11.377907,7.8,Under way using engine
2026-10-02T19:09:23Z,219000809,54.917595,11.419120,9.9,Under way using engine
2026-10-02T19:09:24Z,219002177,54.935982,11.372007,0.0,Under way using engine
2026-10-02T19:09:30Z,219000811,54.915633,11.376362,7.7,Under way using engine
2026-10-02T19:09:53Z,219000809,54.918503,11.420990,9.8,Under way using engine
2026-10-02T19:10:04Z,219002177,54.935973,11.371997,0.0,Under way using engine
2026-10-02T19:10:08Z,219000811,54.916350,11.374360,7.7,Under way using engine
2026-10-02T19:10:23Z,219000809,54.919303,11.422780,9.8,Under way using engine
2026-10-02T19:10:35Z,219002177,54.935977,11.371988,0.0,Under way using engine
2026-10-02T19:10:39Z,219000811,54.916782,11.372607,7.7,Under way using engine
2026-10-02T19:10:53Z,219000809,54.920180,11.424687,9.8,Under way using engine
2026-10-02T19:11:13Z,219000811,54.916835,11.370487,7.5,Under way using engine
2026-10-02T19:11:13Z,219002177,54.935960,11.372000,0.0,Under way using engine
2026-10-02T19:11:23Z,219000809,54.921038,11.426467,9.9,Under way using engine
2026-10-02T19:11:44Z,219002177,54.935952,11.371973,0.1,Under way using engine
2026-10-02T19:11:48Z,219000811,54.916673,11.368392,7.5,Under way using engine
2026-10-02T19:11:54Z,219000809,54.921933,11.428465,9.8,Under way using engine
2026-10-02T19:12:20Z,219000811,54.916515,11.366585,7.4,Under way using engine
2026-10-02T19:12:25Z,219002177,54.935612,11.371753,3.1,Under way using engine
2026-10-02T19:12:33Z,219000809,54.923023,11.430815,9.8,Under way using engine
2026-10-02T19:12:59Z,219000811,54.916398,11.364393,6.7,Under way using engine
2026-10-02T19:13:04Z,219000809,54.923877,11.432712,9.9,Under way using engine
2026-10-02T19:13:04Z,219002177,54.934930,11.371182,4.7,Under way using engine
2026-10-02T19:13:30Z,219000811,54.916372,11.363063,5.3,Under way using engine
2026-10-02T19:13:44Z,219000809,54.925027,11.435273,9.9,Under way using engine
2026-10-02T19:13:45Z,219002177,54.934058,11.370775,5.0,Under way using engine
2026-10-02T19:14:10Z,219000811,54.916315,11.361802,3.8,Under way using engine
2026-10-02T19:14:14Z,219000809,54.925855,11.437083,9.9,Under way using engine
2026-10-02T19:14:25Z,219002177,54.933052,11.370677,5.7,Under way using engine
2026-10-02T19:14:44Z,219000809,54.926730,11.439013,9.9,Under way using engine
2026-10-02T19:14:49Z,219000811,54.916192,11.360798,3.4,Under way using engine
2026-10-02T19:15:05Z,219002177,54.931957,11.370625,6.1,Under way using engine
2026-10-02T19:15:14Z,219000809,54.927523,11.440823,9.8,Under way using engine
2026-10-02T19:15:20Z,219000811,54.916000,11.360680,1.4,Under way using engine
2026-10-02T19:15:45Z,219002177,54.930830,11.370673,6.2,Under way using engine
2026-10-02T19:15:53Z,219000811,54.916028,11.360648,0.6,Under way using engine
2026-10-02T19:15:54Z,219000809,54.928680,11.443368,9.8,Under way using engine
2026-10-02T19:16:15Z,219002177,54.929957,11.370683,6.3,Under way using engine
2026-10-02T19:16:26Z,219000811,54.916032,11.360243,1.5,Under way using engine
2026-10-02T19:16:33Z,219000809,54.929730,11.445723,9.6,Under way using engine
2026-10-02T19:16:45Z,219002177,54.929077,11.370763,6.4,Under way using engine
2026-10-02T19:16:59Z,219000811,54.916053,11.360030,0.6,Under way using engine
2026-10-02T19:17:04Z,219000809,54.930590,11.447588,9.7,Under way using engine
2026-10-02T19:17:15Z,219002177,54.928195,11.370813,6.4,Under way using engine
2026-10-02T19:17:29Z,219000811,54.916060,11.359973,0.2,Under way using engine
2026-10-02T19:17:43Z,219000809,54.931690,11.450107,10.0,Under way using engine
2026-10-02T19:17:45Z,219002177,54.927302,11.370865,6.4,Under way using engine
2026-10-02T19:17:59Z,219000811,54.916060,11.359975,0.0,Under way using engine
2026-10-02T19:18:13Z,219000809,54.932510,11.451930,9.9,Under way using engine
2026-10-02T19:18:15Z,219002177,54.926385,11.370903,6.5,Under way using engine
2026-10-02T19:18:29Z,219000811,54.916060,11.359975,0.0,Under way using engine
2026-10-02T19:18:43Z,219000809,54.933352,11.453918,9.8,Under way using engine
2026-10-02T19:18:45Z,219002177,54.925503,11.370967,6.4,Under way using engine
2026-10-02T19:19:00Z,219000811,54.916060,11.359977,0.0,Under way using engine
2026-10-02T19:19:13Z,219000809,54.933988,11.455912,9.8,Under way using engine
2026-10-02T19:19:15Z,219002177,54.924625,11.370997,6.4,Under way using engine
2026-10-02T19:19:39Z,219000811,54.916060,11.359978,0.0,Under way using engine
2026-10-02T19:19:43Z,219000809,54.934637,11.458095,9.8,Under way using engine
2026-10-02T19:19:45Z,219002177,54.923758,11.371092,6.3,Under way using engine
2026-10-02T19:20:10Z,219000811,54.916060,11.359977,0.0,Under way using engine
2026-10-02T19:20:13Z,219000809,54.935270,11.460195,9.8,Under way using engine
2026-10-02T19:20:15Z,219002177,54.922877,11.371197,6.3,Under way using engine
2026-10-02T19:20:43Z,219000809,54.935918,11.462275,9.8,Under way using engine
2026-10-02T19:20:49Z,219000811,54.916058,11.359977,0.0,Under way using engine
2026-10-02T19:20:54Z,219002177,54.921757,11.371355,6.2,Under way using engine
2026-10-02T19:21:13Z,219000809,54.936552,11.464350,9.8,Under way using engine
2026-10-02T19:21:20Z,219000811,54.916058,11.359977,0.0,Under way using engine
2026-10-02T19:21:33Z,219002177,54.920645,11.371535,6.1,Under way using engine
2026-10-02T19:21:43Z,219000809,54.937193,11.466418,9.8,Under way using engine
2026-10-02T19:22:00Z,219000811,54.916062,11.359978,0.0,Under way using engine
2026-10-02T19:22:04Z,219002177,54.919777,11.371705,6.1,Under way using engine
2026-10-02T19:22:13Z,219000809,54.937838,11.468483,9.7,Under way using engine
2026-10-02T19:22:39Z,219000811,54.916065,11.359982,0.0,Under way using engine
2026-10-02T19:22:43Z,219000809,54.938467,11.470555,9.8,Under way using engine
2026-10-02T19:22:44Z,219002177,54.918675,11.371857,6.0,Under way using engine
2026-10-02T19:23:10Z,219000811,54.916067,11.359982,0.0,Under way using engine
2026-10-02T19:23:13Z,219000809,54.939117,11.472602,9.7,Under way using engine
2026-10-02T19:23:14Z,219002177,54.917855,11.371817,5.9,Under way using engine
2026-10-02T19:23:44Z,219000809,54.939760,11.474730,9.6,Under way using engine
2026-10-02T19:23:44Z,219002177,54.917147,11.371263,5.4,Under way using engine
2026-10-02T19:23:49Z,219000811,54.916067,11.359983,0.0,Under way using engine
2026-10-02T19:24:14Z,219002177,54.916907,11.370160,5.1,Under way using engine
2026-10-02T19:24:20Z,219000811,54.916067,11.359985,0.0,Under way using engine
2026-10-02T19:24:23Z,219000809,54.940743,11.477125,9.6,Under way using engine
2026-10-02T19:24:54Z,219002177,54.916710,11.368427,5.7,Under way using engine
2026-10-02T19:24:59Z,219000811,54.916070,11.359978,0.0,Under way using engine
2026-10-02T19:25:03Z,219000809,54.941973,11.479265,9.7,Under way using engine
2026-10-02T19:25:24Z,219002177,54.916615,11.367030,5.9,Under way using engine
2026-10-02T19:25:29Z,219000811,54.916070,11.359973,0.0,Under way using engine
2026-10-02T19:25:34Z,219000809,54.942943,11.481068,9.8,Under way using engine
2026-10-02T19:25:54Z,219002177,54.916495,11.365602,6.0,Under way using engine
2026-10-02T19:25:59Z,219000811,54.916072,11.359970,0.0,Under way using engine
2026-10-02T19:26:14Z,219000809,54.944170,11.483248,9.3,Under way using engine
2026-10-02T19:26:24Z,219002177,54.916337,11.364150,6.1,Under way using engine
2026-10-02T19:26:29Z,219000811,54.916067,11.359968,0.0,Under way using engine
2026-10-02T19:26:44Z,219000809,54.945475,11.483900,9.7,Under way using engine
2026-10-02T19:26:54Z,219002177,54.916207,11.362730,5.7,Under way using engine
2026-10-02T19:26:59Z,219000811,54.916067,11.359965,0.0,Under way using engine
2026-10-02T19:27:14Z,219000809,54.946768,11.484340,9.7,Under way using engine
2026-10-02T19:27:24Z,219002177,54.916243,11.361683,3.8,Under way using engine
2026-10-02T19:27:29Z,219000811,54.916063,11.359965,0.0,Under way using engine
2026-10-02T19:27:44Z,219000809,54.948165,11.484723,9.9,Under way using engine
2026-10-02T19:27:55Z,219002177,54.916338,11.360985,2.1,Under way using engine
2026-10-02T19:27:59Z,219000811,54.916060,11.359968,0.0,Under way using engine
2026-10-02T19:28:14Z,219000809,54.949480,11.485097,9.8,Under way using engine
2026-10-02T19:28:29Z,219000811,54.916057,11.359968,0.0,Under way using engine
2026-10-02T19:28:34Z,219002177,54.916375,11.360620,0.7,Under way using engine
2026-10-02T19:28:44Z,219000809,54.950862,11.485538,9.9,Under way using engine
2026-10-02T19:28:59Z,219000811,54.916053,11.359968,0.0,Under way using engine
2026-10-02T19:29:05Z,219002177,54.916368,11.360577,0.3,Under way using engine
2026-10-02T19:29:14Z,219000809,54.952152,11.485910,9.9,Under way using engine
2026-10-02T19:29:29Z,219000811,54.916050,11.359972,0.0,Under way using engine
2026-10-02T19:29:43Z,219002177,54.916368,11.360565,0.0,Under way using engine
2026-10-02T19:29:44Z,219000809,54.953557,11.486420,10.0,Under way using engine
2026-10-02T19:29:59Z,219000811,54.916052,11.359978,0.0,Under way using engine
2026-10-02T19:30:14Z,219000809,54.954883,11.486795,9.9,Under way using engine
2026-10-02T19:30:14Z,219002177,54.916378,11.360563,0.0,Under way using engine
2026-10-02T19:30:29Z,219000811,54.916053,11.359980,0.0,Under way using engine
2026-10-02T19:30:54Z,219000809,54.956633,11.487465,9.6,Under way using engine
2026-10-02T19:30:55Z,219002177,54.916362,11.360543,0.0,Under way using engine
2026-10-02T19:30:59Z,219000811,54.916057,11.359980,0.0,Under way using engine
2026-10-02T19:31:29Z,219000811,54.916058,11.359980,0.0,Under way using engine
2026-10-02T19:31:34Z,219000809,54.958422,11.488095,10.0,Under way using engine
2026-10-02T19:31:34Z,219002177,54.916375,11.360563,0.0,Under way using engine
2026-10-02T19:31:59Z,219000811,54.916057,11.359977,0.0,Under way using engine
2026-10-02T19:32:04Z,219000809,54.959770,11.488588,9.9,Under way using engine
2026-10-02T19:32:05Z,219002177,54.916392,11.360573,0.0,Under way using engine
2026-10-02T19:32:29Z,219000811,54.916058,11.359970,0.0,Under way using engine
2026-10-02T19:32:34Z,219000809,54.961058,11.489325,9.8,Under way using engine
2026-10-02T19:32:44Z,219002177,54.916375,11.360562,0.0,Under way using engine
2026-10-02T19:32:59Z,219000811,54.916060,11.359967,0.0,Under way using engine
2026-10-02T19:33:04Z,219000809,54.962270,11.490297,9.5,Under way using engine
2026-10-02T19:33:14Z,219002177,54.916388,11.360572,0.0,Under way using engine
2026-10-02T19:33:30Z,219000811,54.916063,11.359967,0.0,Under way using engine
2026-10-02T19:33:34Z,219000809,54.963477,11.491412,9.4,Under way using engine
2026-10-02T19:33:44Z,219002177,54.916362,11.360557,0.0,Under way using engine
2026-10-02T19:34:04Z,219000809,54.964585,11.492465,9.5,Under way using engine
2026-10-02T19:34:08Z,219000811,54.916063,11.359965,0.0,Under way using engine
2026-10-02T19:34:14Z,219002177,54.916365,11.360570,0.0,Under way using engine
2026-10-02T19:34:34Z,219000809,54.965775,11.493608,9.5,Under way using engine
2026-10-02T19:34:40Z,219000811,54.916065,11.359967,0.0,Under way using engine
2026-10-02T19:34:44Z,219002177,54.916353,11.360547,0.0,Under way using engine
2026-10-02T19:35:04Z,219000809,54.966890,11.494758,9.6,Under way using engine
2026-10-02T19:35:15Z,219002177,54.916375,11.360570,0.0,Under way using engine
2026-10-02T19:35:19Z,219000811,54.916060,11.359970,0.0,Under way using engine
2026-10-02T19:35:34Z,219000809,54.968040,11.495958,9.5,Under way using engine
2026-10-02T19:35:50Z,219000811,54.916057,11.359973,0.0,Under way using engine
2026-10-02T19:35:54Z,219002177,54.916345,11.360555,0.0,Under way using engine
2026-10-02T19:36:04Z,219000809,54.969208,11.497110,9.5,Under way using engine
2026-10-02T19:36:22Z,219000811,54.916053,11.359973,0.0,Under way using engine
2026-10-02T19:36:24Z,219002177,54.916375,11.360570,0.0,Under way using engine
2026-10-02T19:36:34Z,219000809,54.970260,11.498413,9.5,Under way using engine
2026-10-02T19:36:54Z,219002177,54.916373,11.360547,0.0,Under way using engine
2026-10-02T19:36:59Z,219000811,54.916055,11.359977,0.0,Under way using engine
2026-10-02T19:37:04Z,219000809,54.971208,11.500090,9.5,Under way using engine
2026-10-02T19:37:24Z,219002177,54.916375,11.360558,0.0,Under way using engine
2026-10-02T19:37:30Z,219000811,54.916058,11.359977,0.0,Under way using engine
2026-10-02T19:37:43Z,219000809,54.972238,11.502235,9.2,Under way using engine
2026-10-02T19:37:54Z,219002177,54.916380,11.360575,0.0,Under way using engine
2026-10-02T19:38:08Z,219000811,54.916060,11.359975,0.0,Under way using engine
2026-10-02T19:38:14Z,219000809,54.972502,11.504415,8.8,Under way using engine
2026-10-02T19:38:24Z,219002177,54.916382,11.360573,0.0,Under way using engine
2026-10-02T19:38:39Z,219000811,54.916062,11.359973,0.0,Under way using engine
2026-10-02T19:38:44Z,219000809,54.972370,11.506447,8.7,Under way using engine
2026-10-02T19:38:54Z,219002177,54.916373,11.360568,0.0,Under way using engine
2026-10-02T19:39:14Z,219000809,54.972203,11.508577,8.6,Under way using engine
2026-10-02T19:39:18Z,219000811,54.916065,11.359968,0.0,Under way using engine
2026-10-02T19:39:24Z,219002177,54.916378,11.360572,0.0,Under way using engine
2026-10-02T19:39:44Z,219000809,54.972090,11.510368,7.4,Under way using engine
2026-10-02T19:39:50Z,219000811,54.916068,11.359968,0.0,Under way using engine
2026-10-02T19:39:54Z,219002177,54.916352,11.360557,0.0,Under way using engine
2026-10-02T19:40:14Z,219000809,54.971965,11.511943,5.8,Under way using engine
2026-10-02T19:40:24Z,219002177,54.916368,11.360555,0.0,Under way using engine
2026-10-02T19:40:29Z,219000811,54.916085,11.359972,0.0,Under way using engine
2026-10-02T19:40:44Z,219000809,54.971903,11.512980,4.0,Under way using engine
2026-10-02T19:40:54Z,219002177,54.916372,11.360577,0.0,Under way using engine
2026-10-02T19:41:09Z,219000811,54.916087,11.359975,0.0,Under way using engine
2026-10-02T19:41:25Z,219002177,54.916383,11.360573,0.0,Under way using engine
2026-10-02T19:41:33Z,219000809,54.971902,11.514097,2.2,Under way using engine
2026-10-02T19:41:50Z,219000811,54.916087,11.359977,0.0,Under way using engine
2026-10-02T19:42:03Z,219000809,54.971905,11.514503,1.3,Under way using engine
2026-10-02T19:42:05Z,219002177,54.916380,11.360580,0.0,Under way using engine
2026-10-02T19:42:23Z,219000811,54.916077,11.359978,0.0,Under way using engine
2026-10-02T19:42:34Z,219000809,54.971907,11.514570,0.0,Under way using engine
2026-10-02T19:42:35Z,219002177,54.916352,11.360572,0.2,Under way using engine
2026-10-02T19:42:58Z,219000811,54.916072,11.359982,0.0,Under way using engine
2026-10-02T19:43:05Z,219002177,54.916338,11.361033,3.1,Under way using engine
2026-10-02T19:43:24Z,219000809,54.971935,11.514598,0.0,Moored
2026-10-02T19:43:29Z,219000811,54.916065,11.359978,0.0,Under way using engine
2026-10-02T19:43:35Z,219002177,54.916335,11.362192,5.2,Under way using engine
2026-10-02T19:44:05Z,219002177,54.916400,11.363555,6.2,Under way using engine
2026-10-02T19:44:09Z,219000811,54.916068,11.359982,0.0,Under way using engine
2026-10-02T19:44:35Z,219002177,54.916518,11.365188,6.8,Under way using engine
2026-10-02T19:44:39Z,219000811,54.916067,11.359977,0.0,Under way using engine
2026-10-02T19:45:05Z,219002177,54.916637,11.366830,7.2,Under way using engine
2026-10-02T19:45:09Z,219000811,54.916067,11.359973,0.0,Under way using engine
2026-10-02T19:45:35Z,219002177,54.916793,11.368628,7.5,Under way using engine
2026-10-02T19:45:39Z,219000811,54.916068,11.359972,0.0,Under way using engine
2026-10-02T19:46:05Z,219002177,54.917007,11.370333,7.5,Under way using engine
2026-10-02T19:46:09Z,219000811,54.916067,11.359973,0.0,Under way using engine
2026-10-02T19:46:35Z,219002177,54.917662,11.371422,6.0,Under way using engine
2026-10-02T19:46:36Z,219000809,54.971933,11.514600,0.0,Moored
2026-10-02T19:46:39Z,219000811,54.916065,11.359972,0.0,Under way using engine
2026-10-02T19:47:05Z,219002177,54.918543,11.371492,6.8,Under way using engine
2026-10-02T19:47:09Z,219000811,54.916065,11.359970,0.0,Under way using engine
2026-10-02T19:47:35Z,219002177,54.919560,11.371580,7.3,Under way using engine
2026-10-02T19:47:40Z,219000811,54.916067,11.359977,0.0,Under way using engine
2026-10-02T19:48:05Z,219002177,54.920572,11.371620,7.7,Under way using engine
2026-10-02T19:48:18Z,219000811,54.916063,11.359977,0.0,Under way using engine
2026-10-02T19:48:35Z,219002177,54.921707,11.371632,8.0,Under way using engine
2026-10-02T19:48:49Z,219000811,54.916060,11.359977,0.0,Under way using engine
2026-10-02T19:49:05Z,219002177,54.922848,11.371653,8.2,Under way using engine
2026-10-02T19:49:30Z,219000811,54.916057,11.359977,0.0,Under way using engine
2026-10-02T19:49:35Z,219002177,54.923970,11.371678,8.4,Under way using engine
2026-10-02T19:50:05Z,219002177,54.925153,11.371718,8.3,Under way using engine
2026-10-02T19:50:09Z,219000811,54.916057,11.359978,0.0,Under way using engine
2026-10-02T19:50:40Z,219000811,54.916057,11.359978,0.0,Under way using engine
2026-10-02T19:50:45Z,219002177,54.926657,11.371735,8.3,Under way using engine
2026-10-02T19:51:15Z,219002177,54.927855,11.371615,8.3,Under way using engine
2026-10-02T19:51:19Z,219000811,54.916058,11.359977,0.0,Under way using engine
2026-10-02T19:51:45Z,219002177,54.928987,11.371533,8.2,Under way using engine
2026-10-02T19:51:49Z,219000811,54.916058,11.359975,0.0,Under way using engine
2026-10-02T19:51:54Z,219000809,54.971922,11.514597,0.0,Moored
2026-10-02T19:52:15Z,219002177,54.930153,11.371468,8.2,Under way using engine
2026-10-02T19:52:19Z,219000811,54.916058,11.359973,0.0,Under way using engine
2026-10-02T19:52:36Z,219000809,54.971922,11.514597,0.0,Moored
2026-10-02T19:52:45Z,219002177,54.931308,11.371393,8.2,Under way using engine
2026-10-02T19:52:49Z,219000811,54.916058,11.359972,0.0,Under way using engine
2026-10-02T19:53:15Z,219002177,54.932423,11.371358,8.2,Under way using engine
2026-10-02T19:53:19Z,219000811,54.916062,11.359972,0.0,Under way using engine
2026-10-02T19:53:45Z,219002177,54.933555,11.371363,8.0,Under way using engine
2026-10-02T19:53:49Z,219000811,54.916063,11.359970,0.0,Under way using engine
2026-10-02T19:54:15Z,219002177,54.934577,11.371382,7.1,Under way using engine
2026-10-02T19:54:19Z,219000811,54.916067,11.359972,0.0,Under way using engine
2026-10-02T19:54:45Z,219002177,54.935357,11.371508,5.0,Under way using engine
2026-10-02T19:54:50Z,219000811,54.916068,11.359972,0.0,Under way using engine
2026-10-02T19:54:55Z,219000809,54.971897,11.514557,0.0,Moored
2026-10-02T19:55:15Z,219002177,54.935767,11.371770,2.2,Under way using engine
2026-10-02T19:55:28Z,219000811,54.916070,11.359968,0.0,Under way using engine
2026-10-02T19:55:45Z,219002177,54.935917,11.371908,1.0,Under way using engine
2026-10-02T19:55:59Z,219000811,54.916067,11.359968,0.0,Under way using engine
2026-10-02T19:56:15Z,219002177,54.935980,11.371975,0.4,Under way using engine
2026-10-02T19:56:40Z,219000811,54.916062,11.359968,0.0,Under way using engine
2026-10-02T19:56:45Z,219002177,54.935995,11.371983,0.0,Under way using engine
2026-10-02T19:57:15Z,219002177,54.935998,11.371983,0.0,Under way using engine
2026-10-02T19:57:19Z,219000811,54.916062,11.359972,0.0,Under way using engine
2026-10-02T19:57:50Z,219000811,54.916060,11.359973,0.0,Under way using engine
2026-10-02T19:57:54Z,219000809,54.971908,11.514565,0.0,Moored
2026-10-02T19:57:54Z,219002177,54.935990,11.371977,0.0,Under way using engine
2026-10-02T19:58:25Z,219002177,54.935988,11.371980,0.0,Under way using engine
2026-10-02T19:58:28Z,219000811,54.916055,11.359972,0.0,Under way using engine
2026-10-02T19:58:36Z,219000809,54.971908,11.514565,0.0,Moored
2026-10-02T19:58:59Z,219000811,54.916053,11.359970,0.0,Under way using engine
2026-10-02T19:59:05Z,219002177,54.935970,11.371990,0.0,Under way using engine
2026-10-02T19:59:35Z,219002177,54.935980,11.371990,0.0,Under way using engine
2026-10-02T19:59:40Z,219000811,54.916052,11.359968,0.0,Under way using engine
2026-10-02T20:00:05Z,219002177,54.935975,11.371990,0.0,Under way using engine
2026-10-02T20:00:20Z,219000811,54.916052,11.359968,0.0,Under way using engine
2026-10-02T20:00:35Z,219002177,54.935970,11.371988,0.0,Under way using engine
2026-10-02T20:00:55Z,219000809,54.971913,11.514572,0.0,Moored
2026-10-02T20:00:59Z,219000811,54.916060,11.359967,0.0,Under way using engine
2026-10-02T20:01:05Z,219002177,54.935970,11.371975,0.0,Under way using engine
2026-10-02T20:01:29Z,219000811,54.916060,11.359965,0.0,Under way using engine
2026-10-02T20:01:35Z,219002177,54.935980,11.371967,0.0,Under way using engine
2026-10-02T20:01:59Z,219000811,54.916062,11.359967,0.0,Under way using engine
2026-10-02T20:02:05Z,219002177,54.935983,11.371968,0.0,Under way using engine
2026-10-02T20:02:29Z,219000811,54.916062,11.359965,0.0,Under way using engine
2026-10-02T20:02:35Z,219002177,54.935982,11.371977,0.0,Under way using engine
2026-10-02T20:02:59Z,219000811,54.916062,11.359962,0.0,Under way using engine
2026-10-02T20:03:05Z,219002177,54.935972,11.371982,0.0,Under way using engine
2026-10-02T20:03:29Z,219000811,54.916062,11.359963,0.0,Under way using engine
2026-10-02T20:03:35Z,219002177,54.935972,11.371987,0.0,Under way using engine
2026-10-02T20:03:53Z,219000809,54.971928,11.514587,0.0,Moored
2026-10-02T20:03:59Z,219000811,54.916062,11.359965,0.0,Under way using engine
2026-10-02T20:04:05Z,219002177,54.935977,11.371995,0.0,Under way using engine
2026-10-02T20:04:29Z,219000811,54.916062,11.359965,0.0,Under way using engine
2026-10-02T20:04:35Z,219002177,54.935978,11.371995,0.0,Under way using engine
2026-10-02T20:04:36Z,219000809,54.971928,11.514587,0.0,Moored
2026-10-02T20:04:59Z,219000811,54.916062,11.359962,0.0,Under way using engine
2026-10-02T20:05:05Z,219002177,54.935980,11.371992,0.0,Under way using engine
2026-10-02T20:05:29Z,219000811,54.916062,11.359965,0.0,Under way using engine
2026-10-02T20:05:35Z,219002177,54.935975,11.372018,0.0,Under way using engine
2026-10-02T20:05:59Z,219000811,54.916062,11.359967,0.0,Under way using engine
2026-10-02T20:06:13Z,219002177,54.935972,11.372007,0.0,Under way using engine
2026-10-02T20:06:30Z,219000811,54.916063,11.359967,0.0,Under way using engine
2026-10-02T20:06:44Z,219002177,54.935960,11.372000,0.0,Under way using engine
2026-10-02T20:06:53Z,219000809,54.971915,11.514557,0.0,Moored
2026-10-02T20:07:08Z,219000811,54.916065,11.359967,0.0,Under way using engine
2026-10-02T20:07:25Z,219002177,54.935973,11.372000,0.0,Under way using engine
2026-10-02T20:07:40Z,219000811,54.916063,11.359972,0.0,Under way using engine
2026-10-02T20:07:57Z,219002177,54.935988,11.371988,0.0,Under way using engine
2026-10-02T20:08:20Z,219000811,54.916065,11.359978,0.0,Under way using engine
2026-10-02T20:08:33Z,219002177,54.935988,11.371980,0.0,Under way using engine
2026-10-02T20:08:50Z,219000811,54.916065,11.359978,0.0,Under way using engine
2026-10-02T20:09:04Z,219002177,54.935973,11.371988,0.0,Under way using engine
2026-10-02T20:09:20Z,219000811,54.916062,11.359977,0.0,Under way using engine
2026-10-02T20:09:44Z,219002177,54.935973,11.371995,0.0,Under way using engine
2026-10-02T20:09:50Z,219000811,54.916060,11.359973,0.0,Under way using engine
2026-10-02T20:09:53Z,219000809,54.971908,11.514567,0.0,Moored
2026-10-02T20:10:15Z,219002177,54.935978,11.371993,0.0,Under way using engine
2026-10-02T20:10:20Z,219000811,54.916060,11.359970,0.0,Under way using engine
2026-10-02T20:10:36Z,219000809,54.971908,11.514567,0.0,Moored
2026-10-02T20:10:55Z,219002177,54.935982,11.371988,0.0,Under way using engine
2026-10-02T20:10:58Z,219000811,54.916060,11.359968,0.0,Under way using engine
2026-10-02T20:11:29Z,219000811,54.916062,11.359965,0.0,Under way using engine
2026-10-02T20:11:33Z,219002177,54.935992,11.371985,0.1,Under way using engine
2026-10-02T20:12:04Z,219002177,54.935990,11.371977,0.0,Under way using engine
2026-10-02T20:12:10Z,219000811,54.916060,11.359962,0.0,Under way using engine
2026-10-02T20:12:44Z,219002177,54.935990,11.371977,0.0,Under way using engine
2026-10-02T20:12:51Z,219000809,54.971905,11.514563,0.0,Moored
2026-10-02T20:12:59Z,219000811,54.916062,11.359967,0.0,Under way using engine
2026-10-02T20:13:15Z,219002177,54.935972,11.372002,0.0,Under way using engine
2026-10-02T20:13:29Z,219000811,54.916065,11.359970,0.0,Under way using engine
2026-10-02T20:13:55Z,219002177,54.935970,11.371992,0.0,Under way using engine
2026-10-02T20:13:59Z,219000811,54.916067,11.359970,0.0,Under way using engine
2026-10-02T20:14:25Z,219002177,54.935970,11.371987,0.0,Under way using engine
2026-10-02T20:14:29Z,219000811,54.916068,11.359968,0.0,Under way using engine
2026-10-02T20:14:55Z,219002177,54.935968,11.371973,0.0,Under way using engine
2026-10-02T20:14:59Z,219000811,54.916068,11.359968,0.0,Under way using engine
2026-10-02T20:15:25Z,219002177,54.935973,11.371982,0.0,Under way using engine
2026-10-02T20:15:29Z,219000811,54.916067,11.359970,0.0,Under way using engine
2026-10-02T20:15:54Z,219000809,54.971903,11.514558,0.0,Moored
2026-10-02T20:15:55Z,219002177,54.935975,11.371977,0.0,Under way using engine
2026-10-02T20:15:59Z,219000811,54.916065,11.359972,0.0,Under way using engine
2026-10-02T20:16:25Z,219002177,54.935980,11.371978,0.0,Under way using engine
2026-10-02T20:16:29Z,219000811,54.916063,11.359973,0.0,Under way using engine
2026-10-02T20:16:36Z,219000809,54.971903,11.514558,0.0,Moored
2026-10-02T20:16:59Z,219000811,54.916065,11.359973,0.0,Under way using engine
2026-10-02T20:17:04Z,219002177,54.935987,11.371983,0.0,Under way using engine
2026-10-02T20:17:29Z,219000811,54.916067,11.359973,0.0,Under way using engine
2026-10-02T20:17:43Z,219002177,54.935983,11.372012,0.0,Under way using engine
2026-10-02T20:17:59Z,219000811,54.916068,11.359975,0.0,Under way using engine
2026-10-02T20:18:15Z,219002177,54.935975,11.372012,0.0,Under way using engine
2026-10-02T20:18:30Z,219000811,54.916068,11.359975,0.0,Under way using engine
2026-10-02T20:18:54Z,219002177,54.935975,11.371997,0.0,Under way using engine
2026-10-02T20:19:10Z,219000811,54.916067,11.359975,0.0,Under way using engine
2026-10-02T20:19:25Z,219002177,54.935987,11.371997,0.0,Under way using engine
2026-10-02T20:19:50Z,219000811,54.916065,11.359972,0.0,Under way using engine
2026-10-02T20:19:58Z,219002177,54.935982,11.371985,0.0,Under way using engine
2026-10-02T20:20:30Z,219000811,54.916062,11.359968,0.0,Under way using engine
2026-10-02T20:20:35Z,219002177,54.935972,11.371973,0.0,Under way using engine
2026-10-02T20:21:10Z,219000811,54.916058,11.359967,0.0,Under way using engine
2026-10-02T20:21:15Z,219002177,54.935977,11.371975,0.0,Under way using engine
2026-10-02T20:21:50Z,219000811,54.916058,11.359967,0.0,Under way using engine
2026-10-02T20:21:54Z,219000809,54.971910,11.514570,0.0,Moored
2026-10-02T20:21:54Z,219002177,54.935980,11.371967,0.0,Under way using engine
2026-10-02T20:22:25Z,219002177,54.935985,11.371973,0.0,Under way using engine
2026-10-02T20:22:30Z,219000811,54.916060,11.359967,0.0,Under way using engine
2026-10-02T20:22:36Z,219000809,54.971910,11.514570,0.0,Moored
2026-10-02T20:23:04Z,219002177,54.935990,11.371972,0.0,Under way using engine
2026-10-02T20:23:10Z,219000811,54.916060,11.359965,0.0,Under way using engine
2026-10-02T20:23:34Z,219002177,54.935985,11.371973,0.0,Under way using engine
2026-10-02T20:23:50Z,219000811,54.916062,11.359965,0.0,Under way using engine
2026-10-02T20:24:04Z,219002177,54.935982,11.371985,0.0,Under way using engine
2026-10-02T20:24:26Z,219000811,54.916063,11.359965,0.0,Under way using engine
2026-10-02T20:24:34Z,219002177,54.935973,11.371998,0.0,Under way using engine
2026-10-02T20:24:52Z,219000809,54.971915,11.514573,0.0,Moored
2026-10-02T20:25:00Z,219000811,54.916062,11.359965,0.0,Under way using engine
2026-10-02T20:25:04Z,219002177,54.935977,11.372013,0.0,Under way using engine
2026-10-02T20:25:30Z,219000811,54.916060,11.359965,0.0,Under way using engine
2026-10-02T20:25:44Z,219002177,54.935982,11.372000,0.0,Under way using engine
2026-10-02T20:26:00Z,219000811,54.916060,11.359963,0.0,Under way using engine
2026-10-02T20:26:14Z,219002177,54.935983,11.371987,0.0,Under way using engine
2026-10-02T20:26:30Z,219000811,54.916062,11.359963,0.0,Under way using engine
2026-10-02T20:26:44Z,219002177,54.935980,11.371985,0.0,Under way using engine
2026-10-02T20:27:10Z,219000811,54.916063,11.359967,0.0,Under way using engine
2026-10-02T20:27:25Z,219002177,54.935987,11.371977,0.0,Under way using engine
2026-10-02T20:27:40Z,219000811,54.916065,11.359967,0.0,Under way using engine
2026-10-02T20:27:53Z,219000809,54.971908,11.514562,0.0,Moored
2026-10-02T20:28:04Z,219002177,54.935997,11.371993,0.0,Under way using engine
2026-10-02T20:28:10Z,219000811,54.916067,11.359968,0.0,Under way using engine
2026-10-02T20:28:36Z,219000809,54.971908,11.514562,0.0,Moored
2026-10-02T20:28:40Z,219000811,54.916067,11.359968,0.0,Under way using engine
2026-10-02T20:28:44Z,219002177,54.935985,11.371990,0.0,Under way using engine
2026-10-02T20:29:10Z,219000811,54.916065,11.359972,0.0,Under way using engine
2026-10-02T20:29:25Z,219002177,54.935977,11.371973,0.0,Under way using engine
2026-10-02T20:29:40Z,219000811,54.916063,11.359972,0.0,Under way using engine
2026-10-02T20:30:04Z,219002177,54.935990,11.371992,0.0,Under way using engine
2026-10-02T20:30:10Z,219000811,54.916060,11.359975,0.0,Under way using engine
2026-10-02T20:30:35Z,219002177,54.935995,11.371992,0.0,Under way using engine
2026-10-02T20:30:40Z,219000811,54.916058,11.359977,0.0,Under way using engine
2026-10-02T20:30:53Z,219000809,54.971910,11.514557,0.0,Moored
2026-10-02T20:31:10Z,219000811,54.916055,11.359977,0.0,Under way using engine
2026-10-02T20:31:13Z,219002177,54.936007,11.371995,0.0,Under way using engine
2026-10-02T20:31:40Z,219000811,54.916055,11.359977,0.0,Under way using engine
2026-10-02T20:31:44Z,219002177,54.936003,11.371995,0.0,Under way using engine
2026-10-02T20:32:14Z,219002177,54.935993,11.371992,0.0,Under way using engine
2026-10-02T20:32:19Z,219000811,54.916058,11.359977,0.0,Under way using engine
2026-10-02T20:32:44Z,219002177,54.935993,11.371993,0.0,Under way using engine
2026-10-02T20:32:50Z,219000811,54.916058,11.359975,0.0,Under way using engine
2026-10-02T20:33:14Z,219002177,54.935988,11.372020,0.0,Under way using engine
2026-10-02T20:33:29Z,219000811,54.916060,11.359975,0.0,Under way using engine
2026-10-02T20:33:44Z,219002177,54.935987,11.372065,0.0,Under way using engine
2026-10-02T20:33:53Z,219000809,54.971932,11.514553,0.0,Moored
2026-10-02T20:33:59Z,219000811,54.916063,11.359978,0.0,Under way using engine
2026-10-02T20:34:14Z,219002177,54.935990,11.372090,0.0,Under way using engine
2026-10-02T20:34:30Z,219000811,54.916065,11.359980,0.0,Under way using engine
2026-10-02T20:34:35Z,219000809,54.971932,11.514553,0.0,Moored
2026-10-02T20:34:44Z,219002177,54.935992,11.372045,0.0,Under way using engine
2026-10-02T20:35:09Z,219000811,54.916067,11.359980,0.0,Under way using engine
2026-10-02T20:35:14Z,219002177,54.935992,11.371983,0.0,Under way using engine
2026-10-02T20:35:40Z,219000811,54.916067,11.359982,0.0,Under way using engine
2026-10-02T20:35:44Z,219002177,54.935983,11.371982,0.0,Under way using engine
2026-10-02T20:36:14Z,219002177,54.935990,11.371997,0.0,Under way using engine
2026-10-02T20:36:20Z,219000811,54.916067,11.359987,0.0,Under way using engine
2026-10-02T20:36:44Z,219002177,54.935988,11.372007,0.0,Under way using engine
2026-10-02T20:36:55Z,219000809,54.971918,11.514577,0.0,Moored
2026-10-02T20:36:59Z,219000811,54.916065,11.359985,0.0,Under way using engine
2026-10-02T20:37:14Z,219002177,54.935992,11.372003,0.0,Under way using engine
2026-10-02T20:37:30Z,219000811,54.916063,11.359982,0.0,Under way using engine
2026-10-02T20:37:45Z,219002177,54.935988,11.371982,0.0,Under way using engine
2026-10-02T20:38:09Z,219000811,54.916062,11.359977,0.0,Under way using engine
2026-10-02T20:38:25Z,219002177,54.935988,11.371998,0.0,Under way using engine
2026-10-02T20:38:40Z,219000811,54.916060,11.359975,0.0,Under way using engine
2026-10-02T20:39:05Z,219002177,54.935982,11.371977,0.0,Under way using engine
2026-10-02T20:39:20Z,219000811,54.916058,11.359972,0.0,Under way using engine
2026-10-02T20:39:35Z,219002177,54.935975,11.371982,0.0,Under way using engine
2026-10-02T20:39:54Z,219000809,54.971900,11.514582,0.0,Moored
2026-10-02T20:39:59Z,219000811,54.916055,11.359978,0.0,Under way using engine
2026-10-02T20:40:05Z,219002177,54.935995,11.371993,0.0,Under way using engine
2026-10-02T20:40:29Z,219000811,54.916057,11.359980,0.0,Under way using engine
2026-10-02T20:40:35Z,219002177,54.935983,11.371982,0.0,Under way using engine
2026-10-02T20:40:36Z,219000809,54.971900,11.514582,0.0,Moored
2026-10-02T20:40:59Z,219000811,54.916057,11.359982,0.0,Under way using engine
2026-10-02T20:41:13Z,219002177,54.935975,11.371987,0.0,Under way using engine
2026-10-02T20:41:29Z,219000811,54.916057,11.359985,0.0,Under way using engine
2026-10-02T20:41:45Z,219002177,54.935997,11.372002,0.0,Under way using engine
2026-10-02T20:41:59Z,219000811,54.916057,11.359985,0.0,Under way using engine
2026-10-02T20:42:24Z,219002177,54.935973,11.372013,0.0,Under way using engine
2026-10-02T20:42:29Z,219000811,54.916058,11.359982,0.0,Under way using engine
2026-10-02T20:42:52Z,219000809,54.971908,11.514575,0.0,Moored
2026-10-02T20:42:54Z,219002177,54.935972,11.372002,0.0,Under way using engine
2026-10-02T20:42:59Z,219000811,54.916060,11.359978,0.0,Under way using engine
2026-10-02T20:43:24Z,219002177,54.935967,11.372018,0.0,Under way using engine
2026-10-02T20:43:29Z,219000811,54.916060,11.359977,0.0,Under way using engine
2026-10-02T20:43:54Z,219002177,54.935973,11.372013,0.0,Under way using engine
2026-10-02T20:43:59Z,219000811,54.916058,11.359980,0.0,Under way using engine
2026-10-02T20:44:24Z,219002177,54.935975,11.372003,0.0,Under way using engine
2026-10-02T20:44:29Z,219000811,54.916060,11.359978,0.0,Under way using engine
2026-10-02T20:44:54Z,219002177,54.935978,11.372003,0.0,Under way using engine
2026-10-02T20:44:59Z,219000811,54.916058,11.359977,0.0,Under way using engine
2026-10-02T20:45:24Z,219002177,54.935967,11.372000,0.0,Under way using engine
2026-10-02T20:45:29Z,219000811,54.916058,11.359980,0.0,Under way using engine
2026-10-02T20:45:53Z,219000809,54.971910,11.514595,0.0,Moored
2026-10-02T20:45:55Z,219002177,54.935997,11.372002,0.0,Under way using engine
2026-10-02T20:45:59Z,219000811,54.916058,11.359980,0.0,Under way using engine
2026-10-02T20:46:29Z,219000811,54.916057,11.359978,0.0,Under way using engine
2026-10-02T20:46:35Z,219000809,54.971910,11.514595,0.0,Moored
2026-10-02T20:46:35Z,219002177,54.935973,11.372013,0.0,Under way using engine
2026-10-02T20:46:59Z,219000811,54.916057,11.359980,0.0,Under way using engine
2026-10-02T20:47:05Z,219002177,54.935975,11.372015,0.0,Under way using engine
2026-10-02T20:47:29Z,219000811,54.916060,11.359978,0.0,Under way using engine
2026-10-02T20:47:35Z,219002177,54.935972,11.372020,0.0,Under way using engine
2026-10-02T20:48:00Z,219000811,54.916060,11.359978,0.0,Under way using engine
2026-10-02T20:48:05Z,219002177,54.935978,11.372028,0.0,Under way using engine
2026-10-02T20:48:35Z,219002177,54.935992,11.372013,0.0,Under way using engine
2026-10-02T20:48:40Z,219000811,54.916063,11.359977,0.0,Under way using engine
2026-10-02T20:48:55Z,219000809,54.971905,11.514567,0.0,Moored
2026-10-02T20:49:05Z,219002177,54.935977,11.372008,0.0,Under way using engine
2026-10-02T20:49:10Z,219000811,54.916062,11.359975,0.0,Under way using engine
2026-10-02T20:49:35Z,219002177,54.935978,11.371998,0.0,Under way using engine
2026-10-02T20:49:40Z,219000811,54.916062,11.359972,0.0,Under way using engine
2026-10-02T20:50:10Z,219000811,54.916060,11.359970,0.0,Under way using engine
2026-10-02T20:50:13Z,219002177,54.935975,11.371995,0.0,Under way using engine
2026-10-02T20:50:40Z,219000811,54.916063,11.359972,0.0,Under way using engine
2026-10-02T20:50:44Z,219002177,54.935972,11.371995,0.0,Under way using engine
2026-10-02T20:51:10Z,219000811,54.916065,11.359973,0.0,Under way using engine
2026-10-02T20:51:14Z,219002177,54.935962,11.372015,0.0,Under way using engine
2026-10-02T20:51:40Z,219000811,54.916065,11.359978,0.0,Under way using engine
2026-10-02T20:51:44Z,219002177,54.935963,11.372010,0.0,Under way using engine
2026-10-02T20:51:55Z,219000809,54.971903,11.514563,0.0,Moored
2026-10-02T20:52:10Z,219000811,54.916065,11.359978,0.0,Under way using engine
2026-10-02T20:52:14Z,219002177,54.935967,11.371998,0.0,Under way using engine
2026-10-02T20:52:36Z,219000809,54.971903,11.514563,0.0,Moored
2026-10-02T20:52:40Z,219000811,54.916065,11.359978,0.0,Under way using engine
2026-10-02T20:52:55Z,219002177,54.935973,11.371993,0.0,Under way using engine
2026-10-02T20:53:10Z,219000811,54.916067,11.359977,0.0,Under way using engine
2026-10-02T20:53:34Z,219002177,54.935978,11.371997,0.0,Under way using engine
2026-10-02T20:53:40Z,219000811,54.916063,11.359975,0.0,Under way using engine
2026-10-02T20:54:04Z,219002177,54.935982,11.372005,0.0,Under way using engine
2026-10-02T20:54:10Z,219000811,54.916063,11.359977,0.0,Under way using engine
2026-10-02T20:54:34Z,219002177,54.935987,11.372002,0.0,Under way using engine
2026-10-02T20:54:40Z,219000811,54.916062,11.359980,0.0,Under way using engine
2026-10-02T20:54:55Z,219000809,54.971912,11.514583,0.0,Moored
2026-10-02T20:55:04Z,219002177,54.935985,11.372000,0.0,Under way using engine
2026-10-02T20:55:18Z,219000811,54.916060,11.359978,0.0,Under way using engine
2026-10-02T20:55:34Z,219002177,54.935985,11.371983,0.0,Under way using engine
2026-10-02T20:55:49Z,219000811,54.916058,11.359977,0.0,Under way using engine
2026-10-02T20:56:04Z,219002177,54.935992,11.371985,0.0,Under way using engine
2026-10-02T20:56:30Z,219000811,54.916058,11.359973,0.0,Under way using engine
2026-10-02T20:56:34Z,219002177,54.935987,11.371980,0.0,Under way using engine
2026-10-02T20:57:00Z,219000811,54.916058,11.359973,0.0,Under way using engine
2026-10-02T20:57:04Z,219002177,54.935977,11.371980,0.0,Under way using engine
2026-10-02T20:57:30Z,219000811,54.916058,11.359973,0.0,Under way using engine
2026-10-02T20:57:34Z,219002177,54.935982,11.371992,0.0,Under way using engine
2026-10-02T20:57:52Z,219000809,54.971898,11.514557,0.0,Moored
2026-10-02T20:58:00Z,219000811,54.916058,11.359973,0.0,Under way using engine
2026-10-02T20:58:04Z,219002177,54.935980,11.371997,0.0,Under way using engine
2026-10-02T20:58:30Z,219000811,54.916058,11.359972,0.0,Under way using engine
2026-10-02T20:58:34Z,219002177,54.935963,11.372012,0.0,Under way using engine
2026-10-02T20:58:36Z,219000809,54.971898,11.514557,0.0,Moored
2026-10-02T20:59:00Z,219000811,54.916060,11.359973,0.0,Under way using engine
2026-10-02T20:59:04Z,219002177,54.935967,11.371997,0.0,Under way using engine
2026-10-02T20:59:30Z,219000811,54.916060,11.359977,0.0,Under way using engine
2026-10-02T20:59:34Z,219002177,54.935967,11.371993,0.0,Under way using engine
2026-10-02T21:00:00Z,219000811,54.916058,11.359978,0.0,Under way using engine
2026-10-02T21:00:15Z,219002177,54.935967,11.371988,0.0,Under way using engine
2026-10-02T21:00:30Z,219000811,54.916058,11.359977,0.0,Under way using engine
2026-10-02T21:00:53Z,219000809,54.971900,11.514578,0.0,Moored
2026-10-02T21:00:54Z,219002177,54.935973,11.371988,0.0,Under way using engine
2026-10-02T21:01:09Z,219000811,54.916058,11.359977,0.0,Under way using engine
2026-10-02T21:01:44Z,219002177,54.935983,11.371988,0.0,Under way using engine
2026-10-02T21:01:50Z,219000811,54.916060,11.359978,0.0,Under way using engine
2026-10-02T21:02:15Z,219002177,54.935983,11.371988,0.0,Under way using engine
2026-10-02T21:02:30Z,219000811,54.916060,11.359980,0.0,Under way using engine
2026-10-02T21:02:54Z,219002177,54.935995,11.372002,0.0,Under way using engine
2026-10-02T21:03:10Z,219000811,54.916060,11.359978,0.0,Under way using engine
2026-10-02T21:03:50Z,219000811,54.916062,11.359978,0.0,Under way using engine
2026-10-02T21:03:53Z,219000809,54.971908,11.514573,0.0,Moored
2026-10-02T21:03:54Z,219002177,54.935978,11.371985,0.0,Under way using engine
2026-10-02T21:04:30Z,219000811,54.916063,11.359977,0.0,Under way using engine
2026-10-02T21:04:34Z,219002177,54.935965,11.371978,0.0,Under way using engine
2026-10-02T21:04:36Z,219000809,54.971908,11.514573,0.0,Moored
2026-10-02T21:05:05Z,219002177,54.935972,11.371985,0.0,Under way using engine
2026-10-02T21:05:10Z,219000811,54.916067,11.359975,0.0,Under way using engine
2026-10-02T21:05:50Z,219000811,54.916067,11.359968,0.0,Under way using engine
2026-10-02T21:05:54Z,219002177,54.935978,11.371992,0.0,Under way using engine
2026-10-02T21:06:23Z,219000811,54.916070,11.359963,0.0,Under way using engine
2026-10-02T21:06:24Z,219002177,54.935983,11.371992,0.0,Under way using engine
2026-10-02T21:06:53Z,219000809,54.971918,11.514597,0.0,Moored
2026-10-02T21:06:54Z,219002177,54.935978,11.371995,0.0,Under way using engine
2026-10-02T21:06:58Z,219000811,54.916072,11.359957,0.0,Under way using engine
2026-10-02T21:07:24Z,219002177,54.935978,11.371997,0.0,Under way using engine
2026-10-02T21:07:29Z,219000811,54.916072,11.359955,0.0,Under way using engine
2026-10-02T21:07:55Z,219002177,54.935975,11.372007,0.0,Under way using engine
2026-10-02T21:08:10Z,219000811,54.916072,11.359952,0.0,Under way using engine
2026-10-02T21:08:34Z,219002177,54.935977,11.372002,0.0,Under way using engine
2026-10-02T21:08:50Z,219000811,54.916068,11.359957,0.0,Under way using engine
2026-10-02T21:09:24Z,219002177,54.935973,11.372000,0.0,Under way using engine
2026-10-02T21:09:29Z,219000811,54.916068,11.359963,0.0,Under way using engine
2026-10-02T21:09:54Z,219000809,54.971912,11.514557,0.0,Moored
2026-10-02T21:09:55Z,219002177,54.935973,11.371998,0.0,Under way using engine
2026-10-02T21:10:00Z,219000811,54.916067,11.359965,0.0,Under way using engine
2026-10-02T21:10:34Z,219002177,54.935977,11.372008,0.0,Under way using engine
2026-10-02T21:10:36Z,219000809,54.971912,11.514557,0.0,Moored
2026-10-02T21:10:40Z,219000811,54.916068,11.359965,0.0,Under way using engine
2026-10-02T21:11:18Z,219000811,54.916065,11.359967,0.0,Under way using engine
2026-10-02T21:11:24Z,219002177,54.935978,11.371980,0.0,Under way using engine
2026-10-02T21:11:50Z,219000811,54.916067,11.359968,0.0,Under way using engine
2026-10-02T21:11:55Z,219002177,54.935977,11.371968,0.0,Under way using engine
2026-10-02T21:12:24Z,219000811,54.916067,11.359968,0.0,Under way using engine
2026-10-02T21:12:34Z,219002177,54.935965,11.371988,0.0,Under way using engine
2026-10-02T21:12:53Z,219000809,54.971903,11.514570,0.0,Moored
2026-10-02T21:12:58Z,219000811,54.916068,11.359970,0.0,Under way using engine
2026-10-02T21:13:05Z,219002177,54.935965,11.371992,0.0,Under way using engine
2026-10-02T21:13:30Z,219000811,54.916068,11.359968,0.0,Under way using engine
2026-10-02T21:13:44Z,219002177,54.935965,11.372000,0.0,Under way using engine
2026-10-02T21:14:09Z,219000811,54.916068,11.359968,0.0,Under way using engine
2026-10-02T21:14:24Z,219002177,54.935975,11.372000,0.0,Under way using engine
2026-10-02T21:14:39Z,219000811,54.916070,11.359968,0.0,Under way using engine
2026-10-02T21:14:55Z,219002177,54.935968,11.372010,0.0,Under way using engine
2026-10-02T21:15:09Z,219000811,54.916072,11.359968,0.0,Under way using engine
2026-10-02T21:15:35Z,219002177,54.935968,11.372005,0.0,Under way using engine
2026-10-02T21:15:39Z,219000811,54.916073,11.359968,0.0,Under way using engine
2026-10-02T21:15:54Z,219000809,54.971928,11.514548,0.0,Moored
2026-10-02T21:16:05Z,219002177,54.935972,11.371993,0.0,Under way using engine
2026-10-02T21:16:09Z,219000811,54.916077,11.359965,0.0,Under way using engine
2026-10-02T21:16:35Z,219002177,54.935980,11.371978,0.0,Under way using engine
2026-10-02T21:16:37Z,219000809,54.971928,11.514548,0.0,Moored
2026-10-02T21:16:39Z,219000811,54.916078,11.359967,0.0,Under way using engine
2026-10-02T21:17:09Z,219000811,54.916080,11.359967,0.0,Under way using engine
2026-10-02T21:17:13Z,219002177,54.935977,11.371995,0.0,Under way using engine
2026-10-02T21:17:39Z,219000811,54.916080,11.359965,0.0,Under way using engine
2026-10-02T21:17:54Z,219002177,54.935973,11.371992,0.0,Under way using engine
2026-10-02T21:18:09Z,219000811,54.916078,11.359962,0.0,Under way using engine
2026-10-02T21:18:25Z,219002177,54.935997,11.371952,0.0,Under way using engine
2026-10-02T21:18:39Z,219000811,54.916075,11.359963,0.0,Under way using engine
2026-10-02T21:18:53Z,219000809,54.971907,11.514540,0.0,Moored
2026-10-02T21:19:05Z,219002177,54.935973,11.371977,0.0,Under way using engine
2026-10-02T21:19:09Z,219000811,54.916073,11.359965,0.0,Under way using engine
2026-10-02T21:19:35Z,219002177,54.935965,11.371987,0.0,Under way using engine
2026-10-02T21:19:39Z,219000811,54.916073,11.359965,0.0,Under way using engine
2026-10-02T21:20:05Z,219002177,54.935957,11.371995,0.0,Under way using engine
2026-10-02T21:20:09Z,219000811,54.916073,11.359963,0.0,Under way using engine
2026-10-02T21:20:35Z,219002177,54.935962,11.371970,0.0,Under way using engine
2026-10-02T21:20:39Z,219000811,54.916073,11.359963,0.0,Under way using engine
2026-10-02T21:21:05Z,219002177,54.935945,11.371982,0.0,Under way using engine
2026-10-02T21:21:09Z,219000811,54.916073,11.359965,0.0,Under way using engine
2026-10-02T21:21:35Z,219002177,54.935947,11.371975,0.0,Under way using engine
2026-10-02T21:21:39Z,219000811,54.916072,11.359967,0.0,Under way using engine
2026-10-02T21:21:55Z,219000809,54.971920,11.514567,0.0,Moored
2026-10-02T21:22:05Z,219002177,54.935953,11.371988,0.0,Under way using engine
2026-10-02T21:22:10Z,219000811,54.916072,11.359968,0.0,Under way using engine
2026-10-02T21:22:35Z,219002177,54.935970,11.371978,0.0,Under way using engine
2026-10-02T21:22:37Z,219000809,54.971920,11.514567,0.0,Moored
2026-10-02T21:22:49Z,219000811,54.916073,11.359970,0.0,Under way using engine
2026-10-02T21:23:05Z,219002177,54.935965,11.372012,0.0,Under way using engine
2026-10-02T21:23:20Z,219000811,54.916075,11.359972,0.0,Under way using engine
2026-10-02T21:23:44Z,219002177,54.936008,11.371968,0.0,Under way using engine
2026-10-02T21:23:59Z,219000811,54.916073,11.359973,0.0,Under way using engine
2026-10-02T21:24:14Z,219002177,54.935998,11.371962,0.0,Under way using engine
2026-10-02T21:24:29Z,219000811,54.916070,11.359973,0.0,Under way using engine
2026-10-02T21:24:44Z,219002177,54.935980,11.371967,0.0,Under way using engine
2026-10-02T21:24:53Z,219000809,54.971928,11.514605,0.0,Moored
2026-10-02T21:24:59Z,219000811,54.916068,11.359975,0.0,Under way using engine
2026-10-02T21:25:14Z,219002177,54.935967,11.371968,0.0,Under way using engine
2026-10-02T21:25:29Z,219000811,54.916065,11.359977,0.0,Under way using engine
2026-10-02T21:25:44Z,219002177,54.935970,11.371975,0.0,Under way using engine
2026-10-02T21:25:59Z,219000811,54.916063,11.359975,0.0,Under way using engine
2026-10-02T21:26:14Z,219002177,54.935958,11.371977,0.0,Under way using engine
2026-10-02T21:26:29Z,219000811,54.916062,11.359975,0.0,Under way using engine
2026-10-02T21:26:44Z,219002177,54.935942,11.371987,0.0,Under way using engine
2026-10-02T21:26:59Z,219000811,54.916062,11.359975,0.0,Under way using engine
2026-10-02T21:27:14Z,219002177,54.935955,11.371957,0.0,Under way using engine
2026-10-02T21:27:29Z,219000811,54.916062,11.359972,0.0,Under way using engine
2026-10-02T21:27:54Z,219000809,54.971902,11.514577,0.0,Moored
2026-10-02T21:27:55Z,219002177,54.935970,11.371960,0.0,Under way using engine
2026-10-02T21:27:59Z,219000811,54.916063,11.359970,0.0,Under way using engine
2026-10-02T21:28:29Z,219000811,54.916067,11.359968,0.0,Under way using engine
2026-10-02T21:28:37Z,219000809,54.971902,11.514577,0.0,Moored
2026-10-02T21:28:53Z,219002177,54.935972,11.371987,0.0,Under way using engine
2026-10-02T21:28:59Z,219000811,54.916068,11.359967,0.0,Under way using engine
2026-10-02T21:29:24Z,219002177,54.935968,11.371975,0.0,Under way using engine
2026-10-02T21:29:29Z,219000811,54.916068,11.359965,0.0,Under way using engine
2026-10-02T21:29:59Z,219000811,54.916070,11.359962,0.0,Under way using engine
2026-10-02T21:30:05Z,219002177,54.935945,11.371992,0.0,Under way using engine
2026-10-02T21:30:29Z,219000811,54.916072,11.359962,0.0,Under way using engine
2026-10-02T21:30:35Z,219002177,54.935960,11.371977,0.0,Under way using engine
2026-10-02T21:30:55Z,219000809,54.971913,11.514573,0.0,Moored
2026-10-02T21:30:59Z,219000811,54.916072,11.359962,0.0,Under way using engine
2026-10-02T21:31:15Z,219002177,54.935978,11.371962,0.0,Under way using engine
2026-10-02T21:31:29Z,219000811,54.916072,11.359963,0.0,Under way using engine
2026-10-02T21:31:53Z,219002177,54.935975,11.371993,0.0,Under way using engine
2026-10-02T21:31:59Z,219000811,54.916070,11.359965,0.0,Under way using engine
2026-10-02T21:32:24Z,219002177,54.935972,11.371995,0.0,Under way using engine
2026-10-02T21:32:29Z,219000811,54.916067,11.359968,0.0,Under way using engine
2026-10-02T21:32:59Z,219000811,54.916065,11.359968,0.0,Under way using engine
2026-10-02T21:33:04Z,219002177,54.935972,11.372000,0.0,Under way using engine
2026-10-02T21:33:29Z,219000811,54.916062,11.359973,0.0,Under way using engine
2026-10-02T21:33:35Z,219002177,54.935978,11.372008,0.0,Under way using engine
2026-10-02T21:33:54Z,219000809,54.971942,11.514563,0.0,Moored
2026-10-02T21:33:59Z,219000811,54.916058,11.359977,0.0,Under way using engine
2026-10-02T21:34:14Z,219002177,54.935978,11.371987,0.0,Under way using engine
2026-10-02T21:34:29Z,219000811,54.916057,11.359980,0.0,Under way using engine
2026-10-02T21:34:37Z,219000809,54.971942,11.514563,0.0,Moored
2026-10-02T21:34:53Z,219002177,54.935983,11.372003,0.0,Under way using engine
2026-10-02T21:34:59Z,219000811,54.916058,11.359980,0.0,Under way using engine
2026-10-02T21:35:24Z,219002177,54.935980,11.372002,0.0,Under way using engine
2026-10-02T21:35:29Z,219000811,54.916057,11.359982,0.0,Under way using engine
2026-10-02T21:35:59Z,219000811,54.916055,11.359983,0.0,Under way using engine
2026-10-02T21:36:03Z,219002177,54.935978,11.371988,0.0,Under way using engine
2026-10-02T21:36:29Z,219000811,54.916053,11.359980,0.0,Under way using engine
2026-10-02T21:36:35Z,219002177,54.935982,11.371988,0.0,Under way using engine
2026-10-02T21:36:51Z,219000809,54.971920,11.514598,0.0,Moored
2026-10-02T21:36:59Z,219000811,54.916053,11.359982,0.0,Under way using engine
2026-10-02T21:37:14Z,219002177,54.935983,11.371985,0.0,Under way using engine
2026-10-02T21:37:29Z,219000811,54.916057,11.359982,0.0,Under way using engine
2026-10-02T21:37:44Z,219002177,54.935973,11.371992,0.0,Under way using engine
2026-10-02T21:37:59Z,219000811,54.916062,11.359978,0.0,Under way using engine
2026-10-02T21:38:14Z,219002177,54.935990,11.371972,0.0,Under way using engine
2026-10-02T21:38:29Z,219000811,54.916062,11.359975,0.0,Under way using engine
2026-10-02T21:38:44Z,219002177,54.935978,11.371978,0.0,Under way using engine
2026-10-02T21:38:59Z,219000811,54.916058,11.359975,0.0,Under way using engine
2026-10-02T21:39:14Z,219002177,54.935972,11.371992,0.0,Under way using engine
2026-10-02T21:39:29Z,219000811,54.916058,11.359970,0.0,Under way using engine
2026-10-02T21:39:44Z,219002177,54.935968,11.371995,0.0,Under way using engine
2026-10-02T21:39:53Z,219000809,54.971898,11.514587,0.0,Moored
2026-10-02T21:39:59Z,219000811,54.916060,11.359967,0.0,Under way using engine
2026-10-02T21:40:14Z,219002177,54.935977,11.371980,0.0,Under way using engine
2026-10-02T21:40:29Z,219000811,54.916062,11.359967,0.0,Under way using engine
2026-10-02T21:40:37Z,219000809,54.971898,11.514587,0.0,Moored
2026-10-02T21:40:44Z,219002177,54.935988,11.371970,0.0,Under way using engine
2026-10-02T21:40:59Z,219000811,54.916062,11.359967,0.0,Under way using engine
2026-10-02T21:41:24Z,219002177,54.935970,11.371990,0.0,Under way using engine
2026-10-02T21:41:29Z,219000811,54.916065,11.359970,0.0,Under way using engine
2026-10-02T21:41:59Z,219000811,54.916067,11.359973,0.0,Under way using engine
2026-10-02T21:42:04Z,219002177,54.935973,11.371975,0.0,Under way using engine
2026-10-02T21:42:29Z,219000811,54.916068,11.359973,0.0,Under way using engine
2026-10-02T21:42:44Z,219002177,54.935985,11.371965,0.0,Under way using engine
2026-10-02T21:42:53Z,219000809,54.971932,11.514595,0.0,Moored
2026-10-02T21:42:59Z,219000811,54.916068,11.359970,0.0,Under way using engine
2026-10-02T21:43:15Z,219002177,54.935980,11.371997,0.1,Under way using engine
2026-10-02T21:43:29Z,219000811,54.916067,11.359972,0.0,Under way using engine
2026-10-02T21:43:55Z,219002177,54.935977,11.371993,0.1,Under way using engine
2026-10-02T21:44:00Z,219000811,54.916067,11.359973,0.0,Under way using engine
2026-10-02T21:44:30Z,219000811,54.916070,11.359972,0.0,Under way using engine
2026-10-02T21:44:33Z,219002177,54.935968,11.372015,0.0,Under way using engine
2026-10-02T21:45:00Z,219000811,54.916072,11.359972,0.0,Under way using engine
2026-10-02T21:45:15Z,219002177,54.935983,11.372008,0.0,Under way using engine
2026-10-02T21:45:30Z,219000811,54.916072,11.359972,0.0,Under way using engine
2026-10-02T21:45:55Z,219000809,54.971948,11.514580,0.0,Moored
2026-10-02T21:45:55Z,219002177,54.935987,11.371992,0.0,Under way using engine
2026-10-02T21:46:00Z,219000811,54.916073,11.359970,0.0,Under way using engine
2026-10-02T21:46:30Z,219000811,54.916070,11.359970,0.0,Under way using engine
2026-10-02T21:46:33Z,219002177,54.936005,11.371968,0.0,Under way using engine
2026-10-02T21:46:37Z,219000809,54.971948,11.514580,0.0,Moored
2026-10-02T21:47:00Z,219000811,54.916065,11.359972,0.0,Under way using engine
2026-10-02T21:47:05Z,219002177,54.935985,11.371990,0.0,Under way using engine
2026-10-02T21:47:30Z,219000811,54.916062,11.359972,0.0,Under way using engine
2026-10-02T21:47:44Z,219002177,54.935977,11.371995,0.0,Under way using engine
2026-10-02T21:48:00Z,219000811,54.916062,11.359972,0.0,Under way using engine
2026-10-02T21:48:15Z,219002177,54.935965,11.371990,0.0,Under way using engine
2026-10-02T21:48:30Z,219000811,54.916063,11.359975,0.0,Under way using engine
2026-10-02T21:48:52Z,219000809,54.971930,11.514575,0.0,Moored
2026-10-02T21:48:54Z,219002177,54.936000,11.371970,0.0,Under way using engine
2026-10-02T21:49:00Z,219000811,54.916063,11.359978,0.0,Under way using engine
2026-10-02T21:49:24Z,219002177,54.935977,11.372010,0.1,Under way using engine
2026-10-02T21:49:40Z,219000811,54.916068,11.359980,0.0,Under way using engine
2026-10-02T21:49:54Z,219002177,54.935968,11.372000,0.0,Under way using engine
2026-10-02T21:50:19Z,219000811,54.916073,11.359977,0.0,Under way using engine
2026-10-02T21:50:24Z,219002177,54.935980,11.371990,0.0,Under way using engine
2026-10-02T21:50:50Z,219000811,54.916075,11.359977,0.0,Under way using engine
2026-10-02T21:50:54Z,219002177,54.935972,11.371985,0.0,Under way using engine
2026-10-02T21:51:24Z,219002177,54.935972,11.371972,0.0,Under way using engine
2026-10-02T21:51:29Z,219000811,54.916073,11.359977,0.0,Under way using engine
2026-10-02T21:51:54Z,219002177,54.935962,11.371985,0.0,Under way using engine
2026-10-02T21:51:55Z,219000809,54.971958,11.514573,0.0,Moored
2026-10-02T21:52:09Z,219000811,54.916072,11.359975,0.0,Under way using engine
2026-10-02T21:52:24Z,219002177,54.935983,11.371973,0.0,Under way using engine
2026-10-02T21:52:37Z,219000809,54.971958,11.514573,0.0,Moored
2026-10-02T21:52:40Z,219000811,54.916072,11.359972,0.0,Under way using engine
2026-10-02T21:52:55Z,219002177,54.935970,11.371968,0.0,Under way using engine
2026-10-02T21:53:19Z,219000811,54.916072,11.359967,0.0,Under way using engine
2026-10-02T21:53:34Z,219002177,54.935990,11.371953,0.1,Under way using engine
2026-10-02T21:53:50Z,219000811,54.916070,11.359965,0.0,Under way using engine
2026-10-02T21:54:04Z,219002177,54.935995,11.371955,0.0,Under way using engine
2026-10-02T21:54:25Z,219000811,54.916068,11.359965,0.0,Under way using engine
2026-10-02T21:54:34Z,219002177,54.935980,11.371972,0.0,Under way using engine
2026-10-02T21:54:55Z,219000809,54.971920,11.514582,0.0,Moored
2026-10-02T21:54:58Z,219000811,54.916068,11.359963,0.0,Under way using engine
2026-10-02T21:55:04Z,219002177,54.935943,11.372008,0.0,Under way using engine
2026-10-02T21:55:29Z,219000811,54.916070,11.359967,0.0,Under way using engine
2026-10-02T21:55:34Z,219002177,54.935988,11.371962,0.0,Under way using engine
2026-10-02T21:56:04Z,219002177,54.935983,11.371948,0.0,Under way using engine
2026-10-02T21:56:09Z,219000811,54.916070,11.359972,0.0,Under way using engine
2026-10-02T21:56:34Z,219002177,54.935968,11.371965,0.0,Under way using engine
2026-10-02T21:56:40Z,219000811,54.916070,11.359973,0.0,Under way using engine
2026-10-02T21:57:04Z,219002177,54.935973,11.371993,0.0,Under way using engine
2026-10-02T21:57:20Z,219000811,54.916070,11.359977,0.0,Under way using engine
2026-10-02T21:57:34Z,219002177,54.935980,11.371970,0.0,Under way using engine
2026-10-02T21:57:55Z,219000809,54.971928,11.514543,0.0,Moored
2026-10-02T21:57:58Z,219000811,54.916070,11.359978,0.0,Under way using engine
2026-10-02T21:58:04Z,219002177,54.935978,11.371982,0.0,Under way using engine
2026-10-02T21:58:29Z,219000811,54.916072,11.359977,0.0,Under way using engine
2026-10-02T21:58:34Z,219002177,54.935997,11.371978,0.0,Under way using engine
2026-10-02T21:58:37Z,219000809,54.971928,11.514543,0.0,Moored
2026-10-02T21:59:00Z,219000811,54.916070,11.359978,0.0,Under way using engine
2026-10-02T21:59:04Z,219002177,54.935982,11.371975,0.0,Under way using engine
2026-10-02T21:59:34Z,219002177,54.935973,11.371990,0.0,Under way using engine
2026-10-02T21:59:40Z,219000811,54.916068,11.359977,0.0,Under way using engine
2026-10-02T22:00:04Z,219002177,54.935958,11.371985,0.0,Under way using engine
2026-10-02T22:00:20Z,219000811,54.916067,11.359982,0.0,Under way using engine
2026-10-02T22:00:34Z,219002177,54.935955,11.371993,0.0,Under way using engine
2026-10-02T22:00:53Z,219000809,54.971933,11.514583,0.0,Moored
2026-10-02T22:01:00Z,219000811,54.916062,11.359985,0.0,Under way using engine
2026-10-02T22:01:04Z,219002177,54.935963,11.371985,0.0,Under way using engine
2026-10-02T22:01:34Z,219002177,54.935945,11.371973,0.0,Under way using engine
2026-10-02T22:01:40Z,219000811,54.916058,11.359988,0.0,Under way using engine
2026-10-02T22:02:04Z,219002177,54.935963,11.371975,0.0,Under way using engine
2026-10-02T22:02:20Z,219000811,54.916060,11.359983,0.0,Under way using engine
2026-10-02T22:02:34Z,219002177,54.935980,11.371968,0.0,Under way using engine
2026-10-02T22:03:00Z,219000811,54.916067,11.359982,0.0,Under way using engine
2026-10-02T22:03:04Z,219002177,54.936008,11.371965,0.0,Under way using engine
2026-10-02T22:03:30Z,219000811,54.916070,11.359983,0.0,Under way using engine
2026-10-02T22:03:34Z,219002177,54.935988,11.371955,0.0,Under way using engine
2026-10-02T22:03:53Z,219000809,54.971922,11.514572,0.0,Moored
2026-10-02T22:04:00Z,219000811,54.916070,11.359983,0.0,Under way using engine
2026-10-02T22:04:04Z,219002177,54.935998,11.371962,0.0,Under way using engine
2026-10-02T22:04:30Z,219000811,54.916070,11.359983,0.0,Under way using engine
2026-10-02T22:04:37Z,219000809,54.971922,11.514572,0.0,Moored
2026-10-02T22:04:44Z,219002177,54.935972,11.371973,0.0,Under way using engine
2026-10-02T22:05:00Z,219000811,54.916072,11.359980,0.0,Under way using engine
2026-10-02T22:05:25Z,219002177,54.935985,11.371990,0.0,Under way using engine
2026-10-02T22:05:30Z,219000811,54.916075,11.359977,0.0,Under way using engine
2026-10-02T22:06:00Z,219000811,54.916078,11.359977,0.0,Under way using engine
2026-10-02T22:06:04Z,219002177,54.935985,11.371987,0.0,Under way using engine
2026-10-02T22:06:30Z,219000811,54.916078,11.359977,0.0,Under way using engine
2026-10-02T22:06:43Z,219002177,54.935990,11.371992,0.0,Under way using engine
2026-10-02T22:06:54Z,219000809,54.971908,11.514570,0.0,Moored
2026-10-02T22:07:08Z,219000811,54.916077,11.359978,0.0,Under way using engine
2026-10-02T22:07:13Z,219002177,54.935980,11.371997,0.0,Under way using engine
2026-10-02T22:07:40Z,219000811,54.916080,11.359977,0.0,Under way using engine
2026-10-02T22:07:43Z,219002177,54.935992,11.371990,0.0,Under way using engine
2026-10-02T22:08:13Z,219002177,54.935995,11.371975,0.0,Under way using engine
2026-10-02T22:08:18Z,219000811,54.916085,11.359970,0.0,Under way using engine
2026-10-02T22:08:43Z,219002177,54.935995,11.371955,0.0,Under way using engine
2026-10-02T22:08:49Z,219000811,54.916085,11.359972,0.0,Under way using engine
2026-10-02T22:09:13Z,219002177,54.935985,11.371973,0.0,Under way using engine
2026-10-02T22:09:30Z,219000811,54.916082,11.359970,0.0,Under way using engine
2026-10-02T22:09:43Z,219002177,54.935978,11.372000,0.0,Under way using engine
2026-10-02T22:09:53Z,219000809,54.971915,11.514568,0.0,Moored
2026-10-02T22:10:00Z,219000811,54.916078,11.359972,0.0,Under way using engine
2026-10-02T22:10:13Z,219002177,54.935960,11.372007,0.0,Under way using engine
2026-10-02T22:10:37Z,219000809,54.971915,11.514568,0.0,Moored
2026-10-02T22:10:40Z,219000811,54.916082,11.359967,0.0,Under way using engine
2026-10-02T22:10:43Z,219002177,54.936003,11.371990,0.0,Under way using engine
2026-10-02T22:11:13Z,219002177,54.935987,11.371985,0.0,Under way using engine
2026-10-02T22:11:18Z,219000811,54.916083,11.359963,0.0,Under way using engine
2026-10-02T22:11:43Z,219002177,54.935990,11.371977,0.0,Under way using engine
2026-10-02T22:11:49Z,219000811,54.916082,11.359963,0.0,Under way using engine
2026-10-02T22:12:13Z,219002177,54.935973,11.371985,0.0,Under way using engine
2026-10-02T22:12:23Z,219000811,54.916080,11.359965,0.0,Under way using engine
2026-10-02T22:12:43Z,219002177,54.936007,11.371957,0.0,Under way using engine
2026-10-02T22:12:55Z,219000809,54.971957,11.514528,0.0,Moored
2026-10-02T22:13:00Z,219000811,54.916073,11.359972,0.0,Under way using engine
2026-10-02T22:13:13Z,219002177,54.935992,11.371973,0.0,Under way using engine
2026-10-02T22:13:40Z,219000811,54.916070,11.359977,0.0,Under way using engine
2026-10-02T22:13:43Z,219002177,54.935990,11.372007,0.0,Under way using engine
2026-10-02T22:14:13Z,219002177,54.935972,11.371995,0.0,Under way using engine
2026-10-02T22:14:19Z,219000811,54.916067,11.359977,0.0,Under way using engine
2026-10-02T22:14:43Z,219002177,54.935967,11.371983,0.1,Under way using engine
2026-10-02T22:14:49Z,219000811,54.916065,11.359977,0.0,Under way using engine
2026-10-02T22:15:13Z,219002177,54.935975,11.371977,0.0,Under way using engine
2026-10-02T22:15:19Z,219000811,54.916065,11.359975,0.0,Under way using engine
2026-10-02T22:15:43Z,219002177,54.935993,11.371987,0.1,Under way using engine
2026-10-02T22:15:49Z,219000811,54.916065,11.359977,0.0,Under way using engine
2026-10-02T22:15:53Z,219000809,54.971918,11.514597,0.0,Moored
2026-10-02T22:16:14Z,219002177,54.935975,11.371992,0.1,Under way using engine
2026-10-02T22:16:19Z,219000811,54.916067,11.359977,0.0,Under way using engine
2026-10-02T22:16:37Z,219000809,54.971918,11.514597,0.0,Moored
2026-10-02T22:16:49Z,219000811,54.916067,11.359972,0.0,Under way using engine
2026-10-02T22:16:54Z,219002177,54.935940,11.371982,0.1,Under way using engine
2026-10-02T22:17:19Z,219000811,54.916067,11.359967,0.0,Under way using engine
2026-10-02T22:17:34Z,219002177,54.935953,11.371985,0.0,Under way using engine
2026-10-02T22:17:49Z,219000811,54.916070,11.359962,0.0,Under way using engine
2026-10-02T22:18:14Z,219002177,54.935955,11.371980,0.0,Under way using engine
2026-10-02T22:18:19Z,219000811,54.916072,11.359962,0.0,Under way using engine
2026-10-02T22:18:44Z,219002177,54.935983,11.371987,0.0,Under way using engine
2026-10-02T22:18:49Z,219000811,54.916070,11.359967,0.0,Under way using engine
2026-10-02T22:18:54Z,219000809,54.971925,11.514558,0.1,Moored
2026-10-02T22:19:14Z,219002177,54.935973,11.372007,0.0,Under way using engine
2026-10-02T22:19:20Z,219000811,54.916073,11.359968,0.0,Under way using engine
2026-10-02T22:19:44Z,219002177,54.935973,11.371998,0.0,Under way using engine
2026-10-02T22:19:58Z,219000811,54.916073,11.359968,0.0,Under way using engine
2026-10-02T22:20:14Z,219002177,54.935972,11.371983,0.0,Under way using engine
2026-10-02T22:20:30Z,219000811,54.916075,11.359965,0.0,Under way using engine
2026-10-02T22:20:44Z,219002177,54.935967,11.371995,0.0,Under way using engine
2026-10-02T22:21:10Z,219000811,54.916075,11.359963,0.0,Under way using engine
2026-10-02T22:21:15Z,219002177,54.935963,11.372003,0.0,Under way using engine
2026-10-02T22:21:49Z,219000811,54.916075,11.359965,0.0,Under way using engine
2026-10-02T22:21:54Z,219002177,54.935975,11.372002,0.0,Under way using engine
2026-10-02T22:21:55Z,219000809,54.971900,11.514548,0.0,Moored
2026-10-02T22:22:20Z,219000811,54.916073,11.359967,0.0,Under way using engine
2026-10-02T22:22:24Z,219002177,54.935972,11.372007,0.0,Under way using engine
2026-10-02T22:22:36Z,219000809,54.971900,11.514548,0.0,Moored
2026-10-02T22:22:54Z,219002177,54.935973,11.372005,0.0,Under way using engine
2026-10-02T22:22:58Z,219000811,54.916072,11.359968,0.0,Under way using engine
2026-10-02T22:23:24Z,219002177,54.935973,11.371988,0.0,Under way using engine
2026-10-02T22:23:30Z,219000811,54.916072,11.359968,0.0,Under way using engine
2026-10-02T22:23:54Z,219002177,54.935968,11.371982,0.0,Under way using engine
2026-10-02T22:24:10Z,219000811,54.916072,11.359968,0.0,Under way using engine
2026-10-02T22:24:24Z,219002177,54.935962,11.371982,0.0,Under way using engine
2026-10-02T22:24:49Z,219000811,54.916070,11.359970,0.0,Under way using engine
2026-10-02T22:24:54Z,219000809,54.971938,11.514587,0.0,Moored
2026-10-02T22:24:54Z,219002177,54.935988,11.371990,0.1,Under way using engine
2026-10-02T22:25:20Z,219000811,54.916067,11.359970,0.0,Under way using engine
2026-10-02T22:25:24Z,219002177,54.935967,11.371998,0.0,Under way using engine
2026-10-02T22:25:54Z,219002177,54.935963,11.371997,0.0,Under way using engine
2026-10-02T22:25:59Z,219000811,54.916065,11.359972,0.0,Under way using engine
2026-10-02T22:26:24Z,219002177,54.935978,11.372007,0.0,Under way using engine
2026-10-02T22:26:30Z,219000811,54.916065,11.359970,0.0,Under way using engine
2026-10-02T22:26:54Z,219002177,54.935973,11.371997,0.0,Under way using engine
2026-10-02T22:27:10Z,219000811,54.916065,11.359965,0.0,Under way using engine
2026-10-02T22:27:24Z,219002177,54.935965,11.371983,0.0,Under way using engine
2026-10-02T22:27:40Z,219000811,54.916068,11.359960,0.0,Under way using engine
2026-10-02T22:27:54Z,219000809,54.971945,11.514612,0.0,Moored
2026-10-02T22:27:54Z,219002177,54.935965,11.372017,0.0,Under way using engine
2026-10-02T22:28:18Z,219000811,54.916070,11.359955,0.0,Under way using engine
2026-10-02T22:28:24Z,219002177,54.935965,11.372010,0.0,Under way using engine
2026-10-02T22:28:37Z,219000809,54.971945,11.514612,0.0,Moored
2026-10-02T22:28:50Z,219000811,54.916070,11.359955,0.0,Under way using engine
2026-10-02T22:28:54Z,219002177,54.935973,11.372000,0.0,Under way using engine
2026-10-02T22:29:24Z,219002177,54.935972,11.372015,0.0,Under way using engine
2026-10-02T22:29:29Z,219000811,54.916072,11.359955,0.0,Under way using engine
2026-10-02T22:29:54Z,219002177,54.935970,11.372005,0.0,Under way using engine
2026-10-02T22:29:59Z,219000811,54.916073,11.359957,0.0,Under way using engine
2026-10-02T22:30:25Z,219002177,54.935997,11.372002,0.0,Under way using engine
2026-10-02T22:30:29Z,219000811,54.916075,11.359957,0.0,Under way using engine
2026-10-02T22:30:54Z,219000809,54.971950,11.514610,0.0,Moored
2026-10-02T22:30:59Z,219000811,54.916077,11.359957,0.0,Under way using engine
2026-10-02T22:31:04Z,219002177,54.935977,11.371995,0.0,Under way using engine
2026-10-02T22:31:29Z,219000811,54.916077,11.359952,0.0,Under way using engine
2026-10-02T22:31:44Z,219002177,54.935987,11.371997,0.0,Under way using engine
2026-10-02T22:31:59Z,219000811,54.916077,11.359952,0.0,Under way using engine
2026-10-02T22:32:14Z,219002177,54.935978,11.372010,0.0,Under way using engine
2026-10-02T22:32:29Z,219000811,54.916078,11.359955,0.0,Under way using engine
2026-10-02T22:32:44Z,219002177,54.935972,11.371997,0.0,Under way using engine
2026-10-02T22:32:59Z,219000811,54.916078,11.359957,0.0,Under way using engine
2026-10-02T22:33:14Z,219002177,54.935962,11.372017,0.0,Under way using engine
2026-10-02T22:33:29Z,219000811,54.916078,11.359960,0.0,Under way using engine
2026-10-02T22:33:44Z,219002177,54.935975,11.372007,0.0,Under way using engine
2026-10-02T22:33:53Z,219000809,54.971908,11.514607,0.0,Moored
2026-10-02T22:33:59Z,219000811,54.916078,11.359963,0.0,Under way using engine
2026-10-02T22:34:14Z,219002177,54.935972,11.372003,0.0,Under way using engine
2026-10-02T22:34:29Z,219000811,54.916078,11.359965,0.0,Under way using engine
2026-10-02T22:34:37Z,219000809,54.971908,11.514607,0.0,Moored
2026-10-02T22:34:44Z,219002177,54.935965,11.372010,0.0,Under way using engine
2026-10-02T22:34:59Z,219000811,54.916078,11.359963,0.0,Under way using engine
2026-10-02T22:35:14Z,219002177,54.935957,11.372010,0.0,Under way using engine
2026-10-02T22:35:29Z,219000811,54.916078,11.359960,0.0,Under way using engine
2026-10-02T22:35:44Z,219002177,54.935970,11.372002,0.0,Under way using engine
2026-10-02T22:36:08Z,219000811,54.916078,11.359955,0.0,Under way using engine
2026-10-02T22:36:14Z,219002177,54.935983,11.372003,0.0,Under way using engine
2026-10-02T22:36:40Z,219000811,54.916078,11.359952,0.0,Under way using engine
2026-10-02T22:36:44Z,219002177,54.935985,11.372000,0.0,Under way using engine
2026-10-02T22:36:52Z,219000809,54.971915,11.514587,0.0,Moored
2026-10-02T22:37:14Z,219002177,54.935992,11.372000,0.0,Under way using engine
2026-10-02T22:37:19Z,219000811,54.916080,11.359950,0.0,Under way using engine
2026-10-02T22:37:44Z,219002177,54.935978,11.372007,0.0,Under way using engine
2026-10-02T22:37:49Z,219000811,54.916078,11.359950,0.0,Under way using engine
2026-10-02T22:38:14Z,219002177,54.935962,11.372013,0.0,Under way using engine
2026-10-02T22:38:19Z,219000811,54.916078,11.359947,0.0,Under way using engine
2026-10-02T22:38:44Z,219002177,54.935977,11.371998,0.0,Under way using engine
2026-10-02T22:38:49Z,219000811,54.916078,11.359947,0.0,Under way using engine
2026-10-02T22:39:14Z,219002177,54.935983,11.372005,0.0,Under way using engine
2026-10-02T22:39:19Z,219000811,54.916077,11.359947,0.0,Under way using engine
2026-10-02T22:39:44Z,219002177,54.935980,11.372008,0.0,Under way using engine
2026-10-02T22:39:51Z,219000809,54.971910,11.514562,0.0,Moored
2026-10-02T22:39:58Z,219000811,54.916077,11.359950,0.0,Under way using engine
2026-10-02T22:40:14Z,219002177,54.935967,11.372007,0.0,Under way using engine
2026-10-02T22:40:30Z,219000811,54.916073,11.359950,0.0,Under way using engine
2026-10-02T22:40:36Z,219000809,54.971910,11.514562,0.0,Moored
2026-10-02T22:40:44Z,219002177,54.935980,11.372005,0.0,Under way using engine
2026-10-02T22:41:08Z,219000811,54.916073,11.359953,0.0,Under way using engine
2026-10-02T22:41:14Z,219002177,54.935983,11.372005,0.0,Under way using engine
2026-10-02T22:41:40Z,219000811,54.916075,11.359955,0.0,Under way using engine
2026-10-02T22:41:44Z,219002177,54.935983,11.371995,0.0,Under way using engine
2026-10-02T22:42:14Z,219002177,54.936008,11.371985,0.0,Under way using engine
2026-10-02T22:42:18Z,219000811,54.916075,11.359957,0.0,Under way using engine
2026-10-02T22:42:44Z,219002177,54.936003,11.372005,0.0,Under way using engine
2026-10-02T22:42:48Z,219000811,54.916073,11.359957,0.0,Under way using engine
2026-10-02T22:42:54Z,219000809,54.971950,11.514613,0.0,Moored
2026-10-02T22:43:14Z,219002177,54.936002,11.372005,0.0,Under way using engine
2026-10-02T22:43:18Z,219000811,54.916072,11.359957,0.0,Under way using engine
2026-10-02T22:43:44Z,219002177,54.936015,11.372008,0.0,Under way using engine
2026-10-02T22:43:48Z,219000811,54.916072,11.359960,0.0,Under way using engine
2026-10-02T22:44:18Z,219000811,54.916073,11.359958,0.0,Under way using engine
2026-10-02T22:44:25Z,219002177,54.935998,11.372042,0.0,Under way using engine
2026-10-02T22:44:48Z,219000811,54.916075,11.359957,0.0,Under way using engine
2026-10-02T22:44:55Z,219002177,54.936002,11.372033,0.0,Under way using engine
2026-10-02T22:45:20Z,219000811,54.916075,11.359958,0.0,Under way using engine
2026-10-02T22:45:33Z,219002177,54.936015,11.372050,0.0,Under way using engine
2026-10-02T22:45:50Z,219000811,54.916075,11.359958,0.0,Under way using engine
2026-10-02T22:45:54Z,219000809,54.971880,11.514555,0.0,Moored
2026-10-02T22:46:05Z,219002177,54.936007,11.372053,0.0,Under way using engine
2026-10-02T22:46:20Z,219000811,54.916077,11.359958,0.0,Under way using engine
2026-10-02T22:46:35Z,219002177,54.936013,11.372037,0.0,Under way using engine
2026-10-02T22:46:37Z,219000809,54.971880,11.514555,0.0,Moored
2026-10-02T22:46:50Z,219000811,54.916078,11.359957,0.0,Under way using engine
2026-10-02T22:47:05Z,219002177,54.936012,11.372013,0.0,Under way using engine
2026-10-02T22:47:20Z,219000811,54.916077,11.359957,0.0,Under way using engine
2026-10-02T22:47:35Z,219002177,54.935990,11.372003,0.0,Under way using engine
2026-10-02T22:47:50Z,219000811,54.916077,11.359955,0.0,Under way using engine
2026-10-02T22:48:05Z,219002177,54.935983,11.372008,0.0,Under way using engine
2026-10-02T22:48:20Z,219000811,54.916075,11.359953,0.0,Under way using engine
2026-10-02T22:48:35Z,219002177,54.935968,11.372002,0.0,Under way using engine
2026-10-02T22:48:50Z,219000811,54.916073,11.359953,0.0,Under way using engine
2026-10-02T22:48:52Z,219000809,54.971895,11.514572,0.0,Moored
2026-10-02T22:49:05Z,219002177,54.935982,11.372033,0.0,Under way using engine
2026-10-02T22:49:20Z,219000811,54.916073,11.359953,0.0,Under way using engine
2026-10-02T22:49:35Z,219002177,54.935983,11.372022,0.0,Under way using engine
2026-10-02T22:49:50Z,219000811,54.916072,11.359955,0.0,Under way using engine
2026-10-02T22:50:05Z,219002177,54.935990,11.372018,0.0,Under way using engine
2026-10-02T22:50:20Z,219000811,54.916072,11.359957,0.0,Under way using engine
2026-10-02T22:50:44Z,219002177,54.935960,11.372032,0.0,Under way using engine
2026-10-02T22:50:50Z,219000811,54.916072,11.359960,0.0,Under way using engine
2026-10-02T22:51:14Z,219002177,54.935975,11.372042,0.0,Under way using engine
2026-10-02T22:51:20Z,219000811,54.916067,11.359960,0.0,Under way using engine
2026-10-02T22:51:44Z,219002177,54.935980,11.372012,0.0,Under way using engine
2026-10-02T22:51:50Z,219000811,54.916063,11.359960,0.0,Under way using engine
2026-10-02T22:51:53Z,219000809,54.971907,11.514568,0.0,Moored
2026-10-02T22:52:14Z,219002177,54.936002,11.372008,0.0,Under way using engine
2026-10-02T22:52:30Z,219000811,54.916060,11.359960,0.0,Under way using engine
2026-10-02T22:52:37Z,219000809,54.971907,11.514568,0.0,Moored
2026-10-02T22:52:44Z,219002177,54.935988,11.372030,0.0,Under way using engine
2026-10-02T22:53:00Z,219000811,54.916060,11.359958,0.0,Under way using engine
2026-10-02T22:53:14Z,219002177,54.935985,11.372017,0.0,Under way using engine
2026-10-02T22:53:39Z,219000811,54.916062,11.359962,0.0,Under way using engine
2026-10-02T22:53:44Z,219002177,54.935990,11.372012,0.0,Under way using engine
2026-10-02T22:54:10Z,219000811,54.916063,11.359965,0.0,Under way using engine
2026-10-02T22:54:14Z,219002177,54.935993,11.372017,0.0,Under way using engine
2026-10-02T22:54:44Z,219002177,54.935990,11.372017,0.0,Under way using engine
2026-10-02T22:54:50Z,219000811,54.916062,11.359962,0.0,Under way using engine
2026-10-02T22:54:54Z,219000809,54.971935,11.514583,0.0,Moored
2026-10-02T22:55:14Z,219002177,54.935997,11.372015,0.0,Under way using engine
2026-10-02T22:55:29Z,219000811,54.916062,11.359960,0.0,Under way using engine
2026-10-02T22:55:44Z,219002177,54.935992,11.371998,0.0,Under way using engine
2026-10-02T22:56:00Z,219000811,54.916060,11.359958,0.0,Under way using engine
2026-10-02T22:56:14Z,219002177,54.935963,11.372058,0.0,Under way using engine
2026-10-02T22:56:39Z,219000811,54.916062,11.359958,0.0,Under way using engine
2026-10-02T22:56:44Z,219002177,54.935980,11.372027,0.0,Under way using engine
2026-10-02T22:57:10Z,219000811,54.916062,11.359960,0.0,Under way using engine
2026-10-02T22:57:14Z,219002177,54.935978,11.372015,0.0,Under way using engine
2026-10-02T22:57:44Z,219002177,54.935992,11.371980,0.0,Under way using engine
2026-10-02T22:57:50Z,219000811,54.916060,11.359962,0.0,Under way using engine
2026-10-02T22:58:14Z,219002177,54.935982,11.372007,0.0,Under way using engine
2026-10-02T22:58:29Z,219000811,54.916060,11.359963,0.0,Under way using engine
2026-10-02T22:58:37Z,219000809,54.971935,11.514583,0.0,Moored
2026-10-02T22:58:44Z,219002177,54.935973,11.372005,0.0,Under way using engine
2026-10-02T22:58:59Z,219000811,54.916062,11.359963,0.0,Under way using engine
2026-10-02T22:59:14Z,219002177,54.935965,11.371992,0.0,Under way using engine
2026-10-02T22:59:29Z,219000811,54.916062,11.359963,0.0,Under way using engine
2026-10-02T22:59:45Z,219002177,54.935978,11.371983,0.0,Under way using engine
2026-10-02T22:59:59Z,219000811,54.916062,11.359962,0.0,Under way using engine
2026-10-02T23:00:24Z,219002177,54.935972,11.372020,0.0,Under way using engine
2026-10-02T23:00:29Z,219000811,54.916063,11.359962,0.0,Under way using engine
2026-10-02T23:00:51Z,219000809,54.971912,11.514567,0.0,Moored
2026-10-02T23:00:55Z,219002177,54.935982,11.372017,0.0,Under way using engine
2026-10-02T23:00:59Z,219000811,54.916067,11.359960,0.0,Under way using engine
2026-10-02T23:01:29Z,219000811,54.916070,11.359960,0.0,Under way using engine
2026-10-02T23:01:35Z,219002177,54.935977,11.372008,0.0,Under way using engine
2026-10-02T23:02:09Z,219000811,54.916072,11.359958,0.0,Under way using engine
2026-10-02T23:02:14Z,219002177,54.935962,11.372013,0.0,Under way using engine
2026-10-02T23:02:40Z,219000811,54.916077,11.359957,0.0,Under way using engine
2026-10-02T23:02:45Z,219002177,54.935973,11.372013,0.0,Under way using engine
2026-10-02T23:03:20Z,219000811,54.916078,11.359957,0.0,Under way using engine
2026-10-02T23:03:24Z,219002177,54.935980,11.372015,0.0,Under way using engine
2026-10-02T23:03:54Z,219000809,54.971917,11.514525,0.0,Moored
2026-10-02T23:03:55Z,219002177,54.935990,11.371997,0.0,Under way using engine
2026-10-02T23:04:10Z,219000811,54.916077,11.359957,0.0,Under way using engine
2026-10-02T23:04:33Z,219002177,54.935973,11.372015,0.0,Under way using engine
2026-10-02T23:04:37Z,219000809,54.971917,11.514525,0.0,Moored
2026-10-02T23:04:40Z,219000811,54.916072,11.359957,0.0,Under way using engine
2026-10-02T23:05:05Z,219002177,54.935965,11.372015,0.0,Under way using engine
2026-10-02T23:05:10Z,219000811,54.916070,11.359958,0.0,Under way using engine
2026-10-02T23:05:40Z,219000811,54.916067,11.359962,0.0,Under way using engine
2026-10-02T23:05:55Z,219002177,54.935968,11.371993,0.0,Under way using engine
2026-10-02T23:06:10Z,219000811,54.916065,11.359965,0.0,Under way using engine
2026-10-02T23:06:33Z,219002177,54.935960,11.372018,0.0,Under way using engine
2026-10-02T23:06:40Z,219000811,54.916065,11.359968,0.0,Under way using engine
2026-10-02T23:06:52Z,219000809,54.971920,11.514538,0.0,Moored
2026-10-02T23:07:05Z,219002177,54.935957,11.372013,0.0,Under way using engine
2026-10-02T23:07:10Z,219000811,54.916065,11.359970,0.0,Under way using engine
2026-10-02T23:07:40Z,219000811,54.916068,11.359970,0.0,Under way using engine
2026-10-02T23:07:55Z,219002177,54.935963,11.372017,0.0,Under way using engine
2026-10-02T23:08:10Z,219000811,54.916068,11.359970,0.0,Under way using engine
2026-10-02T23:08:35Z,219002177,54.935972,11.372002,0.0,Under way using engine
2026-10-02T23:08:40Z,219000811,54.916067,11.359972,0.0,Under way using engine
2026-10-02T23:09:14Z,219002177,54.935962,11.372052,0.0,Under way using engine
2026-10-02T23:09:19Z,219000811,54.916063,11.359973,0.0,Under way using engine
2026-10-02T23:09:44Z,219002177,54.935972,11.372023,0.0,Under way using engine
2026-10-02T23:09:52Z,219000809,54.971940,11.514568,0.0,Moored
2026-10-02T23:09:59Z,219000811,54.916058,11.359975,0.0,Under way using engine
2026-10-02T23:10:14Z,219002177,54.935977,11.372007,0.0,Under way using engine
2026-10-02T23:10:37Z,219000809,54.971940,11.514568,0.0,Moored
2026-10-02T23:10:40Z,219000811,54.916058,11.359975,0.0,Under way using engine
2026-10-02T23:10:44Z,219002177,54.935988,11.371987,0.0,Under way using engine
2026-10-02T23:11:14Z,219002177,54.935978,11.371983,0.0,Under way using engine
2026-10-02T23:11:19Z,219000811,54.916057,11.359973,0.0,Under way using engine
2026-10-02T23:11:44Z,219002177,54.935965,11.372020,0.0,Under way using engine
2026-10-02T23:11:49Z,219000811,54.916058,11.359970,0.0,Under way using engine
2026-10-02T23:12:14Z,219002177,54.935960,11.371993,0.0,Under way using engine
2026-10-02T23:12:19Z,219000811,54.916060,11.359968,0.0,Under way using engine
2026-10-02T23:12:44Z,219002177,54.935972,11.372025,0.0,Under way using engine
2026-10-02T23:12:49Z,219000811,54.916063,11.359967,0.0,Under way using engine
2026-10-02T23:12:54Z,219000809,54.971933,11.514530,0.0,Moored
2026-10-02T23:13:14Z,219002177,54.935982,11.372032,0.0,Under way using engine
2026-10-02T23:13:19Z,219000811,54.916067,11.359970,0.0,Under way using engine
2026-10-02T23:13:44Z,219002177,54.935982,11.371990,0.0,Under way using engine
2026-10-02T23:13:49Z,219000811,54.916067,11.359968,0.0,Under way using engine
2026-10-02T23:14:14Z,219002177,54.935985,11.372010,0.0,Under way using engine
2026-10-02T23:14:19Z,219000811,54.916067,11.359968,0.0,Under way using engine
2026-10-02T23:14:44Z,219002177,54.935982,11.372028,0.0,Under way using engine
2026-10-02T23:14:49Z,219000811,54.916063,11.359967,0.0,Under way using engine
2026-10-02T23:15:14Z,219002177,54.935968,11.371997,0.0,Under way using engine
2026-10-02T23:15:19Z,219000811,54.916063,11.359963,0.0,Under way using engine
2026-10-02T23:15:44Z,219002177,54.935982,11.372015,0.0,Under way using engine
2026-10-02T23:15:49Z,219000811,54.916063,11.359963,0.0,Under way using engine
2026-10-02T23:15:55Z,219000809,54.971922,11.514568,0.0,Moored
2026-10-02T23:16:14Z,219002177,54.935988,11.372015,0.0,Under way using engine
2026-10-02T23:16:19Z,219000811,54.916063,11.359962,0.0,Under way using engine
2026-10-02T23:16:37Z,219000809,54.971922,11.514568,0.0,Moored
2026-10-02T23:16:44Z,219002177,54.935983,11.371970,0.0,Under way using engine
2026-10-02T23:16:49Z,219000811,54.916065,11.359962,0.0,Under way using engine
2026-10-02T23:17:19Z,219000811,54.916063,11.359958,0.0,Under way using engine
2026-10-02T23:17:25Z,219002177,54.935972,11.372012,0.0,Under way using engine
2026-10-02T23:17:50Z,219000811,54.916060,11.359958,0.0,Under way using engine
2026-10-02T23:18:03Z,219002177,54.935967,11.372003,0.0,Under way using engine
2026-10-02T23:18:24Z,219000811,54.916060,11.359962,0.0,Under way using engine
2026-10-02T23:18:34Z,219002177,54.935973,11.372005,0.0,Under way using engine
2026-10-02T23:18:52Z,219000809,54.971920,11.514563,0.0,Moored
2026-10-02T23:19:00Z,219000811,54.916060,11.359965,0.0,Under way using engine
2026-10-02T23:19:13Z,219002177,54.935977,11.371988,0.0,Under way using engine
2026-10-02T23:19:40Z,219000811,54.916063,11.359965,0.0,Under way using engine
2026-10-02T23:19:44Z,219002177,54.935978,11.372002,0.0,Under way using engine
2026-10-02T23:20:19Z,219000811,54.916065,11.359967,0.0,Under way using engine
2026-10-02T23:20:25Z,219002177,54.935995,11.371988,0.0,Under way using engine
2026-10-02T23:20:50Z,219000811,54.916065,11.359968,0.0,Under way using engine
2026-10-02T23:21:05Z,219002177,54.935990,11.372030,0.0,Under way using engine
2026-10-02T23:21:30Z,219000811,54.916065,11.359968,0.0,Under way using engine
2026-10-02T23:21:44Z,219002177,54.935985,11.372013,0.0,Under way using engine
2026-10-02T23:21:53Z,219000809,54.971915,11.514557,0.0,Moored
2026-10-02T23:22:00Z,219000811,54.916065,11.359970,0.0,Under way using engine
2026-10-02T23:22:24Z,219002177,54.935980,11.372000,0.0,Under way using engine
2026-10-02T23:22:30Z,219000811,54.916065,11.359968,0.0,Under way using engine
2026-10-02T23:22:37Z,219000809,54.971915,11.514557,0.0,Moored
2026-10-02T23:22:54Z,219002177,54.935982,11.371998,0.0,Under way using engine
2026-10-02T23:23:00Z,219000811,54.916065,11.359967,0.0,Under way using engine
2026-10-02T23:23:24Z,219002177,54.935992,11.372003,0.0,Under way using engine
2026-10-02T23:23:30Z,219000811,54.916065,11.359967,0.0,Under way using engine
2026-10-02T23:23:54Z,219002177,54.936005,11.371973,0.0,Under way using engine
2026-10-02T23:24:00Z,219000811,54.916067,11.359967,0.0,Under way using engine
2026-10-02T23:24:24Z,219002177,54.935997,11.371983,0.0,Under way using engine
2026-10-02T23:24:30Z,219000811,54.916072,11.359970,0.0,Under way using engine
2026-10-02T23:24:53Z,219000809,54.971907,11.514550,0.0,Moored
2026-10-02T23:24:54Z,219002177,54.935995,11.372018,0.0,Under way using engine
2026-10-02T23:25:00Z,219000811,54.916075,11.359970,0.0,Under way using engine
2026-10-02T23:25:24Z,219002177,54.935990,11.372020,0.0,Under way using engine
2026-10-02T23:25:30Z,219000811,54.916075,11.359970,0.0,Under way using engine
2026-10-02T23:25:54Z,219002177,54.935982,11.371997,0.0,Under way using engine
2026-10-02T23:26:00Z,219000811,54.916073,11.359970,0.0,Under way using engine
2026-10-02T23:26:24Z,219002177,54.935975,11.371987,0.0,Under way using engine
2026-10-02T23:26:30Z,219000811,54.916072,11.359972,0.0,Under way using engine
2026-10-02T23:27:05Z,219002177,54.935980,11.371990,0.0,Under way using engine
2026-10-02T23:27:09Z,219000811,54.916067,11.359972,0.0,Under way using engine
2026-10-02T23:27:40Z,219000811,54.916063,11.359972,0.0,Under way using engine
2026-10-02T23:27:43Z,219002177,54.935972,11.371983,0.0,Under way using engine
2026-10-02T23:27:52Z,219000809,54.971912,11.514575,0.0,Moored
2026-10-02T23:28:14Z,219002177,54.935983,11.371988,0.0,Under way using engine
2026-10-02T23:28:19Z,219000811,54.916060,11.359970,0.0,Under way using engine
2026-10-02T23:28:37Z,219000809,54.971912,11.514575,0.0,Moored
2026-10-02T23:28:49Z,219000811,54.916060,11.359968,0.0,Under way using engine
2026-10-02T23:28:53Z,219002177,54.935980,11.371972,0.0,Under way using engine
2026-10-02T23:29:19Z,219000811,54.916063,11.359967,0.0,Under way using engine
2026-10-02T23:29:23Z,219002177,54.935980,11.371995,0.0,Under way using engine
2026-10-02T23:29:49Z,219000811,54.916067,11.359965,0.0,Under way using engine
2026-10-02T23:29:53Z,219002177,54.935982,11.371983,0.0,Under way using engine
2026-10-02T23:30:19Z,219000811,54.916067,11.359963,0.0,Under way using engine
2026-10-02T23:30:23Z,219002177,54.935983,11.371975,0.0,Under way using engine
2026-10-02T23:30:49Z,219000811,54.916070,11.359965,0.0,Under way using engine
2026-10-02T23:30:52Z,219000809,54.971920,11.514560,0.0,Moored
2026-10-02T23:30:53Z,219002177,54.935990,11.371973,0.0,Under way using engine
2026-10-02T23:31:19Z,219000811,54.916070,11.359963,0.0,Under way using engine
2026-10-02T23:31:24Z,219002177,54.935987,11.371967,0.0,Under way using engine
2026-10-02T23:31:49Z,219000811,54.916070,11.359958,0.0,Under way using engine
2026-10-02T23:32:04Z,219002177,54.935973,11.371975,0.0,Under way using engine
2026-10-02T23:32:19Z,219000811,54.916070,11.359955,0.0,Under way using engine
2026-10-02T23:32:34Z,219002177,54.935980,11.371980,0.0,Under way using engine
2026-10-02T23:32:49Z,219000811,54.916067,11.359953,0.0,Under way using engine
2026-10-02T23:33:05Z,219002177,54.935985,11.371980,0.0,Under way using engine
2026-10-02T23:33:19Z,219000811,54.916065,11.359953,0.0,Under way using engine
2026-10-02T23:33:43Z,219002177,54.935987,11.371988,0.0,Under way using engine
2026-10-02T23:33:49Z,219000811,54.916063,11.359955,0.0,Under way using engine
2026-10-02T23:33:53Z,219000809,54.971923,11.514543,0.0,Moored
2026-10-02T23:34:15Z,219002177,54.935980,11.371978,0.0,Under way using engine
2026-10-02T23:34:19Z,219000811,54.916065,11.359957,0.0,Under way using engine
2026-10-02T23:34:37Z,219000809,54.971923,11.514543,0.0,Moored
2026-10-02T23:34:49Z,219000811,54.916067,11.359960,0.0,Under way using engine
2026-10-02T23:34:53Z,219002177,54.936005,11.371972,0.0,Under way using engine
2026-10-02T23:35:20Z,219000811,54.916068,11.359963,0.0,Under way using engine
2026-10-02T23:35:24Z,219002177,54.935990,11.371977,0.0,Under way using engine
2026-10-02T23:35:59Z,219000811,54.916068,11.359962,0.0,Under way using engine
2026-10-02T23:36:04Z,219002177,54.935978,11.371973,0.1,Under way using engine
2026-10-02T23:36:29Z,219000811,54.916068,11.359960,0.0,Under way using engine
2026-10-02T23:36:34Z,219002177,54.935977,11.371975,0.0,Under way using engine
2026-10-02T23:36:59Z,219000811,54.916067,11.359960,0.0,Under way using engine
2026-10-02T23:37:04Z,219002177,54.935983,11.371983,0.0,Under way using engine
2026-10-02T23:37:29Z,219000811,54.916065,11.359960,0.0,Under way using engine
2026-10-02T23:37:34Z,219002177,54.935978,11.372002,0.0,Under way using engine
2026-10-02T23:38:04Z,219002177,54.935983,11.372000,0.0,Under way using engine
2026-10-02T23:38:09Z,219000811,54.916065,11.359957,0.0,Under way using engine
2026-10-02T23:38:34Z,219002177,54.935983,11.371988,0.0,Under way using engine
2026-10-02T23:38:40Z,219000811,54.916063,11.359952,0.0,Under way using engine
2026-10-02T23:39:05Z,219002177,54.935978,11.372002,0.0,Under way using engine
2026-10-02T23:39:20Z,219000811,54.916062,11.359952,0.0,Under way using engine
2026-10-02T23:39:43Z,219002177,54.935982,11.372008,0.0,Under way using engine
2026-10-02T23:39:52Z,219000809,54.971912,11.514552,0.0,Moored
2026-10-02T23:40:09Z,219000811,54.916062,11.359953,0.0,Under way using engine
2026-10-02T23:40:14Z,219002177,54.935980,11.372000,0.0,Under way using engine
2026-10-02T23:40:37Z,219000809,54.971912,11.514552,0.0,Moored
2026-10-02T23:40:40Z,219000811,54.916062,11.359953,0.0,Under way using engine
2026-10-02T23:40:54Z,219002177,54.935977,11.371997,0.0,Under way using engine
2026-10-02T23:41:10Z,219000811,54.916062,11.359952,0.0,Under way using engine
2026-10-02T23:41:25Z,219002177,54.935978,11.371993,0.0,Under way using engine
2026-10-02T23:41:40Z,219000811,54.916062,11.359950,0.0,Under way using engine
2026-10-02T23:42:03Z,219002177,54.935982,11.371990,0.0,Under way using engine
2026-10-02T23:42:10Z,219000811,54.916062,11.359953,0.0,Under way using engine
2026-10-02T23:42:34Z,219002177,54.935980,11.371988,0.0,Under way using engine
2026-10-02T23:42:40Z,219000811,54.916062,11.359957,0.0,Under way using engine
2026-10-02T23:42:54Z,219000809,54.971913,11.514562,0.0,Moored
2026-10-02T23:43:10Z,219000811,54.916062,11.359958,0.0,Under way using engine
2026-10-02T23:43:15Z,219002177,54.935980,11.371983,0.0,Under way using engine
2026-10-02T23:43:40Z,219000811,54.916063,11.359962,0.0,Under way using engine
2026-10-02T23:43:54Z,219002177,54.935982,11.371988,0.0,Under way using engine
2026-10-02T23:44:10Z,219000811,54.916065,11.359965,0.0,Under way using engine
2026-10-02T23:44:25Z,219002177,54.935972,11.371990,0.0,Under way using engine
2026-10-02T23:44:40Z,219000811,54.916063,11.359967,0.0,Under way using engine
2026-10-02T23:45:03Z,219002177,54.935968,11.371988,0.0,Under way using engine
2026-10-02T23:45:10Z,219000811,54.916063,11.359965,0.0,Under way using engine
2026-10-02T23:45:33Z,219002177,54.935972,11.371997,0.0,Under way using engine
2026-10-02T23:45:50Z,219000811,54.916062,11.359962,0.0,Under way using engine
2026-10-02T23:45:52Z,219000809,54.971910,11.514573,0.0,Moored
2026-10-02T23:46:03Z,219002177,54.935978,11.371993,0.0,Under way using engine
2026-10-02T23:46:30Z,219000811,54.916063,11.359963,0.0,Under way using engine
2026-10-02T23:46:33Z,219002177,54.935975,11.371988,0.0,Under way using engine
2026-10-02T23:46:37Z,219000809,54.971910,11.514573,0.0,Moored
2026-10-02T23:47:00Z,219000811,54.916065,11.359963,0.0,Under way using engine
2026-10-02T23:47:03Z,219002177,54.935968,11.371998,0.0,Under way using engine
2026-10-02T23:47:30Z,219000811,54.916065,11.359962,0.0,Under way using engine
2026-10-02T23:47:43Z,219002177,54.935970,11.372002,0.0,Under way using engine
2026-10-02T23:48:10Z,219000811,54.916067,11.359963,0.0,Under way using engine
2026-10-02T23:48:15Z,219002177,54.935965,11.371993,0.0,Under way using engine
2026-10-02T23:48:50Z,219000811,54.916067,11.359963,0.0,Under way using engine
2026-10-02T23:48:52Z,219000809,54.971908,11.514570,0.0,Moored
2026-10-02T23:48:54Z,219002177,54.935963,11.371992,0.0,Under way using engine
2026-10-02T23:49:24Z,219002177,54.935968,11.371992,0.0,Under way using engine
2026-10-02T23:49:30Z,219000811,54.916068,11.359963,0.0,Under way using engine
2026-10-02T23:49:54Z,219002177,54.935973,11.371993,0.0,Under way using engine
2026-10-02T23:50:10Z,219000811,54.916067,11.359965,0.0,Under way using engine
2026-10-02T23:50:25Z,219002177,54.935978,11.371980,0.0,Under way using engine
2026-10-02T23:50:40Z,219000811,54.916068,11.359967,0.0,Under way using engine
2026-10-02T23:50:55Z,219002177,54.935978,11.371983,0.0,Under way using engine
2026-10-02T23:51:10Z,219000811,54.916070,11.359967,0.0,Under way using engine
2026-10-02T23:51:25Z,219002177,54.935978,11.371998,0.0,Under way using engine
2026-10-02T23:51:40Z,219000811,54.916070,11.359967,0.0,Under way using engine
2026-10-02T23:51:52Z,219000809,54.971922,11.514580,0.0,Moored
2026-10-02T23:51:55Z,219002177,54.935970,11.371990,0.0,Under way using engine
2026-10-02T23:52:10Z,219000811,54.916070,11.359967,0.0,Under way using engine
2026-10-02T23:52:25Z,219002177,54.935977,11.371985,0.0,Under way using engine
2026-10-02T23:52:36Z,219000809,54.971922,11.514580,0.0,Moored
2026-10-02T23:52:40Z,219000811,54.916068,11.359967,0.0,Under way using engine
2026-10-02T23:52:55Z,219002177,54.935982,11.371982,0.0,Under way using engine
2026-10-02T23:53:10Z,219000811,54.916068,11.359968,0.0,Under way using engine
2026-10-02T23:53:25Z,219002177,54.935987,11.371987,0.0,Under way using engine
2026-10-02T23:53:40Z,219000811,54.916065,11.359968,0.0,Under way using engine
2026-10-02T23:53:55Z,219002177,54.935980,11.371980,0.0,Under way using engine
2026-10-02T23:54:10Z,219000811,54.916063,11.359970,0.0,Under way using engine
2026-10-02T23:54:25Z,219002177,54.935978,11.371982,0.0,Under way using engine
2026-10-02T23:54:40Z,219000811,54.916063,11.359972,0.0,Under way using engine
2026-10-02T23:54:52Z,219000809,54.971925,11.514568,0.0,Moored
2026-10-02T23:54:55Z,219002177,54.935972,11.371992,0.0,Under way using engine
2026-10-02T23:55:10Z,219000811,54.916063,11.359972,0.0,Under way using engine
2026-10-02T23:55:25Z,219002177,54.935965,11.371978,0.0,Under way using engine
2026-10-02T23:55:40Z,219000811,54.916062,11.359970,0.0,Under way using engine
2026-10-02T23:55:55Z,219002177,54.935962,11.371982,0.0,Under way using engine
2026-10-02T23:56:10Z,219000811,54.916062,11.359970,0.0,Under way using engine
2026-10-02T23:56:35Z,219002177,54.935968,11.371995,0.0,Under way using engine
2026-10-02T23:56:50Z,219000811,54.916060,11.359972,0.0,Under way using engine
2026-10-02T23:57:14Z,219002177,54.935985,11.372010,0.0,Under way using engine
2026-10-02T23:57:29Z,219000811,54.916058,11.359972,0.0,Under way using engine
2026-10-02T23:57:44Z,219002177,54.935982,11.372005,0.0,Under way using engine
2026-10-02T23:57:55Z,219000809,54.971920,11.514592,0.0,Moored
2026-10-02T23:58:00Z,219000811,54.916060,11.359972,0.0,Under way using engine
2026-10-02T23:58:14Z,219002177,54.935977,11.372007,0.0,Under way using engine
2026-10-02T23:58:39Z,219000811,54.916060,11.359973,0.0,Under way using engine
2026-10-02T23:58:44Z,219002177,54.935965,11.372003,0.0,Under way using engine
2026-10-02T23:59:09Z,219000811,54.916060,11.359972,0.0,Under way using engine
2026-10-02T23:59:14Z,219002177,54.935962,11.372000,0.0,Under way using engine
2026-10-02T23:59:39Z,219000811,54.916060,11.359972,0.0,Under way using engine
2026-10-02T23:59:44Z,219002177,54.935978,11.372010,0.0,Under way using engine
