ts_utc,mmsi,lat,lon,sog,nav
2026-09-26T00:00:04Z,219002177,54.935977,11.371953,0.0,Under way using engine
2026-09-26T00:00:09Z,219000811,54.838722,11.491810,0.0,Under way using engine
2026-09-26T00:00:35Z,219002177,54.935972,11.371968,0.0,Under way using engine
2026-09-26T00:00:39Z,219000811,54.838722,11.491813,0.0,Under way using engine
2026-09-26T00:01:09Z,219000809,54.971905,11.514555,0.1,Moored
2026-09-26T00:01:09Z,219000811,54.838718,11.491817,0.0,Under way using engine
2026-09-26T00:01:14Z,219002177,54.935977,11.371958,0.1,Under way using engine
2026-09-26T00:01:39Z,219000811,54.838717,11.491817,0.0,Under way using engine
2026-09-26T00:01:55Z,219002177,54.935978,11.371957,0.0,Under way using engine
2026-09-26T00:02:06Z,219000809,54.971905,11.514555,0.1,Moored
2026-09-26T00:02:09Z,219000811,54.838715,11.491817,0.0,Under way using engine
2026-09-26T00:02:35Z,219002177,54.935973,11.371952,0.0,Under way using engine
2026-09-26T00:02:39Z,219000811,54.838713,11.491817,0.0,Under way using engine
2026-09-26T00:03:09Z,219000811,54.838713,11.491815,0.0,Under way using engine
2026-09-26T00:03:15Z,219002177,54.935982,11.371955,0.0,Under way using engine
2026-09-26T00:03:40Z,219000811,54.838713,11.491813,0.0,Under way using engine
2026-09-26T00:03:55Z,219002177,54.935983,11.371955,0.0,Under way using engine
2026-09-26T00:04:20Z,219000811,54.838712,11.491815,0.0,Under way using engine
2026-09-26T00:04:35Z,219002177,54.935983,11.371972,0.0,Under way using engine
2026-09-26T00:04:50Z,219000811,54.838712,11.491815,0.0,Under way using engine
2026-09-26T00:05:15Z,219002177,54.935993,11.371973,0.0,Under way using engine
2026-09-26T00:05:20Z,219000811,54.838713,11.491813,0.0,Under way using engine
2026-09-26T00:05:50Z,219000811,54.838715,11.491813,0.0,Under way using engine
2026-09-26T00:05:55Z,219002177,54.935985,11.371997,0.0,Under way using engine
2026-09-26T00:06:20Z,219000811,54.838715,11.491813,0.0,Under way using engine
2026-09-26T00:06:35Z,219002177,54.935980,11.371993,0.0,Under way using engine
2026-09-26T00:06:50Z,219000811,54.838718,11.491812,0.0,Under way using engine
2026-09-26T00:07:07Z,219000809,54.971910,11.514575,0.0,Moored
2026-09-26T00:07:15Z,219002177,54.935982,11.371985,0.0,Under way using engine
2026-09-26T00:07:20Z,219000811,54.838720,11.491813,0.0,Under way using engine
2026-09-26T00:07:45Z,219002177,54.935980,11.371982,0.0,Under way using engine
2026-09-26T00:07:50Z,219000811,54.838722,11.491813,0.0,Under way using engine
2026-09-26T00:08:06Z,219000809,54.971910,11.514575,0.0,Moored
2026-09-26T00:08:15Z,219002177,54.935983,11.371988,0.0,Under way using engine
2026-09-26T00:08:20Z,219000811,54.838723,11.491815,0.0,Under way using engine
2026-09-26T00:08:45Z,219002177,54.935983,11.371995,0.0,Under way using engine
2026-09-26T00:08:50Z,219000811,54.838725,11.491813,0.0,Under way using engine
2026-09-26T00:09:20Z,219000811,54.838727,11.491815,0.0,Under way using engine
2026-09-26T00:09:24Z,219002177,54.935978,11.371992,0.0,Under way using engine
2026-09-26T00:09:50Z,219000811,54.838727,11.491815,0.0,Under way using engine
2026-09-26T00:09:55Z,219002177,54.935978,11.371983,0.0,Under way using engine
2026-09-26T00:10:06Z,219000809,54.971918,11.514550,0.0,Moored
2026-09-26T00:10:20Z,219000811,54.838728,11.491812,0.0,Under way using engine
2026-09-26T00:10:34Z,219002177,54.935972,11.371980,0.0,Under way using engine
2026-09-26T00:11:00Z,219000811,54.838732,11.491810,0.0,Under way using engine
2026-09-26T00:11:14Z,219002177,54.935970,11.371975,0.0,Under way using engine
2026-09-26T00:11:38Z,219000811,54.838733,11.491812,0.0,Under way using engine
2026-09-26T00:11:44Z,219002177,54.935968,11.371968,0.0,Under way using engine
2026-09-26T00:12:09Z,219000811,54.838735,11.491812,0.0,Under way using engine
2026-09-26T00:12:14Z,219002177,54.935963,11.371972,0.0,Under way using engine
2026-09-26T00:12:44Z,219002177,54.935962,11.371973,0.0,Under way using engine
2026-09-26T00:12:49Z,219000811,54.838738,11.491815,0.0,Under way using engine
2026-09-26T00:13:08Z,219000809,54.971923,11.514585,0.0,Moored
2026-09-26T00:13:14Z,219002177,54.935963,11.371980,0.0,Under way using engine
2026-09-26T00:13:20Z,219000811,54.838737,11.491815,0.0,Under way using engine
2026-09-26T00:13:44Z,219002177,54.935962,11.371992,0.0,Under way using engine
2026-09-26T00:14:00Z,219000811,54.838738,11.491818,0.0,Under way using engine
2026-09-26T00:14:06Z,219000809,54.971923,11.514585,0.0,Moored
2026-09-26T00:14:14Z,219002177,54.935962,11.371992,0.0,Under way using engine
2026-09-26T00:14:44Z,219002177,54.935965,11.371983,0.0,Under way using engine
2026-09-26T00:14:49Z,219000811,54.838735,11.491822,0.0,Under way using engine
2026-09-26T00:15:14Z,219002177,54.935968,11.371980,0.0,Under way using engine
2026-09-26T00:15:20Z,219000811,54.838735,11.491823,0.0,Under way using engine
2026-09-26T00:15:44Z,219002177,54.935958,11.371973,0.0,Under way using engine
2026-09-26T00:15:58Z,219000811,54.838735,11.491822,0.0,Under way using engine
2026-09-26T00:16:07Z,219000809,54.971922,11.514578,0.0,Moored
2026-09-26T00:16:14Z,219002177,54.935958,11.371963,0.0,Under way using engine
2026-09-26T00:16:29Z,219000811,54.838735,11.491822,0.0,Under way using engine
2026-09-26T00:16:44Z,219002177,54.935958,11.371968,0.0,Under way using engine
2026-09-26T00:17:09Z,219000811,54.838733,11.491822,0.0,Under way using engine
2026-09-26T00:17:14Z,219002177,54.935967,11.371973,0.0,Under way using engine
2026-09-26T00:17:39Z,219000811,54.838733,11.491820,0.0,Under way using engine
2026-09-26T00:17:44Z,219002177,54.935970,11.371983,0.0,Under way using engine
2026-09-26T00:18:09Z,219000811,54.838733,11.491822,0.0,Under way using engine
2026-09-26T00:18:14Z,219002177,54.935972,11.371983,0.0,Under way using engine
2026-09-26T00:18:39Z,219000811,54.838732,11.491823,0.0,Under way using engine
2026-09-26T00:18:44Z,219002177,54.935970,11.371980,0.0,Under way using engine
2026-09-26T00:19:06Z,219000809,54.971913,11.514580,0.0,Moored
2026-09-26T00:19:14Z,219002177,54.935968,11.371977,0.0,Under way using engine
2026-09-26T00:19:20Z,219000811,54.838727,11.491825,0.0,Under way using engine
2026-09-26T00:19:44Z,219002177,54.935968,11.371978,0.0,Under way using engine
2026-09-26T00:19:59Z,219000811,54.838727,11.491822,0.0,Under way using engine
2026-09-26T00:20:06Z,219000809,54.971913,11.514580,0.0,Moored
2026-09-26T00:20:14Z,219002177,54.935967,11.371972,0.0,Under way using engine
2026-09-26T00:20:29Z,219000811,54.838725,11.491827,0.0,Under way using engine
2026-09-26T00:20:44Z,219002177,54.935970,11.371967,0.0,Under way using engine
2026-09-26T00:20:59Z,219000811,54.838725,11.491830,0.0,Under way using engine
2026-09-26T00:21:14Z,219002177,54.935972,11.371980,0.0,Under way using engine
2026-09-26T00:21:29Z,219000811,54.838725,11.491830,0.0,Under way using engine
2026-09-26T00:21:54Z,219002177,54.935972,11.371975,0.0,Under way using engine
2026-09-26T00:21:59Z,219000811,54.838723,11.491827,0.0,Under way using engine
2026-09-26T00:22:08Z,219000809,54.971912,11.514575,0.0,Moored
2026-09-26T00:22:29Z,219000811,54.838725,11.491825,0.0,Under way using engine
2026-09-26T00:22:35Z,219002177,54.935963,11.371995,0.0,Under way using engine
2026-09-26T00:22:59Z,219000811,54.838727,11.491822,0.0,Under way using engine
2026-09-26T00:23:05Z,219002177,54.935962,11.372002,0.0,Under way using engine
2026-09-26T00:23:29Z,219000811,54.838728,11.491822,0.0,Under way using engine
2026-09-26T00:23:35Z,219002177,54.935970,11.372005,0.0,Under way using engine
2026-09-26T00:23:59Z,219000811,54.838728,11.491825,0.0,Under way using engine
2026-09-26T00:24:05Z,219002177,54.935972,11.372003,0.0,Under way using engine
2026-09-26T00:24:29Z,219000811,54.838728,11.491828,0.0,Under way using engine
2026-09-26T00:24:35Z,219002177,54.935982,11.372010,0.0,Under way using engine
2026-09-26T00:24:59Z,219000811,54.838730,11.491830,0.0,Under way using engine
2026-09-26T00:25:05Z,219002177,54.935980,11.372005,0.0,Under way using engine
2026-09-26T00:25:06Z,219000809,54.971907,11.514565,0.0,Moored
2026-09-26T00:25:29Z,219000811,54.838730,11.491832,0.0,Under way using engine
2026-09-26T00:25:35Z,219002177,54.935983,11.372008,0.0,Under way using engine
2026-09-26T00:25:59Z,219000811,54.838730,11.491828,0.0,Under way using engine
2026-09-26T00:26:06Z,219000809,54.971907,11.514565,0.0,Moored
2026-09-26T00:26:14Z,219002177,54.935977,11.371993,0.0,Under way using engine
2026-09-26T00:26:29Z,219000811,54.838730,11.491827,0.0,Under way using engine
2026-09-26T00:26:54Z,219002177,54.935977,11.371978,0.0,Under way using engine
2026-09-26T00:26:59Z,219000811,54.838730,11.491823,0.0,Under way using engine
2026-09-26T00:27:29Z,219000811,54.838728,11.491822,0.0,Under way using engine
2026-09-26T00:27:34Z,219002177,54.935980,11.371988,0.0,Under way using engine
2026-09-26T00:28:04Z,219002177,54.935982,11.371997,0.0,Under way using engine
2026-09-26T00:28:08Z,219000809,54.971933,11.514572,0.0,Moored
2026-09-26T00:28:09Z,219000811,54.838728,11.491820,0.0,Under way using engine
2026-09-26T00:28:34Z,219002177,54.935972,11.371985,0.0,Under way using engine
2026-09-26T00:28:40Z,219000811,54.838728,11.491822,0.0,Under way using engine
2026-09-26T00:29:04Z,219002177,54.935978,11.371990,0.0,Under way using engine
2026-09-26T00:29:20Z,219000811,54.838730,11.491822,0.0,Under way using engine
2026-09-26T00:29:34Z,219002177,54.935973,11.371985,0.0,Under way using engine
2026-09-26T00:29:50Z,219000811,54.838732,11.491820,0.0,Under way using engine
2026-09-26T00:30:04Z,219002177,54.935970,11.371993,0.0,Under way using engine
2026-09-26T00:30:20Z,219000811,54.838730,11.491817,0.0,Under way using engine
2026-09-26T00:30:34Z,219002177,54.935965,11.371980,0.0,Under way using engine
2026-09-26T00:30:50Z,219000811,54.838730,11.491815,0.0,Under way using engine
2026-09-26T00:31:04Z,219002177,54.935965,11.371975,0.0,Under way using engine
2026-09-26T00:31:08Z,219000809,54.971922,11.514583,0.0,Moored
2026-09-26T00:31:20Z,219000811,54.838730,11.491813,0.0,Under way using engine
2026-09-26T00:31:34Z,219002177,54.935968,11.371987,0.0,Under way using engine
2026-09-26T00:31:50Z,219000811,54.838730,11.491813,0.0,Under way using engine
2026-09-26T00:32:05Z,219002177,54.935985,11.372002,0.0,Under way using engine
2026-09-26T00:32:20Z,219000811,54.838733,11.491813,0.0,Under way using engine
2026-09-26T00:32:40Z,219002177,54.935982,11.371987,0.0,Under way using engine
2026-09-26T00:32:50Z,219000811,54.838733,11.491812,0.0,Under way using engine
2026-09-26T00:33:14Z,219002177,54.935967,11.371980,0.0,Under way using engine
2026-09-26T00:33:20Z,219000811,54.838735,11.491812,0.0,Under way using engine
2026-09-26T00:33:44Z,219002177,54.935968,11.371983,0.0,Under way using engine
2026-09-26T00:33:58Z,219000811,54.838735,11.491810,0.0,Under way using engine
2026-09-26T00:34:07Z,219000809,54.971922,11.514577,0.0,Moored
2026-09-26T00:34:14Z,219002177,54.935973,11.372005,0.0,Under way using engine
2026-09-26T00:34:29Z,219000811,54.838735,11.491807,0.0,Under way using engine
2026-09-26T00:34:44Z,219002177,54.935972,11.372007,0.0,Under way using engine
2026-09-26T00:35:00Z,219000811,54.838735,11.491808,0.0,Under way using engine
2026-09-26T00:35:14Z,219002177,54.935972,11.372007,0.0,Under way using engine
2026-09-26T00:35:39Z,219000811,54.838732,11.491807,0.0,Under way using engine
2026-09-26T00:35:44Z,219002177,54.935965,11.371995,0.0,Under way using engine
2026-09-26T00:36:09Z,219000811,54.838732,11.491807,0.0,Under way using engine
2026-09-26T00:36:24Z,219002177,54.935967,11.372003,0.0,Under way using engine
2026-09-26T00:36:39Z,219000811,54.838730,11.491808,0.0,Under way using engine
2026-09-26T00:36:55Z,219002177,54.935970,11.371985,0.0,Under way using engine
2026-09-26T00:37:07Z,219000809,54.971928,11.514605,0.0,Moored
2026-09-26T00:37:10Z,219000811,54.838730,11.491810,0.0,Under way using engine
2026-09-26T00:37:33Z,219002177,54.935968,11.371975,0.0,Under way using engine
2026-09-26T00:37:49Z,219000811,54.838728,11.491812,0.0,Under way using engine
2026-09-26T00:38:05Z,219002177,54.935960,11.371975,0.0,Under way using engine
2026-09-26T00:38:06Z,219000809,54.971928,11.514605,0.0,Moored
2026-09-26T00:38:19Z,219000811,54.838728,11.491813,0.0,Under way using engine
2026-09-26T00:38:39Z,219002177,54.935960,11.371970,0.0,Under way using engine
2026-09-26T00:38:50Z,219000811,54.838728,11.491817,0.0,Under way using engine
2026-09-26T00:39:13Z,219002177,54.935965,11.372007,0.0,Under way using engine
2026-09-26T00:39:29Z,219000811,54.838728,11.491820,0.0,Under way using engine
2026-09-26T00:39:44Z,219002177,54.935960,11.371997,0.0,Under way using engine
2026-09-26T00:40:07Z,219000809,54.971922,11.514585,0.0,Moored
2026-09-26T00:40:10Z,219000811,54.838728,11.491820,0.0,Under way using engine
2026-09-26T00:40:33Z,219002177,54.935955,11.371972,0.0,Under way using engine
2026-09-26T00:40:50Z,219000811,54.838728,11.491818,0.0,Under way using engine
2026-09-26T00:41:04Z,219002177,54.935967,11.371990,0.0,Under way using engine
2026-09-26T00:41:29Z,219000811,54.838727,11.491818,0.0,Under way using engine
2026-09-26T00:41:44Z,219002177,54.935973,11.371997,0.0,Under way using engine
2026-09-26T00:42:09Z,219000811,54.838727,11.491813,0.0,Under way using engine
2026-09-26T00:42:25Z,219002177,54.935970,11.372002,0.0,Under way using engine
2026-09-26T00:42:40Z,219000811,54.838727,11.491813,0.0,Under way using engine
2026-09-26T00:43:04Z,219002177,54.935965,11.372005,0.0,Under way using engine
2026-09-26T00:43:09Z,219000809,54.971928,11.514593,0.0,Moored
2026-09-26T00:43:18Z,219000811,54.838727,11.491817,0.0,Under way using engine
2026-09-26T00:43:44Z,219002177,54.935960,11.372005,0.0,Under way using engine
2026-09-26T00:43:49Z,219000811,54.838727,11.491817,0.0,Under way using engine
2026-09-26T00:44:06Z,219000809,54.971928,11.514593,0.0,Moored
2026-09-26T00:44:25Z,219002177,54.935965,11.371993,0.0,Under way using engine
2026-09-26T00:44:29Z,219000811,54.838727,11.491813,0.0,Under way using engine
2026-09-26T00:45:04Z,219002177,54.935967,11.371992,0.0,Under way using engine
2026-09-26T00:45:09Z,219000811,54.838727,11.491810,0.0,Under way using engine
2026-09-26T00:45:40Z,219000811,54.838728,11.491810,0.0,Under way using engine
2026-09-26T00:45:54Z,219002177,54.935965,11.372020,0.0,Under way using engine
2026-09-26T00:46:18Z,219000811,54.838728,11.491808,0.0,Under way using engine
2026-09-26T00:46:25Z,219002177,54.935967,11.372002,0.0,Under way using engine
2026-09-26T00:46:49Z,219000811,54.838728,11.491808,0.0,Under way using engine
2026-09-26T00:47:05Z,219002177,54.935973,11.371995,0.0,Under way using engine
2026-09-26T00:47:19Z,219000811,54.838730,11.491810,0.0,Under way using engine
2026-09-26T00:47:49Z,219000811,54.838728,11.491810,0.0,Under way using engine
2026-09-26T00:47:55Z,219002177,54.935953,11.371990,0.0,Under way using engine
2026-09-26T00:48:19Z,219000811,54.838727,11.491812,0.0,Under way using engine
2026-09-26T00:48:33Z,219002177,54.935940,11.372008,0.0,Under way using engine
2026-09-26T00:48:49Z,219000811,54.838727,11.491812,0.0,Under way using engine
2026-09-26T00:49:05Z,219002177,54.935958,11.371987,0.0,Under way using engine
2026-09-26T00:49:06Z,219000809,54.971922,11.514582,0.0,Moored
2026-09-26T00:49:19Z,219000811,54.838727,11.491812,0.0,Under way using engine
2026-09-26T00:49:45Z,219002177,54.935938,11.371972,0.0,Under way using engine
2026-09-26T00:49:49Z,219000811,54.838727,11.491812,0.0,Under way using engine
2026-09-26T00:50:06Z,219000809,54.971922,11.514582,0.0,Moored
2026-09-26T00:50:19Z,219000811,54.838723,11.491813,0.0,Under way using engine
2026-09-26T00:50:24Z,219002177,54.935948,11.371997,0.0,Under way using engine
2026-09-26T00:50:49Z,219000811,54.838723,11.491815,0.0,Under way using engine
2026-09-26T00:50:55Z,219002177,54.935953,11.372013,0.0,Under way using engine
2026-09-26T00:51:19Z,219000811,54.838723,11.491815,0.0,Under way using engine
2026-09-26T00:51:34Z,219002177,54.935953,11.371992,0.0,Under way using engine
2026-09-26T00:51:49Z,219000811,54.838723,11.491820,0.0,Under way using engine
2026-09-26T00:52:05Z,219002177,54.935955,11.372000,0.0,Under way using engine
2026-09-26T00:52:09Z,219000809,54.971925,11.514583,0.0,Moored
2026-09-26T00:52:19Z,219000811,54.838723,11.491822,0.0,Under way using engine
2026-09-26T00:52:45Z,219002177,54.935955,11.371988,0.0,Under way using engine
2026-09-26T00:52:49Z,219000811,54.838725,11.491823,0.0,Under way using engine
2026-09-26T00:53:25Z,219002177,54.935958,11.372002,0.0,Under way using engine
2026-09-26T00:53:30Z,219000811,54.838727,11.491827,0.0,Under way using engine
2026-09-26T00:53:55Z,219002177,54.935972,11.371987,0.0,Under way using engine
2026-09-26T00:54:00Z,219000811,54.838727,11.491827,0.0,Under way using engine
2026-09-26T00:54:25Z,219002177,54.935955,11.371993,0.0,Under way using engine
2026-09-26T00:54:30Z,219000811,54.838727,11.491827,0.0,Under way using engine
2026-09-26T00:54:55Z,219002177,54.935967,11.371990,0.0,Under way using engine
2026-09-26T00:55:00Z,219000811,54.838727,11.491825,0.0,Under way using engine
2026-09-26T00:55:07Z,219000809,54.971915,11.514550,0.0,Moored
2026-09-26T00:55:25Z,219002177,54.935975,11.371973,0.0,Under way using engine
2026-09-26T00:55:30Z,219000811,54.838728,11.491823,0.0,Under way using engine
2026-09-26T00:55:55Z,219002177,54.935962,11.371990,0.0,Under way using engine
2026-09-26T00:56:00Z,219000811,54.838730,11.491823,0.0,Under way using engine
2026-09-26T00:56:25Z,219002177,54.935963,11.372003,0.0,Under way using engine
2026-09-26T00:56:30Z,219000811,54.838727,11.491820,0.0,Under way using engine
2026-09-26T00:56:55Z,219002177,54.935947,11.372012,0.0,Under way using engine
2026-09-26T00:57:00Z,219000811,54.838728,11.491820,0.0,Under way using engine
2026-09-26T00:57:25Z,219002177,54.935950,11.372037,0.0,Under way using engine
2026-09-26T00:57:38Z,219000811,54.838732,11.491822,0.0,Under way using engine
2026-09-26T00:57:55Z,219002177,54.935953,11.372030,0.0,Under way using engine
2026-09-26T00:58:08Z,219000809,54.971920,11.514582,0.0,Moored
2026-09-26T00:58:08Z,219000811,54.838732,11.491827,0.0,Under way using engine
2026-09-26T00:58:25Z,219002177,54.935958,11.372008,0.0,Under way using engine
2026-09-26T00:58:38Z,219000811,54.838733,11.491828,0.0,Under way using engine
2026-09-26T00:58:55Z,219002177,54.935957,11.372000,0.0,Under way using engine
2026-09-26T00:59:08Z,219000811,54.838733,11.491832,0.0,Under way using engine
2026-09-26T00:59:25Z,219002177,54.935960,11.372002,0.0,Under way using engine
2026-09-26T00:59:38Z,219000811,54.838732,11.491833,0.0,Under way using engine
2026-09-26T01:00:03Z,219002177,54.935973,11.371987,0.0,Under way using engine
2026-09-26T01:00:08Z,219000811,54.838730,11.491833,0.0,Under way using engine
2026-09-26T01:00:33Z,219002177,54.935977,11.371967,0.0,Under way using engine
2026-09-26T01:00:39Z,219000811,54.838732,11.491833,0.0,Under way using engine
2026-09-26T01:01:03Z,219002177,54.935968,11.371963,0.0,Under way using engine
2026-09-26T01:01:06Z,219000809,54.971922,11.514550,0.0,Moored
2026-09-26T01:01:20Z,219000811,54.838733,11.491835,0.0,Under way using engine
2026-09-26T01:01:34Z,219002177,54.935978,11.371962,0.0,Under way using engine
2026-09-26T01:01:50Z,219000811,54.838735,11.491835,0.0,Under way using engine
2026-09-26T01:02:06Z,219000809,54.971922,11.514550,0.0,Moored
2026-09-26T01:02:14Z,219002177,54.935975,11.371975,0.0,Under way using engine
2026-09-26T01:02:20Z,219000811,54.838733,11.491833,0.0,Under way using engine
2026-09-26T01:02:50Z,219000811,54.838730,11.491830,0.0,Under way using engine
2026-09-26T01:02:53Z,219002177,54.935965,11.371993,0.0,Under way using engine
2026-09-26T01:03:20Z,219000811,54.838730,11.491828,0.0,Under way using engine
2026-09-26T01:03:25Z,219002177,54.935967,11.372015,0.0,Under way using engine
2026-09-26T01:03:50Z,219000811,54.838730,11.491825,0.0,Under way using engine
2026-09-26T01:04:04Z,219002177,54.935990,11.371985,0.0,Under way using engine
2026-09-26T01:04:07Z,219000809,54.971943,11.514598,0.0,Moored
2026-09-26T01:04:20Z,219000811,54.838730,11.491823,0.0,Under way using engine
2026-09-26T01:04:34Z,219002177,54.935980,11.371993,0.0,Under way using engine
2026-09-26T01:04:50Z,219000811,54.838730,11.491823,0.0,Under way using engine
2026-09-26T01:05:05Z,219002177,54.935972,11.371998,0.0,Under way using engine
2026-09-26T01:05:20Z,219000811,54.838727,11.491825,0.0,Under way using engine
2026-09-26T01:05:45Z,219002177,54.935975,11.371995,0.0,Under way using engine
2026-09-26T01:05:59Z,219000811,54.838727,11.491825,0.0,Under way using engine
2026-09-26T01:06:15Z,219002177,54.935983,11.371990,0.0,Under way using engine
2026-09-26T01:06:30Z,219000811,54.838728,11.491827,0.0,Under way using engine
2026-09-26T01:06:45Z,219002177,54.935993,11.371973,0.0,Under way using engine
2026-09-26T01:07:07Z,219000809,54.971918,11.514568,0.0,Moored
2026-09-26T01:07:09Z,219000811,54.838728,11.491828,0.0,Under way using engine
2026-09-26T01:07:15Z,219002177,54.935980,11.371973,0.0,Under way using engine
2026-09-26T01:07:39Z,219000811,54.838730,11.491828,0.0,Under way using engine
2026-09-26T01:07:45Z,219002177,54.935985,11.371955,0.0,Under way using engine
2026-09-26T01:08:06Z,219000809,54.971918,11.514568,0.0,Moored
2026-09-26T01:08:09Z,219000811,54.838732,11.491828,0.0,Under way using engine
2026-09-26T01:08:25Z,219002177,54.935990,11.371953,0.0,Under way using engine
2026-09-26T01:08:49Z,219000811,54.838732,11.491830,0.0,Under way using engine
2026-09-26T01:09:05Z,219002177,54.935985,11.371958,0.0,Under way using engine
2026-09-26T01:09:30Z,219000811,54.838735,11.491830,0.0,Under way using engine
2026-09-26T01:09:45Z,219002177,54.935997,11.371952,0.0,Under way using engine
2026-09-26T01:10:00Z,219000811,54.838738,11.491830,0.0,Under way using engine
2026-09-26T01:10:06Z,219000809,54.971925,11.514578,0.0,Moored
2026-09-26T01:10:25Z,219002177,54.935985,11.371965,0.0,Under way using engine
2026-09-26T01:10:30Z,219000811,54.838740,11.491830,0.0,Under way using engine
2026-09-26T01:11:00Z,219000811,54.838740,11.491832,0.0,Under way using engine
2026-09-26T01:11:05Z,219002177,54.935983,11.371973,0.0,Under way using engine
2026-09-26T01:11:30Z,219000811,54.838738,11.491830,0.0,Under way using engine
2026-09-26T01:11:45Z,219002177,54.935998,11.371963,0.0,Under way using engine
2026-09-26T01:12:00Z,219000811,54.838737,11.491828,0.0,Under way using engine
2026-09-26T01:12:25Z,219002177,54.935978,11.371985,0.0,Under way using engine
2026-09-26T01:12:30Z,219000811,54.838735,11.491830,0.0,Under way using engine
2026-09-26T01:13:00Z,219000811,54.838735,11.491832,0.0,Under way using engine
2026-09-26T01:13:04Z,219002177,54.935978,11.371970,0.0,Under way using engine
2026-09-26T01:13:07Z,219000809,54.971928,11.514567,0.0,Moored
2026-09-26T01:13:30Z,219000811,54.838735,11.491832,0.0,Under way using engine
2026-09-26T01:13:34Z,219002177,54.935995,11.371970,0.0,Under way using engine
2026-09-26T01:14:00Z,219000811,54.838737,11.491832,0.0,Under way using engine
2026-09-26T01:14:04Z,219002177,54.935985,11.371963,0.0,Under way using engine
2026-09-26T01:14:06Z,219000809,54.971928,11.514567,0.0,Moored
2026-09-26T01:14:30Z,219000811,54.838737,11.491835,0.0,Under way using engine
2026-09-26T01:14:40Z,219002177,54.935985,11.371975,0.0,Under way using engine
2026-09-26T01:15:00Z,219000811,54.838735,11.491837,0.0,Under way using engine
2026-09-26T01:15:14Z,219002177,54.935965,11.371980,0.0,Under way using engine
2026-09-26T01:15:38Z,219000811,54.838737,11.491833,0.0,Under way using engine
2026-09-26T01:15:55Z,219002177,54.935975,11.371982,0.0,Under way using engine
2026-09-26T01:16:07Z,219000809,54.971928,11.514540,0.0,Moored
2026-09-26T01:16:09Z,219000811,54.838737,11.491832,0.0,Under way using engine
2026-09-26T01:16:33Z,219002177,54.935995,11.371960,0.0,Under way using engine
2026-09-26T01:16:39Z,219000811,54.838737,11.491832,0.0,Under way using engine
2026-09-26T01:17:04Z,219002177,54.935988,11.371977,0.0,Under way using engine
2026-09-26T01:17:09Z,219000811,54.838737,11.491828,0.0,Under way using engine
2026-09-26T01:17:39Z,219000811,54.838737,11.491827,0.0,Under way using engine
2026-09-26T01:17:55Z,219002177,54.935975,11.371978,0.0,Under way using engine
2026-09-26T01:18:09Z,219000811,54.838738,11.491828,0.0,Under way using engine
2026-09-26T01:18:33Z,219002177,54.935985,11.371965,0.0,Under way using engine
2026-09-26T01:18:59Z,219000811,54.838737,11.491832,0.0,Under way using engine
2026-09-26T01:19:04Z,219002177,54.935995,11.371965,0.0,Under way using engine
2026-09-26T01:19:08Z,219000809,54.971932,11.514547,0.0,Moored
2026-09-26T01:19:29Z,219000811,54.838735,11.491832,0.0,Under way using engine
2026-09-26T01:19:54Z,219002177,54.935977,11.372007,0.0,Under way using engine
2026-09-26T01:19:59Z,219000811,54.838735,11.491832,0.0,Under way using engine
2026-09-26T01:20:06Z,219000809,54.971932,11.514547,0.0,Moored
2026-09-26T01:20:24Z,219002177,54.935970,11.372017,0.0,Under way using engine
2026-09-26T01:20:29Z,219000811,54.838732,11.491833,0.0,Under way using engine
2026-09-26T01:20:54Z,219002177,54.935978,11.371992,0.0,Under way using engine
2026-09-26T01:20:59Z,219000811,54.838730,11.491835,0.0,Under way using engine
2026-09-26T01:21:24Z,219002177,54.935965,11.371975,0.1,Under way using engine
2026-09-26T01:21:29Z,219000811,54.838730,11.491835,0.0,Under way using engine
2026-09-26T01:21:54Z,219002177,54.935968,11.371992,0.0,Under way using engine
2026-09-26T01:21:59Z,219000811,54.838730,11.491833,0.0,Under way using engine
2026-09-26T01:22:07Z,219000809,54.971930,11.514563,0.1,Moored
2026-09-26T01:22:24Z,219002177,54.935937,11.372020,0.1,Under way using engine
2026-09-26T01:22:29Z,219000811,54.838728,11.491835,0.0,Under way using engine
2026-09-26T01:22:54Z,219002177,54.935955,11.371987,0.0,Under way using engine
2026-09-26T01:22:59Z,219000811,54.838730,11.491833,0.0,Under way using engine
2026-09-26T01:23:24Z,219002177,54.935973,11.372003,0.0,Under way using engine
2026-09-26T01:23:29Z,219000811,54.838730,11.491830,0.0,Under way using engine
2026-09-26T01:23:54Z,219002177,54.935952,11.371975,0.0,Under way using engine
2026-09-26T01:23:59Z,219000811,54.838730,11.491828,0.0,Under way using engine
2026-09-26T01:24:24Z,219002177,54.935977,11.371965,0.0,Under way using engine
2026-09-26T01:24:29Z,219000811,54.838730,11.491828,0.0,Under way using engine
2026-09-26T01:24:54Z,219002177,54.935968,11.371947,0.0,Under way using engine
2026-09-26T01:24:59Z,219000811,54.838728,11.491828,0.0,Under way using engine
2026-09-26T01:25:08Z,219000809,54.971925,11.514538,0.0,Moored
2026-09-26T01:25:24Z,219002177,54.935965,11.371965,0.0,Under way using engine
2026-09-26T01:25:30Z,219000811,54.838728,11.491830,0.0,Under way using engine
2026-09-26T01:26:03Z,219002177,54.935963,11.371988,0.0,Under way using engine
2026-09-26T01:26:06Z,219000809,54.971925,11.514538,0.0,Moored
2026-09-26T01:26:09Z,219000811,54.838728,11.491830,0.0,Under way using engine
2026-09-26T01:26:34Z,219002177,54.935962,11.371987,0.0,Under way using engine
2026-09-26T01:26:48Z,219000811,54.838728,11.491827,0.0,Under way using engine
2026-09-26T01:27:15Z,219002177,54.935977,11.371998,0.0,Under way using engine
2026-09-26T01:27:19Z,219000811,54.838732,11.491823,0.0,Under way using engine
2026-09-26T01:27:50Z,219000811,54.838733,11.491823,0.0,Under way using engine
2026-09-26T01:27:53Z,219002177,54.935978,11.371980,0.0,Under way using engine
2026-09-26T01:28:06Z,219000809,54.971922,11.514537,0.0,Moored
2026-09-26T01:28:23Z,219002177,54.935985,11.371968,0.0,Under way using engine
2026-09-26T01:28:30Z,219000811,54.838732,11.491825,0.0,Under way using engine
2026-09-26T01:28:53Z,219002177,54.935977,11.371957,0.0,Under way using engine
2026-09-26T01:29:09Z,219000811,54.838732,11.491827,0.0,Under way using engine
2026-09-26T01:29:23Z,219002177,54.935982,11.371958,0.0,Under way using engine
2026-09-26T01:29:40Z,219000811,54.838730,11.491828,0.0,Under way using engine
2026-09-26T01:29:53Z,219002177,54.935977,11.371970,0.0,Under way using engine
2026-09-26T01:30:19Z,219000811,54.838728,11.491828,0.0,Under way using engine
2026-09-26T01:30:23Z,219002177,54.935975,11.371990,0.0,Under way using engine
2026-09-26T01:30:50Z,219000811,54.838732,11.491827,0.0,Under way using engine
2026-09-26T01:30:53Z,219002177,54.935977,11.371992,0.0,Under way using engine
2026-09-26T01:31:07Z,219000809,54.971927,11.514547,0.0,Moored
2026-09-26T01:31:23Z,219002177,54.935970,11.371977,0.0,Under way using engine
2026-09-26T01:31:30Z,219000811,54.838733,11.491827,0.0,Under way using engine
2026-09-26T01:31:53Z,219002177,54.935940,11.371968,0.0,Under way using engine
2026-09-26T01:32:09Z,219000811,54.838732,11.491830,0.0,Under way using engine
2026-09-26T01:32:23Z,219002177,54.935955,11.371978,0.0,Under way using engine
2026-09-26T01:32:40Z,219000811,54.838732,11.491832,0.0,Under way using engine
2026-09-26T01:32:55Z,219002177,54.935982,11.371985,0.0,Under way using engine
2026-09-26T01:33:19Z,219000811,54.838730,11.491830,0.0,Under way using engine
2026-09-26T01:33:35Z,219002177,54.935987,11.371963,0.0,Under way using engine
2026-09-26T01:33:49Z,219000811,54.838730,11.491830,0.0,Under way using engine
2026-09-26T01:34:05Z,219002177,54.935987,11.371958,0.0,Under way using engine
2026-09-26T01:34:19Z,219000811,54.838732,11.491830,0.0,Under way using engine
2026-09-26T01:34:35Z,219002177,54.935978,11.371975,0.0,Under way using engine
2026-09-26T01:34:49Z,219000811,54.838732,11.491830,0.0,Under way using engine
2026-09-26T01:35:05Z,219002177,54.935958,11.371957,0.0,Under way using engine
2026-09-26T01:35:19Z,219000811,54.838733,11.491828,0.0,Under way using engine
2026-09-26T01:35:35Z,219002177,54.935980,11.371963,0.0,Under way using engine
2026-09-26T01:35:49Z,219000811,54.838732,11.491828,0.0,Under way using engine
2026-09-26T01:36:13Z,219002177,54.935963,11.371952,0.0,Under way using engine
2026-09-26T01:36:19Z,219000811,54.838732,11.491825,0.0,Under way using engine
2026-09-26T01:36:43Z,219002177,54.935973,11.371978,0.0,Under way using engine
2026-09-26T01:36:49Z,219000811,54.838730,11.491823,0.0,Under way using engine
2026-09-26T01:37:08Z,219000809,54.971890,11.514555,0.0,Moored
2026-09-26T01:37:13Z,219002177,54.935992,11.371987,0.0,Under way using engine
2026-09-26T01:37:19Z,219000811,54.838728,11.491823,0.0,Under way using engine
2026-09-26T01:37:43Z,219002177,54.935993,11.371992,0.0,Under way using engine
2026-09-26T01:37:49Z,219000811,54.838727,11.491822,0.0,Under way using engine
2026-09-26T01:38:06Z,219000809,54.971890,11.514555,0.0,Moored
2026-09-26T01:38:13Z,219002177,54.935972,11.371977,0.0,Under way using engine
2026-09-26T01:38:20Z,219000811,54.838725,11.491820,0.0,Under way using engine
2026-09-26T01:38:43Z,219002177,54.935965,11.371983,0.0,Under way using engine
2026-09-26T01:38:59Z,219000811,54.838723,11.491820,0.0,Under way using engine
2026-09-26T01:39:13Z,219002177,54.935963,11.371965,0.0,Under way using engine
2026-09-26T01:39:30Z,219000811,54.838722,11.491823,0.0,Under way using engine
2026-09-26T01:39:43Z,219002177,54.935972,11.371965,0.0,Under way using engine
2026-09-26T01:40:07Z,219000809,54.971917,11.514563,0.0,Moored
2026-09-26T01:40:10Z,219000811,54.838718,11.491825,0.0,Under way using engine
2026-09-26T01:40:13Z,219002177,54.935963,11.371985,0.1,Under way using engine
2026-09-26T01:40:43Z,219002177,54.935957,11.371975,0.1,Under way using engine
2026-09-26T01:40:49Z,219000811,54.838718,11.491825,0.0,Under way using engine
2026-09-26T01:41:13Z,219002177,54.935953,11.371968,0.0,Under way using engine
2026-09-26T01:41:20Z,219000811,54.838722,11.491825,0.0,Under way using engine
2026-09-26T01:41:43Z,219002177,54.935955,11.371968,0.0,Under way using engine
2026-09-26T01:41:59Z,219000811,54.838723,11.491827,0.0,Under way using engine
2026-09-26T01:42:13Z,219002177,54.935955,11.371967,0.0,Under way using engine
2026-09-26T01:42:30Z,219000811,54.838728,11.491827,0.0,Under way using engine
2026-09-26T01:42:44Z,219002177,54.935958,11.371960,0.0,Under way using engine
2026-09-26T01:43:07Z,219000809,54.971915,11.514570,0.0,Moored
2026-09-26T01:43:10Z,219000811,54.838732,11.491827,0.0,Under way using engine
2026-09-26T01:43:24Z,219002177,54.935988,11.371955,0.0,Under way using engine
2026-09-26T01:43:49Z,219000811,54.838733,11.491825,0.0,Under way using engine
2026-09-26T01:43:55Z,219002177,54.935977,11.371967,0.0,Under way using engine
2026-09-26T01:44:06Z,219000809,54.971915,11.514570,0.0,Moored
2026-09-26T01:44:20Z,219000811,54.838735,11.491825,0.0,Under way using engine
2026-09-26T01:44:34Z,219002177,54.935973,11.371957,0.0,Under way using engine
2026-09-26T01:44:59Z,219000811,54.838738,11.491825,0.0,Under way using engine
2026-09-26T01:45:05Z,219002177,54.935975,11.371952,0.0,Under way using engine
2026-09-26T01:45:30Z,219000811,54.838732,11.491820,0.0,Under way using engine
2026-09-26T01:45:44Z,219002177,54.935982,11.371963,0.0,Under way using engine
2026-09-26T01:46:09Z,219000809,54.971938,11.514545,0.0,Moored
2026-09-26T01:46:10Z,219000811,54.838727,11.491820,0.0,Under way using engine
2026-09-26T01:46:24Z,219002177,54.935970,11.371947,0.0,Under way using engine
2026-09-26T01:46:49Z,219000811,54.838727,11.491823,0.0,Under way using engine
2026-09-26T01:46:55Z,219002177,54.935972,11.371943,0.0,Under way using engine
2026-09-26T01:47:20Z,219000811,54.838728,11.491822,0.0,Under way using engine
2026-09-26T01:47:34Z,219002177,54.935972,11.371955,0.1,Under way using engine
2026-09-26T01:48:00Z,219000811,54.838730,11.491822,0.0,Under way using engine
2026-09-26T01:48:04Z,219002177,54.935980,11.371963,0.0,Under way using engine
2026-09-26T01:48:34Z,219002177,54.935965,11.371985,0.0,Under way using engine
2026-09-26T01:48:39Z,219000811,54.838730,11.491825,0.0,Under way using engine
2026-09-26T01:49:04Z,219002177,54.935965,11.371980,0.0,Under way using engine
2026-09-26T01:49:07Z,219000809,54.971898,11.514583,0.0,Moored
2026-09-26T01:49:10Z,219000811,54.838730,11.491828,0.0,Under way using engine
2026-09-26T01:49:34Z,219002177,54.935965,11.371972,0.0,Under way using engine
2026-09-26T01:49:49Z,219000811,54.838728,11.491830,0.0,Under way using engine
2026-09-26T01:50:04Z,219002177,54.935967,11.371968,0.1,Under way using engine
2026-09-26T01:50:06Z,219000809,54.971898,11.514583,0.0,Moored
2026-09-26T01:50:20Z,219000811,54.838728,11.491832,0.0,Under way using engine
2026-09-26T01:50:34Z,219002177,54.935963,11.371970,0.0,Under way using engine
2026-09-26T01:51:00Z,219000811,54.838725,11.491832,0.0,Under way using engine
2026-09-26T01:51:04Z,219002177,54.935965,11.371990,0.0,Under way using engine
2026-09-26T01:51:34Z,219002177,54.935957,11.371963,0.0,Under way using engine
2026-09-26T01:51:39Z,219000811,54.838728,11.491830,0.0,Under way using engine
2026-09-26T01:52:04Z,219002177,54.935957,11.371962,0.0,Under way using engine
2026-09-26T01:52:08Z,219000809,54.971935,11.514572,0.0,Moored
2026-09-26T01:52:10Z,219000811,54.838730,11.491830,0.0,Under way using engine
2026-09-26T01:52:34Z,219002177,54.935945,11.371960,0.0,Under way using engine
2026-09-26T01:52:49Z,219000811,54.838732,11.491832,0.0,Under way using engine
2026-09-26T01:53:04Z,219002177,54.935958,11.371968,0.0,Under way using engine
2026-09-26T01:53:30Z,219000811,54.838732,11.491840,0.0,Under way using engine
2026-09-26T01:53:34Z,219002177,54.935970,11.371977,0.0,Under way using engine
2026-09-26T01:54:00Z,219000811,54.838733,11.491838,0.0,Under way using engine
2026-09-26T01:54:04Z,219002177,54.935982,11.371967,0.0,Under way using engine
2026-09-26T01:54:30Z,219000811,54.838732,11.491837,0.0,Under way using engine
2026-09-26T01:54:34Z,219002177,54.935985,11.371975,0.0,Under way using engine
2026-09-26T01:55:00Z,219000811,54.838732,11.491835,0.0,Under way using engine
2026-09-26T01:55:04Z,219002177,54.935950,11.371960,0.0,Under way using engine
2026-09-26T01:55:06Z,219000809,54.971932,11.514600,0.0,Moored
2026-09-26T01:55:30Z,219000811,54.838733,11.491835,0.0,Under way using engine
2026-09-26T01:55:34Z,219002177,54.935950,11.371965,0.0,Under way using engine
2026-09-26T01:56:00Z,219000811,54.838733,11.491837,0.0,Under way using engine
2026-09-26T01:56:04Z,219002177,54.935958,11.371958,0.0,Under way using engine
2026-09-26T01:56:06Z,219000809,54.971932,11.514600,0.0,Moored
2026-09-26T01:56:30Z,219000811,54.838735,11.491837,0.0,Under way using engine
2026-09-26T01:56:34Z,219002177,54.935960,11.371952,0.0,Under way using engine
2026-09-26T01:57:00Z,219000811,54.838735,11.491837,0.0,Under way using engine
2026-09-26T01:57:04Z,219002177,54.935953,11.371955,0.0,Under way using engine
2026-09-26T01:57:30Z,219000811,54.838733,11.491835,0.0,Under way using engine
2026-09-26T01:57:34Z,219002177,54.935967,11.371962,0.0,Under way using engine
2026-09-26T01:58:00Z,219000811,54.838732,11.491835,0.0,Under way using engine
2026-09-26T01:58:04Z,219002177,54.935965,11.371965,0.0,Under way using engine
2026-09-26T01:58:08Z,219000809,54.971933,11.514565,0.0,Moored
2026-09-26T01:58:30Z,219000811,54.838728,11.491835,0.0,Under way using engine
2026-09-26T01:58:34Z,219002177,54.935953,11.371965,0.0,Under way using engine
2026-09-26T01:59:00Z,219000811,54.838725,11.491833,0.0,Under way using engine
2026-09-26T01:59:04Z,219002177,54.935948,11.371965,0.0,Under way using engine
2026-09-26T01:59:30Z,219000811,54.838722,11.491832,0.0,Under way using engine
2026-09-26T01:59:34Z,219002177,54.935963,11.371962,0.0,Under way using engine
2026-09-26T02:00:00Z,219000811,54.838722,11.491832,0.0,Under way using engine
2026-09-26T02:00:05Z,219002177,54.935977,11.371970,0.0,Under way using engine
2026-09-26T02:00:30Z,219000811,54.838722,11.491832,0.0,Under way using engine
2026-09-26T02:00:54Z,219002177,54.935968,11.371977,0.0,Under way using engine
2026-09-26T02:01:00Z,219000811,54.838725,11.491833,0.0,Under way using engine
2026-09-26T02:01:08Z,219000809,54.971918,11.514588,0.0,Moored
2026-09-26T02:01:34Z,219002177,54.935970,11.371982,0.0,Under way using engine
2026-09-26T02:01:39Z,219000811,54.838727,11.491832,0.0,Under way using engine
2026-09-26T02:02:05Z,219002177,54.935985,11.371978,0.0,Under way using engine
2026-09-26T02:02:06Z,219000809,54.971918,11.514588,0.0,Moored
2026-09-26T02:02:09Z,219000811,54.838727,11.491832,0.0,Under way using engine
2026-09-26T02:02:35Z,219002177,54.935960,11.371992,0.0,Under way using engine
2026-09-26T02:02:39Z,219000811,54.838727,11.491832,0.0,Under way using engine
2026-09-26T02:03:05Z,219002177,54.935973,11.371980,0.0,Under way using engine
2026-09-26T02:03:10Z,219000811,54.838727,11.491833,0.0,Under way using engine
2026-09-26T02:03:35Z,219002177,54.935990,11.371973,0.0,Under way using engine
2026-09-26T02:03:40Z,219000811,54.838727,11.491833,0.0,Under way using engine
2026-09-26T02:04:05Z,219002177,54.936007,11.371980,0.0,Under way using engine
2026-09-26T02:04:08Z,219000809,54.971923,11.514563,0.0,Moored
2026-09-26T02:04:10Z,219000811,54.838728,11.491832,0.0,Under way using engine
2026-09-26T02:04:35Z,219002177,54.936015,11.371973,0.0,Under way using engine
2026-09-26T02:04:40Z,219000811,54.838730,11.491832,0.0,Under way using engine
2026-09-26T02:05:05Z,219002177,54.936000,11.371977,0.0,Under way using engine
2026-09-26T02:05:10Z,219000811,54.838732,11.491835,0.0,Under way using engine
2026-09-26T02:05:35Z,219002177,54.935997,11.371968,0.0,Under way using engine
2026-09-26T02:05:40Z,219000811,54.838733,11.491837,0.0,Under way using engine
2026-09-26T02:06:05Z,219002177,54.935988,11.371982,0.0,Under way using engine
2026-09-26T02:06:10Z,219000811,54.838735,11.491842,0.0,Under way using engine
2026-09-26T02:06:35Z,219002177,54.935977,11.371988,0.0,Under way using engine
2026-09-26T02:06:40Z,219000811,54.838737,11.491845,0.0,Under way using engine
2026-09-26T02:07:05Z,219002177,54.935957,11.371995,0.0,Under way using engine
2026-09-26T02:07:06Z,219000809,54.971907,11.514597,0.0,Moored
2026-09-26T02:07:19Z,219000811,54.838737,11.491845,0.0,Under way using engine
2026-09-26T02:07:35Z,219002177,54.935957,11.371995,0.0,Under way using engine
2026-09-26T02:07:50Z,219000811,54.838737,11.491843,0.0,Under way using engine
2026-09-26T02:08:05Z,219002177,54.935970,11.371983,0.0,Under way using engine
2026-09-26T02:08:06Z,219000809,54.971907,11.514597,0.0,Moored
2026-09-26T02:08:29Z,219000811,54.838740,11.491842,0.0,Under way using engine
2026-09-26T02:08:35Z,219002177,54.935967,11.371982,0.0,Under way using engine
2026-09-26T02:08:59Z,219000811,54.838740,11.491840,0.0,Under way using engine
2026-09-26T02:09:05Z,219002177,54.935982,11.371980,0.0,Under way using engine
2026-09-26T02:09:29Z,219000811,54.838740,11.491833,0.0,Under way using engine
2026-09-26T02:09:43Z,219002177,54.935968,11.371988,0.0,Under way using engine
2026-09-26T02:09:59Z,219000811,54.838740,11.491832,0.0,Under way using engine
2026-09-26T02:10:07Z,219000809,54.971922,11.514575,0.0,Moored
2026-09-26T02:10:14Z,219002177,54.935967,11.371983,0.0,Under way using engine
2026-09-26T02:10:29Z,219000811,54.838740,11.491833,0.0,Under way using engine
2026-09-26T02:10:44Z,219002177,54.935982,11.371970,0.0,Under way using engine
2026-09-26T02:10:59Z,219000811,54.838737,11.491835,0.0,Under way using engine
2026-09-26T02:11:14Z,219002177,54.935973,11.371982,0.0,Under way using engine
2026-09-26T02:11:29Z,219000811,54.838737,11.491837,0.0,Under way using engine
2026-09-26T02:11:44Z,219002177,54.936003,11.371983,0.0,Under way using engine
2026-09-26T02:11:59Z,219000811,54.838737,11.491838,0.0,Under way using engine
2026-09-26T02:12:14Z,219002177,54.935982,11.371990,0.0,Under way using engine
2026-09-26T02:12:29Z,219000811,54.838737,11.491840,0.0,Under way using engine
2026-09-26T02:12:44Z,219002177,54.935977,11.371987,0.0,Under way using engine
2026-09-26T02:12:59Z,219000811,54.838737,11.491840,0.0,Under way using engine
2026-09-26T02:13:15Z,219002177,54.935985,11.371988,0.0,Under way using engine
2026-09-26T02:13:29Z,219000811,54.838738,11.491837,0.0,Under way using engine
2026-09-26T02:13:54Z,219002177,54.935983,11.371988,0.0,Under way using engine
2026-09-26T02:13:59Z,219000811,54.838737,11.491837,0.0,Under way using engine
2026-09-26T02:14:06Z,219000809,54.971922,11.514575,0.0,Moored
2026-09-26T02:14:24Z,219002177,54.935978,11.371987,0.0,Under way using engine
2026-09-26T02:14:29Z,219000811,54.838735,11.491837,0.0,Under way using engine
2026-09-26T02:14:54Z,219002177,54.935970,11.371993,0.0,Under way using engine
2026-09-26T02:14:59Z,219000811,54.838735,11.491835,0.0,Under way using engine
2026-09-26T02:15:24Z,219002177,54.935975,11.371983,0.0,Under way using engine
2026-09-26T02:15:30Z,219000811,54.838735,11.491833,0.0,Under way using engine
2026-09-26T02:15:54Z,219002177,54.935983,11.371992,0.0,Under way using engine
2026-09-26T02:16:06Z,219000809,54.971938,11.514565,0.0,Moored
2026-09-26T02:16:10Z,219000811,54.838735,11.491830,0.0,Under way using engine
2026-09-26T02:16:25Z,219002177,54.935955,11.371987,0.0,Under way using engine
2026-09-26T02:16:40Z,219000811,54.838735,11.491830,0.0,Under way using engine
2026-09-26T02:17:03Z,219002177,54.935975,11.371982,0.0,Under way using engine
2026-09-26T02:17:10Z,219000811,54.838737,11.491833,0.0,Under way using engine
2026-09-26T02:17:40Z,219000811,54.838737,11.491832,0.0,Under way using engine
2026-09-26T02:17:44Z,219002177,54.935992,11.371990,0.0,Under way using engine
2026-09-26T02:18:10Z,219000811,54.838737,11.491833,0.0,Under way using engine
2026-09-26T02:18:15Z,219002177,54.935970,11.371978,0.0,Under way using engine
2026-09-26T02:18:40Z,219000811,54.838737,11.491833,0.0,Under way using engine
2026-09-26T02:18:53Z,219002177,54.935975,11.371973,0.0,Under way using engine
2026-09-26T02:19:08Z,219000809,54.971910,11.514580,0.0,Moored
2026-09-26T02:19:10Z,219000811,54.838737,11.491833,0.0,Under way using engine
2026-09-26T02:19:25Z,219002177,54.935975,11.371977,0.0,Under way using engine
2026-09-26T02:19:40Z,219000811,54.838735,11.491833,0.0,Under way using engine
2026-09-26T02:20:05Z,219002177,54.935965,11.371982,0.0,Under way using engine
2026-09-26T02:20:06Z,219000809,54.971910,11.514580,0.0,Moored
2026-09-26T02:20:19Z,219000811,54.838733,11.491835,0.0,Under way using engine
2026-09-26T02:20:43Z,219002177,54.935980,11.371995,0.0,Under way using engine
2026-09-26T02:20:50Z,219000811,54.838733,11.491835,0.0,Under way using engine
2026-09-26T02:21:15Z,219002177,54.935967,11.371973,0.1,Under way using engine
2026-09-26T02:21:20Z,219000811,54.838733,11.491837,0.0,Under way using engine
2026-09-26T02:21:50Z,219000811,54.838733,11.491837,0.0,Under way using engine
2026-09-26T02:21:53Z,219002177,54.935952,11.371988,0.0,Under way using engine
2026-09-26T02:22:07Z,219000809,54.971933,11.514587,0.0,Moored
2026-09-26T02:22:20Z,219000811,54.838733,11.491840,0.0,Under way using engine
2026-09-26T02:22:23Z,219002177,54.935992,11.371992,0.0,Under way using engine
2026-09-26T02:22:53Z,219002177,54.935972,11.371993,0.0,Under way using engine
2026-09-26T02:23:00Z,219000811,54.838735,11.491843,0.0,Under way using engine
2026-09-26T02:23:23Z,219002177,54.935958,11.372000,0.0,Under way using engine
2026-09-26T02:23:40Z,219000811,54.838735,11.491847,0.0,Under way using engine
2026-09-26T02:23:55Z,219002177,54.935973,11.371993,0.0,Under way using engine
2026-09-26T02:24:20Z,219000811,54.838733,11.491843,0.0,Under way using engine
2026-09-26T02:24:33Z,219002177,54.935995,11.371990,0.0,Under way using engine
2026-09-26T02:25:00Z,219000811,54.838733,11.491842,0.0,Under way using engine
2026-09-26T02:25:04Z,219002177,54.935998,11.371990,0.0,Under way using engine
2026-09-26T02:25:06Z,219000809,54.971942,11.514607,0.0,Moored
2026-09-26T02:25:30Z,219000811,54.838733,11.491838,0.0,Under way using engine
2026-09-26T02:25:43Z,219002177,54.935975,11.371990,0.0,Under way using engine
2026-09-26T02:26:00Z,219000811,54.838733,11.491837,0.0,Under way using engine
2026-09-26T02:26:06Z,219000809,54.971942,11.514607,0.0,Moored
2026-09-26T02:26:15Z,219002177,54.935980,11.371983,0.1,Under way using engine
2026-09-26T02:26:30Z,219000811,54.838733,11.491835,0.0,Under way using engine
2026-09-26T02:26:45Z,219002177,54.935972,11.371985,0.0,Under way using engine
2026-09-26T02:27:15Z,219002177,54.935990,11.371995,0.1,Under way using engine
2026-09-26T02:27:19Z,219000811,54.838733,11.491835,0.0,Under way using engine
2026-09-26T02:27:45Z,219002177,54.935983,11.371987,0.0,Under way using engine
2026-09-26T02:27:59Z,219000811,54.838737,11.491837,0.0,Under way using engine
2026-09-26T02:28:06Z,219000809,54.971955,11.514605,0.0,Moored
2026-09-26T02:28:24Z,219002177,54.935967,11.371973,0.1,Under way using engine
2026-09-26T02:28:30Z,219000811,54.838738,11.491838,0.0,Under way using engine
2026-09-26T02:28:55Z,219002177,54.935955,11.371982,0.0,Under way using engine
2026-09-26T02:29:09Z,219000811,54.838742,11.491835,0.0,Under way using engine
2026-09-26T02:29:33Z,219002177,54.935973,11.371985,0.0,Under way using engine
2026-09-26T02:29:39Z,219000811,54.838742,11.491833,0.0,Under way using engine
2026-09-26T02:30:09Z,219000811,54.838742,11.491833,0.0,Under way using engine
2026-09-26T02:30:24Z,219002177,54.935983,11.371982,0.0,Under way using engine
2026-09-26T02:30:39Z,219000811,54.838742,11.491835,0.0,Under way using engine
2026-09-26T02:31:05Z,219002177,54.935970,11.371987,0.0,Under way using engine
2026-09-26T02:31:07Z,219000809,54.971915,11.514575,0.0,Moored
2026-09-26T02:31:09Z,219000811,54.838743,11.491837,0.0,Under way using engine
2026-09-26T02:31:39Z,219000811,54.838742,11.491837,0.0,Under way using engine
2026-09-26T02:31:53Z,219002177,54.935967,11.372007,0.0,Under way using engine
2026-09-26T02:32:06Z,219000809,54.971915,11.514575,0.0,Moored
2026-09-26T02:32:09Z,219000811,54.838740,11.491835,0.0,Under way using engine
2026-09-26T02:32:24Z,219002177,54.935963,11.372003,0.0,Under way using engine
2026-09-26T02:32:39Z,219000811,54.838738,11.491835,0.0,Under way using engine
2026-09-26T02:33:05Z,219002177,54.935960,11.371993,0.0,Under way using engine
2026-09-26T02:33:09Z,219000811,54.838738,11.491838,0.0,Under way using engine
2026-09-26T02:33:39Z,219000811,54.838740,11.491840,0.0,Under way using engine
2026-09-26T02:33:53Z,219002177,54.935972,11.371977,0.0,Under way using engine
2026-09-26T02:34:07Z,219000809,54.971927,11.514598,0.0,Moored
2026-09-26T02:34:09Z,219000811,54.838740,11.491840,0.0,Under way using engine
2026-09-26T02:34:34Z,219002177,54.935965,11.371973,0.0,Under way using engine
2026-09-26T02:34:40Z,219000811,54.838738,11.491842,0.0,Under way using engine
2026-09-26T02:35:05Z,219002177,54.935970,11.371975,0.0,Under way using engine
2026-09-26T02:35:20Z,219000811,54.838738,11.491842,0.0,Under way using engine
2026-09-26T02:35:45Z,219002177,54.935965,11.371983,0.0,Under way using engine
2026-09-26T02:35:50Z,219000811,54.838735,11.491843,0.0,Under way using engine
2026-09-26T02:36:20Z,219000811,54.838733,11.491843,0.0,Under way using engine
2026-09-26T02:36:34Z,219002177,54.935967,11.371980,0.0,Under way using engine
2026-09-26T02:36:50Z,219000811,54.838732,11.491843,0.0,Under way using engine
2026-09-26T02:37:05Z,219002177,54.935972,11.371993,0.0,Under way using engine
2026-09-26T02:37:06Z,219000809,54.971923,11.514588,0.0,Moored
2026-09-26T02:37:20Z,219000811,54.838730,11.491843,0.0,Under way using engine
2026-09-26T02:37:45Z,219002177,54.935967,11.372000,0.0,Under way using engine
2026-09-26T02:37:50Z,219000811,54.838732,11.491845,0.0,Under way using engine
2026-09-26T02:38:06Z,219000809,54.971923,11.514588,0.0,Moored
2026-09-26T02:38:20Z,219000811,54.838733,11.491843,0.0,Under way using engine
2026-09-26T02:38:24Z,219002177,54.935973,11.372000,0.0,Under way using engine
2026-09-26T02:38:50Z,219000811,54.838735,11.491842,0.0,Under way using engine
2026-09-26T02:38:54Z,219002177,54.935977,11.371995,0.1,Under way using engine
2026-09-26T02:39:20Z,219000811,54.838737,11.491840,0.0,Under way using engine
2026-09-26T02:39:24Z,219002177,54.935968,11.371990,0.0,Under way using engine
2026-09-26T02:39:50Z,219000811,54.838740,11.491837,0.0,Under way using engine
2026-09-26T02:39:54Z,219002177,54.935978,11.371998,0.0,Under way using engine
2026-09-26T02:40:08Z,219000809,54.971912,11.514582,0.0,Moored
2026-09-26T02:40:20Z,219000811,54.838740,11.491833,0.0,Under way using engine
2026-09-26T02:40:24Z,219002177,54.935968,11.372002,0.0,Under way using engine
2026-09-26T02:40:54Z,219002177,54.935968,11.372002,0.0,Under way using engine
2026-09-26T02:40:59Z,219000811,54.838738,11.491832,0.0,Under way using engine
2026-09-26T02:41:25Z,219002177,54.935975,11.372002,0.0,Under way using engine
2026-09-26T02:41:30Z,219000811,54.838737,11.491832,0.0,Under way using engine
2026-09-26T02:42:03Z,219002177,54.935973,11.372005,0.0,Under way using engine
2026-09-26T02:42:09Z,219000811,54.838732,11.491830,0.0,Under way using engine
2026-09-26T02:42:34Z,219002177,54.935973,11.371998,0.0,Under way using engine
2026-09-26T02:42:49Z,219000811,54.838730,11.491828,0.0,Under way using engine
2026-09-26T02:43:04Z,219002177,54.935975,11.371992,0.0,Under way using engine
2026-09-26T02:43:08Z,219000809,54.971915,11.514593,0.0,Moored
2026-09-26T02:43:29Z,219000811,54.838727,11.491830,0.0,Under way using engine
2026-09-26T02:43:34Z,219002177,54.935975,11.371985,0.0,Under way using engine
2026-09-26T02:43:59Z,219000811,54.838727,11.491828,0.0,Under way using engine
2026-09-26T02:44:04Z,219002177,54.935965,11.371997,0.0,Under way using engine
2026-09-26T02:44:06Z,219000809,54.971915,11.514593,0.0,Moored
2026-09-26T02:44:29Z,219000811,54.838723,11.491828,0.0,Under way using engine
2026-09-26T02:44:34Z,219002177,54.935958,11.371993,0.0,Under way using engine
2026-09-26T02:44:59Z,219000811,54.838722,11.491828,0.0,Under way using engine
2026-09-26T02:45:04Z,219002177,54.935960,11.372003,0.0,Under way using engine
2026-09-26T02:45:29Z,219000811,54.838723,11.491830,0.0,Under way using engine
2026-09-26T02:45:35Z,219002177,54.935960,11.372003,0.0,Under way using engine
2026-09-26T02:45:59Z,219000811,54.838720,11.491835,0.0,Under way using engine
2026-09-26T02:46:06Z,219000809,54.971907,11.514580,0.0,Moored
2026-09-26T02:46:14Z,219002177,54.935967,11.371985,0.0,Under way using engine
2026-09-26T02:46:29Z,219000811,54.838718,11.491835,0.0,Under way using engine
2026-09-26T02:46:44Z,219002177,54.935970,11.371988,0.0,Under way using engine
2026-09-26T02:46:59Z,219000811,54.838720,11.491832,0.0,Under way using engine
2026-09-26T02:47:14Z,219002177,54.935977,11.371995,0.0,Under way using engine
2026-09-26T02:47:29Z,219000811,54.838722,11.491833,0.0,Under way using engine
2026-09-26T02:47:44Z,219002177,54.935973,11.372003,0.0,Under way using engine
2026-09-26T02:47:59Z,219000811,54.838722,11.491832,0.0,Under way using engine
2026-09-26T02:48:14Z,219002177,54.935968,11.372010,0.0,Under way using engine
2026-09-26T02:48:29Z,219000811,54.838723,11.491832,0.0,Under way using engine
2026-09-26T02:48:44Z,219002177,54.935983,11.371998,0.0,Under way using engine
2026-09-26T02:48:59Z,219000811,54.838725,11.491832,0.0,Under way using engine
2026-09-26T02:49:08Z,219000809,54.971913,11.514583,0.0,Moored
2026-09-26T02:49:14Z,219002177,54.935970,11.372008,0.0,Under way using engine
2026-09-26T02:49:29Z,219000811,54.838728,11.491833,0.0,Under way using engine
2026-09-26T02:49:44Z,219002177,54.935967,11.372002,0.0,Under way using engine
2026-09-26T02:49:59Z,219000811,54.838730,11.491832,0.0,Under way using engine
2026-09-26T02:50:06Z,219000809,54.971913,11.514583,0.0,Moored
2026-09-26T02:50:15Z,219002177,54.935962,11.371997,0.0,Under way using engine
2026-09-26T02:50:29Z,219000811,54.838732,11.491830,0.0,Under way using engine
2026-09-26T02:50:53Z,219002177,54.935953,11.371985,0.0,Under way using engine
2026-09-26T02:50:59Z,219000811,54.838732,11.491832,0.0,Under way using engine
2026-09-26T02:51:24Z,219002177,54.935958,11.371975,0.0,Under way using engine
2026-09-26T02:51:29Z,219000811,54.838730,11.491832,0.0,Under way using engine
2026-09-26T02:51:54Z,219002177,54.935963,11.371990,0.0,Under way using engine
2026-09-26T02:51:59Z,219000811,54.838730,11.491830,0.0,Under way using engine
2026-09-26T02:52:06Z,219000809,54.971912,11.514588,0.0,Moored
2026-09-26T02:52:24Z,219002177,54.935963,11.371983,0.0,Under way using engine
2026-09-26T02:52:29Z,219000811,54.838730,11.491828,0.0,Under way using engine
2026-09-26T02:52:54Z,219002177,54.935967,11.371987,0.0,Under way using engine
2026-09-26T02:52:59Z,219000811,54.838728,11.491825,0.0,Under way using engine
2026-09-26T02:53:24Z,219002177,54.935962,11.371995,0.0,Under way using engine
2026-09-26T02:53:29Z,219000811,54.838728,11.491820,0.0,Under way using engine
2026-09-26T02:53:54Z,219002177,54.935973,11.371987,0.0,Under way using engine
2026-09-26T02:53:59Z,219000811,54.838725,11.491818,0.0,Under way using engine
2026-09-26T02:54:24Z,219002177,54.935977,11.371990,0.0,Under way using engine
2026-09-26T02:54:29Z,219000811,54.838727,11.491818,0.0,Under way using engine
2026-09-26T02:54:54Z,219002177,54.935970,11.372007,0.0,Under way using engine
2026-09-26T02:54:59Z,219000811,54.838728,11.491817,0.0,Under way using engine
2026-09-26T02:55:05Z,219000809,54.971912,11.514585,0.0,Moored
2026-09-26T02:55:24Z,219002177,54.935972,11.372000,0.0,Under way using engine
2026-09-26T02:55:29Z,219000811,54.838728,11.491818,0.0,Under way using engine
2026-09-26T02:55:54Z,219002177,54.935970,11.371985,0.0,Under way using engine
2026-09-26T02:55:59Z,219000811,54.838730,11.491820,0.0,Under way using engine
2026-09-26T02:56:06Z,219000809,54.971912,11.514585,0.0,Moored
2026-09-26T02:56:24Z,219002177,54.935967,11.371978,0.0,Under way using engine
2026-09-26T02:56:29Z,219000811,54.838727,11.491823,0.0,Under way using engine
2026-09-26T02:56:59Z,219000811,54.838727,11.491827,0.0,Under way using engine
2026-09-26T02:57:03Z,219002177,54.935978,11.371985,0.0,Under way using engine
2026-09-26T02:57:29Z,219000811,54.838728,11.491827,0.0,Under way using engine
2026-09-26T02:57:33Z,219002177,54.935962,11.371990,0.0,Under way using engine
2026-09-26T02:57:59Z,219000811,54.838728,11.491828,0.0,Under way using engine
2026-09-26T02:58:05Z,219002177,54.935970,11.371985,0.0,Under way using engine
2026-09-26T02:58:06Z,219000809,54.971903,11.514583,0.0,Moored
2026-09-26T02:58:29Z,219000811,54.838728,11.491828,0.0,Under way using engine
2026-09-26T02:58:43Z,219002177,54.935968,11.371987,0.0,Under way using engine
2026-09-26T02:58:59Z,219000811,54.838728,11.491827,0.0,Under way using engine
2026-09-26T02:59:15Z,219002177,54.935973,11.371988,0.0,Under way using engine
2026-09-26T02:59:29Z,219000811,54.838730,11.491827,0.0,Under way using engine
2026-09-26T02:59:53Z,219002177,54.935973,11.371995,0.0,Under way using engine
2026-09-26T02:59:59Z,219000811,54.838728,11.491827,0.0,Under way using engine
2026-09-26T03:00:24Z,219002177,54.935973,11.371992,0.0,Under way using engine
2026-09-26T03:00:29Z,219000811,54.838727,11.491828,0.0,Under way using engine
2026-09-26T03:00:59Z,219000811,54.838727,11.491833,0.0,Under way using engine
2026-09-26T03:01:04Z,219002177,54.935968,11.371985,0.0,Under way using engine
2026-09-26T03:01:07Z,219000809,54.971905,11.514573,0.0,Moored
2026-09-26T03:01:29Z,219000811,54.838727,11.491833,0.0,Under way using engine
2026-09-26T03:01:34Z,219002177,54.935978,11.371993,0.0,Under way using engine
2026-09-26T03:01:59Z,219000811,54.838727,11.491833,0.0,Under way using engine
2026-09-26T03:02:04Z,219002177,54.935988,11.371998,0.0,Under way using engine
2026-09-26T03:02:06Z,219000809,54.971905,11.514573,0.0,Moored
2026-09-26T03:02:29Z,219000811,54.838728,11.491833,0.0,Under way using engine
2026-09-26T03:02:34Z,219002177,54.935982,11.372010,0.0,Under way using engine
2026-09-26T03:02:59Z,219000811,54.838732,11.491832,0.0,Under way using engine
2026-09-26T03:03:05Z,219002177,54.935992,11.372008,0.0,Under way using engine
2026-09-26T03:03:30Z,219000811,54.838732,11.491830,0.0,Under way using engine
2026-09-26T03:03:45Z,219002177,54.935978,11.371998,0.0,Under way using engine
2026-09-26T03:04:07Z,219000809,54.971930,11.514597,0.0,Moored
2026-09-26T03:04:09Z,219000811,54.838732,11.491828,0.0,Under way using engine
2026-09-26T03:04:15Z,219002177,54.935977,11.372002,0.0,Under way using engine
2026-09-26T03:04:40Z,219000811,54.838730,11.491827,0.0,Under way using engine
2026-09-26T03:04:45Z,219002177,54.935990,11.372022,0.0,Under way using engine
2026-09-26T03:05:18Z,219000811,54.838730,11.491825,0.0,Under way using engine
2026-09-26T03:05:25Z,219002177,54.935995,11.372043,0.0,Under way using engine
2026-09-26T03:05:49Z,219000811,54.838732,11.491822,0.0,Under way using engine
2026-09-26T03:06:04Z,219002177,54.935983,11.372000,0.0,Under way using engine
2026-09-26T03:06:25Z,219000811,54.838733,11.491820,0.0,Under way using engine
2026-09-26T03:06:34Z,219002177,54.935972,11.371995,0.0,Under way using engine
2026-09-26T03:06:59Z,219000811,54.838733,11.491822,0.0,Under way using engine
2026-09-26T03:07:04Z,219002177,54.935967,11.371987,0.0,Under way using engine
2026-09-26T03:07:07Z,219000809,54.971917,11.514600,0.0,Moored
2026-09-26T03:07:30Z,219000811,54.838732,11.491822,0.0,Under way using engine
2026-09-26T03:07:34Z,219002177,54.935973,11.371985,0.0,Under way using engine
2026-09-26T03:08:04Z,219002177,54.935972,11.371977,0.0,Under way using engine
2026-09-26T03:08:06Z,219000809,54.971917,11.514600,0.0,Moored
2026-09-26T03:08:09Z,219000811,54.838732,11.491827,0.0,Under way using engine
2026-09-26T03:08:34Z,219002177,54.935990,11.371988,0.0,Under way using engine
2026-09-26T03:08:40Z,219000811,54.838732,11.491828,0.0,Under way using engine
2026-09-26T03:09:04Z,219002177,54.935985,11.371988,0.0,Under way using engine
2026-09-26T03:09:10Z,219000811,54.838732,11.491830,0.0,Under way using engine
2026-09-26T03:09:34Z,219002177,54.935983,11.371997,0.0,Under way using engine
2026-09-26T03:09:40Z,219000811,54.838733,11.491830,0.0,Under way using engine
2026-09-26T03:10:04Z,219002177,54.935960,11.372013,0.0,Under way using engine
2026-09-26T03:10:09Z,219000809,54.971920,11.514580,0.0,Moored
2026-09-26T03:10:10Z,219000811,54.838732,11.491830,0.0,Under way using engine
2026-09-26T03:10:40Z,219000811,54.838732,11.491833,0.0,Under way using engine
2026-09-26T03:10:45Z,219002177,54.935957,11.372005,0.0,Under way using engine
2026-09-26T03:11:10Z,219000811,54.838733,11.491835,0.0,Under way using engine
2026-09-26T03:11:25Z,219002177,54.935973,11.372008,0.0,Under way using engine
2026-09-26T03:11:40Z,219000811,54.838732,11.491835,0.0,Under way using engine
2026-09-26T03:11:55Z,219002177,54.935972,11.372012,0.0,Under way using engine
2026-09-26T03:12:10Z,219000811,54.838732,11.491835,0.0,Under way using engine
2026-09-26T03:12:25Z,219002177,54.935980,11.372013,0.0,Under way using engine
2026-09-26T03:12:40Z,219000811,54.838730,11.491833,0.0,Under way using engine
2026-09-26T03:12:55Z,219002177,54.935982,11.372008,0.0,Under way using engine
2026-09-26T03:13:09Z,219000809,54.971903,11.514570,0.0,Moored
2026-09-26T03:13:19Z,219000811,54.838730,11.491833,0.0,Under way using engine
2026-09-26T03:13:25Z,219002177,54.935968,11.371993,0.0,Under way using engine
2026-09-26T03:13:50Z,219000811,54.838727,11.491833,0.0,Under way using engine
2026-09-26T03:13:55Z,219002177,54.935967,11.371980,0.0,Under way using engine
2026-09-26T03:14:06Z,219000809,54.971903,11.514570,0.0,Moored
2026-09-26T03:14:25Z,219002177,54.935972,11.371982,0.0,Under way using engine
2026-09-26T03:14:29Z,219000811,54.838728,11.491833,0.0,Under way using engine
2026-09-26T03:14:55Z,219002177,54.935972,11.371993,0.0,Under way using engine
2026-09-26T03:15:09Z,219000811,54.838730,11.491835,0.0,Under way using engine
2026-09-26T03:15:25Z,219002177,54.935970,11.371997,0.0,Under way using engine
2026-09-26T03:15:40Z,219000811,54.838732,11.491837,0.0,Under way using engine
2026-09-26T03:15:55Z,219002177,54.935945,11.371970,0.6,Under way using engine
2026-09-26T03:16:05Z,219000809,54.971913,11.514575,0.0,Moored
2026-09-26T03:16:19Z,219000811,54.838732,11.491833,0.0,Under way using engine
2026-09-26T03:16:25Z,219002177,54.935648,11.371745,3.0,Under way using engine
2026-09-26T03:16:50Z,219000811,54.838733,11.491833,0.0,Under way using engine
2026-09-26T03:16:55Z,219002177,54.935148,11.371260,4.6,Under way using engine
2026-09-26T03:17:25Z,219002177,54.934493,11.370793,5.2,Under way using engine
2026-09-26T03:17:30Z,219000811,54.838727,11.491828,0.0,Under way using engine
2026-09-26T03:17:55Z,219002177,54.933742,11.370668,5.6,Under way using engine
2026-09-26T03:18:00Z,219000811,54.838723,11.491827,0.0,Under way using engine
2026-09-26T03:18:30Z,219000811,54.838725,11.491825,0.0,Under way using engine
2026-09-26T03:18:34Z,219002177,54.932678,11.370550,6.0,Under way using engine
2026-09-26T03:19:00Z,219000811,54.838727,11.491825,0.0,Under way using engine
2026-09-26T03:19:05Z,219002177,54.931795,11.370607,6.2,Under way using engine
2026-09-26T03:19:07Z,219000809,54.971902,11.514573,0.0,Moored
2026-09-26T03:19:30Z,219000811,54.838728,11.491823,0.0,Under way using engine
2026-09-26T03:19:45Z,219002177,54.930623,11.370668,6.4,Under way using engine
2026-09-26T03:20:00Z,219000811,54.838730,11.491820,0.0,Under way using engine
2026-09-26T03:20:06Z,219000809,54.971902,11.514573,0.0,Moored
2026-09-26T03:20:15Z,219002177,54.929738,11.370677,6.4,Under way using engine
2026-09-26T03:20:30Z,219000811,54.838730,11.491818,0.0,Under way using engine
2026-09-26T03:20:45Z,219002177,54.929147,11.370668,6.4,Under way using engine
2026-09-26T03:21:00Z,219000811,54.838728,11.491825,0.0,Under way using engine
2026-09-26T03:21:15Z,219002177,54.927962,11.370732,6.4,Under way using engine
2026-09-26T03:21:30Z,219000811,54.838728,11.491828,0.0,Under way using engine
2026-09-26T03:21:54Z,219002177,54.926815,11.370815,6.3,Under way using engine
2026-09-26T03:22:00Z,219000811,54.838727,11.491830,0.0,Under way using engine
2026-09-26T03:22:09Z,219000809,54.971925,11.514580,0.0,Moored
2026-09-26T03:22:24Z,219002177,54.925937,11.370862,6.3,Under way using engine
2026-09-26T03:22:30Z,219000811,54.838728,11.491833,0.0,Under way using engine
2026-09-26T03:22:54Z,219002177,54.925070,11.370913,6.3,Under way using engine
2026-09-26T03:23:00Z,219000811,54.838727,11.491835,0.0,Under way using engine
2026-09-26T03:23:24Z,219002177,54.924168,11.370933,6.2,Under way using engine
2026-09-26T03:23:30Z,219000811,54.838725,11.491832,0.0,Under way using engine
2026-09-26T03:23:54Z,219002177,54.923342,11.371033,6.2,Under way using engine
2026-09-26T03:24:00Z,219000811,54.838725,11.491830,0.0,Under way using engine
2026-09-26T03:24:24Z,219002177,54.922437,11.371167,6.3,Under way using engine
2026-09-26T03:24:30Z,219000811,54.838723,11.491830,0.0,Under way using engine
2026-09-26T03:24:54Z,219002177,54.921600,11.371305,6.3,Under way using engine
2026-09-26T03:25:00Z,219000811,54.838723,11.491827,0.0,Under way using engine
2026-09-26T03:25:06Z,219000809,54.971915,11.514563,0.0,Moored
2026-09-26T03:25:24Z,219002177,54.920703,11.371432,6.3,Under way using engine
2026-09-26T03:25:30Z,219000811,54.838722,11.491825,0.0,Under way using engine
2026-09-26T03:25:54Z,219002177,54.919858,11.371453,6.3,Under way using engine
2026-09-26T03:26:06Z,219000809,54.971915,11.514563,0.0,Moored
2026-09-26T03:26:09Z,219000811,54.838723,11.491825,0.0,Under way using engine
2026-09-26T03:26:24Z,219002177,54.918960,11.371360,6.2,Under way using engine
2026-09-26T03:26:40Z,219000811,54.838723,11.491827,0.0,Under way using engine
2026-09-26T03:26:54Z,219002177,54.918145,11.371173,6.2,Under way using engine
2026-09-26T03:27:20Z,219000811,54.838725,11.491823,0.0,Under way using engine
2026-09-26T03:27:24Z,219002177,54.917322,11.370747,6.0,Under way using engine
2026-09-26T03:27:54Z,219002177,54.916907,11.369715,5.4,Under way using engine
2026-09-26T03:27:58Z,219000811,54.838725,11.491822,0.0,Under way using engine
2026-09-26T03:28:05Z,219000809,54.971915,11.514573,0.0,Moored
2026-09-26T03:28:24Z,219002177,54.916787,11.368288,5.9,Under way using engine
2026-09-26T03:28:30Z,219000811,54.838725,11.491823,0.0,Under way using engine
2026-09-26T03:28:54Z,219002177,54.916672,11.366877,6.2,Under way using engine
2026-09-26T03:29:09Z,219000811,54.838728,11.491827,0.0,Under way using engine
2026-09-26T03:29:34Z,219002177,54.916460,11.364878,6.4,Under way using engine
2026-09-26T03:29:48Z,219000811,54.838725,11.491827,0.0,Under way using engine
2026-09-26T03:30:04Z,219002177,54.916348,11.363375,6.2,Under way using engine
2026-09-26T03:30:20Z,219000811,54.838728,11.491825,0.0,Under way using engine
2026-09-26T03:30:34Z,219002177,54.916345,11.362075,4.9,Under way using engine
2026-09-26T03:30:50Z,219000811,54.838730,11.491828,0.0,Under way using engine
2026-09-26T03:31:04Z,219002177,54.916373,11.361270,2.6,Under way using engine
2026-09-26T03:31:05Z,219000809,54.971910,11.514570,0.1,Moored
2026-09-26T03:31:20Z,219000811,54.838728,11.491830,0.0,Under way using engine
2026-09-26T03:31:34Z,219002177,54.916380,11.360857,1.4,Under way using engine
2026-09-26T03:31:50Z,219000811,54.838728,11.491832,0.0,Under way using engine
2026-09-26T03:32:04Z,219002177,54.916370,11.360613,0.7,Under way using engine
2026-09-26T03:32:06Z,219000809,54.971910,11.514570,0.1,Moored
2026-09-26T03:32:20Z,219000811,54.838728,11.491832,0.0,Under way using engine
2026-09-26T03:32:34Z,219002177,54.916367,11.360557,0.0,Under way using engine
2026-09-26T03:32:50Z,219000811,54.838730,11.491830,0.0,Under way using engine
2026-09-26T03:33:04Z,219002177,54.916362,11.360552,0.0,Under way using engine
2026-09-26T03:33:29Z,219000811,54.838730,11.491828,0.0,Under way using engine
2026-09-26T03:33:34Z,219002177,54.916367,11.360560,0.0,Under way using engine
2026-09-26T03:34:04Z,219002177,54.916368,11.360563,0.0,Under way using engine
2026-09-26T03:34:06Z,219000809,54.971925,11.514585,0.0,Moored
2026-09-26T03:34:08Z,219000811,54.838730,11.491828,0.0,Under way using engine
2026-09-26T03:34:34Z,219002177,54.916372,11.360572,0.0,Under way using engine
2026-09-26T03:34:38Z,219000811,54.838732,11.491827,0.0,Under way using engine
2026-09-26T03:34:47Z,219000809,54.971917,11.514582,0.0,Under way using engine
2026-09-26T03:35:04Z,219002177,54.916370,11.360565,0.0,Under way using engine
2026-09-26T03:35:08Z,219000811,54.838730,11.491825,0.0,Under way using engine
2026-09-26T03:35:17Z,219000809,54.971922,11.514583,0.0,Under way using engine
2026-09-26T03:35:34Z,219002177,54.916367,11.360547,0.0,Under way using engine
2026-09-26T03:35:39Z,219000811,54.838728,11.491822,0.0,Under way using engine
2026-09-26T03:35:47Z,219000809,54.971928,11.514585,0.0,Under way using engine
2026-09-26T03:36:04Z,219002177,54.916372,11.360548,0.0,Under way using engine
2026-09-26T03:36:17Z,219000809,54.971927,11.514585,0.0,Under way using engine
2026-09-26T03:36:19Z,219000811,54.838728,11.491818,0.0,Under way using engine
2026-09-26T03:36:34Z,219002177,54.916373,11.360552,0.0,Under way using engine
2026-09-26T03:36:47Z,219000809,54.971925,11.514590,0.0,Under way using engine
2026-09-26T03:36:49Z,219000811,54.838730,11.491818,0.0,Under way using engine
2026-09-26T03:37:04Z,219002177,54.916373,11.360552,0.0,Under way using engine
2026-09-26T03:37:17Z,219000809,54.971925,11.514607,0.0,Under way using engine
2026-09-26T03:37:19Z,219000811,54.838730,11.491817,0.0,Under way using engine
2026-09-26T03:37:34Z,219002177,54.916368,11.360555,0.0,Under way using engine
2026-09-26T03:37:47Z,219000809,54.971917,11.514608,0.0,Under way using engine
2026-09-26T03:37:49Z,219000811,54.838733,11.491818,0.0,Under way using engine
2026-09-26T03:38:04Z,219002177,54.916372,11.360563,0.0,Under way using engine
2026-09-26T03:38:17Z,219000809,54.971910,11.514605,0.0,Under way using engine
2026-09-26T03:38:19Z,219000811,54.838733,11.491822,0.0,Under way using engine
2026-09-26T03:38:34Z,219002177,54.916357,11.360542,0.0,Under way using engine
2026-09-26T03:38:47Z,219000809,54.971907,11.514592,0.0,Under way using engine
2026-09-26T03:38:49Z,219000811,54.838733,11.491823,0.0,Under way using engine
2026-09-26T03:39:04Z,219002177,54.916362,11.360547,0.0,Under way using engine
2026-09-26T03:39:17Z,219000809,54.971910,11.514587,0.0,Under way using engine
2026-09-26T03:39:19Z,219000811,54.838735,11.491825,0.0,Under way using engine
2026-09-26T03:39:34Z,219002177,54.916357,11.360543,0.0,Under way using engine
2026-09-26T03:39:47Z,219000809,54.971920,11.514597,0.0,Under way using engine
2026-09-26T03:39:49Z,219000811,54.838735,11.491825,0.0,Under way using engine
2026-09-26T03:40:04Z,219002177,54.916365,11.360557,0.0,Under way using engine
2026-09-26T03:40:17Z,219000809,54.971917,11.514582,0.0,Under way using engine
2026-09-26T03:40:19Z,219000811,54.838735,11.491823,0.0,Under way using engine
2026-09-26T03:40:34Z,219002177,54.916370,11.360562,0.0,Under way using engine
2026-09-26T03:40:47Z,219000809,54.971920,11.514592,0.0,Under way using engine
2026-09-26T03:40:49Z,219000811,54.838735,11.491823,0.0,Under way using engine
2026-09-26T03:41:04Z,219002177,54.916373,11.360567,0.0,Under way using engine
2026-09-26T03:41:17Z,219000809,54.971908,11.514607,0.0,Under way using engine
2026-09-26T03:41:19Z,219000811,54.838738,11.491820,0.0,Under way using engine
2026-09-26T03:41:34Z,219002177,54.916368,11.360560,0.0,Under way using engine
2026-09-26T03:41:49Z,219000809,54.971900,11.514608,0.0,Under way using engine
2026-09-26T03:41:49Z,219000811,54.838738,11.491820,0.0,Under way using engine
2026-09-26T03:42:14Z,219002177,54.916363,11.360560,0.0,Under way using engine
2026-09-26T03:42:19Z,219000811,54.838737,11.491820,0.0,Under way using engine
2026-09-26T03:42:29Z,219000809,54.971905,11.514610,0.0,Under way using engine
2026-09-26T03:42:44Z,219002177,54.916358,11.360543,0.0,Under way using engine
2026-09-26T03:42:49Z,219000811,54.838737,11.491822,0.0,Under way using engine
2026-09-26T03:43:09Z,219000809,54.971923,11.514598,0.0,Under way using engine
2026-09-26T03:43:15Z,219002177,54.916367,11.360538,0.0,Under way using engine
2026-09-26T03:43:19Z,219000811,54.838735,11.491823,0.0,Under way using engine
2026-09-26T03:43:49Z,219000809,54.971922,11.514595,0.0,Under way using engine
2026-09-26T03:43:49Z,219000811,54.838732,11.491825,0.0,Under way using engine
2026-09-26T03:44:03Z,219002177,54.916367,11.360543,0.0,Under way using engine
2026-09-26T03:44:19Z,219000811,54.838732,11.491827,0.0,Under way using engine
2026-09-26T03:44:29Z,219000809,54.971917,11.514598,0.0,Under way using engine
2026-09-26T03:44:34Z,219002177,54.916362,11.360553,0.0,Under way using engine
2026-09-26T03:44:49Z,219000811,54.838733,11.491827,0.0,Under way using engine
2026-09-26T03:45:09Z,219000809,54.971920,11.514602,0.0,Under way using engine
2026-09-26T03:45:15Z,219002177,54.916363,11.360567,0.0,Under way using engine
2026-09-26T03:45:19Z,219000811,54.838730,11.491827,0.0,Under way using engine
2026-09-26T03:45:48Z,219000809,54.971938,11.514598,0.0,Under way using engine
2026-09-26T03:45:49Z,219000811,54.838730,11.491823,0.0,Under way using engine
2026-09-26T03:46:03Z,219002177,54.916367,11.360558,0.0,Under way using engine
2026-09-26T03:46:18Z,219000809,54.971950,11.514587,0.0,Under way using engine
2026-09-26T03:46:20Z,219000811,54.838728,11.491820,0.0,Under way using engine
2026-09-26T03:46:34Z,219002177,54.916368,11.360558,0.0,Under way using engine
2026-09-26T03:46:48Z,219000809,54.971940,11.514572,0.0,Under way using engine
2026-09-26T03:46:50Z,219000811,54.838727,11.491818,0.0,Under way using engine
2026-09-26T03:47:15Z,219002177,54.916365,11.360560,0.0,Under way using engine
2026-09-26T03:47:18Z,219000809,54.971923,11.514577,0.0,Under way using engine
2026-09-26T03:47:20Z,219000811,54.838725,11.491817,0.0,Under way using engine
2026-09-26T03:47:48Z,219000809,54.971920,11.514573,0.0,Under way using engine
2026-09-26T03:47:50Z,219000811,54.838725,11.491818,0.0,Under way using engine
2026-09-26T03:47:53Z,219002177,54.916365,11.360558,0.0,Under way using engine
2026-09-26T03:48:18Z,219000809,54.971925,11.514573,0.0,Under way using engine
2026-09-26T03:48:20Z,219000811,54.838725,11.491817,0.0,Under way using engine
2026-09-26T03:48:25Z,219002177,54.916368,11.360543,0.0,Under way using engine
2026-09-26T03:48:48Z,219000809,54.971940,11.514575,0.0,Under way using engine
2026-09-26T03:48:50Z,219000811,54.838725,11.491818,0.0,Under way using engine
2026-09-26T03:49:03Z,219002177,54.916382,11.360542,0.0,Under way using engine
2026-09-26T03:49:18Z,219000809,54.971930,11.514567,0.0,Under way using engine
2026-09-26T03:49:20Z,219000811,54.838727,11.491820,0.0,Under way using engine
2026-09-26T03:49:35Z,219002177,54.916388,11.360548,0.0,Under way using engine
2026-09-26T03:49:50Z,219000811,54.838725,11.491820,0.0,Under way using engine
2026-09-26T03:49:58Z,219000809,54.971930,11.514577,0.0,Under way using engine
2026-09-26T03:50:15Z,219002177,54.916377,11.360552,0.0,Under way using engine
2026-09-26T03:50:20Z,219000811,54.838723,11.491822,0.0,Under way using engine
2026-09-26T03:50:28Z,219000809,54.971927,11.514568,0.0,Under way using engine
2026-09-26T03:50:50Z,219000811,54.838723,11.491823,0.0,Under way using engine
2026-09-26T03:50:53Z,219002177,54.916368,11.360547,0.0,Under way using engine
2026-09-26T03:50:58Z,219000809,54.971928,11.514568,0.0,Under way using engine
2026-09-26T03:51:20Z,219000811,54.838723,11.491825,0.0,Under way using engine
2026-09-26T03:51:25Z,219002177,54.916365,11.360548,0.0,Under way using engine
2026-09-26T03:51:28Z,219000809,54.971933,11.514568,0.0,Under way using engine
2026-09-26T03:51:50Z,219000811,54.838725,11.491827,0.0,Under way using engine
2026-09-26T03:51:58Z,219000809,54.971927,11.514575,0.0,Under way using engine
2026-09-26T03:52:03Z,219002177,54.916375,11.360537,0.0,Under way using engine
2026-09-26T03:52:20Z,219000811,54.838727,11.491823,0.0,Under way using engine
2026-09-26T03:52:28Z,219000809,54.971920,11.514585,0.0,Under way using engine
2026-09-26T03:52:35Z,219002177,54.916375,11.360523,0.0,Under way using engine
2026-09-26T03:52:50Z,219000811,54.838727,11.491823,0.0,Under way using engine
2026-09-26T03:52:58Z,219000809,54.971917,11.514580,0.0,Under way using engine
2026-09-26T03:53:15Z,219002177,54.916368,11.360532,0.0,Under way using engine
2026-09-26T03:53:20Z,219000811,54.838728,11.491823,0.0,Under way using engine
2026-09-26T03:53:28Z,219000809,54.971928,11.514568,0.0,Under way using engine
2026-09-26T03:53:50Z,219000811,54.838725,11.491822,0.0,Under way using engine
2026-09-26T03:53:55Z,219002177,54.916377,11.360530,0.0,Under way using engine
2026-09-26T03:53:58Z,219000809,54.971933,11.514563,0.0,Under way using engine
2026-09-26T03:54:20Z,219000811,54.838723,11.491822,0.0,Under way using engine
2026-09-26T03:54:25Z,219002177,54.916383,11.360538,0.0,Under way using engine
2026-09-26T03:54:28Z,219000809,54.971942,11.514563,0.0,Under way using engine
2026-09-26T03:54:50Z,219000811,54.838720,11.491822,0.0,Under way using engine
2026-09-26T03:54:55Z,219002177,54.916385,11.360543,0.0,Under way using engine
2026-09-26T03:54:58Z,219000809,54.971933,11.514568,0.0,Under way using engine
2026-09-26T03:55:20Z,219000811,54.838720,11.491823,0.0,Under way using engine
2026-09-26T03:55:25Z,219002177,54.916375,11.360558,0.0,Under way using engine
2026-09-26T03:55:28Z,219000809,54.971937,11.514563,0.0,Under way using engine
2026-09-26T03:55:50Z,219000811,54.838722,11.491828,0.0,Under way using engine
2026-09-26T03:55:55Z,219002177,54.916380,11.360557,0.0,Under way using engine
2026-09-26T03:55:58Z,219000809,54.971937,11.514560,0.0,Under way using engine
2026-09-26T03:56:20Z,219000811,54.838722,11.491837,0.0,Under way using engine
2026-09-26T03:56:25Z,219002177,54.916380,11.360563,0.0,Under way using engine
2026-09-26T03:56:38Z,219000809,54.971933,11.514560,0.0,Under way using engine
2026-09-26T03:56:50Z,219000811,54.838718,11.491840,0.0,Under way using engine
2026-09-26T03:56:55Z,219002177,54.916382,11.360553,0.0,Under way using engine
2026-09-26T03:57:08Z,219000809,54.971933,11.514567,0.0,Under way using engine
2026-09-26T03:57:20Z,219000811,54.838715,11.491840,0.0,Under way using engine
2026-09-26T03:57:25Z,219002177,54.916375,11.360563,0.0,Under way using engine
2026-09-26T03:57:38Z,219000809,54.971933,11.514570,0.0,Under way using engine
2026-09-26T03:57:50Z,219000811,54.838712,11.491837,0.0,Under way using engine
2026-09-26T03:57:55Z,219002177,54.916380,11.360545,0.0,Under way using engine
2026-09-26T03:58:25Z,219002177,54.916370,11.360532,0.0,Under way using engine
2026-09-26T03:58:29Z,219000811,54.838710,11.491833,0.0,Under way using engine
2026-09-26T03:58:38Z,219000809,54.971927,11.514580,0.0,Under way using engine
2026-09-26T03:58:55Z,219002177,54.916363,11.360527,0.0,Under way using engine
2026-09-26T03:59:10Z,219000811,54.838707,11.491833,0.0,Under way using engine
2026-09-26T03:59:25Z,219002177,54.916362,11.360530,0.0,Under way using engine
2026-09-26T03:59:38Z,219000809,54.971918,11.514448,1.4,Under way using engine
2026-09-26T03:59:48Z,219000811,54.838705,11.491832,0.0,Under way using engine
2026-09-26T03:59:55Z,219002177,54.916357,11.360547,0.0,Under way using engine
2026-09-26T04:00:19Z,219000811,54.838708,11.491828,0.0,Under way using engine
2026-09-26T04:00:27Z,219000809,54.971837,11.513188,3.0,Under way using engine
2026-09-26T04:00:33Z,219002177,54.916390,11.360533,0.0,Under way using engine
2026-09-26T04:00:58Z,219000809,54.971850,11.512678,3.3,Under way using engine
2026-09-26T04:00:58Z,219000811,54.838708,11.491823,0.0,Under way using engine
2026-09-26T04:01:04Z,219002177,54.916372,11.360555,0.0,Under way using engine
2026-09-26T04:01:29Z,219000811,54.838707,11.491823,0.0,Under way using engine
2026-09-26T04:01:38Z,219000809,54.972095,11.510477,8.0,Under way using engine
2026-09-26T04:01:44Z,219002177,54.916363,11.360562,0.0,Under way using engine
2026-09-26T04:02:08Z,219000809,54.972288,11.508472,8.9,Under way using engine
2026-09-26T04:02:09Z,219000811,54.838702,11.491827,0.0,Under way using engine
2026-09-26T04:02:15Z,219002177,54.916378,11.360575,0.0,Under way using engine
2026-09-26T04:02:38Z,219000809,54.972262,11.506403,8.1,Under way using engine
2026-09-26T04:02:39Z,219000811,54.838698,11.491835,0.0,Under way using engine
2026-09-26T04:02:46Z,219002177,54.916365,11.360587,0.0,Under way using engine
2026-09-26T04:03:09Z,219000811,54.838698,11.491838,0.0,Under way using engine
2026-09-26T04:03:18Z,219000809,54.971333,11.504155,8.9,Under way using engine
2026-09-26T04:03:24Z,219002177,54.916377,11.360572,0.0,Under way using engine
2026-09-26T04:03:39Z,219000811,54.838700,11.491842,0.0,Under way using engine
2026-09-26T04:03:49Z,219000809,54.970422,11.502463,9.4,Under way using engine
2026-09-26T04:03:54Z,219002177,54.916382,11.360572,0.0,Under way using engine
2026-09-26T04:04:09Z,219000811,54.838702,11.491845,0.0,Under way using engine
2026-09-26T04:04:24Z,219002177,54.916375,11.360585,0.0,Under way using engine
2026-09-26T04:04:27Z,219000809,54.969243,11.500380,9.4,Under way using engine
2026-09-26T04:04:39Z,219000811,54.838702,11.491845,0.0,Under way using engine
2026-09-26T04:04:54Z,219002177,54.916392,11.360573,0.0,Under way using engine
2026-09-26T04:04:58Z,219000809,54.968268,11.498853,9.4,Under way using engine
2026-09-26T04:05:09Z,219000811,54.838702,11.491845,0.0,Under way using engine
2026-09-26T04:05:24Z,219002177,54.916365,11.360578,0.0,Under way using engine
2026-09-26T04:05:38Z,219000809,54.966983,11.496875,9.3,Under way using engine
2026-09-26T04:05:39Z,219000811,54.838703,11.491847,0.0,Under way using engine
2026-09-26T04:05:54Z,219002177,54.916373,11.360565,0.0,Under way using engine
2026-09-26T04:06:17Z,219000809,54.965752,11.494895,9.4,Under way using engine
2026-09-26T04:06:20Z,219000811,54.838705,11.491850,0.0,Under way using engine
2026-09-26T04:06:24Z,219002177,54.916350,11.360560,0.0,Under way using engine
2026-09-26T04:06:49Z,219000809,54.964703,11.493338,9.2,Under way using engine
2026-09-26T04:06:54Z,219002177,54.916378,11.360540,0.1,Under way using engine
2026-09-26T04:07:00Z,219000811,54.838707,11.491850,0.0,Under way using engine
2026-09-26T04:07:24Z,219002177,54.916353,11.360555,0.0,Under way using engine
2026-09-26T04:07:27Z,219000809,54.963413,11.491533,9.2,Under way using engine
2026-09-26T04:07:30Z,219000811,54.838705,11.491852,0.0,Under way using engine
2026-09-26T04:07:54Z,219002177,54.916358,11.360555,0.0,Under way using engine
2026-09-26T04:07:57Z,219000809,54.962267,11.490552,9.2,Under way using engine
2026-09-26T04:08:00Z,219000811,54.838707,11.491848,0.0,Under way using engine
2026-09-26T04:08:24Z,219002177,54.916345,11.360557,0.0,Under way using engine
2026-09-26T04:08:27Z,219000809,54.961047,11.489865,9.4,Under way using engine
2026-09-26T04:08:30Z,219000811,54.838708,11.491847,0.0,Under way using engine
2026-09-26T04:08:54Z,219002177,54.916398,11.360520,0.0,Under way using engine
2026-09-26T04:08:57Z,219000809,54.959822,11.489250,9.1,Under way using engine
2026-09-26T04:09:00Z,219000811,54.838707,11.491845,0.0,Under way using engine
2026-09-26T04:09:24Z,219002177,54.916358,11.360543,0.0,Under way using engine
2026-09-26T04:09:27Z,219000809,54.958590,11.488633,9.1,Under way using engine
2026-09-26T04:09:30Z,219000811,54.838705,11.491845,0.0,Under way using engine
2026-09-26T04:09:54Z,219002177,54.916360,11.360535,0.0,Under way using engine
2026-09-26T04:09:57Z,219000809,54.957397,11.488030,9.1,Under way using engine
2026-09-26T04:10:00Z,219000811,54.838703,11.491843,0.0,Under way using engine
2026-09-26T04:10:24Z,219002177,54.916353,11.360543,0.0,Under way using engine
2026-09-26T04:10:27Z,219000809,54.956232,11.487450,8.9,Under way using engine
2026-09-26T04:10:30Z,219000811,54.838703,11.491843,0.0,Under way using engine
2026-09-26T04:10:54Z,219002177,54.916373,11.360540,0.1,Under way using engine
2026-09-26T04:10:57Z,219000809,54.954992,11.486838,9.3,Under way using engine
2026-09-26T04:11:00Z,219000811,54.838703,11.491845,0.0,Under way using engine
2026-09-26T04:11:24Z,219002177,54.916382,11.360537,0.0,Under way using engine
2026-09-26T04:11:27Z,219000809,54.953718,11.486205,9.2,Under way using engine
2026-09-26T04:11:30Z,219000811,54.838705,11.491845,0.0,Under way using engine
2026-09-26T04:11:54Z,219002177,54.916327,11.360548,0.1,Under way using engine
2026-09-26T04:11:58Z,219000809,54.952468,11.485580,9.2,Under way using engine
2026-09-26T04:12:00Z,219000811,54.838708,11.491842,0.0,Under way using engine
2026-09-26T04:12:24Z,219002177,54.916358,11.360532,0.0,Under way using engine
2026-09-26T04:12:37Z,219000809,54.950820,11.484795,9.3,Under way using engine
2026-09-26T04:12:38Z,219000811,54.838712,11.491840,0.0,Under way using engine
2026-09-26T04:12:54Z,219002177,54.916342,11.360560,0.1,Under way using engine
2026-09-26T04:13:08Z,219000809,54.949588,11.484182,9.3,Under way using engine
2026-09-26T04:13:08Z,219000811,54.838715,11.491842,0.0,Under way using engine
2026-09-26T04:13:25Z,219002177,54.916370,11.360522,0.0,Under way using engine
2026-09-26T04:13:40Z,219000811,54.838718,11.491840,0.0,Under way using engine
2026-09-26T04:13:49Z,219000809,54.947915,11.483373,9.1,Under way using engine
2026-09-26T04:14:03Z,219002177,54.916380,11.360563,0.0,Under way using engine
2026-09-26T04:14:20Z,219000811,54.838722,11.491837,0.0,Under way using engine
2026-09-26T04:14:27Z,219000809,54.946348,11.482620,9.0,Under way using engine
2026-09-26T04:14:35Z,219002177,54.916377,11.360553,0.0,Under way using engine
2026-09-26T04:14:50Z,219000811,54.838725,11.491832,0.0,Under way using engine
2026-09-26T04:14:58Z,219000809,54.945140,11.482042,9.0,Under way using engine
2026-09-26T04:15:15Z,219002177,54.916357,11.360572,0.3,Under way using engine
2026-09-26T04:15:20Z,219000811,54.838727,11.491832,0.0,Under way using engine
2026-09-26T04:15:37Z,219000809,54.943597,11.481070,8.8,Under way using engine
2026-09-26T04:15:45Z,219002177,54.916323,11.360957,2.5,Under way using engine
2026-09-26T04:15:50Z,219000811,54.838732,11.491827,0.0,Under way using engine
2026-09-26T04:16:08Z,219000809,54.942647,11.479705,8.9,Under way using engine
2026-09-26T04:16:15Z,219002177,54.916257,11.361827,4.1,Under way using engine
2026-09-26T04:16:20Z,219000811,54.838733,11.491823,0.0,Under way using engine
2026-09-26T04:16:45Z,219002177,54.916300,11.363007,5.2,Under way using engine
2026-09-26T04:16:47Z,219000809,54.941435,11.477880,8.9,Under way using engine
2026-09-26T04:16:59Z,219000811,54.838732,11.491822,0.0,Under way using engine
2026-09-26T04:17:15Z,219002177,54.916378,11.364353,5.8,Under way using engine
2026-09-26T04:17:18Z,219000809,54.940528,11.476308,9.0,Under way using engine
2026-09-26T04:17:29Z,219000811,54.838730,11.491822,0.0,Under way using engine
2026-09-26T04:17:45Z,219002177,54.916478,11.365795,6.1,Under way using engine
2026-09-26T04:17:57Z,219000809,54.939505,11.474135,9.0,Under way using engine
2026-09-26T04:17:59Z,219000811,54.838727,11.491822,0.0,Under way using engine
2026-09-26T04:18:15Z,219002177,54.916603,11.367273,6.3,Under way using engine
2026-09-26T04:18:27Z,219000809,54.938933,11.472128,9.1,Under way using engine
2026-09-26T04:18:29Z,219000811,54.838725,11.491823,0.0,Under way using engine
2026-09-26T04:18:45Z,219002177,54.916737,11.368795,6.4,Under way using engine
2026-09-26T04:18:57Z,219000809,54.938458,11.470198,9.0,Under way using engine
2026-09-26T04:18:59Z,219000811,54.838722,11.491827,0.0,Under way using engine
2026-09-26T04:19:15Z,219002177,54.916985,11.370252,6.3,Under way using engine
2026-09-26T04:19:27Z,219000809,54.937945,11.468140,9.1,Under way using engine
2026-09-26T04:19:29Z,219000811,54.838722,11.491830,0.0,Under way using engine
2026-09-26T04:19:45Z,219002177,54.917572,11.371092,5.4,Under way using engine
2026-09-26T04:19:57Z,219000809,54.937463,11.466195,9.1,Under way using engine
2026-09-26T04:19:59Z,219000811,54.838722,11.491832,0.0,Under way using engine
2026-09-26T04:20:15Z,219002177,54.918348,11.371222,5.8,Under way using engine
2026-09-26T04:20:27Z,219000809,54.936943,11.464103,9.2,Under way using engine
2026-09-26T04:20:30Z,219000811,54.838722,11.491832,0.0,Under way using engine
2026-09-26T04:20:45Z,219002177,54.919180,11.371312,6.1,Under way using engine
2026-09-26T04:20:57Z,219000809,54.936433,11.462160,9.2,Under way using engine
2026-09-26T04:21:10Z,219000811,54.838722,11.491835,0.0,Under way using engine
2026-09-26T04:21:24Z,219002177,54.920315,11.371350,6.4,Under way using engine
2026-09-26T04:21:27Z,219000809,54.935898,11.460120,9.3,Under way using engine
2026-09-26T04:21:40Z,219000811,54.838723,11.491838,0.0,Under way using engine
2026-09-26T04:21:55Z,219002177,54.921250,11.371303,6.7,Under way using engine
2026-09-26T04:21:59Z,219000809,54.935243,11.458045,9.3,Under way using engine
2026-09-26T04:22:10Z,219000811,54.838725,11.491838,0.0,Under way using engine
2026-09-26T04:22:35Z,219002177,54.922507,11.371332,6.9,Under way using engine
2026-09-26T04:22:39Z,219000809,54.934268,11.455568,9.4,Under way using engine
2026-09-26T04:22:40Z,219000811,54.838723,11.491835,0.0,Under way using engine
2026-09-26T04:23:05Z,219002177,54.923470,11.371347,7.0,Under way using engine
2026-09-26T04:23:10Z,219000811,54.838723,11.491832,0.0,Under way using engine
2026-09-26T04:23:17Z,219000809,54.933192,11.453375,9.5,Under way using engine
2026-09-26T04:23:35Z,219002177,54.924432,11.371355,7.1,Under way using engine
2026-09-26T04:23:40Z,219000811,54.838723,11.491832,0.0,Under way using engine
2026-09-26T04:23:48Z,219000809,54.932315,11.451475,9.4,Under way using engine
2026-09-26T04:24:05Z,219002177,54.925452,11.371385,7.2,Under way using engine
2026-09-26T04:24:10Z,219000811,54.838723,11.491835,0.0,Under way using engine
2026-09-26T04:24:27Z,219000809,54.931260,11.449247,9.4,Under way using engine
2026-09-26T04:24:35Z,219002177,54.926423,11.371388,7.3,Under way using engine
2026-09-26T04:24:40Z,219000811,54.838723,11.491838,0.0,Under way using engine
2026-09-26T04:24:58Z,219000809,54.930367,11.447362,9.4,Under way using engine
2026-09-26T04:25:05Z,219002177,54.927457,11.371395,7.2,Under way using engine
2026-09-26T04:25:10Z,219000811,54.838723,11.491835,0.0,Under way using engine
2026-09-26T04:25:35Z,219002177,54.928452,11.371413,7.2,Under way using engine
2026-09-26T04:25:39Z,219000809,54.929287,11.445062,9.3,Under way using engine
2026-09-26T04:25:49Z,219000811,54.838722,11.491833,0.0,Under way using engine
2026-09-26T04:26:05Z,219002177,54.929468,11.371392,7.3,Under way using engine
2026-09-26T04:26:09Z,219000809,54.928468,11.443267,9.6,Under way using engine
2026-09-26T04:26:30Z,219000811,54.838723,11.491832,0.0,Under way using engine
2026-09-26T04:26:47Z,219002177,54.930428,11.371407,7.2,Under way using engine
2026-09-26T04:26:48Z,219000809,54.927367,11.440905,9.5,Under way using engine
2026-09-26T04:27:09Z,219000811,54.838723,11.491828,0.0,Under way using engine
2026-09-26T04:27:18Z,219000809,54.926575,11.439157,9.5,Under way using engine
2026-09-26T04:27:24Z,219002177,54.932093,11.371368,7.2,Under way using engine
2026-09-26T04:27:39Z,219000811,54.838725,11.491828,0.0,Under way using engine
2026-09-26T04:27:48Z,219000809,54.925715,11.437303,9.5,Under way using engine
2026-09-26T04:28:05Z,219002177,54.933437,11.371360,7.1,Under way using engine
2026-09-26T04:28:09Z,219000811,54.838725,11.491827,0.0,Under way using engine
2026-09-26T04:28:18Z,219000809,54.924907,11.435598,9.5,Under way using engine
2026-09-26T04:28:39Z,219000811,54.838727,11.491825,0.0,Under way using engine
2026-09-26T04:28:48Z,219000809,54.924043,11.433753,9.6,Under way using engine
2026-09-26T04:28:54Z,219002177,54.934973,11.371365,6.3,Under way using engine
2026-09-26T04:29:09Z,219000811,54.838727,11.491823,0.0,Under way using engine
2026-09-26T04:29:18Z,219000809,54.923223,11.432045,9.5,Under way using engine
2026-09-26T04:29:39Z,219000811,54.838727,11.491825,0.0,Under way using engine
2026-09-26T04:29:48Z,219000809,54.922402,11.430292,9.5,Under way using engine
2026-09-26T04:29:54Z,219002177,54.935842,11.371840,1.6,Under way using engine
2026-09-26T04:30:09Z,219000811,54.838728,11.491827,0.0,Under way using engine
2026-09-26T04:30:18Z,219000809,54.921560,11.428517,9.5,Under way using engine
2026-09-26T04:30:24Z,219002177,54.935938,11.371923,0.5,Under way using engine
2026-09-26T04:30:39Z,219000811,54.838732,11.491828,0.0,Under way using engine
2026-09-26T04:30:48Z,219000809,54.920730,11.426740,9.5,Under way using engine
2026-09-26T04:30:54Z,219002177,54.935943,11.371957,0.0,Under way using engine
2026-09-26T04:31:09Z,219000811,54.838733,11.491825,0.0,Under way using engine
2026-09-26T04:31:24Z,219002177,54.935943,11.371960,0.0,Under way using engine
2026-09-26T04:31:28Z,219000809,54.919610,11.424373,9.6,Under way using engine
2026-09-26T04:31:39Z,219000811,54.838733,11.491820,0.0,Under way using engine
2026-09-26T04:31:58Z,219000809,54.918762,11.422615,9.5,Under way using engine
2026-09-26T04:32:05Z,219002177,54.935957,11.371965,0.0,Under way using engine
2026-09-26T04:32:19Z,219000811,54.838732,11.491822,0.0,Under way using engine
2026-09-26T04:32:28Z,219000809,54.917915,11.420863,9.5,Under way using engine
2026-09-26T04:32:45Z,219002177,54.935963,11.371967,0.0,Under way using engine
2026-09-26T04:32:49Z,219000811,54.838730,11.491825,0.0,Under way using engine
2026-09-26T04:33:07Z,219000809,54.916883,11.418407,9.5,Under way using engine
2026-09-26T04:33:15Z,219002177,54.935970,11.371993,0.0,Under way using engine
2026-09-26T04:33:19Z,219000811,54.838728,11.491830,0.0,Under way using engine
2026-09-26T04:33:38Z,219000809,54.916117,11.416583,9.4,Under way using engine
2026-09-26T04:33:45Z,219002177,54.935973,11.371985,0.0,Under way using engine
2026-09-26T04:33:49Z,219000811,54.838728,11.491830,0.0,Under way using engine
2026-09-26T04:34:15Z,219002177,54.935962,11.371973,0.0,Under way using engine
2026-09-26T04:34:17Z,219000809,54.915107,11.414202,9.6,Under way using engine
2026-09-26T04:34:19Z,219000811,54.838728,11.491830,0.0,Under way using engine
2026-09-26T04:34:45Z,219002177,54.935963,11.371962,0.1,Under way using engine
2026-09-26T04:34:48Z,219000809,54.914305,11.412240,9.6,Under way using engine
2026-09-26T04:34:49Z,219000811,54.838728,11.491832,0.0,Under way using engine
2026-09-26T04:35:15Z,219002177,54.935823,11.371842,1.7,Under way using engine
2026-09-26T04:35:20Z,219000811,54.838730,11.491833,0.0,Under way using engine
2026-09-26T04:35:28Z,219000809,54.913267,11.409760,9.6,Under way using engine
2026-09-26T04:35:45Z,219002177,54.935422,11.371537,3.7,Under way using engine
2026-09-26T04:35:59Z,219000811,54.838728,11.491828,0.0,Under way using engine
2026-09-26T04:36:09Z,219000809,54.912188,11.407193,9.7,Under way using engine
2026-09-26T04:36:15Z,219002177,54.934868,11.371097,4.6,Under way using engine
2026-09-26T04:36:40Z,219000811,54.838730,11.491823,0.0,Under way using engine
2026-09-26T04:36:45Z,219002177,54.934158,11.370902,5.4,Under way using engine
2026-09-26T04:36:48Z,219000809,54.911153,11.404757,9.7,Under way using engine
2026-09-26T04:37:10Z,219000811,54.838732,11.491827,0.0,Under way using engine
2026-09-26T04:37:15Z,219002177,54.933363,11.370738,5.9,Under way using engine
2026-09-26T04:37:29Z,219000809,54.910148,11.402078,9.7,Under way using engine
2026-09-26T04:37:40Z,219000811,54.838735,11.491828,0.0,Under way using engine
2026-09-26T04:37:45Z,219002177,54.932515,11.370615,6.3,Under way using engine
2026-09-26T04:38:06Z,219000809,54.909492,11.400228,9.7,Under way using engine
2026-09-26T04:38:10Z,219000811,54.838735,11.491825,0.0,Under way using engine
2026-09-26T04:38:15Z,219002177,54.931635,11.370525,6.3,Under way using engine
2026-09-26T04:38:38Z,219000809,54.908627,11.397422,9.7,Under way using engine
2026-09-26T04:38:45Z,219002177,54.930740,11.370608,6.4,Under way using engine
2026-09-26T04:38:49Z,219000811,54.838735,11.491825,0.0,Under way using engine
2026-09-26T04:39:08Z,219000809,54.908302,11.395263,9.2,Under way using engine
2026-09-26T04:39:15Z,219002177,54.929847,11.370633,6.5,Under way using engine
2026-09-26T04:39:20Z,219000811,54.838737,11.491827,0.0,Under way using engine
2026-09-26T04:39:39Z,219000809,54.908918,11.393237,9.6,Under way using engine
2026-09-26T04:39:53Z,219002177,54.928693,11.370680,6.6,Under way using engine
2026-09-26T04:39:59Z,219000811,54.838735,11.491827,0.0,Under way using engine
2026-09-26T04:40:18Z,219000809,54.909987,11.390650,10.0,Under way using engine
2026-09-26T04:40:24Z,219002177,54.927760,11.370753,6.6,Under way using engine
2026-09-26T04:40:29Z,219000811,54.838735,11.491827,0.0,Under way using engine
2026-09-26T04:40:48Z,219000809,54.910800,11.388765,10.3,Under way using engine
2026-09-26T04:40:54Z,219002177,54.926850,11.370853,6.5,Under way using engine
2026-09-26T04:40:59Z,219000811,54.838732,11.491828,0.0,Under way using engine
2026-09-26T04:41:18Z,219000809,54.911622,11.386585,10.5,Under way using engine
2026-09-26T04:41:24Z,219002177,54.925955,11.370973,6.4,Under way using engine
2026-09-26T04:41:29Z,219000811,54.838732,11.491828,0.0,Under way using engine
2026-09-26T04:41:48Z,219000809,54.912380,11.384527,10.5,Under way using engine
2026-09-26T04:41:54Z,219002177,54.925067,11.371053,6.4,Under way using engine
2026-09-26T04:41:59Z,219000811,54.838733,11.491833,0.0,Under way using engine
2026-09-26T04:42:18Z,219000809,54.913187,11.382327,10.5,Under way using engine
2026-09-26T04:42:24Z,219002177,54.924190,11.371148,6.4,Under way using engine
2026-09-26T04:42:29Z,219000811,54.838740,11.491835,0.0,Under way using engine
2026-09-26T04:42:48Z,219000809,54.913960,11.380288,10.4,Under way using engine
2026-09-26T04:42:54Z,219002177,54.923310,11.371237,6.3,Under way using engine
2026-09-26T04:42:59Z,219000811,54.838742,11.491832,0.0,Under way using engine
2026-09-26T04:43:18Z,219000809,54.914750,11.378110,10.3,Under way using engine
2026-09-26T04:43:24Z,219002177,54.922438,11.371350,6.3,Under way using engine
2026-09-26T04:43:29Z,219000811,54.838742,11.491830,0.0,Under way using engine
2026-09-26T04:43:48Z,219000809,54.915440,11.376102,10.1,Under way using engine
2026-09-26T04:43:54Z,219002177,54.921558,11.371463,6.3,Under way using engine
2026-09-26T04:43:59Z,219000811,54.838742,11.491828,0.0,Under way using engine
2026-09-26T04:44:18Z,219000809,54.916020,11.373823,10.0,Under way using engine
2026-09-26T04:44:24Z,219002177,54.920687,11.371542,6.3,Under way using engine
2026-09-26T04:44:29Z,219000811,54.838743,11.491827,0.0,Under way using engine
2026-09-26T04:44:48Z,219000809,54.916407,11.371682,9.6,Under way using engine
2026-09-26T04:44:54Z,219002177,54.919820,11.371495,6.2,Under way using engine
2026-09-26T04:44:59Z,219000811,54.838745,11.491822,0.0,Under way using engine
2026-09-26T04:45:18Z,219000809,54.916635,11.369348,9.8,Under way using engine
2026-09-26T04:45:24Z,219002177,54.918968,11.371400,6.2,Under way using engine
2026-09-26T04:45:29Z,219000811,54.838742,11.491822,0.0,Under way using engine
2026-09-26T04:45:48Z,219000809,54.916620,11.367045,9.7,Under way using engine
2026-09-26T04:45:55Z,219002177,54.918075,11.371248,6.2,Under way using engine
2026-09-26T04:45:59Z,219000811,54.838742,11.491820,0.0,Under way using engine
2026-09-26T04:46:18Z,219000809,54.916435,11.364752,9.2,Under way using engine
2026-09-26T04:46:29Z,219000811,54.838740,11.491823,0.0,Under way using engine
2026-09-26T04:46:35Z,219002177,54.917100,11.370522,5.7,Under way using engine
2026-09-26T04:46:48Z,219000809,54.916360,11.363033,7.1,Under way using engine
2026-09-26T04:46:59Z,219000811,54.838737,11.491825,0.0,Under way using engine
2026-09-26T04:47:05Z,219002177,54.916773,11.369220,5.7,Under way using engine
2026-09-26T04:47:18Z,219000809,54.916275,11.361543,5.7,Under way using engine
2026-09-26T04:47:29Z,219000811,54.838735,11.491823,0.0,Under way using engine
2026-09-26T04:47:35Z,219002177,54.916693,11.367848,6.0,Under way using engine
2026-09-26T04:47:48Z,219000809,54.916058,11.360588,3.1,Under way using engine
2026-09-26T04:47:59Z,219000811,54.838735,11.491820,0.0,Under way using engine
2026-09-26T04:48:05Z,219002177,54.916608,11.366325,6.2,Under way using engine
2026-09-26T04:48:18Z,219000809,54.916003,11.360428,0.9,Under way using engine
2026-09-26T04:48:29Z,219000811,54.838733,11.491818,0.0,Under way using engine
2026-09-26T04:48:35Z,219002177,54.916457,11.364838,6.3,Under way using engine
2026-09-26T04:48:48Z,219000809,54.916030,11.360180,0.8,Under way using engine
2026-09-26T04:48:59Z,219000811,54.838730,11.491815,0.0,Under way using engine
2026-09-26T04:49:13Z,219002177,54.916332,11.362945,6.0,Under way using engine
2026-09-26T04:49:18Z,219000809,54.916090,11.360082,0.4,Under way using engine
2026-09-26T04:49:29Z,219000811,54.838730,11.491815,0.0,Under way using engine
2026-09-26T04:49:44Z,219002177,54.916362,11.361687,4.2,Under way using engine
2026-09-26T04:49:48Z,219000809,54.916098,11.360033,0.0,Under way using engine
2026-09-26T04:49:59Z,219000811,54.838732,11.491820,0.0,Under way using engine
2026-09-26T04:50:18Z,219000809,54.916112,11.360023,0.0,Under way using engine
2026-09-26T04:50:24Z,219002177,54.916377,11.360893,1.7,Under way using engine
2026-09-26T04:50:29Z,219000811,54.838733,11.491820,0.0,Under way using engine
2026-09-26T04:50:48Z,219000809,54.916087,11.360037,0.0,Under way using engine
2026-09-26T04:50:55Z,219002177,54.916368,11.360662,0.6,Under way using engine
2026-09-26T04:50:59Z,219000811,54.838730,11.491818,0.0,Under way using engine
2026-09-26T04:51:18Z,219000809,54.916097,11.360032,0.0,Under way using engine
2026-09-26T04:51:29Z,219000811,54.838730,11.491817,0.0,Under way using engine
2026-09-26T04:51:35Z,219002177,54.916360,11.360552,0.1,Under way using engine
2026-09-26T04:51:48Z,219000809,54.916095,11.360030,0.0,Under way using engine
2026-09-26T04:51:59Z,219000811,54.838733,11.491818,0.0,Under way using engine
2026-09-26T04:52:13Z,219002177,54.916375,11.360522,0.0,Under way using engine
2026-09-26T04:52:18Z,219000809,54.916093,11.360030,0.0,Under way using engine
2026-09-26T04:52:29Z,219000811,54.838733,11.491820,0.0,Under way using engine
2026-09-26T04:52:48Z,219000809,54.916098,11.360027,0.0,Under way using engine
2026-09-26T04:52:54Z,219002177,54.916377,11.360548,0.0,Under way using engine
2026-09-26T04:52:59Z,219000811,54.838730,11.491820,0.0,Under way using engine
2026-09-26T04:53:18Z,219000809,54.916097,11.360032,0.0,Under way using engine
2026-09-26T04:53:24Z,219002177,54.916373,11.360525,0.0,Under way using engine
2026-09-26T04:53:29Z,219000811,54.838728,11.491820,0.0,Under way using engine
2026-09-26T04:53:48Z,219000809,54.916112,11.360025,0.0,Under way using engine
2026-09-26T04:53:54Z,219002177,54.916397,11.360540,0.0,Under way using engine
2026-09-26T04:53:59Z,219000811,54.838727,11.491822,0.0,Under way using engine
2026-09-26T04:54:18Z,219000809,54.916110,11.360027,0.0,Under way using engine
2026-09-26T04:54:24Z,219002177,54.916378,11.360520,0.0,Under way using engine
2026-09-26T04:54:29Z,219000811,54.838728,11.491825,0.0,Under way using engine
2026-09-26T04:54:48Z,219000809,54.916105,11.360027,0.0,Under way using engine
2026-09-26T04:54:54Z,219002177,54.916363,11.360518,0.0,Under way using engine
2026-09-26T04:55:00Z,219000811,54.838730,11.491830,0.0,Under way using engine
2026-09-26T04:55:18Z,219000809,54.916102,11.360030,0.0,Under way using engine
2026-09-26T04:55:24Z,219002177,54.916358,11.360522,0.0,Under way using engine
2026-09-26T04:55:30Z,219000811,54.838728,11.491830,0.0,Under way using engine
2026-09-26T04:55:48Z,219000809,54.916085,11.360030,0.0,Under way using engine
2026-09-26T04:55:54Z,219002177,54.916373,11.360555,0.0,Under way using engine
2026-09-26T04:56:00Z,219000811,54.838725,11.491827,0.0,Under way using engine
2026-09-26T04:56:18Z,219000809,54.916088,11.360037,0.0,Under way using engine
2026-09-26T04:56:30Z,219000811,54.838725,11.491825,0.0,Under way using engine
2026-09-26T04:56:34Z,219002177,54.916372,11.360538,0.0,Under way using engine
2026-09-26T04:56:48Z,219000809,54.916092,11.360028,0.0,Under way using engine
2026-09-26T04:57:00Z,219000811,54.838722,11.491825,0.0,Under way using engine
2026-09-26T04:57:05Z,219002177,54.916382,11.360513,0.0,Under way using engine
2026-09-26T04:57:18Z,219000809,54.916105,11.360030,0.0,Under way using engine
2026-09-26T04:57:30Z,219000811,54.838722,11.491823,0.0,Under way using engine
2026-09-26T04:57:48Z,219000809,54.916105,11.360038,0.0,Under way using engine
2026-09-26T04:57:55Z,219002177,54.916387,11.360517,0.0,Under way using engine
2026-09-26T04:58:00Z,219000811,54.838718,11.491825,0.0,Under way using engine
2026-09-26T04:58:18Z,219000809,54.916107,11.360037,0.1,Under way using engine
2026-09-26T04:58:30Z,219000811,54.838723,11.491830,0.0,Under way using engine
2026-09-26T04:58:34Z,219002177,54.916365,11.360538,0.0,Under way using engine
2026-09-26T04:58:48Z,219000809,54.916107,11.360042,0.0,Under way using engine
2026-09-26T04:59:00Z,219000811,54.838728,11.491830,0.0,Under way using engine
2026-09-26T04:59:05Z,219002177,54.916368,11.360547,0.0,Under way using engine
2026-09-26T04:59:18Z,219000809,54.916107,11.360043,0.0,Under way using engine
2026-09-26T04:59:30Z,219000811,54.838728,11.491828,0.0,Under way using engine
2026-09-26T04:59:45Z,219002177,54.916350,11.360533,0.0,Under way using engine
2026-09-26T04:59:48Z,219000809,54.916108,11.360032,0.0,Under way using engine
2026-09-26T05:00:09Z,219000811,54.838727,11.491827,0.0,Under way using engine
2026-09-26T05:00:18Z,219000809,54.916098,11.360038,0.0,Under way using engine
2026-09-26T05:00:23Z,219002177,54.916365,11.360523,0.0,Under way using engine
2026-09-26T05:00:39Z,219000811,54.838722,11.491822,0.0,Under way using engine
2026-09-26T05:00:48Z,219000809,54.916097,11.360032,0.0,Under way using engine
2026-09-26T05:00:55Z,219002177,54.916370,11.360517,0.0,Under way using engine
2026-09-26T05:01:09Z,219000811,54.838722,11.491817,0.0,Under way using engine
2026-09-26T05:01:18Z,219000809,54.916097,11.360038,0.0,Under way using engine
2026-09-26T05:01:34Z,219002177,54.916382,11.360513,0.0,Under way using engine
2026-09-26T05:01:39Z,219000811,54.838728,11.491818,0.0,Under way using engine
2026-09-26T05:01:48Z,219000809,54.916083,11.360018,0.0,Under way using engine
2026-09-26T05:02:05Z,219002177,54.916383,11.360525,0.0,Under way using engine
2026-09-26T05:02:09Z,219000811,54.838730,11.491822,0.0,Under way using engine
2026-09-26T05:02:18Z,219000809,54.916088,11.360023,0.0,Under way using engine
2026-09-26T05:02:39Z,219000811,54.838727,11.491820,0.0,Under way using engine
2026-09-26T05:02:45Z,219002177,54.916380,11.360547,0.0,Under way using engine
2026-09-26T05:02:48Z,219000809,54.916092,11.360018,0.0,Under way using engine
2026-09-26T05:03:09Z,219000811,54.838725,11.491815,0.0,Under way using engine
2026-09-26T05:03:18Z,219000809,54.916110,11.360023,0.0,Under way using engine
2026-09-26T05:03:23Z,219002177,54.916378,11.360555,0.0,Under way using engine
2026-09-26T05:03:39Z,219000811,54.838727,11.491813,0.0,Under way using engine
2026-09-26T05:03:48Z,219000809,54.916092,11.360020,0.0,Under way using engine
2026-09-26T05:03:54Z,219002177,54.916387,11.360543,0.0,Under way using engine
2026-09-26T05:04:09Z,219000811,54.838720,11.491812,0.0,Under way using engine
2026-09-26T05:04:18Z,219000809,54.916093,11.360027,0.0,Under way using engine
2026-09-26T05:04:24Z,219002177,54.916380,11.360547,0.0,Under way using engine
2026-09-26T05:04:39Z,219000811,54.838717,11.491810,0.0,Under way using engine
2026-09-26T05:04:48Z,219000809,54.916102,11.360020,0.0,Under way using engine
2026-09-26T05:04:54Z,219002177,54.916367,11.360543,0.0,Under way using engine
2026-09-26T05:05:09Z,219000811,54.838717,11.491810,0.0,Under way using engine
2026-09-26T05:05:19Z,219000809,54.916100,11.360022,0.0,Under way using engine
2026-09-26T05:05:24Z,219002177,54.916365,11.360545,0.0,Under way using engine
2026-09-26T05:05:39Z,219000811,54.838717,11.491810,0.0,Under way using engine
2026-09-26T05:05:54Z,219002177,54.916373,11.360548,0.0,Under way using engine
2026-09-26T05:05:58Z,219000809,54.916100,11.360025,0.0,Under way using engine
2026-09-26T05:06:09Z,219000811,54.838713,11.491810,0.0,Under way using engine
2026-09-26T05:06:24Z,219002177,54.916383,11.360552,0.0,Under way using engine
2026-09-26T05:06:28Z,219000809,54.916097,11.360023,0.0,Under way using engine
2026-09-26T05:06:39Z,219000811,54.838713,11.491812,0.0,Under way using engine
2026-09-26T05:06:54Z,219002177,54.916383,11.360538,0.0,Under way using engine
2026-09-26T05:06:58Z,219000809,54.916107,11.360037,0.0,Under way using engine
2026-09-26T05:07:09Z,219000811,54.838717,11.491817,0.0,Under way using engine
2026-09-26T05:07:24Z,219002177,54.916373,11.360555,0.0,Under way using engine
2026-09-26T05:07:37Z,219000809,54.916107,11.360030,0.0,Under way using engine
2026-09-26T05:07:39Z,219000811,54.838720,11.491817,0.0,Under way using engine
2026-09-26T05:07:54Z,219002177,54.916378,11.360642,0.9,Under way using engine
2026-09-26T05:08:08Z,219000809,54.916102,11.360002,0.0,Under way using engine
2026-09-26T05:08:09Z,219000811,54.838723,11.491822,0.0,Under way using engine
2026-09-26T05:08:24Z,219002177,54.916362,11.361205,3.0,Under way using engine
2026-09-26T05:08:39Z,219000811,54.838723,11.491822,0.0,Under way using engine
2026-09-26T05:08:47Z,219000809,54.916102,11.360007,0.0,Under way using engine
2026-09-26T05:08:54Z,219002177,54.916353,11.362197,4.5,Under way using engine
2026-09-26T05:09:09Z,219000811,54.838725,11.491822,0.0,Under way using engine
2026-09-26T05:09:19Z,219000809,54.916102,11.360032,0.0,Under way using engine
2026-09-26T05:09:24Z,219002177,54.916422,11.363430,5.4,Under way using engine
2026-09-26T05:09:39Z,219000811,54.838725,11.491823,0.0,Under way using engine
2026-09-26T05:09:54Z,219002177,54.916512,11.364797,5.8,Under way using engine
2026-09-26T05:09:58Z,219000809,54.916112,11.360048,0.0,Under way using engine
2026-09-26T05:10:09Z,219000811,54.838723,11.491825,0.0,Under way using engine
2026-09-26T05:10:24Z,219002177,54.916593,11.366283,6.4,Under way using engine
2026-09-26T05:10:37Z,219000809,54.916085,11.360355,2.5,Under way using engine
2026-09-26T05:10:49Z,219000811,54.838722,11.491827,0.0,Under way using engine
2026-09-26T05:10:54Z,219002177,54.916725,11.367827,6.5,Under way using engine
2026-09-26T05:11:07Z,219000809,54.916147,11.361680,6.6,Under way using engine
2026-09-26T05:11:19Z,219000811,54.838720,11.491825,0.0,Under way using engine
2026-09-26T05:11:24Z,219002177,54.916868,11.369363,6.6,Under way using engine
2026-09-26T05:11:37Z,219000809,54.916343,11.363532,8.3,Under way using engine
2026-09-26T05:11:49Z,219000811,54.838717,11.491820,0.0,Under way using engine
2026-09-26T05:11:54Z,219002177,54.917225,11.370760,6.3,Under way using engine
2026-09-26T05:12:07Z,219000809,54.916503,11.365582,8.7,Under way using engine
2026-09-26T05:12:23Z,219000811,54.838717,11.491818,0.0,Under way using engine
2026-09-26T05:12:24Z,219002177,54.917968,11.371452,6.1,Under way using engine
2026-09-26T05:12:39Z,219000809,54.916680,11.367743,8.9,Under way using engine
2026-09-26T05:12:54Z,219002177,54.918805,11.371547,6.2,Under way using engine
2026-09-26T05:12:59Z,219000811,54.838718,11.491818,0.0,Under way using engine
2026-09-26T05:13:19Z,219000809,54.916785,11.370602,8.9,Under way using engine
2026-09-26T05:13:24Z,219002177,54.919693,11.371637,6.5,Under way using engine
2026-09-26T05:13:29Z,219000811,54.838720,11.491822,0.0,Under way using engine
2026-09-26T05:13:54Z,219002177,54.920597,11.371710,6.7,Under way using engine
2026-09-26T05:13:58Z,219000809,54.916528,11.373268,8.5,Under way using engine
2026-09-26T05:13:59Z,219000811,54.838720,11.491822,0.0,Under way using engine
2026-09-26T05:14:24Z,219002177,54.921550,11.371690,6.9,Under way using engine
2026-09-26T05:14:29Z,219000811,54.838718,11.491822,0.0,Under way using engine
2026-09-26T05:14:39Z,219000809,54.915677,11.375727,8.9,Under way using engine
2026-09-26T05:14:54Z,219002177,54.922520,11.371713,7.0,Under way using engine
2026-09-26T05:14:59Z,219000811,54.838718,11.491823,0.0,Under way using engine
2026-09-26T05:15:19Z,219000809,54.914743,11.378145,9.0,Under way using engine
2026-09-26T05:15:24Z,219002177,54.923502,11.371760,7.2,Under way using engine
2026-09-26T05:15:29Z,219000811,54.838717,11.491822,0.0,Under way using engine
2026-09-26T05:15:54Z,219002177,54.924503,11.371737,7.2,Under way using engine
2026-09-26T05:15:58Z,219000809,54.913845,11.380513,9.0,Under way using engine
2026-09-26T05:15:59Z,219000811,54.838717,11.491822,0.0,Under way using engine
2026-09-26T05:16:29Z,219000811,54.838713,11.491820,0.0,Under way using engine
2026-09-26T05:16:33Z,219002177,54.925818,11.371763,7.3,Under way using engine
2026-09-26T05:16:39Z,219000809,54.912925,11.382993,9.0,Under way using engine
2026-09-26T05:16:59Z,219000811,54.838712,11.491817,0.0,Under way using engine
2026-09-26T05:17:04Z,219002177,54.926870,11.371705,7.3,Under way using engine
2026-09-26T05:17:19Z,219000809,54.911998,11.385393,9.0,Under way using engine
2026-09-26T05:17:29Z,219000811,54.838710,11.491813,0.0,Under way using engine
2026-09-26T05:17:44Z,219002177,54.928208,11.371625,7.3,Under way using engine
2026-09-26T05:17:58Z,219000809,54.911105,11.387740,9.0,Under way using engine
2026-09-26T05:17:59Z,219000811,54.838715,11.491808,0.0,Under way using engine
2026-09-26T05:18:29Z,219000809,54.910368,11.389597,9.0,Under way using engine
2026-09-26T05:18:29Z,219000811,54.838718,11.491808,0.0,Under way using engine
2026-09-26T05:18:33Z,219002177,54.929855,11.371510,7.3,Under way using engine
2026-09-26T05:18:59Z,219000811,54.838720,11.491808,0.0,Under way using engine
2026-09-26T05:19:04Z,219002177,54.930893,11.371448,7.3,Under way using engine
2026-09-26T05:19:08Z,219000809,54.909460,11.392017,9.0,Under way using engine
2026-09-26T05:19:29Z,219000811,54.838722,11.491812,0.0,Under way using engine
2026-09-26T05:19:39Z,219000809,54.908747,11.393790,9.0,Under way using engine
2026-09-26T05:19:44Z,219002177,54.932223,11.371347,7.2,Under way using engine
2026-09-26T05:19:59Z,219000811,54.838723,11.491813,0.0,Under way using engine
2026-09-26T05:20:15Z,219002177,54.933240,11.371337,7.1,Under way using engine
2026-09-26T05:20:18Z,219000809,54.907862,11.396120,9.0,Under way using engine
2026-09-26T05:20:29Z,219000811,54.838722,11.491815,0.0,Under way using engine
2026-09-26T05:20:49Z,219002177,54.934135,11.371320,7.0,Under way using engine
2026-09-26T05:20:58Z,219000809,54.906887,11.398508,9.0,Under way using engine
2026-09-26T05:20:59Z,219000811,54.838720,11.491818,0.0,Under way using engine
2026-09-26T05:21:24Z,219002177,54.935247,11.371492,4.7,Under way using engine
2026-09-26T05:21:29Z,219000809,54.906180,11.400380,9.0,Under way using engine
2026-09-26T05:21:29Z,219000811,54.838720,11.491817,0.0,Under way using engine
2026-09-26T05:21:59Z,219000811,54.838722,11.491817,0.0,Under way using engine
2026-09-26T05:22:04Z,219002177,54.935763,11.371790,2.1,Under way using engine
2026-09-26T05:22:07Z,219000809,54.905360,11.402733,9.1,Under way using engine
2026-09-26T05:22:29Z,219000811,54.838725,11.491817,0.0,Under way using engine
2026-09-26T05:22:38Z,219000809,54.904782,11.404750,9.1,Under way using engine
2026-09-26T05:22:44Z,219002177,54.935958,11.371962,1.0,Under way using engine
2026-09-26T05:22:59Z,219000811,54.838727,11.491817,0.0,Under way using engine
2026-09-26T05:23:15Z,219002177,54.935988,11.372000,0.0,Under way using engine
2026-09-26T05:23:17Z,219000809,54.904035,11.407282,9.1,Under way using engine
2026-09-26T05:23:29Z,219000811,54.838728,11.491817,0.0,Under way using engine
2026-09-26T05:23:48Z,219000809,54.903468,11.409317,9.0,Under way using engine
2026-09-26T05:23:53Z,219002177,54.935990,11.371990,0.0,Under way using engine
2026-09-26T05:23:59Z,219000811,54.838727,11.491817,0.0,Under way using engine
2026-09-26T05:24:24Z,219002177,54.935987,11.371958,0.0,Under way using engine
2026-09-26T05:24:28Z,219000809,54.902752,11.411967,9.0,Under way using engine
2026-09-26T05:24:29Z,219000811,54.838725,11.491817,0.0,Under way using engine
2026-09-26T05:24:54Z,219002177,54.935992,11.371992,0.0,Under way using engine
2026-09-26T05:24:58Z,219000809,54.902203,11.413928,9.0,Under way using engine
2026-09-26T05:24:59Z,219000811,54.838723,11.491815,0.0,Under way using engine
2026-09-26T05:25:24Z,219002177,54.935988,11.371970,0.0,Under way using engine
2026-09-26T05:25:28Z,219000809,54.901665,11.415857,9.0,Under way using engine
2026-09-26T05:25:29Z,219000811,54.838722,11.491815,0.0,Under way using engine
2026-09-26T05:25:54Z,219002177,54.935985,11.371960,0.0,Under way using engine
2026-09-26T05:25:58Z,219000809,54.901108,11.417790,9.0,Under way using engine
2026-09-26T05:25:59Z,219000811,54.838722,11.491818,0.0,Under way using engine
2026-09-26T05:26:24Z,219002177,54.935983,11.371940,0.0,Under way using engine
2026-09-26T05:26:28Z,219000809,54.900583,11.419748,9.0,Under way using engine
2026-09-26T05:26:29Z,219000811,54.838722,11.491820,0.0,Under way using engine
2026-09-26T05:26:54Z,219002177,54.935980,11.371940,0.0,Under way using engine
2026-09-26T05:26:59Z,219000809,54.900013,11.421752,9.0,Under way using engine
2026-09-26T05:26:59Z,219000811,54.838720,11.491820,0.0,Under way using engine
2026-09-26T05:27:24Z,219002177,54.935983,11.371952,0.0,Under way using engine
2026-09-26T05:27:29Z,219000811,54.838718,11.491820,0.0,Under way using engine
2026-09-26T05:27:38Z,219000809,54.899305,11.424298,9.0,Under way using engine
2026-09-26T05:27:54Z,219002177,54.935985,11.371967,0.0,Under way using engine
2026-09-26T05:27:59Z,219000811,54.838717,11.491822,0.0,Under way using engine
2026-09-26T05:28:09Z,219000809,54.898742,11.426292,9.0,Under way using engine
2026-09-26T05:28:24Z,219002177,54.935993,11.372025,0.0,Under way using engine
2026-09-26T05:28:29Z,219000811,54.838715,11.491820,0.0,Under way using engine
2026-09-26T05:28:48Z,219000809,54.898052,11.428837,9.0,Under way using engine
2026-09-26T05:28:54Z,219002177,54.935990,11.372005,0.0,Under way using engine
2026-09-26T05:28:59Z,219000811,54.838717,11.491818,0.0,Under way using engine
2026-09-26T05:29:25Z,219002177,54.935988,11.371995,0.0,Under way using engine
2026-09-26T05:29:27Z,219000809,54.897362,11.431372,9.0,Under way using engine
2026-09-26T05:29:29Z,219000811,54.838715,11.491818,0.0,Under way using engine
2026-09-26T05:29:55Z,219002177,54.935985,11.371993,0.0,Under way using engine
2026-09-26T05:29:59Z,219000809,54.896778,11.433452,9.0,Under way using engine
2026-09-26T05:29:59Z,219000811,54.838717,11.491818,0.0,Under way using engine
2026-09-26T05:30:25Z,219002177,54.935975,11.371975,0.2,Under way using engine
2026-09-26T05:30:29Z,219000811,54.838718,11.491815,0.0,Under way using engine
2026-09-26T05:30:38Z,219000809,54.896085,11.435983,9.0,Under way using engine
2026-09-26T05:30:55Z,219002177,54.935825,11.371867,1.8,Under way using engine
2026-09-26T05:30:59Z,219000811,54.838717,11.491815,0.0,Under way using engine
2026-09-26T05:31:09Z,219000809,54.895525,11.437980,8.9,Under way using engine
2026-09-26T05:31:25Z,219002177,54.935470,11.371560,3.2,Under way using engine
2026-09-26T05:31:30Z,219000811,54.838717,11.491817,0.0,Under way using engine
2026-09-26T05:31:47Z,219000809,54.894745,11.440327,8.9,Under way using engine
2026-09-26T05:31:55Z,219002177,54.934988,11.371182,4.0,Under way using engine
2026-09-26T05:32:10Z,219000811,54.838713,11.491813,0.0,Under way using engine
2026-09-26T05:32:18Z,219000809,54.894048,11.442252,8.9,Under way using engine
2026-09-26T05:32:25Z,219002177,54.934382,11.370977,4.6,Under way using engine
2026-09-26T05:32:50Z,219000811,54.838712,11.491813,0.0,Under way using engine
2026-09-26T05:32:55Z,219002177,54.933712,11.370895,5.0,Under way using engine
2026-09-26T05:32:59Z,219000809,54.893188,11.444712,9.0,Under way using engine
2026-09-26T05:33:20Z,219000811,54.838708,11.491812,0.0,Under way using engine
2026-09-26T05:33:25Z,219002177,54.932997,11.370848,5.2,Under way using engine
2026-09-26T05:33:37Z,219000809,54.892355,11.447040,9.0,Under way using engine
2026-09-26T05:33:50Z,219000811,54.838707,11.491815,0.0,Under way using engine
2026-09-26T05:33:55Z,219002177,54.932253,11.370860,5.4,Under way using engine
2026-09-26T05:34:09Z,219000809,54.891587,11.448963,9.1,Under way using engine
2026-09-26T05:34:20Z,219000811,54.838705,11.491817,0.0,Under way using engine
2026-09-26T05:34:25Z,219002177,54.931490,11.370880,5.5,Under way using engine
2026-09-26T05:34:47Z,219000809,54.890648,11.451220,9.1,Under way using engine
2026-09-26T05:34:50Z,219000811,54.838707,11.491820,0.0,Under way using engine
2026-09-26T05:34:55Z,219002177,54.930720,11.370932,5.6,Under way using engine
2026-09-26T05:35:18Z,219000809,54.889803,11.453043,9.1,Under way using engine
2026-09-26T05:35:20Z,219000811,54.838708,11.491820,0.0,Under way using engine
2026-09-26T05:35:25Z,219002177,54.929945,11.370945,5.6,Under way using engine
2026-09-26T05:35:50Z,219000811,54.838710,11.491818,0.0,Under way using engine
2026-09-26T05:35:57Z,219000809,54.888763,11.455155,9.1,Under way using engine
2026-09-26T05:36:05Z,219002177,54.928912,11.371075,5.6,Under way using engine
2026-09-26T05:36:20Z,219000811,54.838708,11.491810,0.0,Under way using engine
2026-09-26T05:36:28Z,219000809,54.887850,11.456752,9.0,Under way using engine
2026-09-26T05:36:35Z,219002177,54.928138,11.371118,5.6,Under way using engine
2026-09-26T05:36:50Z,219000811,54.838710,11.491805,0.0,Under way using engine
2026-09-26T05:37:05Z,219002177,54.927368,11.371102,5.5,Under way using engine
2026-09-26T05:37:09Z,219000809,54.886627,11.458850,9.0,Under way using engine
2026-09-26T05:37:20Z,219000811,54.838715,11.491803,0.0,Under way using engine
2026-09-26T05:37:35Z,219002177,54.926600,11.371127,5.6,Under way using engine
2026-09-26T05:37:47Z,219000809,54.885522,11.460793,9.0,Under way using engine
2026-09-26T05:37:50Z,219000811,54.838715,11.491807,0.0,Under way using engine
2026-09-26T05:38:05Z,219002177,54.925827,11.371175,5.6,Under way using engine
2026-09-26T05:38:18Z,219000809,54.884623,11.462350,8.9,Under way using engine
2026-09-26T05:38:20Z,219000811,54.838715,11.491813,0.0,Under way using engine
2026-09-26T05:38:35Z,219002177,54.925060,11.371227,5.6,Under way using engine
2026-09-26T05:38:50Z,219000811,54.838713,11.491817,0.0,Under way using engine
2026-09-26T05:38:58Z,219000809,54.883497,11.464473,9.0,Under way using engine
2026-09-26T05:39:13Z,219002177,54.924072,11.371295,5.6,Under way using engine
2026-09-26T05:39:20Z,219000811,54.838713,11.491820,0.0,Under way using engine
2026-09-26T05:39:28Z,219000809,54.882742,11.466202,9.0,Under way using engine
2026-09-26T05:39:43Z,219002177,54.923292,11.371342,5.7,Under way using engine
2026-09-26T05:39:50Z,219000811,54.838712,11.491823,0.0,Under way using engine
2026-09-26T05:39:58Z,219000809,54.882098,11.468063,9.0,Under way using engine
2026-09-26T05:40:13Z,219002177,54.922512,11.371365,5.6,Under way using engine
2026-09-26T05:40:20Z,219000811,54.838713,11.491828,0.0,Under way using engine
2026-09-26T05:40:28Z,219000809,54.881533,11.469997,9.0,Under way using engine
2026-09-26T05:40:43Z,219002177,54.921730,11.371385,5.6,Under way using engine
2026-09-26T05:40:50Z,219000811,54.838715,11.491830,0.0,Under way using engine
2026-09-26T05:40:58Z,219000809,54.880992,11.471957,9.0,Under way using engine
2026-09-26T05:41:13Z,219002177,54.920952,11.371400,5.6,Under way using engine
2026-09-26T05:41:20Z,219000811,54.838718,11.491830,0.0,Under way using engine
2026-09-26T05:41:28Z,219000809,54.880533,11.473958,8.9,Under way using engine
2026-09-26T05:41:43Z,219002177,54.920180,11.371400,5.6,Under way using engine
2026-09-26T05:41:58Z,219000809,54.880103,11.475967,8.9,Under way using engine
2026-09-26T05:41:58Z,219000811,54.838722,11.491822,0.0,Under way using engine
2026-09-26T05:42:13Z,219002177,54.919408,11.371365,5.6,Under way using engine
2026-09-26T05:42:28Z,219000809,54.879957,11.478083,8.8,Under way using engine
2026-09-26T05:42:29Z,219000811,54.838718,11.491813,0.0,Under way using engine
2026-09-26T05:42:43Z,219002177,54.918638,11.371278,5.5,Under way using engine
2026-09-26T05:42:58Z,219000809,54.880468,11.479933,8.6,Under way using engine
2026-09-26T05:43:10Z,219000811,54.838717,11.491812,0.0,Under way using engine
2026-09-26T05:43:13Z,219002177,54.917880,11.371095,5.5,Under way using engine
2026-09-26T05:43:28Z,219000809,54.881263,11.481430,8.3,Under way using engine
2026-09-26T05:43:43Z,219002177,54.917198,11.370628,5.1,Under way using engine
2026-09-26T05:43:48Z,219000811,54.838720,11.491818,0.0,Under way using engine
2026-09-26T05:43:58Z,219000809,54.882020,11.482630,7.0,Under way using engine
2026-09-26T05:44:14Z,219002177,54.916893,11.369622,4.6,Under way using engine
2026-09-26T05:44:20Z,219000811,54.838722,11.491822,0.0,Under way using engine
2026-09-26T05:44:29Z,219000809,54.882888,11.483138,6.1,Under way using engine
2026-09-26T05:44:49Z,219002177,54.916785,11.368498,5.0,Under way using engine
2026-09-26T05:44:59Z,219000811,54.838722,11.491820,0.0,Under way using engine
2026-09-26T05:45:07Z,219000809,54.883828,11.483247,4.0,Under way using engine
2026-09-26T05:45:24Z,219002177,54.916598,11.366842,5.2,Under way using engine
2026-09-26T05:45:29Z,219000811,54.838722,11.491817,0.0,Under way using engine
2026-09-26T05:45:39Z,219000809,54.884112,11.483277,1.3,Under way using engine
2026-09-26T05:45:55Z,219002177,54.916485,11.365525,5.4,Under way using engine
2026-09-26T05:45:59Z,219000811,54.838723,11.491818,0.0,Under way using engine
2026-09-26T05:46:18Z,219000809,54.884258,11.483267,0.7,Under way using engine
2026-09-26T05:46:29Z,219000811,54.838718,11.491815,0.0,Under way using engine
2026-09-26T05:46:34Z,219002177,54.916392,11.363845,5.4,Under way using engine
2026-09-26T05:46:57Z,219000809,54.884320,11.483242,0.1,Under way using engine
2026-09-26T05:46:59Z,219000811,54.838717,11.491817,0.0,Under way using engine
2026-09-26T05:47:04Z,219002177,54.916345,11.362538,5.4,Under way using engine
2026-09-26T05:47:29Z,219000809,54.884328,11.483235,0.0,Under way using engine
2026-09-26T05:47:29Z,219000811,54.838715,11.491815,0.0,Under way using engine
2026-09-26T05:47:34Z,219002177,54.916363,11.361477,3.9,Under way using engine
2026-09-26T05:47:59Z,219000811,54.838717,11.491815,0.0,Under way using engine
2026-09-26T05:48:04Z,219002177,54.916373,11.360878,2.0,Under way using engine
2026-09-26T05:48:09Z,219000809,54.884318,11.483233,0.0,Under way using engine
2026-09-26T05:48:34Z,219002177,54.916365,11.360595,0.9,Under way using engine
2026-09-26T05:48:39Z,219000809,54.884322,11.483240,0.0,Under way using engine
2026-09-26T05:48:39Z,219000811,54.838718,11.491812,0.0,Under way using engine
2026-09-26T05:49:04Z,219002177,54.916363,11.360592,0.0,Under way using engine
2026-09-26T05:49:09Z,219000809,54.884320,11.483233,0.0,Under way using engine
2026-09-26T05:49:10Z,219000811,54.838720,11.491813,0.0,Under way using engine
2026-09-26T05:49:34Z,219002177,54.916365,11.360577,0.0,Under way using engine
2026-09-26T05:49:39Z,219000809,54.884320,11.483233,0.0,Under way using engine
2026-09-26T05:49:50Z,219000811,54.838720,11.491817,0.0,Under way using engine
2026-09-26T05:50:04Z,219002177,54.916362,11.360565,0.0,Under way using engine
2026-09-26T05:50:09Z,219000809,54.884318,11.483230,0.0,Under way using engine
2026-09-26T05:50:28Z,219000811,54.838718,11.491823,0.0,Under way using engine
2026-09-26T05:50:34Z,219002177,54.916357,11.360592,0.0,Under way using engine
2026-09-26T05:50:39Z,219000809,54.884322,11.483237,0.0,Under way using engine
2026-09-26T05:50:59Z,219000811,54.838715,11.491822,0.0,Under way using engine
2026-09-26T05:51:04Z,219002177,54.916353,11.360592,0.0,Under way using engine
2026-09-26T05:51:09Z,219000809,54.884325,11.483238,0.0,Under way using engine
2026-09-26T05:51:34Z,219002177,54.916357,11.360575,0.0,Under way using engine
2026-09-26T05:51:39Z,219000809,54.884328,11.483233,0.0,Under way using engine
2026-09-26T05:51:39Z,219000811,54.838712,11.491822,0.0,Under way using engine
2026-09-26T05:52:09Z,219000809,54.884323,11.483228,0.0,Under way using engine
2026-09-26T05:52:10Z,219000811,54.838710,11.491822,0.0,Under way using engine
2026-09-26T05:52:15Z,219002177,54.916363,11.360578,0.0,Under way using engine
2026-09-26T05:52:40Z,219000811,54.838708,11.491820,0.0,Under way using engine
2026-09-26T05:52:48Z,219000809,54.884318,11.483222,0.0,Under way using engine
2026-09-26T05:52:54Z,219002177,54.916357,11.360572,0.0,Under way using engine
2026-09-26T05:53:10Z,219000811,54.838707,11.491818,0.0,Under way using engine
2026-09-26T05:53:24Z,219002177,54.916355,11.360570,0.0,Under way using engine
2026-09-26T05:53:28Z,219000809,54.884317,11.483215,0.0,Under way using engine
2026-09-26T05:53:40Z,219000811,54.838707,11.491818,0.0,Under way using engine
2026-09-26T05:53:54Z,219002177,54.916353,11.360573,0.0,Under way using engine
2026-09-26T05:53:58Z,219000809,54.884318,11.483222,0.0,Under way using engine
2026-09-26T05:54:10Z,219000811,54.838712,11.491820,0.0,Under way using engine
2026-09-26T05:54:24Z,219002177,54.916352,11.360560,0.0,Under way using engine
2026-09-26T05:54:28Z,219000809,54.884323,11.483218,0.0,Under way using engine
2026-09-26T05:54:40Z,219000811,54.838713,11.491820,0.0,Under way using engine
2026-09-26T05:54:54Z,219002177,54.916342,11.360552,0.0,Under way using engine
2026-09-26T05:54:58Z,219000809,54.884257,11.483232,1.1,Under way using engine
2026-09-26T05:55:19Z,219000811,54.838720,11.491820,0.0,Under way using engine
2026-09-26T05:55:24Z,219002177,54.916348,11.360553,0.0,Under way using engine
2026-09-26T05:55:28Z,219000809,54.883832,11.483388,3.9,Under way using engine
2026-09-26T05:55:50Z,219000811,54.838720,11.491820,0.0,Under way using engine
2026-09-26T05:55:54Z,219002177,54.916357,11.360553,0.0,Under way using engine
2026-09-26T05:55:58Z,219000809,54.883350,11.483708,2.7,Under way using engine
2026-09-26T05:56:24Z,219002177,54.916365,11.360553,0.0,Under way using engine
2026-09-26T05:56:28Z,219000809,54.883068,11.483550,3.6,Under way using engine
2026-09-26T05:56:29Z,219000811,54.838725,11.491823,0.0,Under way using engine
2026-09-26T05:56:54Z,219002177,54.916362,11.360542,0.0,Under way using engine
2026-09-26T05:56:58Z,219000809,54.882355,11.482723,7.0,Under way using engine
2026-09-26T05:57:00Z,219000811,54.838723,11.491822,0.0,Under way using engine
2026-09-26T05:57:24Z,219002177,54.916357,11.360548,0.0,Under way using engine
2026-09-26T05:57:29Z,219000809,54.881503,11.481480,8.0,Under way using engine
2026-09-26T05:57:38Z,219000811,54.838723,11.491817,0.0,Under way using engine
2026-09-26T05:57:59Z,219000809,54.880658,11.480108,8.4,Under way using engine
2026-09-26T05:58:05Z,219002177,54.916353,11.360547,0.0,Under way using engine
2026-09-26T05:58:09Z,219000811,54.838723,11.491815,0.0,Under way using engine
2026-09-26T05:58:29Z,219000809,54.880075,11.478435,8.1,Under way using engine
2026-09-26T05:58:44Z,219002177,54.916353,11.360545,0.0,Under way using engine
2026-09-26T05:58:50Z,219000811,54.838718,11.491813,0.0,Under way using engine
2026-09-26T05:58:59Z,219000809,54.880085,11.476473,8.2,Under way using engine
2026-09-26T05:59:14Z,219002177,54.916353,11.360550,0.0,Under way using engine
2026-09-26T05:59:29Z,219000809,54.880352,11.474522,8.4,Under way using engine
2026-09-26T05:59:29Z,219000811,54.838718,11.491815,0.0,Under way using engine
2026-09-26T05:59:44Z,219002177,54.916348,11.360540,0.0,Under way using engine
2026-09-26T05:59:59Z,219000809,54.880703,11.472595,8.4,Under way using engine
2026-09-26T06:00:00Z,219000811,54.838720,11.491815,0.0,Under way using engine
2026-09-26T06:00:14Z,219002177,54.916352,11.360570,0.2,Under way using engine
2026-09-26T06:00:29Z,219000809,54.881028,11.470632,8.5,Under way using engine
2026-09-26T06:00:39Z,219000811,54.838725,11.491818,0.0,Under way using engine
2026-09-26T06:00:44Z,219002177,54.916328,11.361007,2.5,Under way using engine
2026-09-26T06:00:59Z,219000809,54.881390,11.468672,8.6,Under way using engine
2026-09-26T06:01:09Z,219000811,54.838732,11.491827,0.0,Under way using engine
2026-09-26T06:01:25Z,219002177,54.916300,11.362295,4.5,Under way using engine
2026-09-26T06:01:29Z,219000809,54.881787,11.466717,8.6,Under way using engine
2026-09-26T06:01:50Z,219000811,54.838732,11.491823,0.0,Under way using engine
2026-09-26T06:01:59Z,219000809,54.882442,11.465040,8.5,Under way using engine
2026-09-26T06:02:05Z,219002177,54.916360,11.363942,5.4,Under way using engine
2026-09-26T06:02:20Z,219000811,54.838730,11.491820,0.0,Under way using engine
2026-09-26T06:02:38Z,219000809,54.883587,11.463210,8.8,Under way using engine
2026-09-26T06:02:44Z,219002177,54.916498,11.365733,5.9,Under way using engine
2026-09-26T06:02:50Z,219000811,54.838728,11.491818,0.0,Under way using engine
2026-09-26T06:03:14Z,219002177,54.916633,11.367167,6.1,Under way using engine
2026-09-26T06:03:17Z,219000809,54.884733,11.461332,8.7,Under way using engine
2026-09-26T06:03:20Z,219000811,54.838723,11.491818,0.0,Under way using engine
2026-09-26T06:03:44Z,219002177,54.916778,11.368627,6.2,Under way using engine
2026-09-26T06:03:49Z,219000809,54.885687,11.459793,8.8,Under way using engine
2026-09-26T06:03:50Z,219000811,54.838718,11.491817,0.0,Under way using engine
2026-09-26T06:04:20Z,219000811,54.838718,11.491817,0.0,Under way using engine
2026-09-26T06:04:25Z,219002177,54.917090,11.370585,6.1,Under way using engine
2026-09-26T06:04:28Z,219000809,54.886828,11.457885,8.8,Under way using engine
2026-09-26T06:04:50Z,219000811,54.838718,11.491815,0.0,Under way using engine
2026-09-26T06:04:55Z,219002177,54.917630,11.371533,5.3,Under way using engine
2026-09-26T06:04:59Z,219000809,54.887677,11.456298,8.8,Under way using engine
2026-09-26T06:05:20Z,219000811,54.838718,11.491810,0.0,Under way using engine
2026-09-26T06:05:25Z,219002177,54.918348,11.371693,5.4,Under way using engine
2026-09-26T06:05:38Z,219000809,54.888752,11.454312,8.7,Under way using engine
2026-09-26T06:05:50Z,219000811,54.838722,11.491813,0.0,Under way using engine
2026-09-26T06:05:55Z,219002177,54.919132,11.371775,5.8,Under way using engine
2026-09-26T06:06:18Z,219000809,54.889808,11.452202,8.7,Under way using engine
2026-09-26T06:06:20Z,219000811,54.838723,11.491813,0.0,Under way using engine
2026-09-26T06:06:25Z,219002177,54.919957,11.371858,6.0,Under way using engine
2026-09-26T06:06:49Z,219000809,54.890570,11.450495,8.7,Under way using engine
2026-09-26T06:06:50Z,219000811,54.838723,11.491815,0.0,Under way using engine
2026-09-26T06:06:55Z,219002177,54.920805,11.371813,6.2,Under way using engine
2026-09-26T06:07:20Z,219000811,54.838723,11.491815,0.0,Under way using engine
2026-09-26T06:07:25Z,219002177,54.921693,11.371818,6.4,Under way using engine
2026-09-26T06:07:28Z,219000809,54.891563,11.448315,8.7,Under way using engine
2026-09-26T06:07:50Z,219000811,54.838722,11.491817,0.0,Under way using engine
2026-09-26T06:07:55Z,219002177,54.922605,11.371828,6.6,Under way using engine
2026-09-26T06:07:59Z,219000809,54.892322,11.446692,8.7,Under way using engine
2026-09-26T06:08:20Z,219000811,54.838720,11.491817,0.0,Under way using engine
2026-09-26T06:08:25Z,219002177,54.923508,11.371823,6.6,Under way using engine
2026-09-26T06:08:38Z,219000809,54.893287,11.444542,8.7,Under way using engine
2026-09-26T06:08:50Z,219000811,54.838720,11.491817,0.0,Under way using engine
2026-09-26T06:08:55Z,219002177,54.924445,11.371840,6.7,Under way using engine
2026-09-26T06:09:17Z,219000809,54.894250,11.442377,8.8,Under way using engine
2026-09-26T06:09:25Z,219002177,54.925385,11.371855,6.8,Under way using engine
2026-09-26T06:09:29Z,219000811,54.838722,11.491817,0.0,Under way using engine
2026-09-26T06:09:47Z,219000809,54.894980,11.440660,8.9,Under way using engine
2026-09-26T06:09:59Z,219000811,54.838722,11.491818,0.0,Under way using engine
2026-09-26T06:10:04Z,219002177,54.926597,11.371833,6.8,Under way using engine
2026-09-26T06:10:17Z,219000809,54.895715,11.438958,8.9,Under way using engine
2026-09-26T06:10:29Z,219000811,54.838722,11.491818,0.0,Under way using engine
2026-09-26T06:10:44Z,219002177,54.927853,11.371785,6.8,Under way using engine
2026-09-26T06:10:47Z,219000809,54.896430,11.437247,8.8,Under way using engine
2026-09-26T06:10:59Z,219000811,54.838722,11.491817,0.0,Under way using engine
2026-09-26T06:11:14Z,219002177,54.928807,11.371775,6.8,Under way using engine
2026-09-26T06:11:17Z,219000809,54.897067,11.435468,8.7,Under way using engine
2026-09-26T06:11:29Z,219000811,54.838720,11.491812,0.0,Under way using engine
2026-09-26T06:11:44Z,219002177,54.929740,11.371733,6.8,Under way using engine
2026-09-26T06:11:47Z,219000809,54.897593,11.433590,8.7,Under way using engine
2026-09-26T06:11:59Z,219000811,54.838720,11.491810,0.0,Under way using engine
2026-09-26T06:12:14Z,219002177,54.930697,11.371693,6.8,Under way using engine
2026-09-26T06:12:17Z,219000809,54.898155,11.431718,8.7,Under way using engine
2026-09-26T06:12:29Z,219000811,54.838720,11.491810,0.0,Under way using engine
2026-09-26T06:12:44Z,219002177,54.931625,11.371598,6.7,Under way using engine
2026-09-26T06:12:47Z,219000809,54.898653,11.429793,8.7,Under way using engine
2026-09-26T06:12:59Z,219000811,54.838720,11.491815,0.0,Under way using engine
2026-09-26T06:13:17Z,219000809,54.899132,11.427860,8.7,Under way using engine
2026-09-26T06:13:25Z,219002177,54.932892,11.371458,6.7,Under way using engine
2026-09-26T06:13:29Z,219000811,54.838720,11.491815,0.0,Under way using engine
2026-09-26T06:13:49Z,219000809,54.899658,11.425812,8.8,Under way using engine
2026-09-26T06:14:04Z,219002177,54.934082,11.371357,6.5,Under way using engine
2026-09-26T06:14:10Z,219000811,54.838718,11.491813,0.0,Under way using engine
2026-09-26T06:14:27Z,219000809,54.900287,11.423378,8.7,Under way using engine
2026-09-26T06:14:34Z,219002177,54.934930,11.371418,5.8,Under way using engine
2026-09-26T06:14:40Z,219000811,54.838718,11.491813,0.0,Under way using engine
2026-09-26T06:14:57Z,219000809,54.900798,11.421470,8.7,Under way using engine
2026-09-26T06:15:10Z,219000811,54.838718,11.491818,0.0,Under way using engine
2026-09-26T06:15:14Z,219002177,54.935663,11.371705,2.7,Under way using engine
2026-09-26T06:15:27Z,219000809,54.901288,11.419540,8.8,Under way using engine
2026-09-26T06:15:40Z,219000811,54.838720,11.491818,0.0,Under way using engine
2026-09-26T06:15:44Z,219002177,54.935865,11.371893,1.3,Under way using engine
2026-09-26T06:15:57Z,219000809,54.901787,11.417613,8.8,Under way using engine
2026-09-26T06:16:10Z,219000811,54.838720,11.491815,0.0,Under way using engine
2026-09-26T06:16:14Z,219002177,54.935965,11.372000,0.5,Under way using engine
2026-09-26T06:16:27Z,219000809,54.902285,11.415707,8.8,Under way using engine
2026-09-26T06:16:40Z,219000811,54.838722,11.491818,0.0,Under way using engine
2026-09-26T06:16:44Z,219002177,54.935970,11.371990,0.0,Under way using engine
2026-09-26T06:16:57Z,219000809,54.902778,11.413765,8.8,Under way using engine
2026-09-26T06:17:10Z,219000811,54.838723,11.491818,0.0,Under way using engine
2026-09-26T06:17:14Z,219002177,54.935977,11.372000,0.0,Under way using engine
2026-09-26T06:17:27Z,219000809,54.903287,11.411875,8.7,Under way using engine
2026-09-26T06:17:40Z,219000811,54.838725,11.491820,0.0,Under way using engine
2026-09-26T06:17:44Z,219002177,54.935978,11.372012,0.0,Under way using engine
2026-09-26T06:17:57Z,219000809,54.903793,11.409912,8.7,Under way using engine
2026-09-26T06:18:10Z,219000811,54.838723,11.491817,0.0,Under way using engine
2026-09-26T06:18:14Z,219002177,54.935972,11.372000,0.0,Under way using engine
2026-09-26T06:18:27Z,219000809,54.904288,11.408087,8.7,Under way using engine
2026-09-26T06:18:40Z,219000811,54.838723,11.491820,0.0,Under way using engine
2026-09-26T06:18:44Z,219002177,54.935968,11.372002,0.0,Under way using engine
2026-09-26T06:18:57Z,219000809,54.904795,11.406132,8.7,Under way using engine
2026-09-26T06:19:10Z,219000811,54.838722,11.491823,0.0,Under way using engine
2026-09-26T06:19:14Z,219002177,54.935963,11.372000,0.1,Under way using engine
2026-09-26T06:19:28Z,219000809,54.905283,11.404238,8.7,Under way using engine
2026-09-26T06:19:40Z,219000811,54.838722,11.491825,0.0,Under way using engine
2026-09-26T06:19:44Z,219002177,54.935967,11.372002,0.0,Under way using engine
2026-09-26T06:20:07Z,219000809,54.905788,11.402353,8.6,Under way using engine
2026-09-26T06:20:10Z,219000811,54.838722,11.491823,0.0,Under way using engine
2026-09-26T06:20:14Z,219002177,54.936005,11.372030,0.1,Under way using engine
2026-09-26T06:20:37Z,219000809,54.906457,11.399845,8.6,Under way using engine
2026-09-26T06:20:40Z,219000811,54.838722,11.491822,0.0,Under way using engine
2026-09-26T06:20:44Z,219002177,54.935968,11.372002,0.0,Under way using engine
2026-09-26T06:21:07Z,219000809,54.907017,11.398083,8.7,Under way using engine
2026-09-26T06:21:10Z,219000811,54.838723,11.491822,0.0,Under way using engine
2026-09-26T06:21:14Z,219002177,54.935980,11.371975,0.0,Under way using engine
2026-09-26T06:21:38Z,219000809,54.907645,11.396220,8.7,Under way using engine
2026-09-26T06:21:40Z,219000811,54.838725,11.491820,0.0,Under way using engine
2026-09-26T06:21:44Z,219002177,54.935968,11.371995,0.0,Under way using engine
2026-09-26T06:22:10Z,219000811,54.838723,11.491820,0.0,Under way using engine
2026-09-26T06:22:14Z,219002177,54.935957,11.371995,0.0,Under way using engine
2026-09-26T06:22:18Z,219000809,54.908413,11.393778,8.7,Under way using engine
2026-09-26T06:22:40Z,219000811,54.838723,11.491820,0.0,Under way using engine
2026-09-26T06:22:44Z,219002177,54.935972,11.371995,0.0,Under way using engine
2026-09-26T06:22:49Z,219000809,54.909017,11.391882,8.7,Under way using engine
2026-09-26T06:23:10Z,219000811,54.838723,11.491822,0.0,Under way using engine
2026-09-26T06:23:14Z,219002177,54.935975,11.372008,0.0,Under way using engine
2026-09-26T06:23:28Z,219000809,54.909757,11.389478,8.7,Under way using engine
2026-09-26T06:23:40Z,219000811,54.838723,11.491820,0.0,Under way using engine
2026-09-26T06:23:54Z,219002177,54.935962,11.372007,0.0,Under way using engine
2026-09-26T06:23:58Z,219000809,54.910338,11.387623,8.8,Under way using engine
2026-09-26T06:24:10Z,219000811,54.838722,11.491818,0.0,Under way using engine
2026-09-26T06:24:25Z,219002177,54.935960,11.372007,0.0,Under way using engine
2026-09-26T06:24:28Z,219000809,54.910905,11.385767,8.8,Under way using engine
2026-09-26T06:24:40Z,219000811,54.838723,11.491817,0.0,Under way using engine
2026-09-26T06:24:58Z,219000809,54.911580,11.384020,8.8,Under way using engine
2026-09-26T06:25:05Z,219002177,54.935975,11.371998,0.0,Under way using engine
2026-09-26T06:25:10Z,219000811,54.838720,11.491817,0.0,Under way using engine
2026-09-26T06:25:28Z,219000809,54.912340,11.382367,8.8,Under way using engine
2026-09-26T06:25:43Z,219002177,54.935982,11.372005,0.0,Under way using engine
2026-09-26T06:25:49Z,219000811,54.838718,11.491820,0.0,Under way using engine
2026-09-26T06:25:58Z,219000809,54.913102,11.380697,8.8,Under way using engine
2026-09-26T06:26:15Z,219002177,54.935967,11.371993,0.0,Under way using engine
2026-09-26T06:26:19Z,219000811,54.838718,11.491820,0.0,Under way using engine
2026-09-26T06:26:38Z,219000809,54.914093,11.378453,8.8,Under way using engine
2026-09-26T06:26:49Z,219000811,54.838718,11.491820,0.0,Under way using engine
2026-09-26T06:26:51Z,219002177,54.935960,11.371990,0.0,Under way using engine
2026-09-26T06:27:19Z,219000809,54.915110,11.376168,8.8,Under way using engine
2026-09-26T06:27:19Z,219000811,54.838720,11.491817,0.0,Under way using engine
2026-09-26T06:27:25Z,219002177,54.935960,11.371990,0.0,Under way using engine
2026-09-26T06:27:49Z,219000811,54.838718,11.491815,0.0,Under way using engine
2026-09-26T06:27:58Z,219000809,54.916007,11.373927,8.7,Under way using engine
2026-09-26T06:28:05Z,219002177,54.935962,11.371982,0.0,Under way using engine
2026-09-26T06:28:19Z,219000811,54.838718,11.491813,0.0,Under way using engine
2026-09-26T06:28:38Z,219000809,54.916543,11.371333,8.3,Under way using engine
2026-09-26T06:28:43Z,219002177,54.935973,11.371982,0.0,Under way using engine
2026-09-26T06:28:49Z,219000811,54.838718,11.491813,0.0,Under way using engine
2026-09-26T06:29:15Z,219002177,54.935973,11.371997,0.0,Under way using engine
2026-09-26T06:29:18Z,219000809,54.916607,11.368678,8.6,Under way using engine
2026-09-26T06:29:19Z,219000811,54.838718,11.491815,0.0,Under way using engine
2026-09-26T06:29:48Z,219000809,54.916522,11.366605,8.6,Under way using engine
2026-09-26T06:29:49Z,219000811,54.838718,11.491813,0.0,Under way using engine
2026-09-26T06:29:53Z,219002177,54.935953,11.372002,0.0,Under way using engine
2026-09-26T06:30:18Z,219000809,54.916425,11.364640,7.8,Under way using engine
2026-09-26T06:30:19Z,219000811,54.838717,11.491817,0.0,Under way using engine
2026-09-26T06:30:25Z,219002177,54.935932,11.371963,0.5,Under way using engine
2026-09-26T06:30:48Z,219000809,54.916313,11.362910,7.0,Under way using engine
2026-09-26T06:30:49Z,219000811,54.838717,11.491820,0.0,Under way using engine
2026-09-26T06:31:05Z,219002177,54.935600,11.371688,2.7,Under way using engine
2026-09-26T06:31:18Z,219000809,54.916225,11.361395,6.0,Under way using engine
2026-09-26T06:31:19Z,219000811,54.838715,11.491823,0.0,Under way using engine
2026-09-26T06:31:44Z,219002177,54.935008,11.371257,4.1,Under way using engine
2026-09-26T06:31:48Z,219000809,54.915982,11.360612,2.2,Under way using engine
2026-09-26T06:31:49Z,219000811,54.838715,11.491825,0.0,Under way using engine
2026-09-26T06:32:18Z,219000809,54.915978,11.360477,0.9,Under way using engine
2026-09-26T06:32:19Z,219000811,54.838713,11.491827,0.0,Under way using engine
2026-09-26T06:32:25Z,219002177,54.934115,11.371172,5.0,Under way using engine
2026-09-26T06:32:48Z,219000809,54.916013,11.360238,0.9,Under way using engine
2026-09-26T06:32:49Z,219000811,54.838713,11.491827,0.0,Under way using engine
2026-09-26T06:33:03Z,219002177,54.933180,11.371103,5.5,Under way using engine
2026-09-26T06:33:19Z,219000809,54.916065,11.360118,0.5,Under way using engine
2026-09-26T06:33:29Z,219000811,54.838717,11.491828,0.0,Under way using engine
2026-09-26T06:33:34Z,219002177,54.932362,11.371132,5.8,Under way using engine
2026-09-26T06:33:59Z,219000809,54.916075,11.360060,0.0,Under way using engine
2026-09-26T06:34:00Z,219000811,54.838720,11.491828,0.0,Under way using engine
2026-09-26T06:34:13Z,219002177,54.931280,11.371175,6.0,Under way using engine
2026-09-26T06:34:29Z,219000809,54.916075,11.360050,0.0,Under way using engine
2026-09-26T06:34:40Z,219000811,54.838720,11.491828,0.0,Under way using engine
2026-09-26T06:34:44Z,219002177,54.930423,11.371217,6.0,Under way using engine
2026-09-26T06:34:59Z,219000809,54.916073,11.360045,0.0,Under way using engine
2026-09-26T06:35:18Z,219000811,54.838722,11.491830,0.0,Under way using engine
2026-09-26T06:35:25Z,219002177,54.929282,11.371272,6.1,Under way using engine
2026-09-26T06:35:29Z,219000809,54.916078,11.360047,0.0,Under way using engine
2026-09-26T06:35:50Z,219000811,54.838722,11.491833,0.0,Under way using engine
2026-09-26T06:35:55Z,219002177,54.928428,11.371317,6.1,Under way using engine
2026-09-26T06:35:59Z,219000809,54.916083,11.360047,0.0,Under way using engine
2026-09-26T06:36:25Z,219002177,54.927580,11.371372,6.1,Under way using engine
2026-09-26T06:36:29Z,219000809,54.916075,11.360058,0.0,Under way using engine
2026-09-26T06:36:29Z,219000811,54.838723,11.491833,0.0,Under way using engine
2026-09-26T06:36:55Z,219002177,54.926738,11.371425,6.1,Under way using engine
2026-09-26T06:36:59Z,219000809,54.916085,11.360060,0.0,Under way using engine
2026-09-26T06:36:59Z,219000811,54.838725,11.491832,0.0,Under way using engine
2026-09-26T06:37:25Z,219002177,54.925892,11.371488,6.1,Under way using engine
2026-09-26T06:37:29Z,219000811,54.838725,11.491828,0.0,Under way using engine
2026-09-26T06:37:37Z,219000809,54.916080,11.360068,0.0,Under way using engine
2026-09-26T06:37:55Z,219002177,54.925042,11.371543,6.1,Under way using engine
2026-09-26T06:37:59Z,219000811,54.838725,11.491830,0.0,Under way using engine
2026-09-26T06:38:08Z,219000809,54.916085,11.360063,0.0,Under way using engine
2026-09-26T06:38:29Z,219000811,54.838725,11.491830,0.0,Under way using engine
2026-09-26T06:38:33Z,219002177,54.923970,11.371612,6.1,Under way using engine
2026-09-26T06:38:48Z,219000809,54.916087,11.360057,0.0,Under way using engine
2026-09-26T06:38:59Z,219000811,54.838725,11.491830,0.0,Under way using engine
2026-09-26T06:39:04Z,219002177,54.923090,11.371663,6.2,Under way using engine
2026-09-26T06:39:18Z,219000809,54.916088,11.360065,0.0,Under way using engine
2026-09-26T06:39:29Z,219000811,54.838725,11.491832,0.0,Under way using engine
2026-09-26T06:39:43Z,219002177,54.921980,11.371702,6.2,Under way using engine
2026-09-26T06:39:48Z,219000809,54.916085,11.360065,0.0,Under way using engine
2026-09-26T06:39:59Z,219000811,54.838720,11.491830,0.0,Under way using engine
2026-09-26T06:40:15Z,219002177,54.921068,11.371715,6.1,Under way using engine
2026-09-26T06:40:18Z,219000809,54.916080,11.360067,0.0,Under way using engine
2026-09-26T06:40:40Z,219000811,54.838718,11.491825,0.0,Under way using engine
2026-09-26T06:40:48Z,219000809,54.916070,11.360063,0.0,Under way using engine
2026-09-26T06:40:55Z,219002177,54.919938,11.371675,6.1,Under way using engine
2026-09-26T06:41:18Z,219000809,54.916070,11.360068,0.0,Under way using engine
2026-09-26T06:41:20Z,219000811,54.838718,11.491822,0.0,Under way using engine
2026-09-26T06:41:33Z,219002177,54.918880,11.371597,6.0,Under way using engine
2026-09-26T06:41:48Z,219000809,54.916073,11.360068,0.0,Under way using engine
2026-09-26T06:41:50Z,219000811,54.838717,11.491818,0.0,Under way using engine
2026-09-26T06:42:04Z,219002177,54.918052,11.371368,5.9,Under way using engine
2026-09-26T06:42:18Z,219000809,54.916080,11.360060,0.0,Under way using engine
2026-09-26T06:42:20Z,219000811,54.838717,11.491818,0.0,Under way using engine
2026-09-26T06:42:44Z,219002177,54.917140,11.370567,5.3,Under way using engine
2026-09-26T06:42:48Z,219000809,54.916087,11.360063,0.0,Under way using engine
2026-09-26T06:42:50Z,219000811,54.838718,11.491820,0.0,Under way using engine
2026-09-26T06:43:14Z,219002177,54.916837,11.369457,5.1,Under way using engine
2026-09-26T06:43:18Z,219000809,54.916073,11.360065,0.0,Under way using engine
2026-09-26T06:43:20Z,219000811,54.838720,11.491822,0.0,Under way using engine
2026-09-26T06:43:44Z,219002177,54.916733,11.368203,5.3,Under way using engine
2026-09-26T06:43:48Z,219000809,54.916073,11.360062,0.0,Under way using engine
2026-09-26T06:43:50Z,219000811,54.838720,11.491822,0.0,Under way using engine
2026-09-26T06:44:14Z,219002177,54.916635,11.366905,5.5,Under way using engine
2026-09-26T06:44:18Z,219000809,54.916067,11.360070,0.0,Under way using engine
2026-09-26T06:44:20Z,219000811,54.838718,11.491820,0.0,Under way using engine
2026-09-26T06:44:44Z,219002177,54.916520,11.365577,5.6,Under way using engine
2026-09-26T06:44:48Z,219000809,54.916060,11.360065,0.0,Under way using engine
2026-09-26T06:44:50Z,219000811,54.838718,11.491820,0.0,Under way using engine
2026-09-26T06:45:14Z,219002177,54.916418,11.364232,5.6,Under way using engine
2026-09-26T06:45:18Z,219000809,54.916070,11.360055,0.0,Under way using engine
2026-09-26T06:45:20Z,219000811,54.838720,11.491818,0.0,Under way using engine
2026-09-26T06:45:44Z,219002177,54.916358,11.362938,5.5,Under way using engine
2026-09-26T06:45:48Z,219000809,54.916067,11.360060,0.0,Under way using engine
2026-09-26T06:45:50Z,219000811,54.838720,11.491817,0.0,Under way using engine
2026-09-26T06:46:15Z,219002177,54.916363,11.361722,4.2,Under way using engine
2026-09-26T06:46:18Z,219000809,54.916060,11.360055,0.0,Under way using engine
2026-09-26T06:46:30Z,219000811,54.838720,11.491815,0.0,Under way using engine
2026-09-26T06:46:48Z,219000809,54.916067,11.360052,0.0,Under way using engine
2026-09-26T06:46:53Z,219002177,54.916367,11.360898,2.0,Under way using engine
2026-09-26T06:47:10Z,219000811,54.838720,11.491813,0.0,Under way using engine
2026-09-26T06:47:18Z,219000809,54.916067,11.360057,0.0,Under way using engine
2026-09-26T06:47:23Z,219002177,54.916360,11.360608,0.9,Under way using engine
2026-09-26T06:47:48Z,219000809,54.916062,11.360053,0.0,Under way using engine
2026-09-26T06:47:50Z,219000811,54.838720,11.491812,0.0,Under way using engine
2026-09-26T06:47:53Z,219002177,54.916362,11.360550,0.0,Under way using engine
2026-09-26T06:48:18Z,219000809,54.916070,11.360055,0.0,Under way using engine
2026-09-26T06:48:22Z,219000811,54.838720,11.491813,0.0,Under way using engine
2026-09-26T06:48:23Z,219002177,54.916360,11.360553,0.0,Under way using engine
2026-09-26T06:48:48Z,219000809,54.916077,11.360055,0.0,Under way using engine
2026-09-26T06:48:53Z,219002177,54.916358,11.360557,0.0,Under way using engine
2026-09-26T06:48:58Z,219000811,54.838717,11.491815,0.0,Under way using engine
2026-09-26T06:49:18Z,219000809,54.916077,11.360050,0.0,Under way using engine
2026-09-26T06:49:23Z,219002177,54.916355,11.360572,0.0,Under way using engine
2026-09-26T06:49:30Z,219000811,54.838715,11.491817,0.0,Under way using engine
2026-09-26T06:49:48Z,219000809,54.916077,11.360052,0.0,Under way using engine
2026-09-26T06:49:53Z,219002177,54.916365,11.360563,0.0,Under way using engine
2026-09-26T06:50:10Z,219000811,54.838717,11.491820,0.0,Under way using engine
2026-09-26T06:50:18Z,219000809,54.916073,11.360052,0.0,Under way using engine
2026-09-26T06:50:23Z,219002177,54.916373,11.360568,0.0,Under way using engine
2026-09-26T06:50:48Z,219000809,54.916068,11.360040,0.0,Under way using engine
2026-09-26T06:50:49Z,219000811,54.838718,11.491822,0.0,Under way using engine
2026-09-26T06:50:53Z,219002177,54.916378,11.360560,0.0,Under way using engine
2026-09-26T06:51:18Z,219000809,54.916068,11.360043,0.0,Under way using engine
2026-09-26T06:51:23Z,219002177,54.916373,11.360547,0.0,Under way using engine
2026-09-26T06:51:30Z,219000811,54.838718,11.491820,0.0,Under way using engine
2026-09-26T06:51:48Z,219000809,54.916072,11.360045,0.0,Under way using engine
2026-09-26T06:51:54Z,219002177,54.916372,11.360555,0.0,Under way using engine
2026-09-26T06:52:09Z,219000811,54.838718,11.491817,0.0,Under way using engine
2026-09-26T06:52:28Z,219000809,54.916067,11.360203,1.5,Under way using engine
2026-09-26T06:52:34Z,219002177,54.916368,11.360548,0.0,Under way using engine
2026-09-26T06:52:39Z,219000811,54.838720,11.491817,0.0,Under way using engine
2026-09-26T06:52:58Z,219000809,54.916108,11.361380,6.3,Under way using engine
2026-09-26T06:53:05Z,219002177,54.916372,11.360543,0.0,Under way using engine
2026-09-26T06:53:09Z,219000811,54.838720,11.491815,0.0,Under way using engine
2026-09-26T06:53:28Z,219000809,54.916252,11.363192,8.2,Under way using engine
2026-09-26T06:53:39Z,219000811,54.838722,11.491815,0.0,Under way using engine
2026-09-26T06:53:44Z,219002177,54.916360,11.360548,0.0,Under way using engine
2026-09-26T06:53:58Z,219000809,54.916375,11.365323,8.8,Under way using engine
2026-09-26T06:54:09Z,219000811,54.838722,11.491815,0.0,Under way using engine
2026-09-26T06:54:23Z,219002177,54.916368,11.360530,0.0,Under way using engine
2026-09-26T06:54:28Z,219000809,54.916538,11.367378,9.0,Under way using engine
2026-09-26T06:54:39Z,219000811,54.838723,11.491813,0.0,Under way using engine
2026-09-26T06:54:54Z,219002177,54.916362,11.360535,0.0,Under way using engine
2026-09-26T06:54:58Z,219000809,54.916692,11.369637,9.2,Under way using engine
2026-09-26T06:55:09Z,219000811,54.838723,11.491812,0.0,Under way using engine
2026-09-26T06:55:28Z,219000809,54.916847,11.371752,9.1,Under way using engine
2026-09-26T06:55:34Z,219002177,54.916387,11.360533,0.0,Under way using engine
2026-09-26T06:55:39Z,219000811,54.838725,11.491810,0.0,Under way using engine
2026-09-26T06:55:58Z,219000809,54.916487,11.373757,8.6,Under way using engine
2026-09-26T06:56:04Z,219002177,54.916368,11.360550,0.0,Under way using engine
2026-09-26T06:56:09Z,219000811,54.838725,11.491810,0.0,Under way using engine
2026-09-26T06:56:28Z,219000809,54.915772,11.375448,9.1,Under way using engine
2026-09-26T06:56:34Z,219002177,54.916352,11.360567,0.0,Under way using engine
2026-09-26T06:56:39Z,219000811,54.838727,11.491812,0.0,Under way using engine
2026-09-26T06:56:58Z,219000809,54.914975,11.377292,9.3,Under way using engine
2026-09-26T06:57:04Z,219002177,54.916362,11.360560,0.0,Under way using engine
2026-09-26T06:57:09Z,219000811,54.838725,11.491812,0.0,Under way using engine
2026-09-26T06:57:28Z,219000809,54.914232,11.379015,9.3,Under way using engine
2026-09-26T06:57:34Z,219002177,54.916363,11.360555,0.0,Under way using engine
2026-09-26T06:57:39Z,219000811,54.838725,11.491813,0.0,Under way using engine
2026-09-26T06:58:04Z,219002177,54.916363,11.360555,0.0,Under way using engine
2026-09-26T06:58:07Z,219000809,54.913225,11.381370,9.3,Under way using engine
2026-09-26T06:58:09Z,219000811,54.838723,11.491815,0.0,Under way using engine
2026-09-26T06:58:34Z,219002177,54.916363,11.360550,0.0,Under way using engine
2026-09-26T06:58:37Z,219000809,54.912448,11.383238,9.3,Under way using engine
2026-09-26T06:58:39Z,219000811,54.838723,11.491815,0.0,Under way using engine
2026-09-26T06:59:04Z,219002177,54.916358,11.360560,0.0,Under way using engine
2026-09-26T06:59:07Z,219000809,54.911705,11.384987,9.3,Under way using engine
2026-09-26T06:59:09Z,219000811,54.838722,11.491815,0.0,Under way using engine
2026-09-26T06:59:34Z,219002177,54.916367,11.360553,0.0,Under way using engine
2026-09-26T06:59:37Z,219000809,54.910915,11.386857,9.3,Under way using engine
2026-09-26T06:59:39Z,219000811,54.838722,11.491813,0.0,Under way using engine
2026-09-26T07:00:04Z,219002177,54.916355,11.360570,0.0,Under way using engine
2026-09-26T07:00:08Z,219000809,54.910133,11.388658,9.3,Under way using engine
2026-09-26T07:00:09Z,219000811,54.838722,11.491812,0.0,Under way using engine
2026-09-26T07:00:34Z,219002177,54.916365,11.360555,0.0,Under way using engine
2026-09-26T07:00:39Z,219000811,54.838725,11.491815,0.0,Under way using engine
2026-09-26T07:00:49Z,219000809,54.909177,11.391222,9.4,Under way using engine
2026-09-26T07:01:09Z,219000811,54.838727,11.491817,0.0,Under way using engine
2026-09-26T07:01:25Z,219002177,54.916373,11.360543,0.0,Under way using engine
2026-09-26T07:01:29Z,219000809,54.908362,11.393855,9.3,Under way using engine
2026-09-26T07:01:39Z,219000811,54.838727,11.491820,0.0,Under way using engine
2026-09-26T07:02:04Z,219002177,54.916365,11.360567,0.0,Under way using engine
2026-09-26T07:02:08Z,219000809,54.908148,11.396668,8.9,Under way using engine
2026-09-26T07:02:09Z,219000811,54.838727,11.491822,0.0,Under way using engine
2026-09-26T07:02:34Z,219002177,54.916362,11.360557,0.0,Under way using engine
2026-09-26T07:02:39Z,219000811,54.838725,11.491827,0.0,Under way using engine
2026-09-26T07:02:48Z,219000809,54.908995,11.399152,9.2,Under way using engine
2026-09-26T07:03:04Z,219002177,54.916363,11.360553,0.0,Under way using engine
2026-09-26T07:03:09Z,219000811,54.838722,11.491830,0.0,Under way using engine
2026-09-26T07:03:18Z,219000809,54.909720,11.401007,9.3,Under way using engine
2026-09-26T07:03:34Z,219002177,54.916342,11.360567,0.0,Under way using engine
2026-09-26T07:03:39Z,219000811,54.838720,11.491830,0.0,Under way using engine
2026-09-26T07:03:48Z,219000809,54.910482,11.402835,9.4,Under way using engine
2026-09-26T07:04:05Z,219002177,54.916363,11.360538,0.0,Under way using engine
2026-09-26T07:04:09Z,219000811,54.838720,11.491830,0.0,Under way using engine
2026-09-26T07:04:18Z,219000809,54.911310,11.404562,9.3,Under way using engine
2026-09-26T07:04:39Z,219000811,54.838722,11.491828,0.0,Under way using engine
2026-09-26T07:04:45Z,219002177,54.916347,11.360552,0.0,Under way using engine
2026-09-26T07:04:48Z,219000809,54.912085,11.406350,9.3,Under way using engine
2026-09-26T07:05:18Z,219000809,54.912870,11.408132,9.3,Under way using engine
2026-09-26T07:05:20Z,219000811,54.838723,11.491822,0.0,Under way using engine
2026-09-26T07:05:24Z,219002177,54.916353,11.360555,0.1,Under way using engine
2026-09-26T07:05:48Z,219000809,54.913660,11.409910,9.3,Under way using engine
2026-09-26T07:05:55Z,219002177,54.916348,11.360647,0.8,Under way using engine
2026-09-26T07:05:59Z,219000811,54.838722,11.491818,0.0,Under way using engine
2026-09-26T07:06:18Z,219000809,54.914437,11.411707,9.4,Under way using engine
2026-09-26T07:06:29Z,219000811,54.838720,11.491818,0.0,Under way using engine
2026-09-26T07:06:45Z,219002177,54.916328,11.361668,3.4,Under way using engine
2026-09-26T07:06:58Z,219000809,54.915495,11.414048,9.3,Under way using engine
2026-09-26T07:06:59Z,219000811,54.838718,11.491818,0.0,Under way using engine
2026-09-26T07:07:15Z,219002177,54.916278,11.362697,4.3,Under way using engine
2026-09-26T07:07:28Z,219000809,54.916313,11.415770,9.2,Under way using engine
2026-09-26T07:07:29Z,219000811,54.838718,11.491818,0.0,Under way using engine
2026-09-26T07:07:45Z,219002177,54.916353,11.363808,4.9,Under way using engine
2026-09-26T07:07:58Z,219000809,54.917107,11.417495,9.3,Under way using engine
2026-09-26T07:07:59Z,219000811,54.838720,11.491820,0.0,Under way using engine
2026-09-26T07:08:15Z,219002177,54.916425,11.365063,5.3,Under way using engine
2026-09-26T07:08:28Z,219000809,54.917928,11.419198,9.3,Under way using engine
2026-09-26T07:08:29Z,219000811,54.838722,11.491818,0.0,Under way using engine
2026-09-26T07:08:45Z,219002177,54.916483,11.366388,5.6,Under way using engine
2026-09-26T07:08:58Z,219000809,54.918730,11.420928,9.2,Under way using engine
2026-09-26T07:08:59Z,219000811,54.838723,11.491817,0.0,Under way using engine
2026-09-26T07:09:15Z,219002177,54.916627,11.367733,5.7,Under way using engine
2026-09-26T07:09:28Z,219000809,54.919563,11.422642,9.2,Under way using engine
2026-09-26T07:09:29Z,219000811,54.838725,11.491817,0.0,Under way using engine
2026-09-26T07:09:45Z,219002177,54.916778,11.369115,5.9,Under way using engine
2026-09-26T07:09:59Z,219000811,54.838727,11.491820,0.0,Under way using engine
2026-09-26T07:10:07Z,219000809,54.920568,11.424922,9.3,Under way using engine
2026-09-26T07:10:15Z,219002177,54.916970,11.370455,5.6,Under way using engine
2026-09-26T07:10:30Z,219000811,54.838730,11.491822,0.0,Under way using engine
2026-09-26T07:10:38Z,219000809,54.921418,11.426693,9.2,Under way using engine
2026-09-26T07:10:45Z,219002177,54.917450,11.371133,4.2,Under way using engine
2026-09-26T07:11:08Z,219000811,54.838728,11.491822,0.0,Under way using engine
2026-09-26T07:11:15Z,219002177,54.918040,11.371142,4.5,Under way using engine
2026-09-26T07:11:18Z,219000809,54.922472,11.429002,9.2,Under way using engine
2026-09-26T07:11:40Z,219000811,54.838727,11.491820,0.0,Under way using engine
2026-09-26T07:11:45Z,219002177,54.918702,11.371177,4.9,Under way using engine
2026-09-26T07:11:57Z,219000809,54.923507,11.431297,8.9,Under way using engine
2026-09-26T07:12:15Z,219002177,54.919405,11.371217,5.1,Under way using engine
2026-09-26T07:12:19Z,219000811,54.838725,11.491820,0.0,Under way using engine
2026-09-26T07:12:38Z,219000809,54.924545,11.433613,9.3,Under way using engine
2026-09-26T07:12:45Z,219002177,54.920140,11.371225,5.3,Under way using engine
2026-09-26T07:12:49Z,219000811,54.838727,11.491820,0.0,Under way using engine
2026-09-26T07:13:15Z,219002177,54.920910,11.371240,5.5,Under way using engine
2026-09-26T07:13:18Z,219000809,54.925608,11.435937,9.2,Under way using engine
2026-09-26T07:13:19Z,219000811,54.838725,11.491818,0.0,Under way using engine
2026-09-26T07:13:45Z,219002177,54.921670,11.371270,5.7,Under way using engine
2026-09-26T07:13:48Z,219000809,54.926400,11.437672,9.2,Under way using engine
2026-09-26T07:13:49Z,219000811,54.838723,11.491818,0.0,Under way using engine
2026-09-26T07:14:15Z,219002177,54.922463,11.371300,5.7,Under way using engine
2026-09-26T07:14:18Z,219000809,54.927195,11.439397,9.1,Under way using engine
2026-09-26T07:14:19Z,219000811,54.838722,11.491822,0.0,Under way using engine
2026-09-26T07:14:45Z,219002177,54.923268,11.371332,5.8,Under way using engine
2026-09-26T07:14:48Z,219000809,54.927980,11.441107,9.1,Under way using engine
2026-09-26T07:14:49Z,219000811,54.838723,11.491822,0.0,Under way using engine
2026-09-26T07:15:18Z,219000809,54.928772,11.442818,9.1,Under way using engine
2026-09-26T07:15:19Z,219000811,54.838723,11.491823,0.0,Under way using engine
2026-09-26T07:15:24Z,219002177,54.924328,11.371413,5.9,Under way using engine
2026-09-26T07:15:48Z,219000809,54.929538,11.444553,9.1,Under way using engine
2026-09-26T07:15:49Z,219000811,54.838725,11.491822,0.0,Under way using engine
2026-09-26T07:15:54Z,219002177,54.925145,11.371475,5.9,Under way using engine
2026-09-26T07:16:18Z,219000809,54.930315,11.446227,8.8,Under way using engine
2026-09-26T07:16:19Z,219000811,54.838723,11.491820,0.0,Under way using engine
2026-09-26T07:16:24Z,219002177,54.925968,11.371552,6.0,Under way using engine
2026-09-26T07:16:48Z,219000809,54.931102,11.447933,9.2,Under way using engine
2026-09-26T07:16:49Z,219000811,54.838723,11.491822,0.0,Under way using engine
2026-09-26T07:16:55Z,219002177,54.926820,11.371632,6.0,Under way using engine
2026-09-26T07:17:19Z,219000811,54.838723,11.491825,0.0,Under way using engine
2026-09-26T07:17:29Z,219000809,54.932110,11.450385,9.2,Under way using engine
2026-09-26T07:17:35Z,219002177,54.927928,11.371717,6.0,Under way using engine
2026-09-26T07:17:49Z,219000811,54.838723,11.491825,0.0,Under way using engine
2026-09-26T07:18:07Z,219000809,54.932862,11.452845,8.9,Under way using engine
2026-09-26T07:18:14Z,219002177,54.929010,11.371748,6.0,Under way using engine
2026-09-26T07:18:19Z,219000811,54.838723,11.491825,0.0,Under way using engine
2026-09-26T07:18:38Z,219000809,54.933390,11.454587,7.5,Under way using engine
2026-09-26T07:18:44Z,219002177,54.929847,11.371743,6.0,Under way using engine
2026-09-26T07:18:59Z,219000811,54.838723,11.491823,0.0,Under way using engine
2026-09-26T07:19:14Z,219002177,54.930675,11.371733,6.0,Under way using engine
2026-09-26T07:19:17Z,219000809,54.934000,11.456665,7.6,Under way using engine
2026-09-26T07:19:38Z,219000811,54.838723,11.491823,0.0,Under way using engine
2026-09-26T07:19:44Z,219002177,54.931503,11.371700,6.0,Under way using engine
2026-09-26T07:19:49Z,219000809,54.934517,11.458427,7.8,Under way using engine
2026-09-26T07:20:09Z,219000811,54.838728,11.491822,0.0,Under way using engine
2026-09-26T07:20:14Z,219002177,54.932323,11.371635,5.9,Under way using engine
2026-09-26T07:20:27Z,219000809,54.935152,11.460532,7.8,Under way using engine
2026-09-26T07:20:44Z,219002177,54.933137,11.371578,5.9,Under way using engine
2026-09-26T07:20:48Z,219000811,54.838727,11.491820,0.0,Under way using engine
2026-09-26T07:20:59Z,219000809,54.935680,11.462317,7.8,Under way using engine
2026-09-26T07:21:14Z,219002177,54.933948,11.371512,5.8,Under way using engine
2026-09-26T07:21:19Z,219000811,54.838727,11.491818,0.0,Under way using engine
2026-09-26T07:21:37Z,219000809,54.936297,11.464500,7.8,Under way using engine
2026-09-26T07:21:44Z,219002177,54.934722,11.371488,5.5,Under way using engine
2026-09-26T07:21:59Z,219000811,54.838725,11.491818,0.0,Under way using engine
2026-09-26T07:22:08Z,219000809,54.936788,11.466172,7.8,Under way using engine
2026-09-26T07:22:14Z,219002177,54.935342,11.371563,3.9,Under way using engine
2026-09-26T07:22:38Z,219000811,54.838725,11.491822,0.0,Under way using engine
2026-09-26T07:22:44Z,219002177,54.935712,11.371745,2.2,Under way using engine
2026-09-26T07:22:49Z,219000809,54.937508,11.468513,8.2,Under way using engine
2026-09-26T07:23:09Z,219000811,54.838725,11.491820,0.0,Under way using engine
2026-09-26T07:23:19Z,219000809,54.938032,11.470273,8.2,Under way using engine
2026-09-26T07:23:24Z,219002177,54.935925,11.371933,1.0,Under way using engine
2026-09-26T07:23:49Z,219000809,54.938552,11.472047,8.2,Under way using engine
2026-09-26T07:23:49Z,219000811,54.838725,11.491815,0.0,Under way using engine
2026-09-26T07:23:54Z,219002177,54.935965,11.371977,0.1,Under way using engine
2026-09-26T07:24:19Z,219000809,54.939085,11.473808,8.2,Under way using engine
2026-09-26T07:24:20Z,219000811,54.838725,11.491815,0.0,Under way using engine
2026-09-26T07:24:24Z,219002177,54.935973,11.371977,0.0,Under way using engine
2026-09-26T07:24:49Z,219000809,54.939730,11.475323,7.7,Under way using engine
2026-09-26T07:24:54Z,219002177,54.935977,11.371970,0.0,Under way using engine
2026-09-26T07:24:59Z,219000811,54.838727,11.491813,0.0,Under way using engine
2026-09-26T07:25:19Z,219000809,54.940355,11.476743,7.3,Under way using engine
2026-09-26T07:25:24Z,219002177,54.935962,11.371967,0.0,Under way using engine
2026-09-26T07:25:29Z,219000811,54.838728,11.491817,0.0,Under way using engine
2026-09-26T07:25:49Z,219000809,54.940960,11.478072,6.8,Under way using engine
2026-09-26T07:25:54Z,219002177,54.935958,11.371975,0.0,Under way using engine
2026-09-26T07:25:59Z,219000811,54.838728,11.491818,0.0,Under way using engine
2026-09-26T07:26:19Z,219000809,54.941488,11.479282,6.1,Under way using engine
2026-09-26T07:26:24Z,219002177,54.935953,11.371990,0.0,Under way using engine
2026-09-26T07:26:29Z,219000811,54.838727,11.491818,0.0,Under way using engine
2026-09-26T07:26:49Z,219000809,54.942013,11.480502,7.0,Under way using engine
2026-09-26T07:26:54Z,219002177,54.935957,11.371958,0.0,Under way using engine
2026-09-26T07:26:59Z,219000811,54.838725,11.491817,0.0,Under way using engine
2026-09-26T07:27:19Z,219000809,54.942668,11.482007,8.0,Under way using engine
2026-09-26T07:27:29Z,219000811,54.838723,11.491817,0.0,Under way using engine
2026-09-26T07:27:35Z,219002177,54.935973,11.371947,0.0,Under way using engine
2026-09-26T07:27:49Z,219000809,54.943520,11.483338,8.5,Under way using engine
2026-09-26T07:28:00Z,219000811,54.838723,11.491817,0.0,Under way using engine
2026-09-26T07:28:13Z,219002177,54.935960,11.371963,0.0,Under way using engine
2026-09-26T07:28:19Z,219000809,54.944548,11.484422,8.7,Under way using engine
2026-09-26T07:28:30Z,219000811,54.838720,11.491820,0.0,Under way using engine
2026-09-26T07:28:44Z,219002177,54.935955,11.371985,0.0,Under way using engine
2026-09-26T07:28:49Z,219000809,54.945680,11.485095,8.8,Under way using engine
2026-09-26T07:29:00Z,219000811,54.838720,11.491818,0.0,Under way using engine
2026-09-26T07:29:19Z,219000809,54.946853,11.485605,8.7,Under way using engine
2026-09-26T07:29:24Z,219002177,54.935965,11.371982,0.0,Under way using engine
2026-09-26T07:29:30Z,219000811,54.838718,11.491822,0.0,Under way using engine
2026-09-26T07:29:49Z,219000809,54.948025,11.486120,8.7,Under way using engine
2026-09-26T07:29:54Z,219002177,54.935973,11.371978,0.0,Under way using engine
2026-09-26T07:30:00Z,219000811,54.838717,11.491822,0.0,Under way using engine
2026-09-26T07:30:19Z,219000809,54.949205,11.486652,8.8,Under way using engine
2026-09-26T07:30:24Z,219002177,54.935963,11.371960,0.2,Under way using engine
2026-09-26T07:30:30Z,219000811,54.838718,11.491817,0.0,Under way using engine
2026-09-26T07:30:49Z,219000809,54.950392,11.487132,8.8,Under way using engine
2026-09-26T07:31:00Z,219000811,54.838720,11.491820,0.0,Under way using engine
2026-09-26T07:31:03Z,219002177,54.935728,11.371772,2.5,Under way using engine
2026-09-26T07:31:19Z,219000809,54.951575,11.487598,8.8,Under way using engine
2026-09-26T07:31:34Z,219002177,54.935250,11.371348,4.3,Under way using engine
2026-09-26T07:31:39Z,219000811,54.838723,11.491822,0.0,Under way using engine
2026-09-26T07:31:49Z,219000809,54.952772,11.488105,8.8,Under way using engine
2026-09-26T07:32:10Z,219000811,54.838728,11.491818,0.0,Under way using engine
2026-09-26T07:32:13Z,219002177,54.934348,11.371093,5.6,Under way using engine
2026-09-26T07:32:19Z,219000809,54.953960,11.488553,8.7,Under way using engine
2026-09-26T07:32:44Z,219002177,54.933462,11.371122,6.4,Under way using engine
2026-09-26T07:32:49Z,219000809,54.955155,11.489027,8.8,Under way using engine
2026-09-26T07:32:50Z,219000811,54.838723,11.491818,0.0,Under way using engine
2026-09-26T07:33:20Z,219000811,54.838728,11.491818,0.0,Under way using engine
2026-09-26T07:33:24Z,219002177,54.932217,11.371068,6.8,Under way using engine
2026-09-26T07:33:29Z,219000809,54.956667,11.489617,8.3,Under way using engine
2026-09-26T07:33:50Z,219000811,54.838730,11.491817,0.0,Under way using engine
2026-09-26T07:33:59Z,219000809,54.957847,11.490100,8.8,Under way using engine
2026-09-26T07:34:03Z,219002177,54.930960,11.371178,7.1,Under way using engine
2026-09-26T07:34:20Z,219000811,54.838730,11.491813,0.0,Under way using engine
2026-09-26T07:34:29Z,219000809,54.959013,11.490573,8.7,Under way using engine
2026-09-26T07:34:34Z,219002177,54.929935,11.371227,7.2,Under way using engine
2026-09-26T07:34:50Z,219000811,54.838727,11.491815,0.0,Under way using engine
2026-09-26T07:34:59Z,219000809,54.960167,11.491085,8.6,Under way using engine
2026-09-26T07:35:04Z,219002177,54.928930,11.371283,7.2,Under way using engine
2026-09-26T07:35:20Z,219000811,54.838728,11.491812,0.0,Under way using engine
2026-09-26T07:35:29Z,219000809,54.961338,11.491755,8.8,Under way using engine
2026-09-26T07:35:34Z,219002177,54.927975,11.371320,7.3,Under way using engine
2026-09-26T07:35:50Z,219000811,54.838725,11.491815,0.0,Under way using engine
2026-09-26T07:35:59Z,219000809,54.962428,11.492727,8.9,Under way using engine
2026-09-26T07:36:04Z,219002177,54.926943,11.371410,7.2,Under way using engine
2026-09-26T07:36:20Z,219000811,54.838720,11.491818,0.0,Under way using engine
2026-09-26T07:36:29Z,219000809,54.963492,11.493787,8.8,Under way using engine
2026-09-26T07:36:34Z,219002177,54.925943,11.371487,7.3,Under way using engine
2026-09-26T07:36:50Z,219000811,54.838713,11.491820,0.0,Under way using engine
2026-09-26T07:36:59Z,219000809,54.964542,11.494813,8.7,Under way using engine
2026-09-26T07:37:04Z,219002177,54.924937,11.371550,7.2,Under way using engine
2026-09-26T07:37:20Z,219000811,54.838720,11.491818,0.0,Under way using engine
2026-09-26T07:37:29Z,219000809,54.965618,11.495875,9.0,Under way using engine
2026-09-26T07:37:34Z,219002177,54.923923,11.371622,7.2,Under way using engine
2026-09-26T07:37:50Z,219000811,54.838722,11.491820,0.0,Under way using engine
2026-09-26T07:38:04Z,219002177,54.922923,11.371682,7.2,Under way using engine
2026-09-26T07:38:08Z,219000809,54.966988,11.497463,9.0,Under way using engine
2026-09-26T07:38:20Z,219000811,54.838722,11.491823,0.0,Under way using engine
2026-09-26T07:38:34Z,219002177,54.921928,11.371723,7.2,Under way using engine
2026-09-26T07:38:38Z,219000809,54.968002,11.498690,9.0,Under way using engine
2026-09-26T07:38:50Z,219000811,54.838723,11.491825,0.0,Under way using engine
2026-09-26T07:39:04Z,219002177,54.920932,11.371750,7.2,Under way using engine
2026-09-26T07:39:17Z,219000809,54.969340,11.500307,9.0,Under way using engine
2026-09-26T07:39:20Z,219000811,54.838720,11.491825,0.0,Under way using engine
2026-09-26T07:39:34Z,219002177,54.919948,11.371757,7.1,Under way using engine
2026-09-26T07:39:47Z,219000809,54.970338,11.501563,9.0,Under way using engine
2026-09-26T07:39:50Z,219000811,54.838720,11.491823,0.0,Under way using engine
2026-09-26T07:40:04Z,219002177,54.918965,11.371752,7.0,Under way using engine
2026-09-26T07:40:17Z,219000809,54.971263,11.503015,9.0,Under way using engine
2026-09-26T07:40:20Z,219000811,54.838720,11.491822,0.0,Under way using engine
2026-09-26T07:40:34Z,219002177,54.918017,11.371553,6.9,Under way using engine
2026-09-26T07:40:47Z,219000809,54.972020,11.504718,8.9,Under way using engine
2026-09-26T07:40:50Z,219000811,54.838717,11.491820,0.0,Under way using engine
2026-09-26T07:41:04Z,219002177,54.917182,11.370895,6.4,Under way using engine
2026-09-26T07:41:20Z,219000811,54.838715,11.491822,0.0,Under way using engine
2026-09-26T07:41:27Z,219000809,54.972247,11.507413,8.6,Under way using engine
2026-09-26T07:41:34Z,219002177,54.916798,11.369677,5.8,Under way using engine
2026-09-26T07:41:50Z,219000811,54.838713,11.491825,0.0,Under way using engine
2026-09-26T07:41:58Z,219000809,54.972072,11.509437,7.8,Under way using engine
2026-09-26T07:42:04Z,219002177,54.916667,11.368273,5.9,Under way using engine
2026-09-26T07:42:20Z,219000811,54.838712,11.491827,0.0,Under way using engine
2026-09-26T07:42:35Z,219002177,54.916567,11.366765,6.1,Under way using engine
2026-09-26T07:42:38Z,219000809,54.971927,11.511535,5.9,Under way using engine
2026-09-26T07:42:50Z,219000811,54.838715,11.491827,0.0,Under way using engine
2026-09-26T07:43:15Z,219002177,54.916450,11.364818,5.9,Under way using engine
2026-09-26T07:43:19Z,219000809,54.971913,11.513160,4.2,Under way using engine
2026-09-26T07:43:29Z,219000811,54.838718,11.491827,0.0,Under way using engine
2026-09-26T07:43:54Z,219002177,54.916340,11.363063,5.5,Under way using engine
2026-09-26T07:43:58Z,219000809,54.971908,11.514107,2.5,Under way using engine
2026-09-26T07:44:00Z,219000811,54.838718,11.491827,0.0,Under way using engine
2026-09-26T07:44:35Z,219002177,54.916377,11.361542,3.9,Under way using engine
2026-09-26T07:44:38Z,219000809,54.971915,11.514517,0.6,Under way using engine
2026-09-26T07:44:40Z,219000811,54.838715,11.491827,0.0,Under way using engine
2026-09-26T07:45:15Z,219002177,54.916377,11.360778,1.7,Under way using engine
2026-09-26T07:45:19Z,219000809,54.971935,11.514558,0.2,Under way using engine
2026-09-26T07:45:19Z,219000811,54.838720,11.491823,0.0,Under way using engine
2026-09-26T07:45:49Z,219000811,54.838725,11.491818,0.0,Under way using engine
2026-09-26T07:45:53Z,219002177,54.916403,11.360540,0.3,Under way using engine
2026-09-26T07:45:57Z,219000809,54.971935,11.514570,0.0,Under way using engine
2026-09-26T07:46:19Z,219000811,54.838722,11.491820,0.0,Under way using engine
2026-09-26T07:46:23Z,219002177,54.916385,11.360535,0.0,Under way using engine
2026-09-26T07:46:27Z,219000809,54.971943,11.514562,0.0,Under way using engine
2026-09-26T07:46:49Z,219000811,54.838723,11.491817,0.0,Under way using engine
2026-09-26T07:46:53Z,219002177,54.916388,11.360558,0.0,Under way using engine
2026-09-26T07:46:57Z,219000809,54.971932,11.514573,0.0,Under way using engine
2026-09-26T07:47:19Z,219000811,54.838727,11.491817,0.0,Under way using engine
2026-09-26T07:47:24Z,219002177,54.916377,11.360550,0.0,Under way using engine
2026-09-26T07:47:27Z,219000809,54.971925,11.514565,0.0,Under way using engine
2026-09-26T07:47:49Z,219000811,54.838730,11.491815,0.0,Under way using engine
2026-09-26T07:47:57Z,219000809,54.971943,11.514578,0.0,Under way using engine
2026-09-26T07:48:05Z,219002177,54.916373,11.360555,0.0,Under way using engine
2026-09-26T07:48:19Z,219000811,54.838733,11.491813,0.0,Under way using engine
2026-09-26T07:48:28Z,219000809,54.971928,11.514578,0.0,Under way using engine
2026-09-26T07:48:44Z,219002177,54.916375,11.360553,0.0,Under way using engine
2026-09-26T07:48:49Z,219000811,54.838735,11.491812,0.0,Under way using engine
2026-09-26T07:49:08Z,219000809,54.971932,11.514590,0.0,Under way using engine
2026-09-26T07:49:14Z,219002177,54.916390,11.360545,0.0,Under way using engine
2026-09-26T07:49:19Z,219000811,54.838735,11.491813,0.0,Under way using engine
2026-09-26T07:49:39Z,219000809,54.971940,11.514560,0.1,Under way using engine
2026-09-26T07:49:44Z,219002177,54.916368,11.360558,0.0,Under way using engine
2026-09-26T07:49:50Z,219000811,54.838740,11.491807,0.0,Under way using engine
2026-09-26T07:50:09Z,219000809,54.971955,11.514545,0.0,Under way using engine
2026-09-26T07:50:14Z,219002177,54.916377,11.360558,0.0,Under way using engine
2026-09-26T07:50:20Z,219000811,54.838738,11.491805,0.0,Under way using engine
2026-09-26T07:50:39Z,219000809,54.971908,11.514583,0.1,Under way using engine
2026-09-26T07:50:50Z,219000811,54.838737,11.491803,0.0,Under way using engine
2026-09-26T07:50:53Z,219002177,54.916348,11.360557,0.0,Under way using engine
2026-09-26T07:51:19Z,219000809,54.971940,11.514567,0.0,Under way using engine
2026-09-26T07:51:20Z,219000811,54.838738,11.491803,0.0,Under way using engine
2026-09-26T07:51:24Z,219002177,54.916360,11.360575,0.0,Under way using engine
2026-09-26T07:51:50Z,219000811,54.838743,11.491803,0.0,Under way using engine
2026-09-26T07:51:54Z,219002177,54.916367,11.360592,0.1,Under way using engine
2026-09-26T07:51:58Z,219000809,54.971927,11.514587,0.0,Under way using engine
2026-09-26T07:52:20Z,219000811,54.838743,11.491803,0.0,Under way using engine
2026-09-26T07:52:24Z,219002177,54.916365,11.360583,0.0,Under way using engine
2026-09-26T07:52:28Z,219000809,54.971953,11.514547,0.1,Under way using engine
2026-09-26T07:52:50Z,219000811,54.838742,11.491803,0.0,Under way using engine
2026-09-26T07:52:54Z,219002177,54.916327,11.360615,0.1,Under way using engine
2026-09-26T07:52:58Z,219000809,54.971885,11.514608,0.1,Under way using engine
2026-09-26T07:53:20Z,219000811,54.838742,11.491802,0.0,Under way using engine
2026-09-26T07:53:24Z,219002177,54.916350,11.360560,0.0,Under way using engine
2026-09-26T07:53:28Z,219000809,54.971892,11.514577,0.1,Under way using engine
2026-09-26T07:53:50Z,219000811,54.838747,11.491795,0.0,Under way using engine
2026-09-26T07:53:54Z,219002177,54.916332,11.360583,0.1,Under way using engine
2026-09-26T07:53:58Z,219000809,54.971908,11.514455,1.7,Under way using engine
2026-09-26T07:54:20Z,219000811,54.838747,11.491795,0.0,Under way using engine
2026-09-26T07:54:24Z,219002177,54.916353,11.360560,0.0,Under way using engine
2026-09-26T07:54:38Z,219000809,54.971865,11.513155,3.5,Under way using engine
2026-09-26T07:54:50Z,219000811,54.838745,11.491798,0.0,Under way using engine
2026-09-26T07:54:54Z,219002177,54.916367,11.360570,0.1,Under way using engine
2026-09-26T07:55:08Z,219000809,54.971850,11.512738,2.4,Under way using engine
2026-09-26T07:55:20Z,219000811,54.838747,11.491800,0.0,Under way using engine
2026-09-26T07:55:24Z,219002177,54.916367,11.360562,0.0,Under way using engine
2026-09-26T07:55:38Z,219000809,54.971978,11.511360,6.8,Under way using engine
2026-09-26T07:55:50Z,219000811,54.838740,11.491803,0.0,Under way using engine
2026-09-26T07:55:54Z,219002177,54.916360,11.360553,0.0,Under way using engine
2026-09-26T07:56:08Z,219000809,54.972062,11.509468,8.2,Under way using engine
2026-09-26T07:56:20Z,219000811,54.838737,11.491805,0.0,Under way using engine
2026-09-26T07:56:24Z,219002177,54.916365,11.360565,0.0,Under way using engine
2026-09-26T07:56:38Z,219000809,54.972202,11.507473,8.3,Under way using engine
2026-09-26T07:56:50Z,219000811,54.838735,11.491808,0.0,Under way using engine
2026-09-26T07:56:54Z,219002177,54.916350,11.360563,0.0,Under way using engine
2026-09-26T07:57:08Z,219000809,54.972058,11.505635,7.8,Under way using engine
2026-09-26T07:57:20Z,219000811,54.838732,11.491810,0.0,Under way using engine
2026-09-26T07:57:24Z,219002177,54.916395,11.360577,0.0,Under way using engine
2026-09-26T07:57:38Z,219000809,54.971325,11.504135,8.7,Under way using engine
2026-09-26T07:57:50Z,219000811,54.838730,11.491812,0.0,Under way using engine
2026-09-26T07:57:55Z,219002177,54.916395,11.360575,0.0,Under way using engine
2026-09-26T07:58:08Z,219000809,54.970427,11.502605,9.2,Under way using engine
2026-09-26T07:58:20Z,219000811,54.838727,11.491812,0.0,Under way using engine
2026-09-26T07:58:25Z,219002177,54.916373,11.360568,0.0,Under way using engine
2026-09-26T07:58:38Z,219000809,54.969495,11.501062,9.3,Under way using engine
2026-09-26T07:58:50Z,219000811,54.838728,11.491812,0.0,Under way using engine
2026-09-26T07:58:55Z,219002177,54.916363,11.360567,0.0,Under way using engine
2026-09-26T07:59:08Z,219000809,54.968537,11.499522,9.3,Under way using engine
2026-09-26T07:59:20Z,219000811,54.838727,11.491813,0.0,Under way using engine
2026-09-26T07:59:25Z,219002177,54.916370,11.360570,0.0,Under way using engine
2026-09-26T07:59:38Z,219000809,54.967568,11.498045,9.2,Under way using engine
2026-09-26T07:59:50Z,219000811,54.838725,11.491815,0.0,Under way using engine
2026-09-26T07:59:55Z,219002177,54.916373,11.360563,0.0,Under way using engine
2026-09-26T08:00:08Z,219000809,54.966617,11.496567,9.2,Under way using engine
2026-09-26T08:00:20Z,219000811,54.838727,11.491812,0.0,Under way using engine
2026-09-26T08:00:25Z,219002177,54.916363,11.360562,0.0,Under way using engine
2026-09-26T08:00:38Z,219000809,54.965665,11.495078,9.2,Under way using engine
2026-09-26T08:00:50Z,219000811,54.838730,11.491813,0.0,Under way using engine
2026-09-26T08:00:55Z,219002177,54.916358,11.360555,0.0,Under way using engine
2026-09-26T08:01:08Z,219000809,54.964697,11.493698,9.0,Under way using engine
2026-09-26T08:01:20Z,219000811,54.838727,11.491815,0.0,Under way using engine
2026-09-26T08:01:25Z,219002177,54.916365,11.360558,0.1,Under way using engine
2026-09-26T08:01:48Z,219000809,54.963252,11.492113,9.2,Under way using engine
2026-09-26T08:01:50Z,219000811,54.838723,11.491817,0.0,Under way using engine
2026-09-26T08:01:55Z,219002177,54.916373,11.360560,0.0,Under way using engine
2026-09-26T08:02:18Z,219000809,54.962098,11.491148,9.3,Under way using engine
2026-09-26T08:02:25Z,219002177,54.916372,11.360577,0.0,Under way using engine
2026-09-26T08:02:30Z,219000811,54.838722,11.491817,0.0,Under way using engine
2026-09-26T08:02:48Z,219000809,54.960842,11.490527,9.5,Under way using engine
2026-09-26T08:02:55Z,219002177,54.916365,11.360548,0.0,Under way using engine
2026-09-26T08:03:09Z,219000811,54.838728,11.491815,0.0,Under way using engine
2026-09-26T08:03:18Z,219000809,54.959547,11.489973,9.3,Under way using engine
2026-09-26T08:03:25Z,219002177,54.916347,11.360537,0.0,Under way using engine
2026-09-26T08:03:50Z,219000811,54.838733,11.491812,0.0,Under way using engine
2026-09-26T08:03:55Z,219002177,54.916347,11.360555,0.0,Under way using engine
2026-09-26T08:04:08Z,219000809,54.957412,11.489082,9.5,Under way using engine
2026-09-26T08:04:25Z,219002177,54.916353,11.360575,0.0,Under way using engine
2026-09-26T08:04:29Z,219000811,54.838733,11.491815,0.0,Under way using engine
2026-09-26T08:04:47Z,219000809,54.955783,11.488310,9.3,Under way using engine
2026-09-26T08:04:59Z,219000811,54.838737,11.491818,0.0,Under way using engine
2026-09-26T08:05:04Z,219002177,54.916365,11.360583,0.0,Under way using engine
2026-09-26T08:05:18Z,219000809,54.954458,11.487675,9.6,Under way using engine
2026-09-26T08:05:29Z,219000811,54.838735,11.491822,0.0,Under way using engine
2026-09-26T08:05:35Z,219002177,54.916360,11.360577,0.1,Under way using engine
2026-09-26T08:05:58Z,219000809,54.952713,11.486805,9.5,Under way using engine
2026-09-26T08:05:59Z,219000811,54.838733,11.491822,0.0,Under way using engine
2026-09-26T08:06:05Z,219002177,54.916330,11.360880,2.1,Under way using engine
2026-09-26T08:06:29Z,219000811,54.838732,11.491820,0.0,Under way using engine
2026-09-26T08:06:35Z,219002177,54.916312,11.361670,3.6,Under way using engine
2026-09-26T08:06:39Z,219000809,54.950998,11.485978,9.4,Under way using engine
2026-09-26T08:06:59Z,219000811,54.838730,11.491820,0.0,Under way using engine
2026-09-26T08:07:14Z,219002177,54.916327,11.363060,4.8,Under way using engine
2026-09-26T08:07:18Z,219000809,54.949370,11.485052,9.4,Under way using engine
2026-09-26T08:07:29Z,219000811,54.838730,11.491822,0.0,Under way using engine
2026-09-26T08:07:54Z,219002177,54.916425,11.364722,5.5,Under way using engine
2026-09-26T08:07:58Z,219000809,54.947732,11.484102,9.4,Under way using engine
2026-09-26T08:07:59Z,219000811,54.838723,11.491812,0.0,Under way using engine
2026-09-26T08:08:25Z,219002177,54.916503,11.366138,5.8,Under way using engine
2026-09-26T08:08:30Z,219000811,54.838725,11.491810,0.0,Under way using engine
2026-09-26T08:08:39Z,219000809,54.946083,11.483022,9.4,Under way using engine
2026-09-26T08:09:03Z,219002177,54.916667,11.367917,6.0,Under way using engine
2026-09-26T08:09:09Z,219000811,54.838735,11.491812,0.0,Under way using engine
2026-09-26T08:09:18Z,219000809,54.944492,11.481983,9.4,Under way using engine
2026-09-26T08:09:35Z,219002177,54.916775,11.369465,6.1,Under way using engine
2026-09-26T08:09:39Z,219000811,54.838745,11.491820,0.0,Under way using engine
2026-09-26T08:09:48Z,219000809,54.943355,11.480935,9.2,Under way using engine
2026-09-26T08:10:09Z,219000811,54.838745,11.491818,0.0,Under way using engine
2026-09-26T08:10:14Z,219002177,54.917127,11.371117,5.3,Under way using engine
2026-09-26T08:10:28Z,219000809,54.942077,11.479008,9.1,Under way using engine
2026-09-26T08:10:39Z,219000811,54.838738,11.491810,0.0,Under way using engine
2026-09-26T08:10:44Z,219002177,54.917735,11.371685,5.0,Under way using engine
2026-09-26T08:10:59Z,219000809,54.941140,11.477410,9.1,Under way using engine
2026-09-26T08:11:09Z,219000811,54.838733,11.491810,0.0,Under way using engine
2026-09-26T08:11:14Z,219002177,54.918423,11.371828,5.1,Under way using engine
2026-09-26T08:11:38Z,219000809,54.940152,11.475180,8.9,Under way using engine
2026-09-26T08:11:39Z,219000811,54.838735,11.491810,0.0,Under way using engine
2026-09-26T08:11:44Z,219002177,54.919148,11.371930,5.3,Under way using engine
2026-09-26T08:12:14Z,219002177,54.919882,11.372013,5.4,Under way using engine
2026-09-26T08:12:17Z,219000809,54.939343,11.472817,8.9,Under way using engine
2026-09-26T08:12:20Z,219000811,54.838732,11.491802,0.0,Under way using engine
2026-09-26T08:12:44Z,219002177,54.920638,11.372072,5.5,Under way using engine
2026-09-26T08:12:48Z,219000809,54.938810,11.470792,8.9,Under way using engine
2026-09-26T08:12:59Z,219000811,54.838732,11.491805,0.0,Under way using engine
2026-09-26T08:13:14Z,219002177,54.921410,11.372077,5.5,Under way using engine
2026-09-26T08:13:28Z,219000809,54.938100,11.468217,8.9,Under way using engine
2026-09-26T08:13:30Z,219000811,54.838730,11.491802,0.0,Under way using engine
2026-09-26T08:13:44Z,219002177,54.922187,11.372088,5.6,Under way using engine
2026-09-26T08:13:59Z,219000809,54.937545,11.466222,9.0,Under way using engine
2026-09-26T08:14:10Z,219000811,54.838727,11.491808,0.0,Under way using engine
2026-09-26T08:14:14Z,219002177,54.922968,11.372118,5.6,Under way using engine
2026-09-26T08:14:38Z,219000809,54.936847,11.463680,9.0,Under way using engine
2026-09-26T08:14:40Z,219000811,54.838723,11.491805,0.0,Under way using engine
2026-09-26T08:14:44Z,219002177,54.923753,11.372145,5.7,Under way using engine
2026-09-26T08:15:10Z,219000811,54.838725,11.491808,0.0,Under way using engine
2026-09-26T08:15:14Z,219002177,54.924542,11.372125,5.7,Under way using engine
2026-09-26T08:15:18Z,219000809,54.936105,11.461073,9.1,Under way using engine
2026-09-26T08:15:40Z,219000811,54.838725,11.491808,0.0,Under way using engine
2026-09-26T08:15:44Z,219002177,54.925328,11.372078,5.8,Under way using engine
2026-09-26T08:15:48Z,219000809,54.935547,11.459127,9.1,Under way using engine
2026-09-26T08:16:10Z,219000811,54.838725,11.491810,0.0,Under way using engine
2026-09-26T08:16:14Z,219002177,54.926132,11.371995,5.8,Under way using engine
2026-09-26T08:16:18Z,219000809,54.934942,11.457217,9.0,Under way using engine
2026-09-26T08:16:44Z,219002177,54.926950,11.371892,5.9,Under way using engine
2026-09-26T08:16:48Z,219000809,54.934225,11.455392,9.2,Under way using engine
2026-09-26T08:16:48Z,219000811,54.838728,11.491818,0.0,Under way using engine
2026-09-26T08:17:18Z,219000809,54.933503,11.453602,9.2,Under way using engine
2026-09-26T08:17:20Z,219000811,54.838725,11.491815,0.0,Under way using engine
2026-09-26T08:17:25Z,219002177,54.928035,11.371818,5.9,Under way using engine
2026-09-26T08:17:59Z,219000809,54.932358,11.451430,9.1,Under way using engine
2026-09-26T08:17:59Z,219000811,54.838723,11.491812,0.0,Under way using engine
2026-09-26T08:18:04Z,219002177,54.929138,11.371757,6.0,Under way using engine
2026-09-26T08:18:30Z,219000811,54.838722,11.491815,0.0,Under way using engine
2026-09-26T08:18:34Z,219002177,54.929968,11.371710,6.0,Under way using engine
2026-09-26T08:18:38Z,219000809,54.931295,11.449120,9.1,Under way using engine
2026-09-26T08:19:05Z,219002177,54.930820,11.371647,5.9,Under way using engine
2026-09-26T08:19:09Z,219000809,54.930420,11.447427,9.1,Under way using engine
2026-09-26T08:19:10Z,219000811,54.838718,11.491817,0.0,Under way using engine
2026-09-26T08:19:44Z,219002177,54.931887,11.371630,5.9,Under way using engine
2026-09-26T08:19:48Z,219000809,54.929393,11.445283,9.0,Under way using engine
2026-09-26T08:19:49Z,219000811,54.838718,11.491825,0.0,Under way using engine
2026-09-26T08:20:15Z,219002177,54.932728,11.371593,5.9,Under way using engine
2026-09-26T08:20:19Z,219000811,54.838722,11.491820,0.0,Under way using engine
2026-09-26T08:20:27Z,219000809,54.928347,11.443090,9.1,Under way using engine
2026-09-26T08:20:49Z,219000811,54.838720,11.491813,0.0,Under way using engine
2026-09-26T08:20:54Z,219002177,54.933765,11.371543,5.7,Under way using engine
2026-09-26T08:20:59Z,219000809,54.927485,11.441350,9.2,Under way using engine
2026-09-26T08:21:19Z,219000811,54.838723,11.491812,0.0,Under way using engine
2026-09-26T08:21:24Z,219002177,54.934555,11.371507,5.7,Under way using engine
2026-09-26T08:21:38Z,219000809,54.926428,11.439073,9.1,Under way using engine
2026-09-26T08:21:49Z,219000811,54.838725,11.491813,0.0,Under way using engine
2026-09-26T08:21:54Z,219002177,54.935258,11.371545,4.6,Under way using engine
2026-09-26T08:22:08Z,219000809,54.925605,11.437392,9.1,Under way using engine
2026-09-26T08:22:19Z,219000811,54.838727,11.491815,0.0,Under way using engine
2026-09-26T08:22:24Z,219002177,54.935700,11.371747,2.7,Under way using engine
2026-09-26T08:22:38Z,219000809,54.924802,11.435727,9.1,Under way using engine
2026-09-26T08:22:49Z,219000811,54.838727,11.491815,0.0,Under way using engine
2026-09-26T08:22:54Z,219002177,54.935932,11.371947,1.5,Under way using engine
2026-09-26T08:23:08Z,219000809,54.924000,11.434033,9.1,Under way using engine
2026-09-26T08:23:19Z,219000811,54.838727,11.491817,0.0,Under way using engine
2026-09-26T08:23:24Z,219002177,54.935973,11.371982,0.0,Under way using engine
2026-09-26T08:23:38Z,219000809,54.923193,11.432383,9.1,Under way using engine
2026-09-26T08:23:49Z,219000811,54.838727,11.491820,0.0,Under way using engine
2026-09-26T08:23:54Z,219002177,54.935962,11.371968,0.0,Under way using engine
2026-09-26T08:24:08Z,219000809,54.922392,11.430710,9.0,Under way using engine
2026-09-26T08:24:19Z,219000811,54.838725,11.491822,0.0,Under way using engine
2026-09-26T08:24:24Z,219002177,54.935955,11.371973,0.0,Under way using engine
2026-09-26T08:24:38Z,219000809,54.921578,11.429027,9.0,Under way using engine
2026-09-26T08:24:49Z,219000811,54.838727,11.491823,0.0,Under way using engine
2026-09-26T08:24:54Z,219002177,54.935965,11.371982,0.0,Under way using engine
2026-09-26T08:25:08Z,219000809,54.920807,11.427338,9.0,Under way using engine
2026-09-26T08:25:19Z,219000811,54.838728,11.491825,0.0,Under way using engine
2026-09-26T08:25:24Z,219002177,54.935963,11.371972,0.0,Under way using engine
2026-09-26T08:25:48Z,219000809,54.919725,11.425153,9.0,Under way using engine
2026-09-26T08:25:49Z,219000811,54.838730,11.491823,0.0,Under way using engine
2026-09-26T08:25:54Z,219002177,54.935962,11.371975,0.0,Under way using engine
2026-09-26T08:26:18Z,219000809,54.918957,11.423452,8.9,Under way using engine
2026-09-26T08:26:19Z,219000811,54.838728,11.491823,0.0,Under way using engine
2026-09-26T08:26:24Z,219002177,54.935965,11.371978,0.0,Under way using engine
2026-09-26T08:26:48Z,219000809,54.918143,11.421808,9.0,Under way using engine
2026-09-26T08:26:49Z,219000811,54.838727,11.491823,0.0,Under way using engine
2026-09-26T08:26:54Z,219002177,54.935975,11.371978,0.0,Under way using engine
2026-09-26T08:27:18Z,219000809,54.917355,11.420157,9.0,Under way using engine
2026-09-26T08:27:29Z,219000811,54.838723,11.491822,0.0,Under way using engine
2026-09-26T08:27:35Z,219002177,54.935972,11.371968,0.0,Under way using engine
2026-09-26T08:27:48Z,219000809,54.916555,11.418455,9.0,Under way using engine
2026-09-26T08:28:00Z,219000811,54.838722,11.491823,0.0,Under way using engine
2026-09-26T08:28:05Z,219002177,54.935968,11.371978,0.0,Under way using engine
2026-09-26T08:28:18Z,219000809,54.915780,11.416798,8.9,Under way using engine
2026-09-26T08:28:35Z,219002177,54.935977,11.371983,0.0,Under way using engine
2026-09-26T08:28:39Z,219000811,54.838723,11.491823,0.0,Under way using engine
2026-09-26T08:28:48Z,219000809,54.914990,11.415132,8.9,Under way using engine
2026-09-26T08:29:05Z,219002177,54.935982,11.371993,0.0,Under way using engine
2026-09-26T08:29:10Z,219000811,54.838723,11.491828,0.0,Under way using engine
2026-09-26T08:29:18Z,219000809,54.914223,11.413460,8.9,Under way using engine
2026-09-26T08:29:35Z,219002177,54.935983,11.371993,0.0,Under way using engine
2026-09-26T08:29:48Z,219000809,54.913547,11.411667,8.9,Under way using engine
2026-09-26T08:29:49Z,219000811,54.838727,11.491827,0.0,Under way using engine
2026-09-26T08:30:05Z,219002177,54.935978,11.371968,0.0,Under way using engine
2026-09-26T08:30:18Z,219000809,54.912868,11.409902,8.9,Under way using engine
2026-09-26T08:30:19Z,219000811,54.838727,11.491827,0.0,Under way using engine
2026-09-26T08:30:35Z,219002177,54.935983,11.371972,0.0,Under way using engine
2026-09-26T08:30:48Z,219000809,54.912192,11.408093,8.9,Under way using engine
2026-09-26T08:30:49Z,219000811,54.838727,11.491825,0.0,Under way using engine
2026-09-26T08:31:05Z,219002177,54.935982,11.371972,0.0,Under way using engine
2026-09-26T08:31:18Z,219000809,54.911528,11.406292,9.0,Under way using engine
2026-09-26T08:31:19Z,219000811,54.838728,11.491823,0.0,Under way using engine
2026-09-26T08:31:35Z,219002177,54.935943,11.371975,0.7,Under way using engine
2026-09-26T08:31:48Z,219000809,54.910843,11.404475,9.1,Under way using engine
2026-09-26T08:31:49Z,219000811,54.838728,11.491818,0.0,Under way using engine
2026-09-26T08:32:05Z,219002177,54.935655,11.371758,2.8,Under way using engine
2026-09-26T08:32:18Z,219000809,54.910123,11.402632,9.2,Under way using engine
2026-09-26T08:32:19Z,219000811,54.838727,11.491820,0.0,Under way using engine
2026-09-26T08:32:35Z,219002177,54.935200,11.371380,4.0,Under way using engine
2026-09-26T08:32:48Z,219000809,54.909470,11.400778,9.1,Under way using engine
2026-09-26T08:32:49Z,219000811,54.838723,11.491820,0.0,Under way using engine
2026-09-26T08:33:13Z,219002177,54.934382,11.371083,5.1,Under way using engine
2026-09-26T08:33:18Z,219000809,54.908862,11.398738,9.1,Under way using engine
2026-09-26T08:33:20Z,219000811,54.838720,11.491820,0.0,Under way using engine
2026-09-26T08:33:43Z,219002177,54.933598,11.371118,5.8,Under way using engine
2026-09-26T08:33:48Z,219000809,54.908420,11.396777,8.8,Under way using engine
2026-09-26T08:33:50Z,219000811,54.838717,11.491822,0.0,Under way using engine
2026-09-26T08:34:13Z,219002177,54.932743,11.371120,6.2,Under way using engine
2026-09-26T08:34:18Z,219000809,54.908297,11.394752,8.6,Under way using engine
2026-09-26T08:34:20Z,219000811,54.838717,11.491820,0.0,Under way using engine
2026-09-26T08:34:45Z,219002177,54.931828,11.371150,6.5,Under way using engine
2026-09-26T08:34:48Z,219000809,54.908832,11.392962,8.5,Under way using engine
2026-09-26T08:34:50Z,219000811,54.838718,11.491823,0.0,Under way using engine
2026-09-26T08:35:18Z,219000809,54.909588,11.391327,8.8,Under way using engine
2026-09-26T08:35:20Z,219000811,54.838718,11.491830,0.0,Under way using engine
2026-09-26T08:35:24Z,219002177,54.930578,11.371178,6.8,Under way using engine
2026-09-26T08:35:48Z,219000809,54.910370,11.389697,8.8,Under way using engine
2026-09-26T08:35:50Z,219000811,54.838723,11.491818,0.0,Under way using engine
2026-09-26T08:35:54Z,219002177,54.929652,11.371227,6.8,Under way using engine
2026-09-26T08:36:18Z,219000809,54.911167,11.388075,8.9,Under way using engine
2026-09-26T08:36:20Z,219000811,54.838727,11.491817,0.0,Under way using engine
2026-09-26T08:36:24Z,219002177,54.928703,11.371242,6.8,Under way using engine
2026-09-26T08:36:48Z,219000809,54.911952,11.386422,8.9,Under way using engine
2026-09-26T08:36:50Z,219000811,54.838725,11.491818,0.0,Under way using engine
2026-09-26T08:36:54Z,219002177,54.927775,11.371270,6.8,Under way using engine
2026-09-26T08:37:20Z,219000811,54.838728,11.491815,0.0,Under way using engine
2026-09-26T08:37:24Z,219002177,54.926812,11.371280,6.9,Under way using engine
2026-09-26T08:37:29Z,219000809,54.912877,11.383973,8.9,Under way using engine
2026-09-26T08:37:50Z,219000811,54.838730,11.491818,0.0,Under way using engine
2026-09-26T08:37:54Z,219002177,54.925868,11.371332,6.9,Under way using engine
2026-09-26T08:38:07Z,219000809,54.913343,11.382153,9.0,Under way using engine
2026-09-26T08:38:20Z,219000811,54.838728,11.491818,0.0,Under way using engine
2026-09-26T08:38:24Z,219002177,54.924907,11.371347,6.9,Under way using engine
2026-09-26T08:38:37Z,219000809,54.914082,11.379543,9.0,Under way using engine
2026-09-26T08:38:50Z,219000811,54.838728,11.491822,0.0,Under way using engine
2026-09-26T08:38:54Z,219002177,54.923975,11.371397,6.9,Under way using engine
2026-09-26T08:39:09Z,219000809,54.914643,11.377492,8.9,Under way using engine
2026-09-26T08:39:20Z,219000811,54.838730,11.491835,0.0,Under way using engine
2026-09-26T08:39:24Z,219002177,54.922970,11.371450,7.0,Under way using engine
2026-09-26T08:39:49Z,219000809,54.915217,11.374848,8.8,Under way using engine
2026-09-26T08:39:50Z,219000811,54.838733,11.491833,0.0,Under way using engine
2026-09-26T08:39:54Z,219002177,54.922043,11.371517,7.0,Under way using engine
2026-09-26T08:40:20Z,219000811,54.838730,11.491833,0.0,Under way using engine
2026-09-26T08:40:24Z,219002177,54.921040,11.371553,7.0,Under way using engine
2026-09-26T08:40:29Z,219000809,54.915698,11.372175,8.8,Under way using engine
2026-09-26T08:40:50Z,219000811,54.838727,11.491832,0.0,Under way using engine
2026-09-26T08:40:54Z,219002177,54.920108,11.371602,6.9,Under way using engine
2026-09-26T08:41:09Z,219000809,54.916242,11.369505,8.8,Under way using engine
2026-09-26T08:41:20Z,219000811,54.838728,11.491830,0.0,Under way using engine
2026-09-26T08:41:24Z,219002177,54.919137,11.371578,6.7,Under way using engine
2026-09-26T08:41:49Z,219000809,54.916488,11.366712,9.0,Under way using engine
2026-09-26T08:41:50Z,219000811,54.838737,11.491827,0.0,Under way using engine
2026-09-26T08:41:54Z,219002177,54.918257,11.371447,6.6,Under way using engine
2026-09-26T08:42:20Z,219000811,54.838740,11.491815,0.0,Under way using engine
2026-09-26T08:42:24Z,219002177,54.917408,11.371002,6.1,Under way using engine
2026-09-26T08:42:28Z,219000809,54.916330,11.364010,8.4,Under way using engine
2026-09-26T08:42:50Z,219000811,54.838738,11.491812,0.0,Under way using engine
2026-09-26T08:43:04Z,219002177,54.916853,11.369615,5.3,Under way using engine
2026-09-26T08:43:09Z,219000809,54.916180,11.361612,6.6,Under way using engine
2026-09-26T08:43:20Z,219000811,54.838735,11.491817,0.0,Under way using engine
2026-09-26T08:43:34Z,219002177,54.916722,11.368288,5.4,Under way using engine
2026-09-26T08:43:39Z,219000809,54.915952,11.360568,3.2,Under way using engine
2026-09-26T08:43:50Z,219000811,54.838732,11.491817,0.0,Under way using engine
2026-09-26T08:44:04Z,219002177,54.916623,11.367028,5.5,Under way using engine
2026-09-26T08:44:18Z,219000809,54.915952,11.360320,1.3,Under way using engine
2026-09-26T08:44:20Z,219000811,54.838728,11.491822,0.0,Under way using engine
2026-09-26T08:44:34Z,219002177,54.916505,11.365675,5.6,Under way using engine
2026-09-26T08:44:49Z,219000809,54.916007,11.360115,0.8,Under way using engine
2026-09-26T08:44:50Z,219000811,54.838725,11.491825,0.0,Under way using engine
2026-09-26T08:45:04Z,219002177,54.916400,11.364330,5.7,Under way using engine
2026-09-26T08:45:20Z,219000811,54.838723,11.491828,0.0,Under way using engine
2026-09-26T08:45:28Z,219000809,54.916048,11.360038,0.3,Under way using engine
2026-09-26T08:45:34Z,219002177,54.916315,11.362958,5.7,Under way using engine
2026-09-26T08:45:50Z,219000811,54.838727,11.491825,0.0,Under way using engine
2026-09-26T08:46:04Z,219002177,54.916317,11.361803,4.5,Under way using engine
2026-09-26T08:46:08Z,219000809,54.916048,11.360013,0.0,Under way using engine
2026-09-26T08:46:20Z,219000811,54.838725,11.491818,0.0,Under way using engine
2026-09-26T08:46:34Z,219002177,54.916353,11.361007,2.6,Under way using engine
2026-09-26T08:46:39Z,219000809,54.916057,11.360032,0.0,Under way using engine
2026-09-26T08:46:50Z,219000811,54.838732,11.491820,0.0,Under way using engine
2026-09-26T08:47:04Z,219002177,54.916353,11.360645,1.1,Under way using engine
2026-09-26T08:47:18Z,219000809,54.916063,11.360047,0.0,Under way using engine
2026-09-26T08:47:20Z,219000811,54.838733,11.491813,0.0,Under way using engine
2026-09-26T08:47:34Z,219002177,54.916350,11.360525,0.1,Under way using engine
2026-09-26T08:47:49Z,219000809,54.916058,11.360042,0.0,Under way using engine
2026-09-26T08:47:59Z,219000811,54.838733,11.491810,0.0,Under way using engine
2026-09-26T08:48:05Z,219002177,54.916350,11.360535,0.0,Under way using engine
2026-09-26T08:48:27Z,219000809,54.916062,11.360035,0.0,Under way using engine
2026-09-26T08:48:29Z,219000811,54.838733,11.491810,0.0,Under way using engine
2026-09-26T08:48:44Z,219002177,54.916345,11.360525,0.0,Under way using engine
2026-09-26T08:48:57Z,219000809,54.916047,11.360042,0.0,Under way using engine
2026-09-26T08:48:59Z,219000811,54.838728,11.491810,0.0,Under way using engine
2026-09-26T08:49:14Z,219002177,54.916347,11.360535,0.0,Under way using engine
2026-09-26T08:49:27Z,219000809,54.916048,11.360038,0.0,Under way using engine
2026-09-26T08:49:29Z,219000811,54.838733,11.491815,0.0,Under way using engine
2026-09-26T08:49:44Z,219002177,54.916342,11.360553,0.0,Under way using engine
2026-09-26T08:49:57Z,219000809,54.916015,11.360050,0.0,Under way using engine
2026-09-26T08:49:59Z,219000811,54.838732,11.491812,0.0,Under way using engine
2026-09-26T08:50:14Z,219002177,54.916343,11.360545,0.0,Under way using engine
2026-09-26T08:50:27Z,219000809,54.916033,11.360022,0.0,Under way using engine
2026-09-26T08:50:29Z,219000811,54.838732,11.491810,0.0,Under way using engine
2026-09-26T08:50:53Z,219002177,54.916330,11.360548,0.0,Under way using engine
2026-09-26T08:50:57Z,219000809,54.916058,11.360018,0.0,Under way using engine
2026-09-26T08:50:59Z,219000811,54.838735,11.491812,0.0,Under way using engine
2026-09-26T08:51:24Z,219002177,54.916335,11.360528,0.0,Under way using engine
2026-09-26T08:51:27Z,219000809,54.916057,11.360038,0.0,Under way using engine
2026-09-26T08:51:29Z,219000811,54.838737,11.491813,0.0,Under way using engine
2026-09-26T08:51:57Z,219000809,54.916057,11.360030,0.0,Under way using engine
2026-09-26T08:52:00Z,219000811,54.838737,11.491812,0.0,Under way using engine
2026-09-26T08:52:05Z,219002177,54.916340,11.360537,0.0,Under way using engine
2026-09-26T08:52:27Z,219000809,54.916055,11.360015,0.0,Under way using engine
2026-09-26T08:52:39Z,219000811,54.838735,11.491813,0.0,Under way using engine
2026-09-26T08:52:43Z,219002177,54.916348,11.360553,0.0,Under way using engine
2026-09-26T08:52:57Z,219000809,54.916065,11.360020,0.0,Under way using engine
2026-09-26T08:53:09Z,219000811,54.838732,11.491813,0.0,Under way using engine
2026-09-26T08:53:14Z,219002177,54.916360,11.360533,0.0,Under way using engine
2026-09-26T08:53:27Z,219000809,54.916072,11.360018,0.0,Under way using engine
2026-09-26T08:53:39Z,219000811,54.838727,11.491815,0.0,Under way using engine
2026-09-26T08:53:54Z,219002177,54.916363,11.360548,0.0,Under way using engine
2026-09-26T08:53:59Z,219000809,54.916053,11.360032,0.0,Under way using engine
2026-09-26T08:54:09Z,219000811,54.838728,11.491810,0.0,Under way using engine
2026-09-26T08:54:24Z,219002177,54.916363,11.360573,0.0,Under way using engine
2026-09-26T08:54:37Z,219000809,54.916047,11.360048,0.0,Under way using engine
2026-09-26T08:54:40Z,219000811,54.838725,11.491812,0.0,Under way using engine
2026-09-26T08:54:54Z,219002177,54.916358,11.360563,0.0,Under way using engine
2026-09-26T08:55:07Z,219000809,54.916047,11.360013,0.0,Under way using engine
2026-09-26T08:55:20Z,219000811,54.838723,11.491817,0.0,Under way using engine
2026-09-26T08:55:24Z,219002177,54.916353,11.360557,0.0,Under way using engine
2026-09-26T08:55:37Z,219000809,54.916055,11.360038,0.0,Under way using engine
2026-09-26T08:55:54Z,219002177,54.916403,11.360552,0.1,Under way using engine
2026-09-26T08:56:00Z,219000811,54.838720,11.491820,0.0,Under way using engine
2026-09-26T08:56:07Z,219000809,54.916052,11.360038,0.0,Under way using engine
2026-09-26T08:56:24Z,219002177,54.916352,11.360540,0.0,Under way using engine
2026-09-26T08:56:37Z,219000809,54.916055,11.360042,0.0,Under way using engine
2026-09-26T08:56:40Z,219000811,54.838717,11.491828,0.0,Under way using engine
2026-09-26T08:56:54Z,219002177,54.916395,11.360548,0.1,Under way using engine
2026-09-26T08:57:07Z,219000809,54.916055,11.360008,0.0,Under way using engine
2026-09-26T08:57:18Z,219000811,54.838718,11.491825,0.0,Under way using engine
2026-09-26T08:57:25Z,219002177,54.916355,11.360543,0.0,Under way using engine
2026-09-26T08:57:37Z,219000809,54.916062,11.359995,0.0,Under way using engine
2026-09-26T08:57:49Z,219000811,54.838720,11.491823,0.0,Under way using engine
2026-09-26T08:57:55Z,219002177,54.916352,11.360537,0.0,Under way using engine
2026-09-26T08:58:07Z,219000809,54.916062,11.359993,0.0,Under way using engine
2026-09-26T08:58:25Z,219002177,54.916365,11.360533,0.0,Under way using engine
2026-09-26T08:58:29Z,219000811,54.838722,11.491822,0.0,Under way using engine
2026-09-26T08:58:37Z,219000809,54.916058,11.360000,0.0,Under way using engine
2026-09-26T08:58:55Z,219002177,54.916358,11.360543,0.0,Under way using engine
2026-09-26T08:59:07Z,219000809,54.916062,11.360012,0.0,Under way using engine
2026-09-26T08:59:09Z,219000811,54.838722,11.491818,0.0,Under way using engine
2026-09-26T08:59:25Z,219002177,54.916350,11.360558,0.0,Under way using engine
2026-09-26T08:59:37Z,219000809,54.916058,11.360023,0.0,Under way using engine
2026-09-26T08:59:49Z,219000811,54.838722,11.491820,0.0,Under way using engine
2026-09-26T08:59:55Z,219002177,54.916338,11.360553,0.0,Under way using engine
2026-09-26T09:00:07Z,219000809,54.916055,11.360025,0.0,Under way using engine
2026-09-26T09:00:23Z,219000811,54.838722,11.491825,0.0,Under way using engine
2026-09-26T09:00:25Z,219002177,54.916342,11.360555,0.0,Under way using engine
2026-09-26T09:00:37Z,219000809,54.916047,11.360033,0.0,Under way using engine
2026-09-26T09:00:55Z,219002177,54.916347,11.360575,0.0,Under way using engine
2026-09-26T09:00:58Z,219000811,54.838727,11.491825,0.0,Under way using engine
2026-09-26T09:01:07Z,219000809,54.916028,11.360037,0.0,Under way using engine
2026-09-26T09:01:25Z,219002177,54.916347,11.360568,0.0,Under way using engine
2026-09-26T09:01:29Z,219000811,54.838727,11.491823,0.0,Under way using engine
2026-09-26T09:01:37Z,219000809,54.916043,11.360035,0.0,Under way using engine
2026-09-26T09:01:55Z,219002177,54.916352,11.360562,0.0,Under way using engine
2026-09-26T09:02:00Z,219000811,54.838728,11.491820,0.0,Under way using engine
2026-09-26T09:02:07Z,219000809,54.916052,11.360033,0.0,Under way using engine
2026-09-26T09:02:25Z,219002177,54.916355,11.360558,0.0,Under way using engine
2026-09-26T09:02:30Z,219000811,54.838728,11.491818,0.0,Under way using engine
2026-09-26T09:02:37Z,219000809,54.916060,11.360027,0.0,Under way using engine
2026-09-26T09:02:55Z,219002177,54.916353,11.360553,0.0,Under way using engine
2026-09-26T09:03:00Z,219000811,54.838730,11.491817,0.0,Under way using engine
2026-09-26T09:03:08Z,219000809,54.916063,11.360032,0.0,Under way using engine
2026-09-26T09:03:30Z,219000811,54.838730,11.491817,0.0,Under way using engine
2026-09-26T09:03:33Z,219002177,54.916362,11.360560,0.0,Under way using engine
2026-09-26T09:03:48Z,219000809,54.916062,11.360027,0.0,Under way using engine
2026-09-26T09:04:00Z,219000811,54.838727,11.491817,0.0,Under way using engine
2026-09-26T09:04:03Z,219002177,54.916347,11.360557,0.0,Under way using engine
2026-09-26T09:04:28Z,219000809,54.916082,11.360038,0.0,Under way using engine
2026-09-26T09:04:30Z,219000811,54.838727,11.491817,0.0,Under way using engine
2026-09-26T09:04:33Z,219002177,54.916352,11.360557,0.0,Under way using engine
2026-09-26T09:04:59Z,219000809,54.916068,11.360027,0.0,Under way using engine
2026-09-26T09:05:00Z,219000811,54.838725,11.491817,0.0,Under way using engine
2026-09-26T09:05:03Z,219002177,54.916343,11.360548,0.0,Under way using engine
2026-09-26T09:05:30Z,219000811,54.838725,11.491817,0.0,Under way using engine
2026-09-26T09:05:33Z,219002177,54.916335,11.360565,0.0,Under way using engine
2026-09-26T09:05:37Z,219000809,54.916083,11.360033,0.0,Under way using engine
2026-09-26T09:06:00Z,219000811,54.838723,11.491813,0.0,Under way using engine
2026-09-26T09:06:03Z,219002177,54.916345,11.360552,0.0,Under way using engine
2026-09-26T09:06:08Z,219000809,54.916085,11.360018,0.0,Under way using engine
2026-09-26T09:06:30Z,219000811,54.838723,11.491812,0.0,Under way using engine
2026-09-26T09:06:33Z,219002177,54.916335,11.360557,0.0,Under way using engine
2026-09-26T09:06:47Z,219000809,54.916073,11.360022,0.0,Under way using engine
2026-09-26T09:07:00Z,219000811,54.838725,11.491810,0.0,Under way using engine
2026-09-26T09:07:03Z,219002177,54.916357,11.360547,0.0,Under way using engine
2026-09-26T09:07:17Z,219000809,54.916070,11.360025,0.0,Under way using engine
2026-09-26T09:07:35Z,219002177,54.916352,11.360558,0.0,Under way using engine
2026-09-26T09:07:39Z,219000811,54.838723,11.491808,0.0,Under way using engine
2026-09-26T09:07:47Z,219000809,54.916067,11.360033,0.0,Under way using engine
2026-09-26T09:08:09Z,219000811,54.838718,11.491812,0.0,Under way using engine
2026-09-26T09:08:17Z,219000809,54.916058,11.360037,0.0,Under way using engine
2026-09-26T09:08:24Z,219002177,54.916327,11.360557,0.0,Under way using engine
2026-09-26T09:08:39Z,219000811,54.838720,11.491808,0.0,Under way using engine
2026-09-26T09:08:47Z,219000809,54.916073,11.360033,0.0,Under way using engine
2026-09-26T09:08:55Z,219002177,54.916335,11.360547,0.0,Under way using engine
2026-09-26T09:09:09Z,219000811,54.838720,11.491813,0.0,Under way using engine
2026-09-26T09:09:17Z,219000809,54.916063,11.360048,0.0,Under way using engine
2026-09-26T09:09:35Z,219002177,54.916340,11.360568,0.0,Under way using engine
2026-09-26T09:09:39Z,219000811,54.838718,11.491818,0.0,Under way using engine
2026-09-26T09:09:47Z,219000809,54.916067,11.360043,0.0,Under way using engine
2026-09-26T09:10:05Z,219002177,54.916343,11.360570,0.0,Under way using engine
2026-09-26T09:10:09Z,219000811,54.838717,11.491818,0.0,Under way using engine
2026-09-26T09:10:17Z,219000809,54.916068,11.360052,0.0,Under way using engine
2026-09-26T09:10:35Z,219002177,54.916340,11.360557,0.0,Under way using engine
2026-09-26T09:10:39Z,219000811,54.838715,11.491818,0.0,Under way using engine
2026-09-26T09:10:47Z,219000809,54.916067,11.360045,0.0,Under way using engine
2026-09-26T09:11:05Z,219002177,54.916335,11.360558,0.0,Under way using engine
2026-09-26T09:11:09Z,219000811,54.838715,11.491820,0.0,Under way using engine
2026-09-26T09:11:19Z,219000809,54.916075,11.360037,0.0,Under way using engine
2026-09-26T09:11:35Z,219002177,54.916342,11.360550,0.0,Under way using engine
2026-09-26T09:11:40Z,219000811,54.838715,11.491822,0.0,Under way using engine
2026-09-26T09:11:57Z,219000809,54.916095,11.360008,0.0,Under way using engine
2026-09-26T09:12:05Z,219002177,54.916332,11.360550,0.0,Under way using engine
2026-09-26T09:12:19Z,219000811,54.838715,11.491823,0.0,Under way using engine
2026-09-26T09:12:28Z,219000809,54.916088,11.360030,0.0,Under way using engine
2026-09-26T09:12:35Z,219002177,54.916333,11.360557,0.0,Under way using engine
2026-09-26T09:12:49Z,219000811,54.838713,11.491823,0.0,Under way using engine
2026-09-26T09:13:08Z,219000809,54.916092,11.360032,0.0,Under way using engine
2026-09-26T09:13:14Z,219002177,54.916335,11.360547,0.0,Under way using engine
2026-09-26T09:13:19Z,219000811,54.838712,11.491825,0.0,Under way using engine
2026-09-26T09:13:38Z,219000809,54.916092,11.360048,0.0,Under way using engine
2026-09-26T09:13:44Z,219002177,54.916342,11.360532,0.0,Under way using engine
2026-09-26T09:13:49Z,219000811,54.838712,11.491823,0.0,Under way using engine
2026-09-26T09:14:08Z,219000809,54.916093,11.360052,0.0,Under way using engine
2026-09-26T09:14:14Z,219002177,54.916343,11.360522,0.0,Under way using engine
2026-09-26T09:14:19Z,219000811,54.838708,11.491820,0.0,Under way using engine
2026-09-26T09:14:38Z,219000809,54.916087,11.360043,0.0,Under way using engine
2026-09-26T09:14:44Z,219002177,54.916348,11.360515,0.0,Under way using engine
2026-09-26T09:14:49Z,219000811,54.838710,11.491813,0.0,Under way using engine
2026-09-26T09:15:08Z,219000809,54.916073,11.360048,0.0,Under way using engine
2026-09-26T09:15:19Z,219000811,54.838712,11.491813,0.0,Under way using engine
2026-09-26T09:15:33Z,219002177,54.916340,11.360525,0.0,Under way using engine
2026-09-26T09:15:38Z,219000809,54.916072,11.360033,0.0,Under way using engine
2026-09-26T09:15:49Z,219000811,54.838715,11.491813,0.0,Under way using engine
2026-09-26T09:16:04Z,219002177,54.916338,11.360537,0.0,Under way using engine
2026-09-26T09:16:08Z,219000809,54.916078,11.360003,0.0,Under way using engine
2026-09-26T09:16:19Z,219000811,54.838720,11.491815,0.0,Under way using engine
2026-09-26T09:16:38Z,219000809,54.916075,11.360010,0.0,Under way using engine
2026-09-26T09:16:44Z,219002177,54.916343,11.360543,0.0,Under way using engine
2026-09-26T09:16:50Z,219000811,54.838722,11.491817,0.0,Under way using engine
2026-09-26T09:17:08Z,219000809,54.916078,11.360020,0.0,Under way using engine
2026-09-26T09:17:28Z,219000811,54.838720,11.491818,0.0,Under way using engine
2026-09-26T09:17:33Z,219002177,54.916342,11.360538,0.0,Under way using engine
2026-09-26T09:17:38Z,219000809,54.916085,11.360018,0.0,Under way using engine
2026-09-26T09:17:59Z,219000811,54.838720,11.491817,0.0,Under way using engine
2026-09-26T09:18:04Z,219002177,54.916347,11.360522,0.0,Under way using engine
2026-09-26T09:18:08Z,219000809,54.916078,11.360025,0.0,Under way using engine
2026-09-26T09:18:38Z,219000809,54.916083,11.360040,0.0,Under way using engine
2026-09-26T09:18:40Z,219000811,54.838722,11.491822,0.0,Under way using engine
2026-09-26T09:18:44Z,219002177,54.916350,11.360543,0.0,Under way using engine
2026-09-26T09:19:08Z,219000809,54.916087,11.360052,0.0,Under way using engine
2026-09-26T09:19:14Z,219002177,54.916363,11.360542,0.0,Under way using engine
2026-09-26T09:19:20Z,219000811,54.838730,11.491822,0.0,Under way using engine
2026-09-26T09:19:44Z,219002177,54.916360,11.360550,0.0,Under way using engine
2026-09-26T09:19:47Z,219000809,54.916092,11.360067,0.0,Under way using engine
2026-09-26T09:19:50Z,219000811,54.838730,11.491820,0.0,Under way using engine
2026-09-26T09:20:14Z,219002177,54.916333,11.360568,0.0,Under way using engine
2026-09-26T09:20:18Z,219000809,54.916082,11.360072,0.0,Under way using engine
2026-09-26T09:20:20Z,219000811,54.838730,11.491818,0.0,Under way using engine
2026-09-26T09:20:44Z,219002177,54.916343,11.360553,0.0,Under way using engine
2026-09-26T09:20:50Z,219000811,54.838728,11.491817,0.0,Under way using engine
2026-09-26T09:20:57Z,219000809,54.916080,11.360053,0.0,Under way using engine
2026-09-26T09:21:14Z,219002177,54.916345,11.360555,0.0,Under way using engine
2026-09-26T09:21:20Z,219000811,54.838728,11.491817,0.0,Under way using engine
2026-09-26T09:21:29Z,219000809,54.916077,11.360055,0.0,Under way using engine
2026-09-26T09:21:44Z,219002177,54.916352,11.360557,0.0,Under way using engine
2026-09-26T09:21:59Z,219000811,54.838725,11.491817,0.0,Under way using engine
2026-09-26T09:22:09Z,219000809,54.916088,11.360042,0.0,Under way using engine
2026-09-26T09:22:14Z,219002177,54.916352,11.360558,0.0,Under way using engine
2026-09-26T09:22:40Z,219000811,54.838723,11.491815,0.0,Under way using engine
2026-09-26T09:22:44Z,219002177,54.916343,11.360538,0.0,Under way using engine
2026-09-26T09:22:47Z,219000809,54.916075,11.360062,0.0,Under way using engine
2026-09-26T09:23:14Z,219002177,54.916345,11.360543,0.0,Under way using engine
2026-09-26T09:23:18Z,219000809,54.916068,11.360057,0.0,Under way using engine
2026-09-26T09:23:20Z,219000811,54.838722,11.491815,0.0,Under way using engine
2026-09-26T09:23:54Z,219002177,54.916355,11.360542,0.0,Under way using engine
2026-09-26T09:23:57Z,219000809,54.916070,11.360038,0.0,Under way using engine
2026-09-26T09:23:59Z,219000811,54.838722,11.491815,0.0,Under way using engine
2026-09-26T09:24:29Z,219000809,54.916062,11.360035,0.0,Under way using engine
2026-09-26T09:24:35Z,219002177,54.916330,11.360537,0.0,Under way using engine
2026-09-26T09:24:40Z,219000811,54.838722,11.491815,0.0,Under way using engine
2026-09-26T09:25:09Z,219000809,54.916075,11.360028,0.0,Under way using engine
2026-09-26T09:25:15Z,219002177,54.916323,11.360543,0.0,Under way using engine
2026-09-26T09:25:18Z,219000811,54.838720,11.491815,0.0,Under way using engine
2026-09-26T09:25:45Z,219002177,54.916337,11.360562,0.0,Under way using engine
2026-09-26T09:25:48Z,219000809,54.916078,11.360063,0.0,Under way using engine
2026-09-26T09:25:49Z,219000811,54.838718,11.491817,0.0,Under way using engine
2026-09-26T09:26:15Z,219002177,54.916355,11.360570,0.0,Under way using engine
2026-09-26T09:26:18Z,219000809,54.916083,11.360055,0.1,Under way using engine
2026-09-26T09:26:29Z,219000811,54.838715,11.491820,0.0,Under way using engine
2026-09-26T09:26:45Z,219002177,54.916332,11.360583,0.0,Under way using engine
2026-09-26T09:26:48Z,219000809,54.916075,11.360070,0.0,Under way using engine
2026-09-26T09:26:59Z,219000811,54.838712,11.491822,0.0,Under way using engine
2026-09-26T09:27:15Z,219002177,54.916330,11.360575,0.0,Under way using engine
2026-09-26T09:27:18Z,219000809,54.916087,11.360045,0.0,Under way using engine
2026-09-26T09:27:29Z,219000811,54.838712,11.491823,0.0,Under way using engine
2026-09-26T09:27:45Z,219002177,54.916340,11.360570,0.0,Under way using engine
2026-09-26T09:27:48Z,219000809,54.916075,11.360070,0.0,Under way using engine
2026-09-26T09:28:00Z,219000811,54.838710,11.491825,0.0,Under way using engine
2026-09-26T09:28:15Z,219002177,54.916337,11.360568,0.0,Under way using engine
2026-09-26T09:28:29Z,219000809,54.916073,11.360055,0.1,Under way using engine
2026-09-26T09:28:39Z,219000811,54.838712,11.491828,0.0,Under way using engine
2026-09-26T09:28:45Z,219002177,54.916327,11.360573,0.0,Under way using engine
2026-09-26T09:29:08Z,219000809,54.916088,11.360023,0.1,Under way using engine
2026-09-26T09:29:09Z,219000811,54.838713,11.491830,0.0,Under way using engine
2026-09-26T09:29:23Z,219002177,54.916338,11.360565,0.0,Under way using engine
2026-09-26T09:29:38Z,219000809,54.916082,11.360043,0.0,Under way using engine
2026-09-26T09:29:39Z,219000811,54.838715,11.491830,0.0,Under way using engine
2026-09-26T09:29:54Z,219002177,54.916343,11.360558,0.1,Under way using engine
2026-09-26T09:30:08Z,219000809,54.916082,11.360032,0.0,Under way using engine
2026-09-26T09:30:09Z,219000811,54.838713,11.491830,0.0,Under way using engine
2026-09-26T09:30:24Z,219002177,54.916328,11.360570,0.0,Under way using engine
2026-09-26T09:30:38Z,219000809,54.916012,11.360097,0.1,Under way using engine
2026-09-26T09:30:39Z,219000811,54.838713,11.491830,0.0,Under way using engine
2026-09-26T09:30:54Z,219002177,54.916297,11.360628,0.1,Under way using engine
2026-09-26T09:31:08Z,219000809,54.916042,11.360065,0.0,Under way using engine
2026-09-26T09:31:09Z,219000811,54.838715,11.491825,0.0,Under way using engine
2026-09-26T09:31:24Z,219002177,54.916325,11.360600,0.0,Under way using engine
2026-09-26T09:31:38Z,219000809,54.916022,11.360092,0.1,Under way using engine
2026-09-26T09:31:39Z,219000811,54.838713,11.491827,0.0,Under way using engine
2026-09-26T09:31:54Z,219002177,54.916332,11.360573,0.0,Under way using engine
2026-09-26T09:32:08Z,219000809,54.916043,11.360075,0.1,Under way using engine
2026-09-26T09:32:09Z,219000811,54.838712,11.491825,0.0,Under way using engine
2026-09-26T09:32:24Z,219002177,54.916325,11.360572,0.0,Under way using engine
2026-09-26T09:32:38Z,219000809,54.916073,11.360058,0.1,Under way using engine
2026-09-26T09:32:39Z,219000811,54.838712,11.491823,0.0,Under way using engine
2026-09-26T09:32:54Z,219002177,54.916333,11.360582,0.0,Under way using engine
2026-09-26T09:33:08Z,219000809,54.916095,11.360035,0.0,Under way using engine
2026-09-26T09:33:09Z,219000811,54.838713,11.491823,0.0,Under way using engine
2026-09-26T09:33:24Z,219002177,54.916338,11.360585,0.0,Under way using engine
2026-09-26T09:33:38Z,219000809,54.916100,11.360045,0.0,Under way using engine
2026-09-26T09:33:39Z,219000811,54.838713,11.491820,0.0,Under way using engine
2026-09-26T09:33:55Z,219002177,54.916347,11.360577,0.0,Under way using engine
2026-09-26T09:34:08Z,219000809,54.916090,11.360048,0.0,Under way using engine
2026-09-26T09:34:09Z,219000811,54.838717,11.491817,0.0,Under way using engine
2026-09-26T09:34:33Z,219002177,54.916352,11.360568,0.0,Under way using engine
2026-09-26T09:34:38Z,219000809,54.916083,11.360050,0.0,Under way using engine
2026-09-26T09:34:39Z,219000811,54.838718,11.491818,0.0,Under way using engine
2026-09-26T09:35:04Z,219002177,54.916342,11.360562,0.0,Under way using engine
2026-09-26T09:35:08Z,219000809,54.916080,11.360043,0.0,Under way using engine
2026-09-26T09:35:09Z,219000811,54.838722,11.491815,0.0,Under way using engine
2026-09-26T09:35:35Z,219002177,54.916342,11.360577,0.0,Under way using engine
2026-09-26T09:35:39Z,219000811,54.838725,11.491815,0.0,Under way using engine
2026-09-26T09:35:48Z,219000809,54.916085,11.360040,0.0,Under way using engine
2026-09-26T09:36:09Z,219000811,54.838725,11.491818,0.0,Under way using engine
2026-09-26T09:36:15Z,219002177,54.916340,11.360568,0.0,Under way using engine
2026-09-26T09:36:19Z,219000809,54.916075,11.360047,0.0,Under way using engine
2026-09-26T09:36:39Z,219000811,54.838722,11.491818,0.0,Under way using engine
2026-09-26T09:36:45Z,219002177,54.916348,11.360550,0.0,Under way using engine
2026-09-26T09:36:58Z,219000809,54.916073,11.360048,0.0,Under way using engine
2026-09-26T09:37:15Z,219002177,54.916348,11.360540,0.0,Under way using engine
2026-09-26T09:37:20Z,219000811,54.838720,11.491820,0.0,Under way using engine
2026-09-26T09:37:29Z,219000809,54.916070,11.360048,0.0,Under way using engine
2026-09-26T09:37:45Z,219002177,54.916357,11.360543,0.0,Under way using engine
2026-09-26T09:37:50Z,219000811,54.838720,11.491818,0.0,Under way using engine
2026-09-26T09:38:08Z,219000809,54.916070,11.360057,0.0,Under way using engine
2026-09-26T09:38:15Z,219002177,54.916357,11.360552,0.0,Under way using engine
2026-09-26T09:38:20Z,219000811,54.838718,11.491817,0.0,Under way using engine
2026-09-26T09:38:49Z,219000809,54.916067,11.360062,0.0,Under way using engine
2026-09-26T09:38:50Z,219000811,54.838718,11.491817,0.0,Under way using engine
2026-09-26T09:38:55Z,219002177,54.916350,11.360553,0.0,Under way using engine
2026-09-26T09:39:19Z,219000809,54.916068,11.360073,0.0,Under way using engine
2026-09-26T09:39:20Z,219000811,54.838717,11.491817,0.0,Under way using engine
2026-09-26T09:39:33Z,219002177,54.916342,11.360557,0.0,Under way using engine
2026-09-26T09:39:49Z,219000809,54.916067,11.360055,0.0,Under way using engine
2026-09-26T09:39:50Z,219000811,54.838717,11.491818,0.0,Under way using engine
2026-09-26T09:40:04Z,219002177,54.916342,11.360570,0.0,Under way using engine
2026-09-26T09:40:20Z,219000811,54.838713,11.491820,0.0,Under way using engine
2026-09-26T09:40:29Z,219000809,54.916065,11.360038,0.0,Under way using engine
2026-09-26T09:40:50Z,219000811,54.838713,11.491818,0.0,Under way using engine
2026-09-26T09:40:55Z,219002177,54.916340,11.360567,0.0,Under way using engine
2026-09-26T09:41:07Z,219000809,54.916067,11.360043,0.0,Under way using engine
2026-09-26T09:41:29Z,219000811,54.838715,11.491818,0.0,Under way using engine
2026-09-26T09:41:33Z,219002177,54.916337,11.360552,0.0,Under way using engine
2026-09-26T09:41:37Z,219000809,54.916067,11.360035,0.0,Under way using engine
2026-09-26T09:41:59Z,219000811,54.838713,11.491815,0.0,Under way using engine
2026-09-26T09:42:04Z,219002177,54.916342,11.360552,0.0,Under way using engine
2026-09-26T09:42:07Z,219000809,54.916065,11.360042,0.0,Under way using engine
2026-09-26T09:42:29Z,219000811,54.838715,11.491815,0.0,Under way using engine
2026-09-26T09:42:38Z,219000809,54.916072,11.360058,0.0,Under way using engine
2026-09-26T09:42:44Z,219002177,54.916343,11.360557,0.0,Under way using engine
2026-09-26T09:42:59Z,219000811,54.838715,11.491812,0.0,Under way using engine
2026-09-26T09:43:15Z,219002177,54.916342,11.360568,0.0,Under way using engine
2026-09-26T09:43:18Z,219000809,54.916053,11.360060,0.0,Under way using engine
2026-09-26T09:43:29Z,219000811,54.838713,11.491813,0.0,Under way using engine
2026-09-26T09:43:49Z,219000809,54.916058,11.360060,0.0,Under way using engine
2026-09-26T09:43:55Z,219002177,54.916335,11.360565,0.0,Under way using engine
2026-09-26T09:43:59Z,219000811,54.838717,11.491815,0.0,Under way using engine
2026-09-26T09:44:29Z,219000809,54.916065,11.360052,0.0,Under way using engine
2026-09-26T09:44:29Z,219000811,54.838718,11.491813,0.0,Under way using engine
2026-09-26T09:44:34Z,219002177,54.916337,11.360542,0.1,Under way using engine
2026-09-26T09:44:59Z,219000809,54.916062,11.360048,0.0,Under way using engine
2026-09-26T09:44:59Z,219000811,54.838722,11.491813,0.0,Under way using engine
2026-09-26T09:45:15Z,219002177,54.916343,11.360558,0.0,Under way using engine
2026-09-26T09:45:29Z,219000809,54.916058,11.360048,0.0,Under way using engine
2026-09-26T09:45:29Z,219000811,54.838723,11.491812,0.0,Under way using engine
2026-09-26T09:45:55Z,219002177,54.916342,11.360562,0.0,Under way using engine
2026-09-26T09:45:59Z,219000811,54.838725,11.491812,0.0,Under way using engine
2026-09-26T09:46:08Z,219000809,54.916063,11.360055,0.0,Under way using engine
2026-09-26T09:46:30Z,219000811,54.838727,11.491815,0.0,Under way using engine
2026-09-26T09:46:34Z,219002177,54.916342,11.360575,0.0,Under way using engine
2026-09-26T09:46:38Z,219000809,54.916057,11.360203,1.7,Under way using engine
2026-09-26T09:47:04Z,219002177,54.916347,11.360573,0.0,Under way using engine
2026-09-26T09:47:08Z,219000809,54.916078,11.361508,6.8,Under way using engine
2026-09-26T09:47:10Z,219000811,54.838727,11.491817,0.0,Under way using engine
2026-09-26T09:47:34Z,219002177,54.916343,11.360565,0.0,Under way using engine
2026-09-26T09:47:38Z,219000809,54.916247,11.363398,8.3,Under way using engine
2026-09-26T09:47:40Z,219000811,54.838725,11.491815,0.0,Under way using engine
2026-09-26T09:48:04Z,219002177,54.916342,11.360552,0.0,Under way using engine
2026-09-26T09:48:08Z,219000809,54.916422,11.365478,8.9,Under way using engine
2026-09-26T09:48:10Z,219000811,54.838723,11.491817,0.0,Under way using engine
2026-09-26T09:48:34Z,219002177,54.916337,11.360545,0.0,Under way using engine
2026-09-26T09:48:38Z,219000809,54.916613,11.367645,9.1,Under way using engine
2026-09-26T09:48:50Z,219000811,54.838720,11.491818,0.0,Under way using engine
2026-09-26T09:49:04Z,219002177,54.916342,11.360552,0.0,Under way using engine
2026-09-26T09:49:08Z,219000809,54.916823,11.369780,9.2,Under way using engine
2026-09-26T09:49:20Z,219000811,54.838717,11.491822,0.0,Under way using engine
2026-09-26T09:49:35Z,219002177,54.916353,11.360548,0.0,Under way using engine
2026-09-26T09:49:38Z,219000809,54.916793,11.372003,9.1,Under way using engine
2026-09-26T09:49:50Z,219000811,54.838715,11.491820,0.0,Under way using engine
2026-09-26T09:50:08Z,219000809,54.916702,11.374243,9.3,Under way using engine
2026-09-26T09:50:14Z,219002177,54.916352,11.360543,0.0,Under way using engine
2026-09-26T09:50:20Z,219000811,54.838715,11.491817,0.0,Under way using engine
2026-09-26T09:50:38Z,219000809,54.916060,11.376158,9.4,Under way using engine
2026-09-26T09:50:44Z,219002177,54.916355,11.360577,0.3,Under way using engine
2026-09-26T09:50:50Z,219000811,54.838715,11.491818,0.0,Under way using engine
2026-09-26T09:51:08Z,219000809,54.915113,11.377805,9.7,Under way using engine
2026-09-26T09:51:14Z,219002177,54.916345,11.360872,2.1,Under way using engine
2026-09-26T09:51:20Z,219000811,54.838717,11.491817,0.0,Under way using engine
2026-09-26T09:51:38Z,219000809,54.914158,11.379443,9.7,Under way using engine
2026-09-26T09:51:44Z,219002177,54.916313,11.361827,4.7,Under way using engine
2026-09-26T09:51:50Z,219000811,54.838717,11.491817,0.0,Under way using engine
2026-09-26T09:52:08Z,219000809,54.913250,11.381152,9.7,Under way using engine
2026-09-26T09:52:20Z,219000811,54.838718,11.491817,0.0,Under way using engine
2026-09-26T09:52:24Z,219002177,54.916348,11.363707,6.5,Under way using engine
2026-09-26T09:52:38Z,219000809,54.912415,11.382965,9.7,Under way using engine
2026-09-26T09:52:50Z,219000811,54.838722,11.491817,0.0,Under way using engine
2026-09-26T09:53:04Z,219002177,54.916460,11.366033,7.4,Under way using engine
2026-09-26T09:53:08Z,219000809,54.911580,11.384773,9.6,Under way using engine
2026-09-26T09:53:20Z,219000811,54.838723,11.491817,0.0,Under way using engine
2026-09-26T09:53:35Z,219002177,54.916660,11.367830,7.7,Under way using engine
2026-09-26T09:53:38Z,219000809,54.910728,11.386570,9.6,Under way using engine
2026-09-26T09:53:50Z,219000811,54.838725,11.491817,0.0,Under way using engine
2026-09-26T09:54:08Z,219000809,54.909923,11.388403,9.6,Under way using engine
2026-09-26T09:54:14Z,219002177,54.916953,11.370268,7.8,Under way using engine
2026-09-26T09:54:20Z,219000811,54.838723,11.491817,0.0,Under way using engine
2026-09-26T09:54:38Z,219000809,54.909093,11.390227,9.6,Under way using engine
2026-09-26T09:54:44Z,219002177,54.917522,11.371577,6.5,Under way using engine
2026-09-26T09:54:59Z,219000811,54.838722,11.491817,0.0,Under way using engine
2026-09-26T09:55:08Z,219000809,54.908410,11.392197,9.6,Under way using engine
2026-09-26T09:55:14Z,219002177,54.918408,11.371945,6.7,Under way using engine
2026-09-26T09:55:38Z,219000809,54.907842,11.394295,9.6,Under way using engine
2026-09-26T09:55:39Z,219000811,54.838722,11.491820,0.0,Under way using engine
2026-09-26T09:55:44Z,219002177,54.919372,11.372012,7.0,Under way using engine
2026-09-26T09:56:08Z,219000809,54.907260,11.396383,9.7,Under way using engine
2026-09-26T09:56:14Z,219002177,54.920353,11.372075,7.1,Under way using engine
2026-09-26T09:56:20Z,219000811,54.838722,11.491822,0.0,Under way using engine
2026-09-26T09:56:38Z,219000809,54.906678,11.398478,9.7,Under way using engine
2026-09-26T09:56:44Z,219002177,54.921350,11.372145,7.2,Under way using engine
2026-09-26T09:56:59Z,219000811,54.838720,11.491822,0.0,Under way using engine
2026-09-26T09:57:08Z,219000809,54.906103,11.400595,9.7,Under way using engine
2026-09-26T09:57:14Z,219002177,54.922375,11.372192,7.4,Under way using engine
2026-09-26T09:57:38Z,219000809,54.905523,11.402710,9.7,Under way using engine
2026-09-26T09:57:39Z,219000811,54.838720,11.491822,0.0,Under way using engine
2026-09-26T09:57:44Z,219002177,54.923402,11.372275,7.4,Under way using engine
2026-09-26T09:58:08Z,219000809,54.904972,11.404843,9.7,Under way using engine
2026-09-26T09:58:09Z,219000811,54.838720,11.491823,0.0,Under way using engine
2026-09-26T09:58:14Z,219002177,54.924432,11.372345,7.4,Under way using engine
2026-09-26T09:58:38Z,219000809,54.904403,11.406947,9.7,Under way using engine
2026-09-26T09:58:39Z,219000811,54.838720,11.491823,0.0,Under way using engine
2026-09-26T09:58:45Z,219002177,54.925463,11.372275,7.4,Under way using engine
2026-09-26T09:59:08Z,219000809,54.903850,11.409040,9.6,Under way using engine
2026-09-26T09:59:09Z,219000811,54.838718,11.491823,0.0,Under way using engine
2026-09-26T09:59:23Z,219002177,54.926807,11.372168,7.4,Under way using engine
2026-09-26T09:59:38Z,219000809,54.903288,11.411135,9.6,Under way using engine
2026-09-26T09:59:39Z,219000811,54.838718,11.491823,0.0,Under way using engine
2026-09-26T09:59:55Z,219002177,54.927872,11.372050,7.5,Under way using engine
2026-09-26T10:00:08Z,219000809,54.902733,11.413218,9.5,Under way using engine
2026-09-26T10:00:09Z,219000811,54.838717,11.491823,0.0,Under way using engine
2026-09-26T10:00:35Z,219002177,54.929252,11.371940,7.5,Under way using engine
2026-09-26T10:00:38Z,219000809,54.902197,11.415297,9.4,Under way using engine
2026-09-26T10:00:39Z,219000811,54.838717,11.491820,0.0,Under way using engine
2026-09-26T10:01:08Z,219000809,54.901653,11.417342,9.4,Under way using engine
2026-09-26T10:01:09Z,219000811,54.838718,11.491818,0.0,Under way using engine
2026-09-26T10:01:14Z,219002177,54.930632,11.371827,7.5,Under way using engine
2026-09-26T10:01:38Z,219000809,54.901122,11.419410,9.4,Under way using engine
2026-09-26T10:01:39Z,219000811,54.838720,11.491817,0.0,Under way using engine
2026-09-26T10:01:45Z,219002177,54.931662,11.371737,7.4,Under way using engine
2026-09-26T10:02:08Z,219000809,54.900575,11.421470,9.4,Under way using engine
2026-09-26T10:02:09Z,219000811,54.838723,11.491815,0.0,Under way using engine
2026-09-26T10:02:23Z,219002177,54.933013,11.371622,7.4,Under way using engine
2026-09-26T10:02:38Z,219000809,54.900030,11.423538,9.4,Under way using engine
2026-09-26T10:02:39Z,219000811,54.838723,11.491815,0.0,Under way using engine
2026-09-26T10:02:55Z,219002177,54.934032,11.371517,6.8,Under way using engine
2026-09-26T10:03:08Z,219000809,54.899475,11.425592,9.4,Under way using engine
2026-09-26T10:03:09Z,219000811,54.838723,11.491822,0.0,Under way using engine
2026-09-26T10:03:35Z,219002177,54.935085,11.371475,4.8,Under way using engine
2026-09-26T10:03:38Z,219000809,54.898953,11.427580,9.4,Under way using engine
2026-09-26T10:03:39Z,219000811,54.838727,11.491825,0.0,Under way using engine
2026-09-26T10:04:05Z,219002177,54.935602,11.371645,3.1,Under way using engine
2026-09-26T10:04:09Z,219000811,54.838728,11.491827,0.0,Under way using engine
2026-09-26T10:04:18Z,219000809,54.898120,11.430212,9.4,Under way using engine
2026-09-26T10:04:35Z,219002177,54.935820,11.371838,1.4,Under way using engine
2026-09-26T10:04:39Z,219000811,54.838727,11.491822,0.0,Under way using engine
2026-09-26T10:04:48Z,219000809,54.897450,11.432145,9.4,Under way using engine
2026-09-26T10:05:05Z,219002177,54.935950,11.371958,0.9,Under way using engine
2026-09-26T10:05:09Z,219000811,54.838725,11.491820,0.0,Under way using engine
2026-09-26T10:05:18Z,219000809,54.896785,11.434087,9.4,Under way using engine
2026-09-26T10:05:35Z,219002177,54.935960,11.371985,0.0,Under way using engine
2026-09-26T10:05:39Z,219000811,54.838728,11.491817,0.0,Under way using engine
2026-09-26T10:05:48Z,219000809,54.896112,11.436008,9.4,Under way using engine
2026-09-26T10:06:05Z,219002177,54.935960,11.371985,0.0,Under way using engine
2026-09-26T10:06:09Z,219000811,54.838730,11.491817,0.0,Under way using engine
2026-09-26T10:06:18Z,219000809,54.895417,11.437923,9.4,Under way using engine
2026-09-26T10:06:35Z,219002177,54.935955,11.371988,0.0,Under way using engine
2026-09-26T10:06:39Z,219000811,54.838730,11.491818,0.0,Under way using engine
2026-09-26T10:06:58Z,219000809,54.894315,11.440368,9.4,Under way using engine
2026-09-26T10:07:05Z,219002177,54.935952,11.371990,0.0,Under way using engine
2026-09-26T10:07:09Z,219000811,54.838728,11.491817,0.0,Under way using engine
2026-09-26T10:07:35Z,219002177,54.935955,11.371990,0.0,Under way using engine
2026-09-26T10:07:37Z,219000809,54.893297,11.442733,9.5,Under way using engine
2026-09-26T10:07:39Z,219000811,54.838730,11.491818,0.0,Under way using engine
2026-09-26T10:08:05Z,219002177,54.935950,11.371992,0.0,Under way using engine
2026-09-26T10:08:07Z,219000809,54.892485,11.444510,9.4,Under way using engine
2026-09-26T10:08:09Z,219000811,54.838733,11.491820,0.0,Under way using engine
2026-09-26T10:08:35Z,219002177,54.935955,11.372010,0.0,Under way using engine
2026-09-26T10:08:37Z,219000809,54.891720,11.446337,9.4,Under way using engine
2026-09-26T10:08:50Z,219000811,54.838735,11.491820,0.0,Under way using engine
2026-09-26T10:09:07Z,219000809,54.890910,11.448115,9.4,Under way using engine
2026-09-26T10:09:15Z,219002177,54.935950,11.372000,0.0,Under way using engine
2026-09-26T10:09:29Z,219000811,54.838733,11.491822,0.0,Under way using engine
2026-09-26T10:09:37Z,219000809,54.890112,11.449915,9.5,Under way using engine
2026-09-26T10:09:53Z,219002177,54.935945,11.371990,0.0,Under way using engine
2026-09-26T10:10:00Z,219000811,54.838732,11.491822,0.0,Under way using engine
2026-09-26T10:10:07Z,219000809,54.889292,11.451703,9.5,Under way using engine
2026-09-26T10:10:23Z,219002177,54.935943,11.371998,0.0,Under way using engine
2026-09-26T10:10:30Z,219000811,54.838730,11.491823,0.0,Under way using engine
2026-09-26T10:10:37Z,219000809,54.888465,11.453475,9.5,Under way using engine
2026-09-26T10:10:53Z,219002177,54.935965,11.371985,0.0,Under way using engine
2026-09-26T10:11:00Z,219000811,54.838730,11.491825,0.0,Under way using engine
2026-09-26T10:11:08Z,219000809,54.887532,11.455203,9.6,Under way using engine
2026-09-26T10:11:23Z,219002177,54.935963,11.371997,0.0,Under way using engine
2026-09-26T10:11:30Z,219000811,54.838728,11.491823,0.0,Under way using engine
2026-09-26T10:11:48Z,219000809,54.886315,11.457452,9.7,Under way using engine
2026-09-26T10:11:53Z,219002177,54.935963,11.372010,0.0,Under way using engine
2026-09-26T10:12:00Z,219000811,54.838725,11.491825,0.0,Under way using engine
2026-09-26T10:12:23Z,219002177,54.935968,11.372002,0.0,Under way using engine
2026-09-26T10:12:28Z,219000809,54.885088,11.459603,9.7,Under way using engine
2026-09-26T10:12:30Z,219000811,54.838723,11.491822,0.0,Under way using engine
2026-09-26T10:12:53Z,219002177,54.935960,11.372003,0.0,Under way using engine
2026-09-26T10:12:58Z,219000809,54.884218,11.461470,9.7,Under way using engine
2026-09-26T10:13:00Z,219000811,54.838723,11.491820,0.0,Under way using engine
2026-09-26T10:13:23Z,219002177,54.935960,11.372000,0.0,Under way using engine
2026-09-26T10:13:28Z,219000809,54.883437,11.463232,9.5,Under way using engine
2026-09-26T10:13:30Z,219000811,54.838723,11.491818,0.0,Under way using engine
2026-09-26T10:13:53Z,219002177,54.935962,11.371993,0.0,Under way using engine
2026-09-26T10:13:58Z,219000809,54.882853,11.465293,9.3,Under way using engine
2026-09-26T10:14:00Z,219000811,54.838722,11.491820,0.0,Under way using engine
2026-09-26T10:14:28Z,219000809,54.882395,11.467280,9.2,Under way using engine
2026-09-26T10:14:30Z,219000811,54.838720,11.491822,0.0,Under way using engine
2026-09-26T10:14:34Z,219002177,54.935973,11.371998,0.0,Under way using engine
2026-09-26T10:15:00Z,219000811,54.838718,11.491823,0.0,Under way using engine
2026-09-26T10:15:05Z,219002177,54.935970,11.372010,0.0,Under way using engine
2026-09-26T10:15:08Z,219000809,54.881768,11.470082,9.1,Under way using engine
2026-09-26T10:15:30Z,219000811,54.838720,11.491823,0.0,Under way using engine
2026-09-26T10:15:44Z,219002177,54.935870,11.371923,1.4,Under way using engine
2026-09-26T10:15:48Z,219000809,54.881183,11.472832,9.1,Under way using engine
2026-09-26T10:16:00Z,219000811,54.838722,11.491822,0.0,Under way using engine
2026-09-26T10:16:14Z,219002177,54.935485,11.371603,3.8,Under way using engine
2026-09-26T10:16:28Z,219000809,54.880748,11.475517,8.8,Under way using engine
2026-09-26T10:16:30Z,219000811,54.838723,11.491820,0.0,Under way using engine
2026-09-26T10:16:44Z,219002177,54.934848,11.371118,5.5,Under way using engine
2026-09-26T10:17:00Z,219000811,54.838720,11.491820,0.0,Under way using engine
2026-09-26T10:17:07Z,219000809,54.880653,11.478385,9.1,Under way using engine
2026-09-26T10:17:14Z,219002177,54.933983,11.370930,6.6,Under way using engine
2026-09-26T10:17:30Z,219000811,54.838720,11.491817,0.0,Under way using engine
2026-09-26T10:17:37Z,219000809,54.880783,11.480568,9.2,Under way using engine
2026-09-26T10:17:44Z,219002177,54.932987,11.371077,7.4,Under way using engine
2026-09-26T10:18:00Z,219000811,54.838720,11.491818,0.0,Under way using engine
2026-09-26T10:18:07Z,219000809,54.881143,11.482608,8.7,Under way using engine
2026-09-26T10:18:14Z,219002177,54.931917,11.371198,7.9,Under way using engine
2026-09-26T10:18:30Z,219000811,54.838720,11.491820,0.0,Under way using engine
2026-09-26T10:18:37Z,219000809,54.882105,11.483590,8.0,Under way using engine
2026-09-26T10:18:44Z,219002177,54.930805,11.371347,8.1,Under way using engine
2026-09-26T10:19:00Z,219000811,54.838722,11.491820,0.0,Under way using engine
2026-09-26T10:19:07Z,219000809,54.883018,11.483512,6.1,Under way using engine
2026-09-26T10:19:14Z,219002177,54.929722,11.371485,8.1,Under way using engine
2026-09-26T10:19:30Z,219000811,54.838722,11.491820,0.0,Under way using engine
2026-09-26T10:19:37Z,219000809,54.883705,11.483320,4.1,Under way using engine
2026-09-26T10:19:44Z,219002177,54.928560,11.371643,8.2,Under way using engine
2026-09-26T10:20:00Z,219000811,54.838722,11.491820,0.0,Under way using engine
2026-09-26T10:20:07Z,219000809,54.884107,11.483260,2.5,Under way using engine
2026-09-26T10:20:14Z,219002177,54.927467,11.371795,8.2,Under way using engine
2026-09-26T10:20:30Z,219000811,54.838723,11.491822,0.0,Under way using engine
2026-09-26T10:20:37Z,219000809,54.884248,11.483228,0.9,Under way using engine
2026-09-26T10:20:55Z,219002177,54.925937,11.372015,8.2,Under way using engine
2026-09-26T10:21:00Z,219000811,54.838723,11.491820,0.0,Under way using engine
2026-09-26T10:21:07Z,219000809,54.884303,11.483205,0.1,Under way using engine
2026-09-26T10:21:30Z,219000811,54.838725,11.491818,0.0,Under way using engine
2026-09-26T10:21:35Z,219002177,54.924442,11.372235,8.1,Under way using engine
2026-09-26T10:21:37Z,219000809,54.884312,11.483220,0.0,Under way using engine
2026-09-26T10:22:00Z,219000811,54.838725,11.491815,0.0,Under way using engine
2026-09-26T10:22:05Z,219002177,54.923265,11.372385,8.1,Under way using engine
2026-09-26T10:22:07Z,219000809,54.884315,11.483213,0.0,Under way using engine
2026-09-26T10:22:30Z,219000811,54.838725,11.491815,0.0,Under way using engine
2026-09-26T10:22:37Z,219000809,54.884320,11.483217,0.0,Under way using engine
2026-09-26T10:22:44Z,219002177,54.921810,11.372545,8.0,Under way using engine
2026-09-26T10:23:00Z,219000811,54.838725,11.491813,0.0,Under way using engine
2026-09-26T10:23:09Z,219000809,54.884315,11.483210,0.0,Under way using engine
2026-09-26T10:23:14Z,219002177,54.920752,11.372432,7.9,Under way using engine
2026-09-26T10:23:40Z,219000811,54.838725,11.491812,0.0,Under way using engine
2026-09-26T10:23:44Z,219002177,54.919632,11.372233,7.9,Under way using engine
2026-09-26T10:23:49Z,219000809,54.884320,11.483223,0.0,Under way using engine
2026-09-26T10:24:10Z,219000811,54.838727,11.491808,0.0,Under way using engine
2026-09-26T10:24:14Z,219002177,54.918597,11.372020,7.8,Under way using engine
2026-09-26T10:24:28Z,219000809,54.884323,11.483215,0.0,Under way using engine
2026-09-26T10:24:40Z,219000811,54.838725,11.491808,0.0,Under way using engine
2026-09-26T10:24:44Z,219002177,54.917545,11.371520,7.5,Under way using engine
2026-09-26T10:24:59Z,219000809,54.884322,11.483225,0.0,Under way using engine
2026-09-26T10:25:10Z,219000811,54.838725,11.491808,0.0,Under way using engine
2026-09-26T10:25:14Z,219002177,54.916853,11.370437,6.8,Under way using engine
2026-09-26T10:25:37Z,219000809,54.884312,11.483213,0.0,Under way using engine
2026-09-26T10:25:40Z,219000811,54.838725,11.491810,0.0,Under way using engine
2026-09-26T10:26:05Z,219002177,54.916515,11.367702,6.7,Under way using engine
2026-09-26T10:26:09Z,219000809,54.884312,11.483213,0.0,Under way using engine
2026-09-26T10:26:10Z,219000811,54.838725,11.491810,0.0,Under way using engine
2026-09-26T10:26:40Z,219000811,54.838725,11.491808,0.0,Under way using engine
2026-09-26T10:26:45Z,219002177,54.916428,11.365602,6.9,Under way using engine
2026-09-26T10:26:49Z,219000809,54.884312,11.483222,0.1,Under way using engine
2026-09-26T10:27:10Z,219000811,54.838723,11.491808,0.0,Under way using engine
2026-09-26T10:27:24Z,219002177,54.916315,11.363465,6.3,Under way using engine
2026-09-26T10:27:28Z,219000809,54.884245,11.483242,0.7,Under way using engine
2026-09-26T10:27:40Z,219000811,54.838722,11.491808,0.0,Under way using engine
2026-09-26T10:27:55Z,219002177,54.916303,11.362110,5.1,Under way using engine
2026-09-26T10:27:59Z,219000809,54.883812,11.483340,4.4,Under way using engine
2026-09-26T10:28:10Z,219000811,54.838722,11.491810,0.0,Under way using engine
2026-09-26T10:28:34Z,219002177,54.916348,11.361087,2.1,Under way using engine
2026-09-26T10:28:38Z,219000809,54.882675,11.483393,6.4,Under way using engine
2026-09-26T10:28:50Z,219000811,54.838722,11.491812,0.0,Under way using engine
2026-09-26T10:29:05Z,219002177,54.916348,11.360747,1.2,Under way using engine
2026-09-26T10:29:28Z,219000809,54.881982,11.483892,1.0,Under way using engine
2026-09-26T10:29:29Z,219000811,54.838720,11.491813,0.0,Under way using engine
2026-09-26T10:29:45Z,219002177,54.916358,11.360535,0.1,Under way using engine
2026-09-26T10:29:59Z,219000809,54.881537,11.483150,6.4,Under way using engine
2026-09-26T10:30:00Z,219000811,54.838720,11.491812,0.0,Under way using engine
2026-09-26T10:30:24Z,219002177,54.916360,11.360517,0.0,Under way using engine
2026-09-26T10:30:38Z,219000809,54.880645,11.481160,8.2,Under way using engine
2026-09-26T10:30:38Z,219000811,54.838722,11.491812,0.0,Under way using engine
2026-09-26T10:30:54Z,219002177,54.916358,11.360527,0.0,Under way using engine
2026-09-26T10:31:18Z,219000809,54.880442,11.478527,8.7,Under way using engine
2026-09-26T10:31:19Z,219000811,54.838722,11.491812,0.0,Under way using engine
2026-09-26T10:31:24Z,219002177,54.916362,11.360528,0.0,Under way using engine
2026-09-26T10:31:50Z,219000811,54.838722,11.491813,0.0,Under way using engine
2026-09-26T10:31:54Z,219002177,54.916365,11.360527,0.0,Under way using engine
2026-09-26T10:31:59Z,219000809,54.880470,11.475652,8.8,Under way using engine
2026-09-26T10:32:24Z,219002177,54.916353,11.360560,0.0,Under way using engine
2026-09-26T10:32:29Z,219000811,54.838722,11.491813,0.0,Under way using engine
2026-09-26T10:32:37Z,219000809,54.880722,11.473040,8.6,Under way using engine
2026-09-26T10:32:54Z,219002177,54.916337,11.360547,0.0,Under way using engine
2026-09-26T10:32:59Z,219000811,54.838723,11.491815,0.0,Under way using engine
2026-09-26T10:33:08Z,219000809,54.881183,11.471095,8.8,Under way using engine
2026-09-26T10:33:24Z,219002177,54.916347,11.360538,0.0,Under way using engine
2026-09-26T10:33:29Z,219000811,54.838725,11.491810,0.0,Under way using engine
2026-09-26T10:33:47Z,219000809,54.881785,11.468457,8.9,Under way using engine
2026-09-26T10:33:54Z,219002177,54.916367,11.360553,0.0,Under way using engine
2026-09-26T10:33:59Z,219000811,54.838725,11.491810,0.0,Under way using engine
2026-09-26T10:34:18Z,219000809,54.882417,11.466672,8.7,Under way using engine
2026-09-26T10:34:24Z,219002177,54.916365,11.360555,0.0,Under way using engine
2026-09-26T10:34:29Z,219000811,54.838728,11.491812,0.0,Under way using engine
2026-09-26T10:34:54Z,219002177,54.916358,11.360578,0.0,Under way using engine
2026-09-26T10:34:58Z,219000809,54.883495,11.464480,8.8,Under way using engine
2026-09-26T10:34:59Z,219000811,54.838725,11.491812,0.0,Under way using engine
2026-09-26T10:35:24Z,219002177,54.916368,11.360533,0.0,Under way using engine
2026-09-26T10:35:28Z,219000809,54.884295,11.462878,8.8,Under way using engine
2026-09-26T10:35:29Z,219000811,54.838725,11.491812,0.0,Under way using engine
2026-09-26T10:35:54Z,219002177,54.916367,11.360548,0.0,Under way using engine
2026-09-26T10:35:58Z,219000809,54.885073,11.461267,8.7,Under way using engine
2026-09-26T10:35:59Z,219000811,54.838727,11.491813,0.0,Under way using engine
2026-09-26T10:36:24Z,219002177,54.916352,11.360543,0.0,Under way using engine
2026-09-26T10:36:28Z,219000809,54.885853,11.459668,8.7,Under way using engine
2026-09-26T10:36:30Z,219000811,54.838728,11.491817,0.0,Under way using engine
2026-09-26T10:36:54Z,219002177,54.916373,11.360510,0.0,Under way using engine
2026-09-26T10:36:58Z,219000809,54.886628,11.458093,8.6,Under way using engine
2026-09-26T10:37:10Z,219000811,54.838725,11.491820,0.0,Under way using engine
2026-09-26T10:37:25Z,219002177,54.916352,11.360527,0.0,Under way using engine
2026-09-26T10:37:28Z,219000809,54.887387,11.456518,8.6,Under way using engine
2026-09-26T10:37:40Z,219000811,54.838723,11.491822,0.0,Under way using engine
2026-09-26T10:37:58Z,219000809,54.888163,11.454952,8.6,Under way using engine
2026-09-26T10:38:03Z,219002177,54.916355,11.360507,0.0,Under way using engine
2026-09-26T10:38:10Z,219000811,54.838722,11.491820,0.0,Under way using engine
2026-09-26T10:38:28Z,219000809,54.888948,11.453368,8.6,Under way using engine
2026-09-26T10:38:34Z,219002177,54.916337,11.360535,0.0,Under way using engine
2026-09-26T10:38:40Z,219000811,54.838722,11.491820,0.0,Under way using engine
2026-09-26T10:38:58Z,219000809,54.889715,11.451785,8.6,Under way using engine
2026-09-26T10:39:20Z,219000811,54.838722,11.491818,0.0,Under way using engine
2026-09-26T10:39:25Z,219002177,54.916347,11.360545,0.0,Under way using engine
2026-09-26T10:39:29Z,219000809,54.890517,11.450180,8.6,Under way using engine
2026-09-26T10:39:59Z,219000809,54.891145,11.448415,8.7,Under way using engine
2026-09-26T10:39:59Z,219000811,54.838722,11.491815,0.0,Under way using engine
2026-09-26T10:40:03Z,219002177,54.916368,11.360522,0.0,Under way using engine
2026-09-26T10:40:29Z,219000809,54.891682,11.446563,8.8,Under way using engine
2026-09-26T10:40:30Z,219000811,54.838722,11.491815,0.0,Under way using engine
2026-09-26T10:40:45Z,219002177,54.916382,11.360517,0.0,Under way using engine
2026-09-26T10:40:59Z,219000809,54.892228,11.444653,8.8,Under way using engine
2026-09-26T10:41:10Z,219000811,54.838722,11.491817,0.0,Under way using engine
2026-09-26T10:41:25Z,219002177,54.916367,11.360532,0.0,Under way using engine
2026-09-26T10:41:29Z,219000809,54.892758,11.442738,8.8,Under way using engine
2026-09-26T10:41:40Z,219000811,54.838720,11.491817,0.0,Under way using engine
2026-09-26T10:41:59Z,219000809,54.893287,11.440825,8.7,Under way using engine
2026-09-26T10:42:14Z,219002177,54.916353,11.360523,0.0,Under way using engine
2026-09-26T10:42:19Z,219000811,54.838723,11.491820,0.0,Under way using engine
2026-09-26T10:42:29Z,219000809,54.893813,11.438940,8.8,Under way using engine
2026-09-26T10:42:49Z,219000811,54.838725,11.491820,0.0,Under way using engine
2026-09-26T10:42:54Z,219002177,54.916362,11.360532,0.0,Under way using engine
2026-09-26T10:42:59Z,219000809,54.894332,11.437037,8.7,Under way using engine
2026-09-26T10:43:19Z,219000811,54.838727,11.491820,0.0,Under way using engine
2026-09-26T10:43:25Z,219002177,54.916347,11.360535,0.0,Under way using engine
2026-09-26T10:43:29Z,219000809,54.894862,11.435155,8.8,Under way using engine
2026-09-26T10:43:49Z,219000811,54.838728,11.491822,0.0,Under way using engine
2026-09-26T10:43:55Z,219002177,54.916358,11.360533,0.0,Under way using engine
2026-09-26T10:43:59Z,219000809,54.895400,11.433243,8.8,Under way using engine
2026-09-26T10:44:19Z,219000811,54.838728,11.491822,0.0,Under way using engine
2026-09-26T10:44:25Z,219002177,54.916445,11.360478,0.0,Under way using engine
2026-09-26T10:44:29Z,219000809,54.895960,11.431323,8.8,Under way using engine
2026-09-26T10:44:49Z,219000811,54.838723,11.491822,0.0,Under way using engine
2026-09-26T10:44:55Z,219002177,54.916370,11.360520,0.0,Under way using engine
2026-09-26T10:44:59Z,219000809,54.896527,11.429370,8.7,Under way using engine
2026-09-26T10:45:19Z,219000811,54.838727,11.491823,0.0,Under way using engine
2026-09-26T10:45:29Z,219000809,54.897058,11.427490,8.8,Under way using engine
2026-09-26T10:45:34Z,219002177,54.916357,11.360537,0.0,Under way using engine
2026-09-26T10:45:49Z,219000811,54.838727,11.491825,0.0,Under way using engine
2026-09-26T10:45:59Z,219000809,54.897550,11.425637,8.8,Under way using engine
2026-09-26T10:46:04Z,219002177,54.916353,11.360550,0.0,Under way using engine
2026-09-26T10:46:19Z,219000811,54.838728,11.491827,0.0,Under way using engine
2026-09-26T10:46:29Z,219000809,54.898092,11.423753,8.8,Under way using engine
2026-09-26T10:46:34Z,219002177,54.916353,11.360525,0.0,Under way using engine
2026-09-26T10:46:49Z,219000811,54.838727,11.491830,0.0,Under way using engine
2026-09-26T10:46:59Z,219000809,54.898648,11.421817,8.8,Under way using engine
2026-09-26T10:47:04Z,219002177,54.916345,11.360553,0.0,Under way using engine
2026-09-26T10:47:19Z,219000811,54.838727,11.491828,0.0,Under way using engine
2026-09-26T10:47:29Z,219000809,54.899185,11.419913,8.8,Under way using engine
2026-09-26T10:47:34Z,219002177,54.916337,11.360525,0.0,Under way using engine
2026-09-26T10:47:49Z,219000811,54.838723,11.491830,0.0,Under way using engine
2026-09-26T10:48:07Z,219000809,54.899855,11.417480,8.8,Under way using engine
2026-09-26T10:48:14Z,219002177,54.916355,11.360512,0.0,Under way using engine
2026-09-26T10:48:19Z,219000811,54.838725,11.491830,0.0,Under way using engine
2026-09-26T10:48:38Z,219000809,54.900408,11.415517,8.8,Under way using engine
2026-09-26T10:48:44Z,219002177,54.916375,11.360538,0.0,Under way using engine
2026-09-26T10:48:49Z,219000811,54.838720,11.491830,0.0,Under way using engine
2026-09-26T10:49:14Z,219002177,54.916342,11.360530,0.0,Under way using engine
2026-09-26T10:49:18Z,219000809,54.901140,11.413052,8.8,Under way using engine
2026-09-26T10:49:19Z,219000811,54.838718,11.491832,0.0,Under way using engine
2026-09-26T10:49:44Z,219002177,54.916363,11.360547,0.0,Under way using engine
2026-09-26T10:49:49Z,219000811,54.838722,11.491830,0.0,Under way using engine
2026-09-26T10:49:58Z,219000809,54.901867,11.410438,8.9,Under way using engine
2026-09-26T10:50:14Z,219002177,54.916352,11.360538,0.0,Under way using engine
2026-09-26T10:50:19Z,219000811,54.838723,11.491832,0.0,Under way using engine
2026-09-26T10:50:38Z,219000809,54.902750,11.408058,8.8,Under way using engine
2026-09-26T10:50:44Z,219002177,54.916342,11.360540,0.1,Under way using engine
2026-09-26T10:50:49Z,219000811,54.838722,11.491833,0.0,Under way using engine
2026-09-26T10:51:08Z,219000809,54.903440,11.406353,8.7,Under way using engine
2026-09-26T10:51:14Z,219002177,54.916372,11.360545,0.2,Under way using engine
2026-09-26T10:51:19Z,219000811,54.838720,11.491835,0.0,Under way using engine
2026-09-26T10:51:38Z,219000809,54.904158,11.404655,8.7,Under way using engine
2026-09-26T10:51:44Z,219002177,54.916350,11.360528,0.0,Under way using engine
2026-09-26T10:51:50Z,219000811,54.838723,11.491833,0.0,Under way using engine
2026-09-26T10:52:08Z,219000809,54.904865,11.402980,8.7,Under way using engine
2026-09-26T10:52:14Z,219002177,54.916350,11.360522,0.0,Under way using engine
2026-09-26T10:52:29Z,219000811,54.838723,11.491830,0.0,Under way using engine
2026-09-26T10:52:38Z,219000809,54.905557,11.401310,8.6,Under way using engine
2026-09-26T10:52:44Z,219002177,54.916362,11.360608,0.4,Under way using engine
2026-09-26T10:53:08Z,219000809,54.906262,11.399640,8.6,Under way using engine
2026-09-26T10:53:09Z,219000811,54.838725,11.491827,0.0,Under way using engine
2026-09-26T10:53:14Z,219002177,54.916347,11.361077,3.0,Under way using engine
2026-09-26T10:53:38Z,219000809,54.906967,11.397970,8.6,Under way using engine
2026-09-26T10:53:40Z,219000811,54.838723,11.491825,0.0,Under way using engine
2026-09-26T10:53:45Z,219002177,54.916348,11.362240,5.6,Under way using engine
2026-09-26T10:54:08Z,219000809,54.907662,11.396278,8.6,Under way using engine
2026-09-26T10:54:10Z,219000811,54.838727,11.491827,0.0,Under way using engine
2026-09-26T10:54:25Z,219002177,54.916412,11.364332,7.0,Under way using engine
2026-09-26T10:54:38Z,219000809,54.908360,11.394617,8.6,Under way using engine
2026-09-26T10:54:40Z,219000811,54.838727,11.491827,0.0,Under way using engine
2026-09-26T10:55:04Z,219002177,54.916597,11.366698,7.6,Under way using engine
2026-09-26T10:55:08Z,219000809,54.909055,11.392928,8.7,Under way using engine
2026-09-26T10:55:10Z,219000811,54.838728,11.491827,0.0,Under way using engine
2026-09-26T10:55:34Z,219002177,54.916743,11.368488,7.8,Under way using engine
2026-09-26T10:55:48Z,219000809,54.910007,11.390785,8.7,Under way using engine
2026-09-26T10:55:50Z,219000811,54.838725,11.491825,0.0,Under way using engine
2026-09-26T10:56:04Z,219002177,54.917020,11.370392,7.8,Under way using engine
2026-09-26T10:56:18Z,219000809,54.910830,11.389157,8.7,Under way using engine
2026-09-26T10:56:20Z,219000811,54.838725,11.491827,0.0,Under way using engine
2026-09-26T10:56:34Z,219002177,54.917678,11.371462,6.5,Under way using engine
2026-09-26T10:56:48Z,219000809,54.911615,11.387622,8.7,Under way using engine
2026-09-26T10:56:50Z,219000811,54.838725,11.491825,0.0,Under way using engine
2026-09-26T10:57:04Z,219002177,54.918640,11.371607,7.0,Under way using engine
2026-09-26T10:57:18Z,219000809,54.912422,11.385965,8.7,Under way using engine
2026-09-26T10:57:20Z,219000811,54.838723,11.491825,0.0,Under way using engine
2026-09-26T10:57:34Z,219002177,54.919597,11.371708,7.3,Under way using engine
2026-09-26T10:57:48Z,219000809,54.913188,11.384448,8.7,Under way using engine
2026-09-26T10:57:50Z,219000811,54.838722,11.491823,0.0,Under way using engine
2026-09-26T10:58:04Z,219002177,54.920647,11.371662,7.4,Under way using engine
2026-09-26T10:58:18Z,219000809,54.914000,11.382827,8.7,Under way using engine
2026-09-26T10:58:20Z,219000811,54.838722,11.491820,0.0,Under way using engine
2026-09-26T10:58:34Z,219002177,54.921668,11.371625,7.6,Under way using engine
2026-09-26T10:58:48Z,219000809,54.914767,11.381290,8.7,Under way using engine
2026-09-26T10:58:50Z,219000811,54.838723,11.491818,0.0,Under way using engine
2026-09-26T10:59:04Z,219002177,54.922800,11.371563,7.8,Under way using engine
2026-09-26T10:59:18Z,219000809,54.915582,11.379660,8.7,Under way using engine
2026-09-26T10:59:20Z,219000811,54.838725,11.491815,0.0,Under way using engine
2026-09-26T10:59:34Z,219002177,54.923837,11.371565,7.8,Under way using engine
2026-09-26T10:59:50Z,219000811,54.838723,11.491810,0.0,Under way using engine
2026-09-26T10:59:57Z,219000809,54.916338,11.377327,8.7,Under way using engine
2026-09-26T11:00:05Z,219002177,54.924948,11.371483,7.9,Under way using engine
2026-09-26T11:00:20Z,219000811,54.838723,11.491805,0.0,Under way using engine
2026-09-26T11:00:28Z,219000809,54.916692,11.375255,8.7,Under way using engine
2026-09-26T11:00:45Z,219002177,54.926407,11.371460,7.8,Under way using engine
2026-09-26T11:01:00Z,219000811,54.838727,11.491805,0.0,Under way using engine
2026-09-26T11:01:18Z,219000809,54.916660,11.371732,8.9,Under way using engine
2026-09-26T11:01:24Z,219002177,54.927820,11.371413,7.8,Under way using engine
2026-09-26T11:01:40Z,219000811,54.838737,11.491802,0.1,Under way using engine
2026-09-26T11:01:55Z,219002177,54.928932,11.371380,7.7,Under way using engine
2026-09-26T11:01:57Z,219000809,54.916507,11.368978,8.9,Under way using engine
2026-09-26T11:02:19Z,219000811,54.838735,11.491800,0.0,Under way using engine
2026-09-26T11:02:28Z,219000809,54.916453,11.366842,9.0,Under way using engine
2026-09-26T11:02:35Z,219002177,54.930290,11.371392,7.6,Under way using engine
2026-09-26T11:02:49Z,219000811,54.838730,11.491792,0.0,Under way using engine
2026-09-26T11:03:05Z,219002177,54.931393,11.371285,7.6,Under way using engine
2026-09-26T11:03:08Z,219000809,54.916328,11.363918,8.9,Under way using engine
2026-09-26T11:03:19Z,219000811,54.838732,11.491788,0.0,Under way using engine
2026-09-26T11:03:35Z,219002177,54.932402,11.371227,7.5,Under way using engine
2026-09-26T11:03:47Z,219000809,54.916180,11.361430,6.7,Under way using engine
2026-09-26T11:03:49Z,219000811,54.838732,11.491798,0.0,Under way using engine
2026-09-26T11:04:05Z,219002177,54.933457,11.371148,7.3,Under way using engine
2026-09-26T11:04:18Z,219000809,54.915895,11.360592,2.5,Under way using engine
2026-09-26T11:04:19Z,219000811,54.838735,11.491805,0.0,Under way using engine
2026-09-26T11:04:35Z,219002177,54.934380,11.371135,6.7,Under way using engine
2026-09-26T11:04:49Z,219000811,54.838737,11.491812,0.0,Under way using engine
2026-09-26T11:04:57Z,219000809,54.915962,11.360403,1.2,Under way using engine
2026-09-26T11:05:05Z,219002177,54.935158,11.371362,5.1,Under way using engine
2026-09-26T11:05:19Z,219000811,54.838737,11.491812,0.0,Under way using engine
2026-09-26T11:05:29Z,219000809,54.916027,11.360148,1.0,Under way using engine
2026-09-26T11:05:35Z,219002177,54.935687,11.371702,3.2,Under way using engine
2026-09-26T11:05:49Z,219000811,54.838738,11.491818,0.0,Under way using engine
2026-09-26T11:06:05Z,219002177,54.935872,11.371900,1.0,Under way using engine
2026-09-26T11:06:08Z,219000809,54.916055,11.360030,0.1,Under way using engine
2026-09-26T11:06:19Z,219000811,54.838740,11.491823,0.0,Under way using engine
2026-09-26T11:06:35Z,219002177,54.935957,11.371965,0.4,Under way using engine
2026-09-26T11:06:39Z,219000809,54.916080,11.360035,0.0,Under way using engine
2026-09-26T11:06:50Z,219000811,54.838740,11.491822,0.0,Under way using engine
2026-09-26T11:07:05Z,219002177,54.935955,11.371960,0.0,Under way using engine
2026-09-26T11:07:18Z,219000809,54.916047,11.360028,0.0,Under way using engine
2026-09-26T11:07:29Z,219000811,54.838742,11.491817,0.0,Under way using engine
2026-09-26T11:07:44Z,219002177,54.935953,11.371972,0.0,Under way using engine
2026-09-26T11:07:57Z,219000809,54.916065,11.360033,0.0,Under way using engine
2026-09-26T11:08:10Z,219000811,54.838742,11.491813,0.0,Under way using engine
2026-09-26T11:08:14Z,219002177,54.935957,11.371978,0.0,Under way using engine
2026-09-26T11:08:29Z,219000809,54.916047,11.360018,0.0,Under way using engine
2026-09-26T11:08:44Z,219002177,54.935962,11.371967,0.0,Under way using engine
2026-09-26T11:08:50Z,219000811,54.838747,11.491818,0.0,Under way using engine
2026-09-26T11:09:08Z,219000809,54.916058,11.360033,0.0,Under way using engine
2026-09-26T11:09:14Z,219002177,54.935945,11.371987,0.0,Under way using engine
2026-09-26T11:09:29Z,219000811,54.838742,11.491815,0.0,Under way using engine
2026-09-26T11:09:44Z,219002177,54.935960,11.371987,0.0,Under way using engine
2026-09-26T11:09:47Z,219000809,54.916052,11.360035,0.0,Under way using engine
2026-09-26T11:10:08Z,219000811,54.838732,11.491808,0.0,Under way using engine
2026-09-26T11:10:14Z,219002177,54.935942,11.371992,0.0,Under way using engine
2026-09-26T11:10:19Z,219000809,54.916072,11.360045,0.0,Under way using engine
2026-09-26T11:10:39Z,219000811,54.838732,11.491807,0.0,Under way using engine
2026-09-26T11:10:44Z,219002177,54.935953,11.371990,0.0,Under way using engine
2026-09-26T11:10:59Z,219000809,54.916057,11.360020,0.0,Under way using engine
2026-09-26T11:11:14Z,219002177,54.935952,11.371990,0.0,Under way using engine
2026-09-26T11:11:19Z,219000811,54.838730,11.491810,0.0,Under way using engine
2026-09-26T11:11:29Z,219000809,54.916050,11.360015,0.0,Under way using engine
2026-09-26T11:11:44Z,219002177,54.935948,11.371993,0.0,Under way using engine
2026-09-26T11:11:58Z,219000811,54.838733,11.491813,0.0,Under way using engine
2026-09-26T11:11:59Z,219000809,54.916030,11.360010,0.0,Under way using engine
2026-09-26T11:12:14Z,219002177,54.935957,11.372000,0.0,Under way using engine
2026-09-26T11:12:28Z,219000811,54.838733,11.491812,0.0,Under way using engine
2026-09-26T11:12:44Z,219002177,54.935953,11.371993,0.0,Under way using engine
2026-09-26T11:12:48Z,219000809,54.916022,11.360020,0.1,Under way using engine
2026-09-26T11:12:58Z,219000811,54.838733,11.491812,0.0,Under way using engine
2026-09-26T11:13:14Z,219002177,54.935927,11.371988,0.0,Under way using engine
2026-09-26T11:13:19Z,219000809,54.916010,11.360002,0.0,Under way using engine
2026-09-26T11:13:28Z,219000811,54.838732,11.491812,0.0,Under way using engine
2026-09-26T11:13:44Z,219002177,54.935938,11.371993,0.0,Under way using engine
2026-09-26T11:13:59Z,219000809,54.916028,11.360018,0.0,Under way using engine
2026-09-26T11:14:00Z,219000811,54.838732,11.491812,0.0,Under way using engine
2026-09-26T11:14:14Z,219002177,54.935950,11.371998,0.0,Under way using engine
2026-09-26T11:14:30Z,219000811,54.838738,11.491818,0.0,Under way using engine
2026-09-26T11:14:38Z,219000809,54.916045,11.360018,0.0,Under way using engine
2026-09-26T11:14:44Z,219002177,54.935953,11.371987,0.0,Under way using engine
2026-09-26T11:15:00Z,219000811,54.838730,11.491808,0.0,Under way using engine
2026-09-26T11:15:14Z,219002177,54.935962,11.371977,0.0,Under way using engine
2026-09-26T11:15:18Z,219000809,54.916058,11.360028,0.0,Under way using engine
2026-09-26T11:15:30Z,219000811,54.838730,11.491807,0.0,Under way using engine
2026-09-26T11:15:44Z,219002177,54.935963,11.371988,0.0,Under way using engine
2026-09-26T11:15:48Z,219000809,54.916058,11.360015,0.0,Under way using engine
2026-09-26T11:16:00Z,219000811,54.838732,11.491812,0.0,Under way using engine
2026-09-26T11:16:18Z,219000809,54.916072,11.360030,0.0,Under way using engine
2026-09-26T11:16:24Z,219002177,54.935745,11.371820,2.4,Under way using engine
2026-09-26T11:16:30Z,219000811,54.838737,11.491817,0.0,Under way using engine
2026-09-26T11:16:54Z,219002177,54.935267,11.371387,4.4,Under way using engine
2026-09-26T11:16:59Z,219000809,54.916062,11.360022,0.0,Under way using engine
2026-09-26T11:17:00Z,219000811,54.838740,11.491817,0.0,Under way using engine
2026-09-26T11:17:30Z,219000811,54.838740,11.491818,0.0,Under way using engine
2026-09-26T11:17:34Z,219002177,54.934387,11.370703,5.5,Under way using engine
2026-09-26T11:17:38Z,219000809,54.916070,11.360017,0.0,Under way using engine
2026-09-26T11:18:00Z,219000811,54.838740,11.491820,0.0,Under way using engine
2026-09-26T11:18:04Z,219002177,54.933548,11.370788,6.3,Under way using engine
2026-09-26T11:18:08Z,219000809,54.916070,11.360015,0.0,Under way using engine
2026-09-26T11:18:30Z,219000811,54.838742,11.491822,0.0,Under way using engine
2026-09-26T11:18:34Z,219002177,54.932577,11.370845,7.0,Under way using engine
2026-09-26T11:18:38Z,219000809,54.916067,11.360015,0.0,Under way using engine
2026-09-26T11:19:00Z,219000811,54.838737,11.491815,0.0,Under way using engine
2026-09-26T11:19:04Z,219002177,54.931612,11.370898,7.2,Under way using engine
2026-09-26T11:19:08Z,219000809,54.916065,11.360032,0.0,Under way using engine
2026-09-26T11:19:30Z,219000811,54.838738,11.491815,0.0,Under way using engine
2026-09-26T11:19:34Z,219002177,54.930617,11.371017,6.9,Under way using engine
2026-09-26T11:19:38Z,219000809,54.916048,11.360020,0.0,Under way using engine
2026-09-26T11:20:04Z,219002177,54.929713,11.371118,6.7,Under way using engine
2026-09-26T11:20:08Z,219000809,54.916053,11.360013,0.0,Under way using engine
2026-09-26T11:20:09Z,219000811,54.838738,11.491820,0.0,Under way using engine
2026-09-26T11:20:34Z,219002177,54.928785,11.371235,6.5,Under way using engine
2026-09-26T11:20:38Z,219000809,54.916053,11.360005,0.0,Under way using engine
2026-09-26T11:20:40Z,219000811,54.838735,11.491820,0.0,Under way using engine
2026-09-26T11:21:04Z,219002177,54.927898,11.371340,6.4,Under way using engine
2026-09-26T11:21:08Z,219000809,54.916055,11.360020,0.0,Under way using engine
2026-09-26T11:21:20Z,219000811,54.838735,11.491820,0.0,Under way using engine
2026-09-26T11:21:34Z,219002177,54.927028,11.371423,6.2,Under way using engine
2026-09-26T11:21:38Z,219000809,54.916057,11.360035,0.0,Under way using engine
2026-09-26T11:21:50Z,219000811,54.838733,11.491818,0.0,Under way using engine
2026-09-26T11:22:04Z,219002177,54.926170,11.371520,6.2,Under way using engine
2026-09-26T11:22:08Z,219000809,54.916047,11.360015,0.0,Under way using engine
2026-09-26T11:22:20Z,219000811,54.838733,11.491818,0.0,Under way using engine
2026-09-26T11:22:34Z,219002177,54.925323,11.371620,6.0,Under way using engine
2026-09-26T11:22:38Z,219000809,54.916062,11.360030,0.0,Under way using engine
2026-09-26T11:22:50Z,219000811,54.838733,11.491818,0.0,Under way using engine
2026-09-26T11:23:04Z,219002177,54.924538,11.371685,5.6,Under way using engine
2026-09-26T11:23:08Z,219000809,54.916070,11.360040,0.0,Under way using engine
2026-09-26T11:23:29Z,219000811,54.838737,11.491818,0.0,Under way using engine
2026-09-26T11:23:34Z,219002177,54.923807,11.371763,5.4,Under way using engine
2026-09-26T11:23:38Z,219000809,54.916077,11.360040,0.0,Under way using engine
2026-09-26T11:23:59Z,219000811,54.838735,11.491820,0.0,Under way using engine
2026-09-26T11:24:04Z,219002177,54.923060,11.371812,5.3,Under way using engine
2026-09-26T11:24:08Z,219000809,54.916057,11.360393,3.5,Under way using engine
2026-09-26T11:24:29Z,219000811,54.838730,11.491818,0.0,Under way using engine
2026-09-26T11:24:34Z,219002177,54.922320,11.371852,5.2,Under way using engine
2026-09-26T11:24:38Z,219000809,54.916173,11.362053,7.8,Under way using engine
2026-09-26T11:24:59Z,219000811,54.838728,11.491817,0.0,Under way using engine
2026-09-26T11:25:04Z,219002177,54.921615,11.371925,5.2,Under way using engine
2026-09-26T11:25:17Z,219000809,54.916355,11.364737,8.8,Under way using engine
2026-09-26T11:25:29Z,219000811,54.838730,11.491818,0.0,Under way using engine
2026-09-26T11:25:34Z,219002177,54.920905,11.371985,5.2,Under way using engine
2026-09-26T11:25:47Z,219000809,54.916452,11.366908,9.1,Under way using engine
2026-09-26T11:25:59Z,219000811,54.838728,11.491820,0.0,Under way using engine
2026-09-26T11:26:04Z,219002177,54.920133,11.372027,5.7,Under way using engine
2026-09-26T11:26:17Z,219000809,54.916592,11.369117,9.2,Under way using engine
2026-09-26T11:26:29Z,219000811,54.838727,11.491818,0.0,Under way using engine
2026-09-26T11:26:34Z,219002177,54.919392,11.372008,5.9,Under way using engine
2026-09-26T11:26:47Z,219000809,54.916655,11.371352,9.1,Under way using engine
2026-09-26T11:26:59Z,219000811,54.838728,11.491818,0.0,Under way using engine
2026-09-26T11:27:05Z,219002177,54.918505,11.371837,5.9,Under way using engine
2026-09-26T11:27:17Z,219000809,54.916318,11.373427,9.1,Under way using engine
2026-09-26T11:27:29Z,219000811,54.838727,11.491812,0.0,Under way using engine
2026-09-26T11:27:44Z,219002177,54.917467,11.371397,5.9,Under way using engine
2026-09-26T11:27:47Z,219000809,54.915550,11.375225,9.4,Under way using engine
2026-09-26T11:27:59Z,219000811,54.838723,11.491810,0.0,Under way using engine
2026-09-26T11:28:14Z,219002177,54.916868,11.370633,5.2,Under way using engine
2026-09-26T11:28:18Z,219000809,54.914672,11.377045,9.6,Under way using engine
2026-09-26T11:28:29Z,219000811,54.838723,11.491810,0.0,Under way using engine
2026-09-26T11:28:44Z,219002177,54.916690,11.369498,5.0,Under way using engine
2026-09-26T11:28:57Z,219000809,54.913542,11.379328,9.6,Under way using engine
2026-09-26T11:28:59Z,219000811,54.838722,11.491810,0.0,Under way using engine
2026-09-26T11:29:14Z,219002177,54.916613,11.368245,5.4,Under way using engine
2026-09-26T11:29:28Z,219000809,54.912665,11.381070,9.6,Under way using engine
2026-09-26T11:29:29Z,219000811,54.838720,11.491808,0.0,Under way using engine
2026-09-26T11:29:44Z,219002177,54.916572,11.366923,5.6,Under way using engine
2026-09-26T11:29:59Z,219000811,54.838720,11.491805,0.0,Under way using engine
2026-09-26T11:30:07Z,219000809,54.911520,11.383420,9.6,Under way using engine
2026-09-26T11:30:14Z,219002177,54.916478,11.365552,5.7,Under way using engine
2026-09-26T11:30:29Z,219000811,54.838722,11.491803,0.0,Under way using engine
2026-09-26T11:30:38Z,219000809,54.910645,11.385147,9.6,Under way using engine
2026-09-26T11:30:44Z,219002177,54.916405,11.364210,5.5,Under way using engine
2026-09-26T11:30:59Z,219000811,54.838728,11.491808,0.0,Under way using engine
2026-09-26T11:31:08Z,219000809,54.909743,11.386955,9.6,Under way using engine
2026-09-26T11:31:14Z,219002177,54.916365,11.362972,5.1,Under way using engine
2026-09-26T11:31:29Z,219000811,54.838732,11.491818,0.0,Under way using engine
2026-09-26T11:31:38Z,219000809,54.908922,11.388667,9.6,Under way using engine
2026-09-26T11:31:44Z,219002177,54.916363,11.361890,4.1,Under way using engine
2026-09-26T11:31:59Z,219000811,54.838730,11.491823,0.0,Under way using engine
2026-09-26T11:32:08Z,219000809,54.908598,11.389298,9.6,Under way using engine
2026-09-26T11:32:14Z,219002177,54.916370,11.361185,2.3,Under way using engine
2026-09-26T11:32:29Z,219000811,54.838728,11.491827,0.0,Under way using engine
2026-09-26T11:32:39Z,219000809,54.907695,11.392678,9.4,Under way using engine
2026-09-26T11:32:44Z,219002177,54.916377,11.360805,1.4,Under way using engine
2026-09-26T11:32:59Z,219000811,54.838728,11.491828,0.0,Under way using engine
2026-09-26T11:33:14Z,219002177,54.916363,11.360562,0.7,Under way using engine
2026-09-26T11:33:18Z,219000809,54.907600,11.395613,9.0,Under way using engine
2026-09-26T11:33:29Z,219000811,54.838728,11.491828,0.0,Under way using engine
2026-09-26T11:33:44Z,219002177,54.916372,11.360572,0.0,Under way using engine
2026-09-26T11:33:49Z,219000809,54.908183,11.397448,8.9,Under way using engine
2026-09-26T11:33:59Z,219000811,54.838727,11.491823,0.0,Under way using engine
2026-09-26T11:34:25Z,219002177,54.916378,11.360570,0.0,Under way using engine
2026-09-26T11:34:28Z,219000809,54.909108,11.399760,9.0,Under way using engine
2026-09-26T11:34:29Z,219000811,54.838727,11.491820,0.0,Under way using engine
2026-09-26T11:34:58Z,219000809,54.909838,11.401608,9.0,Under way using engine
2026-09-26T11:34:59Z,219000811,54.838728,11.491818,0.0,Under way using engine
2026-09-26T11:35:04Z,219002177,54.916377,11.360577,0.0,Under way using engine
2026-09-26T11:35:28Z,219000809,54.910545,11.403338,9.1,Under way using engine
2026-09-26T11:35:29Z,219000811,54.838727,11.491820,0.0,Under way using engine
2026-09-26T11:35:34Z,219002177,54.916363,11.360577,0.0,Under way using engine
2026-09-26T11:35:58Z,219000809,54.911302,11.405232,9.0,Under way using engine
2026-09-26T11:35:59Z,219000811,54.838727,11.491820,0.0,Under way using engine
2026-09-26T11:36:04Z,219002177,54.916377,11.360572,0.0,Under way using engine
2026-09-26T11:36:29Z,219000809,54.912042,11.406972,9.0,Under way using engine
2026-09-26T11:36:29Z,219000811,54.838725,11.491820,0.0,Under way using engine
2026-09-26T11:36:34Z,219002177,54.916372,11.360568,0.0,Under way using engine
2026-09-26T11:36:59Z,219000811,54.838723,11.491822,0.0,Under way using engine
2026-09-26T11:37:04Z,219002177,54.916368,11.360560,0.0,Under way using engine
2026-09-26T11:37:08Z,219000809,54.912993,11.409348,9.1,Under way using engine
2026-09-26T11:37:29Z,219000811,54.838722,11.491822,0.0,Under way using engine
2026-09-26T11:37:34Z,219002177,54.916360,11.360540,0.0,Under way using engine
2026-09-26T11:37:39Z,219000809,54.913782,11.411012,9.0,Under way using engine
2026-09-26T11:37:59Z,219000811,54.838720,11.491820,0.0,Under way using engine
2026-09-26T11:38:04Z,219002177,54.916357,11.360555,0.0,Under way using engine
2026-09-26T11:38:10Z,219000809,54.914563,11.412735,9.1,Under way using engine
2026-09-26T11:38:30Z,219000811,54.838720,11.491818,0.0,Under way using engine
2026-09-26T11:38:34Z,219002177,54.916367,11.360552,0.0,Under way using engine
2026-09-26T11:38:49Z,219000809,54.915632,11.415013,9.2,Under way using engine
2026-09-26T11:39:04Z,219002177,54.916363,11.360555,0.0,Under way using engine
2026-09-26T11:39:20Z,219000811,54.838723,11.491815,0.0,Under way using engine
2026-09-26T11:39:29Z,219000809,54.916680,11.417308,9.2,Under way using engine
2026-09-26T11:39:34Z,219002177,54.916363,11.360562,0.0,Under way using engine
2026-09-26T11:39:50Z,219000811,54.838727,11.491813,0.0,Under way using engine
2026-09-26T11:40:04Z,219002177,54.916377,11.360580,0.0,Under way using engine
2026-09-26T11:40:07Z,219000809,54.917743,11.419610,9.3,Under way using engine
2026-09-26T11:40:30Z,219000811,54.838725,11.491812,0.0,Under way using engine
2026-09-26T11:40:35Z,219002177,54.916373,11.360560,0.0,Under way using engine
2026-09-26T11:40:38Z,219000809,54.918580,11.421380,9.3,Under way using engine
2026-09-26T11:41:10Z,219000811,54.838725,11.491817,0.0,Under way using engine
2026-09-26T11:41:14Z,219002177,54.916370,11.360570,0.0,Under way using engine
2026-09-26T11:41:17Z,219000809,54.919603,11.423653,9.4,Under way using engine
2026-09-26T11:41:40Z,219000811,54.838727,11.491818,0.0,Under way using engine
2026-09-26T11:41:45Z,219002177,54.916370,11.360570,0.0,Under way using engine
2026-09-26T11:41:49Z,219000809,54.920447,11.425485,9.5,Under way using engine
2026-09-26T11:42:10Z,219000811,54.838727,11.491817,0.0,Under way using engine
2026-09-26T11:42:24Z,219002177,54.916383,11.360580,0.0,Under way using engine
2026-09-26T11:42:27Z,219000809,54.921517,11.427762,9.3,Under way using engine
2026-09-26T11:42:40Z,219000811,54.838728,11.491817,0.0,Under way using engine
2026-09-26T11:42:54Z,219002177,54.916370,11.360570,0.0,Under way using engine
2026-09-26T11:42:57Z,219000809,54.922298,11.429440,9.0,Under way using engine
2026-09-26T11:43:10Z,219000811,54.838730,11.491818,0.0,Under way using engine
2026-09-26T11:43:24Z,219002177,54.916357,11.360568,0.0,Under way using engine
2026-09-26T11:43:27Z,219000809,54.923088,11.431107,8.8,Under way using engine
2026-09-26T11:43:40Z,219000811,54.838732,11.491818,0.0,Under way using engine
2026-09-26T11:43:54Z,219002177,54.916352,11.360572,0.0,Under way using engine
2026-09-26T11:43:57Z,219000809,54.923842,11.432758,8.9,Under way using engine
2026-09-26T11:44:10Z,219000811,54.838732,11.491818,0.0,Under way using engine
2026-09-26T11:44:24Z,219002177,54.916363,11.360593,0.0,Under way using engine
2026-09-26T11:44:27Z,219000809,54.924625,11.434430,8.9,Under way using engine
2026-09-26T11:44:50Z,219000811,54.838732,11.491823,0.0,Under way using engine
2026-09-26T11:44:54Z,219002177,54.916365,11.360597,0.0,Under way using engine
2026-09-26T11:44:57Z,219000809,54.925407,11.436092,8.9,Under way using engine
2026-09-26T11:45:24Z,219002177,54.916358,11.360567,0.0,Under way using engine
2026-09-26T11:45:27Z,219000809,54.926177,11.437742,8.9,Under way using engine
2026-09-26T11:45:28Z,219000811,54.838732,11.491825,0.0,Under way using engine
2026-09-26T11:45:54Z,219002177,54.916363,11.360570,0.0,Under way using engine
2026-09-26T11:45:57Z,219000809,54.926963,11.439373,8.9,Under way using engine
2026-09-26T11:45:59Z,219000811,54.838730,11.491825,0.0,Under way using engine
2026-09-26T11:46:24Z,219002177,54.916363,11.360563,0.0,Under way using engine
2026-09-26T11:46:27Z,219000809,54.927727,11.441050,8.8,Under way using engine
2026-09-26T11:46:40Z,219000811,54.838730,11.491832,0.0,Under way using engine
2026-09-26T11:46:57Z,219000809,54.928517,11.442680,8.8,Under way using engine
2026-09-26T11:47:05Z,219002177,54.916357,11.360570,0.0,Under way using engine
2026-09-26T11:47:10Z,219000811,54.838732,11.491835,0.0,Under way using engine
2026-09-26T11:47:27Z,219000809,54.929268,11.444313,8.7,Under way using engine
2026-09-26T11:47:35Z,219002177,54.916368,11.360597,0.1,Under way using engine
2026-09-26T11:47:48Z,219000811,54.838732,11.491837,0.0,Under way using engine
2026-09-26T11:47:57Z,219000809,54.929967,11.445940,8.7,Under way using engine
2026-09-26T11:48:15Z,219002177,54.916348,11.360550,0.0,Under way using engine
2026-09-26T11:48:19Z,219000811,54.838730,11.491835,0.0,Under way using engine
2026-09-26T11:48:28Z,219000809,54.930700,11.447737,8.8,Under way using engine
2026-09-26T11:48:53Z,219002177,54.916357,11.360555,0.0,Under way using engine
2026-09-26T11:48:59Z,219000811,54.838730,11.491830,0.0,Under way using engine
2026-09-26T11:49:09Z,219000809,54.931625,11.450088,8.9,Under way using engine
2026-09-26T11:49:24Z,219002177,54.916345,11.360542,0.0,Under way using engine
2026-09-26T11:49:30Z,219000811,54.838732,11.491828,0.0,Under way using engine
2026-09-26T11:49:39Z,219000809,54.932252,11.451948,8.8,Under way using engine
2026-09-26T11:50:05Z,219002177,54.916333,11.360548,0.0,Under way using engine
2026-09-26T11:50:09Z,219000809,54.932852,11.453792,8.8,Under way using engine
2026-09-26T11:50:10Z,219000811,54.838732,11.491823,0.0,Under way using engine
2026-09-26T11:50:35Z,219002177,54.916342,11.360593,0.5,Under way using engine
2026-09-26T11:50:39Z,219000809,54.933475,11.455625,8.8,Under way using engine
2026-09-26T11:50:48Z,219000811,54.838732,11.491823,0.0,Under way using engine
2026-09-26T11:51:05Z,219002177,54.916320,11.360980,2.5,Under way using engine
2026-09-26T11:51:09Z,219000809,54.934042,11.457500,8.9,Under way using engine
2026-09-26T11:51:19Z,219000811,54.838732,11.491822,0.0,Under way using engine
2026-09-26T11:51:35Z,219002177,54.916312,11.361935,4.5,Under way using engine
2026-09-26T11:51:39Z,219000809,54.934642,11.459360,8.8,Under way using engine
2026-09-26T11:51:59Z,219000811,54.838730,11.491822,0.0,Under way using engine
2026-09-26T11:52:05Z,219002177,54.916353,11.363183,5.6,Under way using engine
2026-09-26T11:52:09Z,219000809,54.935205,11.461217,8.8,Under way using engine
2026-09-26T11:52:30Z,219000811,54.838728,11.491823,0.0,Under way using engine
2026-09-26T11:52:35Z,219002177,54.916433,11.364703,6.3,Under way using engine
2026-09-26T11:52:39Z,219000809,54.935780,11.463083,8.7,Under way using engine
2026-09-26T11:53:05Z,219002177,54.916538,11.366237,6.7,Under way using engine
2026-09-26T11:53:09Z,219000809,54.936345,11.464955,8.7,Under way using engine
2026-09-26T11:53:10Z,219000811,54.838730,11.491822,0.0,Under way using engine
2026-09-26T11:53:35Z,219002177,54.916685,11.367938,7.0,Under way using engine
2026-09-26T11:53:39Z,219000809,54.936908,11.466813,8.7,Under way using engine
2026-09-26T11:53:48Z,219000811,54.838733,11.491827,0.0,Under way using engine
2026-09-26T11:54:05Z,219002177,54.916855,11.369548,7.1,Under way using engine
2026-09-26T11:54:17Z,219000809,54.937652,11.469208,8.7,Under way using engine
2026-09-26T11:54:18Z,219000811,54.838733,11.491827,0.0,Under way using engine
2026-09-26T11:54:35Z,219002177,54.917142,11.371025,5.8,Under way using engine
2026-09-26T11:54:49Z,219000809,54.938282,11.471082,8.7,Under way using engine
2026-09-26T11:54:50Z,219000811,54.838733,11.491827,0.0,Under way using engine
2026-09-26T11:55:05Z,219002177,54.917810,11.371403,5.2,Under way using engine
2026-09-26T11:55:28Z,219000809,54.939222,11.473407,8.8,Under way using engine
2026-09-26T11:55:30Z,219000811,54.838733,11.491827,0.0,Under way using engine
2026-09-26T11:55:35Z,219002177,54.918657,11.371458,6.2,Under way using engine
2026-09-26T11:55:58Z,219000809,54.939932,11.475093,8.7,Under way using engine
2026-09-26T11:56:00Z,219000811,54.838735,11.491828,0.0,Under way using engine
2026-09-26T11:56:05Z,219002177,54.919533,11.371522,6.7,Under way using engine
2026-09-26T11:56:28Z,219000809,54.940700,11.476697,8.7,Under way using engine
2026-09-26T11:56:30Z,219000811,54.838735,11.491830,0.0,Under way using engine
2026-09-26T11:56:35Z,219002177,54.920490,11.371557,7.0,Under way using engine
2026-09-26T11:56:58Z,219000809,54.941470,11.478352,8.8,Under way using engine
2026-09-26T11:57:00Z,219000811,54.838735,11.491832,0.0,Under way using engine
2026-09-26T11:57:05Z,219002177,54.921478,11.371588,7.2,Under way using engine
2026-09-26T11:57:28Z,219000809,54.942193,11.479938,8.6,Under way using engine
2026-09-26T11:57:30Z,219000811,54.838735,11.491832,0.0,Under way using engine
2026-09-26T11:57:35Z,219002177,54.922488,11.371515,7.3,Under way using engine
2026-09-26T11:57:58Z,219000809,54.943080,11.481320,8.2,Under way using engine
2026-09-26T11:58:00Z,219000811,54.838737,11.491833,0.0,Under way using engine
2026-09-26T11:58:05Z,219002177,54.923518,11.371470,7.4,Under way using engine
2026-09-26T11:58:28Z,219000809,54.944093,11.482098,8.2,Under way using engine
2026-09-26T11:58:30Z,219000811,54.838738,11.491833,0.0,Under way using engine
2026-09-26T11:58:35Z,219002177,54.924548,11.371387,7.5,Under way using engine
2026-09-26T11:59:00Z,219000811,54.838740,11.491835,0.0,Under way using engine
2026-09-26T11:59:05Z,219002177,54.925587,11.371315,7.5,Under way using engine
2026-09-26T11:59:08Z,219000809,54.945595,11.482960,8.3,Under way using engine
2026-09-26T11:59:30Z,219000811,54.838740,11.491837,0.0,Under way using engine
2026-09-26T11:59:35Z,219002177,54.926628,11.371260,7.5,Under way using engine
2026-09-26T11:59:38Z,219000809,54.946662,11.483528,8.3,Under way using engine
2026-09-26T12:00:00Z,219000811,54.838742,11.491835,0.0,Under way using engine
2026-09-26T12:00:05Z,219002177,54.927665,11.371198,7.5,Under way using engine
2026-09-26T12:00:18Z,219000809,54.948127,11.484265,8.3,Under way using engine
2026-09-26T12:00:30Z,219000811,54.838743,11.491832,0.0,Under way using engine
2026-09-26T12:00:35Z,219002177,54.928703,11.371142,7.5,Under way using engine
2026-09-26T12:00:49Z,219000809,54.949292,11.484708,8.3,Under way using engine
2026-09-26T12:01:05Z,219002177,54.929742,11.371080,7.5,Under way using engine
2026-09-26T12:01:09Z,219000811,54.838742,11.491827,0.0,Under way using engine
2026-09-26T12:01:28Z,219000809,54.950760,11.485255,8.4,Under way using engine
2026-09-26T12:01:35Z,219002177,54.930782,11.371022,7.5,Under way using engine
2026-09-26T12:01:40Z,219000811,54.838740,11.491823,0.0,Under way using engine
2026-09-26T12:02:05Z,219002177,54.931825,11.370958,7.5,Under way using engine
2026-09-26T12:02:07Z,219000809,54.952275,11.485830,8.4,Under way using engine
2026-09-26T12:02:19Z,219000811,54.838738,11.491818,0.0,Under way using engine
2026-09-26T12:02:38Z,219000809,54.953412,11.486268,8.4,Under way using engine
2026-09-26T12:02:44Z,219002177,54.933167,11.370732,7.4,Under way using engine
2026-09-26T12:02:49Z,219000811,54.838737,11.491818,0.0,Under way using engine
2026-09-26T12:03:17Z,219000809,54.954935,11.486810,8.4,Under way using engine
2026-09-26T12:03:19Z,219000811,54.838733,11.491822,0.0,Under way using engine
2026-09-26T12:03:23Z,219002177,54.934400,11.370833,6.1,Under way using engine
2026-09-26T12:03:47Z,219000809,54.956068,11.487243,8.4,Under way using engine
2026-09-26T12:03:49Z,219000811,54.838725,11.491823,0.0,Under way using engine
2026-09-26T12:03:54Z,219002177,54.935030,11.371195,4.1,Under way using engine
2026-09-26T12:04:17Z,219000809,54.957202,11.487652,8.4,Under way using engine
2026-09-26T12:04:19Z,219000811,54.838722,11.491828,0.0,Under way using engine
2026-09-26T12:04:24Z,219002177,54.935420,11.371490,2.5,Under way using engine
2026-09-26T12:04:47Z,219000809,54.958357,11.488103,8.5,Under way using engine
2026-09-26T12:04:49Z,219000811,54.838718,11.491827,0.0,Under way using engine
2026-09-26T12:04:54Z,219002177,54.935642,11.371673,1.6,Under way using engine
2026-09-26T12:05:17Z,219000809,54.959510,11.488533,8.5,Under way using engine
2026-09-26T12:05:19Z,219000811,54.838715,11.491827,0.0,Under way using engine
2026-09-26T12:05:24Z,219002177,54.935837,11.371872,1.3,Under way using engine
2026-09-26T12:05:47Z,219000809,54.960613,11.489207,8.5,Under way using engine
2026-09-26T12:05:49Z,219000811,54.838713,11.491825,0.0,Under way using engine
2026-09-26T12:06:05Z,219002177,54.935955,11.371980,0.3,Under way using engine
2026-09-26T12:06:17Z,219000809,54.961675,11.490137,8.6,Under way using engine
2026-09-26T12:06:24Z,219000811,54.838715,11.491828,0.0,Under way using engine
2026-09-26T12:06:45Z,219002177,54.935958,11.371990,0.0,Under way using engine
2026-09-26T12:06:47Z,219000809,54.962682,11.491222,8.6,Under way using engine
2026-09-26T12:07:09Z,219000811,54.838717,11.491830,0.0,Under way using engine
2026-09-26T12:07:17Z,219000809,54.963672,11.492368,8.6,Under way using engine
2026-09-26T12:07:24Z,219002177,54.935963,11.371965,0.0,Under way using engine
2026-09-26T12:07:40Z,219000811,54.838718,11.491832,0.0,Under way using engine
2026-09-26T12:07:47Z,219000809,54.964658,11.493538,8.6,Under way using engine
2026-09-26T12:08:05Z,219002177,54.935965,11.371982,0.0,Under way using engine
2026-09-26T12:08:18Z,219000809,54.965698,11.494715,8.7,Under way using engine
2026-09-26T12:08:19Z,219000811,54.838722,11.491833,0.0,Under way using engine
2026-09-26T12:08:45Z,219002177,54.935962,11.371963,0.0,Under way using engine
2026-09-26T12:08:49Z,219000811,54.838725,11.491833,0.0,Under way using engine
2026-09-26T12:08:57Z,219000809,54.966928,11.496445,8.7,Under way using engine
2026-09-26T12:09:19Z,219000811,54.838727,11.491833,0.0,Under way using engine
2026-09-26T12:09:24Z,219002177,54.935957,11.371965,0.0,Under way using engine
2026-09-26T12:09:27Z,219000809,54.967852,11.497778,8.7,Under way using engine
2026-09-26T12:09:49Z,219000811,54.838728,11.491833,0.0,Under way using engine
2026-09-26T12:09:57Z,219000809,54.968762,11.499185,8.8,Under way using engine
2026-09-26T12:10:05Z,219002177,54.935948,11.371928,0.0,Under way using engine
2026-09-26T12:10:20Z,219000811,54.838730,11.491833,0.0,Under way using engine
2026-09-26T12:10:27Z,219000809,54.969637,11.500633,8.7,Under way using engine
2026-09-26T12:10:45Z,219002177,54.935955,11.371947,0.0,Under way using engine
2026-09-26T12:10:57Z,219000809,54.970525,11.502052,8.7,Under way using engine
2026-09-26T12:10:59Z,219000811,54.838732,11.491833,0.0,Under way using engine
2026-09-26T12:11:27Z,219000809,54.971320,11.503580,8.6,Under way using engine
2026-09-26T12:11:33Z,219002177,54.935963,11.371963,0.0,Under way using engine
2026-09-26T12:11:38Z,219000811,54.838732,11.491833,0.0,Under way using engine
2026-09-26T12:11:57Z,219000809,54.971982,11.505273,8.5,Under way using engine
2026-09-26T12:12:04Z,219002177,54.935955,11.371958,0.0,Under way using engine
2026-09-26T12:12:09Z,219000811,54.838732,11.491832,0.0,Under way using engine
2026-09-26T12:12:27Z,219000809,54.972255,11.507160,8.0,Under way using engine
2026-09-26T12:12:49Z,219000811,54.838733,11.491832,0.0,Under way using engine
2026-09-26T12:12:53Z,219002177,54.935960,11.371967,0.0,Under way using engine
2026-09-26T12:12:57Z,219000809,54.972135,11.509137,8.3,Under way using engine
2026-09-26T12:13:20Z,219000811,54.838732,11.491828,0.0,Under way using engine
2026-09-26T12:13:27Z,219000809,54.971995,11.511085,7.6,Under way using engine
2026-09-26T12:13:33Z,219002177,54.935970,11.371987,0.0,Under way using engine
2026-09-26T12:13:57Z,219000809,54.971872,11.512537,5.5,Under way using engine
2026-09-26T12:13:59Z,219000811,54.838733,11.491827,0.0,Under way using engine
2026-09-26T12:14:04Z,219002177,54.935972,11.371982,0.0,Under way using engine
2026-09-26T12:14:28Z,219000809,54.971892,11.513673,3.8,Under way using engine
2026-09-26T12:14:38Z,219000811,54.838733,11.491825,0.0,Under way using engine
2026-09-26T12:14:53Z,219002177,54.935967,11.371985,0.0,Under way using engine
2026-09-26T12:14:58Z,219000809,54.971900,11.514242,1.7,Under way using engine
2026-09-26T12:15:09Z,219000811,54.838733,11.491820,0.0,Under way using engine
2026-09-26T12:15:23Z,219002177,54.935962,11.371987,0.0,Under way using engine
2026-09-26T12:15:28Z,219000809,54.971913,11.514508,0.8,Under way using engine
2026-09-26T12:15:49Z,219000811,54.838732,11.491822,0.0,Under way using engine
2026-09-26T12:15:53Z,219002177,54.935963,11.371987,0.0,Under way using engine
2026-09-26T12:15:58Z,219000809,54.971908,11.514582,0.1,Under way using engine
2026-09-26T12:16:24Z,219002177,54.935955,11.371987,0.0,Under way using engine
2026-09-26T12:16:28Z,219000809,54.971912,11.514583,0.0,Under way using engine
2026-09-26T12:16:29Z,219000811,54.838732,11.491822,0.0,Under way using engine
2026-09-26T12:16:54Z,219002177,54.935783,11.371822,2.5,Under way using engine
2026-09-26T12:16:58Z,219000809,54.971905,11.514583,0.0,Under way using engine
2026-09-26T12:16:59Z,219000811,54.838732,11.491822,0.0,Under way using engine
2026-09-26T12:17:24Z,219002177,54.935302,11.371385,4.5,Under way using engine
2026-09-26T12:17:28Z,219000809,54.971900,11.514585,0.0,Under way using engine
2026-09-26T12:17:29Z,219000811,54.838732,11.491823,0.0,Under way using engine
2026-09-26T12:17:54Z,219002177,54.934612,11.370753,5.9,Under way using engine
2026-09-26T12:17:58Z,219000809,54.971905,11.514582,0.0,Under way using engine
2026-09-26T12:17:59Z,219000811,54.838732,11.491820,0.0,Under way using engine
2026-09-26T12:18:24Z,219002177,54.933735,11.370532,6.6,Under way using engine
2026-09-26T12:18:28Z,219000809,54.971907,11.514587,0.0,Under way using engine
2026-09-26T12:18:29Z,219000811,54.838732,11.491817,0.0,Under way using engine
2026-09-26T12:18:54Z,219002177,54.932757,11.370578,7.2,Under way using engine
2026-09-26T12:18:58Z,219000809,54.971913,11.514593,0.0,Under way using engine
2026-09-26T12:18:59Z,219000811,54.838732,11.491815,0.0,Under way using engine
2026-09-26T12:19:24Z,219002177,54.931718,11.370602,7.6,Under way using engine
2026-09-26T12:19:28Z,219000809,54.971915,11.514582,0.0,Under way using engine
2026-09-26T12:19:38Z,219000811,54.838732,11.491817,0.0,Under way using engine
2026-09-26T12:19:54Z,219002177,54.930643,11.370712,7.8,Under way using engine
2026-09-26T12:19:58Z,219000809,54.971912,11.514573,0.0,Under way using engine
2026-09-26T12:20:09Z,219000811,54.838732,11.491818,0.0,Under way using engine
2026-09-26T12:20:24Z,219002177,54.929565,11.370870,7.9,Under way using engine
2026-09-26T12:20:28Z,219000809,54.971908,11.514592,0.1,Under way using engine
2026-09-26T12:20:49Z,219000811,54.838732,11.491820,0.0,Under way using engine
2026-09-26T12:20:54Z,219002177,54.928465,11.371013,7.9,Under way using engine
2026-09-26T12:20:58Z,219000809,54.971912,11.514583,0.0,Under way using engine
2026-09-26T12:21:20Z,219000811,54.838732,11.491820,0.0,Under way using engine
2026-09-26T12:21:24Z,219002177,54.927368,11.371163,8.0,Under way using engine
2026-09-26T12:21:28Z,219000809,54.971913,11.514587,0.0,Under way using engine
2026-09-26T12:21:54Z,219002177,54.926303,11.371327,8.0,Under way using engine
2026-09-26T12:21:59Z,219000809,54.971903,11.514583,0.0,Under way using engine
2026-09-26T12:21:59Z,219000811,54.838730,11.491820,0.0,Under way using engine
2026-09-26T12:22:24Z,219002177,54.925172,11.371493,7.9,Under way using engine
2026-09-26T12:22:29Z,219000811,54.838730,11.491817,0.0,Under way using engine
2026-09-26T12:22:38Z,219000809,54.971900,11.514585,0.0,Under way using engine
2026-09-26T12:22:54Z,219002177,54.924085,11.371650,8.0,Under way using engine
2026-09-26T12:22:59Z,219000811,54.838730,11.491817,0.0,Under way using engine
2026-09-26T12:23:09Z,219000809,54.971903,11.514588,0.0,Under way using engine
2026-09-26T12:23:29Z,219000811,54.838732,11.491818,0.0,Under way using engine
2026-09-26T12:23:34Z,219002177,54.922605,11.371857,7.9,Under way using engine
2026-09-26T12:23:59Z,219000809,54.971920,11.513562,4.5,Under way using engine
2026-09-26T12:23:59Z,219000811,54.838732,11.491818,0.0,Under way using engine
2026-09-26T12:24:04Z,219002177,54.921560,11.372025,7.8,Under way using engine
2026-09-26T12:24:29Z,219000811,54.838732,11.491820,0.0,Under way using engine
2026-09-26T12:24:34Z,219002177,54.920448,11.372195,7.8,Under way using engine
2026-09-26T12:24:38Z,219000809,54.971898,11.512085,5.1,Under way using engine
2026-09-26T12:24:59Z,219000811,54.838732,11.491823,0.0,Under way using engine
2026-09-26T12:25:04Z,219002177,54.919435,11.372215,7.5,Under way using engine
2026-09-26T12:25:08Z,219000809,54.972028,11.510593,6.4,Under way using engine
2026-09-26T12:25:29Z,219000811,54.838732,11.491823,0.0,Under way using engine
2026-09-26T12:25:34Z,219002177,54.918382,11.371893,7.5,Under way using engine
2026-09-26T12:25:38Z,219000809,54.972198,11.508988,7.2,Under way using engine
2026-09-26T12:25:59Z,219000811,54.838730,11.491823,0.0,Under way using engine
2026-09-26T12:26:04Z,219002177,54.917427,11.371387,7.4,Under way using engine
2026-09-26T12:26:08Z,219000809,54.972323,11.507262,6.7,Under way using engine
2026-09-26T12:26:29Z,219000811,54.838733,11.491825,0.0,Under way using engine
2026-09-26T12:26:34Z,219002177,54.916730,11.370178,6.9,Under way using engine
2026-09-26T12:26:38Z,219000809,54.972345,11.505955,4.6,Under way using engine
2026-09-26T12:26:59Z,219000811,54.838733,11.491822,0.0,Under way using engine
2026-09-26T12:27:04Z,219002177,54.916520,11.368627,6.8,Under way using engine
2026-09-26T12:27:08Z,219000809,54.972332,11.505425,1.4,Under way using engine
2026-09-26T12:27:29Z,219000811,54.838735,11.491823,0.0,Under way using engine
2026-09-26T12:27:34Z,219002177,54.916463,11.366902,7.1,Under way using engine
2026-09-26T12:27:48Z,219000809,54.971952,11.504777,5.7,Under way using engine
2026-09-26T12:27:59Z,219000811,54.838737,11.491823,0.0,Under way using engine
2026-09-26T12:28:04Z,219002177,54.916407,11.365243,7.2,Under way using engine
2026-09-26T12:28:27Z,219000809,54.970887,11.503050,8.7,Under way using engine
2026-09-26T12:28:29Z,219000811,54.838733,11.491822,0.0,Under way using engine
2026-09-26T12:28:34Z,219002177,54.916347,11.363568,6.4,Under way using engine
2026-09-26T12:28:58Z,219000809,54.969905,11.501580,9.2,Under way using engine
2026-09-26T12:28:59Z,219000811,54.838732,11.491820,0.0,Under way using engine
2026-09-26T12:29:05Z,219002177,54.916335,11.362242,5.0,Under way using engine
2026-09-26T12:29:29Z,219000811,54.838728,11.491818,0.0,Under way using engine
2026-09-26T12:29:37Z,219000809,54.968688,11.499637,9.3,Under way using engine
2026-09-26T12:29:44Z,219002177,54.916355,11.361133,2.3,Under way using engine
2026-09-26T12:29:59Z,219000811,54.838727,11.491820,0.0,Under way using engine
2026-09-26T12:30:08Z,219000809,54.967717,11.498082,9.2,Under way using engine
2026-09-26T12:30:14Z,219002177,54.916355,11.360802,1.1,Under way using engine
2026-09-26T12:30:29Z,219000811,54.838730,11.491823,0.0,Under way using engine
2026-09-26T12:30:44Z,219002177,54.916353,11.360578,0.9,Under way using engine
2026-09-26T12:30:48Z,219000809,54.966470,11.496105,9.2,Under way using engine
2026-09-26T12:30:59Z,219000811,54.838732,11.491825,0.0,Under way using engine
2026-09-26T12:31:14Z,219002177,54.916345,11.360538,0.0,Under way using engine
2026-09-26T12:31:18Z,219000809,54.965567,11.494668,9.1,Under way using engine
2026-09-26T12:31:29Z,219000811,54.838732,11.491823,0.0,Under way using engine
2026-09-26T12:31:44Z,219002177,54.916340,11.360537,0.0,Under way using engine
2026-09-26T12:31:48Z,219000809,54.964557,11.493297,9.0,Under way using engine
2026-09-26T12:31:59Z,219000811,54.838735,11.491830,0.0,Under way using engine
2026-09-26T12:32:14Z,219002177,54.916343,11.360558,0.0,Under way using engine
2026-09-26T12:32:18Z,219000809,54.963578,11.492038,9.1,Under way using engine
2026-09-26T12:32:29Z,219000811,54.838740,11.491835,0.0,Under way using engine
2026-09-26T12:32:44Z,219002177,54.916348,11.360570,0.0,Under way using engine
2026-09-26T12:32:48Z,219000809,54.962452,11.490893,9.1,Under way using engine
2026-09-26T12:32:59Z,219000811,54.838742,11.491838,0.0,Under way using engine
2026-09-26T12:33:14Z,219002177,54.916352,11.360570,0.0,Under way using engine
2026-09-26T12:33:18Z,219000809,54.961332,11.490005,9.3,Under way using engine
2026-09-26T12:33:29Z,219000811,54.838742,11.491837,0.0,Under way using engine
2026-09-26T12:33:44Z,219002177,54.916350,11.360565,0.0,Under way using engine
2026-09-26T12:33:48Z,219000809,54.960097,11.489168,9.2,Under way using engine
2026-09-26T12:33:59Z,219000811,54.838740,11.491832,0.0,Under way using engine
2026-09-26T12:34:14Z,219002177,54.916350,11.360568,0.0,Under way using engine
2026-09-26T12:34:18Z,219000809,54.958945,11.488432,9.2,Under way using engine
2026-09-26T12:34:29Z,219000811,54.838738,11.491828,0.0,Under way using engine
2026-09-26T12:34:44Z,219002177,54.916350,11.360565,0.0,Under way using engine
2026-09-26T12:34:48Z,219000809,54.957670,11.487795,9.2,Under way using engine
2026-09-26T12:35:10Z,219000811,54.838740,11.491828,0.0,Under way using engine
2026-09-26T12:35:14Z,219002177,54.916350,11.360567,0.0,Under way using engine
2026-09-26T12:35:18Z,219000809,54.956492,11.487208,9.1,Under way using engine
2026-09-26T12:35:44Z,219002177,54.916350,11.360577,0.0,Under way using engine
2026-09-26T12:35:48Z,219000809,54.955230,11.486533,9.3,Under way using engine
2026-09-26T12:35:50Z,219000811,54.838738,11.491825,0.0,Under way using engine
2026-09-26T12:36:14Z,219002177,54.916352,11.360580,0.0,Under way using engine
2026-09-26T12:36:18Z,219000809,54.954027,11.485947,9.4,Under way using engine
2026-09-26T12:36:22Z,219000811,54.838735,11.491820,0.0,Under way using engine
2026-09-26T12:36:44Z,219002177,54.916343,11.360577,0.0,Under way using engine
2026-09-26T12:36:48Z,219000809,54.952747,11.485257,9.4,Under way using engine
2026-09-26T12:36:58Z,219000811,54.838735,11.491815,0.0,Under way using engine
2026-09-26T12:37:14Z,219002177,54.916347,11.360580,0.0,Under way using engine
2026-09-26T12:37:28Z,219000809,54.951087,11.484440,9.3,Under way using engine
2026-09-26T12:37:30Z,219000811,54.838733,11.491818,0.0,Under way using engine
2026-09-26T12:37:44Z,219002177,54.916348,11.360577,0.0,Under way using engine
2026-09-26T12:37:59Z,219000809,54.949833,11.483795,9.3,Under way using engine
2026-09-26T12:38:10Z,219000811,54.838737,11.491825,0.0,Under way using engine
2026-09-26T12:38:14Z,219002177,54.916348,11.360575,0.0,Under way using engine
2026-09-26T12:38:37Z,219000809,54.948232,11.482975,9.3,Under way using engine
2026-09-26T12:38:44Z,219002177,54.916343,11.360568,0.0,Under way using engine
2026-09-26T12:38:50Z,219000811,54.838735,11.491825,0.0,Under way using engine
2026-09-26T12:39:08Z,219000809,54.946997,11.482367,9.3,Under way using engine
2026-09-26T12:39:14Z,219002177,54.916348,11.360568,0.0,Under way using engine
2026-09-26T12:39:20Z,219000811,54.838735,11.491823,0.0,Under way using engine
2026-09-26T12:39:44Z,219002177,54.916343,11.360560,0.0,Under way using engine
2026-09-26T12:39:48Z,219000809,54.945377,11.481455,9.2,Under way using engine
2026-09-26T12:39:50Z,219000811,54.838737,11.491827,0.0,Under way using engine
2026-09-26T12:40:14Z,219002177,54.916352,11.360560,0.0,Under way using engine
2026-09-26T12:40:20Z,219000811,54.838737,11.491828,0.0,Under way using engine
2026-09-26T12:40:27Z,219000809,54.943802,11.480417,9.0,Under way using engine
2026-09-26T12:40:44Z,219002177,54.916348,11.360553,0.0,Under way using engine
2026-09-26T12:40:50Z,219000811,54.838740,11.491830,0.0,Under way using engine
2026-09-26T12:40:58Z,219000809,54.942682,11.479495,9.0,Under way using engine
2026-09-26T12:41:14Z,219002177,54.916345,11.360548,0.0,Under way using engine
2026-09-26T12:41:20Z,219000811,54.838738,11.491827,0.0,Under way using engine
2026-09-26T12:41:38Z,219000809,54.941317,11.477907,8.9,Under way using engine
2026-09-26T12:41:44Z,219002177,54.916348,11.360547,0.0,Under way using engine
2026-09-26T12:41:50Z,219000811,54.838738,11.491827,0.0,Under way using engine
2026-09-26T12:42:08Z,219000809,54.940395,11.476518,8.8,Under way using engine
2026-09-26T12:42:14Z,219002177,54.916348,11.360560,0.0,Under way using engine
2026-09-26T12:42:20Z,219000811,54.838737,11.491822,0.0,Under way using engine
2026-09-26T12:42:38Z,219000809,54.939668,11.474842,8.7,Under way using engine
2026-09-26T12:42:44Z,219002177,54.916345,11.360567,0.0,Under way using engine
2026-09-26T12:42:50Z,219000811,54.838737,11.491820,0.0,Under way using engine
2026-09-26T12:43:08Z,219000809,54.939067,11.473015,8.8,Under way using engine
2026-09-26T12:43:14Z,219002177,54.916340,11.360577,0.0,Under way using engine
2026-09-26T12:43:20Z,219000811,54.838733,11.491820,0.0,Under way using engine
2026-09-26T12:43:38Z,219000809,54.938502,11.471145,8.8,Under way using engine
2026-09-26T12:43:44Z,219002177,54.916350,11.360578,0.0,Under way using engine
2026-09-26T12:43:50Z,219000811,54.838735,11.491820,0.0,Under way using engine
2026-09-26T12:44:08Z,219000809,54.937915,11.469287,8.8,Under way using engine
2026-09-26T12:44:14Z,219002177,54.916357,11.360575,0.0,Under way using engine
2026-09-26T12:44:20Z,219000811,54.838740,11.491820,0.0,Under way using engine
2026-09-26T12:44:38Z,219000809,54.937318,11.467418,8.9,Under way using engine
2026-09-26T12:44:44Z,219002177,54.916350,11.360567,0.0,Under way using engine
2026-09-26T12:44:50Z,219000811,54.838742,11.491823,0.0,Under way using engine
2026-09-26T12:45:08Z,219000809,54.936713,11.465545,9.0,Under way using engine
2026-09-26T12:45:14Z,219002177,54.916345,11.360573,0.0,Under way using engine
2026-09-26T12:45:28Z,219000811,54.838738,11.491823,0.0,Under way using engine
2026-09-26T12:45:38Z,219000809,54.936145,11.463630,9.0,Under way using engine
2026-09-26T12:45:44Z,219002177,54.916345,11.360577,0.0,Under way using engine
2026-09-26T12:45:59Z,219000811,54.838737,11.491827,0.0,Under way using engine
2026-09-26T12:46:08Z,219000809,54.935537,11.461750,9.0,Under way using engine
2026-09-26T12:46:14Z,219002177,54.916358,11.360585,0.0,Under way using engine
2026-09-26T12:46:29Z,219000811,54.838735,11.491825,0.0,Under way using engine
2026-09-26T12:46:38Z,219000809,54.934940,11.459778,9.0,Under way using engine
2026-09-26T12:46:44Z,219002177,54.916350,11.360582,0.0,Under way using engine
2026-09-26T12:46:59Z,219000811,54.838733,11.491823,0.0,Under way using engine
2026-09-26T12:47:08Z,219000809,54.934342,11.457933,9.0,Under way using engine
2026-09-26T12:47:14Z,219002177,54.916345,11.360575,0.0,Under way using engine
2026-09-26T12:47:29Z,219000811,54.838733,11.491825,0.0,Under way using engine
2026-09-26T12:47:38Z,219000809,54.933763,11.455945,9.0,Under way using engine
2026-09-26T12:47:44Z,219002177,54.916343,11.360575,0.0,Under way using engine
2026-09-26T12:47:59Z,219000811,54.838733,11.491823,0.0,Under way using engine
2026-09-26T12:48:08Z,219000809,54.933178,11.454107,9.0,Under way using engine
2026-09-26T12:48:14Z,219002177,54.916342,11.360577,0.0,Under way using engine
2026-09-26T12:48:29Z,219000811,54.838733,11.491822,0.0,Under way using engine
2026-09-26T12:48:38Z,219000809,54.932538,11.452172,9.1,Under way using engine
2026-09-26T12:48:44Z,219002177,54.916332,11.360568,0.0,Under way using engine
2026-09-26T12:49:08Z,219000809,54.931817,11.450472,9.0,Under way using engine
2026-09-26T12:49:09Z,219000811,54.838733,11.491822,0.0,Under way using engine
2026-09-26T12:49:15Z,219002177,54.916337,11.360565,0.0,Under way using engine
2026-09-26T12:49:38Z,219000809,54.931040,11.448762,9.0,Under way using engine
2026-09-26T12:49:40Z,219000811,54.838733,11.491820,0.0,Under way using engine
2026-09-26T12:49:53Z,219002177,54.916340,11.360580,0.0,Under way using engine
2026-09-26T12:50:08Z,219000809,54.930282,11.447048,9.0,Under way using engine
2026-09-26T12:50:19Z,219000811,54.838733,11.491815,0.0,Under way using engine
2026-09-26T12:50:25Z,219002177,54.916343,11.360588,0.0,Under way using engine
2026-09-26T12:50:38Z,219000809,54.929527,11.445367,8.9,Under way using engine
2026-09-26T12:50:50Z,219000811,54.838733,11.491815,0.0,Under way using engine
2026-09-26T12:51:03Z,219002177,54.916333,11.360578,0.0,Under way using engine
2026-09-26T12:51:08Z,219000809,54.928763,11.443617,9.2,Under way using engine
2026-09-26T12:51:29Z,219000811,54.838733,11.491815,0.0,Under way using engine
2026-09-26T12:51:35Z,219002177,54.916338,11.360927,2.3,Under way using engine
2026-09-26T12:51:38Z,219000809,54.928015,11.441865,9.1,Under way using engine
2026-09-26T12:52:08Z,219000809,54.927268,11.440118,9.1,Under way using engine
2026-09-26T12:52:10Z,219000811,54.838733,11.491813,0.0,Under way using engine
2026-09-26T12:52:15Z,219002177,54.916298,11.362323,5.4,Under way using engine
2026-09-26T12:52:38Z,219000809,54.926508,11.438370,9.1,Under way using engine
2026-09-26T12:52:40Z,219000811,54.838733,11.491813,0.0,Under way using engine
2026-09-26T12:52:45Z,219002177,54.916302,11.363882,6.9,Under way using engine
2026-09-26T12:53:08Z,219000809,54.925755,11.436617,9.1,Under way using engine
2026-09-26T12:53:10Z,219000811,54.838733,11.491815,0.0,Under way using engine
2026-09-26T12:53:15Z,219002177,54.916367,11.365687,7.7,Under way using engine
2026-09-26T12:53:38Z,219000809,54.924990,11.434897,9.0,Under way using engine
2026-09-26T12:53:45Z,219002177,54.916552,11.367568,8.1,Under way using engine
2026-09-26T12:53:50Z,219000811,54.838735,11.491817,0.0,Under way using engine
2026-09-26T12:54:08Z,219000809,54.924210,11.433173,9.1,Under way using engine
2026-09-26T12:54:15Z,219002177,54.916832,11.369483,8.3,Under way using engine
2026-09-26T12:54:22Z,219000811,54.838733,11.491818,0.0,Under way using engine
2026-09-26T12:54:38Z,219000809,54.923432,11.431470,9.0,Under way using engine
2026-09-26T12:54:45Z,219002177,54.917313,11.371037,6.9,Under way using engine
2026-09-26T12:54:59Z,219000811,54.838742,11.491823,0.0,Under way using engine
2026-09-26T12:55:08Z,219000809,54.922662,11.429792,9.1,Under way using engine
2026-09-26T12:55:15Z,219002177,54.918273,11.371302,7.3,Under way using engine
2026-09-26T12:55:29Z,219000811,54.838742,11.491825,0.0,Under way using engine
2026-09-26T12:55:38Z,219000809,54.921877,11.428063,9.1,Under way using engine
2026-09-26T12:55:54Z,219002177,54.919710,11.371297,7.9,Under way using engine
2026-09-26T12:55:59Z,219000811,54.838743,11.491825,0.0,Under way using engine
2026-09-26T12:56:08Z,219000809,54.921088,11.426357,9.1,Under way using engine
2026-09-26T12:56:24Z,219002177,54.920835,11.371297,8.2,Under way using engine
2026-09-26T12:56:29Z,219000811,54.838740,11.491827,0.0,Under way using engine
2026-09-26T12:56:38Z,219000809,54.920277,11.424647,9.1,Under way using engine
2026-09-26T12:56:54Z,219002177,54.922002,11.371293,8.5,Under way using engine
2026-09-26T12:56:59Z,219000811,54.838738,11.491830,0.0,Under way using engine
2026-09-26T12:57:08Z,219000809,54.919522,11.422935,9.0,Under way using engine
2026-09-26T12:57:24Z,219002177,54.923188,11.371262,8.6,Under way using engine
2026-09-26T12:57:29Z,219000811,54.838735,11.491832,0.0,Under way using engine
2026-09-26T12:57:38Z,219000809,54.918738,11.421207,9.1,Under way using engine
2026-09-26T12:57:54Z,219002177,54.924398,11.371233,8.7,Under way using engine
2026-09-26T12:57:59Z,219000811,54.838733,11.491835,0.0,Under way using engine
2026-09-26T12:58:08Z,219000809,54.917950,11.419502,9.1,Under way using engine
2026-09-26T12:58:24Z,219002177,54.925558,11.371208,8.7,Under way using engine
2026-09-26T12:58:29Z,219000811,54.838730,11.491837,0.0,Under way using engine
2026-09-26T12:58:38Z,219000809,54.917197,11.417747,9.1,Under way using engine
2026-09-26T12:58:54Z,219002177,54.926803,11.371142,8.6,Under way using engine
2026-09-26T12:58:59Z,219000811,54.838727,11.491833,0.0,Under way using engine
2026-09-26T12:59:18Z,219000809,54.916163,11.415438,9.1,Under way using engine
2026-09-26T12:59:24Z,219002177,54.927950,11.371135,8.6,Under way using engine
2026-09-26T12:59:29Z,219000811,54.838728,11.491833,0.0,Under way using engine
2026-09-26T12:59:48Z,219000809,54.915398,11.413658,9.3,Under way using engine
2026-09-26T12:59:54Z,219002177,54.929148,11.371098,8.7,Under way using engine
2026-09-26T12:59:59Z,219000811,54.838727,11.491835,0.0,Under way using engine
2026-09-26T13:00:18Z,219000809,54.914608,11.411912,9.3,Under way using engine
2026-09-26T13:00:24Z,219002177,54.930357,11.371042,8.7,Under way using engine
2026-09-26T13:00:29Z,219000811,54.838728,11.491833,0.0,Under way using engine
2026-09-26T13:00:48Z,219000809,54.913830,11.410137,9.3,Under way using engine
2026-09-26T13:00:54Z,219002177,54.931560,11.371005,8.8,Under way using engine
2026-09-26T13:00:59Z,219000811,54.838725,11.491832,0.0,Under way using engine
2026-09-26T13:01:18Z,219000809,54.913033,11.408370,9.3,Under way using engine
2026-09-26T13:01:24Z,219002177,54.932767,11.370965,8.5,Under way using engine
2026-09-26T13:01:29Z,219000811,54.838725,11.491828,0.0,Under way using engine
2026-09-26T13:01:48Z,219000809,54.912242,11.406585,9.4,Under way using engine
2026-09-26T13:01:54Z,219002177,54.933825,11.370915,7.1,Under way using engine
2026-09-26T13:01:59Z,219000811,54.838727,11.491828,0.0,Under way using engine
2026-09-26T13:02:18Z,219000809,54.911440,11.404782,9.5,Under way using engine
2026-09-26T13:02:24Z,219002177,54.934685,11.371143,5.8,Under way using engine
2026-09-26T13:02:29Z,219000811,54.838728,11.491832,0.0,Under way using engine
2026-09-26T13:02:48Z,219000809,54.910623,11.402998,9.5,Under way using engine
2026-09-26T13:02:54Z,219002177,54.935280,11.371520,4.0,Under way using engine
2026-09-26T13:03:09Z,219000811,54.838728,11.491832,0.0,Under way using engine
2026-09-26T13:03:18Z,219000809,54.909812,11.401195,9.5,Under way using engine
2026-09-26T13:03:24Z,219002177,54.935623,11.371722,1.9,Under way using engine
2026-09-26T13:03:39Z,219000811,54.838730,11.491832,0.0,Under way using engine
2026-09-26T13:03:48Z,219000809,54.909098,11.399323,9.5,Under way using engine
2026-09-26T13:03:55Z,219002177,54.935775,11.371845,0.9,Under way using engine
2026-09-26T13:04:09Z,219000811,54.838732,11.491835,0.0,Under way using engine
2026-09-26T13:04:18Z,219000809,54.908472,11.397310,9.5,Under way using engine
2026-09-26T13:04:34Z,219002177,54.935915,11.371962,0.7,Under way using engine
2026-09-26T13:04:39Z,219000811,54.838732,11.491835,0.0,Under way using engine
2026-09-26T13:04:48Z,219000809,54.907968,11.395228,9.3,Under way using engine
2026-09-26T13:05:05Z,219002177,54.935952,11.372007,0.0,Under way using engine
2026-09-26T13:05:09Z,219000811,54.838733,11.491833,0.0,Under way using engine
2026-09-26T13:05:18Z,219000809,54.908222,11.393193,8.7,Under way using engine
2026-09-26T13:05:39Z,219000811,54.838735,11.491833,0.0,Under way using engine
2026-09-26T13:05:43Z,219002177,54.935948,11.372015,0.0,Under way using engine
2026-09-26T13:05:48Z,219000809,54.909017,11.391517,9.2,Under way using engine
2026-09-26T13:06:09Z,219000811,54.838735,11.491833,0.0,Under way using engine
2026-09-26T13:06:13Z,219002177,54.935950,11.372010,0.0,Under way using engine
2026-09-26T13:06:18Z,219000809,54.909882,11.389833,9.4,Under way using engine
2026-09-26T13:06:39Z,219000811,54.838735,11.491835,0.0,Under way using engine
2026-09-26T13:06:43Z,219002177,54.935950,11.372015,0.0,Under way using engine
2026-09-26T13:06:48Z,219000809,54.910765,11.388177,9.4,Under way using engine
2026-09-26T13:07:09Z,219000811,54.838733,11.491835,0.0,Under way using engine
2026-09-26T13:07:14Z,219002177,54.935952,11.372007,0.0,Under way using engine
2026-09-26T13:07:18Z,219000809,54.911637,11.386512,9.3,Under way using engine
2026-09-26T13:07:44Z,219002177,54.935933,11.372007,0.0,Under way using engine
2026-09-26T13:07:48Z,219000809,54.912517,11.384865,9.3,Under way using engine
2026-09-26T13:07:49Z,219000811,54.838733,11.491832,0.0,Under way using engine
2026-09-26T13:08:14Z,219002177,54.935942,11.372002,0.0,Under way using engine
2026-09-26T13:08:18Z,219000809,54.913375,11.383213,9.3,Under way using engine
2026-09-26T13:08:20Z,219000811,54.838732,11.491830,0.0,Under way using engine
2026-09-26T13:08:44Z,219002177,54.935933,11.371997,0.0,Under way using engine
2026-09-26T13:08:48Z,219000809,54.914232,11.381590,9.2,Under way using engine
2026-09-26T13:09:00Z,219000811,54.838732,11.491832,0.0,Under way using engine
2026-09-26T13:09:14Z,219002177,54.935940,11.371992,0.0,Under way using engine
2026-09-26T13:09:18Z,219000809,54.915055,11.379907,9.2,Under way using engine
2026-09-26T13:09:38Z,219000811,54.838732,11.491832,0.0,Under way using engine
2026-09-26T13:09:44Z,219002177,54.935947,11.371995,0.0,Under way using engine
2026-09-26T13:09:48Z,219000809,54.915745,11.378070,9.1,Under way using engine
2026-09-26T13:10:09Z,219000811,54.838735,11.491832,0.0,Under way using engine
2026-09-26T13:10:14Z,219002177,54.935950,11.372002,0.0,Under way using engine
2026-09-26T13:10:27Z,219000809,54.916308,11.375420,9.1,Under way using engine
2026-09-26T13:10:44Z,219002177,54.935925,11.372033,0.0,Under way using engine
2026-09-26T13:10:50Z,219000811,54.838732,11.491830,0.0,Under way using engine
2026-09-26T13:10:59Z,219000809,54.916637,11.373157,9.1,Under way using engine
2026-09-26T13:11:15Z,219002177,54.935932,11.372018,0.0,Under way using engine
2026-09-26T13:11:20Z,219000811,54.838733,11.491830,0.0,Under way using engine
2026-09-26T13:11:37Z,219000809,54.916702,11.370337,9.1,Under way using engine
2026-09-26T13:11:50Z,219000811,54.838732,11.491828,0.0,Under way using engine
2026-09-26T13:11:54Z,219002177,54.935927,11.372017,0.0,Under way using engine
2026-09-26T13:12:08Z,219000809,54.916608,11.368060,9.2,Under way using engine
2026-09-26T13:12:22Z,219000811,54.838732,11.491828,0.0,Under way using engine
2026-09-26T13:12:24Z,219002177,54.935935,11.372020,0.0,Under way using engine
2026-09-26T13:12:49Z,219000809,54.916428,11.365162,8.9,Under way using engine
2026-09-26T13:12:54Z,219002177,54.935928,11.372013,0.0,Under way using engine
2026-09-26T13:13:00Z,219000811,54.838732,11.491832,0.0,Under way using engine
2026-09-26T13:13:24Z,219002177,54.935928,11.372008,0.0,Under way using engine
2026-09-26T13:13:27Z,219000809,54.916257,11.362510,8.5,Under way using engine
2026-09-26T13:13:39Z,219000811,54.838730,11.491833,0.0,Under way using engine
2026-09-26T13:13:54Z,219002177,54.935938,11.371978,0.0,Under way using engine
2026-09-26T13:13:59Z,219000809,54.916042,11.360990,5.1,Under way using engine
2026-09-26T13:14:09Z,219000811,54.838730,11.491835,0.0,Under way using engine
2026-09-26T13:14:24Z,219002177,54.935940,11.372003,0.0,Under way using engine
2026-09-26T13:14:38Z,219000809,54.915862,11.360758,0.2,Under way using engine
2026-09-26T13:14:39Z,219000811,54.838728,11.491837,0.0,Under way using engine
2026-09-26T13:14:54Z,219002177,54.935943,11.371992,0.0,Under way using engine
2026-09-26T13:15:08Z,219000809,54.915943,11.360463,1.5,Under way using engine
2026-09-26T13:15:09Z,219000811,54.838728,11.491840,0.0,Under way using engine
2026-09-26T13:15:24Z,219002177,54.935908,11.371975,0.7,Under way using engine
2026-09-26T13:15:38Z,219000809,54.916002,11.360198,0.9,Under way using engine
2026-09-26T13:15:39Z,219000811,54.838728,11.491840,0.0,Under way using engine
2026-09-26T13:15:54Z,219002177,54.935630,11.371733,2.9,Under way using engine
2026-09-26T13:16:10Z,219000811,54.838728,11.491842,0.0,Under way using engine
2026-09-26T13:16:18Z,219000809,54.916065,11.360088,0.4,Under way using engine
2026-09-26T13:16:24Z,219002177,54.935145,11.371288,4.5,Under way using engine
2026-09-26T13:16:49Z,219000809,54.916058,11.360062,0.0,Under way using engine
2026-09-26T13:16:50Z,219000811,54.838728,11.491840,0.0,Under way using engine
2026-09-26T13:16:54Z,219002177,54.934487,11.370640,5.6,Under way using engine
2026-09-26T13:17:20Z,219000811,54.838727,11.491838,0.0,Under way using engine
2026-09-26T13:17:24Z,219002177,54.933708,11.370395,6.3,Under way using engine
2026-09-26T13:17:28Z,219000809,54.916058,11.360062,0.0,Under way using engine
2026-09-26T13:17:50Z,219000811,54.838723,11.491837,0.0,Under way using engine
2026-09-26T13:17:54Z,219002177,54.932730,11.370328,7.1,Under way using engine
2026-09-26T13:17:59Z,219000809,54.916053,11.360073,0.0,Under way using engine
2026-09-26T13:18:20Z,219000811,54.838725,11.491838,0.0,Under way using engine
2026-09-26T13:18:24Z,219002177,54.931735,11.370305,7.6,Under way using engine
2026-09-26T13:18:38Z,219000809,54.916052,11.360072,0.0,Under way using engine
2026-09-26T13:18:50Z,219000811,54.838728,11.491837,0.0,Under way using engine
2026-09-26T13:18:54Z,219002177,54.930617,11.370268,7.8,Under way using engine
2026-09-26T13:19:18Z,219000809,54.916060,11.360057,0.0,Under way using engine
2026-09-26T13:19:20Z,219000811,54.838730,11.491833,0.0,Under way using engine
2026-09-26T13:19:24Z,219002177,54.929557,11.370247,8.0,Under way using engine
2026-09-26T13:19:49Z,219000809,54.916067,11.360068,0.0,Under way using engine
2026-09-26T13:19:50Z,219000811,54.838730,11.491835,0.0,Under way using engine
2026-09-26T13:19:55Z,219002177,54.928412,11.370228,8.0,Under way using engine
2026-09-26T13:20:29Z,219000809,54.916073,11.360082,0.0,Under way using engine
2026-09-26T13:20:35Z,219002177,54.926928,11.370218,8.1,Under way using engine
2026-09-26T13:20:39Z,219000811,54.838732,11.491837,0.0,Under way using engine
2026-09-26T13:21:08Z,219000809,54.916065,11.360053,0.0,Under way using engine
2026-09-26T13:21:10Z,219000811,54.838732,11.491833,0.0,Under way using engine
2026-09-26T13:21:14Z,219002177,54.925482,11.370230,8.0,Under way using engine
2026-09-26T13:21:47Z,219000809,54.916057,11.360052,0.0,Under way using engine
2026-09-26T13:21:50Z,219000811,54.838735,11.491830,0.0,Under way using engine
2026-09-26T13:21:55Z,219002177,54.923992,11.370437,7.9,Under way using engine
2026-09-26T13:22:18Z,219000809,54.916062,11.360045,0.0,Under way using engine
2026-09-26T13:22:28Z,219000811,54.838735,11.491830,0.0,Under way using engine
2026-09-26T13:22:35Z,219002177,54.922538,11.370567,7.8,Under way using engine
2026-09-26T13:22:59Z,219000811,54.838737,11.491825,0.0,Under way using engine
2026-09-26T13:23:08Z,219000809,54.916058,11.360055,0.0,Under way using engine
2026-09-26T13:23:14Z,219002177,54.921155,11.370732,7.6,Under way using engine
2026-09-26T13:23:40Z,219000811,54.838740,11.491822,0.0,Under way using engine
2026-09-26T13:23:47Z,219000809,54.916048,11.360043,0.0,Under way using engine
2026-09-26T13:23:55Z,219002177,54.919717,11.370885,7.5,Under way using engine
2026-09-26T13:24:18Z,219000809,54.916047,11.360040,0.0,Under way using engine
2026-09-26T13:24:19Z,219000811,54.838748,11.491825,0.0,Under way using engine
2026-09-26T13:24:34Z,219002177,54.918388,11.371042,7.4,Under way using engine
2026-09-26T13:24:50Z,219000811,54.838747,11.491822,0.0,Under way using engine
2026-09-26T13:24:58Z,219000809,54.916047,11.360045,0.0,Under way using engine
2026-09-26T13:25:04Z,219002177,54.917382,11.370905,6.9,Under way using engine
2026-09-26T13:25:29Z,219000809,54.916043,11.360057,0.0,Under way using engine
2026-09-26T13:25:29Z,219000811,54.838735,11.491823,0.0,Under way using engine
2026-09-26T13:25:34Z,219002177,54.916693,11.370005,6.3,Under way using engine
2026-09-26T13:25:59Z,219000811,54.838737,11.491825,0.0,Under way using engine
2026-09-26T13:26:05Z,219002177,54.916537,11.368428,6.7,Under way using engine
2026-09-26T13:26:08Z,219000809,54.916048,11.360063,0.0,Under way using engine
2026-09-26T13:26:29Z,219000811,54.838738,11.491823,0.0,Under way using engine
2026-09-26T13:26:38Z,219000809,54.916058,11.360042,0.0,Under way using engine
2026-09-26T13:26:45Z,219002177,54.916452,11.366167,7.1,Under way using engine
2026-09-26T13:26:59Z,219000811,54.838737,11.491822,0.0,Under way using engine
2026-09-26T13:27:08Z,219000809,54.916062,11.360057,0.0,Under way using engine
2026-09-26T13:27:15Z,219002177,54.916393,11.364495,6.9,Under way using engine
2026-09-26T13:27:29Z,219000811,54.838733,11.491823,0.0,Under way using engine
2026-09-26T13:27:38Z,219000809,54.916058,11.360050,0.0,Under way using engine
2026-09-26T13:27:45Z,219002177,54.916342,11.362970,5.9,Under way using engine
2026-09-26T13:27:59Z,219000811,54.838733,11.491823,0.0,Under way using engine
2026-09-26T13:28:15Z,219002177,54.916323,11.361752,4.6,Under way using engine
2026-09-26T13:28:18Z,219000809,54.916067,11.360043,0.0,Under way using engine
2026-09-26T13:28:40Z,219000811,54.838730,11.491825,0.0,Under way using engine
2026-09-26T13:28:45Z,219002177,54.916333,11.361073,2.1,Under way using engine
2026-09-26T13:28:48Z,219000809,54.916073,11.360060,0.0,Under way using engine
2026-09-26T13:29:10Z,219000811,54.838732,11.491828,0.0,Under way using engine
2026-09-26T13:29:15Z,219002177,54.916330,11.360752,1.1,Under way using engine
2026-09-26T13:29:18Z,219000809,54.916072,11.360057,0.0,Under way using engine
2026-09-26T13:29:40Z,219000811,54.838727,11.491832,0.0,Under way using engine
2026-09-26T13:29:45Z,219002177,54.916323,11.360548,0.6,Under way using engine
2026-09-26T13:29:48Z,219000809,54.916072,11.360053,0.0,Under way using engine
2026-09-26T13:30:10Z,219000811,54.838725,11.491828,0.0,Under way using engine
2026-09-26T13:30:15Z,219002177,54.916322,11.360535,0.0,Under way using engine
2026-09-26T13:30:18Z,219000809,54.916073,11.360038,0.0,Under way using engine
2026-09-26T13:30:40Z,219000811,54.838727,11.491827,0.0,Under way using engine
2026-09-26T13:30:45Z,219002177,54.916327,11.360520,0.0,Under way using engine
2026-09-26T13:30:48Z,219000809,54.916062,11.360037,0.0,Under way using engine
2026-09-26T13:31:10Z,219000811,54.838728,11.491828,0.0,Under way using engine
2026-09-26T13:31:15Z,219002177,54.916327,11.360527,0.0,Under way using engine
2026-09-26T13:31:18Z,219000809,54.916072,11.360025,0.0,Under way using engine
2026-09-26T13:31:45Z,219002177,54.916322,11.360563,0.0,Under way using engine
2026-09-26T13:31:48Z,219000809,54.916070,11.360050,0.0,Under way using engine
2026-09-26T13:31:49Z,219000811,54.838723,11.491830,0.0,Under way using engine
2026-09-26T13:32:18Z,219000809,54.916077,11.360032,0.0,Under way using engine
2026-09-26T13:32:19Z,219000811,54.838720,11.491830,0.0,Under way using engine
2026-09-26T13:32:25Z,219002177,54.916327,11.360572,0.0,Under way using engine
2026-09-26T13:32:48Z,219000809,54.916030,11.360303,2.7,Under way using engine
2026-09-26T13:32:49Z,219000811,54.838722,11.491828,0.0,Under way using engine
2026-09-26T13:33:04Z,219002177,54.916318,11.360563,0.0,Under way using engine
2026-09-26T13:33:18Z,219000809,54.916102,11.361858,7.5,Under way using engine
2026-09-26T13:33:28Z,219000811,54.838728,11.491835,0.0,Under way using engine
2026-09-26T13:33:34Z,219002177,54.916322,11.360553,0.0,Under way using engine
2026-09-26T13:33:58Z,219000809,54.916383,11.364577,8.9,Under way using engine
2026-09-26T13:33:59Z,219000811,54.838730,11.491835,0.0,Under way using engine
2026-09-26T13:34:05Z,219002177,54.916333,11.360560,0.0,Under way using engine
2026-09-26T13:34:35Z,219002177,54.916347,11.360545,0.0,Under way using engine
2026-09-26T13:34:39Z,219000809,54.916710,11.367428,9.1,Under way using engine
2026-09-26T13:34:39Z,219000811,54.838733,11.491832,0.0,Under way using engine
2026-09-26T13:35:05Z,219002177,54.916338,11.360575,0.0,Under way using engine
2026-09-26T13:35:09Z,219000811,54.838733,11.491828,0.0,Under way using engine
2026-09-26T13:35:18Z,219000809,54.916942,11.370347,9.2,Under way using engine
2026-09-26T13:35:35Z,219002177,54.916348,11.360565,0.0,Under way using engine
2026-09-26T13:35:39Z,219000811,54.838735,11.491822,0.0,Under way using engine
2026-09-26T13:35:57Z,219000809,54.916908,11.373155,8.6,Under way using engine
2026-09-26T13:36:05Z,219002177,54.916345,11.360567,0.0,Under way using engine
2026-09-26T13:36:09Z,219000811,54.838735,11.491822,0.0,Under way using engine
2026-09-26T13:36:27Z,219000809,54.916185,11.374810,8.8,Under way using engine
2026-09-26T13:36:35Z,219002177,54.916327,11.360537,0.0,Under way using engine
2026-09-26T13:36:39Z,219000811,54.838733,11.491822,0.0,Under way using engine
2026-09-26T13:36:57Z,219000809,54.915347,11.376485,9.2,Under way using engine
2026-09-26T13:37:05Z,219002177,54.916358,11.360552,0.0,Under way using engine
2026-09-26T13:37:09Z,219000811,54.838733,11.491820,0.0,Under way using engine
2026-09-26T13:37:28Z,219000809,54.914480,11.378153,9.3,Under way using engine
2026-09-26T13:37:35Z,219002177,54.916347,11.360562,0.0,Under way using engine
2026-09-26T13:37:39Z,219000811,54.838732,11.491825,0.0,Under way using engine
2026-09-26T13:38:08Z,219000809,54.913340,11.380392,9.3,Under way using engine
2026-09-26T13:38:09Z,219000811,54.838733,11.491823,0.0,Under way using engine
2026-09-26T13:38:14Z,219002177,54.916340,11.360543,0.0,Under way using engine
2026-09-26T13:38:39Z,219000809,54.912447,11.382115,9.3,Under way using engine
2026-09-26T13:38:39Z,219000811,54.838735,11.491827,0.0,Under way using engine
2026-09-26T13:38:45Z,219002177,54.916350,11.360542,0.0,Under way using engine
2026-09-26T13:39:10Z,219000811,54.838732,11.491830,0.0,Under way using engine
2026-09-26T13:39:18Z,219000809,54.911333,11.384345,9.2,Under way using engine
2026-09-26T13:39:25Z,219002177,54.916340,11.360543,0.0,Under way using engine
2026-09-26T13:39:40Z,219000811,54.838727,11.491825,0.0,Under way using engine
2026-09-26T13:39:55Z,219002177,54.916318,11.360532,0.0,Under way using engine
2026-09-26T13:39:59Z,219000809,54.910190,11.386552,9.1,Under way using engine
2026-09-26T13:40:10Z,219000811,54.838725,11.491820,0.0,Under way using engine
2026-09-26T13:40:25Z,219002177,54.916327,11.360547,0.0,Under way using engine
2026-09-26T13:40:39Z,219000809,54.909068,11.388738,9.1,Under way using engine
2026-09-26T13:40:40Z,219000811,54.838728,11.491818,0.0,Under way using engine
2026-09-26T13:40:55Z,219002177,54.916333,11.360555,0.0,Under way using engine
2026-09-26T13:41:10Z,219000811,54.838727,11.491817,0.0,Under way using engine
2026-09-26T13:41:18Z,219000809,54.908053,11.391047,9.1,Under way using engine
2026-09-26T13:41:25Z,219002177,54.916347,11.360553,0.0,Under way using engine
2026-09-26T13:41:40Z,219000811,54.838723,11.491818,0.0,Under way using engine
2026-09-26T13:41:48Z,219000809,54.907320,11.392748,9.1,Under way using engine
2026-09-26T13:41:55Z,219002177,54.916350,11.360555,0.0,Under way using engine
2026-09-26T13:42:10Z,219000811,54.838725,11.491823,0.0,Under way using engine
2026-09-26T13:42:18Z,219000809,54.906715,11.394735,9.1,Under way using engine
2026-09-26T13:42:35Z,219002177,54.916328,11.360528,0.0,Under way using engine
2026-09-26T13:42:40Z,219000811,54.838725,11.491828,0.0,Under way using engine
2026-09-26T13:42:48Z,219000809,54.906147,11.396640,9.2,Under way using engine
2026-09-26T13:43:05Z,219002177,54.916333,11.360548,0.0,Under way using engine
2026-09-26T13:43:10Z,219000811,54.838728,11.491832,0.0,Under way using engine
2026-09-26T13:43:18Z,219000809,54.905588,11.398722,9.2,Under way using engine
2026-09-26T13:43:35Z,219002177,54.916337,11.360553,0.0,Under way using engine
2026-09-26T13:43:48Z,219000809,54.905040,11.400648,9.3,Under way using engine
2026-09-26T13:43:49Z,219000811,54.838733,11.491833,0.0,Under way using engine
2026-09-26T13:44:05Z,219002177,54.916357,11.360565,0.0,Under way using engine
2026-09-26T13:44:18Z,219000809,54.904510,11.402770,9.3,Under way using engine
2026-09-26T13:44:19Z,219000811,54.838735,11.491827,0.0,Under way using engine
2026-09-26T13:44:35Z,219002177,54.916335,11.360553,0.0,Under way using engine
2026-09-26T13:44:48Z,219000809,54.903955,11.404802,9.4,Under way using engine
2026-09-26T13:44:49Z,219000811,54.838735,11.491825,0.0,Under way using engine
2026-09-26T13:45:05Z,219002177,54.916335,11.360550,0.0,Under way using engine
2026-09-26T13:45:18Z,219000809,54.903420,11.406862,9.4,Under way using engine
2026-09-26T13:45:19Z,219000811,54.838735,11.491822,0.0,Under way using engine
2026-09-26T13:45:35Z,219002177,54.916342,11.360562,0.0,Under way using engine
2026-09-26T13:45:48Z,219000809,54.902890,11.408922,9.4,Under way using engine
2026-09-26T13:45:49Z,219000811,54.838737,11.491827,0.0,Under way using engine
2026-09-26T13:46:05Z,219002177,54.916360,11.360568,0.0,Under way using engine
2026-09-26T13:46:19Z,219000809,54.902333,11.410975,9.3,Under way using engine
2026-09-26T13:46:19Z,219000811,54.838735,11.491833,0.0,Under way using engine
2026-09-26T13:46:43Z,219002177,54.916365,11.360558,0.0,Under way using engine
2026-09-26T13:46:49Z,219000811,54.838735,11.491833,0.0,Under way using engine
2026-09-26T13:46:57Z,219000809,54.901673,11.413533,9.1,Under way using engine
2026-09-26T13:47:13Z,219002177,54.916333,11.360537,0.0,Under way using engine
2026-09-26T13:47:19Z,219000811,54.838733,11.491833,0.0,Under way using engine
2026-09-26T13:47:28Z,219000809,54.901123,11.415612,9.1,Under way using engine
2026-09-26T13:47:43Z,219002177,54.916327,11.360528,0.0,Under way using engine
2026-09-26T13:47:49Z,219000811,54.838733,11.491833,0.0,Under way using engine
2026-09-26T13:48:07Z,219000809,54.900413,11.418215,9.3,Under way using engine
2026-09-26T13:48:13Z,219002177,54.916332,11.360545,0.0,Under way using engine
2026-09-26T13:48:19Z,219000811,54.838730,11.491827,0.0,Under way using engine
2026-09-26T13:48:39Z,219000809,54.899827,11.420425,9.2,Under way using engine
2026-09-26T13:48:43Z,219002177,54.916357,11.360615,0.0,Under way using engine
2026-09-26T13:48:49Z,219000811,54.838730,11.491828,0.0,Under way using engine
2026-09-26T13:49:13Z,219002177,54.916323,11.360582,0.0,Under way using engine
2026-09-26T13:49:19Z,219000809,54.899107,11.423038,9.2,Under way using engine
2026-09-26T13:49:20Z,219000811,54.838730,11.491832,0.0,Under way using engine
2026-09-26T13:49:43Z,219002177,54.916323,11.360558,0.0,Under way using engine
2026-09-26T13:49:57Z,219000809,54.898380,11.425572,9.2,Under way using engine
2026-09-26T13:50:10Z,219000811,54.838725,11.491825,0.0,Under way using engine
2026-09-26T13:50:13Z,219002177,54.916320,11.360552,0.0,Under way using engine
2026-09-26T13:50:28Z,219000809,54.897778,11.427672,9.2,Under way using engine
2026-09-26T13:50:43Z,219002177,54.916330,11.360558,0.1,Under way using engine
2026-09-26T13:50:49Z,219000811,54.838728,11.491832,0.0,Under way using engine
2026-09-26T13:51:07Z,219000809,54.897008,11.430225,9.2,Under way using engine
2026-09-26T13:51:13Z,219002177,54.916338,11.360733,1.3,Under way using engine
2026-09-26T13:51:20Z,219000811,54.838735,11.491833,0.0,Under way using engine
2026-09-26T13:51:39Z,219000809,54.896390,11.432268,9.2,Under way using engine
2026-09-26T13:51:43Z,219002177,54.916320,11.361420,3.5,Under way using engine
2026-09-26T13:51:59Z,219000811,54.838738,11.491832,0.0,Under way using engine
2026-09-26T13:52:13Z,219002177,54.916302,11.362567,5.3,Under way using engine
2026-09-26T13:52:19Z,219000809,54.895503,11.434808,9.2,Under way using engine
2026-09-26T13:52:30Z,219000811,54.838742,11.491833,0.0,Under way using engine
2026-09-26T13:52:43Z,219002177,54.916398,11.364012,6.3,Under way using engine
2026-09-26T13:52:58Z,219000809,54.894678,11.437293,9.2,Under way using engine
2026-09-26T13:53:08Z,219000811,54.838745,11.491837,0.0,Under way using engine
2026-09-26T13:53:13Z,219002177,54.916487,11.365622,6.9,Under way using engine
2026-09-26T13:53:28Z,219000809,54.893972,11.439262,9.2,Under way using engine
2026-09-26T13:53:39Z,219000811,54.838747,11.491838,0.0,Under way using engine
2026-09-26T13:53:43Z,219002177,54.916683,11.367302,7.1,Under way using engine
2026-09-26T13:53:58Z,219000809,54.893352,11.441105,9.2,Under way using engine
2026-09-26T13:54:13Z,219002177,54.916855,11.369032,7.3,Under way using engine
2026-09-26T13:54:19Z,219000811,54.838748,11.491838,0.0,Under way using engine
2026-09-26T13:54:29Z,219000809,54.892665,11.443113,9.2,Under way using engine
2026-09-26T13:54:45Z,219002177,54.917043,11.370740,6.8,Under way using engine
2026-09-26T13:54:50Z,219000811,54.838747,11.491837,0.0,Under way using engine
2026-09-26T13:55:18Z,219000809,54.891592,11.446297,9.3,Under way using engine
2026-09-26T13:55:24Z,219002177,54.918072,11.371392,6.2,Under way using engine
2026-09-26T13:55:30Z,219000811,54.838743,11.491837,0.0,Under way using engine
2026-09-26T13:55:48Z,219000809,54.890875,11.448152,9.3,Under way using engine
2026-09-26T13:55:54Z,219002177,54.919015,11.371423,6.9,Under way using engine
2026-09-26T13:56:00Z,219000811,54.838742,11.491838,0.0,Under way using engine
2026-09-26T13:56:18Z,219000809,54.890087,11.449923,9.3,Under way using engine
2026-09-26T13:56:25Z,219002177,54.920017,11.371437,7.3,Under way using engine
2026-09-26T13:56:30Z,219000811,54.838742,11.491838,0.0,Under way using engine
2026-09-26T13:56:48Z,219000809,54.889272,11.451652,9.3,Under way using engine
2026-09-26T13:57:00Z,219000811,54.838743,11.491838,0.0,Under way using engine
2026-09-26T13:57:04Z,219002177,54.921362,11.371435,7.6,Under way using engine
2026-09-26T13:57:18Z,219000809,54.888503,11.453448,9.3,Under way using engine
2026-09-26T13:57:30Z,219000811,54.838745,11.491838,0.0,Under way using engine
2026-09-26T13:57:34Z,219002177,54.922457,11.371410,7.7,Under way using engine
2026-09-26T13:57:48Z,219000809,54.887707,11.455185,9.2,Under way using engine
2026-09-26T13:58:00Z,219000811,54.838748,11.491833,0.0,Under way using engine
2026-09-26T13:58:05Z,219002177,54.923520,11.371390,7.7,Under way using engine
2026-09-26T13:58:18Z,219000809,54.886962,11.456970,9.1,Under way using engine
2026-09-26T13:58:39Z,219000811,54.838750,11.491833,0.0,Under way using engine
2026-09-26T13:58:45Z,219002177,54.924947,11.371347,7.7,Under way using engine
2026-09-26T13:58:48Z,219000809,54.886183,11.458715,9.2,Under way using engine
2026-09-26T13:59:09Z,219000811,54.838748,11.491833,0.0,Under way using engine
2026-09-26T13:59:18Z,219000809,54.885438,11.460543,9.2,Under way using engine
2026-09-26T13:59:25Z,219002177,54.926363,11.371322,7.7,Under way using engine
2026-09-26T13:59:39Z,219000811,54.838745,11.491832,0.0,Under way using engine
2026-09-26T13:59:48Z,219000809,54.884683,11.462272,8.9,Under way using engine
2026-09-26T14:00:05Z,219002177,54.927770,11.371280,7.7,Under way using engine
2026-09-26T14:00:09Z,219000811,54.838740,11.491832,0.0,Under way using engine
2026-09-26T14:00:18Z,219000809,54.883965,11.464067,9.1,Under way using engine
2026-09-26T14:00:39Z,219000811,54.838738,11.491827,0.0,Under way using engine
2026-09-26T14:00:44Z,219002177,54.929205,11.371228,7.7,Under way using engine
2026-09-26T14:00:57Z,219000809,54.883042,11.466307,9.0,Under way using engine
2026-09-26T14:01:09Z,219000811,54.838742,11.491817,0.0,Under way using engine
2026-09-26T14:01:14Z,219002177,54.930242,11.371192,7.7,Under way using engine
2026-09-26T14:01:27Z,219000809,54.882328,11.468140,9.0,Under way using engine
2026-09-26T14:01:39Z,219000811,54.838740,11.491813,0.0,Under way using engine
2026-09-26T14:01:44Z,219002177,54.931348,11.371133,7.6,Under way using engine
2026-09-26T14:01:57Z,219000809,54.881625,11.469873,9.1,Under way using engine
2026-09-26T14:02:09Z,219000811,54.838738,11.491812,0.0,Under way using engine
2026-09-26T14:02:14Z,219002177,54.932367,11.371072,7.5,Under way using engine
2026-09-26T14:02:27Z,219000809,54.880867,11.471720,9.1,Under way using engine
2026-09-26T14:02:39Z,219000811,54.838733,11.491818,0.0,Under way using engine
2026-09-26T14:02:44Z,219002177,54.933395,11.370972,7.0,Under way using engine
2026-09-26T14:02:57Z,219000809,54.880255,11.473523,9.0,Under way using engine
2026-09-26T14:03:09Z,219000811,54.838735,11.491823,0.0,Under way using engine
2026-09-26T14:03:14Z,219002177,54.934250,11.371087,6.2,Under way using engine
2026-09-26T14:03:27Z,219000809,54.879925,11.475650,8.9,Under way using engine
2026-09-26T14:03:39Z,219000811,54.838732,11.491825,0.0,Under way using engine
2026-09-26T14:03:44Z,219002177,54.934983,11.371338,4.9,Under way using engine
2026-09-26T14:03:57Z,219000809,54.879913,11.477783,8.9,Under way using engine
2026-09-26T14:04:09Z,219000811,54.838735,11.491825,0.0,Under way using engine
2026-09-26T14:04:14Z,219002177,54.935473,11.371617,3.0,Under way using engine
2026-09-26T14:04:27Z,219000809,54.879993,11.479928,8.8,Under way using engine
2026-09-26T14:04:39Z,219000811,54.838740,11.491825,0.0,Under way using engine
2026-09-26T14:04:44Z,219002177,54.935722,11.371785,1.4,Under way using engine
2026-09-26T14:04:57Z,219000809,54.880355,11.481738,7.8,Under way using engine
2026-09-26T14:05:09Z,219000811,54.838740,11.491815,0.0,Under way using engine
2026-09-26T14:05:14Z,219002177,54.935833,11.371893,0.9,Under way using engine
2026-09-26T14:05:27Z,219000809,54.881202,11.482925,7.7,Under way using engine
2026-09-26T14:05:39Z,219000811,54.838737,11.491818,0.0,Under way using engine
2026-09-26T14:05:44Z,219002177,54.935938,11.372000,0.7,Under way using engine
2026-09-26T14:05:57Z,219000809,54.882238,11.483322,7.7,Under way using engine
2026-09-26T14:06:09Z,219000811,54.838735,11.491823,0.0,Under way using engine
2026-09-26T14:06:14Z,219002177,54.935962,11.371992,0.0,Under way using engine
2026-09-26T14:06:27Z,219000809,54.883060,11.483318,5.2,Under way using engine
2026-09-26T14:06:39Z,219000811,54.838733,11.491825,0.0,Under way using engine
2026-09-26T14:06:44Z,219002177,54.935945,11.371998,0.0,Under way using engine
2026-09-26T14:06:57Z,219000809,54.883625,11.483243,3.6,Under way using engine
2026-09-26T14:07:09Z,219000811,54.838733,11.491827,0.0,Under way using engine
2026-09-26T14:07:14Z,219002177,54.935968,11.371997,0.0,Under way using engine
2026-09-26T14:07:28Z,219000809,54.883987,11.483220,2.2,Under way using engine
2026-09-26T14:07:39Z,219000811,54.838732,11.491825,0.0,Under way using engine
2026-09-26T14:07:44Z,219002177,54.935945,11.371985,0.2,Under way using engine
2026-09-26T14:08:07Z,219000809,54.884230,11.483222,0.6,Under way using engine
2026-09-26T14:08:10Z,219000811,54.838732,11.491823,0.0,Under way using engine
2026-09-26T14:08:14Z,219002177,54.935948,11.371987,0.0,Under way using engine
2026-09-26T14:08:37Z,219000809,54.884283,11.483227,0.2,Under way using engine
2026-09-26T14:08:40Z,219000811,54.838735,11.491823,0.0,Under way using engine
2026-09-26T14:08:44Z,219002177,54.935953,11.371978,0.0,Under way using engine
2026-09-26T14:09:09Z,219000809,54.884278,11.483233,0.0,Under way using engine
2026-09-26T14:09:10Z,219000811,54.838735,11.491822,0.0,Under way using engine
2026-09-26T14:09:15Z,219002177,54.935952,11.371977,0.0,Under way using engine
2026-09-26T14:09:40Z,219000811,54.838738,11.491830,0.0,Under way using engine
2026-09-26T14:09:47Z,219000809,54.884287,11.483230,0.0,Under way using engine
2026-09-26T14:09:55Z,219002177,54.935945,11.371980,0.0,Under way using engine
2026-09-26T14:10:10Z,219000811,54.838735,11.491833,0.0,Under way using engine
2026-09-26T14:10:17Z,219000809,54.884287,11.483232,0.0,Under way using engine
2026-09-26T14:10:34Z,219002177,54.935947,11.371980,0.0,Under way using engine
2026-09-26T14:10:40Z,219000811,54.838733,11.491833,0.0,Under way using engine
2026-09-26T14:10:47Z,219000809,54.884280,11.483235,0.0,Under way using engine
2026-09-26T14:11:10Z,219000811,54.838733,11.491833,0.0,Under way using engine
2026-09-26T14:11:15Z,219002177,54.935922,11.371983,0.0,Under way using engine
2026-09-26T14:11:17Z,219000809,54.884290,11.483238,0.0,Under way using engine
2026-09-26T14:11:40Z,219000811,54.838732,11.491833,0.0,Under way using engine
2026-09-26T14:11:47Z,219000809,54.884293,11.483227,0.0,Under way using engine
2026-09-26T14:11:55Z,219002177,54.935932,11.371980,0.0,Under way using engine
2026-09-26T14:12:10Z,219000811,54.838737,11.491832,0.0,Under way using engine
2026-09-26T14:12:17Z,219000809,54.884315,11.483225,0.0,Under way using engine
2026-09-26T14:12:34Z,219002177,54.935952,11.371988,0.0,Under way using engine
2026-09-26T14:12:40Z,219000811,54.838737,11.491833,0.0,Under way using engine
2026-09-26T14:12:49Z,219000809,54.884315,11.483225,0.0,Under way using engine
2026-09-26T14:13:05Z,219002177,54.935970,11.371993,0.0,Under way using engine
2026-09-26T14:13:10Z,219000811,54.838737,11.491832,0.0,Under way using engine
2026-09-26T14:13:28Z,219000809,54.884302,11.483243,0.0,Under way using engine
2026-09-26T14:13:40Z,219000811,54.838735,11.491835,0.0,Under way using engine
2026-09-26T14:13:45Z,219002177,54.935953,11.371985,0.0,Under way using engine
2026-09-26T14:14:08Z,219000809,54.884295,11.483238,0.0,Under way using engine
2026-09-26T14:14:10Z,219000811,54.838735,11.491837,0.0,Under way using engine
2026-09-26T14:14:15Z,219002177,54.935958,11.371977,0.0,Under way using engine
2026-09-26T14:14:40Z,219000811,54.838738,11.491835,0.0,Under way using engine
2026-09-26T14:14:45Z,219002177,54.935953,11.371975,0.0,Under way using engine
2026-09-26T14:14:49Z,219000809,54.883850,11.483350,3.9,Under way using engine
2026-09-26T14:15:10Z,219000811,54.838742,11.491837,0.0,Under way using engine
2026-09-26T14:15:15Z,219002177,54.935942,11.371980,0.0,Under way using engine
2026-09-26T14:15:27Z,219000809,54.882845,11.483452,5.6,Under way using engine
2026-09-26T14:15:45Z,219002177,54.935917,11.371978,0.0,Under way using engine
2026-09-26T14:15:50Z,219000811,54.838742,11.491833,0.0,Under way using engine
2026-09-26T14:15:59Z,219000809,54.882275,11.483743,3.2,Under way using engine
2026-09-26T14:16:15Z,219002177,54.935903,11.371970,0.2,Under way using engine
2026-09-26T14:16:20Z,219000811,54.838742,11.491833,0.0,Under way using engine
2026-09-26T14:16:37Z,219000809,54.882033,11.483193,4.1,Under way using engine
2026-09-26T14:16:45Z,219002177,54.935695,11.371772,2.6,Under way using engine
2026-09-26T14:17:00Z,219000811,54.838745,11.491835,0.0,Under way using engine
2026-09-26T14:17:09Z,219000809,54.881250,11.482328,7.4,Under way using engine
2026-09-26T14:17:15Z,219002177,54.935200,11.371302,4.6,Under way using engine
2026-09-26T14:17:39Z,219000811,54.838740,11.491835,0.0,Under way using engine
2026-09-26T14:17:45Z,219002177,54.934540,11.370777,5.5,Under way using engine
2026-09-26T14:17:49Z,219000809,54.880087,11.480658,8.4,Under way using engine
2026-09-26T14:18:09Z,219000811,54.838737,11.491833,0.0,Under way using engine
2026-09-26T14:18:15Z,219002177,54.933717,11.370767,6.2,Under way using engine
2026-09-26T14:18:27Z,219000809,54.879665,11.478162,8.4,Under way using engine
2026-09-26T14:18:39Z,219000811,54.838737,11.491837,0.0,Under way using engine
2026-09-26T14:18:45Z,219002177,54.932797,11.370785,6.8,Under way using engine
2026-09-26T14:18:59Z,219000809,54.879918,11.476098,8.6,Under way using engine
2026-09-26T14:19:09Z,219000811,54.838735,11.491833,0.0,Under way using engine
2026-09-26T14:19:15Z,219002177,54.931820,11.370815,7.2,Under way using engine
2026-09-26T14:19:37Z,219000809,54.880447,11.473537,8.7,Under way using engine
2026-09-26T14:19:40Z,219000811,54.838737,11.491833,0.0,Under way using engine
2026-09-26T14:19:45Z,219002177,54.930807,11.370883,7.4,Under way using engine
2026-09-26T14:20:09Z,219000809,54.880742,11.472157,8.8,Under way using engine
2026-09-26T14:20:15Z,219002177,54.929790,11.370960,7.4,Under way using engine
2026-09-26T14:20:20Z,219000811,54.838742,11.491832,0.0,Under way using engine
2026-09-26T14:20:45Z,219002177,54.928790,11.371045,7.3,Under way using engine
2026-09-26T14:20:48Z,219000809,54.881470,11.468825,8.9,Under way using engine
2026-09-26T14:20:59Z,219000811,54.838740,11.491830,0.0,Under way using engine
2026-09-26T14:21:18Z,219000809,54.881945,11.466953,8.7,Under way using engine
2026-09-26T14:21:23Z,219002177,54.927463,11.371142,7.3,Under way using engine
2026-09-26T14:21:29Z,219000811,54.838742,11.491832,0.0,Under way using engine
2026-09-26T14:21:48Z,219000809,54.882775,11.465322,8.8,Under way using engine
2026-09-26T14:21:54Z,219002177,54.926447,11.371218,7.3,Under way using engine
2026-09-26T14:21:59Z,219000811,54.838742,11.491832,0.0,Under way using engine
2026-09-26T14:22:18Z,219000809,54.883618,11.463858,8.9,Under way using engine
2026-09-26T14:22:29Z,219000811,54.838740,11.491828,0.0,Under way using engine
2026-09-26T14:22:35Z,219002177,54.925072,11.371333,7.3,Under way using engine
2026-09-26T14:22:48Z,219000809,54.884545,11.462350,8.9,Under way using engine
2026-09-26T14:22:59Z,219000811,54.838742,11.491825,0.0,Under way using engine
2026-09-26T14:23:05Z,219002177,54.924060,11.371420,7.3,Under way using engine
2026-09-26T14:23:18Z,219000809,54.885398,11.460923,8.9,Under way using engine
2026-09-26T14:23:29Z,219000811,54.838738,11.491827,0.0,Under way using engine
2026-09-26T14:23:35Z,219002177,54.923048,11.371495,7.2,Under way using engine
2026-09-26T14:23:48Z,219000809,54.886228,11.459198,9.0,Under way using engine
2026-09-26T14:23:59Z,219000811,54.838740,11.491827,0.0,Under way using engine
2026-09-26T14:24:14Z,219002177,54.921732,11.371537,7.1,Under way using engine
2026-09-26T14:24:18Z,219000809,54.887002,11.457593,9.0,Under way using engine
2026-09-26T14:24:29Z,219000811,54.838740,11.491825,0.0,Under way using engine
2026-09-26T14:24:44Z,219002177,54.920763,11.371488,7.0,Under way using engine
2026-09-26T14:24:48Z,219000809,54.887877,11.455962,9.0,Under way using engine
2026-09-26T14:25:00Z,219000811,54.838738,11.491822,0.0,Under way using engine
2026-09-26T14:25:14Z,219002177,54.919802,11.371447,6.9,Under way using engine
2026-09-26T14:25:18Z,219000809,54.888672,11.454395,9.0,Under way using engine
2026-09-26T14:25:39Z,219000811,54.838737,11.491818,0.0,Under way using engine
2026-09-26T14:25:44Z,219002177,54.918840,11.371377,6.8,Under way using engine
2026-09-26T14:25:48Z,219000809,54.889515,11.452717,9.0,Under way using engine
2026-09-26T14:26:09Z,219000811,54.838737,11.491817,0.0,Under way using engine
2026-09-26T14:26:18Z,219000809,54.890332,11.451212,8.8,Under way using engine
2026-09-26T14:26:25Z,219002177,54.917628,11.371035,6.6,Under way using engine
2026-09-26T14:26:39Z,219000811,54.838735,11.491818,0.0,Under way using engine
2026-09-26T14:26:48Z,219000809,54.891002,11.449350,8.9,Under way using engine
2026-09-26T14:27:04Z,219002177,54.916683,11.369827,6.4,Under way using engine
2026-09-26T14:27:09Z,219000811,54.838737,11.491818,0.0,Under way using engine
2026-09-26T14:27:18Z,219000809,54.891588,11.447565,8.8,Under way using engine
2026-09-26T14:27:35Z,219002177,54.916517,11.368348,6.3,Under way using engine
2026-09-26T14:27:39Z,219000811,54.838738,11.491822,0.0,Under way using engine
2026-09-26T14:27:48Z,219000809,54.892235,11.445682,8.8,Under way using engine
2026-09-26T14:28:09Z,219000811,54.838743,11.491827,0.0,Under way using engine
2026-09-26T14:28:14Z,219002177,54.916538,11.366282,6.5,Under way using engine
2026-09-26T14:28:28Z,219000809,54.893028,11.443302,8.8,Under way using engine
2026-09-26T14:28:39Z,219000811,54.838743,11.491827,0.0,Under way using engine
2026-09-26T14:28:44Z,219002177,54.916485,11.364782,6.4,Under way using engine
2026-09-26T14:28:59Z,219000809,54.893657,11.441410,8.8,Under way using engine
2026-09-26T14:29:10Z,219000811,54.838743,11.491828,0.0,Under way using engine
2026-09-26T14:29:25Z,219002177,54.916370,11.362857,5.4,Under way using engine
2026-09-26T14:29:29Z,219000809,54.894268,11.439582,8.8,Under way using engine
2026-09-26T14:29:49Z,219000811,54.838742,11.491823,0.0,Under way using engine
2026-09-26T14:29:59Z,219000809,54.894863,11.437733,8.8,Under way using engine
2026-09-26T14:30:03Z,219002177,54.916368,11.361598,3.1,Under way using engine
2026-09-26T14:30:19Z,219000811,54.838742,11.491823,0.0,Under way using engine
2026-09-26T14:30:29Z,219000809,54.895472,11.435887,8.8,Under way using engine
2026-09-26T14:30:34Z,219002177,54.916367,11.361118,1.5,Under way using engine
2026-09-26T14:30:49Z,219000811,54.838742,11.491822,0.0,Under way using engine
2026-09-26T14:30:59Z,219000809,54.896077,11.434043,8.8,Under way using engine
2026-09-26T14:31:13Z,219002177,54.916368,11.360753,1.0,Under way using engine
2026-09-26T14:31:19Z,219000811,54.838742,11.491820,0.0,Under way using engine
2026-09-26T14:31:29Z,219000809,54.896707,11.432217,8.8,Under way using engine
2026-09-26T14:31:45Z,219002177,54.916368,11.360578,0.4,Under way using engine
2026-09-26T14:31:49Z,219000811,54.838742,11.491820,0.0,Under way using engine
2026-09-26T14:31:59Z,219000809,54.897347,11.430410,8.8,Under way using engine
2026-09-26T14:32:19Z,219000811,54.838740,11.491820,0.0,Under way using engine
2026-09-26T14:32:25Z,219002177,54.916378,11.360580,0.0,Under way using engine
2026-09-26T14:32:29Z,219000809,54.897963,11.428572,8.8,Under way using engine
2026-09-26T14:32:49Z,219000811,54.838740,11.491822,0.0,Under way using engine
2026-09-26T14:32:59Z,219000809,54.898582,11.426742,8.8,Under way using engine
2026-09-26T14:33:03Z,219002177,54.916358,11.360565,0.0,Under way using engine
2026-09-26T14:33:19Z,219000811,54.838740,11.491825,0.0,Under way using engine
2026-09-26T14:33:29Z,219000809,54.899195,11.424915,8.8,Under way using engine
2026-09-26T14:33:34Z,219002177,54.916363,11.360582,0.0,Under way using engine
2026-09-26T14:33:49Z,219000811,54.838740,11.491828,0.0,Under way using engine
2026-09-26T14:33:59Z,219000809,54.899682,11.422978,8.8,Under way using engine
2026-09-26T14:34:05Z,219002177,54.916363,11.360583,0.0,Under way using engine
2026-09-26T14:34:19Z,219000811,54.838737,11.491828,0.0,Under way using engine
2026-09-26T14:34:29Z,219000809,54.900122,11.421003,8.8,Under way using engine
2026-09-26T14:34:45Z,219002177,54.916365,11.360577,0.0,Under way using engine
2026-09-26T14:34:49Z,219000811,54.838735,11.491827,0.0,Under way using engine
2026-09-26T14:35:08Z,219000809,54.900625,11.418377,8.8,Under way using engine
2026-09-26T14:35:19Z,219000811,54.838735,11.491827,0.0,Under way using engine
2026-09-26T14:35:25Z,219002177,54.916360,11.360578,0.0,Under way using engine
2026-09-26T14:35:38Z,219000809,54.901017,11.416373,8.8,Under way using engine
2026-09-26T14:35:49Z,219000811,54.838737,11.491827,0.0,Under way using engine
2026-09-26T14:36:05Z,219002177,54.916347,11.360563,0.0,Under way using engine
2026-09-26T14:36:08Z,219000809,54.901427,11.414377,8.8,Under way using engine
2026-09-26T14:36:19Z,219000811,54.838735,11.491828,0.0,Under way using engine
2026-09-26T14:36:35Z,219002177,54.916360,11.360573,0.0,Under way using engine
2026-09-26T14:36:38Z,219000809,54.901807,11.412347,8.9,Under way using engine
2026-09-26T14:36:49Z,219000811,54.838735,11.491828,0.0,Under way using engine
2026-09-26T14:37:05Z,219002177,54.916368,11.360585,0.0,Under way using engine
2026-09-26T14:37:08Z,219000809,54.902200,11.410308,9.0,Under way using engine
2026-09-26T14:37:19Z,219000811,54.838737,11.491828,0.0,Under way using engine
2026-09-26T14:37:44Z,219002177,54.916368,11.360590,0.0,Under way using engine
2026-09-26T14:37:49Z,219000809,54.902770,11.407543,8.9,Under way using engine
2026-09-26T14:37:49Z,219000811,54.838740,11.491828,0.0,Under way using engine
2026-09-26T14:38:14Z,219002177,54.916360,11.360592,0.0,Under way using engine
2026-09-26T14:38:19Z,219000811,54.838742,11.491823,0.0,Under way using engine
2026-09-26T14:38:28Z,219000809,54.903342,11.404910,8.7,Under way using engine
2026-09-26T14:38:44Z,219002177,54.916357,11.360593,0.0,Under way using engine
2026-09-26T14:38:49Z,219000811,54.838745,11.491822,0.0,Under way using engine
2026-09-26T14:38:58Z,219000809,54.904097,11.403378,8.8,Under way using engine
2026-09-26T14:39:14Z,219002177,54.916355,11.360575,0.0,Under way using engine
2026-09-26T14:39:19Z,219000811,54.838747,11.491820,0.0,Under way using engine
2026-09-26T14:39:28Z,219000809,54.904907,11.401708,8.8,Under way using engine
2026-09-26T14:39:44Z,219002177,54.916353,11.360572,0.0,Under way using engine
2026-09-26T14:39:49Z,219000811,54.838747,11.491822,0.0,Under way using engine
2026-09-26T14:39:58Z,219000809,54.905617,11.400068,8.8,Under way using engine
2026-09-26T14:40:14Z,219002177,54.916355,11.360577,0.0,Under way using engine
2026-09-26T14:40:19Z,219000811,54.838748,11.491823,0.0,Under way using engine
2026-09-26T14:40:28Z,219000809,54.906363,11.398302,8.8,Under way using engine
2026-09-26T14:40:44Z,219002177,54.916358,11.360560,0.0,Under way using engine
2026-09-26T14:40:49Z,219000811,54.838748,11.491823,0.0,Under way using engine
2026-09-26T14:40:58Z,219000809,54.907078,11.396657,8.9,Under way using engine
2026-09-26T14:41:14Z,219002177,54.916357,11.360563,0.0,Under way using engine
2026-09-26T14:41:19Z,219000811,54.838748,11.491823,0.0,Under way using engine
2026-09-26T14:41:28Z,219000809,54.907852,11.394885,8.9,Under way using engine
2026-09-26T14:41:44Z,219002177,54.916355,11.360572,0.0,Under way using engine
2026-09-26T14:41:49Z,219000811,54.838747,11.491820,0.0,Under way using engine
2026-09-26T14:41:58Z,219000809,54.908570,11.393205,9.0,Under way using engine
2026-09-26T14:42:14Z,219002177,54.916355,11.360563,0.0,Under way using engine
2026-09-26T14:42:20Z,219000811,54.838745,11.491820,0.0,Under way using engine
2026-09-26T14:42:28Z,219000809,54.909343,11.391393,9.1,Under way using engine
2026-09-26T14:42:44Z,219002177,54.916357,11.360568,0.0,Under way using engine
2026-09-26T14:42:58Z,219000809,54.910098,11.389703,9.2,Under way using engine
2026-09-26T14:43:00Z,219000811,54.838743,11.491820,0.0,Under way using engine
2026-09-26T14:43:15Z,219002177,54.916355,11.360560,0.0,Under way using engine
2026-09-26T14:43:28Z,219000809,54.910868,11.387865,9.2,Under way using engine
2026-09-26T14:43:40Z,219000811,54.838740,11.491820,0.0,Under way using engine
2026-09-26T14:43:54Z,219002177,54.916353,11.360550,0.0,Under way using engine
2026-09-26T14:43:58Z,219000809,54.911607,11.386172,9.2,Under way using engine
2026-09-26T14:44:20Z,219000811,54.838738,11.491820,0.0,Under way using engine
2026-09-26T14:44:24Z,219002177,54.916353,11.360558,0.0,Under way using engine
2026-09-26T14:44:28Z,219000809,54.912457,11.384420,9.2,Under way using engine
2026-09-26T14:44:58Z,219000809,54.913252,11.382778,9.2,Under way using engine
2026-09-26T14:45:00Z,219000811,54.838737,11.491818,0.0,Under way using engine
2026-09-26T14:45:03Z,219002177,54.916357,11.360557,0.0,Under way using engine
2026-09-26T14:45:28Z,219000809,54.914112,11.381065,9.1,Under way using engine
2026-09-26T14:45:34Z,219002177,54.916355,11.360553,0.0,Under way using engine
2026-09-26T14:45:49Z,219000811,54.838737,11.491813,0.0,Under way using engine
2026-09-26T14:45:58Z,219000809,54.914797,11.379340,9.0,Under way using engine
2026-09-26T14:46:15Z,219002177,54.916360,11.360568,0.0,Under way using engine
2026-09-26T14:46:29Z,219000811,54.838730,11.491810,0.0,Under way using engine
2026-09-26T14:46:37Z,219000809,54.915578,11.376795,8.9,Under way using engine
2026-09-26T14:46:54Z,219002177,54.916360,11.360570,0.0,Under way using engine
2026-09-26T14:47:00Z,219000811,54.838735,11.491808,0.0,Under way using engine
2026-09-26T14:47:07Z,219000809,54.916107,11.374950,8.8,Under way using engine
2026-09-26T14:47:25Z,219002177,54.916352,11.360553,0.0,Under way using engine
2026-09-26T14:47:37Z,219000809,54.916440,11.372877,8.6,Under way using engine
2026-09-26T14:47:38Z,219000811,54.838742,11.491810,0.0,Under way using engine
2026-09-26T14:48:04Z,219002177,54.916348,11.360562,0.0,Under way using engine
2026-09-26T14:48:10Z,219000811,54.838740,11.491808,0.0,Under way using engine
2026-09-26T14:48:17Z,219000809,54.916550,11.370217,8.5,Under way using engine
2026-09-26T14:48:44Z,219002177,54.916350,11.360560,0.0,Under way using engine
2026-09-26T14:48:48Z,219000809,54.916517,11.368052,8.7,Under way using engine
2026-09-26T14:48:49Z,219000811,54.838742,11.491810,0.0,Under way using engine
2026-09-26T14:49:15Z,219002177,54.916357,11.360563,0.0,Under way using engine
2026-09-26T14:49:27Z,219000809,54.916350,11.365368,8.6,Under way using engine
2026-09-26T14:49:29Z,219000811,54.838742,11.491813,0.0,Under way using engine
2026-09-26T14:49:58Z,219000809,54.916263,11.363295,8.0,Under way using engine
2026-09-26T14:50:00Z,219000811,54.838743,11.491820,0.0,Under way using engine
2026-09-26T14:50:04Z,219002177,54.916362,11.360572,0.0,Under way using engine
2026-09-26T14:50:37Z,219000809,54.916062,11.361115,6.3,Under way using engine
2026-09-26T14:50:38Z,219000811,54.838737,11.491813,0.0,Under way using engine
2026-09-26T14:50:44Z,219002177,54.916363,11.360558,0.0,Under way using engine
2026-09-26T14:51:08Z,219000809,54.915810,11.360377,2.1,Under way using engine
2026-09-26T14:51:08Z,219000811,54.838735,11.491812,0.0,Under way using engine
2026-09-26T14:51:24Z,219002177,54.916363,11.360570,0.0,Under way using engine
2026-09-26T14:51:38Z,219000811,54.838728,11.491812,0.0,Under way using engine
2026-09-26T14:51:48Z,219000809,54.915958,11.360305,0.9,Under way using engine
2026-09-26T14:51:54Z,219002177,54.916370,11.360563,0.0,Under way using engine
2026-09-26T14:52:08Z,219000811,54.838725,11.491815,0.0,Under way using engine
2026-09-26T14:52:24Z,219002177,54.916363,11.360543,0.0,Under way using engine
2026-09-26T14:52:28Z,219000809,54.916067,11.360102,0.8,Under way using engine
2026-09-26T14:52:40Z,219000811,54.838730,11.491820,0.0,Under way using engine
2026-09-26T14:52:54Z,219002177,54.916360,11.360560,0.2,Under way using engine
2026-09-26T14:52:58Z,219000809,54.916083,11.360042,0.0,Under way using engine
2026-09-26T14:53:19Z,219000811,54.838728,11.491822,0.0,Under way using engine
2026-09-26T14:53:24Z,219002177,54.916338,11.360905,2.2,Under way using engine
2026-09-26T14:53:28Z,219000809,54.916078,11.360048,0.0,Under way using engine
2026-09-26T14:53:50Z,219000811,54.838728,11.491818,0.0,Under way using engine
2026-09-26T14:53:54Z,219002177,54.916307,11.361877,4.8,Under way using engine
2026-09-26T14:53:58Z,219000809,54.916080,11.360053,0.0,Under way using engine
2026-09-26T14:54:23Z,219000811,54.838728,11.491815,0.0,Under way using engine
2026-09-26T14:54:24Z,219002177,54.916367,11.363232,5.9,Under way using engine
2026-09-26T14:54:28Z,219000809,54.916082,11.360043,0.0,Under way using engine
2026-09-26T14:54:54Z,219002177,54.916413,11.364758,6.5,Under way using engine
2026-09-26T14:54:58Z,219000809,54.916085,11.360055,0.0,Under way using engine
2026-09-26T14:55:00Z,219000811,54.838725,11.491813,0.0,Under way using engine
2026-09-26T14:55:24Z,219002177,54.916578,11.366380,6.9,Under way using engine
2026-09-26T14:55:28Z,219000809,54.916078,11.360065,0.0,Under way using engine
2026-09-26T14:55:40Z,219000811,54.838723,11.491815,0.0,Under way using engine
2026-09-26T14:55:54Z,219002177,54.916713,11.368060,7.1,Under way using engine
2026-09-26T14:55:58Z,219000809,54.916073,11.360047,0.0,Under way using engine
2026-09-26T14:56:18Z,219000811,54.838722,11.491818,0.0,Under way using engine
2026-09-26T14:56:24Z,219002177,54.916925,11.369760,7.3,Under way using engine
2026-09-26T14:56:28Z,219000809,54.916078,11.360060,0.0,Under way using engine
2026-09-26T14:56:50Z,219000811,54.838723,11.491817,0.0,Under way using engine
2026-09-26T14:56:54Z,219002177,54.917315,11.371273,6.5,Under way using engine
2026-09-26T14:56:58Z,219000809,54.916055,11.360033,0.0,Under way using engine
2026-09-26T14:57:24Z,219002177,54.918132,11.371803,6.5,Under way using engine
2026-09-26T14:57:28Z,219000809,54.916060,11.360037,0.0,Under way using engine
2026-09-26T14:57:28Z,219000811,54.838727,11.491822,0.0,Under way using engine
2026-09-26T14:57:55Z,219002177,54.919125,11.371847,7.1,Under way using engine
2026-09-26T14:57:58Z,219000809,54.916065,11.360043,0.0,Under way using engine
2026-09-26T14:58:00Z,219000811,54.838728,11.491825,0.0,Under way using engine
2026-09-26T14:58:28Z,219000809,54.916070,11.360037,0.0,Under way using engine
2026-09-26T14:58:35Z,219002177,54.920487,11.371815,7.5,Under way using engine
2026-09-26T14:58:40Z,219000811,54.838732,11.491825,0.0,Under way using engine
2026-09-26T14:58:58Z,219000809,54.916080,11.360020,0.0,Under way using engine
2026-09-26T14:59:15Z,219002177,54.921895,11.371787,7.7,Under way using engine
2026-09-26T14:59:18Z,219000811,54.838732,11.491823,0.0,Under way using engine
2026-09-26T14:59:28Z,219000809,54.916075,11.360030,0.0,Under way using engine
2026-09-26T14:59:50Z,219000811,54.838732,11.491822,0.0,Under way using engine
2026-09-26T14:59:55Z,219002177,54.923335,11.371702,7.8,Under way using engine
2026-09-26T14:59:58Z,219000809,54.916077,11.360018,0.0,Under way using engine
2026-09-26T15:00:23Z,219000811,54.838735,11.491818,0.0,Under way using engine
2026-09-26T15:00:25Z,219002177,54.924418,11.371635,7.9,Under way using engine
2026-09-26T15:00:28Z,219000809,54.916073,11.360033,0.0,Under way using engine
2026-09-26T15:00:55Z,219002177,54.925508,11.371578,7.8,Under way using engine
2026-09-26T15:00:58Z,219000809,54.916075,11.360033,0.0,Under way using engine
2026-09-26T15:01:00Z,219000811,54.838738,11.491815,0.0,Under way using engine
2026-09-26T15:01:25Z,219002177,54.926600,11.371512,7.9,Under way using engine
2026-09-26T15:01:28Z,219000809,54.916067,11.360055,0.0,Under way using engine
2026-09-26T15:01:39Z,219000811,54.838738,11.491815,0.0,Under way using engine
2026-09-26T15:01:55Z,219002177,54.927688,11.371417,7.8,Under way using engine
2026-09-26T15:01:58Z,219000809,54.916070,11.360043,0.0,Under way using engine
2026-09-26T15:02:09Z,219000811,54.838738,11.491812,0.0,Under way using engine
2026-09-26T15:02:25Z,219002177,54.928770,11.371233,7.8,Under way using engine
2026-09-26T15:02:28Z,219000809,54.916063,11.360062,0.0,Under way using engine
2026-09-26T15:02:39Z,219000811,54.838737,11.491813,0.0,Under way using engine
2026-09-26T15:02:55Z,219002177,54.929843,11.371057,7.8,Under way using engine
2026-09-26T15:03:09Z,219000809,54.916077,11.360055,0.1,Under way using engine
2026-09-26T15:03:09Z,219000811,54.838730,11.491817,0.0,Under way using engine
2026-09-26T15:03:25Z,219002177,54.930927,11.370862,7.8,Under way using engine
2026-09-26T15:03:39Z,219000811,54.838730,11.491818,0.0,Under way using engine
2026-09-26T15:03:48Z,219000809,54.916075,11.360070,0.0,Under way using engine
2026-09-26T15:03:55Z,219002177,54.932005,11.370658,7.8,Under way using engine
2026-09-26T15:04:09Z,219000811,54.838732,11.491818,0.0,Under way using engine
2026-09-26T15:04:25Z,219002177,54.933057,11.370593,7.5,Under way using engine
2026-09-26T15:04:28Z,219000809,54.916083,11.360060,0.0,Under way using engine
2026-09-26T15:04:40Z,219000811,54.838732,11.491818,0.0,Under way using engine
2026-09-26T15:04:55Z,219002177,54.934012,11.370718,6.5,Under way using engine
2026-09-26T15:05:09Z,219000809,54.916075,11.360060,0.0,Under way using engine
2026-09-26T15:05:20Z,219000811,54.838732,11.491817,0.0,Under way using engine
2026-09-26T15:05:35Z,219002177,54.934957,11.371137,4.5,Under way using engine
2026-09-26T15:05:47Z,219000809,54.916068,11.360043,0.0,Under way using engine
2026-09-26T15:06:00Z,219000811,54.838732,11.491818,0.0,Under way using engine
2026-09-26T15:06:14Z,219002177,54.935518,11.371533,2.3,Under way using engine
2026-09-26T15:06:17Z,219000809,54.916068,11.360045,0.0,Under way using engine
2026-09-26T15:06:40Z,219000811,54.838732,11.491820,0.0,Under way using engine
2026-09-26T15:06:45Z,219002177,54.935677,11.371692,1.1,Under way using engine
2026-09-26T15:06:47Z,219000809,54.916060,11.360050,0.0,Under way using engine
2026-09-26T15:07:10Z,219000811,54.838733,11.491820,0.0,Under way using engine
2026-09-26T15:07:17Z,219000809,54.916065,11.360057,0.0,Under way using engine
2026-09-26T15:07:24Z,219002177,54.935838,11.371848,1.0,Under way using engine
2026-09-26T15:07:40Z,219000811,54.838735,11.491818,0.0,Under way using engine
2026-09-26T15:07:47Z,219000809,54.916072,11.360060,0.0,Under way using engine
2026-09-26T15:07:55Z,219002177,54.935945,11.371958,0.8,Under way using engine
2026-09-26T15:08:10Z,219000811,54.838737,11.491817,0.0,Under way using engine
2026-09-26T15:08:17Z,219000809,54.916075,11.360075,0.0,Under way using engine
2026-09-26T15:08:35Z,219002177,54.935947,11.371972,0.0,Under way using engine
2026-09-26T15:08:40Z,219000811,54.838738,11.491813,0.0,Under way using engine
2026-09-26T15:08:47Z,219000809,54.916070,11.360082,0.0,Under way using engine
2026-09-26T15:09:05Z,219002177,54.935943,11.371983,0.0,Under way using engine
2026-09-26T15:09:10Z,219000811,54.838738,11.491813,0.0,Under way using engine
2026-09-26T15:09:19Z,219000809,54.916077,11.360073,0.0,Under way using engine
2026-09-26T15:09:35Z,219002177,54.935950,11.371985,0.0,Under way using engine
2026-09-26T15:09:40Z,219000811,54.838738,11.491815,0.0,Under way using engine
2026-09-26T15:09:58Z,219000809,54.916072,11.360060,0.0,Under way using engine
2026-09-26T15:10:05Z,219002177,54.935950,11.371972,0.0,Under way using engine
2026-09-26T15:10:10Z,219000811,54.838738,11.491818,0.0,Under way using engine
2026-09-26T15:10:28Z,219000809,54.916060,11.360048,0.0,Under way using engine
2026-09-26T15:10:40Z,219000811,54.838738,11.491818,0.0,Under way using engine
2026-09-26T15:10:45Z,219002177,54.935948,11.371963,0.0,Under way using engine
2026-09-26T15:10:58Z,219000809,54.916057,11.360043,0.0,Under way using engine
2026-09-26T15:11:20Z,219000811,54.838737,11.491822,0.0,Under way using engine
2026-09-26T15:11:25Z,219002177,54.935948,11.371968,0.0,Under way using engine
2026-09-26T15:11:28Z,219000809,54.916057,11.360045,0.0,Under way using engine
2026-09-26T15:11:58Z,219000809,54.916053,11.360055,0.0,Under way using engine
2026-09-26T15:12:00Z,219000811,54.838738,11.491825,0.0,Under way using engine
2026-09-26T15:12:05Z,219002177,54.935947,11.371953,0.0,Under way using engine
2026-09-26T15:12:28Z,219000809,54.916053,11.360060,0.0,Under way using engine
2026-09-26T15:12:39Z,219000811,54.838742,11.491825,0.0,Under way using engine
2026-09-26T15:12:43Z,219002177,54.935940,11.371950,0.0,Under way using engine
2026-09-26T15:12:58Z,219000809,54.916057,11.360055,0.0,Under way using engine
2026-09-26T15:13:09Z,219000811,54.838742,11.491827,0.0,Under way using engine
2026-09-26T15:13:13Z,219002177,54.935943,11.371957,0.0,Under way using engine
2026-09-26T15:13:28Z,219000809,54.916058,11.360055,0.0,Under way using engine
2026-09-26T15:13:39Z,219000811,54.838742,11.491828,0.0,Under way using engine
2026-09-26T15:13:43Z,219002177,54.935945,11.371960,0.0,Under way using engine
2026-09-26T15:13:58Z,219000809,54.916067,11.360055,0.0,Under way using engine
2026-09-26T15:14:09Z,219000811,54.838742,11.491828,0.0,Under way using engine
2026-09-26T15:14:13Z,219002177,54.935945,11.371962,0.0,Under way using engine
2026-09-26T15:14:28Z,219000809,54.916062,11.360053,0.0,Under way using engine
2026-09-26T15:14:39Z,219000811,54.838743,11.491828,0.0,Under way using engine
2026-09-26T15:14:43Z,219002177,54.935942,11.371970,0.0,Under way using engine
2026-09-26T15:14:58Z,219000809,54.916057,11.360062,0.2,Under way using engine
2026-09-26T15:15:09Z,219000811,54.838742,11.491827,0.0,Under way using engine
2026-09-26T15:15:13Z,219002177,54.935947,11.371975,0.0,Under way using engine
2026-09-26T15:15:28Z,219000809,54.916063,11.360898,5.3,Under way using engine
2026-09-26T15:15:39Z,219000811,54.838740,11.491825,0.0,Under way using engine
2026-09-26T15:15:55Z,219002177,54.935755,11.371803,2.5,Under way using engine
2026-09-26T15:15:58Z,219000809,54.916198,11.362587,7.9,Under way using engine
2026-09-26T15:16:09Z,219000811,54.838740,11.491823,0.0,Under way using engine
2026-09-26T15:16:25Z,219002177,54.935270,11.371347,4.5,Under way using engine
2026-09-26T15:16:28Z,219000809,54.916348,11.364575,8.4,Under way using engine
2026-09-26T15:16:50Z,219000811,54.838735,11.491825,0.0,Under way using engine
2026-09-26T15:16:55Z,219002177,54.934627,11.370767,5.5,Under way using engine
2026-09-26T15:16:58Z,219000809,54.916537,11.366617,8.6,Under way using engine
2026-09-26T15:17:25Z,219002177,54.933818,11.370625,5.9,Under way using engine
2026-09-26T15:17:28Z,219000809,54.916723,11.368675,8.7,Under way using engine
2026-09-26T15:17:30Z,219000811,54.838732,11.491830,0.0,Under way using engine
2026-09-26T15:17:55Z,219002177,54.932963,11.370530,6.3,Under way using engine
2026-09-26T15:17:58Z,219000809,54.916793,11.370743,8.6,Under way using engine
2026-09-26T15:18:09Z,219000811,54.838728,11.491833,0.0,Under way using engine
2026-09-26T15:18:28Z,219000809,54.916553,11.372718,8.3,Under way using engine
2026-09-26T15:18:34Z,219002177,54.931792,11.370510,6.6,Under way using engine
2026-09-26T15:18:39Z,219000811,54.838730,11.491835,0.0,Under way using engine
2026-09-26T15:18:58Z,219000809,54.915997,11.374468,8.3,Under way using engine
2026-09-26T15:19:09Z,219000811,54.838730,11.491835,0.0,Under way using engine
2026-09-26T15:19:13Z,219002177,54.930523,11.370488,7.0,Under way using engine
2026-09-26T15:19:28Z,219000809,54.915362,11.376155,8.4,Under way using engine
2026-09-26T15:19:40Z,219000811,54.838730,11.491833,0.0,Under way using engine
2026-09-26T15:19:43Z,219002177,54.929537,11.370478,7.2,Under way using engine
2026-09-26T15:19:58Z,219000809,54.914693,11.377805,8.4,Under way using engine
2026-09-26T15:20:14Z,219002177,54.928505,11.370477,7.3,Under way using engine
2026-09-26T15:20:19Z,219000811,54.838730,11.491835,0.0,Under way using engine
2026-09-26T15:20:28Z,219000809,54.914027,11.379458,8.4,Under way using engine
2026-09-26T15:20:50Z,219000811,54.838732,11.491833,0.0,Under way using engine
2026-09-26T15:20:55Z,219002177,54.927163,11.370507,7.2,Under way using engine
2026-09-26T15:20:58Z,219000809,54.913377,11.381125,8.3,Under way using engine
2026-09-26T15:21:28Z,219000809,54.912715,11.382727,8.2,Under way using engine
2026-09-26T15:21:30Z,219000811,54.838733,11.491827,0.0,Under way using engine
2026-09-26T15:21:34Z,219002177,54.925867,11.370532,7.2,Under way using engine
2026-09-26T15:21:58Z,219000809,54.912053,11.384303,8.1,Under way using engine
2026-09-26T15:22:14Z,219002177,54.924503,11.370550,7.2,Under way using engine
2026-09-26T15:22:19Z,219000811,54.838730,11.491825,0.0,Under way using engine
2026-09-26T15:22:28Z,219000809,54.911392,11.385863,8.0,Under way using engine
2026-09-26T15:22:44Z,219002177,54.923543,11.370562,7.1,Under way using engine
2026-09-26T15:22:50Z,219000811,54.838728,11.491825,0.0,Under way using engine
2026-09-26T15:23:07Z,219000809,54.910485,11.387910,8.1,Under way using engine
2026-09-26T15:23:14Z,219002177,54.922533,11.370583,7.0,Under way using engine
2026-09-26T15:23:20Z,219000811,54.838727,11.491828,0.0,Under way using engine
2026-09-26T15:23:37Z,219000809,54.909845,11.389430,8.1,Under way using engine
2026-09-26T15:23:44Z,219002177,54.921605,11.370620,6.9,Under way using engine
2026-09-26T15:23:50Z,219000811,54.838723,11.491830,0.0,Under way using engine
2026-09-26T15:24:07Z,219000809,54.909127,11.391045,8.2,Under way using engine
2026-09-26T15:24:14Z,219002177,54.920650,11.370777,6.7,Under way using engine
2026-09-26T15:24:20Z,219000811,54.838725,11.491833,0.0,Under way using engine
2026-09-26T15:24:37Z,219000809,54.908467,11.392587,8.3,Under way using engine
2026-09-26T15:24:44Z,219002177,54.919762,11.370925,6.7,Under way using engine
2026-09-26T15:24:50Z,219000811,54.838723,11.491837,0.0,Under way using engine
2026-09-26T15:25:07Z,219000809,54.907733,11.394208,8.3,Under way using engine
2026-09-26T15:25:20Z,219000811,54.838723,11.491840,0.0,Under way using engine
2026-09-26T15:25:24Z,219002177,54.918555,11.371145,6.6,Under way using engine
2026-09-26T15:25:37Z,219000809,54.907332,11.395833,7.1,Under way using engine
2026-09-26T15:25:50Z,219000811,54.838723,11.491840,0.0,Under way using engine
2026-09-26T15:26:03Z,219002177,54.917425,11.370988,6.2,Under way using engine
2026-09-26T15:26:07Z,219000809,54.907868,11.397430,7.9,Under way using engine
2026-09-26T15:26:20Z,219000811,54.838723,11.491840,0.0,Under way using engine
2026-09-26T15:26:33Z,219002177,54.916852,11.370015,5.7,Under way using engine
2026-09-26T15:26:37Z,219000809,54.908567,11.398932,8.4,Under way using engine
2026-09-26T15:26:50Z,219000811,54.838723,11.491840,0.0,Under way using engine
2026-09-26T15:27:03Z,219002177,54.916722,11.368600,6.2,Under way using engine
2026-09-26T15:27:07Z,219000809,54.909328,11.400555,8.4,Under way using engine
2026-09-26T15:27:30Z,219000811,54.838723,11.491843,0.0,Under way using engine
2026-09-26T15:27:33Z,219002177,54.916612,11.367050,6.6,Under way using engine
2026-09-26T15:27:37Z,219000809,54.910032,11.402088,8.4,Under way using engine
2026-09-26T15:28:03Z,219002177,54.916540,11.365450,6.7,Under way using engine
2026-09-26T15:28:07Z,219000809,54.910778,11.403742,8.4,Under way using engine
2026-09-26T15:28:09Z,219000811,54.838722,11.491842,0.0,Under way using engine
2026-09-26T15:28:33Z,219002177,54.916433,11.363917,6.2,Under way using engine
2026-09-26T15:28:37Z,219000809,54.911485,11.405275,8.4,Under way using engine
2026-09-26T15:28:40Z,219000811,54.838722,11.491842,0.0,Under way using engine
2026-09-26T15:29:03Z,219002177,54.916385,11.362567,5.3,Under way using engine
2026-09-26T15:29:07Z,219000809,54.912237,11.406912,8.4,Under way using engine
2026-09-26T15:29:19Z,219000811,54.838720,11.491842,0.0,Under way using engine
2026-09-26T15:29:33Z,219002177,54.916360,11.361555,3.2,Under way using engine
2026-09-26T15:29:38Z,219000809,54.912937,11.408533,8.4,Under way using engine
2026-09-26T15:29:50Z,219000811,54.838722,11.491837,0.0,Under way using engine
2026-09-26T15:30:04Z,219002177,54.916353,11.361077,1.6,Under way using engine
2026-09-26T15:30:18Z,219000809,54.913890,11.410673,8.4,Under way using engine
2026-09-26T15:30:22Z,219000811,54.838725,11.491835,0.0,Under way using engine
2026-09-26T15:30:55Z,219002177,54.916362,11.360625,1.1,Under way using engine
2026-09-26T15:30:58Z,219000809,54.914823,11.412840,8.4,Under way using engine
2026-09-26T15:30:59Z,219000811,54.838730,11.491835,0.0,Under way using engine
2026-09-26T15:31:28Z,219000809,54.915508,11.414482,8.5,Under way using engine
2026-09-26T15:31:35Z,219002177,54.916365,11.360537,0.0,Under way using engine
2026-09-26T15:31:40Z,219000811,54.838730,11.491835,0.0,Under way using engine
2026-09-26T15:31:58Z,219000809,54.916233,11.416082,8.4,Under way using engine
2026-09-26T15:32:15Z,219002177,54.916358,11.360533,0.0,Under way using engine
2026-09-26T15:32:19Z,219000811,54.838730,11.491833,0.0,Under way using engine
2026-09-26T15:32:29Z,219000809,54.916957,11.417762,8.5,Under way using engine
2026-09-26T15:32:49Z,219000811,54.838732,11.491830,0.0,Under way using engine
2026-09-26T15:32:55Z,219002177,54.916353,11.360530,0.0,Under way using engine
2026-09-26T15:33:07Z,219000809,54.917867,11.419908,8.5,Under way using engine
2026-09-26T15:33:19Z,219000811,54.838735,11.491828,0.0,Under way using engine
2026-09-26T15:33:25Z,219002177,54.916357,11.360523,0.0,Under way using engine
2026-09-26T15:33:38Z,219000809,54.918573,11.421548,8.5,Under way using engine
2026-09-26T15:33:49Z,219000811,54.838733,11.491832,0.0,Under way using engine
2026-09-26T15:33:55Z,219002177,54.916358,11.360523,0.0,Under way using engine
2026-09-26T15:34:18Z,219000809,54.919513,11.423740,8.5,Under way using engine
2026-09-26T15:34:19Z,219000811,54.838733,11.491832,0.0,Under way using engine
2026-09-26T15:34:25Z,219002177,54.916357,11.360527,0.0,Under way using engine
2026-09-26T15:34:49Z,219000809,54.920242,11.425438,8.6,Under way using engine
2026-09-26T15:34:49Z,219000811,54.838733,11.491833,0.0,Under way using engine
2026-09-26T15:34:55Z,219002177,54.916352,11.360525,0.0,Under way using engine
2026-09-26T15:35:19Z,219000811,54.838735,11.491830,0.0,Under way using engine
2026-09-26T15:35:25Z,219002177,54.916352,11.360525,0.0,Under way using engine
2026-09-26T15:35:29Z,219000809,54.921192,11.427635,8.5,Under way using engine
2026-09-26T15:35:49Z,219000811,54.838735,11.491830,0.0,Under way using engine
2026-09-26T15:35:55Z,219002177,54.916345,11.360525,0.0,Under way using engine
2026-09-26T15:36:09Z,219000809,54.922135,11.429835,8.6,Under way using engine
2026-09-26T15:36:19Z,219000811,54.838735,11.491828,0.0,Under way using engine
2026-09-26T15:36:25Z,219002177,54.916343,11.360528,0.0,Under way using engine
2026-09-26T15:36:49Z,219000809,54.923092,11.432020,8.5,Under way using engine
2026-09-26T15:36:49Z,219000811,54.838733,11.491828,0.0,Under way using engine
2026-09-26T15:36:55Z,219002177,54.916348,11.360523,0.0,Under way using engine
2026-09-26T15:37:19Z,219000811,54.838732,11.491827,0.0,Under way using engine
2026-09-26T15:37:25Z,219002177,54.916353,11.360532,0.0,Under way using engine
2026-09-26T15:37:29Z,219000809,54.924070,11.434220,8.7,Under way using engine
2026-09-26T15:37:49Z,219000811,54.838728,11.491825,0.0,Under way using engine
2026-09-26T15:37:55Z,219002177,54.916350,11.360542,0.0,Under way using engine
2026-09-26T15:38:07Z,219000809,54.924773,11.435815,8.6,Under way using engine
2026-09-26T15:38:19Z,219000811,54.838730,11.491822,0.0,Under way using engine
2026-09-26T15:38:25Z,219002177,54.916342,11.360542,0.0,Under way using engine
2026-09-26T15:38:37Z,219000809,54.925737,11.438028,8.6,Under way using engine
2026-09-26T15:38:49Z,219000811,54.838732,11.491820,0.0,Under way using engine
2026-09-26T15:38:55Z,219002177,54.916342,11.360537,0.0,Under way using engine
2026-09-26T15:39:09Z,219000809,54.926502,11.439718,8.6,Under way using engine
2026-09-26T15:39:19Z,219000811,54.838730,11.491818,0.0,Under way using engine
2026-09-26T15:39:25Z,219002177,54.916338,11.360527,0.0,Under way using engine
2026-09-26T15:39:48Z,219000809,54.927448,11.441860,8.6,Under way using engine
2026-09-26T15:39:49Z,219000811,54.838730,11.491818,0.0,Under way using engine
2026-09-26T15:40:05Z,219002177,54.916340,11.360522,0.0,Under way using engine
2026-09-26T15:40:19Z,219000811,54.838730,11.491822,0.0,Under way using engine
2026-09-26T15:40:28Z,219000809,54.928442,11.444020,8.6,Under way using engine
2026-09-26T15:40:44Z,219002177,54.916353,11.360535,0.0,Under way using engine
2026-09-26T15:40:49Z,219000811,54.838728,11.491820,0.0,Under way using engine
2026-09-26T15:40:58Z,219000809,54.929165,11.445648,8.6,Under way using engine
2026-09-26T15:41:19Z,219000811,54.838728,11.491817,0.0,Under way using engine
2026-09-26T15:41:25Z,219002177,54.916352,11.360532,0.0,Under way using engine
2026-09-26T15:41:28Z,219000809,54.929893,11.447235,8.5,Under way using engine
2026-09-26T15:41:49Z,219000811,54.838725,11.491813,0.0,Under way using engine
2026-09-26T15:41:58Z,219000809,54.930640,11.448843,8.6,Under way using engine
2026-09-26T15:42:05Z,219002177,54.916350,11.360530,0.0,Under way using engine
2026-09-26T15:42:19Z,219000811,54.838722,11.491812,0.0,Under way using engine
2026-09-26T15:42:28Z,219000809,54.931407,11.450453,8.6,Under way using engine
2026-09-26T15:42:45Z,219002177,54.916357,11.360543,0.0,Under way using engine
2026-09-26T15:42:49Z,219000811,54.838722,11.491815,0.0,Under way using engine
2026-09-26T15:42:58Z,219000809,54.932158,11.452062,8.6,Under way using engine
2026-09-26T15:43:19Z,219000811,54.838723,11.491815,0.0,Under way using engine
2026-09-26T15:43:25Z,219002177,54.916365,11.360555,0.0,Under way using engine
2026-09-26T15:43:28Z,219000809,54.932845,11.453730,8.5,Under way using engine
2026-09-26T15:43:49Z,219000811,54.838727,11.491815,0.0,Under way using engine
2026-09-26T15:43:58Z,219000809,54.933427,11.455513,8.5,Under way using engine
2026-09-26T15:44:05Z,219002177,54.916355,11.360555,0.0,Under way using engine
2026-09-26T15:44:19Z,219000811,54.838730,11.491818,0.0,Under way using engine
2026-09-26T15:44:35Z,219002177,54.916340,11.360545,0.0,Under way using engine
2026-09-26T15:44:39Z,219000809,54.934247,11.457940,8.6,Under way using engine
2026-09-26T15:44:49Z,219000811,54.838732,11.491817,0.0,Under way using engine
2026-09-26T15:45:05Z,219002177,54.916345,11.360543,0.0,Under way using engine
2026-09-26T15:45:09Z,219000809,54.934828,11.459745,8.6,Under way using engine
2026-09-26T15:45:19Z,219000811,54.838732,11.491817,0.0,Under way using engine
2026-09-26T15:45:35Z,219002177,54.916348,11.360550,0.0,Under way using engine
2026-09-26T15:45:39Z,219000809,54.935432,11.461518,8.6,Under way using engine
2026-09-26T15:45:49Z,219000811,54.838730,11.491817,0.0,Under way using engine
2026-09-26T15:46:05Z,219002177,54.916355,11.360543,0.0,Under way using engine
2026-09-26T15:46:09Z,219000809,54.936027,11.463298,8.6,Under way using engine
2026-09-26T15:46:19Z,219000811,54.838732,11.491820,0.0,Under way using engine
2026-09-26T15:46:35Z,219002177,54.916350,11.360552,0.0,Under way using engine
2026-09-26T15:46:39Z,219000809,54.936632,11.465077,8.6,Under way using engine
2026-09-26T15:46:49Z,219000811,54.838730,11.491822,0.0,Under way using engine
2026-09-26T15:47:05Z,219002177,54.916345,11.360550,0.0,Under way using engine
2026-09-26T15:47:09Z,219000809,54.937222,11.466858,8.6,Under way using engine
2026-09-26T15:47:19Z,219000811,54.838727,11.491825,0.0,Under way using engine
2026-09-26T15:47:35Z,219002177,54.916345,11.360548,0.0,Under way using engine
2026-09-26T15:47:39Z,219000809,54.937797,11.468672,8.6,Under way using engine
2026-09-26T15:47:49Z,219000811,54.838727,11.491827,0.0,Under way using engine
2026-09-26T15:48:05Z,219002177,54.916353,11.360542,0.0,Under way using engine
2026-09-26T15:48:18Z,219000809,54.938558,11.471002,8.6,Under way using engine
2026-09-26T15:48:19Z,219000811,54.838728,11.491827,0.0,Under way using engine
2026-09-26T15:48:35Z,219002177,54.916350,11.360543,0.0,Under way using engine
2026-09-26T15:48:49Z,219000811,54.838727,11.491828,0.0,Under way using engine
2026-09-26T15:48:58Z,219000809,54.939462,11.473250,8.5,Under way using engine
2026-09-26T15:49:05Z,219002177,54.916348,11.360538,0.0,Under way using engine
2026-09-26T15:49:19Z,219000811,54.838727,11.491827,0.0,Under way using engine
2026-09-26T15:49:35Z,219002177,54.916348,11.360535,0.0,Under way using engine
2026-09-26T15:49:39Z,219000809,54.940367,11.475493,8.3,Under way using engine
2026-09-26T15:49:49Z,219000811,54.838725,11.491827,0.0,Under way using engine
2026-09-26T15:50:05Z,219002177,54.916347,11.360532,0.0,Under way using engine
2026-09-26T15:50:18Z,219000809,54.941267,11.477677,8.7,Under way using engine
2026-09-26T15:50:19Z,219000811,54.838725,11.491827,0.0,Under way using engine
2026-09-26T15:50:44Z,219002177,54.916340,11.360637,1.0,Under way using engine
2026-09-26T15:50:49Z,219000811,54.838727,11.491825,0.0,Under way using engine
2026-09-26T15:50:59Z,219000809,54.942268,11.479917,8.6,Under way using engine
2026-09-26T15:51:14Z,219002177,54.916298,11.361338,3.9,Under way using engine
2026-09-26T15:51:19Z,219000811,54.838728,11.491825,0.0,Under way using engine
2026-09-26T15:51:39Z,219000809,54.943647,11.481157,8.5,Under way using engine
2026-09-26T15:51:49Z,219000811,54.838728,11.491827,0.0,Under way using engine
2026-09-26T15:51:54Z,219002177,54.916342,11.363098,6.1,Under way using engine
2026-09-26T15:52:18Z,219000809,54.945150,11.481860,8.7,Under way using engine
2026-09-26T15:52:19Z,219000811,54.838728,11.491827,0.0,Under way using engine
2026-09-26T15:52:24Z,219002177,54.916410,11.364693,6.8,Under way using engine
2026-09-26T15:52:55Z,219002177,54.916562,11.366450,7.2,Under way using engine
2026-09-26T15:52:59Z,219000809,54.946743,11.482682,8.8,Under way using engine
2026-09-26T15:53:00Z,219000811,54.838727,11.491830,0.0,Under way using engine
2026-09-26T15:53:30Z,219000811,54.838727,11.491830,0.0,Under way using engine
2026-09-26T15:53:35Z,219002177,54.916787,11.368765,7.5,Under way using engine
2026-09-26T15:53:39Z,219000809,54.948312,11.483463,8.8,Under way using engine
2026-09-26T15:54:00Z,219000811,54.838727,11.491828,0.0,Under way using engine
2026-09-26T15:54:05Z,219002177,54.917052,11.370475,7.0,Under way using engine
2026-09-26T15:54:18Z,219000809,54.949855,11.484233,8.9,Under way using engine
2026-09-26T15:54:30Z,219000811,54.838727,11.491828,0.0,Under way using engine
2026-09-26T15:54:35Z,219002177,54.917740,11.371220,6.0,Under way using engine
2026-09-26T15:54:59Z,219000809,54.951482,11.485012,8.9,Under way using engine
2026-09-26T15:55:00Z,219000811,54.838728,11.491827,0.0,Under way using engine
2026-09-26T15:55:05Z,219002177,54.918658,11.371157,6.9,Under way using engine
2026-09-26T15:55:30Z,219000811,54.838728,11.491827,0.0,Under way using engine
2026-09-26T15:55:35Z,219002177,54.919673,11.371118,7.5,Under way using engine
2026-09-26T15:55:39Z,219000809,54.953053,11.485805,8.9,Under way using engine
2026-09-26T15:56:00Z,219000811,54.838728,11.491823,0.0,Under way using engine
2026-09-26T15:56:13Z,219002177,54.921043,11.370980,8.0,Under way using engine
2026-09-26T15:56:18Z,219000809,54.954620,11.486472,8.9,Under way using engine
2026-09-26T15:56:39Z,219000811,54.838727,11.491817,0.0,Under way using engine
2026-09-26T15:56:44Z,219002177,54.922217,11.370853,8.3,Under way using engine
2026-09-26T15:56:59Z,219000809,54.956230,11.487265,8.8,Under way using engine
2026-09-26T15:57:09Z,219000811,54.838725,11.491813,0.0,Under way using engine
2026-09-26T15:57:24Z,219002177,54.923813,11.370648,8.5,Under way using engine
2026-09-26T15:57:38Z,219000809,54.957748,11.488045,8.9,Under way using engine
2026-09-26T15:57:40Z,219000811,54.838728,11.491810,0.0,Under way using engine
2026-09-26T15:57:55Z,219002177,54.924997,11.370490,8.6,Under way using engine
2026-09-26T15:58:08Z,219000809,54.958970,11.488705,9.0,Under way using engine
2026-09-26T15:58:18Z,219000811,54.838730,11.491813,0.0,Under way using engine
2026-09-26T15:58:34Z,219002177,54.926537,11.370292,8.6,Under way using engine
2026-09-26T15:58:38Z,219000809,54.960080,11.489432,8.8,Under way using engine
2026-09-26T15:58:50Z,219000811,54.838732,11.491815,0.0,Under way using engine
2026-09-26T15:59:04Z,219002177,54.927713,11.370148,8.5,Under way using engine
2026-09-26T15:59:08Z,219000809,54.961215,11.490453,9.0,Under way using engine
2026-09-26T15:59:29Z,219000811,54.838730,11.491815,0.0,Under way using engine
2026-09-26T15:59:34Z,219002177,54.928890,11.370000,8.5,Under way using engine
2026-09-26T15:59:38Z,219000809,54.962243,11.491517,8.9,Under way using engine
2026-09-26T15:59:59Z,219000811,54.838728,11.491817,0.0,Under way using engine
2026-09-26T16:00:04Z,219002177,54.930062,11.369840,8.5,Under way using engine
2026-09-26T16:00:08Z,219000809,54.963352,11.492627,8.9,Under way using engine
2026-09-26T16:00:29Z,219000811,54.838728,11.491822,0.0,Under way using engine
2026-09-26T16:00:34Z,219002177,54.931217,11.369830,8.4,Under way using engine
2026-09-26T16:00:38Z,219000809,54.964408,11.493615,8.9,Under way using engine
2026-09-26T16:00:59Z,219000811,54.838728,11.491827,0.0,Under way using engine
2026-09-26T16:01:08Z,219000809,54.965510,11.494752,9.0,Under way using engine
2026-09-26T16:01:15Z,219002177,54.932750,11.370032,8.0,Under way using engine
2026-09-26T16:01:29Z,219000811,54.838728,11.491830,0.0,Under way using engine
2026-09-26T16:01:38Z,219000809,54.966578,11.495797,9.1,Under way using engine
2026-09-26T16:01:55Z,219002177,54.934055,11.370635,6.8,Under way using engine
2026-09-26T16:01:59Z,219000811,54.838730,11.491832,0.0,Under way using engine
2026-09-26T16:02:08Z,219000809,54.967692,11.496882,8.9,Under way using engine
2026-09-26T16:02:25Z,219002177,54.934823,11.371062,5.3,Under way using engine
2026-09-26T16:02:29Z,219000811,54.838730,11.491833,0.0,Under way using engine
2026-09-26T16:02:38Z,219000809,54.968697,11.497998,8.8,Under way using engine
2026-09-26T16:02:59Z,219000811,54.838722,11.491833,0.0,Under way using engine
2026-09-26T16:03:05Z,219002177,54.935478,11.371525,2.7,Under way using engine
2026-09-26T16:03:08Z,219000809,54.969608,11.499532,8.9,Under way using engine
2026-09-26T16:03:29Z,219000811,54.838720,11.491833,0.0,Under way using engine
2026-09-26T16:03:38Z,219000809,54.970418,11.501015,8.8,Under way using engine
2026-09-26T16:03:54Z,219002177,54.935773,11.371813,1.0,Under way using engine
2026-09-26T16:03:59Z,219000811,54.838720,11.491833,0.0,Under way using engine
2026-09-26T16:04:08Z,219000809,54.971225,11.502683,8.8,Under way using engine
2026-09-26T16:04:25Z,219002177,54.935897,11.371933,0.9,Under way using engine
2026-09-26T16:04:30Z,219000811,54.838723,11.491830,0.0,Under way using engine
2026-09-26T16:04:38Z,219000809,54.971845,11.504408,8.6,Under way using engine
2026-09-26T16:05:05Z,219002177,54.935977,11.371953,0.0,Under way using engine
2026-09-26T16:05:09Z,219000809,54.972282,11.506342,8.2,Under way using engine
2026-09-26T16:05:09Z,219000811,54.838723,11.491825,0.0,Under way using engine
2026-09-26T16:05:39Z,219000811,54.838725,11.491820,0.0,Under way using engine
2026-09-26T16:05:49Z,219000809,54.972220,11.508943,8.1,Under way using engine
2026-09-26T16:05:54Z,219002177,54.935942,11.371985,0.0,Under way using engine
2026-09-26T16:06:09Z,219000811,54.838728,11.491815,0.0,Under way using engine
2026-09-26T16:06:25Z,219002177,54.935960,11.371963,0.0,Under way using engine
2026-09-26T16:06:28Z,219000809,54.972017,11.511447,7.5,Under way using engine
2026-09-26T16:06:40Z,219000811,54.838728,11.491813,0.0,Under way using engine
2026-09-26T16:06:58Z,219000809,54.971922,11.512828,5.1,Under way using engine
2026-09-26T16:07:05Z,219002177,54.935967,11.371963,0.0,Under way using engine
2026-09-26T16:07:18Z,219000811,54.838730,11.491817,0.0,Under way using engine
2026-09-26T16:07:28Z,219000809,54.971907,11.513795,3.4,Under way using engine
2026-09-26T16:07:50Z,219000811,54.838732,11.491822,0.0,Under way using engine
2026-09-26T16:07:54Z,219002177,54.935963,11.371958,0.0,Under way using engine
2026-09-26T16:07:58Z,219000809,54.971908,11.514243,1.5,Under way using engine
2026-09-26T16:08:25Z,219002177,54.935963,11.371962,0.0,Under way using engine
2026-09-26T16:08:28Z,219000809,54.971892,11.514500,0.8,Under way using engine
2026-09-26T16:08:30Z,219000811,54.838732,11.491827,0.0,Under way using engine
2026-09-26T16:08:58Z,219000809,54.971887,11.514585,0.3,Under way using engine
2026-09-26T16:09:05Z,219002177,54.935972,11.371950,0.0,Under way using engine
2026-09-26T16:09:09Z,219000811,54.838730,11.491828,0.0,Under way using engine
2026-09-26T16:09:28Z,219000809,54.971902,11.514592,0.0,Under way using engine
2026-09-26T16:09:40Z,219000811,54.838730,11.491827,0.0,Under way using engine
2026-09-26T16:09:55Z,219002177,54.935957,11.371963,0.0,Under way using engine
2026-09-26T16:09:58Z,219000809,54.971908,11.514590,0.0,Under way using engine
2026-09-26T16:10:18Z,219000811,54.838733,11.491827,0.0,Under way using engine
2026-09-26T16:10:25Z,219002177,54.935962,11.371965,0.0,Under way using engine
2026-09-26T16:10:28Z,219000809,54.971908,11.514588,0.0,Under way using engine
2026-09-26T16:10:49Z,219000811,54.838733,11.491823,0.0,Under way using engine
2026-09-26T16:10:55Z,219002177,54.935953,11.371972,0.0,Under way using engine
2026-09-26T16:11:09Z,219000809,54.971902,11.514592,0.0,Under way using engine
2026-09-26T16:11:25Z,219002177,54.935947,11.371977,0.0,Under way using engine
2026-09-26T16:11:30Z,219000811,54.838725,11.491818,0.0,Under way using engine
2026-09-26T16:11:49Z,219000809,54.971910,11.514585,0.0,Under way using engine
2026-09-26T16:11:55Z,219002177,54.935948,11.371977,0.0,Under way using engine
2026-09-26T16:12:09Z,219000811,54.838725,11.491818,0.0,Under way using engine
2026-09-26T16:12:19Z,219000809,54.971890,11.514593,0.0,Under way using engine
2026-09-26T16:12:25Z,219002177,54.935943,11.371980,0.0,Under way using engine
2026-09-26T16:12:40Z,219000811,54.838722,11.491822,0.0,Under way using engine
2026-09-26T16:12:55Z,219002177,54.935948,11.371970,0.0,Under way using engine
2026-09-26T16:12:57Z,219000809,54.971880,11.514603,0.0,Under way using engine
2026-09-26T16:13:20Z,219000811,54.838723,11.491823,0.0,Under way using engine
2026-09-26T16:13:27Z,219000809,54.971890,11.514593,0.0,Under way using engine
2026-09-26T16:13:33Z,219002177,54.935957,11.371958,0.0,Under way using engine
2026-09-26T16:13:50Z,219000811,54.838720,11.491822,0.0,Under way using engine
2026-09-26T16:13:57Z,219000809,54.971890,11.514532,0.5,Under way using engine
2026-09-26T16:14:04Z,219002177,54.935952,11.371955,0.0,Under way using engine
2026-09-26T16:14:20Z,219000811,54.838722,11.491820,0.0,Under way using engine
2026-09-26T16:14:27Z,219000809,54.971910,11.513938,3.5,Under way using engine
2026-09-26T16:14:44Z,219002177,54.935952,11.371965,0.0,Under way using engine
2026-09-26T16:14:50Z,219000811,54.838725,11.491822,0.0,Under way using engine
2026-09-26T16:14:57Z,219000809,54.971868,11.512968,3.4,Under way using engine
2026-09-26T16:15:14Z,219002177,54.935980,11.371958,0.0,Under way using engine
2026-09-26T16:15:20Z,219000811,54.838725,11.491822,0.0,Under way using engine
2026-09-26T16:15:27Z,219000809,54.971825,11.512598,1.0,Under way using engine
2026-09-26T16:15:44Z,219002177,54.935965,11.371967,0.0,Under way using engine
2026-09-26T16:15:50Z,219000811,54.838728,11.491818,0.0,Under way using engine
2026-09-26T16:15:58Z,219000809,54.971895,11.512177,3.7,Under way using engine
2026-09-26T16:16:20Z,219000811,54.838728,11.491818,0.0,Under way using engine
2026-09-26T16:16:24Z,219002177,54.935825,11.371853,1.8,Under way using engine
2026-09-26T16:16:38Z,219000809,54.972140,11.509910,8.0,Under way using engine
2026-09-26T16:16:55Z,219002177,54.935380,11.371442,4.2,Under way using engine
2026-09-26T16:17:09Z,219000809,54.972322,11.507863,8.7,Under way using engine
2026-09-26T16:17:09Z,219000811,54.838730,11.491820,0.0,Under way using engine
2026-09-26T16:17:33Z,219002177,54.934585,11.370667,5.8,Under way using engine
2026-09-26T16:17:40Z,219000811,54.838732,11.491818,0.0,Under way using engine
2026-09-26T16:17:48Z,219000809,54.972213,11.505218,8.7,Under way using engine
2026-09-26T16:18:04Z,219002177,54.933747,11.370492,5.9,Under way using engine
2026-09-26T16:18:18Z,219000809,54.971473,11.503552,8.8,Under way using engine
2026-09-26T16:18:20Z,219000811,54.838732,11.491818,0.0,Under way using engine
2026-09-26T16:18:34Z,219002177,54.932842,11.370445,6.4,Under way using engine
2026-09-26T16:18:48Z,219000809,54.970612,11.501990,9.0,Under way using engine
2026-09-26T16:18:58Z,219000811,54.838728,11.491818,0.0,Under way using engine
2026-09-26T16:19:04Z,219002177,54.931937,11.370323,6.8,Under way using engine
2026-09-26T16:19:18Z,219000809,54.969778,11.500387,9.0,Under way using engine
2026-09-26T16:19:28Z,219000811,54.838728,11.491820,0.0,Under way using engine
2026-09-26T16:19:34Z,219002177,54.930948,11.370228,7.0,Under way using engine
2026-09-26T16:19:48Z,219000809,54.968880,11.498853,9.1,Under way using engine
2026-09-26T16:19:58Z,219000811,54.838728,11.491820,0.0,Under way using engine
2026-09-26T16:20:04Z,219002177,54.930010,11.370153,7.0,Under way using engine
2026-09-26T16:20:19Z,219000809,54.967935,11.497338,8.9,Under way using engine
2026-09-26T16:20:28Z,219000811,54.838730,11.491818,0.0,Under way using engine
2026-09-26T16:20:34Z,219002177,54.929005,11.370073,7.0,Under way using engine
2026-09-26T16:20:59Z,219000809,54.966700,11.495463,8.9,Under way using engine
2026-09-26T16:21:04Z,219002177,54.928082,11.370003,7.0,Under way using engine
2026-09-26T16:21:09Z,219000811,54.838727,11.491818,0.0,Under way using engine
2026-09-26T16:21:29Z,219000809,54.965765,11.494017,8.9,Under way using engine
2026-09-26T16:21:34Z,219002177,54.927080,11.369997,6.9,Under way using engine
2026-09-26T16:21:49Z,219000811,54.838725,11.491822,0.0,Under way using engine
2026-09-26T16:21:59Z,219000809,54.964858,11.492593,8.8,Under way using engine
2026-09-26T16:22:04Z,219002177,54.926168,11.370073,6.9,Under way using engine
2026-09-26T16:22:19Z,219000811,54.838725,11.491825,0.0,Under way using engine
2026-09-26T16:22:29Z,219000809,54.963912,11.491253,8.8,Under way using engine
2026-09-26T16:22:35Z,219002177,54.925175,11.370150,6.8,Under way using engine
2026-09-26T16:22:49Z,219000811,54.838730,11.491822,0.0,Under way using engine
2026-09-26T16:22:59Z,219000809,54.962883,11.490185,8.6,Under way using engine
2026-09-26T16:23:05Z,219002177,54.924233,11.370213,6.8,Under way using engine
2026-09-26T16:23:19Z,219000811,54.838730,11.491820,0.0,Under way using engine
2026-09-26T16:23:29Z,219000809,54.961707,11.489700,8.9,Under way using engine
2026-09-26T16:23:35Z,219002177,54.923307,11.370268,6.7,Under way using engine
2026-09-26T16:23:49Z,219000811,54.838732,11.491820,0.0,Under way using engine
2026-09-26T16:23:59Z,219000809,54.960503,11.489228,8.9,Under way using engine
2026-09-26T16:24:05Z,219002177,54.922372,11.370453,6.6,Under way using engine
2026-09-26T16:24:19Z,219000811,54.838733,11.491820,0.0,Under way using engine
2026-09-26T16:24:29Z,219000809,54.959318,11.488650,8.9,Under way using engine
2026-09-26T16:24:35Z,219002177,54.921465,11.370668,6.5,Under way using engine
2026-09-26T16:24:49Z,219000811,54.838730,11.491817,0.0,Under way using engine
2026-09-26T16:24:59Z,219000809,54.958122,11.488097,8.9,Under way using engine
2026-09-26T16:25:05Z,219002177,54.920590,11.370873,6.4,Under way using engine
2026-09-26T16:25:19Z,219000811,54.838728,11.491818,0.0,Under way using engine
2026-09-26T16:25:29Z,219000809,54.956952,11.487487,8.8,Under way using engine
2026-09-26T16:25:35Z,219002177,54.919693,11.371065,6.5,Under way using engine
2026-09-26T16:25:49Z,219000811,54.838727,11.491820,0.0,Under way using engine
2026-09-26T16:26:05Z,219002177,54.918823,11.371220,6.4,Under way using engine
2026-09-26T16:26:07Z,219000809,54.955447,11.486773,9.0,Under way using engine
2026-09-26T16:26:19Z,219000811,54.838725,11.491818,0.0,Under way using engine
2026-09-26T16:26:35Z,219002177,54.917955,11.371135,6.3,Under way using engine
2026-09-26T16:26:39Z,219000809,54.954163,11.486197,9.0,Under way using engine
2026-09-26T16:26:49Z,219000811,54.838725,11.491817,0.0,Under way using engine
2026-09-26T16:27:05Z,219002177,54.917135,11.370667,6.2,Under way using engine
2026-09-26T16:27:18Z,219000809,54.952578,11.485463,8.9,Under way using engine
2026-09-26T16:27:20Z,219000811,54.838725,11.491815,0.0,Under way using engine
2026-09-26T16:27:45Z,219002177,54.916597,11.369108,5.9,Under way using engine
2026-09-26T16:27:48Z,219000809,54.951372,11.484980,9.0,Under way using engine
2026-09-26T16:27:59Z,219000811,54.838728,11.491822,0.0,Under way using engine
2026-09-26T16:28:18Z,219000809,54.950183,11.484443,8.9,Under way using engine
2026-09-26T16:28:25Z,219002177,54.916538,11.367060,6.6,Under way using engine
2026-09-26T16:28:29Z,219000811,54.838723,11.491825,0.0,Under way using engine
2026-09-26T16:28:48Z,219000809,54.948988,11.483905,8.9,Under way using engine
2026-09-26T16:28:59Z,219000811,54.838725,11.491823,0.0,Under way using engine
2026-09-26T16:29:04Z,219002177,54.916468,11.365012,6.4,Under way using engine
2026-09-26T16:29:18Z,219000809,54.947802,11.483338,8.9,Under way using engine
2026-09-26T16:29:29Z,219000811,54.838725,11.491822,0.0,Under way using engine
2026-09-26T16:29:45Z,219002177,54.916385,11.363108,5.4,Under way using engine
2026-09-26T16:29:48Z,219000809,54.946617,11.482803,8.8,Under way using engine
2026-09-26T16:29:59Z,219000811,54.838723,11.491820,0.0,Under way using engine
2026-09-26T16:30:25Z,219002177,54.916375,11.361753,3.3,Under way using engine
2026-09-26T16:30:28Z,219000809,54.945125,11.481668,8.8,Under way using engine
2026-09-26T16:30:29Z,219000811,54.838717,11.491825,0.0,Under way using engine
2026-09-26T16:30:58Z,219000809,54.944042,11.480710,8.7,Under way using engine
2026-09-26T16:30:59Z,219000811,54.838712,11.491827,0.0,Under way using engine
2026-09-26T16:31:04Z,219002177,54.916368,11.361168,1.4,Under way using engine
2026-09-26T16:31:28Z,219000809,54.943020,11.479660,8.6,Under way using engine
2026-09-26T16:31:29Z,219000811,54.838712,11.491827,0.0,Under way using engine
2026-09-26T16:31:45Z,219002177,54.916362,11.360762,1.3,Under way using engine
2026-09-26T16:31:58Z,219000809,54.942042,11.478462,8.7,Under way using engine
2026-09-26T16:31:59Z,219000811,54.838712,11.491832,0.0,Under way using engine
2026-09-26T16:32:24Z,219002177,54.916353,11.360548,0.1,Under way using engine
2026-09-26T16:32:28Z,219000809,54.941092,11.477143,8.8,Under way using engine
2026-09-26T16:32:29Z,219000811,54.838715,11.491830,0.0,Under way using engine
2026-09-26T16:32:58Z,219000809,54.940238,11.475638,8.7,Under way using engine
2026-09-26T16:33:00Z,219000811,54.838715,11.491828,0.0,Under way using engine
2026-09-26T16:33:04Z,219002177,54.916355,11.360547,0.0,Under way using engine
2026-09-26T16:33:28Z,219000809,54.939622,11.473842,8.8,Under way using engine
2026-09-26T16:33:34Z,219002177,54.916363,11.360540,0.0,Under way using engine
2026-09-26T16:33:40Z,219000811,54.838713,11.491823,0.0,Under way using engine
2026-09-26T16:34:04Z,219002177,54.916357,11.360538,0.0,Under way using engine
2026-09-26T16:34:08Z,219000809,54.938852,11.471310,9.0,Under way using engine
2026-09-26T16:34:20Z,219000811,54.838715,11.491822,0.0,Under way using engine
2026-09-26T16:34:34Z,219002177,54.916357,11.360528,0.0,Under way using engine
2026-09-26T16:34:38Z,219000809,54.938327,11.469350,9.0,Under way using engine
2026-09-26T16:34:50Z,219000811,54.838715,11.491823,0.0,Under way using engine
2026-09-26T16:35:04Z,219002177,54.916358,11.360518,0.0,Under way using engine
2026-09-26T16:35:08Z,219000809,54.937735,11.467427,9.0,Under way using engine
2026-09-26T16:35:20Z,219000811,54.838717,11.491822,0.0,Under way using engine
2026-09-26T16:35:34Z,219002177,54.916353,11.360523,0.0,Under way using engine
2026-09-26T16:35:38Z,219000809,54.937205,11.465467,9.1,Under way using engine
2026-09-26T16:35:50Z,219000811,54.838717,11.491825,0.0,Under way using engine
2026-09-26T16:36:04Z,219002177,54.916345,11.360525,0.0,Under way using engine
2026-09-26T16:36:08Z,219000809,54.936627,11.463528,9.1,Under way using engine
2026-09-26T16:36:20Z,219000811,54.838723,11.491823,0.0,Under way using engine
2026-09-26T16:36:34Z,219002177,54.916353,11.360520,0.0,Under way using engine
2026-09-26T16:36:38Z,219000809,54.936040,11.461582,9.1,Under way using engine
2026-09-26T16:36:50Z,219000811,54.838728,11.491823,0.0,Under way using engine
2026-09-26T16:37:04Z,219002177,54.916353,11.360537,0.0,Under way using engine
2026-09-26T16:37:08Z,219000809,54.935485,11.459613,9.1,Under way using engine
2026-09-26T16:37:20Z,219000811,54.838725,11.491827,0.0,Under way using engine
2026-09-26T16:37:34Z,219002177,54.916357,11.360528,0.0,Under way using engine
2026-09-26T16:37:38Z,219000809,54.934890,11.457668,9.1,Under way using engine
2026-09-26T16:37:50Z,219000811,54.838725,11.491825,0.0,Under way using engine
2026-09-26T16:38:05Z,219002177,54.916360,11.360525,0.0,Under way using engine
2026-09-26T16:38:08Z,219000809,54.934223,11.455808,9.2,Under way using engine
2026-09-26T16:38:29Z,219000811,54.838713,11.491827,0.0,Under way using engine
2026-09-26T16:38:44Z,219002177,54.916372,11.360530,0.0,Under way using engine
2026-09-26T16:38:47Z,219000809,54.933167,11.453482,9.2,Under way using engine
2026-09-26T16:39:00Z,219000811,54.838712,11.491827,0.0,Under way using engine
2026-09-26T16:39:19Z,219000809,54.932380,11.451643,9.2,Under way using engine
2026-09-26T16:39:24Z,219002177,54.916375,11.360533,0.0,Under way using engine
2026-09-26T16:39:39Z,219000811,54.838720,11.491828,0.0,Under way using engine
2026-09-26T16:39:54Z,219002177,54.916368,11.360542,0.0,Under way using engine
2026-09-26T16:39:59Z,219000809,54.931342,11.449288,9.2,Under way using engine
2026-09-26T16:40:19Z,219000811,54.838713,11.491827,0.0,Under way using engine
2026-09-26T16:40:24Z,219002177,54.916358,11.360540,0.0,Under way using engine
2026-09-26T16:40:37Z,219000809,54.930355,11.447030,9.2,Under way using engine
2026-09-26T16:40:49Z,219000811,54.838715,11.491827,0.0,Under way using engine
2026-09-26T16:40:54Z,219002177,54.916352,11.360508,0.0,Under way using engine
2026-09-26T16:41:07Z,219000809,54.929603,11.445310,9.1,Under way using engine
2026-09-26T16:41:19Z,219000811,54.838718,11.491825,0.0,Under way using engine
2026-09-26T16:41:24Z,219002177,54.916355,11.360513,0.0,Under way using engine
2026-09-26T16:41:37Z,219000809,54.928792,11.443570,9.3,Under way using engine
2026-09-26T16:41:49Z,219000811,54.838722,11.491822,0.0,Under way using engine
2026-09-26T16:41:54Z,219002177,54.916360,11.360513,0.0,Under way using engine
2026-09-26T16:42:07Z,219000809,54.928032,11.441785,9.2,Under way using engine
2026-09-26T16:42:19Z,219000811,54.838718,11.491820,0.0,Under way using engine
2026-09-26T16:42:24Z,219002177,54.916363,11.360525,0.0,Under way using engine
2026-09-26T16:42:37Z,219000809,54.927257,11.440052,9.1,Under way using engine
2026-09-26T16:42:49Z,219000811,54.838717,11.491818,0.0,Under way using engine
2026-09-26T16:42:54Z,219002177,54.916365,11.360535,0.0,Under way using engine
2026-09-26T16:43:07Z,219000809,54.926493,11.438285,9.2,Under way using engine
2026-09-26T16:43:19Z,219000811,54.838715,11.491820,0.0,Under way using engine
2026-09-26T16:43:24Z,219002177,54.916363,11.360535,0.0,Under way using engine
2026-09-26T16:43:37Z,219000809,54.925713,11.436532,9.2,Under way using engine
2026-09-26T16:43:49Z,219000811,54.838712,11.491820,0.0,Under way using engine
2026-09-26T16:43:54Z,219002177,54.916352,11.360515,0.0,Under way using engine
2026-09-26T16:44:07Z,219000809,54.924955,11.434765,9.1,Under way using engine
2026-09-26T16:44:19Z,219000811,54.838718,11.491817,0.0,Under way using engine
2026-09-26T16:44:24Z,219002177,54.916358,11.360505,0.0,Under way using engine
2026-09-26T16:44:37Z,219000809,54.924198,11.433002,9.1,Under way using engine
2026-09-26T16:44:49Z,219000811,54.838722,11.491813,0.0,Under way using engine
2026-09-26T16:44:54Z,219002177,54.916358,11.360505,0.0,Under way using engine
2026-09-26T16:45:07Z,219000809,54.923405,11.431292,9.0,Under way using engine
2026-09-26T16:45:20Z,219000811,54.838725,11.491813,0.0,Under way using engine
2026-09-26T16:45:24Z,219002177,54.916353,11.360528,0.0,Under way using engine
2026-09-26T16:45:37Z,219000809,54.922645,11.429567,9.2,Under way using engine
2026-09-26T16:45:54Z,219002177,54.916350,11.360525,0.0,Under way using engine
2026-09-26T16:45:59Z,219000811,54.838728,11.491815,0.0,Under way using engine
2026-09-26T16:46:07Z,219000809,54.921882,11.427778,9.2,Under way using engine
2026-09-26T16:46:24Z,219002177,54.916345,11.360520,0.0,Under way using engine
2026-09-26T16:46:29Z,219000811,54.838730,11.491817,0.0,Under way using engine
2026-09-26T16:46:37Z,219000809,54.921063,11.426018,9.2,Under way using engine
2026-09-26T16:46:54Z,219002177,54.916355,11.360512,0.0,Under way using engine
2026-09-26T16:46:59Z,219000811,54.838728,11.491817,0.0,Under way using engine
2026-09-26T16:47:07Z,219000809,54.920330,11.424257,9.2,Under way using engine
2026-09-26T16:47:24Z,219002177,54.916360,11.360518,0.0,Under way using engine
2026-09-26T16:47:29Z,219000811,54.838723,11.491817,0.0,Under way using engine
2026-09-26T16:47:37Z,219000809,54.919565,11.422507,9.1,Under way using engine
2026-09-26T16:47:54Z,219002177,54.916353,11.360525,0.0,Under way using engine
2026-09-26T16:47:59Z,219000811,54.838717,11.491822,0.0,Under way using engine
2026-09-26T16:48:08Z,219000809,54.918752,11.420693,9.3,Under way using engine
2026-09-26T16:48:24Z,219002177,54.916362,11.360542,0.0,Under way using engine
2026-09-26T16:48:29Z,219000811,54.838718,11.491823,0.0,Under way using engine
2026-09-26T16:48:38Z,219000809,54.918018,11.418908,9.2,Under way using engine
2026-09-26T16:49:00Z,219000811,54.838718,11.491823,0.0,Under way using engine
2026-09-26T16:49:04Z,219002177,54.916360,11.360538,0.0,Under way using engine
2026-09-26T16:49:08Z,219000809,54.917260,11.417130,9.2,Under way using engine
2026-09-26T16:49:30Z,219000811,54.838713,11.491825,0.0,Under way using engine
2026-09-26T16:49:35Z,219002177,54.916353,11.360535,0.0,Under way using engine
2026-09-26T16:49:38Z,219000809,54.916467,11.415417,9.1,Under way using engine
2026-09-26T16:50:00Z,219000811,54.838712,11.491823,0.0,Under way using engine
2026-09-26T16:50:08Z,219000809,54.915727,11.413615,9.3,Under way using engine
2026-09-26T16:50:15Z,219002177,54.916357,11.360550,0.0,Under way using engine
2026-09-26T16:50:30Z,219000811,54.838710,11.491822,0.0,Under way using engine
2026-09-26T16:50:38Z,219000809,54.914962,11.411845,9.2,Under way using engine
2026-09-26T16:50:53Z,219002177,54.916353,11.360540,0.0,Under way using engine
2026-09-26T16:51:00Z,219000811,54.838712,11.491820,0.0,Under way using engine
2026-09-26T16:51:08Z,219000809,54.914172,11.410103,9.2,Under way using engine
2026-09-26T16:51:24Z,219002177,54.916352,11.360525,0.0,Under way using engine
2026-09-26T16:51:30Z,219000811,54.838708,11.491823,0.0,Under way using engine
2026-09-26T16:51:38Z,219000809,54.913430,11.408307,9.2,Under way using engine
2026-09-26T16:52:00Z,219000811,54.838717,11.491825,0.0,Under way using engine
2026-09-26T16:52:04Z,219002177,54.916360,11.360535,0.0,Under way using engine
2026-09-26T16:52:08Z,219000809,54.912667,11.406535,9.2,Under way using engine
2026-09-26T16:52:30Z,219000811,54.838718,11.491823,0.0,Under way using engine
2026-09-26T16:52:35Z,219002177,54.916357,11.360518,0.0,Under way using engine
2026-09-26T16:52:38Z,219000809,54.911885,11.404772,9.3,Under way using engine
2026-09-26T16:53:00Z,219000811,54.838723,11.491820,0.0,Under way using engine
2026-09-26T16:53:08Z,219000809,54.911113,11.402978,9.3,Under way using engine
2026-09-26T16:53:15Z,219002177,54.916353,11.360517,0.0,Under way using engine
2026-09-26T16:53:30Z,219000811,54.838725,11.491817,0.0,Under way using engine
2026-09-26T16:53:38Z,219000809,54.910340,11.401175,9.3,Under way using engine
2026-09-26T16:53:53Z,219002177,54.916348,11.360540,0.0,Under way using engine
2026-09-26T16:54:08Z,219000809,54.909555,11.399412,9.3,Under way using engine
2026-09-26T16:54:10Z,219000811,54.838725,11.491815,0.0,Under way using engine
2026-09-26T16:54:24Z,219002177,54.916357,11.360575,0.4,Under way using engine
2026-09-26T16:54:38Z,219000809,54.908792,11.397588,9.4,Under way using engine
2026-09-26T16:54:50Z,219000811,54.838727,11.491820,0.0,Under way using engine
2026-09-26T16:55:04Z,219002177,54.916342,11.361312,3.6,Under way using engine
2026-09-26T16:55:08Z,219000809,54.908115,11.395703,9.3,Under way using engine
2026-09-26T16:55:20Z,219000811,54.838723,11.491822,0.0,Under way using engine
2026-09-26T16:55:34Z,219002177,54.916340,11.362423,5.0,Under way using engine
2026-09-26T16:55:38Z,219000809,54.908182,11.393725,8.3,Under way using engine
2026-09-26T16:55:50Z,219000811,54.838725,11.491822,0.0,Under way using engine
2026-09-26T16:56:04Z,219002177,54.916408,11.363762,5.9,Under way using engine
2026-09-26T16:56:09Z,219000809,54.908985,11.391943,9.4,Under way using engine
2026-09-26T16:56:30Z,219000811,54.838723,11.491820,0.0,Under way using engine
2026-09-26T16:56:34Z,219002177,54.916495,11.365253,6.4,Under way using engine
2026-09-26T16:56:48Z,219000809,54.910147,11.389725,9.6,Under way using engine
2026-09-26T16:57:04Z,219002177,54.916618,11.366835,6.8,Under way using engine
2026-09-26T16:57:10Z,219000811,54.838722,11.491815,0.0,Under way using engine
2026-09-26T16:57:18Z,219000809,54.911065,11.388043,9.6,Under way using engine
2026-09-26T16:57:34Z,219002177,54.916762,11.368490,7.0,Under way using engine
2026-09-26T16:57:48Z,219000809,54.911972,11.386338,9.7,Under way using engine
2026-09-26T16:57:50Z,219000811,54.838720,11.491813,0.0,Under way using engine
2026-09-26T16:58:04Z,219002177,54.916960,11.370120,6.9,Under way using engine
2026-09-26T16:58:18Z,219000809,54.912902,11.384657,9.7,Under way using engine
2026-09-26T16:58:30Z,219000811,54.838717,11.491815,0.0,Under way using engine
2026-09-26T16:58:34Z,219002177,54.917578,11.371185,6.2,Under way using engine
2026-09-26T16:58:48Z,219000809,54.913823,11.382958,9.7,Under way using engine
2026-09-26T16:59:04Z,219002177,54.918463,11.371365,6.7,Under way using engine
2026-09-26T16:59:08Z,219000811,54.838717,11.491822,0.0,Under way using engine
2026-09-26T16:59:18Z,219000809,54.914747,11.381268,9.7,Under way using engine
2026-09-26T16:59:34Z,219002177,54.919447,11.371285,7.1,Under way using engine
2026-09-26T16:59:39Z,219000811,54.838717,11.491827,0.0,Under way using engine
2026-09-26T16:59:48Z,219000809,54.915610,11.379515,9.6,Under way using engine
2026-09-26T17:00:04Z,219002177,54.920453,11.371372,7.3,Under way using engine
2026-09-26T17:00:09Z,219000811,54.838715,11.491827,0.0,Under way using engine
2026-09-26T17:00:18Z,219000809,54.916342,11.377593,9.6,Under way using engine
2026-09-26T17:00:35Z,219002177,54.921512,11.371328,7.6,Under way using engine
2026-09-26T17:00:39Z,219000811,54.838717,11.491828,0.0,Under way using engine
2026-09-26T17:00:48Z,219000809,54.916868,11.375557,9.2,Under way using engine
2026-09-26T17:01:09Z,219000811,54.838720,11.491823,0.0,Under way using engine
2026-09-26T17:01:14Z,219002177,54.922895,11.371320,7.8,Under way using engine
2026-09-26T17:01:19Z,219000809,54.916970,11.373327,8.9,Under way using engine
2026-09-26T17:01:40Z,219000811,54.838725,11.491820,0.0,Under way using engine
2026-09-26T17:01:45Z,219002177,54.924027,11.371228,8.0,Under way using engine
2026-09-26T17:01:59Z,219000809,54.916795,11.370467,9.0,Under way using engine
2026-09-26T17:02:18Z,219000811,54.838730,11.491822,0.0,Under way using engine
2026-09-26T17:02:24Z,219002177,54.925473,11.371133,8.0,Under way using engine
2026-09-26T17:02:37Z,219000809,54.916613,11.367748,8.9,Under way using engine
2026-09-26T17:02:50Z,219000811,54.838730,11.491827,0.0,Under way using engine
2026-09-26T17:03:04Z,219002177,54.926950,11.370937,8.1,Under way using engine
2026-09-26T17:03:09Z,219000809,54.916517,11.365505,8.6,Under way using engine
2026-09-26T17:03:29Z,219000811,54.838728,11.491830,0.0,Under way using engine
2026-09-26T17:03:35Z,219002177,54.928123,11.370802,8.1,Under way using engine
2026-09-26T17:03:48Z,219000809,54.916305,11.362907,8.1,Under way using engine
2026-09-26T17:03:59Z,219000811,54.838728,11.491830,0.0,Under way using engine
2026-09-26T17:04:14Z,219002177,54.929593,11.370820,8.1,Under way using engine
2026-09-26T17:04:19Z,219000809,54.916173,11.361322,5.6,Under way using engine
2026-09-26T17:04:29Z,219000811,54.838730,11.491827,0.0,Under way using engine
2026-09-26T17:04:44Z,219002177,54.930710,11.370790,8.1,Under way using engine
2026-09-26T17:04:49Z,219000809,54.916003,11.360630,1.8,Under way using engine
2026-09-26T17:04:59Z,219000811,54.838732,11.491825,0.0,Under way using engine
2026-09-26T17:05:19Z,219000809,54.915990,11.360595,0.7,Under way using engine
2026-09-26T17:05:24Z,219002177,54.932185,11.370823,8.0,Under way using engine
2026-09-26T17:05:29Z,219000811,54.838730,11.491822,0.0,Under way using engine
2026-09-26T17:05:49Z,219000809,54.916077,11.360205,1.7,Under way using engine
2026-09-26T17:05:59Z,219000811,54.838727,11.491818,0.0,Under way using engine
2026-09-26T17:06:13Z,219002177,54.933905,11.370968,7.1,Under way using engine
2026-09-26T17:06:19Z,219000809,54.916077,11.360048,0.4,Under way using engine
2026-09-26T17:06:29Z,219000811,54.838725,11.491817,0.0,Under way using engine
2026-09-26T17:06:44Z,219002177,54.934818,11.371218,6.1,Under way using engine
2026-09-26T17:07:07Z,219000809,54.916090,11.360013,0.1,Under way using engine
2026-09-26T17:07:09Z,219000811,54.838722,11.491815,0.0,Under way using engine
2026-09-26T17:07:24Z,219002177,54.935607,11.371645,3.2,Under way using engine
2026-09-26T17:07:37Z,219000809,54.916087,11.360015,0.0,Under way using engine
2026-09-26T17:07:40Z,219000811,54.838725,11.491813,0.0,Under way using engine
2026-09-26T17:08:04Z,219002177,54.935872,11.371865,0.9,Under way using engine
2026-09-26T17:08:08Z,219000809,54.916085,11.360032,0.0,Under way using engine
2026-09-26T17:08:20Z,219000811,54.838725,11.491812,0.0,Under way using engine
2026-09-26T17:08:35Z,219002177,54.935982,11.371975,0.7,Under way using engine
2026-09-26T17:08:47Z,219000809,54.916093,11.360038,0.0,Under way using engine
2026-09-26T17:09:00Z,219000811,54.838722,11.491812,0.0,Under way using engine
2026-09-26T17:09:12Z,219002177,54.935982,11.371973,0.0,Under way using engine
2026-09-26T17:09:18Z,219000809,54.916082,11.360030,0.0,Under way using engine
2026-09-26T17:09:40Z,219000811,54.838720,11.491815,0.0,Under way using engine
2026-09-26T17:09:44Z,219002177,54.935973,11.371968,0.1,Under way using engine
2026-09-26T17:09:58Z,219000809,54.916088,11.360037,0.0,Under way using engine
2026-09-26T17:10:20Z,219000811,54.838722,11.491815,0.0,Under way using engine
2026-09-26T17:10:24Z,219002177,54.935962,11.371955,0.0,Under way using engine
2026-09-26T17:10:38Z,219000809,54.916083,11.360037,0.0,Under way using engine
2026-09-26T17:10:54Z,219002177,54.935987,11.371943,0.0,Under way using engine
2026-09-26T17:11:00Z,219000811,54.838725,11.491817,0.0,Under way using engine
2026-09-26T17:11:08Z,219000809,54.916080,11.360033,0.0,Under way using engine
2026-09-26T17:11:24Z,219002177,54.935992,11.371982,0.0,Under way using engine
2026-09-26T17:11:38Z,219000809,54.916080,11.360045,0.0,Under way using engine
2026-09-26T17:11:40Z,219000811,54.838727,11.491817,0.0,Under way using engine
2026-09-26T17:11:54Z,219002177,54.935970,11.371960,0.0,Under way using engine
2026-09-26T17:12:08Z,219000809,54.916067,11.360025,0.0,Under way using engine
2026-09-26T17:12:20Z,219000811,54.838725,11.491817,0.0,Under way using engine
2026-09-26T17:12:24Z,219002177,54.935972,11.371958,0.0,Under way using engine
2026-09-26T17:12:38Z,219000809,54.916067,11.360022,0.0,Under way using engine
2026-09-26T17:12:54Z,219002177,54.935967,11.371973,0.0,Under way using engine
2026-09-26T17:13:00Z,219000811,54.838727,11.491818,0.0,Under way using engine
2026-09-26T17:13:08Z,219000809,54.916057,11.360010,0.0,Under way using engine
2026-09-26T17:13:24Z,219002177,54.935967,11.371988,0.0,Under way using engine
2026-09-26T17:13:38Z,219000809,54.916072,11.360022,0.0,Under way using engine
2026-09-26T17:13:40Z,219000811,54.838722,11.491818,0.0,Under way using engine
2026-09-26T17:13:54Z,219002177,54.935972,11.371987,0.1,Under way using engine
2026-09-26T17:14:09Z,219000809,54.916073,11.360028,0.0,Under way using engine
2026-09-26T17:14:20Z,219000811,54.838718,11.491817,0.0,Under way using engine
2026-09-26T17:14:24Z,219002177,54.935982,11.372007,0.0,Under way using engine
2026-09-26T17:14:48Z,219000809,54.916073,11.360027,0.0,Under way using engine
2026-09-26T17:15:00Z,219000811,54.838720,11.491820,0.0,Under way using engine
2026-09-26T17:15:03Z,219002177,54.935988,11.371985,0.1,Under way using engine
2026-09-26T17:15:19Z,219000809,54.916095,11.360023,0.0,Under way using engine
2026-09-26T17:15:30Z,219000811,54.838718,11.491817,0.0,Under way using engine
2026-09-26T17:15:35Z,219002177,54.935960,11.371982,0.0,Under way using engine
2026-09-26T17:15:58Z,219000809,54.916058,11.360015,0.0,Under way using engine
2026-09-26T17:16:00Z,219000811,54.838717,11.491815,0.0,Under way using engine
2026-09-26T17:16:15Z,219002177,54.935942,11.371950,0.1,Under way using engine
2026-09-26T17:16:30Z,219000811,54.838717,11.491813,0.0,Under way using engine
2026-09-26T17:16:37Z,219000809,54.916075,11.360022,0.0,Under way using engine
2026-09-26T17:16:45Z,219002177,54.935873,11.371888,1.5,Under way using engine
2026-09-26T17:17:00Z,219000811,54.838715,11.491810,0.0,Under way using engine
2026-09-26T17:17:09Z,219000809,54.916060,11.360023,0.0,Under way using engine
2026-09-26T17:17:15Z,219002177,54.935452,11.371520,4.1,Under way using engine
2026-09-26T17:17:30Z,219000811,54.838715,11.491812,0.0,Under way using engine
2026-09-26T17:17:45Z,219002177,54.934837,11.370918,5.4,Under way using engine
2026-09-26T17:17:48Z,219000809,54.916102,11.360043,0.0,Under way using engine
2026-09-26T17:18:00Z,219000811,54.838717,11.491808,0.0,Under way using engine
2026-09-26T17:18:15Z,219002177,54.933992,11.370745,5.9,Under way using engine
2026-09-26T17:18:19Z,219000809,54.916022,11.360013,0.1,Under way using engine
2026-09-26T17:18:30Z,219000811,54.838717,11.491807,0.0,Under way using engine
2026-09-26T17:18:45Z,219002177,54.933123,11.370797,6.7,Under way using engine
2026-09-26T17:18:58Z,219000809,54.916048,11.360025,0.0,Under way using engine
2026-09-26T17:19:09Z,219000811,54.838717,11.491810,0.0,Under way using engine
2026-09-26T17:19:24Z,219002177,54.931842,11.370790,7.0,Under way using engine
2026-09-26T17:19:37Z,219000809,54.916035,11.360027,0.0,Under way using engine
2026-09-26T17:19:40Z,219000811,54.838718,11.491813,0.0,Under way using engine
2026-09-26T17:20:03Z,219002177,54.930577,11.370825,7.2,Under way using engine
2026-09-26T17:20:11Z,219000809,54.916032,11.360027,0.0,Under way using engine
2026-09-26T17:20:20Z,219000811,54.838717,11.491818,0.0,Under way using engine
2026-09-26T17:20:35Z,219002177,54.929523,11.370833,7.2,Under way using engine
2026-09-26T17:20:47Z,219000809,54.916047,11.360058,0.0,Under way using engine
2026-09-26T17:21:00Z,219000811,54.838713,11.491818,0.0,Under way using engine
2026-09-26T17:21:12Z,219002177,54.928568,11.370853,7.2,Under way using engine
2026-09-26T17:21:19Z,219000809,54.916047,11.360042,0.0,Under way using engine
2026-09-26T17:21:30Z,219000811,54.838713,11.491817,0.0,Under way using engine
2026-09-26T17:21:44Z,219002177,54.927183,11.370858,7.2,Under way using engine
2026-09-26T17:21:58Z,219000809,54.915993,11.360603,4.9,Under way using engine
2026-09-26T17:22:00Z,219000811,54.838713,11.491815,0.0,Under way using engine
2026-09-26T17:22:14Z,219002177,54.926193,11.370880,7.3,Under way using engine
2026-09-26T17:22:28Z,219000809,54.916165,11.362387,8.1,Under way using engine
2026-09-26T17:22:39Z,219000811,54.838712,11.491813,0.0,Under way using engine
2026-09-26T17:22:44Z,219002177,54.925183,11.370892,7.2,Under way using engine
2026-09-26T17:22:58Z,219000809,54.916363,11.364423,8.6,Under way using engine
2026-09-26T17:23:09Z,219000811,54.838713,11.491812,0.0,Under way using engine
2026-09-26T17:23:14Z,219002177,54.924200,11.370915,7.2,Under way using engine
2026-09-26T17:23:28Z,219000809,54.916512,11.366487,9.0,Under way using engine
2026-09-26T17:23:39Z,219000811,54.838715,11.491812,0.0,Under way using engine
2026-09-26T17:23:44Z,219002177,54.923232,11.370963,7.1,Under way using engine
2026-09-26T17:23:58Z,219000809,54.916760,11.368633,9.1,Under way using engine
2026-09-26T17:24:09Z,219000811,54.838717,11.491812,0.0,Under way using engine
2026-09-26T17:24:14Z,219002177,54.922243,11.370988,7.1,Under way using engine
2026-09-26T17:24:28Z,219000809,54.916828,11.370848,9.1,Under way using engine
2026-09-26T17:24:39Z,219000811,54.838718,11.491815,0.0,Under way using engine
2026-09-26T17:24:44Z,219002177,54.921257,11.371043,7.1,Under way using engine
2026-09-26T17:24:58Z,219000809,54.916780,11.372985,9.1,Under way using engine
2026-09-26T17:25:09Z,219000811,54.838718,11.491815,0.0,Under way using engine
2026-09-26T17:25:14Z,219002177,54.920243,11.371130,7.1,Under way using engine
2026-09-26T17:25:28Z,219000809,54.916570,11.375075,8.4,Under way using engine
2026-09-26T17:25:39Z,219000811,54.838718,11.491815,0.0,Under way using engine
2026-09-26T17:25:44Z,219002177,54.919248,11.371170,7.1,Under way using engine
2026-09-26T17:25:58Z,219000809,54.915867,11.376760,8.7,Under way using engine
2026-09-26T17:26:09Z,219000811,54.838720,11.491815,0.0,Under way using engine
2026-09-26T17:26:14Z,219002177,54.918308,11.371210,6.9,Under way using engine
2026-09-26T17:26:28Z,219000809,54.915127,11.378375,8.8,Under way using engine
2026-09-26T17:26:39Z,219000811,54.838720,11.491815,0.0,Under way using engine
2026-09-26T17:26:44Z,219002177,54.917383,11.370888,6.8,Under way using engine
2026-09-26T17:26:58Z,219000809,54.914323,11.380002,8.8,Under way using engine
2026-09-26T17:27:14Z,219002177,54.916803,11.369747,6.4,Under way using engine
2026-09-26T17:27:19Z,219000811,54.838723,11.491820,0.0,Under way using engine
2026-09-26T17:27:28Z,219000809,54.913565,11.381608,8.7,Under way using engine
2026-09-26T17:27:44Z,219002177,54.916615,11.368173,6.8,Under way using engine
2026-09-26T17:27:49Z,219000811,54.838722,11.491820,0.0,Under way using engine
2026-09-26T17:28:08Z,219000809,54.912557,11.383798,8.7,Under way using engine
2026-09-26T17:28:14Z,219002177,54.916565,11.366530,6.9,Under way using engine
2026-09-26T17:28:19Z,219000811,54.838723,11.491817,0.0,Under way using engine
2026-09-26T17:28:45Z,219002177,54.916437,11.364875,6.5,Under way using engine
2026-09-26T17:28:47Z,219000809,54.911532,11.385848,8.7,Under way using engine
2026-09-26T17:28:49Z,219000811,54.838723,11.491815,0.0,Under way using engine
2026-09-26T17:29:17Z,219000809,54.910753,11.387457,8.7,Under way using engine
2026-09-26T17:29:19Z,219000811,54.838725,11.491813,0.0,Under way using engine
2026-09-26T17:29:23Z,219002177,54.916365,11.363090,5.6,Under way using engine
2026-09-26T17:29:47Z,219000809,54.909967,11.389053,8.8,Under way using engine
2026-09-26T17:29:49Z,219000811,54.838727,11.491815,0.0,Under way using engine
2026-09-26T17:29:55Z,219002177,54.916368,11.361857,4.3,Under way using engine
2026-09-26T17:30:17Z,219000809,54.909237,11.390765,8.8,Under way using engine
2026-09-26T17:30:20Z,219000811,54.838720,11.491810,0.0,Under way using engine
2026-09-26T17:30:34Z,219002177,54.916365,11.361020,1.9,Under way using engine
2026-09-26T17:30:47Z,219000809,54.908578,11.392560,8.8,Under way using engine
2026-09-26T17:31:00Z,219000811,54.838723,11.491812,0.0,Under way using engine
2026-09-26T17:31:05Z,219002177,54.916348,11.360720,1.0,Under way using engine
2026-09-26T17:31:17Z,219000809,54.907918,11.394375,8.9,Under way using engine
2026-09-26T17:31:35Z,219002177,54.916355,11.360580,0.2,Under way using engine
2026-09-26T17:31:40Z,219000811,54.838725,11.491817,0.0,Under way using engine
2026-09-26T17:31:47Z,219000809,54.907287,11.396190,9.0,Under way using engine
2026-09-26T17:32:05Z,219002177,54.916345,11.360547,0.0,Under way using engine
2026-09-26T17:32:17Z,219000809,54.906677,11.398082,9.0,Under way using engine
2026-09-26T17:32:20Z,219000811,54.838725,11.491817,0.0,Under way using engine
2026-09-26T17:32:35Z,219002177,54.916352,11.360572,0.1,Under way using engine
2026-09-26T17:32:48Z,219000809,54.906065,11.400052,9.0,Under way using engine
2026-09-26T17:33:00Z,219000811,54.838730,11.491817,0.0,Under way using engine
2026-09-26T17:33:05Z,219002177,54.916343,11.360547,0.0,Under way using engine
2026-09-26T17:33:27Z,219000809,54.905323,11.402552,9.0,Under way using engine
2026-09-26T17:33:35Z,219002177,54.916357,11.360557,0.0,Under way using engine
2026-09-26T17:33:40Z,219000811,54.838732,11.491820,0.0,Under way using engine
2026-09-26T17:33:58Z,219000809,54.904762,11.404552,9.0,Under way using engine
2026-09-26T17:34:05Z,219002177,54.916340,11.360558,0.0,Under way using engine
2026-09-26T17:34:20Z,219000811,54.838732,11.491822,0.0,Under way using engine
2026-09-26T17:34:35Z,219002177,54.916352,11.360568,0.0,Under way using engine
2026-09-26T17:34:48Z,219000809,54.903783,11.407757,9.0,Under way using engine
2026-09-26T17:35:00Z,219000811,54.838725,11.491823,0.0,Under way using engine
2026-09-26T17:35:05Z,219002177,54.916335,11.360545,0.0,Under way using engine
2026-09-26T17:35:18Z,219000809,54.903222,11.409698,9.0,Under way using engine
2026-09-26T17:35:30Z,219000811,54.838722,11.491820,0.0,Under way using engine
2026-09-26T17:35:48Z,219000809,54.902647,11.411635,9.1,Under way using engine
2026-09-26T17:35:53Z,219002177,54.916342,11.360548,0.0,Under way using engine
2026-09-26T17:36:00Z,219000811,54.838725,11.491818,0.0,Under way using engine
2026-09-26T17:36:18Z,219000809,54.902055,11.413548,9.0,Under way using engine
2026-09-26T17:36:25Z,219002177,54.916347,11.360547,0.0,Under way using engine
2026-09-26T17:36:30Z,219000811,54.838723,11.491820,0.0,Under way using engine
2026-09-26T17:36:48Z,219000809,54.901468,11.415447,8.9,Under way using engine
2026-09-26T17:37:04Z,219002177,54.916325,11.360530,0.0,Under way using engine
2026-09-26T17:37:09Z,219000811,54.838723,11.491823,0.0,Under way using engine
2026-09-26T17:37:18Z,219000809,54.900902,11.417347,8.9,Under way using engine
2026-09-26T17:37:34Z,219002177,54.916330,11.360548,0.0,Under way using engine
2026-09-26T17:37:40Z,219000811,54.838723,11.491823,0.0,Under way using engine
2026-09-26T17:37:48Z,219000809,54.900348,11.419263,8.9,Under way using engine
2026-09-26T17:38:04Z,219002177,54.916335,11.360557,0.0,Under way using engine
2026-09-26T17:38:18Z,219000809,54.899782,11.421178,8.9,Under way using engine
2026-09-26T17:38:18Z,219000811,54.838723,11.491822,0.0,Under way using engine
2026-09-26T17:38:34Z,219002177,54.916353,11.360572,0.0,Under way using engine
2026-09-26T17:38:48Z,219000809,54.899238,11.423098,8.9,Under way using engine
2026-09-26T17:38:49Z,219000811,54.838720,11.491820,0.0,Under way using engine
2026-09-26T17:39:04Z,219002177,54.916330,11.360555,0.0,Under way using engine
2026-09-26T17:39:18Z,219000809,54.898663,11.424993,8.9,Under way using engine
2026-09-26T17:39:29Z,219000811,54.838718,11.491815,0.0,Under way using engine
2026-09-26T17:39:34Z,219002177,54.916345,11.360560,0.0,Under way using engine
2026-09-26T17:39:48Z,219000809,54.898122,11.426912,8.9,Under way using engine
2026-09-26T17:39:59Z,219000811,54.838717,11.491817,0.0,Under way using engine
2026-09-26T17:40:04Z,219002177,54.916360,11.360555,0.0,Under way using engine
2026-09-26T17:40:18Z,219000809,54.897547,11.428798,8.9,Under way using engine
2026-09-26T17:40:29Z,219000811,54.838717,11.491815,0.0,Under way using engine
2026-09-26T17:40:34Z,219002177,54.916370,11.360565,0.0,Under way using engine
2026-09-26T17:40:59Z,219000809,54.896783,11.431420,8.9,Under way using engine
2026-09-26T17:41:00Z,219000811,54.838720,11.491817,0.0,Under way using engine
2026-09-26T17:41:04Z,219002177,54.916365,11.360563,0.1,Under way using engine
2026-09-26T17:41:29Z,219000809,54.896225,11.433323,8.8,Under way using engine
2026-09-26T17:41:34Z,219002177,54.916343,11.360550,0.0,Under way using engine
2026-09-26T17:41:39Z,219000811,54.838727,11.491815,0.0,Under way using engine
2026-09-26T17:41:59Z,219000809,54.895632,11.435187,8.8,Under way using engine
2026-09-26T17:42:04Z,219002177,54.916348,11.360547,0.0,Under way using engine
2026-09-26T17:42:09Z,219000811,54.838730,11.491815,0.0,Under way using engine
2026-09-26T17:42:29Z,219000809,54.895113,11.437098,8.8,Under way using engine
2026-09-26T17:42:34Z,219002177,54.916360,11.360550,0.0,Under way using engine
2026-09-26T17:42:39Z,219000811,54.838730,11.491813,0.0,Under way using engine
2026-09-26T17:42:59Z,219000809,54.894563,11.438980,8.8,Under way using engine
2026-09-26T17:43:04Z,219002177,54.916353,11.360552,0.1,Under way using engine
2026-09-26T17:43:09Z,219000811,54.838733,11.491807,0.0,Under way using engine
2026-09-26T17:43:29Z,219000809,54.894003,11.440875,8.8,Under way using engine
2026-09-26T17:43:34Z,219002177,54.916370,11.360558,0.0,Under way using engine
2026-09-26T17:43:39Z,219000811,54.838733,11.491808,0.0,Under way using engine
2026-09-26T17:43:59Z,219000809,54.893493,11.442798,8.9,Under way using engine
2026-09-26T17:44:04Z,219002177,54.916357,11.360545,0.1,Under way using engine
2026-09-26T17:44:09Z,219000811,54.838733,11.491807,0.0,Under way using engine
2026-09-26T17:44:29Z,219000809,54.892910,11.444690,8.9,Under way using engine
2026-09-26T17:44:34Z,219002177,54.916357,11.360557,0.0,Under way using engine
2026-09-26T17:44:39Z,219000811,54.838732,11.491803,0.0,Under way using engine
2026-09-26T17:44:59Z,219000809,54.892380,11.446647,9.0,Under way using engine
2026-09-26T17:45:04Z,219002177,54.916365,11.360570,0.1,Under way using engine
2026-09-26T17:45:09Z,219000811,54.838730,11.491805,0.0,Under way using engine
2026-09-26T17:45:29Z,219000809,54.891775,11.448527,9.0,Under way using engine
2026-09-26T17:45:39Z,219000811,54.838728,11.491805,0.0,Under way using engine
2026-09-26T17:45:45Z,219002177,54.916362,11.360587,0.0,Under way using engine
2026-09-26T17:46:08Z,219000809,54.890833,11.450825,9.0,Under way using engine
2026-09-26T17:46:09Z,219000811,54.838727,11.491807,0.0,Under way using engine
2026-09-26T17:46:24Z,219002177,54.916373,11.360600,0.0,Under way using engine
2026-09-26T17:46:38Z,219000809,54.890140,11.452595,8.9,Under way using engine
2026-09-26T17:46:39Z,219000811,54.838728,11.491807,0.0,Under way using engine
2026-09-26T17:46:55Z,219002177,54.916345,11.360577,0.0,Under way using engine
2026-09-26T17:47:08Z,219000809,54.889455,11.454337,8.8,Under way using engine
2026-09-26T17:47:09Z,219000811,54.838723,11.491810,0.0,Under way using engine
2026-09-26T17:47:33Z,219002177,54.916370,11.360588,0.0,Under way using engine
2026-09-26T17:47:38Z,219000809,54.888635,11.455893,8.8,Under way using engine
2026-09-26T17:47:39Z,219000811,54.838728,11.491810,0.0,Under way using engine
2026-09-26T17:48:05Z,219002177,54.916368,11.360582,0.0,Under way using engine
2026-09-26T17:48:08Z,219000809,54.887832,11.457483,8.8,Under way using engine
2026-09-26T17:48:09Z,219000811,54.838727,11.491808,0.0,Under way using engine
2026-09-26T17:48:38Z,219000809,54.887032,11.459073,8.8,Under way using engine
2026-09-26T17:48:39Z,219000811,54.838727,11.491808,0.0,Under way using engine
2026-09-26T17:48:55Z,219002177,54.916372,11.360580,0.0,Under way using engine
2026-09-26T17:49:08Z,219000809,54.886213,11.460622,8.7,Under way using engine
2026-09-26T17:49:10Z,219000811,54.838725,11.491812,0.0,Under way using engine
2026-09-26T17:49:34Z,219002177,54.916375,11.360580,0.0,Under way using engine
2026-09-26T17:49:39Z,219000809,54.885415,11.462232,8.5,Under way using engine
2026-09-26T17:49:48Z,219000811,54.838723,11.491818,0.0,Under way using engine
2026-09-26T17:50:05Z,219002177,54.916380,11.360582,0.0,Under way using engine
2026-09-26T17:50:12Z,219000809,54.884678,11.463687,8.8,Under way using engine
2026-09-26T17:50:20Z,219000811,54.838723,11.491822,0.0,Under way using engine
2026-09-26T17:50:49Z,219000809,54.883550,11.465915,8.8,Under way using engine
2026-09-26T17:50:53Z,219002177,54.916368,11.360767,1.4,Under way using engine
2026-09-26T17:50:59Z,219000811,54.838723,11.491822,0.0,Under way using engine
2026-09-26T17:51:25Z,219002177,54.916362,11.361568,3.8,Under way using engine
2026-09-26T17:51:28Z,219000809,54.882503,11.467912,8.7,Under way using engine
2026-09-26T17:51:29Z,219000811,54.838723,11.491818,0.0,Under way using engine
2026-09-26T17:51:59Z,219000811,54.838723,11.491817,0.0,Under way using engine
2026-09-26T17:52:04Z,219002177,54.916360,11.363120,5.5,Under way using engine
2026-09-26T17:52:07Z,219000809,54.881618,11.470198,8.9,Under way using engine
2026-09-26T17:52:29Z,219000811,54.838723,11.491813,0.0,Under way using engine
2026-09-26T17:52:34Z,219002177,54.916428,11.364590,6.4,Under way using engine
2026-09-26T17:52:39Z,219000809,54.881143,11.472327,8.9,Under way using engine
2026-09-26T17:52:59Z,219000811,54.838728,11.491813,0.0,Under way using engine
2026-09-26T17:53:04Z,219002177,54.916567,11.366207,6.9,Under way using engine
2026-09-26T17:53:19Z,219000809,54.880900,11.475117,8.7,Under way using engine
2026-09-26T17:53:29Z,219000811,54.838730,11.491815,0.0,Under way using engine
2026-09-26T17:53:34Z,219002177,54.916720,11.367882,7.2,Under way using engine
2026-09-26T17:53:49Z,219000809,54.880863,11.477218,8.8,Under way using engine
2026-09-26T17:53:59Z,219000811,54.838732,11.491817,0.0,Under way using engine
2026-09-26T17:54:04Z,219002177,54.916898,11.369623,7.3,Under way using engine
2026-09-26T17:54:19Z,219000809,54.880987,11.479320,8.8,Under way using engine
2026-09-26T17:54:29Z,219000811,54.838730,11.491817,0.0,Under way using engine
2026-09-26T17:54:34Z,219002177,54.917327,11.371035,6.3,Under way using engine
2026-09-26T17:54:49Z,219000809,54.881270,11.481393,8.9,Under way using engine
2026-09-26T17:54:59Z,219000811,54.838728,11.491813,0.0,Under way using engine
2026-09-26T17:55:04Z,219002177,54.918132,11.371253,6.2,Under way using engine
2026-09-26T17:55:19Z,219000809,54.882027,11.482958,8.4,Under way using engine
2026-09-26T17:55:29Z,219000811,54.838728,11.491810,0.0,Under way using engine
2026-09-26T17:55:54Z,219002177,54.919715,11.371273,7.1,Under way using engine
2026-09-26T17:55:57Z,219000809,54.883273,11.483203,6.0,Under way using engine
2026-09-26T17:55:59Z,219000811,54.838727,11.491812,0.0,Under way using engine
2026-09-26T17:56:25Z,219002177,54.920758,11.371260,7.4,Under way using engine
2026-09-26T17:56:28Z,219000809,54.883925,11.483220,4.0,Under way using engine
2026-09-26T17:56:29Z,219000811,54.838725,11.491812,0.0,Under way using engine
2026-09-26T17:56:59Z,219000811,54.838723,11.491812,0.0,Under way using engine
2026-09-26T17:57:04Z,219002177,54.922145,11.371265,7.8,Under way using engine
2026-09-26T17:57:08Z,219000809,54.884235,11.483237,0.9,Under way using engine
2026-09-26T17:57:29Z,219000811,54.838723,11.491817,0.0,Under way using engine
2026-09-26T17:57:39Z,219000809,54.884293,11.483217,0.0,Under way using engine
2026-09-26T17:57:54Z,219002177,54.923990,11.371205,8.1,Under way using engine
2026-09-26T17:57:59Z,219000811,54.838722,11.491817,0.0,Under way using engine
2026-09-26T17:58:19Z,219000809,54.884307,11.483220,0.2,Under way using engine
2026-09-26T17:58:24Z,219002177,54.925102,11.371148,8.2,Under way using engine
2026-09-26T17:58:29Z,219000811,54.838722,11.491818,0.0,Under way using engine
2026-09-26T17:58:54Z,219002177,54.926240,11.371100,8.2,Under way using engine
2026-09-26T17:58:59Z,219000811,54.838722,11.491817,0.0,Under way using engine
2026-09-26T17:59:08Z,219000809,54.884312,11.483217,0.0,Under way using engine
2026-09-26T17:59:24Z,219002177,54.927382,11.371033,8.2,Under way using engine
2026-09-26T17:59:29Z,219000811,54.838720,11.491815,0.0,Under way using engine
2026-09-26T17:59:39Z,219000809,54.884308,11.483212,0.0,Under way using engine
2026-09-26T17:59:54Z,219002177,54.928520,11.371008,8.2,Under way using engine
2026-09-26T17:59:59Z,219000811,54.838717,11.491813,0.0,Under way using engine
2026-09-26T18:00:19Z,219000809,54.884318,11.483215,0.0,Under way using engine
2026-09-26T18:00:24Z,219002177,54.929655,11.370950,8.2,Under way using engine
2026-09-26T18:00:29Z,219000811,54.838718,11.491812,0.0,Under way using engine
2026-09-26T18:00:54Z,219002177,54.930788,11.370890,8.1,Under way using engine
2026-09-26T18:00:58Z,219000809,54.884318,11.483212,0.0,Under way using engine
2026-09-26T18:01:10Z,219000811,54.838717,11.491810,0.0,Under way using engine
2026-09-26T18:01:24Z,219002177,54.931892,11.370820,7.8,Under way using engine
2026-09-26T18:01:28Z,219000809,54.884047,11.483278,3.2,Under way using engine
2026-09-26T18:01:40Z,219000811,54.838720,11.491810,0.0,Under way using engine
2026-09-26T18:01:54Z,219002177,54.932910,11.370843,7.1,Under way using engine
2026-09-26T18:01:58Z,219000809,54.883275,11.483365,6.3,Under way using engine
2026-09-26T18:02:10Z,219000811,54.838722,11.491813,0.0,Under way using engine
2026-09-26T18:02:25Z,219002177,54.933843,11.371013,6.2,Under way using engine
2026-09-26T18:02:28Z,219000809,54.882543,11.483525,4.6,Under way using engine
2026-09-26T18:02:40Z,219000811,54.838718,11.491813,0.0,Under way using engine
2026-09-26T18:02:58Z,219000809,54.882285,11.483652,1.2,Under way using engine
2026-09-26T18:03:05Z,219002177,54.934817,11.371330,4.8,Under way using engine
2026-09-26T18:03:10Z,219000811,54.838715,11.491813,0.0,Under way using engine
2026-09-26T18:03:28Z,219000809,54.881897,11.482842,5.9,Under way using engine
2026-09-26T18:03:40Z,219000811,54.838715,11.491815,0.0,Under way using engine
2026-09-26T18:03:44Z,219002177,54.935440,11.371602,2.6,Under way using engine
2026-09-26T18:03:58Z,219000809,54.881137,11.481568,8.1,Under way using engine
2026-09-26T18:04:10Z,219000811,54.838713,11.491817,0.0,Under way using engine
2026-09-26T18:04:25Z,219002177,54.935750,11.371767,1.3,Under way using engine
2026-09-26T18:04:28Z,219000809,54.880587,11.479747,8.6,Under way using engine
2026-09-26T18:04:40Z,219000811,54.838715,11.491820,0.0,Under way using engine
2026-09-26T18:04:58Z,219000809,54.880473,11.477672,8.8,Under way using engine
2026-09-26T18:05:05Z,219002177,54.935900,11.371915,0.9,Under way using engine
2026-09-26T18:05:10Z,219000811,54.838715,11.491820,0.0,Under way using engine
2026-09-26T18:05:28Z,219000809,54.880460,11.475530,9.0,Under way using engine
2026-09-26T18:05:40Z,219000811,54.838717,11.491822,0.0,Under way using engine
2026-09-26T18:05:45Z,219002177,54.935957,11.371985,0.0,Under way using engine
2026-09-26T18:05:58Z,219000809,54.880718,11.473432,9.0,Under way using engine
2026-09-26T18:06:19Z,219000811,54.838715,11.491823,0.0,Under way using engine
2026-09-26T18:06:25Z,219002177,54.935965,11.371980,0.0,Under way using engine
2026-09-26T18:06:28Z,219000809,54.881172,11.471378,9.1,Under way using engine
2026-09-26T18:06:49Z,219000811,54.838715,11.491823,0.0,Under way using engine
2026-09-26T18:06:55Z,219002177,54.935965,11.371965,0.0,Under way using engine
2026-09-26T18:06:58Z,219000809,54.881632,11.469313,9.2,Under way using engine
2026-09-26T18:07:19Z,219000811,54.838715,11.491823,0.0,Under way using engine
2026-09-26T18:07:25Z,219002177,54.935968,11.371992,0.0,Under way using engine
2026-09-26T18:07:28Z,219000809,54.882135,11.467263,9.2,Under way using engine
2026-09-26T18:07:49Z,219000811,54.838715,11.491823,0.0,Under way using engine
2026-09-26T18:07:55Z,219002177,54.935967,11.371985,0.0,Under way using engine
2026-09-26T18:07:58Z,219000809,54.882828,11.465393,9.3,Under way using engine
2026-09-26T18:08:19Z,219000811,54.838715,11.491822,0.0,Under way using engine
2026-09-26T18:08:25Z,219002177,54.935955,11.371992,0.0,Under way using engine
2026-09-26T18:08:28Z,219000809,54.883663,11.463702,9.3,Under way using engine
2026-09-26T18:08:50Z,219000811,54.838713,11.491820,0.0,Under way using engine
2026-09-26T18:08:55Z,219002177,54.935957,11.371977,0.0,Under way using engine
2026-09-26T18:08:58Z,219000809,54.884597,11.462145,9.3,Under way using engine
2026-09-26T18:09:25Z,219002177,54.935958,11.371987,0.0,Under way using engine
2026-09-26T18:09:28Z,219000809,54.885528,11.460595,9.4,Under way using engine
2026-09-26T18:09:29Z,219000811,54.838712,11.491823,0.0,Under way using engine
2026-09-26T18:09:55Z,219002177,54.935965,11.371975,0.0,Under way using engine
2026-09-26T18:09:58Z,219000809,54.886490,11.459005,9.5,Under way using engine
2026-09-26T18:09:59Z,219000811,54.838712,11.491830,0.0,Under way using engine
2026-09-26T18:10:28Z,219000809,54.887392,11.457345,9.5,Under way using engine
2026-09-26T18:10:29Z,219000811,54.838710,11.491830,0.0,Under way using engine
2026-09-26T18:10:35Z,219002177,54.935960,11.371987,0.0,Under way using engine
2026-09-26T18:10:58Z,219000809,54.888182,11.455515,9.5,Under way using engine
2026-09-26T18:10:59Z,219000811,54.838712,11.491830,0.0,Under way using engine
2026-09-26T18:11:14Z,219002177,54.935938,11.371992,0.0,Under way using engine
2026-09-26T18:11:28Z,219000809,54.888958,11.453680,9.4,Under way using engine
2026-09-26T18:11:29Z,219000811,54.838713,11.491828,0.0,Under way using engine
2026-09-26T18:11:54Z,219002177,54.935953,11.371988,0.0,Under way using engine
2026-09-26T18:11:58Z,219000809,54.889712,11.451848,9.3,Under way using engine
2026-09-26T18:11:59Z,219000811,54.838715,11.491828,0.0,Under way using engine
2026-09-26T18:12:24Z,219002177,54.935953,11.371982,0.0,Under way using engine
2026-09-26T18:12:29Z,219000811,54.838717,11.491827,0.0,Under way using engine
2026-09-26T18:12:39Z,219000809,54.890623,11.449295,9.1,Under way using engine
2026-09-26T18:12:54Z,219002177,54.935967,11.371972,0.0,Under way using engine
2026-09-26T18:12:59Z,219000811,54.838720,11.491825,0.0,Under way using engine
2026-09-26T18:13:19Z,219000809,54.891475,11.446775,9.1,Under way using engine
2026-09-26T18:13:24Z,219002177,54.935967,11.371963,0.0,Under way using engine
2026-09-26T18:13:30Z,219000811,54.838720,11.491823,0.0,Under way using engine
2026-09-26T18:13:54Z,219002177,54.935968,11.371967,0.0,Under way using engine
2026-09-26T18:13:58Z,219000809,54.892317,11.444342,9.1,Under way using engine
2026-09-26T18:14:09Z,219000811,54.838718,11.491825,0.0,Under way using engine
2026-09-26T18:14:24Z,219002177,54.935973,11.371970,0.0,Under way using engine
2026-09-26T18:14:39Z,219000809,54.893205,11.441743,9.2,Under way using engine
2026-09-26T18:14:39Z,219000811,54.838718,11.491825,0.0,Under way using engine
2026-09-26T18:14:54Z,219002177,54.935965,11.371972,0.0,Under way using engine
2026-09-26T18:15:09Z,219000811,54.838718,11.491827,0.0,Under way using engine
2026-09-26T18:15:19Z,219000809,54.894055,11.439153,9.3,Under way using engine
2026-09-26T18:15:24Z,219002177,54.935960,11.371982,0.0,Under way using engine
2026-09-26T18:15:39Z,219000811,54.838720,11.491827,0.0,Under way using engine
2026-09-26T18:15:54Z,219002177,54.935940,11.371972,0.3,Under way using engine
2026-09-26T18:15:59Z,219000809,54.894957,11.436573,9.4,Under way using engine
2026-09-26T18:16:09Z,219000811,54.838722,11.491827,0.0,Under way using engine
2026-09-26T18:16:24Z,219002177,54.935803,11.371867,2.0,Under way using engine
2026-09-26T18:16:38Z,219000809,54.895802,11.434007,9.5,Under way using engine
2026-09-26T18:16:39Z,219000811,54.838722,11.491830,0.0,Under way using engine
2026-09-26T18:16:54Z,219002177,54.935340,11.371507,4.3,Under way using engine
2026-09-26T18:17:09Z,219000811,54.838722,11.491828,0.0,Under way using engine
2026-09-26T18:17:19Z,219000809,54.896713,11.431318,9.5,Under way using engine
2026-09-26T18:17:24Z,219002177,54.934695,11.370915,5.7,Under way using engine
2026-09-26T18:17:39Z,219000811,54.838720,11.491825,0.0,Under way using engine
2026-09-26T18:17:54Z,219002177,54.933848,11.370637,6.4,Under way using engine
2026-09-26T18:17:59Z,219000809,54.897590,11.428688,9.5,Under way using engine
2026-09-26T18:18:09Z,219000811,54.838717,11.491825,0.0,Under way using engine
2026-09-26T18:18:24Z,219002177,54.932900,11.370773,7.1,Under way using engine
2026-09-26T18:18:38Z,219000809,54.898442,11.426137,9.4,Under way using engine
2026-09-26T18:18:39Z,219000811,54.838717,11.491820,0.0,Under way using engine
2026-09-26T18:18:54Z,219002177,54.931898,11.370882,7.4,Under way using engine
2026-09-26T18:19:09Z,219000809,54.899128,11.424140,9.4,Under way using engine
2026-09-26T18:19:09Z,219000811,54.838718,11.491818,0.0,Under way using engine
2026-09-26T18:19:24Z,219002177,54.930850,11.371028,7.6,Under way using engine
2026-09-26T18:19:40Z,219000811,54.838722,11.491822,0.0,Under way using engine
2026-09-26T18:19:47Z,219000809,54.899977,11.421677,9.4,Under way using engine
2026-09-26T18:19:54Z,219002177,54.929807,11.371158,7.6,Under way using engine
2026-09-26T18:20:19Z,219000809,54.900690,11.419618,9.4,Under way using engine
2026-09-26T18:20:19Z,219000811,54.838725,11.491822,0.0,Under way using engine
2026-09-26T18:20:34Z,219002177,54.928403,11.371340,7.6,Under way using engine
2026-09-26T18:20:49Z,219000811,54.838728,11.491822,0.0,Under way using engine
2026-09-26T18:20:58Z,219000809,54.901420,11.417008,9.3,Under way using engine
2026-09-26T18:21:05Z,219002177,54.927310,11.371483,7.6,Under way using engine
2026-09-26T18:21:19Z,219000811,54.838733,11.491823,0.0,Under way using engine
2026-09-26T18:21:28Z,219000809,54.901857,11.414895,9.3,Under way using engine
2026-09-26T18:21:44Z,219002177,54.925945,11.371520,7.5,Under way using engine
2026-09-26T18:21:49Z,219000811,54.838735,11.491823,0.0,Under way using engine
2026-09-26T18:21:58Z,219000809,54.902277,11.412780,9.3,Under way using engine
2026-09-26T18:22:14Z,219002177,54.924902,11.371548,7.6,Under way using engine
2026-09-26T18:22:19Z,219000811,54.838737,11.491825,0.0,Under way using engine
2026-09-26T18:22:28Z,219000809,54.902728,11.410663,9.4,Under way using engine
2026-09-26T18:22:44Z,219002177,54.923862,11.371570,7.6,Under way using engine
2026-09-26T18:22:49Z,219000811,54.838735,11.491828,0.0,Under way using engine
2026-09-26T18:22:58Z,219000809,54.903150,11.408560,9.3,Under way using engine
2026-09-26T18:23:14Z,219002177,54.922798,11.371612,7.6,Under way using engine
2026-09-26T18:23:19Z,219000811,54.838733,11.491830,0.0,Under way using engine
2026-09-26T18:23:28Z,219000809,54.903603,11.406565,9.2,Under way using engine
2026-09-26T18:23:44Z,219002177,54.921757,11.371615,7.6,Under way using engine
2026-09-26T18:23:49Z,219000811,54.838732,11.491828,0.0,Under way using engine
2026-09-26T18:23:58Z,219000809,54.904240,11.404558,9.2,Under way using engine
2026-09-26T18:24:14Z,219002177,54.920708,11.371645,7.5,Under way using engine
2026-09-26T18:24:19Z,219000811,54.838727,11.491827,0.0,Under way using engine
2026-09-26T18:24:28Z,219000809,54.904885,11.402723,9.2,Under way using engine
2026-09-26T18:24:44Z,219002177,54.919695,11.371573,7.3,Under way using engine
2026-09-26T18:24:49Z,219000811,54.838725,11.491828,0.0,Under way using engine
2026-09-26T18:24:58Z,219000809,54.905540,11.400747,9.2,Under way using engine
2026-09-26T18:25:19Z,219000811,54.838725,11.491828,0.0,Under way using engine
2026-09-26T18:25:23Z,219002177,54.918395,11.371405,7.3,Under way using engine
2026-09-26T18:25:28Z,219000809,54.906170,11.398902,9.2,Under way using engine
2026-09-26T18:25:49Z,219000811,54.838727,11.491827,0.0,Under way using engine
2026-09-26T18:25:55Z,219002177,54.917340,11.371052,7.1,Under way using engine
2026-09-26T18:25:58Z,219000809,54.906865,11.396957,9.2,Under way using engine
2026-09-26T18:26:19Z,219000811,54.838730,11.491827,0.0,Under way using engine
2026-09-26T18:26:28Z,219000809,54.907620,11.395267,9.3,Under way using engine
2026-09-26T18:26:34Z,219002177,54.916728,11.369470,6.2,Under way using engine
2026-09-26T18:26:50Z,219000811,54.838727,11.491823,0.0,Under way using engine
2026-09-26T18:26:58Z,219000809,54.908475,11.393493,9.3,Under way using engine
2026-09-26T18:27:04Z,219002177,54.916637,11.367873,6.8,Under way using engine
2026-09-26T18:27:28Z,219000809,54.909272,11.391835,9.3,Under way using engine
2026-09-26T18:27:29Z,219000811,54.838727,11.491820,0.0,Under way using engine
2026-09-26T18:27:34Z,219002177,54.916492,11.366215,7.0,Under way using engine
2026-09-26T18:27:58Z,219000809,54.910133,11.390065,9.3,Under way using engine
2026-09-26T18:28:00Z,219000811,54.838722,11.491817,0.0,Under way using engine
2026-09-26T18:28:04Z,219002177,54.916402,11.364562,6.7,Under way using engine
2026-09-26T18:28:28Z,219000809,54.910930,11.388377,9.4,Under way using engine
2026-09-26T18:28:39Z,219000811,54.838720,11.491817,0.0,Under way using engine
2026-09-26T18:28:44Z,219002177,54.916348,11.362683,5.3,Under way using engine
2026-09-26T18:28:58Z,219000809,54.911798,11.386595,9.4,Under way using engine
2026-09-26T18:29:10Z,219000811,54.838722,11.491817,0.0,Under way using engine
2026-09-26T18:29:28Z,219000809,54.912607,11.384918,9.4,Under way using engine
2026-09-26T18:29:34Z,219002177,54.916318,11.361308,2.2,Under way using engine
2026-09-26T18:29:50Z,219000811,54.838725,11.491818,0.0,Under way using engine
2026-09-26T18:29:58Z,219000809,54.913455,11.383093,9.4,Under way using engine
2026-09-26T18:30:04Z,219002177,54.916355,11.360947,1.2,Under way using engine
2026-09-26T18:30:23Z,219000811,54.838727,11.491820,0.0,Under way using engine
2026-09-26T18:30:34Z,219002177,54.916365,11.360743,0.7,Under way using engine
2026-09-26T18:30:38Z,219000809,54.914395,11.380555,9.4,Under way using engine
2026-09-26T18:30:58Z,219000811,54.838732,11.491827,0.0,Under way using engine
2026-09-26T18:31:04Z,219002177,54.916357,11.360597,0.6,Under way using engine
2026-09-26T18:31:08Z,219000809,54.915035,11.378685,9.4,Under way using engine
2026-09-26T18:31:29Z,219000811,54.838733,11.491828,0.0,Under way using engine
2026-09-26T18:31:34Z,219002177,54.916355,11.360580,0.0,Under way using engine
2026-09-26T18:31:38Z,219000809,54.915718,11.376680,9.3,Under way using engine
2026-09-26T18:32:04Z,219002177,54.916358,11.360577,0.0,Under way using engine
2026-09-26T18:32:08Z,219000809,54.916227,11.374703,9.2,Under way using engine
2026-09-26T18:32:10Z,219000811,54.838733,11.491827,0.0,Under way using engine
2026-09-26T18:32:38Z,219000809,54.916443,11.372525,8.9,Under way using engine
2026-09-26T18:32:44Z,219002177,54.916362,11.360580,0.0,Under way using engine
2026-09-26T18:32:50Z,219000811,54.838732,11.491825,0.0,Under way using engine
2026-09-26T18:33:08Z,219000809,54.916615,11.370485,8.8,Under way using engine
2026-09-26T18:33:14Z,219002177,54.916367,11.360588,0.0,Under way using engine
2026-09-26T18:33:30Z,219000811,54.838735,11.491825,0.0,Under way using engine
2026-09-26T18:33:38Z,219000809,54.916635,11.368258,9.0,Under way using engine
2026-09-26T18:33:44Z,219002177,54.916365,11.360585,0.0,Under way using engine
2026-09-26T18:34:08Z,219000809,54.916525,11.366180,8.9,Under way using engine
2026-09-26T18:34:09Z,219000811,54.838733,11.491822,0.0,Under way using engine
2026-09-26T18:34:14Z,219002177,54.916363,11.360582,0.0,Under way using engine
2026-09-26T18:34:38Z,219000809,54.916390,11.363978,8.9,Under way using engine
2026-09-26T18:34:44Z,219002177,54.916352,11.360583,0.0,Under way using engine
2026-09-26T18:34:49Z,219000811,54.838733,11.491818,0.0,Under way using engine
2026-09-26T18:35:08Z,219000809,54.916185,11.362055,7.5,Under way using engine
2026-09-26T18:35:14Z,219002177,54.916355,11.360580,0.0,Under way using engine
2026-09-26T18:35:19Z,219000811,54.838732,11.491815,0.0,Under way using engine
2026-09-26T18:35:38Z,219000809,54.916060,11.360840,4.0,Under way using engine
2026-09-26T18:35:44Z,219002177,54.916348,11.360580,0.0,Under way using engine
2026-09-26T18:35:49Z,219000811,54.838733,11.491812,0.0,Under way using engine
2026-09-26T18:36:08Z,219000809,54.915962,11.360510,0.7,Under way using engine
2026-09-26T18:36:19Z,219000811,54.838733,11.491813,0.0,Under way using engine
2026-09-26T18:36:24Z,219002177,54.916355,11.360578,0.0,Under way using engine
2026-09-26T18:36:38Z,219000809,54.916012,11.360417,0.9,Under way using engine
2026-09-26T18:36:49Z,219000811,54.838735,11.491817,0.0,Under way using engine
2026-09-26T18:36:55Z,219002177,54.916362,11.360570,0.0,Under way using engine
2026-09-26T18:37:08Z,219000809,54.916040,11.360207,0.9,Under way using engine
2026-09-26T18:37:19Z,219000811,54.838733,11.491818,0.0,Under way using engine
2026-09-26T18:37:33Z,219002177,54.916367,11.360573,0.0,Under way using engine
2026-09-26T18:37:38Z,219000809,54.916075,11.360080,0.6,Under way using engine
2026-09-26T18:37:49Z,219000811,54.838733,11.491815,0.0,Under way using engine
2026-09-26T18:38:04Z,219002177,54.916372,11.360565,0.0,Under way using engine
2026-09-26T18:38:08Z,219000809,54.916085,11.360040,0.1,Under way using engine
2026-09-26T18:38:19Z,219000811,54.838732,11.491815,0.0,Under way using engine
2026-09-26T18:38:39Z,219000809,54.916090,11.360040,0.0,Under way using engine
2026-09-26T18:38:44Z,219002177,54.916367,11.360560,0.0,Under way using engine
2026-09-26T18:38:49Z,219000811,54.838730,11.491817,0.0,Under way using engine
2026-09-26T18:39:19Z,219000809,54.916082,11.360042,0.0,Under way using engine
2026-09-26T18:39:19Z,219000811,54.838727,11.491817,0.0,Under way using engine
2026-09-26T18:39:24Z,219002177,54.916357,11.360562,0.0,Under way using engine
2026-09-26T18:39:49Z,219000811,54.838722,11.491817,0.0,Under way using engine
2026-09-26T18:39:54Z,219002177,54.916357,11.360562,0.0,Under way using engine
2026-09-26T18:39:58Z,219000809,54.916058,11.360057,0.0,Under way using engine
2026-09-26T18:40:19Z,219000811,54.838718,11.491818,0.0,Under way using engine
2026-09-26T18:40:24Z,219002177,54.916352,11.360562,0.0,Under way using engine
2026-09-26T18:40:28Z,219000809,54.916068,11.360040,0.0,Under way using engine
2026-09-26T18:40:49Z,219000811,54.838715,11.491818,0.0,Under way using engine
2026-09-26T18:40:54Z,219002177,54.916353,11.360572,0.0,Under way using engine
2026-09-26T18:40:58Z,219000809,54.916078,11.360047,0.0,Under way using engine
2026-09-26T18:41:19Z,219000811,54.838720,11.491822,0.0,Under way using engine
2026-09-26T18:41:25Z,219002177,54.916350,11.360568,0.0,Under way using engine
2026-09-26T18:41:28Z,219000809,54.916077,11.360025,0.0,Under way using engine
2026-09-26T18:41:49Z,219000811,54.838722,11.491823,0.0,Under way using engine
2026-09-26T18:42:04Z,219002177,54.916350,11.360565,0.0,Under way using engine
2026-09-26T18:42:08Z,219000809,54.916070,11.360027,0.0,Under way using engine
2026-09-26T18:42:19Z,219000811,54.838723,11.491823,0.0,Under way using engine
2026-09-26T18:42:39Z,219000809,54.916072,11.360042,0.0,Under way using engine
2026-09-26T18:42:49Z,219000811,54.838725,11.491823,0.0,Under way using engine
2026-09-26T18:42:54Z,219002177,54.916353,11.360557,0.0,Under way using engine
2026-09-26T18:43:18Z,219000809,54.916085,11.360035,0.0,Under way using engine
2026-09-26T18:43:19Z,219000811,54.838727,11.491823,0.0,Under way using engine
2026-09-26T18:43:25Z,219002177,54.916357,11.360558,0.0,Under way using engine
2026-09-26T18:43:48Z,219000809,54.916078,11.360035,0.0,Under way using engine
2026-09-26T18:43:49Z,219000811,54.838725,11.491820,0.0,Under way using engine
2026-09-26T18:44:04Z,219002177,54.916360,11.360570,0.0,Under way using engine
2026-09-26T18:44:18Z,219000809,54.916063,11.360027,0.0,Under way using engine
2026-09-26T18:44:19Z,219000811,54.838728,11.491818,0.0,Under way using engine
2026-09-26T18:44:35Z,219002177,54.916352,11.360572,0.0,Under way using engine
2026-09-26T18:44:48Z,219000809,54.916063,11.360032,0.0,Under way using engine
2026-09-26T18:44:49Z,219000811,54.838727,11.491818,0.0,Under way using engine
2026-09-26T18:45:05Z,219002177,54.916362,11.360580,0.0,Under way using engine
2026-09-26T18:45:18Z,219000809,54.916068,11.360043,0.0,Under way using engine
2026-09-26T18:45:19Z,219000811,54.838725,11.491817,0.0,Under way using engine
2026-09-26T18:45:35Z,219002177,54.916370,11.360580,0.0,Under way using engine
2026-09-26T18:45:49Z,219000811,54.838727,11.491817,0.0,Under way using engine
2026-09-26T18:45:57Z,219000809,54.916093,11.360028,0.0,Under way using engine
2026-09-26T18:46:05Z,219002177,54.916385,11.360567,0.0,Under way using engine
2026-09-26T18:46:19Z,219000811,54.838730,11.491817,0.0,Under way using engine
2026-09-26T18:46:29Z,219000809,54.916085,11.360032,0.0,Under way using engine
2026-09-26T18:46:35Z,219002177,54.916382,11.360573,0.0,Under way using engine
2026-09-26T18:46:49Z,219000811,54.838730,11.491815,0.0,Under way using engine
2026-09-26T18:47:05Z,219002177,54.916372,11.360578,0.0,Under way using engine
2026-09-26T18:47:08Z,219000809,54.916090,11.360022,0.0,Under way using engine
2026-09-26T18:47:19Z,219000811,54.838728,11.491813,0.0,Under way using engine
2026-09-26T18:47:35Z,219002177,54.916372,11.360572,0.0,Under way using engine
2026-09-26T18:47:47Z,219000809,54.916100,11.360025,0.0,Under way using engine
2026-09-26T18:47:49Z,219000811,54.838728,11.491810,0.0,Under way using engine
2026-09-26T18:48:05Z,219002177,54.916358,11.360568,0.0,Under way using engine
2026-09-26T18:48:19Z,219000809,54.916100,11.360025,0.0,Under way using engine
2026-09-26T18:48:19Z,219000811,54.838725,11.491808,0.0,Under way using engine
2026-09-26T18:48:35Z,219002177,54.916353,11.360562,0.0,Under way using engine
2026-09-26T18:48:49Z,219000811,54.838725,11.491810,0.0,Under way using engine
2026-09-26T18:48:59Z,219000809,54.916082,11.360040,0.0,Under way using engine
2026-09-26T18:49:05Z,219002177,54.916352,11.360558,0.0,Under way using engine
2026-09-26T18:49:19Z,219000811,54.838725,11.491810,0.0,Under way using engine
2026-09-26T18:49:29Z,219000809,54.916105,11.360022,0.0,Under way using engine
2026-09-26T18:49:49Z,219000811,54.838722,11.491810,0.0,Under way using engine
2026-09-26T18:49:54Z,219002177,54.916348,11.360537,0.0,Under way using engine
2026-09-26T18:49:59Z,219000809,54.916097,11.360018,0.0,Under way using engine
2026-09-26T18:50:19Z,219000811,54.838720,11.491815,0.0,Under way using engine
2026-09-26T18:50:24Z,219002177,54.916362,11.360563,0.2,Under way using engine
2026-09-26T18:50:29Z,219000809,54.916093,11.360015,0.0,Under way using engine
2026-09-26T18:50:49Z,219000811,54.838717,11.491818,0.0,Under way using engine
2026-09-26T18:50:54Z,219002177,54.916342,11.360908,2.4,Under way using engine
2026-09-26T18:50:59Z,219000809,54.916083,11.360012,0.0,Under way using engine
2026-09-26T18:51:19Z,219000811,54.838720,11.491818,0.0,Under way using engine
2026-09-26T18:51:24Z,219002177,54.916332,11.361857,4.6,Under way using engine
2026-09-26T18:51:29Z,219000809,54.916070,11.360032,0.0,Under way using engine
2026-09-26T18:51:49Z,219000811,54.838722,11.491817,0.0,Under way using engine
2026-09-26T18:51:54Z,219002177,54.916362,11.363200,6.0,Under way using engine
2026-09-26T18:51:59Z,219000809,54.916068,11.360025,0.0,Under way using engine
2026-09-26T18:52:19Z,219000811,54.838722,11.491817,0.0,Under way using engine
2026-09-26T18:52:24Z,219002177,54.916467,11.364772,6.8,Under way using engine
2026-09-26T18:52:37Z,219000809,54.916062,11.360055,0.0,Under way using engine
2026-09-26T18:52:50Z,219000811,54.838722,11.491818,0.0,Under way using engine
2026-09-26T18:52:54Z,219002177,54.916582,11.366517,7.4,Under way using engine
2026-09-26T18:53:08Z,219000809,54.916087,11.360060,0.0,Under way using engine
2026-09-26T18:53:24Z,219002177,54.916793,11.368310,7.6,Under way using engine
2026-09-26T18:53:28Z,219000811,54.838725,11.491818,0.0,Under way using engine
2026-09-26T18:53:49Z,219000809,54.916077,11.360050,0.0,Under way using engine
2026-09-26T18:53:55Z,219002177,54.916997,11.370202,7.7,Under way using engine
2026-09-26T18:53:59Z,219000811,54.838722,11.491820,0.0,Under way using engine
2026-09-26T18:54:28Z,219000809,54.916073,11.360042,0.0,Under way using engine
2026-09-26T18:54:34Z,219002177,54.917872,11.371385,6.3,Under way using engine
2026-09-26T18:54:40Z,219000811,54.838718,11.491822,0.0,Under way using engine
2026-09-26T18:54:59Z,219000809,54.916093,11.360040,0.0,Under way using engine
2026-09-26T18:55:15Z,219002177,54.919190,11.371417,7.2,Under way using engine
2026-09-26T18:55:18Z,219000811,54.838720,11.491825,0.0,Under way using engine
2026-09-26T18:55:39Z,219000809,54.916097,11.360008,0.0,Under way using engine
2026-09-26T18:55:50Z,219000811,54.838722,11.491825,0.0,Under way using engine
2026-09-26T18:55:55Z,219002177,54.920568,11.371423,7.7,Under way using engine
2026-09-26T18:56:11Z,219000809,54.916088,11.360030,0.1,Under way using engine
2026-09-26T18:56:25Z,219002177,54.921635,11.371395,8.0,Under way using engine
2026-09-26T18:56:30Z,219000811,54.838723,11.491823,0.0,Under way using engine
2026-09-26T18:56:49Z,219000809,54.916078,11.360032,0.0,Under way using engine
2026-09-26T18:56:55Z,219002177,54.922805,11.371373,8.2,Under way using engine
2026-09-26T18:57:00Z,219000811,54.838723,11.491823,0.0,Under way using engine
2026-09-26T18:57:25Z,219002177,54.923910,11.371355,8.3,Under way using engine
2026-09-26T18:57:28Z,219000809,54.916082,11.360032,0.0,Under way using engine
2026-09-26T18:57:30Z,219000811,54.838722,11.491818,0.0,Under way using engine
2026-09-26T18:57:59Z,219000809,54.916083,11.360033,0.0,Under way using engine
2026-09-26T18:58:00Z,219000811,54.838725,11.491818,0.0,Under way using engine
2026-09-26T18:58:03Z,219002177,54.925438,11.371352,8.4,Under way using engine
2026-09-26T18:58:30Z,219000811,54.838727,11.491817,0.0,Under way using engine
2026-09-26T18:58:34Z,219002177,54.926658,11.371318,8.5,Under way using engine
2026-09-26T18:58:39Z,219000809,54.916078,11.360035,0.0,Under way using engine
2026-09-26T18:59:00Z,219000811,54.838728,11.491817,0.0,Under way using engine
2026-09-26T18:59:17Z,219000809,54.916092,11.360027,0.0,Under way using engine
2026-09-26T18:59:25Z,219002177,54.928607,11.371275,8.5,Under way using engine
2026-09-26T18:59:30Z,219000811,54.838728,11.491813,0.0,Under way using engine
2026-09-26T18:59:47Z,219000809,54.916105,11.360028,0.0,Under way using engine
2026-09-26T19:00:00Z,219000811,54.838728,11.491817,0.0,Under way using engine
2026-09-26T19:00:04Z,219002177,54.930182,11.371245,8.5,Under way using engine
2026-09-26T19:00:17Z,219000809,54.916057,11.360467,4.0,Under way using engine
2026-09-26T19:00:34Z,219002177,54.931302,11.371227,8.5,Under way using engine
2026-09-26T19:00:39Z,219000811,54.838728,11.491815,0.0,Under way using engine
2026-09-26T19:00:47Z,219000809,54.916175,11.362197,7.9,Under way using engine
2026-09-26T19:01:04Z,219002177,54.932488,11.371175,8.1,Under way using engine
2026-09-26T19:01:09Z,219000811,54.838727,11.491813,0.0,Under way using engine
2026-09-26T19:01:18Z,219000809,54.916385,11.364282,8.7,Under way using engine
2026-09-26T19:01:34Z,219002177,54.933510,11.371113,7.1,Under way using engine
2026-09-26T19:01:39Z,219000811,54.838727,11.491813,0.0,Under way using engine
2026-09-26T19:01:48Z,219000809,54.916498,11.366447,9.1,Under way using engine
2026-09-26T19:02:04Z,219002177,54.934425,11.371240,6.2,Under way using engine
2026-09-26T19:02:09Z,219000811,54.838727,11.491813,0.0,Under way using engine
2026-09-26T19:02:19Z,219000809,54.916660,11.368633,9.2,Under way using engine
2026-09-26T19:02:34Z,219002177,54.935137,11.371478,5.0,Under way using engine
2026-09-26T19:02:39Z,219000811,54.838728,11.491812,0.0,Under way using engine
2026-09-26T19:02:58Z,219000809,54.916812,11.371532,9.2,Under way using engine
2026-09-26T19:03:04Z,219002177,54.935585,11.371690,2.5,Under way using engine
2026-09-26T19:03:10Z,219000811,54.838728,11.491812,0.0,Under way using engine
2026-09-26T19:03:29Z,219000809,54.916468,11.373583,8.7,Under way using engine
2026-09-26T19:03:34Z,219002177,54.935782,11.371788,1.1,Under way using engine
2026-09-26T19:03:50Z,219000811,54.838730,11.491810,0.0,Under way using engine
2026-09-26T19:04:09Z,219000809,54.915400,11.375870,9.3,Under way using engine
2026-09-26T19:04:15Z,219002177,54.935923,11.371938,0.8,Under way using engine
2026-09-26T19:04:20Z,219000811,54.838728,11.491812,0.0,Under way using engine
2026-09-26T19:04:39Z,219000809,54.914558,11.377650,9.2,Under way using engine
2026-09-26T19:04:50Z,219000811,54.838727,11.491812,0.0,Under way using engine
2026-09-26T19:04:54Z,219002177,54.935980,11.371970,0.0,Under way using engine
2026-09-26T19:05:09Z,219000809,54.913775,11.379315,9.2,Under way using engine
2026-09-26T19:05:20Z,219000811,54.838727,11.491815,0.0,Under way using engine
2026-09-26T19:05:24Z,219002177,54.935992,11.371960,0.0,Under way using engine
2026-09-26T19:05:39Z,219000809,54.912953,11.381068,9.2,Under way using engine
2026-09-26T19:05:50Z,219000811,54.838725,11.491817,0.0,Under way using engine
2026-09-26T19:06:04Z,219002177,54.935958,11.371975,0.0,Under way using engine
2026-09-26T19:06:09Z,219000809,54.912153,11.382700,9.2,Under way using engine
2026-09-26T19:06:20Z,219000811,54.838723,11.491818,0.0,Under way using engine
2026-09-26T19:06:35Z,219002177,54.935973,11.371970,0.0,Under way using engine
2026-09-26T19:06:39Z,219000809,54.911322,11.384450,9.1,Under way using engine
2026-09-26T19:06:50Z,219000811,54.838727,11.491820,0.0,Under way using engine
2026-09-26T19:07:09Z,219000809,54.910570,11.386152,9.2,Under way using engine
2026-09-26T19:07:15Z,219002177,54.935975,11.371968,0.0,Under way using engine
2026-09-26T19:07:20Z,219000811,54.838727,11.491820,0.0,Under way using engine
2026-09-26T19:07:39Z,219000809,54.909805,11.388008,9.3,Under way using engine
2026-09-26T19:07:45Z,219002177,54.935978,11.371968,0.0,Under way using engine
2026-09-26T19:08:00Z,219000811,54.838725,11.491820,0.0,Under way using engine
2026-09-26T19:08:13Z,219000809,54.909153,11.389843,9.3,Under way using engine
2026-09-26T19:08:24Z,219002177,54.935990,11.371975,0.1,Under way using engine
2026-09-26T19:08:30Z,219000811,54.838725,11.491822,0.0,Under way using engine
2026-09-26T19:08:49Z,219000809,54.908462,11.392642,9.3,Under way using engine
2026-09-26T19:09:00Z,219000811,54.838725,11.491823,0.0,Under way using engine
2026-09-26T19:09:04Z,219002177,54.935983,11.371983,0.0,Under way using engine
2026-09-26T19:09:29Z,219000809,54.907987,11.395477,9.3,Under way using engine
2026-09-26T19:09:35Z,219002177,54.935988,11.371978,0.0,Under way using engine
2026-09-26T19:09:39Z,219000811,54.838727,11.491822,0.0,Under way using engine
2026-09-26T19:09:59Z,219000809,54.908332,11.397470,8.9,Under way using engine
2026-09-26T19:10:10Z,219000811,54.838728,11.491822,0.0,Under way using engine
2026-09-26T19:10:14Z,219002177,54.935983,11.371973,0.0,Under way using engine
2026-09-26T19:10:29Z,219000809,54.909048,11.399383,9.2,Under way using engine
2026-09-26T19:10:45Z,219002177,54.935968,11.371985,0.0,Under way using engine
2026-09-26T19:10:49Z,219000811,54.838730,11.491822,0.0,Under way using engine
2026-09-26T19:10:59Z,219000809,54.909782,11.401143,9.3,Under way using engine
2026-09-26T19:11:20Z,219000811,54.838730,11.491822,0.0,Under way using engine
2026-09-26T19:11:24Z,219002177,54.935995,11.371968,0.1,Under way using engine
2026-09-26T19:11:29Z,219000809,54.910523,11.403070,9.3,Under way using engine
2026-09-26T19:11:55Z,219002177,54.935982,11.371972,0.0,Under way using engine
2026-09-26T19:11:59Z,219000809,54.911243,11.404833,9.3,Under way using engine
2026-09-26T19:12:00Z,219000811,54.838728,11.491820,0.0,Under way using engine
2026-09-26T19:12:29Z,219000809,54.912018,11.406708,9.3,Under way using engine
2026-09-26T19:12:34Z,219002177,54.935972,11.371963,0.0,Under way using engine
2026-09-26T19:12:39Z,219000811,54.838727,11.491817,0.0,Under way using engine
2026-09-26T19:13:04Z,219002177,54.935967,11.371962,0.1,Under way using engine
2026-09-26T19:13:08Z,219000809,54.913068,11.409007,9.4,Under way using engine
2026-09-26T19:13:10Z,219000811,54.838728,11.491817,0.0,Under way using engine
2026-09-26T19:13:34Z,219002177,54.935977,11.371942,0.1,Under way using engine
2026-09-26T19:13:38Z,219000809,54.913808,11.410840,9.3,Under way using engine
2026-09-26T19:13:48Z,219000811,54.838730,11.491818,0.0,Under way using engine
2026-09-26T19:14:04Z,219002177,54.935962,11.371965,0.0,Under way using engine
2026-09-26T19:14:08Z,219000809,54.914632,11.412590,9.4,Under way using engine
2026-09-26T19:14:20Z,219000811,54.838727,11.491818,0.0,Under way using engine
2026-09-26T19:14:34Z,219002177,54.935922,11.372007,0.0,Under way using engine
2026-09-26T19:14:38Z,219000809,54.915398,11.414380,9.3,Under way using engine
2026-09-26T19:14:59Z,219000811,54.838728,11.491822,0.0,Under way using engine
2026-09-26T19:15:04Z,219002177,54.935960,11.371982,0.1,Under way using engine
2026-09-26T19:15:08Z,219000809,54.916202,11.416135,9.2,Under way using engine
2026-09-26T19:15:29Z,219000811,54.838733,11.491822,0.0,Under way using engine
2026-09-26T19:15:34Z,219002177,54.935812,11.371902,2.0,Under way using engine
2026-09-26T19:15:38Z,219000809,54.916985,11.417892,9.3,Under way using engine
2026-09-26T19:15:59Z,219000811,54.838733,11.491822,0.0,Under way using engine
2026-09-26T19:16:04Z,219002177,54.935328,11.371503,4.6,Under way using engine
2026-09-26T19:16:08Z,219000809,54.917800,11.419655,9.4,Under way using engine
2026-09-26T19:16:29Z,219000811,54.838733,11.491822,0.0,Under way using engine
2026-09-26T19:16:34Z,219002177,54.934593,11.370913,6.4,Under way using engine
2026-09-26T19:16:38Z,219000809,54.918590,11.421420,9.3,Under way using engine
2026-09-26T19:16:59Z,219000811,54.838735,11.491820,0.0,Under way using engine
2026-09-26T19:17:04Z,219002177,54.933620,11.370588,7.6,Under way using engine
2026-09-26T19:17:08Z,219000809,54.919395,11.423158,9.3,Under way using engine
2026-09-26T19:17:29Z,219000811,54.838733,11.491820,0.0,Under way using engine
2026-09-26T19:17:34Z,219002177,54.932505,11.370615,8.2,Under way using engine
2026-09-26T19:17:38Z,219000809,54.920200,11.424898,9.3,Under way using engine
2026-09-26T19:17:59Z,219000811,54.838728,11.491813,0.0,Under way using engine
2026-09-26T19:18:04Z,219002177,54.931352,11.370602,8.4,Under way using engine
2026-09-26T19:18:08Z,219000809,54.920990,11.426677,9.3,Under way using engine
2026-09-26T19:18:34Z,219002177,54.930198,11.370660,8.4,Under way using engine
2026-09-26T19:18:38Z,219000809,54.921797,11.428387,9.2,Under way using engine
2026-09-26T19:18:40Z,219000811,54.838733,11.491810,0.0,Under way using engine
2026-09-26T19:19:04Z,219002177,54.929033,11.370765,8.5,Under way using engine
2026-09-26T19:19:08Z,219000809,54.922600,11.430130,9.3,Under way using engine
2026-09-26T19:19:10Z,219000811,54.838737,11.491810,0.0,Under way using engine
2026-09-26T19:19:34Z,219002177,54.927863,11.370880,8.4,Under way using engine
2026-09-26T19:19:38Z,219000809,54.923382,11.431833,9.0,Under way using engine
2026-09-26T19:19:40Z,219000811,54.838737,11.491810,0.0,Under way using engine
2026-09-26T19:20:04Z,219002177,54.926695,11.370998,8.5,Under way using engine
2026-09-26T19:20:08Z,219000809,54.924188,11.433547,9.3,Under way using engine
2026-09-26T19:20:10Z,219000811,54.838735,11.491810,0.0,Under way using engine
2026-09-26T19:20:34Z,219002177,54.925525,11.371138,8.5,Under way using engine
2026-09-26T19:20:38Z,219000809,54.924983,11.435302,9.2,Under way using engine
2026-09-26T19:20:40Z,219000811,54.838733,11.491813,0.0,Under way using engine
2026-09-26T19:21:04Z,219002177,54.924348,11.371270,8.5,Under way using engine
2026-09-26T19:21:08Z,219000809,54.925805,11.437002,9.2,Under way using engine
2026-09-26T19:21:10Z,219000811,54.838732,11.491810,0.0,Under way using engine
2026-09-26T19:21:34Z,219002177,54.923173,11.371398,8.5,Under way using engine
2026-09-26T19:21:38Z,219000809,54.926610,11.438728,9.2,Under way using engine
2026-09-26T19:21:40Z,219000811,54.838733,11.491810,0.0,Under way using engine
2026-09-26T19:22:04Z,219002177,54.921988,11.371525,8.5,Under way using engine
2026-09-26T19:22:10Z,219000811,54.838740,11.491812,0.0,Under way using engine
2026-09-26T19:22:18Z,219000809,54.927697,11.441002,9.2,Under way using engine
2026-09-26T19:22:34Z,219002177,54.920830,11.371653,8.4,Under way using engine
2026-09-26T19:22:40Z,219000811,54.838747,11.491812,0.0,Under way using engine
2026-09-26T19:22:57Z,219000809,54.928703,11.443258,9.2,Under way using engine
2026-09-26T19:23:04Z,219002177,54.919678,11.371790,8.3,Under way using engine
2026-09-26T19:23:19Z,219000811,54.838740,11.491808,0.0,Under way using engine
2026-09-26T19:23:29Z,219000809,54.929582,11.445040,9.1,Under way using engine
2026-09-26T19:23:34Z,219002177,54.918542,11.371767,8.2,Under way using engine
2026-09-26T19:23:49Z,219000811,54.838735,11.491807,0.0,Under way using engine
2026-09-26T19:24:04Z,219002177,54.917475,11.371277,7.9,Under way using engine
2026-09-26T19:24:07Z,219000809,54.930562,11.447190,9.0,Under way using engine
2026-09-26T19:24:19Z,219000811,54.838733,11.491808,0.0,Under way using engine
2026-09-26T19:24:34Z,219002177,54.916797,11.370043,7.2,Under way using engine
2026-09-26T19:24:37Z,219000809,54.931393,11.448878,9.2,Under way using engine
2026-09-26T19:24:49Z,219000811,54.838733,11.491807,0.0,Under way using engine
2026-09-26T19:25:04Z,219002177,54.916633,11.368217,7.6,Under way using engine
2026-09-26T19:25:07Z,219000809,54.932197,11.450602,9.2,Under way using engine
2026-09-26T19:25:30Z,219000811,54.838728,11.491805,0.0,Under way using engine
2026-09-26T19:25:34Z,219002177,54.916555,11.366413,7.8,Under way using engine
2026-09-26T19:25:37Z,219000809,54.933010,11.452308,9.2,Under way using engine
2026-09-26T19:26:00Z,219000811,54.838730,11.491808,0.0,Under way using engine
2026-09-26T19:26:04Z,219002177,54.916427,11.364592,7.0,Under way using engine
2026-09-26T19:26:07Z,219000809,54.933738,11.454092,9.1,Under way using engine
2026-09-26T19:26:30Z,219000811,54.838730,11.491808,0.0,Under way using engine
2026-09-26T19:26:34Z,219002177,54.916372,11.363150,5.8,Under way using engine
2026-09-26T19:26:37Z,219000809,54.934328,11.456032,9.1,Under way using engine
2026-09-26T19:27:04Z,219002177,54.916338,11.361985,4.0,Under way using engine
2026-09-26T19:27:07Z,219000809,54.934882,11.457983,9.0,Under way using engine
2026-09-26T19:27:09Z,219000811,54.838733,11.491813,0.0,Under way using engine
2026-09-26T19:27:34Z,219002177,54.916347,11.361348,2.3,Under way using engine
2026-09-26T19:27:37Z,219000809,54.935433,11.459927,9.0,Under way using engine
2026-09-26T19:27:39Z,219000811,54.838730,11.491817,0.1,Under way using engine
2026-09-26T19:28:04Z,219002177,54.916355,11.360967,1.3,Under way using engine
2026-09-26T19:28:07Z,219000809,54.935990,11.461872,9.0,Under way using engine
2026-09-26T19:28:09Z,219000811,54.838725,11.491815,0.0,Under way using engine
2026-09-26T19:28:37Z,219000809,54.936540,11.463815,8.9,Under way using engine
2026-09-26T19:28:39Z,219000811,54.838720,11.491813,0.0,Under way using engine
2026-09-26T19:28:45Z,219002177,54.916340,11.360695,0.7,Under way using engine
2026-09-26T19:29:07Z,219000809,54.937100,11.465717,8.8,Under way using engine
2026-09-26T19:29:09Z,219000811,54.838720,11.491813,0.0,Under way using engine
2026-09-26T19:29:23Z,219002177,54.916335,11.360580,0.1,Under way using engine
2026-09-26T19:29:37Z,219000809,54.937642,11.467603,8.7,Under way using engine
2026-09-26T19:29:39Z,219000811,54.838717,11.491812,0.0,Under way using engine
2026-09-26T19:29:53Z,219002177,54.916335,11.360587,0.0,Under way using engine
2026-09-26T19:30:08Z,219000809,54.938237,11.469515,8.7,Under way using engine
2026-09-26T19:30:09Z,219000811,54.838723,11.491813,0.0,Under way using engine
2026-09-26T19:30:24Z,219002177,54.916328,11.360583,0.0,Under way using engine
2026-09-26T19:30:39Z,219000811,54.838728,11.491817,0.0,Under way using engine
2026-09-26T19:30:49Z,219000809,54.938988,11.472053,8.7,Under way using engine
2026-09-26T19:31:04Z,219002177,54.916332,11.360583,0.0,Under way using engine
2026-09-26T19:31:09Z,219000811,54.838737,11.491825,0.0,Under way using engine
2026-09-26T19:31:29Z,219000809,54.939760,11.474382,8.5,Under way using engine
2026-09-26T19:31:40Z,219000811,54.838738,11.491825,0.0,Under way using engine
2026-09-26T19:31:45Z,219002177,54.916328,11.360583,0.0,Under way using engine
2026-09-26T19:32:08Z,219000809,54.940765,11.476493,8.6,Under way using engine
2026-09-26T19:32:18Z,219000811,54.838735,11.491822,0.0,Under way using engine
2026-09-26T19:32:24Z,219002177,54.916328,11.360560,0.0,Under way using engine
2026-09-26T19:32:49Z,219000809,54.941830,11.478707,8.8,Under way using engine
2026-09-26T19:32:49Z,219000811,54.838732,11.491820,0.0,Under way using engine
2026-09-26T19:33:04Z,219002177,54.916335,11.360553,0.0,Under way using engine
2026-09-26T19:33:19Z,219000809,54.942667,11.480153,8.7,Under way using engine
2026-09-26T19:33:20Z,219000811,54.838730,11.491823,0.0,Under way using engine
2026-09-26T19:33:45Z,219002177,54.916318,11.360532,0.0,Under way using engine
2026-09-26T19:33:49Z,219000809,54.943825,11.480945,8.8,Under way using engine
2026-09-26T19:34:00Z,219000811,54.838730,11.491830,0.0,Under way using engine
2026-09-26T19:34:19Z,219000809,54.944950,11.481575,8.9,Under way using engine
2026-09-26T19:34:24Z,219002177,54.916347,11.360563,0.0,Under way using engine
2026-09-26T19:34:30Z,219000811,54.838732,11.491832,0.0,Under way using engine
2026-09-26T19:34:49Z,219000809,54.946188,11.482258,9.1,Under way using engine
2026-09-26T19:35:00Z,219000811,54.838727,11.491827,0.0,Under way using engine
2026-09-26T19:35:04Z,219002177,54.916345,11.360553,0.0,Under way using engine
2026-09-26T19:35:19Z,219000809,54.947348,11.482880,9.1,Under way using engine
2026-09-26T19:35:30Z,219000811,54.838733,11.491832,0.0,Under way using engine
2026-09-26T19:35:35Z,219002177,54.916360,11.360563,0.0,Under way using engine
2026-09-26T19:35:58Z,219000809,54.948945,11.483802,9.1,Under way using engine
2026-09-26T19:36:00Z,219000811,54.838735,11.491828,0.0,Under way using engine
2026-09-26T19:36:13Z,219002177,54.916360,11.360575,0.0,Under way using engine
2026-09-26T19:36:29Z,219000809,54.950160,11.484488,9.2,Under way using engine
2026-09-26T19:36:38Z,219000811,54.838733,11.491822,0.0,Under way using engine
2026-09-26T19:36:44Z,219002177,54.916358,11.360583,0.0,Under way using engine
2026-09-26T19:37:08Z,219000809,54.951770,11.485397,9.2,Under way using engine
2026-09-26T19:37:09Z,219000811,54.838728,11.491815,0.0,Under way using engine
2026-09-26T19:37:24Z,219002177,54.916340,11.360565,0.0,Under way using engine
2026-09-26T19:37:38Z,219000809,54.952988,11.486068,9.2,Under way using engine
2026-09-26T19:37:48Z,219000811,54.838745,11.491822,0.1,Under way using engine
2026-09-26T19:37:54Z,219002177,54.916335,11.360563,0.0,Under way using engine
2026-09-26T19:38:13Z,219000809,54.954160,11.486740,9.2,Under way using engine
2026-09-26T19:38:20Z,219000811,54.838750,11.491827,0.0,Under way using engine
2026-09-26T19:38:24Z,219002177,54.916327,11.360562,0.0,Under way using engine
2026-09-26T19:38:48Z,219000809,54.955800,11.487672,9.1,Under way using engine
2026-09-26T19:38:54Z,219002177,54.916335,11.360573,0.0,Under way using engine
2026-09-26T19:38:59Z,219000811,54.838745,11.491823,0.0,Under way using engine
2026-09-26T19:39:18Z,219000809,54.956987,11.488313,8.9,Under way using engine
2026-09-26T19:39:24Z,219002177,54.916333,11.360563,0.0,Under way using engine
2026-09-26T19:39:29Z,219000811,54.838727,11.491813,0.0,Under way using engine
2026-09-26T19:39:48Z,219000809,54.958182,11.489003,9.2,Under way using engine
2026-09-26T19:39:54Z,219002177,54.916338,11.360717,1.2,Under way using engine
2026-09-26T19:39:59Z,219000811,54.838727,11.491812,0.0,Under way using engine
2026-09-26T19:40:18Z,219000809,54.959393,11.489685,9.1,Under way using engine
2026-09-26T19:40:24Z,219002177,54.916300,11.361397,3.6,Under way using engine
2026-09-26T19:40:29Z,219000811,54.838732,11.491815,0.0,Under way using engine
2026-09-26T19:40:48Z,219000809,54.960588,11.490417,9.2,Under way using engine
2026-09-26T19:40:54Z,219002177,54.916327,11.362608,5.6,Under way using engine
2026-09-26T19:40:59Z,219000811,54.838738,11.491820,0.0,Under way using engine
2026-09-26T19:41:18Z,219000809,54.961815,11.491105,9.2,Under way using engine
2026-09-26T19:41:24Z,219002177,54.916368,11.364145,6.7,Under way using engine
2026-09-26T19:41:29Z,219000811,54.838743,11.491823,0.0,Under way using engine
2026-09-26T19:41:48Z,219000809,54.962935,11.492105,9.1,Under way using engine
2026-09-26T19:41:54Z,219002177,54.916477,11.365875,7.3,Under way using engine
2026-09-26T19:41:59Z,219000811,54.838740,11.491823,0.0,Under way using engine
2026-09-26T19:42:18Z,219000809,54.963967,11.493348,9.2,Under way using engine
2026-09-26T19:42:24Z,219002177,54.916632,11.367660,7.7,Under way using engine
2026-09-26T19:42:29Z,219000811,54.838738,11.491825,0.0,Under way using engine
2026-09-26T19:42:48Z,219000809,54.965055,11.494603,9.2,Under way using engine
2026-09-26T19:42:54Z,219002177,54.916810,11.369522,7.9,Under way using engine
2026-09-26T19:42:59Z,219000811,54.838738,11.491827,0.0,Under way using engine
2026-09-26T19:43:18Z,219000809,54.966127,11.495855,9.4,Under way using engine
2026-09-26T19:43:24Z,219002177,54.917192,11.371140,6.8,Under way using engine
2026-09-26T19:43:29Z,219000811,54.838743,11.491833,0.0,Under way using engine
2026-09-26T19:43:48Z,219000809,54.967193,11.497127,9.3,Under way using engine
2026-09-26T19:43:54Z,219002177,54.918063,11.371595,6.7,Under way using engine
2026-09-26T19:43:59Z,219000811,54.838743,11.491837,0.0,Under way using engine
2026-09-26T19:44:18Z,219000809,54.968253,11.498373,9.3,Under way using engine
2026-09-26T19:44:24Z,219002177,54.919047,11.371570,7.3,Under way using engine
2026-09-26T19:44:30Z,219000811,54.838737,11.491832,0.1,Under way using engine
2026-09-26T19:44:48Z,219000809,54.969322,11.499633,9.3,Under way using engine
2026-09-26T19:44:54Z,219002177,54.920090,11.371620,7.6,Under way using engine
2026-09-26T19:45:09Z,219000811,54.838732,11.491830,0.0,Under way using engine
2026-09-26T19:45:18Z,219000809,54.970290,11.501080,9.2,Under way using engine
2026-09-26T19:45:24Z,219002177,54.921153,11.371615,7.9,Under way using engine
2026-09-26T19:45:40Z,219000811,54.838732,11.491827,0.0,Under way using engine
2026-09-26T19:45:48Z,219000809,54.971162,11.502662,9.2,Under way using engine
2026-09-26T19:45:54Z,219002177,54.922273,11.371647,8.1,Under way using engine
2026-09-26T19:46:18Z,219000809,54.971985,11.504380,9.1,Under way using engine
2026-09-26T19:46:20Z,219000811,54.838745,11.491835,0.0,Under way using engine
2026-09-26T19:46:24Z,219002177,54.923423,11.371662,8.2,Under way using engine
2026-09-26T19:46:48Z,219000809,54.972348,11.506327,8.5,Under way using engine
2026-09-26T19:46:54Z,219002177,54.924565,11.371665,8.3,Under way using engine
2026-09-26T19:46:59Z,219000811,54.838743,11.491830,0.0,Under way using engine
2026-09-26T19:47:18Z,219000809,54.972263,11.508408,8.7,Under way using engine
2026-09-26T19:47:24Z,219002177,54.925708,11.371682,8.4,Under way using engine
2026-09-26T19:47:48Z,219000809,54.972055,11.510460,8.7,Under way using engine
2026-09-26T19:47:49Z,219000811,54.838738,11.491820,0.0,Under way using engine
2026-09-26T19:47:54Z,219002177,54.926865,11.371687,8.4,Under way using engine
2026-09-26T19:48:18Z,219000809,54.971917,11.512323,7.2,Under way using engine
2026-09-26T19:48:20Z,219000811,54.838740,11.491820,0.0,Under way using engine
2026-09-26T19:48:24Z,219002177,54.928040,11.371690,8.4,Under way using engine
2026-09-26T19:48:48Z,219000809,54.971905,11.513678,4.8,Under way using engine
2026-09-26T19:48:59Z,219000811,54.838743,11.491818,0.0,Under way using engine
2026-09-26T19:49:04Z,219002177,54.929545,11.371685,8.4,Under way using engine
2026-09-26T19:49:18Z,219000809,54.971913,11.514290,1.7,Under way using engine
2026-09-26T19:49:30Z,219000811,54.838743,11.491815,0.0,Under way using engine
2026-09-26T19:49:35Z,219002177,54.930752,11.371613,8.4,Under way using engine
2026-09-26T19:49:48Z,219000809,54.971912,11.514548,0.8,Under way using engine
2026-09-26T19:50:10Z,219000811,54.838747,11.491817,0.0,Under way using engine
2026-09-26T19:50:14Z,219002177,54.932267,11.371440,8.2,Under way using engine
2026-09-26T19:50:18Z,219000809,54.971905,11.514565,0.0,Under way using engine
2026-09-26T19:50:45Z,219002177,54.933385,11.371302,7.5,Under way using engine
2026-09-26T19:50:48Z,219000809,54.971910,11.514555,0.0,Under way using engine
2026-09-26T19:50:49Z,219000811,54.838750,11.491822,0.0,Under way using engine
2026-09-26T19:51:17Z,219002177,54.934215,11.371303,6.0,Under way using engine
2026-09-26T19:51:18Z,219000809,54.971963,11.514583,0.0,Under way using engine
2026-09-26T19:51:29Z,219000811,54.838743,11.491823,0.0,Under way using engine
2026-09-26T19:51:48Z,219000809,54.971923,11.514580,0.0,Under way using engine
2026-09-26T19:51:53Z,219002177,54.935093,11.371582,4.0,Under way using engine
2026-09-26T19:51:59Z,219000811,54.838735,11.491822,0.0,Under way using engine
2026-09-26T19:52:18Z,219000809,54.971930,11.514588,0.0,Under way using engine
2026-09-26T19:52:24Z,219002177,54.935510,11.371708,2.5,Under way using engine
2026-09-26T19:52:29Z,219000811,54.838733,11.491822,0.0,Under way using engine
2026-09-26T19:52:48Z,219000809,54.971925,11.514583,0.0,Under way using engine
2026-09-26T19:52:59Z,219000811,54.838733,11.491823,0.0,Under way using engine
2026-09-26T19:53:05Z,219002177,54.935813,11.371833,1.0,Under way using engine
2026-09-26T19:53:18Z,219000809,54.971930,11.514582,0.0,Under way using engine
2026-09-26T19:53:29Z,219000811,54.838732,11.491825,0.0,Under way using engine
2026-09-26T19:53:45Z,219002177,54.935947,11.371965,0.8,Under way using engine
2026-09-26T19:53:48Z,219000809,54.971930,11.514588,0.0,Under way using engine
2026-09-26T19:53:59Z,219000811,54.838728,11.491825,0.0,Under way using engine
2026-09-26T19:54:18Z,219000809,54.971948,11.514580,0.0,Under way using engine
2026-09-26T19:54:24Z,219002177,54.935945,11.371977,0.0,Under way using engine
2026-09-26T19:54:29Z,219000811,54.838723,11.491820,0.0,Under way using engine
2026-09-26T19:54:48Z,219000809,54.971943,11.514593,0.0,Under way using engine
2026-09-26T19:54:59Z,219000811,54.838725,11.491823,0.0,Under way using engine
2026-09-26T19:55:05Z,219002177,54.935972,11.371973,0.0,Under way using engine
2026-09-26T19:55:18Z,219000809,54.971935,11.514578,0.0,Under way using engine
2026-09-26T19:55:29Z,219000811,54.838720,11.491823,0.0,Under way using engine
2026-09-26T19:55:44Z,219002177,54.935973,11.371978,0.0,Under way using engine
2026-09-26T19:55:48Z,219000809,54.971960,11.514620,0.0,Under way using engine
2026-09-26T19:55:59Z,219000811,54.838728,11.491825,0.0,Under way using engine
2026-09-26T19:56:15Z,219002177,54.935973,11.371983,0.0,Under way using engine
2026-09-26T19:56:18Z,219000809,54.971925,11.514610,0.0,Under way using engine
2026-09-26T19:56:29Z,219000811,54.838723,11.491827,0.0,Under way using engine
2026-09-26T19:56:48Z,219000809,54.971933,11.514590,0.0,Under way using engine
2026-09-26T19:56:54Z,219002177,54.935965,11.371963,0.0,Under way using engine
2026-09-26T19:56:59Z,219000811,54.838720,11.491825,0.0,Under way using engine
2026-09-26T19:57:18Z,219000809,54.971957,11.514588,0.0,Under way using engine
2026-09-26T19:57:24Z,219002177,54.935985,11.371987,0.0,Under way using engine
2026-09-26T19:57:29Z,219000811,54.838718,11.491822,0.0,Under way using engine
2026-09-26T19:57:54Z,219002177,54.935977,11.371985,0.0,Under way using engine
2026-09-26T19:57:57Z,219000809,54.971948,11.514587,0.0,Under way using engine
2026-09-26T19:57:59Z,219000811,54.838718,11.491822,0.0,Under way using engine
2026-09-26T19:58:24Z,219002177,54.935993,11.372007,0.0,Under way using engine
2026-09-26T19:58:27Z,219000809,54.971932,11.514592,0.0,Under way using engine
2026-09-26T19:58:29Z,219000811,54.838718,11.491822,0.0,Under way using engine
2026-09-26T19:58:54Z,219002177,54.935987,11.371985,0.0,Under way using engine
2026-09-26T19:58:57Z,219000809,54.971942,11.514597,0.0,Under way using engine
2026-09-26T19:58:59Z,219000811,54.838723,11.491823,0.0,Under way using engine
2026-09-26T19:59:25Z,219002177,54.935998,11.371978,0.0,Under way using engine
2026-09-26T19:59:27Z,219000809,54.971920,11.514580,0.0,Under way using engine
2026-09-26T19:59:29Z,219000811,54.838725,11.491825,0.0,Under way using engine
2026-09-26T19:59:57Z,219000809,54.971887,11.514573,0.0,Under way using engine
2026-09-26T19:59:59Z,219000811,54.838727,11.491825,0.0,Under way using engine
2026-09-26T20:00:04Z,219002177,54.935965,11.371963,0.0,Under way using engine
2026-09-26T20:00:27Z,219000809,54.971910,11.514587,0.0,Under way using engine
2026-09-26T20:00:29Z,219000811,54.838728,11.491823,0.0,Under way using engine
2026-09-26T20:00:34Z,219002177,54.935983,11.371983,0.0,Under way using engine
2026-09-26T20:00:57Z,219000809,54.971853,11.514550,0.0,Under way using engine
2026-09-26T20:00:59Z,219000811,54.838730,11.491825,0.0,Under way using engine
2026-09-26T20:01:05Z,219002177,54.935977,11.371990,0.0,Under way using engine
2026-09-26T20:01:27Z,219000809,54.971873,11.514557,0.0,Under way using engine
2026-09-26T20:01:29Z,219000811,54.838733,11.491827,0.0,Under way using engine
2026-09-26T20:01:44Z,219002177,54.935995,11.372000,0.0,Under way using engine
2026-09-26T20:01:57Z,219000809,54.971887,11.514560,0.0,Under way using engine
2026-09-26T20:01:59Z,219000811,54.838732,11.491828,0.0,Under way using engine
2026-09-26T20:02:15Z,219002177,54.935990,11.372005,0.0,Under way using engine
2026-09-26T20:02:27Z,219000809,54.971933,11.514585,0.0,Under way using engine
2026-09-26T20:02:30Z,219000811,54.838732,11.491823,0.0,Under way using engine
2026-09-26T20:02:54Z,219002177,54.935963,11.371980,0.0,Under way using engine
2026-09-26T20:02:57Z,219000809,54.971935,11.514587,0.0,Under way using engine
2026-09-26T20:03:09Z,219000811,54.838728,11.491822,0.0,Under way using engine
2026-09-26T20:03:25Z,219002177,54.936000,11.371992,0.0,Under way using engine
2026-09-26T20:03:27Z,219000809,54.971922,11.514590,0.0,Under way using engine
2026-09-26T20:03:39Z,219000811,54.838730,11.491823,0.0,Under way using engine
2026-09-26T20:03:58Z,219000809,54.971922,11.514605,0.1,Under way using engine
2026-09-26T20:04:05Z,219002177,54.935995,11.371995,0.0,Under way using engine
2026-09-26T20:04:09Z,219000811,54.838733,11.491823,0.0,Under way using engine
2026-09-26T20:04:38Z,219000809,54.971952,11.514617,0.0,Under way using engine
2026-09-26T20:04:39Z,219000811,54.838737,11.491823,0.0,Under way using engine
2026-09-26T20:04:44Z,219002177,54.935998,11.371998,0.0,Under way using engine
2026-09-26T20:05:09Z,219000811,54.838740,11.491820,0.0,Under way using engine
2026-09-26T20:05:15Z,219002177,54.935987,11.371995,0.0,Under way using engine
2026-09-26T20:05:17Z,219000809,54.972012,11.514632,0.0,Under way using engine
2026-09-26T20:05:39Z,219000811,54.838740,11.491822,0.0,Under way using engine
2026-09-26T20:05:48Z,219000809,54.971993,11.514618,0.0,Under way using engine
2026-09-26T20:05:54Z,219002177,54.935988,11.371983,0.0,Under way using engine
2026-09-26T20:06:09Z,219000811,54.838738,11.491822,0.0,Under way using engine
2026-09-26T20:06:25Z,219002177,54.935990,11.371982,0.0,Under way using engine
2026-09-26T20:06:27Z,219000809,54.971982,11.514608,0.0,Under way using engine
2026-09-26T20:06:39Z,219000811,54.838740,11.491820,0.0,Under way using engine
2026-09-26T20:06:58Z,219000809,54.971987,11.514622,0.0,Under way using engine
2026-09-26T20:07:04Z,219002177,54.935997,11.371978,0.0,Under way using engine
2026-09-26T20:07:09Z,219000811,54.838740,11.491818,0.0,Under way using engine
2026-09-26T20:07:34Z,219002177,54.935995,11.371978,0.0,Under way using engine
2026-09-26T20:07:37Z,219000809,54.971943,11.514613,0.0,Under way using engine
2026-09-26T20:07:39Z,219000811,54.838742,11.491815,0.0,Under way using engine
2026-09-26T20:08:04Z,219002177,54.935990,11.371985,0.0,Under way using engine
2026-09-26T20:08:07Z,219000809,54.971938,11.514612,0.0,Under way using engine
2026-09-26T20:08:10Z,219000811,54.838747,11.491818,0.0,Under way using engine
2026-09-26T20:08:34Z,219002177,54.935975,11.371988,0.0,Under way using engine
2026-09-26T20:08:37Z,219000809,54.971932,11.514605,0.0,Under way using engine
2026-09-26T20:08:50Z,219000811,54.838750,11.491822,0.0,Under way using engine
2026-09-26T20:09:07Z,219000809,54.971945,11.514612,0.0,Under way using engine
2026-09-26T20:09:15Z,219002177,54.935968,11.371987,0.0,Under way using engine
2026-09-26T20:09:30Z,219000811,54.838753,11.491825,0.0,Under way using engine
2026-09-26T20:09:37Z,219000809,54.971942,11.514605,0.0,Under way using engine
2026-09-26T20:09:54Z,219002177,54.935982,11.371978,0.0,Under way using engine
2026-09-26T20:10:07Z,219000809,54.971947,11.514593,0.0,Under way using engine
2026-09-26T20:10:10Z,219000811,54.838747,11.491825,0.0,Under way using engine
2026-09-26T20:10:34Z,219002177,54.935983,11.371983,0.0,Under way using engine
2026-09-26T20:10:37Z,219000809,54.971965,11.514612,0.0,Under way using engine
2026-09-26T20:10:50Z,219000811,54.838747,11.491825,0.0,Under way using engine
2026-09-26T20:11:04Z,219002177,54.935980,11.371975,0.0,Under way using engine
2026-09-26T20:11:07Z,219000809,54.971958,11.514617,0.0,Under way using engine
2026-09-26T20:11:30Z,219000811,54.838743,11.491823,0.0,Under way using engine
2026-09-26T20:11:34Z,219002177,54.935975,11.371978,0.0,Under way using engine
2026-09-26T20:11:37Z,219000809,54.971937,11.514605,0.0,Under way using engine
2026-09-26T20:12:04Z,219002177,54.935980,11.371985,0.0,Under way using engine
2026-09-26T20:12:07Z,219000809,54.971917,11.514590,0.0,Under way using engine
2026-09-26T20:12:10Z,219000811,54.838748,11.491822,0.0,Under way using engine
2026-09-26T20:12:34Z,219002177,54.935973,11.371983,0.0,Under way using engine
2026-09-26T20:12:38Z,219000809,54.971908,11.514573,0.0,Under way using engine
2026-09-26T20:12:50Z,219000811,54.838753,11.491820,0.0,Under way using engine
2026-09-26T20:13:04Z,219002177,54.935978,11.371988,0.0,Under way using engine
2026-09-26T20:13:17Z,219000809,54.971887,11.514558,0.0,Under way using engine
2026-09-26T20:13:20Z,219000811,54.838753,11.491818,0.0,Under way using engine
2026-09-26T20:13:34Z,219002177,54.935975,11.371990,0.0,Under way using engine
2026-09-26T20:13:47Z,219000809,54.971892,11.514560,0.0,Under way using engine
2026-09-26T20:13:50Z,219000811,54.838752,11.491820,0.0,Under way using engine
2026-09-26T20:14:05Z,219002177,54.935965,11.371982,0.0,Under way using engine
2026-09-26T20:14:17Z,219000809,54.971892,11.514567,0.0,Under way using engine
2026-09-26T20:14:20Z,219000811,54.838747,11.491820,0.0,Under way using engine
2026-09-26T20:14:44Z,219002177,54.935978,11.371987,0.0,Under way using engine
2026-09-26T20:14:47Z,219000809,54.971898,11.514568,0.0,Under way using engine
2026-09-26T20:14:50Z,219000811,54.838735,11.491818,0.0,Under way using engine
2026-09-26T20:15:14Z,219002177,54.935980,11.371990,0.0,Under way using engine
2026-09-26T20:15:20Z,219000811,54.838728,11.491815,0.0,Under way using engine
2026-09-26T20:15:27Z,219000809,54.971908,11.514588,0.0,Under way using engine
2026-09-26T20:15:44Z,219002177,54.935982,11.371983,0.0,Under way using engine
2026-09-26T20:15:50Z,219000811,54.838727,11.491813,0.0,Under way using engine
2026-09-26T20:15:57Z,219000809,54.971930,11.514603,0.0,Under way using engine
2026-09-26T20:16:14Z,219002177,54.935977,11.371983,0.0,Under way using engine
2026-09-26T20:16:20Z,219000811,54.838720,11.491817,0.0,Under way using engine
2026-09-26T20:16:27Z,219000809,54.971927,11.514608,0.0,Under way using engine
2026-09-26T20:16:44Z,219002177,54.935977,11.371985,0.0,Under way using engine
2026-09-26T20:16:50Z,219000811,54.838730,11.491820,0.0,Under way using engine
2026-09-26T20:16:57Z,219000809,54.971918,11.514598,0.1,Under way using engine
2026-09-26T20:17:14Z,219002177,54.935977,11.371992,0.0,Under way using engine
2026-09-26T20:17:20Z,219000811,54.838728,11.491823,0.0,Under way using engine
2026-09-26T20:17:27Z,219000809,54.971913,11.514598,0.0,Under way using engine
2026-09-26T20:17:44Z,219002177,54.935985,11.372000,0.0,Under way using engine
2026-09-26T20:17:50Z,219000811,54.838730,11.491823,0.0,Under way using engine
2026-09-26T20:17:57Z,219000809,54.971898,11.514583,0.0,Under way using engine
2026-09-26T20:18:14Z,219002177,54.935973,11.371998,0.0,Under way using engine
2026-09-26T20:18:20Z,219000811,54.838732,11.491823,0.0,Under way using engine
2026-09-26T20:18:27Z,219000809,54.971908,11.514593,0.0,Under way using engine
2026-09-26T20:18:44Z,219002177,54.935977,11.371987,0.0,Under way using engine
2026-09-26T20:18:50Z,219000811,54.838735,11.491823,0.0,Under way using engine
2026-09-26T20:18:57Z,219000809,54.971905,11.514568,0.0,Under way using engine
2026-09-26T20:19:14Z,219002177,54.935980,11.371982,0.0,Under way using engine
2026-09-26T20:19:20Z,219000811,54.838740,11.491823,0.0,Under way using engine
2026-09-26T20:19:27Z,219000809,54.971907,11.514572,0.0,Under way using engine
2026-09-26T20:19:44Z,219002177,54.935980,11.371988,0.0,Under way using engine
2026-09-26T20:19:50Z,219000811,54.838745,11.491822,0.0,Under way using engine
2026-09-26T20:19:57Z,219000809,54.971915,11.514583,0.0,Under way using engine
2026-09-26T20:20:14Z,219002177,54.935973,11.371997,0.0,Under way using engine
2026-09-26T20:20:27Z,219000809,54.971918,11.514570,0.0,Under way using engine
2026-09-26T20:20:29Z,219000811,54.838732,11.491822,0.0,Under way using engine
2026-09-26T20:20:44Z,219002177,54.935982,11.371995,0.0,Under way using engine
2026-09-26T20:20:58Z,219000809,54.971932,11.514583,0.0,Under way using engine
2026-09-26T20:21:00Z,219000811,54.838735,11.491817,0.0,Under way using engine
2026-09-26T20:21:14Z,219002177,54.935992,11.371987,0.0,Under way using engine
2026-09-26T20:21:39Z,219000809,54.971928,11.514590,0.0,Under way using engine
2026-09-26T20:21:39Z,219000811,54.838732,11.491817,0.0,Under way using engine
2026-09-26T20:21:44Z,219002177,54.935988,11.371987,0.0,Under way using engine
2026-09-26T20:22:10Z,219000811,54.838742,11.491820,0.0,Under way using engine
2026-09-26T20:22:15Z,219002177,54.935977,11.371995,0.0,Under way using engine
2026-09-26T20:22:17Z,219000809,54.971912,11.514572,0.0,Under way using engine
2026-09-26T20:22:48Z,219000809,54.971907,11.514570,0.0,Under way using engine
2026-09-26T20:22:49Z,219000811,54.838753,11.491827,0.0,Under way using engine
2026-09-26T20:22:55Z,219002177,54.935975,11.371990,0.0,Under way using engine
2026-09-26T20:23:19Z,219000811,54.838753,11.491828,0.0,Under way using engine
2026-09-26T20:23:25Z,219002177,54.935970,11.371967,0.0,Under way using engine
2026-09-26T20:23:29Z,219000809,54.971927,11.514585,0.0,Under way using engine
2026-09-26T20:23:49Z,219000811,54.838750,11.491828,0.0,Under way using engine
2026-09-26T20:23:55Z,219002177,54.935970,11.371965,0.0,Under way using engine
2026-09-26T20:24:08Z,219000809,54.971928,11.514582,0.0,Under way using engine
2026-09-26T20:24:19Z,219000811,54.838743,11.491825,0.0,Under way using engine
2026-09-26T20:24:34Z,219002177,54.935968,11.371982,0.0,Under way using engine
2026-09-26T20:24:39Z,219000809,54.971925,11.514572,0.0,Under way using engine
2026-09-26T20:24:49Z,219000811,54.838738,11.491823,0.0,Under way using engine
2026-09-26T20:25:04Z,219002177,54.935977,11.371995,0.0,Under way using engine
2026-09-26T20:25:17Z,219000809,54.971928,11.514578,0.0,Under way using engine
2026-09-26T20:25:19Z,219000811,54.838735,11.491820,0.0,Under way using engine
2026-09-26T20:25:34Z,219002177,54.935987,11.372000,0.0,Under way using engine
2026-09-26T20:25:48Z,219000809,54.971922,11.514587,0.0,Under way using engine
2026-09-26T20:25:49Z,219000811,54.838733,11.491818,0.0,Under way using engine
2026-09-26T20:26:04Z,219002177,54.935983,11.371988,0.0,Under way using engine
2026-09-26T20:26:20Z,219000811,54.838728,11.491820,0.0,Under way using engine
2026-09-26T20:26:29Z,219000809,54.971928,11.514583,0.0,Under way using engine
2026-09-26T20:26:34Z,219002177,54.935973,11.371987,0.0,Under way using engine
2026-09-26T20:26:50Z,219000811,54.838728,11.491820,0.0,Under way using engine
2026-09-26T20:27:04Z,219002177,54.935977,11.371982,0.0,Under way using engine
2026-09-26T20:27:08Z,219000809,54.971925,11.514595,0.0,Under way using engine
2026-09-26T20:27:20Z,219000811,54.838725,11.491818,0.0,Under way using engine
2026-09-26T20:27:34Z,219002177,54.935980,11.371988,0.0,Under way using engine
2026-09-26T20:27:48Z,219000809,54.971937,11.514597,0.0,Under way using engine
2026-09-26T20:27:50Z,219000811,54.838727,11.491822,0.0,Under way using engine
2026-09-26T20:28:04Z,219002177,54.935965,11.371990,0.0,Under way using engine
2026-09-26T20:28:18Z,219000809,54.971922,11.514590,0.0,Under way using engine
2026-09-26T20:28:20Z,219000811,54.838728,11.491818,0.0,Under way using engine
2026-09-26T20:28:34Z,219002177,54.935965,11.371993,0.0,Under way using engine
2026-09-26T20:28:48Z,219000809,54.971918,11.514578,0.0,Under way using engine
2026-09-26T20:28:50Z,219000811,54.838725,11.491822,0.0,Under way using engine
2026-09-26T20:29:04Z,219002177,54.935970,11.371980,0.0,Under way using engine
2026-09-26T20:29:18Z,219000809,54.971925,11.514585,0.0,Under way using engine
2026-09-26T20:29:20Z,219000811,54.838727,11.491815,0.0,Under way using engine
2026-09-26T20:29:34Z,219002177,54.935980,11.371982,0.0,Under way using engine
2026-09-26T20:29:48Z,219000809,54.971923,11.514595,0.0,Under way using engine
2026-09-26T20:29:50Z,219000811,54.838725,11.491813,0.0,Under way using engine
2026-09-26T20:30:04Z,219002177,54.935985,11.371998,0.0,Under way using engine
2026-09-26T20:30:18Z,219000809,54.971915,11.514583,0.0,Under way using engine
2026-09-26T20:30:20Z,219000811,54.838725,11.491812,0.0,Under way using engine
2026-09-26T20:30:34Z,219002177,54.935980,11.372003,0.0,Under way using engine
2026-09-26T20:30:48Z,219000809,54.971912,11.514583,0.0,Under way using engine
2026-09-26T20:30:50Z,219000811,54.838732,11.491810,0.0,Under way using engine
2026-09-26T20:31:04Z,219002177,54.935972,11.371990,0.0,Under way using engine
2026-09-26T20:31:18Z,219000809,54.971920,11.514568,0.0,Under way using engine
2026-09-26T20:31:20Z,219000811,54.838728,11.491815,0.0,Under way using engine
2026-09-26T20:31:34Z,219002177,54.935968,11.371987,0.0,Under way using engine
2026-09-26T20:31:48Z,219000809,54.971913,11.514570,0.0,Under way using engine
2026-09-26T20:31:50Z,219000811,54.838720,11.491812,0.0,Under way using engine
2026-09-26T20:32:05Z,219002177,54.935980,11.371993,0.0,Under way using engine
2026-09-26T20:32:18Z,219000809,54.971898,11.514557,0.0,Under way using engine
2026-09-26T20:32:20Z,219000811,54.838718,11.491810,0.0,Under way using engine
2026-09-26T20:32:45Z,219002177,54.935980,11.371990,0.0,Under way using engine
2026-09-26T20:32:48Z,219000809,54.971897,11.514558,0.0,Under way using engine
2026-09-26T20:32:50Z,219000811,54.838718,11.491808,0.0,Under way using engine
2026-09-26T20:33:18Z,219000809,54.971902,11.514567,0.0,Under way using engine
2026-09-26T20:33:19Z,219002177,54.935972,11.371988,0.0,Under way using engine
2026-09-26T20:33:20Z,219000811,54.838720,11.491808,0.0,Under way using engine
2026-09-26T20:33:48Z,219000809,54.971913,11.514568,0.0,Under way using engine
2026-09-26T20:33:50Z,219000811,54.838720,11.491810,0.0,Under way using engine
2026-09-26T20:33:54Z,219002177,54.935963,11.371992,0.0,Under way using engine
2026-09-26T20:34:18Z,219000809,54.971922,11.514585,0.0,Under way using engine
2026-09-26T20:34:20Z,219000811,54.838720,11.491805,0.0,Under way using engine
2026-09-26T20:34:24Z,219002177,54.935972,11.371983,0.0,Under way using engine
2026-09-26T20:34:48Z,219000809,54.971937,11.514573,0.0,Under way using engine
2026-09-26T20:34:50Z,219000811,54.838722,11.491802,0.0,Under way using engine
2026-09-26T20:34:54Z,219002177,54.935973,11.371982,0.0,Under way using engine
2026-09-26T20:35:19Z,219000809,54.971918,11.514568,0.0,Under way using engine
2026-09-26T20:35:20Z,219000811,54.838732,11.491800,0.0,Under way using engine
2026-09-26T20:35:24Z,219002177,54.935978,11.371987,0.0,Under way using engine
2026-09-26T20:35:50Z,219000811,54.838735,11.491805,0.0,Under way using engine
2026-09-26T20:35:54Z,219002177,54.935983,11.371985,0.0,Under way using engine
2026-09-26T20:35:58Z,219000809,54.971925,11.514572,0.0,Under way using engine
2026-09-26T20:36:20Z,219000811,54.838737,11.491807,0.0,Under way using engine
2026-09-26T20:36:24Z,219002177,54.935985,11.371985,0.0,Under way using engine
2026-09-26T20:36:28Z,219000809,54.971932,11.514583,0.0,Under way using engine
2026-09-26T20:36:50Z,219000811,54.838748,11.491805,0.0,Under way using engine
2026-09-26T20:36:55Z,219002177,54.935983,11.371980,0.0,Under way using engine
2026-09-26T20:36:59Z,219000809,54.971928,11.514583,0.0,Under way using engine
2026-09-26T20:37:20Z,219000811,54.838735,11.491810,0.0,Under way using engine
2026-09-26T20:37:34Z,219002177,54.935975,11.371972,0.0,Under way using engine
2026-09-26T20:37:37Z,219000809,54.971917,11.514575,0.0,Under way using engine
2026-09-26T20:37:50Z,219000811,54.838733,11.491817,0.0,Under way using engine
2026-09-26T20:38:05Z,219002177,54.935975,11.371982,0.0,Under way using engine
2026-09-26T20:38:08Z,219000809,54.971910,11.514557,0.0,Under way using engine
2026-09-26T20:38:30Z,219000811,54.838733,11.491822,0.0,Under way using engine
2026-09-26T20:38:48Z,219000809,54.971918,11.514575,0.0,Under way using engine
2026-09-26T20:38:55Z,219002177,54.935975,11.372005,0.0,Under way using engine
2026-09-26T20:39:00Z,219000811,54.838732,11.491820,0.0,Under way using engine
2026-09-26T20:39:19Z,219000809,54.971920,11.514570,0.0,Under way using engine
2026-09-26T20:39:30Z,219000811,54.838732,11.491818,0.0,Under way using engine
2026-09-26T20:39:34Z,219002177,54.935973,11.371995,0.0,Under way using engine
2026-09-26T20:39:59Z,219000809,54.971920,11.514580,0.0,Under way using engine
2026-09-26T20:40:00Z,219000811,54.838728,11.491818,0.0,Under way using engine
2026-09-26T20:40:05Z,219002177,54.935983,11.372003,0.0,Under way using engine
2026-09-26T20:40:30Z,219000811,54.838727,11.491817,0.0,Under way using engine
2026-09-26T20:40:37Z,219000809,54.971915,11.514587,0.0,Under way using engine
2026-09-26T20:40:55Z,219002177,54.935993,11.371983,0.0,Under way using engine
2026-09-26T20:41:00Z,219000811,54.838727,11.491815,0.0,Under way using engine
2026-09-26T20:41:08Z,219000809,54.971910,11.514582,0.0,Under way using engine
2026-09-26T20:41:25Z,219002177,54.935990,11.371980,0.0,Under way using engine
2026-09-26T20:41:30Z,219000811,54.838732,11.491813,0.0,Under way using engine
2026-09-26T20:41:48Z,219000809,54.971927,11.514580,0.0,Under way using engine
2026-09-26T20:41:55Z,219002177,54.935988,11.371983,0.0,Under way using engine
2026-09-26T20:42:00Z,219000811,54.838732,11.491810,0.0,Under way using engine
2026-09-26T20:42:18Z,219000809,54.971923,11.514590,0.0,Under way using engine
2026-09-26T20:42:25Z,219002177,54.935992,11.371980,0.0,Under way using engine
2026-09-26T20:42:40Z,219000811,54.838730,11.491812,0.0,Under way using engine
2026-09-26T20:42:59Z,219000809,54.971917,11.514573,0.0,Under way using engine
2026-09-26T20:43:05Z,219002177,54.935978,11.371978,0.0,Under way using engine
2026-09-26T20:43:19Z,219000811,54.838728,11.491805,0.0,Under way using engine
2026-09-26T20:43:38Z,219000809,54.971903,11.514568,0.0,Under way using engine
2026-09-26T20:43:44Z,219002177,54.935975,11.371973,0.0,Under way using engine
2026-09-26T20:43:49Z,219000811,54.838727,11.491802,0.0,Under way using engine
2026-09-26T20:44:12Z,219000809,54.971912,11.514573,0.0,Under way using engine
2026-09-26T20:44:19Z,219000811,54.838728,11.491802,0.0,Under way using engine
2026-09-26T20:44:25Z,219002177,54.935980,11.371982,0.0,Under way using engine
2026-09-26T20:44:47Z,219000809,54.971910,11.514568,0.0,Under way using engine
2026-09-26T20:44:49Z,219000811,54.838730,11.491800,0.0,Under way using engine
2026-09-26T20:45:05Z,219002177,54.935977,11.371970,0.0,Under way using engine
2026-09-26T20:45:18Z,219000809,54.971912,11.514568,0.1,Under way using engine
2026-09-26T20:45:19Z,219000811,54.838728,11.491805,0.0,Under way using engine
2026-09-26T20:45:44Z,219002177,54.935987,11.371980,0.0,Under way using engine
2026-09-26T20:45:49Z,219000811,54.838727,11.491807,0.0,Under way using engine
2026-09-26T20:45:58Z,219000809,54.971918,11.514580,0.0,Under way using engine
2026-09-26T20:46:19Z,219000811,54.838725,11.491810,0.0,Under way using engine
2026-09-26T20:46:25Z,219002177,54.935992,11.371962,0.0,Under way using engine
2026-09-26T20:46:29Z,219000809,54.971920,11.514572,0.0,Under way using engine
2026-09-26T20:46:49Z,219000811,54.838722,11.491810,0.0,Under way using engine
2026-09-26T20:47:05Z,219002177,54.935987,11.371982,0.0,Under way using engine
2026-09-26T20:47:07Z,219000809,54.971920,11.514575,0.0,Under way using engine
2026-09-26T20:47:19Z,219000811,54.838720,11.491810,0.0,Under way using engine
2026-09-26T20:47:38Z,219000809,54.971925,11.514580,0.0,Under way using engine
2026-09-26T20:47:44Z,219002177,54.935975,11.371978,0.0,Under way using engine
2026-09-26T20:47:49Z,219000811,54.838718,11.491818,0.0,Under way using engine
2026-09-26T20:48:15Z,219002177,54.935978,11.371983,0.0,Under way using engine
2026-09-26T20:48:18Z,219000809,54.971923,11.514580,0.0,Under way using engine
2026-09-26T20:48:19Z,219000811,54.838717,11.491823,0.0,Under way using engine
2026-09-26T20:48:48Z,219000809,54.971918,11.514577,0.0,Under way using engine
2026-09-26T20:48:49Z,219000811,54.838718,11.491823,0.0,Under way using engine
2026-09-26T20:48:54Z,219002177,54.935978,11.371980,0.0,Under way using engine
2026-09-26T20:49:19Z,219000811,54.838720,11.491820,0.0,Under way using engine
2026-09-26T20:49:25Z,219002177,54.935977,11.371973,0.0,Under way using engine
2026-09-26T20:49:29Z,219000809,54.971915,11.514565,0.0,Under way using engine
2026-09-26T20:49:49Z,219000811,54.838723,11.491822,0.0,Under way using engine
2026-09-26T20:50:05Z,219002177,54.935962,11.372003,0.0,Under way using engine
2026-09-26T20:50:08Z,219000809,54.971917,11.514573,0.0,Under way using engine
2026-09-26T20:50:19Z,219000811,54.838723,11.491825,0.0,Under way using engine
2026-09-26T20:50:35Z,219002177,54.935968,11.371990,0.0,Under way using engine
2026-09-26T20:50:38Z,219000809,54.971910,11.514572,0.0,Under way using engine
2026-09-26T20:50:49Z,219000811,54.838722,11.491825,0.0,Under way using engine
2026-09-26T20:51:05Z,219002177,54.935977,11.371987,0.0,Under way using engine
2026-09-26T20:51:08Z,219000809,54.971905,11.514567,0.0,Under way using engine
2026-09-26T20:51:19Z,219000811,54.838722,11.491822,0.0,Under way using engine
2026-09-26T20:51:35Z,219002177,54.935978,11.371980,0.0,Under way using engine
2026-09-26T20:51:38Z,219000809,54.971912,11.514565,0.0,Under way using engine
2026-09-26T20:51:49Z,219000811,54.838723,11.491817,0.0,Under way using engine
2026-09-26T20:52:05Z,219002177,54.935972,11.371980,0.0,Under way using engine
2026-09-26T20:52:08Z,219000809,54.971918,11.514565,0.0,Under way using engine
2026-09-26T20:52:19Z,219000811,54.838722,11.491812,0.0,Under way using engine
2026-09-26T20:52:35Z,219002177,54.935970,11.371983,0.0,Under way using engine
2026-09-26T20:52:38Z,219000809,54.971922,11.514577,0.0,Under way using engine
2026-09-26T20:52:49Z,219000811,54.838723,11.491810,0.0,Under way using engine
2026-09-26T20:53:05Z,219002177,54.935985,11.371988,0.0,Under way using engine
2026-09-26T20:53:08Z,219000809,54.971920,11.514573,0.0,Under way using engine
2026-09-26T20:53:19Z,219000811,54.838727,11.491810,0.0,Under way using engine
2026-09-26T20:53:38Z,219000809,54.971915,11.514573,0.0,Under way using engine
2026-09-26T20:53:49Z,219000811,54.838730,11.491810,0.0,Under way using engine
2026-09-26T20:53:54Z,219002177,54.935987,11.371983,0.0,Under way using engine
2026-09-26T20:54:08Z,219000809,54.971922,11.514580,0.0,Under way using engine
2026-09-26T20:54:19Z,219000811,54.838732,11.491812,0.0,Under way using engine
2026-09-26T20:54:33Z,219002177,54.935975,11.371975,0.0,Under way using engine
2026-09-26T20:54:38Z,219000809,54.971925,11.514585,0.0,Under way using engine
2026-09-26T20:54:49Z,219000811,54.838732,11.491810,0.0,Under way using engine
2026-09-26T20:55:04Z,219002177,54.935982,11.371980,0.0,Under way using engine
2026-09-26T20:55:08Z,219000809,54.971933,11.514587,0.0,Under way using engine
2026-09-26T20:55:19Z,219000811,54.838730,11.491810,0.0,Under way using engine
2026-09-26T20:55:38Z,219000809,54.971927,11.514583,0.0,Under way using engine
2026-09-26T20:55:49Z,219000811,54.838730,11.491807,0.0,Under way using engine
2026-09-26T20:55:54Z,219002177,54.935995,11.371980,0.0,Under way using engine
2026-09-26T20:56:08Z,219000809,54.971915,11.514580,0.0,Under way using engine
2026-09-26T20:56:20Z,219000811,54.838730,11.491803,0.0,Under way using engine
2026-09-26T20:56:33Z,219002177,54.936002,11.371977,0.0,Under way using engine
2026-09-26T20:56:38Z,219000809,54.971920,11.514577,0.0,Under way using engine
2026-09-26T20:56:59Z,219000811,54.838730,11.491803,0.0,Under way using engine
2026-09-26T20:57:04Z,219002177,54.936005,11.371978,0.0,Under way using engine
2026-09-26T20:57:18Z,219000809,54.971915,11.514557,0.0,Under way using engine
2026-09-26T20:57:39Z,219000811,54.838732,11.491803,0.0,Under way using engine
2026-09-26T20:57:48Z,219000809,54.971917,11.514555,0.0,Under way using engine
2026-09-26T20:57:54Z,219002177,54.935983,11.371973,0.0,Under way using engine
2026-09-26T20:58:09Z,219000811,54.838732,11.491805,0.0,Under way using engine
2026-09-26T20:58:18Z,219000809,54.971923,11.514563,0.0,Under way using engine
2026-09-26T20:58:24Z,219002177,54.935980,11.371985,0.0,Under way using engine
2026-09-26T20:58:39Z,219000811,54.838733,11.491807,0.0,Under way using engine
2026-09-26T20:58:48Z,219000809,54.971918,11.514565,0.0,Under way using engine
2026-09-26T20:58:54Z,219002177,54.935995,11.371988,0.0,Under way using engine
2026-09-26T20:59:09Z,219000811,54.838733,11.491807,0.0,Under way using engine
2026-09-26T20:59:18Z,219000809,54.971913,11.514582,0.0,Under way using engine
2026-09-26T20:59:24Z,219002177,54.935997,11.371982,0.0,Under way using engine
2026-09-26T20:59:39Z,219000811,54.838732,11.491807,0.0,Under way using engine
2026-09-26T20:59:48Z,219000809,54.971922,11.514570,0.0,Under way using engine
2026-09-26T20:59:54Z,219002177,54.936008,11.371985,0.0,Under way using engine
2026-09-26T21:00:09Z,219000811,54.838727,11.491807,0.0,Under way using engine
2026-09-26T21:00:18Z,219000809,54.971910,11.514582,0.0,Under way using engine
2026-09-26T21:00:39Z,219000811,54.838727,11.491810,0.0,Under way using engine
2026-09-26T21:00:45Z,219002177,54.935990,11.371975,0.0,Under way using engine
2026-09-26T21:00:48Z,219000809,54.971915,11.514560,0.0,Under way using engine
2026-09-26T21:01:09Z,219000811,54.838725,11.491812,0.0,Under way using engine
2026-09-26T21:01:15Z,219002177,54.935983,11.371965,0.0,Under way using engine
2026-09-26T21:01:18Z,219000809,54.971915,11.514583,0.0,Under way using engine
2026-09-26T21:01:39Z,219000811,54.838723,11.491815,0.0,Under way using engine
2026-09-26T21:01:45Z,219002177,54.935997,11.371972,0.1,Under way using engine
2026-09-26T21:01:48Z,219000809,54.971915,11.514603,0.0,Under way using engine
2026-09-26T21:02:09Z,219000811,54.838722,11.491815,0.0,Under way using engine
2026-09-26T21:02:15Z,219002177,54.935992,11.371965,0.0,Under way using engine
2026-09-26T21:02:18Z,219000809,54.971908,11.514598,0.0,Under way using engine
2026-09-26T21:02:40Z,219000811,54.838720,11.491813,0.0,Under way using engine
2026-09-26T21:02:45Z,219002177,54.935978,11.371962,0.0,Under way using engine
2026-09-26T21:02:48Z,219000809,54.971917,11.514602,0.0,Under way using engine
2026-09-26T21:03:15Z,219002177,54.935957,11.371962,0.0,Under way using engine
2026-09-26T21:03:18Z,219000809,54.971917,11.514593,0.0,Under way using engine
2026-09-26T21:03:20Z,219000811,54.838720,11.491812,0.0,Under way using engine
2026-09-26T21:03:45Z,219002177,54.935965,11.371970,0.0,Under way using engine
2026-09-26T21:03:48Z,219000809,54.971920,11.514593,0.0,Under way using engine
2026-09-26T21:03:59Z,219000811,54.838723,11.491813,0.0,Under way using engine
2026-09-26T21:04:15Z,219002177,54.935965,11.371968,0.0,Under way using engine
2026-09-26T21:04:18Z,219000809,54.971912,11.514575,0.0,Under way using engine
2026-09-26T21:04:30Z,219000811,54.838723,11.491815,0.0,Under way using engine
2026-09-26T21:04:45Z,219002177,54.935987,11.371965,0.0,Under way using engine
2026-09-26T21:04:48Z,219000809,54.971922,11.514573,0.0,Under way using engine
2026-09-26T21:05:08Z,219000811,54.838723,11.491817,0.0,Under way using engine
2026-09-26T21:05:15Z,219002177,54.935977,11.371963,0.0,Under way using engine
2026-09-26T21:05:18Z,219000809,54.971920,11.514575,0.0,Under way using engine
2026-09-26T21:05:40Z,219000811,54.838723,11.491815,0.0,Under way using engine
2026-09-26T21:05:45Z,219002177,54.935972,11.371963,0.0,Under way using engine
2026-09-26T21:05:48Z,219000809,54.971908,11.514580,0.0,Under way using engine
2026-09-26T21:06:18Z,219000809,54.971910,11.514580,0.0,Under way using engine
2026-09-26T21:06:19Z,219000811,54.838725,11.491813,0.0,Under way using engine
2026-09-26T21:06:24Z,219002177,54.935983,11.372010,0.0,Under way using engine
2026-09-26T21:06:49Z,219000811,54.838723,11.491813,0.0,Under way using engine
2026-09-26T21:06:57Z,219000809,54.971913,11.514590,0.0,Under way using engine
2026-09-26T21:07:04Z,219002177,54.935972,11.372000,0.0,Under way using engine
2026-09-26T21:07:19Z,219000811,54.838725,11.491808,0.0,Under way using engine
2026-09-26T21:07:29Z,219000809,54.971923,11.514590,0.0,Under way using engine
2026-09-26T21:07:44Z,219002177,54.935970,11.372005,0.0,Under way using engine
2026-09-26T21:07:49Z,219000811,54.838727,11.491805,0.0,Under way using engine
2026-09-26T21:08:08Z,219000809,54.971913,11.514587,0.0,Under way using engine
2026-09-26T21:08:19Z,219000811,54.838727,11.491803,0.0,Under way using engine
2026-09-26T21:08:24Z,219002177,54.935970,11.371983,0.0,Under way using engine
2026-09-26T21:08:49Z,219000809,54.971915,11.514592,0.0,Under way using engine
2026-09-26T21:08:49Z,219000811,54.838727,11.491802,0.0,Under way using engine
2026-09-26T21:08:54Z,219002177,54.935967,11.371968,0.0,Under way using engine
2026-09-26T21:09:24Z,219002177,54.935963,11.371955,0.0,Under way using engine
2026-09-26T21:09:29Z,219000809,54.971923,11.514598,0.0,Under way using engine
2026-09-26T21:09:30Z,219000811,54.838723,11.491808,0.0,Under way using engine
2026-09-26T21:09:54Z,219002177,54.935965,11.371962,0.0,Under way using engine
2026-09-26T21:10:00Z,219000811,54.838723,11.491810,0.0,Under way using engine
2026-09-26T21:10:08Z,219000809,54.971920,11.514602,0.1,Under way using engine
2026-09-26T21:10:24Z,219002177,54.935955,11.371955,0.0,Under way using engine
2026-09-26T21:10:30Z,219000811,54.838720,11.491813,0.0,Under way using engine
2026-09-26T21:10:49Z,219000809,54.971913,11.514597,0.0,Under way using engine
2026-09-26T21:10:54Z,219002177,54.935960,11.371967,0.0,Under way using engine
2026-09-26T21:11:00Z,219000811,54.838718,11.491817,0.0,Under way using engine
2026-09-26T21:11:19Z,219000809,54.971905,11.514595,0.1,Under way using engine
2026-09-26T21:11:25Z,219002177,54.935958,11.371978,0.0,Under way using engine
2026-09-26T21:11:30Z,219000811,54.838718,11.491817,0.0,Under way using engine
2026-09-26T21:11:49Z,219000809,54.971912,11.514585,0.0,Under way using engine
2026-09-26T21:12:00Z,219000811,54.838722,11.491818,0.0,Under way using engine
2026-09-26T21:12:03Z,219002177,54.935960,11.371985,0.0,Under way using engine
2026-09-26T21:12:19Z,219000809,54.971915,11.514578,0.0,Under way using engine
2026-09-26T21:12:30Z,219000811,54.838722,11.491817,0.0,Under way using engine
2026-09-26T21:12:34Z,219002177,54.935960,11.371987,0.0,Under way using engine
2026-09-26T21:12:49Z,219000809,54.971932,11.514560,0.0,Under way using engine
2026-09-26T21:13:00Z,219000811,54.838723,11.491815,0.0,Under way using engine
2026-09-26T21:13:13Z,219002177,54.935962,11.371978,0.0,Under way using engine
2026-09-26T21:13:19Z,219000809,54.971915,11.514578,0.0,Under way using engine
2026-09-26T21:13:30Z,219000811,54.838725,11.491815,0.0,Under way using engine
2026-09-26T21:13:45Z,219002177,54.935972,11.371968,0.0,Under way using engine
2026-09-26T21:13:49Z,219000809,54.971923,11.514568,0.0,Under way using engine
2026-09-26T21:14:00Z,219000811,54.838727,11.491817,0.0,Under way using engine
2026-09-26T21:14:19Z,219000809,54.971927,11.514558,0.0,Under way using engine
2026-09-26T21:14:25Z,219002177,54.935963,11.371975,0.0,Under way using engine
2026-09-26T21:14:30Z,219000811,54.838727,11.491818,0.0,Under way using engine
2026-09-26T21:14:57Z,219000809,54.971927,11.514568,0.0,Under way using engine
2026-09-26T21:15:03Z,219002177,54.935968,11.371958,0.0,Under way using engine
2026-09-26T21:15:09Z,219000811,54.838727,11.491818,0.0,Under way using engine
2026-09-26T21:15:29Z,219000809,54.971922,11.514573,0.0,Under way using engine
2026-09-26T21:15:34Z,219002177,54.935970,11.371960,0.0,Under way using engine
2026-09-26T21:15:39Z,219000811,54.838728,11.491813,0.0,Under way using engine
2026-09-26T21:16:07Z,219000809,54.971925,11.514570,0.0,Under way using engine
2026-09-26T21:16:09Z,219000811,54.838727,11.491817,0.0,Under way using engine
2026-09-26T21:16:13Z,219002177,54.935973,11.371952,0.0,Under way using engine
2026-09-26T21:16:37Z,219000809,54.971927,11.514575,0.0,Under way using engine
2026-09-26T21:16:39Z,219000811,54.838727,11.491818,0.0,Under way using engine
2026-09-26T21:16:45Z,219002177,54.935977,11.371962,0.0,Under way using engine
2026-09-26T21:17:07Z,219000809,54.971922,11.514572,0.0,Under way using engine
2026-09-26T21:17:19Z,219000811,54.838728,11.491817,0.0,Under way using engine
2026-09-26T21:17:25Z,219002177,54.935968,11.371963,0.0,Under way using engine
2026-09-26T21:17:37Z,219000809,54.971918,11.514568,0.0,Under way using engine
2026-09-26T21:17:50Z,219000811,54.838730,11.491817,0.0,Under way using engine
2026-09-26T21:17:55Z,219002177,54.935965,11.371970,0.0,Under way using engine
2026-09-26T21:18:07Z,219000809,54.971918,11.514570,0.0,Under way using engine
2026-09-26T21:18:23Z,219000811,54.838735,11.491818,0.0,Under way using engine
2026-09-26T21:18:25Z,219002177,54.935967,11.371968,0.0,Under way using engine
2026-09-26T21:18:37Z,219000809,54.971917,11.514573,0.0,Under way using engine
2026-09-26T21:18:55Z,219002177,54.935968,11.371967,0.0,Under way using engine
2026-09-26T21:18:59Z,219000811,54.838733,11.491813,0.0,Under way using engine
2026-09-26T21:19:08Z,219000809,54.971923,11.514572,0.0,Under way using engine
2026-09-26T21:19:25Z,219002177,54.935972,11.371975,0.0,Under way using engine
2026-09-26T21:19:30Z,219000811,54.838730,11.491817,0.0,Under way using engine
2026-09-26T21:19:47Z,219000809,54.971927,11.514570,0.0,Under way using engine
2026-09-26T21:19:55Z,219002177,54.935970,11.371987,0.0,Under way using engine
2026-09-26T21:20:08Z,219000811,54.838727,11.491818,0.0,Under way using engine
2026-09-26T21:20:18Z,219000809,54.971918,11.514578,0.0,Under way using engine
2026-09-26T21:20:25Z,219002177,54.935973,11.371975,0.0,Under way using engine
2026-09-26T21:20:39Z,219000811,54.838727,11.491822,0.0,Under way using engine
2026-09-26T21:20:55Z,219002177,54.935973,11.371977,0.0,Under way using engine
2026-09-26T21:20:58Z,219000809,54.971903,11.514572,0.0,Under way using engine
2026-09-26T21:21:19Z,219000811,54.838727,11.491825,0.0,Under way using engine
2026-09-26T21:21:25Z,219002177,54.935970,11.371980,0.0,Under way using engine
2026-09-26T21:21:28Z,219000809,54.971910,11.514570,0.0,Under way using engine
2026-09-26T21:21:49Z,219000811,54.838727,11.491823,0.0,Under way using engine
2026-09-26T21:21:55Z,219002177,54.935968,11.371973,0.0,Under way using engine
2026-09-26T21:21:58Z,219000809,54.971913,11.514565,0.0,Under way using engine
2026-09-26T21:22:19Z,219000811,54.838727,11.491822,0.0,Under way using engine
2026-09-26T21:22:25Z,219002177,54.935967,11.371980,0.0,Under way using engine
2026-09-26T21:22:28Z,219000809,54.971917,11.514573,0.0,Under way using engine
2026-09-26T21:22:49Z,219000811,54.838728,11.491825,0.0,Under way using engine
2026-09-26T21:22:55Z,219002177,54.935963,11.371977,0.0,Under way using engine
2026-09-26T21:23:08Z,219000809,54.971920,11.514575,0.0,Under way using engine
2026-09-26T21:23:19Z,219000811,54.838730,11.491828,0.0,Under way using engine
2026-09-26T21:23:25Z,219002177,54.935965,11.371967,0.0,Under way using engine
2026-09-26T21:23:47Z,219000809,54.971925,11.514568,0.0,Under way using engine
2026-09-26T21:23:50Z,219000811,54.838730,11.491827,0.0,Under way using engine
2026-09-26T21:23:55Z,219002177,54.935963,11.371962,0.0,Under way using engine
2026-09-26T21:24:18Z,219000809,54.971922,11.514565,0.0,Under way using engine
2026-09-26T21:24:23Z,219000811,54.838730,11.491825,0.0,Under way using engine
2026-09-26T21:24:25Z,219002177,54.935965,11.371963,0.0,Under way using engine
2026-09-26T21:24:55Z,219002177,54.935963,11.371972,0.0,Under way using engine
2026-09-26T21:24:57Z,219000809,54.971915,11.514565,0.0,Under way using engine
2026-09-26T21:25:00Z,219000811,54.838727,11.491823,0.0,Under way using engine
2026-09-26T21:25:25Z,219002177,54.935967,11.371970,0.0,Under way using engine
2026-09-26T21:25:30Z,219000811,54.838727,11.491823,0.0,Under way using engine
2026-09-26T21:25:38Z,219000809,54.971917,11.514578,0.0,Under way using engine
2026-09-26T21:25:55Z,219002177,54.935968,11.371970,0.0,Under way using engine
2026-09-26T21:26:00Z,219000811,54.838725,11.491825,0.0,Under way using engine
2026-09-26T21:26:08Z,219000809,54.971922,11.514568,0.0,Under way using engine
2026-09-26T21:26:25Z,219002177,54.935973,11.371978,0.0,Under way using engine
2026-09-26T21:26:38Z,219000809,54.971915,11.514577,0.0,Under way using engine
2026-09-26T21:26:38Z,219000811,54.838722,11.491827,0.0,Under way using engine
2026-09-26T21:26:55Z,219002177,54.935970,11.371980,0.0,Under way using engine
2026-09-26T21:27:08Z,219000809,54.971917,11.514582,0.0,Under way using engine
2026-09-26T21:27:09Z,219000811,54.838723,11.491828,0.0,Under way using engine
2026-09-26T21:27:25Z,219002177,54.935968,11.371977,0.0,Under way using engine
2026-09-26T21:27:38Z,219000809,54.971917,11.514582,0.0,Under way using engine
2026-09-26T21:27:39Z,219000811,54.838723,11.491832,0.0,Under way using engine
2026-09-26T21:27:55Z,219002177,54.935973,11.371988,0.0,Under way using engine
2026-09-26T21:28:08Z,219000809,54.971915,11.514583,0.0,Under way using engine
2026-09-26T21:28:09Z,219000811,54.838727,11.491833,0.0,Under way using engine
2026-09-26T21:28:25Z,219002177,54.935962,11.371973,0.0,Under way using engine
2026-09-26T21:28:38Z,219000809,54.971917,11.514575,0.0,Under way using engine
2026-09-26T21:28:39Z,219000811,54.838725,11.491837,0.0,Under way using engine
2026-09-26T21:28:55Z,219002177,54.935960,11.371982,0.0,Under way using engine
2026-09-26T21:29:08Z,219000809,54.971927,11.514583,0.0,Under way using engine
2026-09-26T21:29:09Z,219000811,54.838727,11.491838,0.0,Under way using engine
2026-09-26T21:29:25Z,219002177,54.935967,11.371978,0.0,Under way using engine
2026-09-26T21:29:38Z,219000809,54.971923,11.514577,0.0,Under way using engine
2026-09-26T21:29:39Z,219000811,54.838727,11.491837,0.0,Under way using engine
2026-09-26T21:29:55Z,219002177,54.935972,11.371972,0.0,Under way using engine
2026-09-26T21:30:08Z,219000809,54.971915,11.514577,0.0,Under way using engine
2026-09-26T21:30:09Z,219000811,54.838728,11.491833,0.0,Under way using engine
2026-09-26T21:30:33Z,219002177,54.935965,11.371982,0.0,Under way using engine
2026-09-26T21:30:38Z,219000809,54.971918,11.514573,0.0,Under way using engine
2026-09-26T21:30:39Z,219000811,54.838728,11.491830,0.0,Under way using engine
2026-09-26T21:31:03Z,219002177,54.935963,11.371982,0.0,Under way using engine
2026-09-26T21:31:09Z,219000809,54.971920,11.514565,0.0,Under way using engine
2026-09-26T21:31:10Z,219000811,54.838730,11.491825,0.0,Under way using engine
2026-09-26T21:31:33Z,219002177,54.935962,11.371998,0.0,Under way using engine
2026-09-26T21:31:48Z,219000809,54.971917,11.514565,0.0,Under way using engine
2026-09-26T21:31:50Z,219000811,54.838728,11.491825,0.0,Under way using engine
2026-09-26T21:32:03Z,219002177,54.935960,11.371995,0.0,Under way using engine
2026-09-26T21:32:27Z,219000809,54.971898,11.514552,0.0,Under way using engine
2026-09-26T21:32:30Z,219000811,54.838730,11.491830,0.0,Under way using engine
2026-09-26T21:32:33Z,219002177,54.935955,11.371993,0.0,Under way using engine
2026-09-26T21:32:58Z,219000809,54.971903,11.514550,0.0,Under way using engine
2026-09-26T21:33:03Z,219002177,54.935958,11.371988,0.0,Under way using engine
2026-09-26T21:33:10Z,219000811,54.838732,11.491833,0.0,Under way using engine
2026-09-26T21:33:33Z,219002177,54.935968,11.371992,0.0,Under way using engine
2026-09-26T21:33:38Z,219000809,54.971912,11.514557,0.0,Under way using engine
2026-09-26T21:33:40Z,219000811,54.838730,11.491832,0.0,Under way using engine
2026-09-26T21:34:03Z,219002177,54.935972,11.371990,0.0,Under way using engine
2026-09-26T21:34:09Z,219000809,54.971917,11.514565,0.0,Under way using engine
2026-09-26T21:34:10Z,219000811,54.838728,11.491828,0.0,Under way using engine
2026-09-26T21:34:33Z,219002177,54.935970,11.372010,0.0,Under way using engine
2026-09-26T21:34:40Z,219000811,54.838730,11.491825,0.0,Under way using engine
2026-09-26T21:34:47Z,219000809,54.971912,11.514578,0.0,Under way using engine
2026-09-26T21:35:04Z,219002177,54.935975,11.371995,0.0,Under way using engine
2026-09-26T21:35:10Z,219000811,54.838732,11.491822,0.0,Under way using engine
2026-09-26T21:35:17Z,219000809,54.971912,11.514567,0.0,Under way using engine
2026-09-26T21:35:40Z,219000811,54.838732,11.491820,0.0,Under way using engine
2026-09-26T21:35:44Z,219002177,54.935978,11.371990,0.0,Under way using engine
2026-09-26T21:35:47Z,219000809,54.971912,11.514563,0.0,Under way using engine
2026-09-26T21:36:10Z,219000811,54.838732,11.491820,0.0,Under way using engine
2026-09-26T21:36:15Z,219002177,54.935978,11.371988,0.0,Under way using engine
2026-09-26T21:36:17Z,219000809,54.971920,11.514567,0.0,Under way using engine
2026-09-26T21:36:40Z,219000811,54.838730,11.491820,0.0,Under way using engine
2026-09-26T21:36:47Z,219000809,54.971925,11.514565,0.0,Under way using engine
2026-09-26T21:36:54Z,219002177,54.935985,11.371990,0.0,Under way using engine
2026-09-26T21:37:10Z,219000811,54.838732,11.491820,0.0,Under way using engine
2026-09-26T21:37:17Z,219000809,54.971917,11.514567,0.0,Under way using engine
2026-09-26T21:37:25Z,219002177,54.935977,11.371990,0.0,Under way using engine
2026-09-26T21:37:40Z,219000811,54.838730,11.491822,0.0,Under way using engine
2026-09-26T21:37:47Z,219000809,54.971927,11.514552,0.0,Under way using engine
2026-09-26T21:38:04Z,219002177,54.935978,11.371972,0.0,Under way using engine
2026-09-26T21:38:10Z,219000811,54.838730,11.491822,0.0,Under way using engine
2026-09-26T21:38:17Z,219000809,54.971920,11.514552,0.0,Under way using engine
2026-09-26T21:38:34Z,219002177,54.935980,11.371970,0.0,Under way using engine
2026-09-26T21:38:47Z,219000809,54.971927,11.514547,0.0,Under way using engine
2026-09-26T21:38:50Z,219000811,54.838732,11.491820,0.0,Under way using engine
2026-09-26T21:39:04Z,219002177,54.935973,11.371997,0.0,Under way using engine
2026-09-26T21:39:17Z,219000809,54.971917,11.514552,0.0,Under way using engine
2026-09-26T21:39:28Z,219000811,54.838732,11.491822,0.0,Under way using engine
2026-09-26T21:39:34Z,219002177,54.935978,11.371997,0.0,Under way using engine
2026-09-26T21:39:47Z,219000809,54.971917,11.514557,0.0,Under way using engine
2026-09-26T21:39:59Z,219000811,54.838732,11.491823,0.0,Under way using engine
2026-09-26T21:40:05Z,219002177,54.935977,11.372000,0.0,Under way using engine
2026-09-26T21:40:18Z,219000809,54.971920,11.514548,0.0,Under way using engine
2026-09-26T21:40:39Z,219000811,54.838730,11.491825,0.0,Under way using engine
2026-09-26T21:40:44Z,219002177,54.935975,11.371993,0.0,Under way using engine
2026-09-26T21:40:57Z,219000809,54.971907,11.514582,0.0,Under way using engine
2026-09-26T21:41:10Z,219000811,54.838728,11.491827,0.0,Under way using engine
2026-09-26T21:41:15Z,219002177,54.935972,11.371997,0.0,Under way using engine
2026-09-26T21:41:29Z,219000809,54.971915,11.514558,0.0,Under way using engine
2026-09-26T21:41:50Z,219000811,54.838727,11.491827,0.0,Under way using engine
2026-09-26T21:41:54Z,219002177,54.935978,11.371990,0.0,Under way using engine
2026-09-26T21:42:07Z,219000809,54.971908,11.514555,0.0,Under way using engine
2026-09-26T21:42:20Z,219000811,54.838728,11.491827,0.0,Under way using engine
2026-09-26T21:42:24Z,219002177,54.935973,11.371983,0.0,Under way using engine
2026-09-26T21:42:38Z,219000809,54.971917,11.514548,0.0,Under way using engine
2026-09-26T21:42:50Z,219000811,54.838728,11.491827,0.0,Under way using engine
2026-09-26T21:42:54Z,219002177,54.935972,11.371978,0.0,Under way using engine
2026-09-26T21:43:18Z,219000809,54.971905,11.514560,0.0,Under way using engine
2026-09-26T21:43:20Z,219000811,54.838727,11.491827,0.0,Under way using engine
2026-09-26T21:43:24Z,219002177,54.935968,11.371973,0.0,Under way using engine
2026-09-26T21:43:48Z,219000809,54.971902,11.514560,0.0,Under way using engine
2026-09-26T21:43:50Z,219000811,54.838727,11.491828,0.0,Under way using engine
2026-09-26T21:43:54Z,219002177,54.935967,11.371965,0.0,Under way using engine
2026-09-26T21:44:18Z,219000809,54.971910,11.514560,0.0,Under way using engine
2026-09-26T21:44:20Z,219000811,54.838727,11.491828,0.0,Under way using engine
2026-09-26T21:44:24Z,219002177,54.935975,11.371952,0.0,Under way using engine
2026-09-26T21:44:48Z,219000809,54.971913,11.514568,0.0,Under way using engine
2026-09-26T21:44:50Z,219000811,54.838727,11.491828,0.0,Under way using engine
2026-09-26T21:44:54Z,219002177,54.935982,11.371953,0.0,Under way using engine
2026-09-26T21:45:18Z,219000809,54.971933,11.514560,0.0,Under way using engine
2026-09-26T21:45:20Z,219000811,54.838727,11.491828,0.0,Under way using engine
2026-09-26T21:45:24Z,219002177,54.935965,11.371980,0.0,Under way using engine
2026-09-26T21:45:48Z,219000809,54.971925,11.514578,0.0,Under way using engine
2026-09-26T21:45:54Z,219002177,54.935968,11.371982,0.0,Under way using engine
2026-09-26T21:45:58Z,219000811,54.838728,11.491827,0.0,Under way using engine
2026-09-26T21:46:18Z,219000809,54.971913,11.514570,0.0,Under way using engine
2026-09-26T21:46:24Z,219002177,54.935992,11.371973,0.0,Under way using engine
2026-09-26T21:46:29Z,219000811,54.838727,11.491827,0.0,Under way using engine
2026-09-26T21:46:48Z,219000809,54.971915,11.514558,0.0,Under way using engine
2026-09-26T21:46:54Z,219002177,54.936003,11.371987,0.0,Under way using engine
2026-09-26T21:47:10Z,219000811,54.838725,11.491828,0.0,Under way using engine
2026-09-26T21:47:18Z,219000809,54.971898,11.514543,0.0,Under way using engine
2026-09-26T21:47:24Z,219002177,54.935977,11.372028,0.0,Under way using engine
2026-09-26T21:47:40Z,219000811,54.838723,11.491830,0.0,Under way using engine
2026-09-26T21:47:48Z,219000809,54.971902,11.514555,0.0,Under way using engine
2026-09-26T21:47:54Z,219002177,54.935975,11.372003,0.0,Under way using engine
2026-09-26T21:48:18Z,219000809,54.971913,11.514560,0.0,Under way using engine
2026-09-26T21:48:20Z,219000811,54.838723,11.491828,0.0,Under way using engine
2026-09-26T21:48:24Z,219002177,54.935978,11.371987,0.0,Under way using engine
2026-09-26T21:48:48Z,219000809,54.971922,11.514573,0.0,Under way using engine
2026-09-26T21:48:54Z,219002177,54.935970,11.371973,0.0,Under way using engine
2026-09-26T21:49:00Z,219000811,54.838723,11.491825,0.0,Under way using engine
2026-09-26T21:49:18Z,219000809,54.971932,11.514583,0.0,Under way using engine
2026-09-26T21:49:34Z,219002177,54.935977,11.371972,0.0,Under way using engine
2026-09-26T21:49:40Z,219000811,54.838722,11.491825,0.0,Under way using engine
2026-09-26T21:49:48Z,219000809,54.971925,11.514578,0.0,Under way using engine
2026-09-26T21:50:14Z,219002177,54.935972,11.371970,0.0,Under way using engine
2026-09-26T21:50:18Z,219000809,54.971928,11.514592,0.0,Under way using engine
2026-09-26T21:50:20Z,219000811,54.838718,11.491828,0.0,Under way using engine
2026-09-26T21:50:44Z,219002177,54.935970,11.371968,0.0,Under way using engine
2026-09-26T21:50:48Z,219000809,54.971918,11.514580,0.0,Under way using engine
2026-09-26T21:51:00Z,219000811,54.838718,11.491827,0.0,Under way using engine
2026-09-26T21:51:14Z,219002177,54.935970,11.371965,0.0,Under way using engine
2026-09-26T21:51:18Z,219000809,54.971913,11.514583,0.0,Under way using engine
2026-09-26T21:51:39Z,219000811,54.838717,11.491825,0.0,Under way using engine
2026-09-26T21:51:44Z,219002177,54.935968,11.371975,0.0,Under way using engine
2026-09-26T21:51:48Z,219000809,54.971890,11.514622,0.0,Under way using engine
2026-09-26T21:52:09Z,219000811,54.838720,11.491823,0.0,Under way using engine
2026-09-26T21:52:14Z,219002177,54.935958,11.371977,0.0,Under way using engine
2026-09-26T21:52:18Z,219000809,54.971897,11.514592,0.0,Under way using engine
2026-09-26T21:52:39Z,219000811,54.838720,11.491825,0.0,Under way using engine
2026-09-26T21:52:44Z,219002177,54.935955,11.371990,0.0,Under way using engine
2026-09-26T21:52:48Z,219000809,54.971903,11.514582,0.0,Under way using engine
2026-09-26T21:53:09Z,219000811,54.838718,11.491830,0.0,Under way using engine
2026-09-26T21:53:14Z,219002177,54.935963,11.371998,0.0,Under way using engine
2026-09-26T21:53:18Z,219000809,54.971907,11.514592,0.0,Under way using engine
2026-09-26T21:53:39Z,219000811,54.838715,11.491833,0.0,Under way using engine
2026-09-26T21:53:44Z,219002177,54.935973,11.371972,0.0,Under way using engine
2026-09-26T21:53:48Z,219000809,54.971905,11.514602,0.0,Under way using engine
2026-09-26T21:54:09Z,219000811,54.838712,11.491835,0.0,Under way using engine
2026-09-26T21:54:14Z,219002177,54.935962,11.371968,0.0,Under way using engine
2026-09-26T21:54:18Z,219000809,54.971902,11.514595,0.0,Under way using engine
2026-09-26T21:54:40Z,219000811,54.838710,11.491835,0.0,Under way using engine
2026-09-26T21:54:44Z,219002177,54.935958,11.371967,0.0,Under way using engine
2026-09-26T21:54:48Z,219000809,54.971907,11.514595,0.0,Under way using engine
2026-09-26T21:55:14Z,219002177,54.935973,11.371960,0.0,Under way using engine
2026-09-26T21:55:18Z,219000809,54.971907,11.514585,0.0,Under way using engine
2026-09-26T21:55:20Z,219000811,54.838712,11.491833,0.0,Under way using engine
2026-09-26T21:55:44Z,219002177,54.935978,11.371960,0.0,Under way using engine
2026-09-26T21:55:48Z,219000809,54.971908,11.514575,0.0,Under way using engine
2026-09-26T21:55:58Z,219000811,54.838713,11.491833,0.0,Under way using engine
2026-09-26T21:56:14Z,219002177,54.935970,11.371973,0.0,Under way using engine
2026-09-26T21:56:18Z,219000809,54.971903,11.514562,0.0,Under way using engine
2026-09-26T21:56:29Z,219000811,54.838713,11.491832,0.0,Under way using engine
2026-09-26T21:56:44Z,219002177,54.935965,11.371995,0.0,Under way using engine
2026-09-26T21:56:48Z,219000809,54.971915,11.514558,0.0,Under way using engine
2026-09-26T21:57:10Z,219000811,54.838717,11.491830,0.0,Under way using engine
2026-09-26T21:57:14Z,219002177,54.935960,11.371997,0.0,Under way using engine
2026-09-26T21:57:18Z,219000809,54.971883,11.514597,0.0,Under way using engine
2026-09-26T21:57:40Z,219000811,54.838717,11.491832,0.0,Under way using engine
2026-09-26T21:57:44Z,219002177,54.935967,11.371997,0.0,Under way using engine
2026-09-26T21:57:48Z,219000809,54.971893,11.514588,0.0,Under way using engine
2026-09-26T21:58:10Z,219000811,54.838718,11.491833,0.0,Under way using engine
2026-09-26T21:58:14Z,219002177,54.935993,11.371973,0.0,Under way using engine
2026-09-26T21:58:18Z,219000809,54.971900,11.514595,0.0,Under way using engine
2026-09-26T21:58:44Z,219002177,54.935987,11.371985,0.0,Under way using engine
2026-09-26T21:58:48Z,219000809,54.971907,11.514595,0.0,Under way using engine
2026-09-26T21:58:50Z,219000811,54.838720,11.491832,0.0,Under way using engine
2026-09-26T21:59:14Z,219002177,54.935993,11.371972,0.0,Under way using engine
2026-09-26T21:59:18Z,219000809,54.971892,11.514587,0.0,Under way using engine
2026-09-26T21:59:30Z,219000811,54.838722,11.491830,0.0,Under way using engine
2026-09-26T21:59:44Z,219002177,54.935977,11.371973,0.0,Under way using engine
2026-09-26T21:59:48Z,219000809,54.971905,11.514595,0.0,Under way using engine
2026-09-26T22:00:10Z,219000811,54.838725,11.491833,0.0,Under way using engine
2026-09-26T22:00:14Z,219002177,54.935973,11.371968,0.0,Under way using engine
2026-09-26T22:00:18Z,219000809,54.971917,11.514603,0.0,Under way using engine
2026-09-26T22:00:45Z,219002177,54.935978,11.371972,0.0,Under way using engine
2026-09-26T22:00:48Z,219000809,54.971932,11.514593,0.0,Under way using engine
2026-09-26T22:00:50Z,219000811,54.838727,11.491835,0.0,Under way using engine
2026-09-26T22:01:18Z,219000809,54.971938,11.514600,0.0,Under way using engine
2026-09-26T22:01:25Z,219002177,54.935982,11.371965,0.0,Under way using engine
2026-09-26T22:01:30Z,219000811,54.838730,11.491837,0.0,Under way using engine
2026-09-26T22:01:55Z,219002177,54.935982,11.371977,0.0,Under way using engine
2026-09-26T22:01:58Z,219000809,54.971928,11.514603,0.0,Under way using engine
2026-09-26T22:02:09Z,219000811,54.838732,11.491835,0.0,Under way using engine
2026-09-26T22:02:25Z,219002177,54.935975,11.371970,0.0,Under way using engine
2026-09-26T22:02:28Z,219000809,54.971915,11.514603,0.0,Under way using engine
2026-09-26T22:02:39Z,219000811,54.838733,11.491832,0.0,Under way using engine
2026-09-26T22:03:04Z,219002177,54.935978,11.371965,0.0,Under way using engine
2026-09-26T22:03:08Z,219000809,54.971910,11.514602,0.0,Under way using engine
2026-09-26T22:03:09Z,219000811,54.838732,11.491827,0.0,Under way using engine
2026-09-26T22:03:38Z,219000809,54.971920,11.514578,0.0,Under way using engine
2026-09-26T22:03:39Z,219000811,54.838730,11.491822,0.0,Under way using engine
2026-09-26T22:03:45Z,219002177,54.935967,11.371980,0.0,Under way using engine
2026-09-26T22:04:08Z,219000809,54.971913,11.514575,0.0,Under way using engine
2026-09-26T22:04:09Z,219000811,54.838730,11.491820,0.0,Under way using engine
2026-09-26T22:04:25Z,219002177,54.935955,11.371978,0.0,Under way using engine
2026-09-26T22:04:38Z,219000809,54.971913,11.514562,0.0,Under way using engine
2026-09-26T22:04:39Z,219000811,54.838730,11.491818,0.0,Under way using engine
2026-09-26T22:05:04Z,219002177,54.935958,11.371967,0.0,Under way using engine
2026-09-26T22:05:08Z,219000809,54.971915,11.514572,0.0,Under way using engine
2026-09-26T22:05:09Z,219000811,54.838730,11.491820,0.0,Under way using engine
2026-09-26T22:05:38Z,219000809,54.971912,11.514575,0.0,Under way using engine
2026-09-26T22:05:40Z,219000811,54.838728,11.491822,0.0,Under way using engine
2026-09-26T22:05:45Z,219002177,54.935958,11.371960,0.0,Under way using engine
2026-09-26T22:06:08Z,219000809,54.971912,11.514593,0.0,Under way using engine
2026-09-26T22:06:20Z,219000811,54.838723,11.491828,0.0,Under way using engine
2026-09-26T22:06:24Z,219002177,54.935953,11.371948,0.0,Under way using engine
2026-09-26T22:06:38Z,219000809,54.971932,11.514565,0.0,Under way using engine
2026-09-26T22:06:50Z,219000811,54.838722,11.491830,0.0,Under way using engine
2026-09-26T22:06:54Z,219002177,54.935967,11.371955,0.0,Under way using engine
2026-09-26T22:07:18Z,219000809,54.971937,11.514580,0.0,Under way using engine
2026-09-26T22:07:20Z,219000811,54.838722,11.491830,0.0,Under way using engine
2026-09-26T22:07:24Z,219002177,54.935967,11.371973,0.0,Under way using engine
2026-09-26T22:07:48Z,219000809,54.971930,11.514577,0.0,Under way using engine
2026-09-26T22:07:54Z,219002177,54.935948,11.371982,0.0,Under way using engine
2026-09-26T22:08:00Z,219000811,54.838722,11.491830,0.0,Under way using engine
2026-09-26T22:08:18Z,219000809,54.971948,11.514557,0.0,Under way using engine
2026-09-26T22:08:24Z,219002177,54.935953,11.371978,0.1,Under way using engine
2026-09-26T22:08:40Z,219000811,54.838723,11.491832,0.0,Under way using engine
2026-09-26T22:08:48Z,219000809,54.971950,11.514558,0.0,Under way using engine
2026-09-26T22:08:54Z,219002177,54.935955,11.371982,0.0,Under way using engine
2026-09-26T22:09:18Z,219000809,54.971968,11.514550,0.0,Under way using engine
2026-09-26T22:09:20Z,219000811,54.838723,11.491832,0.0,Under way using engine
2026-09-26T22:09:24Z,219002177,54.935962,11.371957,0.0,Under way using engine
2026-09-26T22:09:48Z,219000809,54.971952,11.514572,0.0,Under way using engine
2026-09-26T22:09:55Z,219002177,54.935947,11.371970,0.0,Under way using engine
2026-09-26T22:10:00Z,219000811,54.838722,11.491828,0.0,Under way using engine
2026-09-26T22:10:18Z,219000809,54.971940,11.514587,0.0,Under way using engine
2026-09-26T22:10:34Z,219002177,54.935963,11.371958,0.0,Under way using engine
2026-09-26T22:10:40Z,219000811,54.838723,11.491830,0.0,Under way using engine
2026-09-26T22:10:48Z,219000809,54.971928,11.514563,0.0,Under way using engine
2026-09-26T22:11:05Z,219002177,54.935968,11.371955,0.0,Under way using engine
2026-09-26T22:11:18Z,219000809,54.971932,11.514543,0.0,Under way using engine
2026-09-26T22:11:19Z,219000811,54.838725,11.491828,0.0,Under way using engine
2026-09-26T22:11:43Z,219002177,54.935963,11.371957,0.0,Under way using engine
2026-09-26T22:11:48Z,219000809,54.971928,11.514567,0.0,Under way using engine
2026-09-26T22:11:49Z,219000811,54.838727,11.491827,0.0,Under way using engine
2026-09-26T22:12:14Z,219002177,54.935958,11.371977,0.0,Under way using engine
2026-09-26T22:12:18Z,219000809,54.971918,11.514587,0.0,Under way using engine
2026-09-26T22:12:19Z,219000811,54.838727,11.491827,0.0,Under way using engine
2026-09-26T22:12:48Z,219000809,54.971910,11.514577,0.0,Under way using engine
2026-09-26T22:12:49Z,219000811,54.838725,11.491825,0.0,Under way using engine
2026-09-26T22:12:55Z,219002177,54.935970,11.371965,0.0,Under way using engine
2026-09-26T22:13:18Z,219000809,54.971925,11.514567,0.0,Under way using engine
2026-09-26T22:13:19Z,219000811,54.838723,11.491827,0.0,Under way using engine
2026-09-26T22:13:34Z,219002177,54.935967,11.371980,0.0,Under way using engine
2026-09-26T22:13:48Z,219000809,54.971942,11.514548,0.0,Under way using engine
2026-09-26T22:13:49Z,219000811,54.838722,11.491828,0.0,Under way using engine
2026-09-26T22:14:04Z,219002177,54.935973,11.371982,0.0,Under way using engine
2026-09-26T22:14:18Z,219000809,54.971938,11.514545,0.0,Under way using engine
2026-09-26T22:14:19Z,219000811,54.838722,11.491827,0.0,Under way using engine
2026-09-26T22:14:34Z,219002177,54.935967,11.371993,0.0,Under way using engine
2026-09-26T22:14:48Z,219000809,54.971927,11.514577,0.0,Under way using engine
2026-09-26T22:14:49Z,219000811,54.838725,11.491825,0.0,Under way using engine
2026-09-26T22:15:04Z,219002177,54.935972,11.371977,0.0,Under way using engine
2026-09-26T22:15:18Z,219000809,54.971937,11.514580,0.0,Under way using engine
2026-09-26T22:15:19Z,219000811,54.838725,11.491823,0.0,Under way using engine
2026-09-26T22:15:34Z,219002177,54.935960,11.371983,0.0,Under way using engine
2026-09-26T22:15:49Z,219000809,54.971945,11.514573,0.0,Under way using engine
2026-09-26T22:15:49Z,219000811,54.838725,11.491822,0.0,Under way using engine
2026-09-26T22:16:04Z,219002177,54.935965,11.371962,0.0,Under way using engine
2026-09-26T22:16:19Z,219000811,54.838725,11.491818,0.0,Under way using engine
2026-09-26T22:16:28Z,219000809,54.971927,11.514578,0.1,Under way using engine
2026-09-26T22:16:34Z,219002177,54.935948,11.371978,0.0,Under way using engine
2026-09-26T22:16:49Z,219000811,54.838725,11.491820,0.0,Under way using engine
2026-09-26T22:16:59Z,219000809,54.971935,11.514560,0.0,Under way using engine
2026-09-26T22:17:04Z,219002177,54.935972,11.371955,0.1,Under way using engine
2026-09-26T22:17:19Z,219000811,54.838722,11.491825,0.0,Under way using engine
2026-09-26T22:17:34Z,219002177,54.935968,11.371988,0.0,Under way using engine
2026-09-26T22:17:37Z,219000809,54.971908,11.514588,0.0,Under way using engine
2026-09-26T22:17:49Z,219000811,54.838723,11.491830,0.0,Under way using engine
2026-09-26T22:18:04Z,219002177,54.935963,11.371987,0.0,Under way using engine
2026-09-26T22:18:08Z,219000809,54.971943,11.514575,0.0,Under way using engine
2026-09-26T22:18:19Z,219000811,54.838723,11.491835,0.0,Under way using engine
2026-09-26T22:18:35Z,219002177,54.935975,11.371968,0.0,Under way using engine
2026-09-26T22:18:49Z,219000809,54.971927,11.514577,0.1,Under way using engine
2026-09-26T22:18:49Z,219000811,54.838725,11.491837,0.0,Under way using engine
2026-09-26T22:19:15Z,219002177,54.935962,11.371950,0.0,Under way using engine
2026-09-26T22:19:19Z,219000809,54.971932,11.514568,0.0,Under way using engine
2026-09-26T22:19:19Z,219000811,54.838727,11.491837,0.0,Under way using engine
2026-09-26T22:19:49Z,219000809,54.971938,11.514565,0.0,Under way using engine
2026-09-26T22:19:49Z,219000811,54.838728,11.491835,0.0,Under way using engine
2026-09-26T22:19:55Z,219002177,54.935947,11.371978,0.1,Under way using engine
2026-09-26T22:20:19Z,219000809,54.971893,11.514590,0.0,Under way using engine
2026-09-26T22:20:20Z,219000811,54.838728,11.491835,0.0,Under way using engine
2026-09-26T22:20:35Z,219002177,54.935965,11.371962,0.0,Under way using engine
2026-09-26T22:20:49Z,219000809,54.971920,11.514592,0.0,Under way using engine
2026-09-26T22:20:58Z,219000811,54.838727,11.491838,0.0,Under way using engine
2026-09-26T22:21:15Z,219002177,54.935983,11.371952,0.0,Under way using engine
2026-09-26T22:21:19Z,219000809,54.971927,11.514595,0.0,Under way using engine
2026-09-26T22:21:28Z,219000811,54.838727,11.491837,0.0,Under way using engine
2026-09-26T22:21:49Z,219000809,54.971950,11.514578,0.0,Under way using engine
2026-09-26T22:21:55Z,219002177,54.935960,11.371970,0.0,Under way using engine
2026-09-26T22:21:58Z,219000811,54.838727,11.491835,0.0,Under way using engine
2026-09-26T22:22:19Z,219000809,54.971953,11.514575,0.0,Under way using engine
2026-09-26T22:22:28Z,219000811,54.838727,11.491835,0.0,Under way using engine
2026-09-26T22:22:35Z,219002177,54.935960,11.371948,0.0,Under way using engine
2026-09-26T22:22:49Z,219000809,54.971948,11.514568,0.0,Under way using engine
2026-09-26T22:22:59Z,219000811,54.838730,11.491833,0.0,Under way using engine
2026-09-26T22:23:05Z,219002177,54.935963,11.371957,0.0,Under way using engine
2026-09-26T22:23:19Z,219000809,54.971907,11.514570,0.0,Under way using engine
2026-09-26T22:23:35Z,219002177,54.935955,11.371973,0.0,Under way using engine
2026-09-26T22:23:40Z,219000811,54.838730,11.491832,0.0,Under way using engine
2026-09-26T22:23:49Z,219000809,54.971918,11.514573,0.0,Under way using engine
2026-09-26T22:24:05Z,219002177,54.935977,11.371988,0.0,Under way using engine
2026-09-26T22:24:10Z,219000811,54.838730,11.491832,0.0,Under way using engine
2026-09-26T22:24:19Z,219000809,54.971908,11.514590,0.0,Under way using engine
2026-09-26T22:24:40Z,219000811,54.838730,11.491830,0.0,Under way using engine
2026-09-26T22:24:44Z,219002177,54.935970,11.371978,0.0,Under way using engine
2026-09-26T22:24:49Z,219000809,54.971912,11.514583,0.0,Under way using engine
2026-09-26T22:25:10Z,219000811,54.838730,11.491828,0.0,Under way using engine
2026-09-26T22:25:14Z,219002177,54.935970,11.371975,0.0,Under way using engine
2026-09-26T22:25:19Z,219000809,54.971932,11.514575,0.0,Under way using engine
2026-09-26T22:25:40Z,219000811,54.838730,11.491828,0.0,Under way using engine
2026-09-26T22:25:44Z,219002177,54.935975,11.371968,0.0,Under way using engine
2026-09-26T22:25:49Z,219000809,54.971938,11.514573,0.0,Under way using engine
2026-09-26T22:26:10Z,219000811,54.838730,11.491827,0.0,Under way using engine
2026-09-26T22:26:14Z,219002177,54.935958,11.371953,0.0,Under way using engine
2026-09-26T22:26:19Z,219000809,54.971938,11.514583,0.0,Under way using engine
2026-09-26T22:26:40Z,219000811,54.838730,11.491818,0.0,Under way using engine
2026-09-26T22:26:44Z,219002177,54.935970,11.371962,0.0,Under way using engine
2026-09-26T22:26:49Z,219000809,54.971925,11.514607,0.0,Under way using engine
2026-09-26T22:27:10Z,219000811,54.838728,11.491815,0.0,Under way using engine
2026-09-26T22:27:14Z,219002177,54.935975,11.371972,0.0,Under way using engine
2026-09-26T22:27:19Z,219000809,54.971925,11.514585,0.0,Under way using engine
2026-09-26T22:27:40Z,219000811,54.838728,11.491815,0.0,Under way using engine
2026-09-26T22:27:44Z,219002177,54.935993,11.371963,0.0,Under way using engine
2026-09-26T22:27:59Z,219000809,54.971930,11.514577,0.0,Under way using engine
2026-09-26T22:28:10Z,219000811,54.838732,11.491815,0.0,Under way using engine
2026-09-26T22:28:14Z,219002177,54.935977,11.371943,0.0,Under way using engine
2026-09-26T22:28:29Z,219000809,54.971932,11.514567,0.0,Under way using engine
2026-09-26T22:28:40Z,219000811,54.838735,11.491820,0.0,Under way using engine
2026-09-26T22:28:44Z,219002177,54.935982,11.371953,0.0,Under way using engine
2026-09-26T22:28:59Z,219000809,54.971920,11.514563,0.0,Under way using engine
2026-09-26T22:29:10Z,219000811,54.838735,11.491823,0.0,Under way using engine
2026-09-26T22:29:14Z,219002177,54.935970,11.371960,0.0,Under way using engine
2026-09-26T22:29:29Z,219000809,54.971925,11.514583,0.0,Under way using engine
2026-09-26T22:29:40Z,219000811,54.838735,11.491823,0.0,Under way using engine
2026-09-26T22:29:44Z,219002177,54.935987,11.371967,0.0,Under way using engine
2026-09-26T22:29:59Z,219000809,54.971922,11.514582,0.0,Under way using engine
2026-09-26T22:30:10Z,219000811,54.838735,11.491827,0.0,Under way using engine
2026-09-26T22:30:14Z,219002177,54.935973,11.371952,0.0,Under way using engine
2026-09-26T22:30:29Z,219000809,54.971922,11.514588,0.0,Under way using engine
2026-09-26T22:30:44Z,219002177,54.935975,11.371960,0.0,Under way using engine
2026-09-26T22:30:49Z,219000811,54.838732,11.491828,0.0,Under way using engine
2026-09-26T22:30:59Z,219000809,54.971908,11.514598,0.0,Under way using engine
2026-09-26T22:31:14Z,219002177,54.935945,11.371973,0.0,Under way using engine
2026-09-26T22:31:19Z,219000811,54.838730,11.491828,0.0,Under way using engine
2026-09-26T22:31:29Z,219000809,54.971907,11.514605,0.0,Under way using engine
2026-09-26T22:31:44Z,219002177,54.935958,11.371977,0.0,Under way using engine
2026-09-26T22:31:49Z,219000811,54.838728,11.491828,0.0,Under way using engine
2026-09-26T22:31:59Z,219000809,54.971903,11.514592,0.0,Under way using engine
2026-09-26T22:32:15Z,219002177,54.935960,11.371975,0.0,Under way using engine
2026-09-26T22:32:20Z,219000811,54.838730,11.491827,0.0,Under way using engine
2026-09-26T22:32:29Z,219000809,54.971943,11.514552,0.0,Under way using engine
2026-09-26T22:32:53Z,219002177,54.935967,11.371960,0.0,Under way using engine
2026-09-26T22:32:59Z,219000809,54.971943,11.514535,0.0,Under way using engine
2026-09-26T22:32:59Z,219000811,54.838728,11.491825,0.0,Under way using engine
2026-09-26T22:33:25Z,219002177,54.935983,11.371955,0.0,Under way using engine
2026-09-26T22:33:29Z,219000809,54.971948,11.514555,0.0,Under way using engine
2026-09-26T22:33:29Z,219000811,54.838727,11.491823,0.0,Under way using engine
2026-09-26T22:33:59Z,219000809,54.971928,11.514565,0.0,Under way using engine
2026-09-26T22:33:59Z,219000811,54.838727,11.491825,0.0,Under way using engine
2026-09-26T22:34:05Z,219002177,54.935988,11.371975,0.0,Under way using engine
2026-09-26T22:34:29Z,219000809,54.971948,11.514563,0.0,Under way using engine
2026-09-26T22:34:29Z,219000811,54.838728,11.491823,0.0,Under way using engine
2026-09-26T22:34:44Z,219002177,54.935965,11.371992,0.0,Under way using engine
2026-09-26T22:34:59Z,219000811,54.838727,11.491823,0.0,Under way using engine
2026-09-26T22:35:07Z,219000809,54.971928,11.514565,0.0,Under way using engine
2026-09-26T22:35:15Z,219002177,54.935997,11.371978,0.0,Under way using engine
2026-09-26T22:35:29Z,219000811,54.838725,11.491823,0.0,Under way using engine
2026-09-26T22:35:37Z,219000809,54.971932,11.514572,0.0,Under way using engine
2026-09-26T22:35:54Z,219002177,54.935943,11.371977,0.0,Under way using engine
2026-09-26T22:35:59Z,219000811,54.838723,11.491817,0.0,Under way using engine
2026-09-26T22:36:07Z,219000809,54.971917,11.514573,0.0,Under way using engine
2026-09-26T22:36:25Z,219002177,54.935955,11.371975,0.0,Under way using engine
2026-09-26T22:36:29Z,219000811,54.838723,11.491815,0.0,Under way using engine
2026-09-26T22:36:37Z,219000809,54.971933,11.514573,0.0,Under way using engine
2026-09-26T22:36:59Z,219000811,54.838723,11.491815,0.0,Under way using engine
2026-09-26T22:37:05Z,219002177,54.935958,11.371987,0.0,Under way using engine
2026-09-26T22:37:07Z,219000809,54.971957,11.514527,0.0,Under way using engine
2026-09-26T22:37:29Z,219000811,54.838723,11.491817,0.0,Under way using engine
2026-09-26T22:37:37Z,219000809,54.971973,11.514503,0.0,Under way using engine
2026-09-26T22:37:44Z,219002177,54.935978,11.371978,0.0,Under way using engine
2026-09-26T22:37:59Z,219000811,54.838727,11.491817,0.0,Under way using engine
2026-09-26T22:38:07Z,219000809,54.971955,11.514503,0.1,Under way using engine
2026-09-26T22:38:15Z,219002177,54.935982,11.372000,0.0,Under way using engine
2026-09-26T22:38:29Z,219000811,54.838728,11.491822,0.0,Under way using engine
2026-09-26T22:38:39Z,219000809,54.971918,11.514552,0.0,Under way using engine
2026-09-26T22:38:54Z,219002177,54.935960,11.371990,0.0,Under way using engine
2026-09-26T22:38:59Z,219000811,54.838730,11.491822,0.0,Under way using engine
2026-09-26T22:39:17Z,219000809,54.971922,11.514563,0.0,Under way using engine
2026-09-26T22:39:25Z,219002177,54.935957,11.371977,0.0,Under way using engine
2026-09-26T22:39:29Z,219000811,54.838730,11.491822,0.0,Under way using engine
2026-09-26T22:39:47Z,219000809,54.971907,11.514568,0.0,Under way using engine
2026-09-26T22:39:59Z,219000811,54.838730,11.491822,0.0,Under way using engine
2026-09-26T22:40:05Z,219002177,54.935977,11.371967,0.0,Under way using engine
2026-09-26T22:40:17Z,219000809,54.971912,11.514558,0.0,Under way using engine
2026-09-26T22:40:29Z,219000811,54.838732,11.491817,0.0,Under way using engine
2026-09-26T22:40:44Z,219002177,54.935995,11.371992,0.0,Under way using engine
2026-09-26T22:40:47Z,219000809,54.971937,11.514577,0.0,Under way using engine
2026-09-26T22:40:59Z,219000811,54.838730,11.491812,0.0,Under way using engine
2026-09-26T22:41:14Z,219002177,54.935968,11.371977,0.0,Under way using engine
2026-09-26T22:41:17Z,219000809,54.971908,11.514568,0.0,Under way using engine
2026-09-26T22:41:29Z,219000811,54.838728,11.491812,0.0,Under way using engine
2026-09-26T22:41:44Z,219002177,54.935935,11.371960,0.0,Under way using engine
2026-09-26T22:41:47Z,219000809,54.971910,11.514583,0.1,Under way using engine
2026-09-26T22:41:59Z,219000811,54.838728,11.491812,0.0,Under way using engine
2026-09-26T22:42:14Z,219002177,54.935967,11.371978,0.0,Under way using engine
2026-09-26T22:42:19Z,219000809,54.971925,11.514580,0.0,Under way using engine
2026-09-26T22:42:29Z,219000811,54.838730,11.491815,0.0,Under way using engine
2026-09-26T22:42:44Z,219002177,54.935965,11.371972,0.0,Under way using engine
2026-09-26T22:42:58Z,219000809,54.971922,11.514573,0.0,Under way using engine
2026-09-26T22:42:59Z,219000811,54.838733,11.491815,0.0,Under way using engine
2026-09-26T22:43:14Z,219002177,54.935958,11.371965,0.0,Under way using engine
2026-09-26T22:43:28Z,219000809,54.971900,11.514568,0.0,Under way using engine
2026-09-26T22:43:29Z,219000811,54.838733,11.491815,0.0,Under way using engine
2026-09-26T22:43:44Z,219002177,54.935965,11.371990,0.0,Under way using engine
2026-09-26T22:43:58Z,219000809,54.971900,11.514567,0.0,Under way using engine
2026-09-26T22:43:59Z,219000811,54.838732,11.491818,0.0,Under way using engine
2026-09-26T22:44:14Z,219002177,54.935972,11.372005,0.0,Under way using engine
2026-09-26T22:44:28Z,219000809,54.971897,11.514568,0.0,Under way using engine
2026-09-26T22:44:29Z,219000811,54.838733,11.491817,0.0,Under way using engine
2026-09-26T22:44:44Z,219002177,54.935968,11.371983,0.0,Under way using engine
2026-09-26T22:44:59Z,219000811,54.838733,11.491817,0.0,Under way using engine
2026-09-26T22:45:07Z,219000809,54.971928,11.514572,0.0,Under way using engine
2026-09-26T22:45:14Z,219002177,54.935963,11.371972,0.0,Under way using engine
2026-09-26T22:45:29Z,219000811,54.838733,11.491813,0.0,Under way using engine
2026-09-26T22:45:38Z,219000809,54.971940,11.514563,0.0,Under way using engine
2026-09-26T22:45:54Z,219002177,54.935968,11.371968,0.0,Under way using engine
2026-09-26T22:45:59Z,219000811,54.838733,11.491810,0.0,Under way using engine
2026-09-26T22:46:19Z,219000809,54.971923,11.514572,0.0,Under way using engine
2026-09-26T22:46:24Z,219002177,54.935972,11.371970,0.0,Under way using engine
2026-09-26T22:46:29Z,219000811,54.838733,11.491812,0.0,Under way using engine
2026-09-26T22:46:49Z,219000809,54.971947,11.514578,0.0,Under way using engine
2026-09-26T22:46:54Z,219002177,54.935975,11.371963,0.0,Under way using engine
2026-09-26T22:46:59Z,219000811,54.838732,11.491813,0.0,Under way using engine
2026-09-26T22:47:19Z,219000809,54.971933,11.514568,0.0,Under way using engine
2026-09-26T22:47:24Z,219002177,54.935968,11.371962,0.0,Under way using engine
2026-09-26T22:47:29Z,219000811,54.838732,11.491813,0.0,Under way using engine
2026-09-26T22:47:49Z,219000809,54.971925,11.514577,0.0,Under way using engine
2026-09-26T22:47:54Z,219002177,54.935947,11.371952,0.0,Under way using engine
2026-09-26T22:47:59Z,219000811,54.838732,11.491813,0.0,Under way using engine
2026-09-26T22:48:19Z,219000809,54.971920,11.514578,0.0,Under way using engine
2026-09-26T22:48:24Z,219002177,54.935952,11.371953,0.0,Under way using engine
2026-09-26T22:48:29Z,219000811,54.838730,11.491812,0.0,Under way using engine
2026-09-26T22:48:49Z,219000809,54.971902,11.514562,0.0,Under way using engine
2026-09-26T22:48:54Z,219002177,54.935945,11.371945,0.0,Under way using engine
2026-09-26T22:48:59Z,219000811,54.838728,11.491812,0.0,Under way using engine
2026-09-26T22:49:24Z,219002177,54.935950,11.371942,0.0,Under way using engine
2026-09-26T22:49:28Z,219000809,54.971898,11.514567,0.0,Under way using engine
2026-09-26T22:49:30Z,219000811,54.838727,11.491812,0.0,Under way using engine
2026-09-26T22:49:54Z,219002177,54.935995,11.371967,0.0,Under way using engine
2026-09-26T22:50:09Z,219000809,54.971900,11.514568,0.0,Under way using engine
2026-09-26T22:50:09Z,219000811,54.838727,11.491813,0.0,Under way using engine
2026-09-26T22:50:24Z,219002177,54.935997,11.371993,0.1,Under way using engine
2026-09-26T22:50:47Z,219000809,54.971898,11.514573,0.0,Under way using engine
2026-09-26T22:50:50Z,219000811,54.838725,11.491813,0.0,Under way using engine
2026-09-26T22:50:54Z,219002177,54.935985,11.371993,0.0,Under way using engine
2026-09-26T22:51:17Z,219000809,54.971905,11.514565,0.0,Under way using engine
2026-09-26T22:51:24Z,219002177,54.935985,11.371988,0.0,Under way using engine
2026-09-26T22:51:30Z,219000811,54.838723,11.491815,0.0,Under way using engine
2026-09-26T22:51:47Z,219000809,54.971902,11.514557,0.0,Under way using engine
2026-09-26T22:51:54Z,219002177,54.935975,11.371980,0.0,Under way using engine
2026-09-26T22:52:09Z,219000811,54.838720,11.491820,0.0,Under way using engine
2026-09-26T22:52:17Z,219000809,54.971905,11.514563,0.0,Under way using engine
2026-09-26T22:52:24Z,219002177,54.935958,11.371975,0.0,Under way using engine
2026-09-26T22:52:47Z,219000809,54.971922,11.514567,0.0,Under way using engine
2026-09-26T22:52:50Z,219000811,54.838720,11.491820,0.0,Under way using engine
2026-09-26T22:52:54Z,219002177,54.935968,11.371992,0.0,Under way using engine
2026-09-26T22:53:17Z,219000809,54.971918,11.514580,0.0,Under way using engine
2026-09-26T22:53:20Z,219000811,54.838722,11.491820,0.0,Under way using engine
2026-09-26T22:53:24Z,219002177,54.935972,11.371990,0.0,Under way using engine
2026-09-26T22:53:47Z,219000809,54.971930,11.514577,0.0,Under way using engine
2026-09-26T22:53:54Z,219002177,54.935972,11.371978,0.0,Under way using engine
2026-09-26T22:53:59Z,219000811,54.838722,11.491818,0.0,Under way using engine
2026-09-26T22:54:17Z,219000809,54.971943,11.514585,0.0,Under way using engine
2026-09-26T22:54:24Z,219002177,54.935982,11.371988,0.0,Under way using engine
2026-09-26T22:54:30Z,219000811,54.838725,11.491820,0.0,Under way using engine
2026-09-26T22:54:47Z,219000809,54.971943,11.514605,0.0,Under way using engine
2026-09-26T22:54:54Z,219002177,54.935987,11.371988,0.0,Under way using engine
2026-09-26T22:55:09Z,219000811,54.838730,11.491818,0.0,Under way using engine
2026-09-26T22:55:17Z,219000809,54.971948,11.514613,0.0,Under way using engine
2026-09-26T22:55:24Z,219002177,54.935987,11.371988,0.0,Under way using engine
2026-09-26T22:55:47Z,219000809,54.971940,11.514617,0.0,Under way using engine
2026-09-26T22:55:49Z,219000811,54.838732,11.491817,0.0,Under way using engine
2026-09-26T22:55:54Z,219002177,54.935987,11.371985,0.0,Under way using engine
2026-09-26T22:56:17Z,219000809,54.971935,11.514602,0.0,Under way using engine
2026-09-26T22:56:20Z,219000811,54.838732,11.491815,0.0,Under way using engine
2026-09-26T22:56:24Z,219002177,54.935992,11.371975,0.0,Under way using engine
2026-09-26T22:56:49Z,219000809,54.971915,11.514607,0.0,Under way using engine
2026-09-26T22:56:54Z,219002177,54.935962,11.371987,0.0,Under way using engine
2026-09-26T22:56:59Z,219000811,54.838732,11.491812,0.0,Under way using engine
2026-09-26T22:57:24Z,219002177,54.935973,11.371962,0.0,Under way using engine
2026-09-26T22:57:29Z,219000809,54.971913,11.514622,0.0,Under way using engine
2026-09-26T22:57:30Z,219000811,54.838733,11.491810,0.0,Under way using engine
2026-09-26T22:57:54Z,219002177,54.935968,11.371965,0.0,Under way using engine
2026-09-26T22:58:08Z,219000809,54.971923,11.514627,0.0,Under way using engine
2026-09-26T22:58:08Z,219000811,54.838732,11.491810,0.0,Under way using engine
2026-09-26T22:58:24Z,219002177,54.935960,11.371973,0.0,Under way using engine
2026-09-26T22:58:39Z,219000811,54.838730,11.491808,0.0,Under way using engine
2026-09-26T22:58:49Z,219000809,54.971925,11.514612,0.0,Under way using engine
2026-09-26T22:58:54Z,219002177,54.935960,11.371957,0.0,Under way using engine
2026-09-26T22:59:20Z,219000811,54.838728,11.491805,0.0,Under way using engine
2026-09-26T22:59:24Z,219002177,54.935947,11.371958,0.0,Under way using engine
2026-09-26T22:59:29Z,219000809,54.971912,11.514597,0.0,Under way using engine
2026-09-26T22:59:54Z,219002177,54.935960,11.371962,0.0,Under way using engine
2026-09-26T22:59:59Z,219000811,54.838730,11.491803,0.0,Under way using engine
2026-09-26T23:00:08Z,219000809,54.971905,11.514590,0.0,Under way using engine
2026-09-26T23:00:24Z,219002177,54.935960,11.371968,0.0,Under way using engine
2026-09-26T23:00:30Z,219000811,54.838730,11.491803,0.0,Under way using engine
2026-09-26T23:00:49Z,219000809,54.971923,11.514572,0.0,Under way using engine
2026-09-26T23:00:54Z,219002177,54.935955,11.371968,0.0,Under way using engine
2026-09-26T23:01:08Z,219000811,54.838728,11.491802,0.0,Under way using engine
2026-09-26T23:01:24Z,219002177,54.935972,11.371962,0.0,Under way using engine
2026-09-26T23:01:27Z,219000809,54.971925,11.514595,0.0,Under way using engine
2026-09-26T23:01:40Z,219000811,54.838728,11.491803,0.0,Under way using engine
2026-09-26T23:01:54Z,219002177,54.935968,11.371965,0.0,Under way using engine
2026-09-26T23:01:57Z,219000809,54.971918,11.514605,0.0,Under way using engine
2026-09-26T23:02:20Z,219000811,54.838728,11.491803,0.0,Under way using engine
2026-09-26T23:02:24Z,219002177,54.935970,11.371980,0.0,Under way using engine
2026-09-26T23:02:27Z,219000809,54.971913,11.514583,0.0,Under way using engine
2026-09-26T23:02:50Z,219000811,54.838730,11.491805,0.0,Under way using engine
2026-09-26T23:02:54Z,219002177,54.935975,11.371990,0.0,Under way using engine
2026-09-26T23:02:57Z,219000809,54.971910,11.514542,0.0,Under way using engine
2026-09-26T23:03:20Z,219000811,54.838733,11.491807,0.0,Under way using engine
2026-09-26T23:03:27Z,219000809,54.971918,11.514532,0.0,Under way using engine
2026-09-26T23:03:34Z,219002177,54.935985,11.372007,0.0,Under way using engine
2026-09-26T23:03:50Z,219000811,54.838733,11.491803,0.0,Under way using engine
2026-09-26T23:03:58Z,219000809,54.971922,11.514557,0.0,Under way using engine
2026-09-26T23:04:05Z,219002177,54.935975,11.371990,0.0,Under way using engine
2026-09-26T23:04:20Z,219000811,54.838733,11.491802,0.0,Under way using engine
2026-09-26T23:04:39Z,219000809,54.971905,11.514545,0.0,Under way using engine
2026-09-26T23:04:50Z,219000811,54.838733,11.491798,0.0,Under way using engine
2026-09-26T23:04:54Z,219002177,54.935990,11.371990,0.0,Under way using engine
2026-09-26T23:05:18Z,219000809,54.971895,11.514532,0.0,Under way using engine
2026-09-26T23:05:20Z,219000811,54.838732,11.491797,0.0,Under way using engine
2026-09-26T23:05:34Z,219002177,54.935972,11.372010,0.0,Under way using engine
2026-09-26T23:05:48Z,219000809,54.971905,11.514532,0.0,Under way using engine
2026-09-26T23:05:50Z,219000811,54.838732,11.491795,0.0,Under way using engine
2026-09-26T23:06:05Z,219002177,54.935987,11.371983,0.0,Under way using engine
2026-09-26T23:06:18Z,219000809,54.971915,11.514565,0.0,Under way using engine
2026-09-26T23:06:20Z,219000811,54.838728,11.491795,0.0,Under way using engine
2026-09-26T23:06:45Z,219002177,54.935995,11.371992,0.0,Under way using engine
2026-09-26T23:06:48Z,219000809,54.971913,11.514570,0.0,Under way using engine
2026-09-26T23:06:50Z,219000811,54.838727,11.491795,0.0,Under way using engine
2026-09-26T23:07:18Z,219000809,54.971905,11.514555,0.0,Under way using engine
2026-09-26T23:07:20Z,219000811,54.838725,11.491798,0.0,Under way using engine
2026-09-26T23:07:23Z,219002177,54.935997,11.371998,0.0,Under way using engine
2026-09-26T23:07:50Z,219000811,54.838723,11.491800,0.0,Under way using engine
2026-09-26T23:07:54Z,219002177,54.936010,11.372002,0.0,Under way using engine
2026-09-26T23:07:58Z,219000809,54.971918,11.514558,0.0,Under way using engine
2026-09-26T23:08:20Z,219000811,54.838725,11.491803,0.0,Under way using engine
2026-09-26T23:08:28Z,219000809,54.971917,11.514578,0.0,Under way using engine
2026-09-26T23:08:33Z,219002177,54.935993,11.371995,0.0,Under way using engine
2026-09-26T23:08:50Z,219000811,54.838723,11.491807,0.0,Under way using engine
2026-09-26T23:08:58Z,219000809,54.971920,11.514592,0.0,Under way using engine
2026-09-26T23:09:05Z,219002177,54.935995,11.372015,0.0,Under way using engine
2026-09-26T23:09:20Z,219000811,54.838723,11.491808,0.0,Under way using engine
2026-09-26T23:09:28Z,219000809,54.971925,11.514590,0.0,Under way using engine
2026-09-26T23:09:45Z,219002177,54.935983,11.372013,0.0,Under way using engine
2026-09-26T23:09:50Z,219000811,54.838720,11.491808,0.0,Under way using engine
2026-09-26T23:10:07Z,219000809,54.971917,11.514587,0.0,Under way using engine
2026-09-26T23:10:20Z,219000811,54.838720,11.491810,0.0,Under way using engine
2026-09-26T23:10:23Z,219002177,54.935988,11.372008,0.0,Under way using engine
2026-09-26T23:10:38Z,219000809,54.971923,11.514588,0.0,Under way using engine
2026-09-26T23:10:50Z,219000811,54.838720,11.491808,0.0,Under way using engine
2026-09-26T23:10:53Z,219002177,54.935957,11.372005,0.0,Under way using engine
2026-09-26T23:11:18Z,219000809,54.971910,11.514545,0.0,Under way using engine
2026-09-26T23:11:20Z,219000811,54.838722,11.491805,0.0,Under way using engine
2026-09-26T23:11:23Z,219002177,54.935958,11.372002,0.0,Under way using engine
2026-09-26T23:11:50Z,219000811,54.838723,11.491802,0.0,Under way using engine
2026-09-26T23:11:53Z,219002177,54.935983,11.372005,0.0,Under way using engine
2026-09-26T23:11:57Z,219000809,54.971923,11.514580,0.0,Under way using engine
2026-09-26T23:12:20Z,219000811,54.838723,11.491800,0.0,Under way using engine
2026-09-26T23:12:23Z,219002177,54.935975,11.372002,0.0,Under way using engine
2026-09-26T23:12:28Z,219000809,54.971930,11.514578,0.0,Under way using engine
2026-09-26T23:12:50Z,219000811,54.838725,11.491797,0.0,Under way using engine
2026-09-26T23:12:53Z,219002177,54.935975,11.372003,0.0,Under way using engine
2026-09-26T23:13:09Z,219000809,54.971923,11.514577,0.0,Under way using engine
2026-09-26T23:13:20Z,219000811,54.838727,11.491798,0.0,Under way using engine
2026-09-26T23:13:23Z,219002177,54.935977,11.372025,0.0,Under way using engine
2026-09-26T23:13:47Z,219000809,54.971935,11.514608,0.0,Under way using engine
2026-09-26T23:13:50Z,219000811,54.838730,11.491803,0.0,Under way using engine
2026-09-26T23:13:53Z,219002177,54.935982,11.372020,0.0,Under way using engine
2026-09-26T23:14:18Z,219000809,54.971932,11.514607,0.0,Under way using engine
2026-09-26T23:14:23Z,219002177,54.935993,11.372000,0.0,Under way using engine
2026-09-26T23:14:29Z,219000811,54.838730,11.491805,0.0,Under way using engine
2026-09-26T23:14:53Z,219002177,54.935988,11.372012,0.0,Under way using engine
2026-09-26T23:14:57Z,219000809,54.971927,11.514593,0.0,Under way using engine
2026-09-26T23:15:10Z,219000811,54.838728,11.491807,0.0,Under way using engine
2026-09-26T23:15:23Z,219002177,54.935992,11.371998,0.0,Under way using engine
2026-09-26T23:15:27Z,219000809,54.971923,11.514598,0.0,Under way using engine
2026-09-26T23:15:49Z,219000811,54.838727,11.491803,0.0,Under way using engine
2026-09-26T23:15:53Z,219002177,54.936013,11.372003,0.0,Under way using engine
2026-09-26T23:15:57Z,219000809,54.971918,11.514598,0.0,Under way using engine
2026-09-26T23:16:24Z,219002177,54.935988,11.372005,0.0,Under way using engine
2026-09-26T23:16:27Z,219000809,54.971897,11.514572,0.0,Under way using engine
2026-09-26T23:16:30Z,219000811,54.838727,11.491800,0.0,Under way using engine
2026-09-26T23:16:54Z,219002177,54.935997,11.372005,0.0,Under way using engine
2026-09-26T23:16:57Z,219000809,54.971903,11.514588,0.0,Under way using engine
2026-09-26T23:17:10Z,219000811,54.838727,11.491802,0.0,Under way using engine
2026-09-26T23:17:24Z,219002177,54.935982,11.371990,0.0,Under way using engine
2026-09-26T23:17:27Z,219000809,54.971910,11.514570,0.0,Under way using engine
2026-09-26T23:17:49Z,219000811,54.838727,11.491803,0.0,Under way using engine
2026-09-26T23:17:54Z,219002177,54.935968,11.371963,0.0,Under way using engine
2026-09-26T23:17:57Z,219000809,54.971918,11.514588,0.0,Under way using engine
2026-09-26T23:18:22Z,219000811,54.838730,11.491807,0.0,Under way using engine
2026-09-26T23:18:24Z,219002177,54.935960,11.371992,0.0,Under way using engine
2026-09-26T23:18:27Z,219000809,54.971927,11.514588,0.0,Under way using engine
2026-09-26T23:18:54Z,219002177,54.935965,11.372002,0.0,Under way using engine
2026-09-26T23:18:57Z,219000809,54.971940,11.514608,0.0,Under way using engine
2026-09-26T23:18:59Z,219000811,54.838728,11.491812,0.0,Under way using engine
2026-09-26T23:19:24Z,219002177,54.935967,11.371992,0.0,Under way using engine
2026-09-26T23:19:27Z,219000809,54.971943,11.514603,0.0,Under way using engine
2026-09-26T23:19:30Z,219000811,54.838728,11.491815,0.0,Under way using engine
2026-09-26T23:19:54Z,219002177,54.935972,11.372010,0.0,Under way using engine
2026-09-26T23:19:57Z,219000809,54.971937,11.514592,0.0,Under way using engine
2026-09-26T23:20:09Z,219000811,54.838728,11.491818,0.0,Under way using engine
2026-09-26T23:20:24Z,219002177,54.935968,11.372010,0.0,Under way using engine
2026-09-26T23:20:28Z,219000809,54.971933,11.514602,0.0,Under way using engine
2026-09-26T23:20:49Z,219000811,54.838732,11.491822,0.0,Under way using engine
2026-09-26T23:20:54Z,219002177,54.935978,11.372025,0.0,Under way using engine
2026-09-26T23:21:07Z,219000809,54.971910,11.514563,0.0,Under way using engine
2026-09-26T23:21:19Z,219000811,54.838730,11.491820,0.0,Under way using engine
2026-09-26T23:21:24Z,219002177,54.935982,11.372017,0.0,Under way using engine
2026-09-26T23:21:37Z,219000809,54.971908,11.514570,0.0,Under way using engine
2026-09-26T23:21:49Z,219000811,54.838728,11.491817,0.0,Under way using engine
2026-09-26T23:21:54Z,219002177,54.935967,11.371998,0.0,Under way using engine
2026-09-26T23:22:07Z,219000809,54.971918,11.514568,0.0,Under way using engine
2026-09-26T23:22:19Z,219000811,54.838727,11.491815,0.0,Under way using engine
2026-09-26T23:22:34Z,219002177,54.935967,11.372005,0.0,Under way using engine
2026-09-26T23:22:37Z,219000809,54.971923,11.514585,0.0,Under way using engine
2026-09-26T23:22:49Z,219000811,54.838727,11.491817,0.0,Under way using engine
2026-09-26T23:23:08Z,219000809,54.971920,11.514587,0.0,Under way using engine
2026-09-26T23:23:13Z,219002177,54.935982,11.372002,0.0,Under way using engine
2026-09-26T23:23:19Z,219000811,54.838727,11.491815,0.0,Under way using engine
2026-09-26T23:23:45Z,219002177,54.935970,11.371978,0.0,Under way using engine
2026-09-26T23:23:48Z,219000809,54.971925,11.514583,0.0,Under way using engine
2026-09-26T23:23:49Z,219000811,54.838725,11.491815,0.0,Under way using engine
2026-09-26T23:24:18Z,219000809,54.971925,11.514580,0.0,Under way using engine
2026-09-26T23:24:19Z,219000811,54.838725,11.491817,0.0,Under way using engine
2026-09-26T23:24:23Z,219002177,54.935967,11.372032,0.0,Under way using engine
2026-09-26T23:24:48Z,219000809,54.971922,11.514578,0.0,Under way using engine
2026-09-26T23:24:49Z,219000811,54.838725,11.491820,0.0,Under way using engine
2026-09-26T23:24:55Z,219002177,54.935960,11.372025,0.0,Under way using engine
2026-09-26T23:25:18Z,219000809,54.971922,11.514567,0.0,Under way using engine
2026-09-26T23:25:19Z,219000811,54.838725,11.491820,0.0,Under way using engine
2026-09-26T23:25:35Z,219002177,54.935960,11.371985,0.0,Under way using engine
2026-09-26T23:25:48Z,219000809,54.971908,11.514550,0.0,Under way using engine
2026-09-26T23:25:49Z,219000811,54.838725,11.491820,0.0,Under way using engine
2026-09-26T23:26:14Z,219002177,54.935948,11.372010,0.0,Under way using engine
2026-09-26T23:26:18Z,219000809,54.971908,11.514560,0.0,Under way using engine
2026-09-26T23:26:29Z,219000811,54.838725,11.491820,0.0,Under way using engine
2026-09-26T23:26:45Z,219002177,54.935955,11.372018,0.0,Under way using engine
2026-09-26T23:26:48Z,219000809,54.971922,11.514580,0.0,Under way using engine
2026-09-26T23:26:59Z,219000811,54.838723,11.491815,0.0,Under way using engine
2026-09-26T23:27:18Z,219000809,54.971922,11.514582,0.0,Under way using engine
2026-09-26T23:27:24Z,219002177,54.935962,11.372012,0.0,Under way using engine
2026-09-26T23:27:29Z,219000811,54.838723,11.491818,0.0,Under way using engine
2026-09-26T23:27:48Z,219000809,54.971915,11.514575,0.0,Under way using engine
2026-09-26T23:27:55Z,219002177,54.935967,11.371968,0.0,Under way using engine
2026-09-26T23:27:59Z,219000811,54.838725,11.491817,0.0,Under way using engine
2026-09-26T23:28:18Z,219000809,54.971917,11.514575,0.0,Under way using engine
2026-09-26T23:28:29Z,219000811,54.838725,11.491813,0.0,Under way using engine
2026-09-26T23:28:35Z,219002177,54.935962,11.372032,0.0,Under way using engine
2026-09-26T23:28:48Z,219000809,54.971900,11.514578,0.0,Under way using engine
2026-09-26T23:28:59Z,219000811,54.838725,11.491815,0.0,Under way using engine
2026-09-26T23:29:14Z,219002177,54.935967,11.372005,0.0,Under way using engine
2026-09-26T23:29:18Z,219000809,54.971902,11.514582,0.0,Under way using engine
2026-09-26T23:29:29Z,219000811,54.838727,11.491815,0.0,Under way using engine
2026-09-26T23:29:45Z,219002177,54.935967,11.372027,0.0,Under way using engine
2026-09-26T23:29:48Z,219000809,54.971915,11.514568,0.0,Under way using engine
2026-09-26T23:29:59Z,219000811,54.838727,11.491812,0.0,Under way using engine
2026-09-26T23:30:18Z,219000809,54.971917,11.514550,0.0,Under way using engine
2026-09-26T23:30:24Z,219002177,54.935948,11.371997,0.0,Under way using engine
2026-09-26T23:30:29Z,219000811,54.838727,11.491808,0.0,Under way using engine
2026-09-26T23:30:54Z,219002177,54.935957,11.372000,0.0,Under way using engine
2026-09-26T23:30:59Z,219000809,54.971903,11.514563,0.0,Under way using engine
2026-09-26T23:30:59Z,219000811,54.838725,11.491805,0.0,Under way using engine
2026-09-26T23:31:24Z,219002177,54.935955,11.372007,0.0,Under way using engine
2026-09-26T23:31:29Z,219000811,54.838725,11.491802,0.0,Under way using engine
2026-09-26T23:31:38Z,219000809,54.971907,11.514563,0.0,Under way using engine
2026-09-26T23:31:54Z,219002177,54.935963,11.372002,0.0,Under way using engine
2026-09-26T23:31:59Z,219000811,54.838723,11.491800,0.0,Under way using engine
2026-09-26T23:32:08Z,219000809,54.971907,11.514568,0.0,Under way using engine
2026-09-26T23:32:24Z,219002177,54.935973,11.371988,0.0,Under way using engine
2026-09-26T23:32:30Z,219000811,54.838723,11.491800,0.0,Under way using engine
2026-09-26T23:32:38Z,219000809,54.971912,11.514550,0.0,Under way using engine
2026-09-26T23:32:54Z,219002177,54.935953,11.372030,0.0,Under way using engine
2026-09-26T23:33:08Z,219000809,54.971908,11.514570,0.0,Under way using engine
2026-09-26T23:33:10Z,219000811,54.838725,11.491800,0.0,Under way using engine
2026-09-26T23:33:24Z,219002177,54.935963,11.372035,0.0,Under way using engine
2026-09-26T23:33:38Z,219000809,54.971913,11.514555,0.0,Under way using engine
2026-09-26T23:33:40Z,219000811,54.838723,11.491800,0.0,Under way using engine
2026-09-26T23:33:54Z,219002177,54.935965,11.372002,0.0,Under way using engine
2026-09-26T23:34:08Z,219000809,54.971908,11.514575,0.0,Under way using engine
2026-09-26T23:34:20Z,219000811,54.838725,11.491805,0.0,Under way using engine
2026-09-26T23:34:34Z,219002177,54.935977,11.372010,0.0,Under way using engine
2026-09-26T23:34:38Z,219000809,54.971917,11.514542,0.0,Under way using engine
2026-09-26T23:34:59Z,219000811,54.838727,11.491807,0.0,Under way using engine
2026-09-26T23:35:05Z,219002177,54.935962,11.372000,0.0,Under way using engine
2026-09-26T23:35:08Z,219000809,54.971912,11.514560,0.0,Under way using engine
2026-09-26T23:35:30Z,219000811,54.838727,11.491808,0.0,Under way using engine
2026-09-26T23:35:38Z,219000809,54.971920,11.514532,0.0,Under way using engine
2026-09-26T23:35:44Z,219002177,54.935963,11.371987,0.0,Under way using engine
2026-09-26T23:36:08Z,219000809,54.971918,11.514567,0.0,Under way using engine
2026-09-26T23:36:09Z,219000811,54.838728,11.491812,0.0,Under way using engine
2026-09-26T23:36:23Z,219002177,54.935963,11.372000,0.0,Under way using engine
2026-09-26T23:36:39Z,219000811,54.838728,11.491812,0.0,Under way using engine
2026-09-26T23:36:48Z,219000809,54.971917,11.514565,0.0,Under way using engine
2026-09-26T23:36:54Z,219002177,54.935967,11.371992,0.0,Under way using engine
2026-09-26T23:37:09Z,219000811,54.838727,11.491810,0.0,Under way using engine
2026-09-26T23:37:18Z,219000809,54.971915,11.514553,0.0,Under way using engine
2026-09-26T23:37:34Z,219002177,54.935960,11.371985,0.0,Under way using engine
2026-09-26T23:37:39Z,219000811,54.838725,11.491813,0.0,Under way using engine
2026-09-26T23:37:48Z,219000809,54.971920,11.514540,0.0,Under way using engine
2026-09-26T23:38:05Z,219002177,54.935947,11.371993,0.0,Under way using engine
2026-09-26T23:38:09Z,219000811,54.838722,11.491817,0.0,Under way using engine
2026-09-26T23:38:18Z,219000809,54.971923,11.514552,0.0,Under way using engine
2026-09-26T23:38:48Z,219000809,54.971925,11.514552,0.0,Under way using engine
2026-09-26T23:38:50Z,219000811,54.838718,11.491817,0.0,Under way using engine
2026-09-26T23:38:54Z,219002177,54.935958,11.372007,0.0,Under way using engine
2026-09-26T23:39:18Z,219000809,54.971918,11.514577,0.0,Under way using engine
2026-09-26T23:39:24Z,219002177,54.935970,11.371997,0.0,Under way using engine
2026-09-26T23:39:30Z,219000811,54.838717,11.491817,0.0,Under way using engine
2026-09-26T23:39:48Z,219000809,54.971913,11.514582,0.0,Under way using engine
2026-09-26T23:39:54Z,219002177,54.935972,11.371985,0.0,Under way using engine
2026-09-26T23:40:09Z,219000811,54.838717,11.491818,0.0,Under way using engine
2026-09-26T23:40:18Z,219000809,54.971908,11.514552,0.0,Under way using engine
2026-09-26T23:40:34Z,219002177,54.935980,11.372012,0.0,Under way using engine
2026-09-26T23:40:48Z,219000809,54.971905,11.514532,0.0,Under way using engine
2026-09-26T23:40:59Z,219000811,54.838718,11.491820,0.0,Under way using engine
2026-09-26T23:41:04Z,219002177,54.935972,11.372025,0.0,Under way using engine
2026-09-26T23:41:18Z,219000809,54.971913,11.514532,0.0,Under way using engine
2026-09-26T23:41:29Z,219000811,54.838718,11.491820,0.0,Under way using engine
2026-09-26T23:41:34Z,219002177,54.935967,11.372010,0.0,Under way using engine
2026-09-26T23:41:48Z,219000809,54.971917,11.514538,0.0,Under way using engine
2026-09-26T23:41:59Z,219000811,54.838718,11.491820,0.0,Under way using engine
2026-09-26T23:42:04Z,219002177,54.935975,11.372033,0.0,Under way using engine
2026-09-26T23:42:18Z,219000809,54.971915,11.514553,0.0,Under way using engine
2026-09-26T23:42:29Z,219000811,54.838718,11.491820,0.0,Under way using engine
2026-09-26T23:42:34Z,219002177,54.935985,11.372025,0.0,Under way using engine
2026-09-26T23:42:58Z,219000809,54.971908,11.514552,0.0,Under way using engine
2026-09-26T23:42:59Z,219000811,54.838717,11.491822,0.0,Under way using engine
2026-09-26T23:43:04Z,219002177,54.935975,11.371988,0.0,Under way using engine
2026-09-26T23:43:29Z,219000811,54.838715,11.491822,0.0,Under way using engine
2026-09-26T23:43:34Z,219002177,54.935965,11.371980,0.0,Under way using engine
2026-09-26T23:43:38Z,219000809,54.971925,11.514567,0.0,Under way using engine
2026-09-26T23:43:59Z,219000811,54.838715,11.491822,0.0,Under way using engine
2026-09-26T23:44:04Z,219002177,54.935960,11.371983,0.0,Under way using engine
2026-09-26T23:44:14Z,219000809,54.971920,11.514563,0.0,Under way using engine
2026-09-26T23:44:29Z,219000811,54.838715,11.491822,0.0,Under way using engine
2026-09-26T23:44:34Z,219002177,54.935958,11.371977,0.0,Under way using engine
2026-09-26T23:44:47Z,219000809,54.971925,11.514553,0.0,Under way using engine
2026-09-26T23:44:59Z,219000811,54.838717,11.491820,0.0,Under way using engine
2026-09-26T23:45:04Z,219002177,54.935963,11.371982,0.0,Under way using engine
2026-09-26T23:45:18Z,219000809,54.971915,11.514545,0.0,Under way using engine
2026-09-26T23:45:29Z,219000811,54.838722,11.491817,0.0,Under way using engine
2026-09-26T23:45:35Z,219002177,54.935977,11.371982,0.0,Under way using engine
2026-09-26T23:45:57Z,219000809,54.971915,11.514540,0.0,Under way using engine
2026-09-26T23:45:59Z,219000811,54.838722,11.491810,0.0,Under way using engine
2026-09-26T23:46:14Z,219002177,54.935977,11.371985,0.0,Under way using engine
2026-09-26T23:46:28Z,219000809,54.971912,11.514552,0.0,Under way using engine
2026-09-26T23:46:30Z,219000811,54.838725,11.491808,0.0,Under way using engine
2026-09-26T23:46:45Z,219002177,54.935990,11.371995,0.0,Under way using engine
2026-09-26T23:47:07Z,219000809,54.971908,11.514552,0.0,Under way using engine
2026-09-26T23:47:08Z,219000811,54.838727,11.491807,0.0,Under way using engine
2026-09-26T23:47:23Z,219002177,54.935978,11.371965,0.0,Under way using engine
2026-09-26T23:47:38Z,219000809,54.971908,11.514538,0.0,Under way using engine
2026-09-26T23:47:39Z,219000811,54.838728,11.491805,0.0,Under way using engine
2026-09-26T23:47:54Z,219002177,54.935982,11.371970,0.0,Under way using engine
2026-09-26T23:48:19Z,219000809,54.971915,11.514543,0.0,Under way using engine
2026-09-26T23:48:20Z,219000811,54.838728,11.491807,0.0,Under way using engine
2026-09-26T23:48:35Z,219002177,54.935990,11.371972,0.0,Under way using engine
2026-09-26T23:48:57Z,219000809,54.971913,11.514537,0.0,Under way using engine
2026-09-26T23:48:59Z,219000811,54.838725,11.491808,0.0,Under way using engine
2026-09-26T23:49:14Z,219002177,54.935992,11.371992,0.0,Under way using engine
2026-09-26T23:49:28Z,219000809,54.971908,11.514530,0.0,Under way using engine
2026-09-26T23:49:30Z,219000811,54.838723,11.491808,0.0,Under way using engine
2026-09-26T23:49:53Z,219002177,54.935983,11.371993,0.0,Under way using engine
2026-09-26T23:50:08Z,219000809,54.971907,11.514548,0.0,Under way using engine
2026-09-26T23:50:08Z,219000811,54.838722,11.491808,0.0,Under way using engine
2026-09-26T23:50:23Z,219002177,54.935980,11.371975,0.0,Under way using engine
2026-09-26T23:50:38Z,219000809,54.971902,11.514547,0.0,Under way using engine
2026-09-26T23:50:39Z,219000811,54.838722,11.491810,0.0,Under way using engine
2026-09-26T23:50:53Z,219002177,54.935978,11.371968,0.0,Under way using engine
2026-09-26T23:51:08Z,219000809,54.971912,11.514550,0.0,Under way using engine
2026-09-26T23:51:19Z,219000811,54.838722,11.491810,0.0,Under way using engine
2026-09-26T23:51:23Z,219002177,54.935980,11.371967,0.0,Under way using engine
2026-09-26T23:51:38Z,219000809,54.971905,11.514552,0.0,Under way using engine
2026-09-26T23:51:50Z,219000811,54.838720,11.491808,0.0,Under way using engine
2026-09-26T23:51:53Z,219002177,54.935975,11.371962,0.0,Under way using engine
2026-09-26T23:52:08Z,219000809,54.971915,11.514552,0.0,Under way using engine
2026-09-26T23:52:23Z,219002177,54.935978,11.371998,0.0,Under way using engine
2026-09-26T23:52:29Z,219000811,54.838718,11.491807,0.0,Under way using engine
2026-09-26T23:52:38Z,219000809,54.971920,11.514545,0.0,Under way using engine
2026-09-26T23:52:53Z,219002177,54.935977,11.371983,0.0,Under way using engine
2026-09-26T23:52:59Z,219000811,54.838717,11.491803,0.0,Under way using engine
2026-09-26T23:53:08Z,219000809,54.971917,11.514558,0.0,Under way using engine
2026-09-26T23:53:24Z,219002177,54.935965,11.371953,0.0,Under way using engine
2026-09-26T23:53:29Z,219000811,54.838717,11.491800,0.0,Under way using engine
2026-09-26T23:53:38Z,219000809,54.971912,11.514557,0.1,Under way using engine
2026-09-26T23:53:59Z,219000811,54.838717,11.491802,0.0,Under way using engine
2026-09-26T23:54:05Z,219002177,54.935977,11.371972,0.0,Under way using engine
2026-09-26T23:54:08Z,219000809,54.971922,11.514555,0.1,Under way using engine
2026-09-26T23:54:29Z,219000811,54.838717,11.491805,0.0,Under way using engine
2026-09-26T23:54:35Z,219002177,54.935972,11.371985,0.0,Under way using engine
2026-09-26T23:54:38Z,219000809,54.971923,11.514558,0.0,Under way using engine
2026-09-26T23:54:59Z,219000811,54.838717,11.491805,0.0,Under way using engine
2026-09-26T23:55:05Z,219002177,54.935970,11.371972,0.0,Under way using engine
2026-09-26T23:55:08Z,219000809,54.971917,11.514540,0.0,Under way using engine
2026-09-26T23:55:30Z,219000811,54.838718,11.491807,0.0,Under way using engine
2026-09-26T23:55:35Z,219002177,54.935977,11.371965,0.0,Under way using engine
2026-09-26T23:55:38Z,219000809,54.971913,11.514545,0.0,Under way using engine
2026-09-26T23:56:05Z,219002177,54.935973,11.371963,0.0,Under way using engine
2026-09-26T23:56:08Z,219000809,54.971915,11.514552,0.0,Under way using engine
2026-09-26T23:56:10Z,219000811,54.838718,11.491810,0.0,Under way using engine
2026-09-26T23:56:35Z,219002177,54.935978,11.371962,0.0,Under way using engine
2026-09-26T23:56:38Z,219000809,54.971922,11.514560,0.0,Under way using engine
2026-09-26T23:56:40Z,219000811,54.838720,11.491810,0.0,Under way using engine
2026-09-26T23:57:05Z,219002177,54.935980,11.371988,0.0,Under way using engine
2026-09-26T23:57:09Z,219000809,54.971905,11.514560,0.1,Under way using engine
2026-09-26T23:57:10Z,219000811,54.838722,11.491810,0.0,Under way using engine
2026-09-26T23:57:35Z,219002177,54.935980,11.371982,0.0,Under way using engine
2026-09-26T23:57:40Z,219000811,54.838723,11.491810,0.0,Under way using engine
2026-09-26T23:57:48Z,219000809,54.971905,11.514555,0.0,Under way using engine
2026-09-26T23:58:05Z,219002177,54.935980,11.371958,0.0,Under way using engine
2026-09-26T23:58:20Z,219000811,54.838725,11.491810,0.0,Under way using engine
2026-09-26T23:58:27Z,219000809,54.971912,11.514543,0.0,Under way using engine
2026-09-26T23:58:35Z,219002177,54.935982,11.371953,0.0,Under way using engine
2026-09-26T23:58:50Z,219000811,54.838723,11.491812,0.0,Under way using engine
2026-09-26T23:58:57Z,219000809,54.971913,11.514538,0.0,Under way using engine
2026-09-26T23:59:05Z,219002177,54.935985,11.371957,0.0,Under way using engine
2026-09-26T23:59:20Z,219000811,54.838722,11.491810,0.0,Under way using engine
2026-09-26T23:59:35Z,219002177,54.935990,11.371945,0.0,Under way using engine
2026-09-26T23:59:38Z,219000809,54.971917,11.514535,0.0,Under way using engine
